true_arrival_time,network,station,phase,channel
2025-01-01 09:22:02.651570,HE,HEF,P,BHZ
2025-01-01 09:22:07.766970,FN,KLF,P,BHZ
2025-01-01 09:22:09.394590,HE,HEF,S,BHZ
2025-01-01 09:22:17.997750,FN,KLF,S,BHZ
2025-01-01 09:22:17.997750,FN,SGF,P,BHZ
2025-01-01 09:22:23.810700,FN,RNF,P,BHZ
2025-01-01 09:22:36.134150,FN,SGF,S,BHZ
2025-01-01 09:22:45.899900,FN,RNF,S,BHZ
2025-01-02 04:42:13.358870,FN,KLF,P,BHZ
2025-01-02 04:42:15.937140,FN,KLF,S,BHZ
2025-01-02 04:42:25.751990,FN,RNF,P,BHZ
2025-01-02 04:42:27.459210,HE,TOF,P,BHZ
2025-01-02 04:42:27.981090,FN,SGF,P,BHZ
2025-01-02 04:42:33.786080,HE,HEF,P,BHZ
2025-01-02 04:42:35.880380,FN,RANF,P,?HZ
2025-01-02 04:42:37.124360,FN,RNF,S,BHZ
2025-01-02 04:42:40.440810,HE,TOF,S,BHZ
2025-01-02 04:42:41.093150,FN,SGF,S,BHZ
2025-01-02 04:42:51.507080,HE,HEF,S,BHZ
2025-01-02 04:42:55.776230,FN,RANF,S,?HZ
2025-01-05 04:54:59.756830,HE,OBF8,P,BHZ
2025-01-05 04:55:05.540430,HE,OBF0,P,BHZ
2025-01-05 04:55:08.662550,HE,VAF,P,BHZ
2025-01-05 04:55:08.867640,HE,OUF,P,BHZ
2025-01-05 04:55:09.202760,HE,OBF3,P,BHZ
2025-01-05 04:55:13.299340,HE,ALAJF,P,?HZ
2025-01-05 04:55:14.177560,HE,OBF8,S,BHZ
2025-01-05 04:55:24.605580,HE,OBF0,S,BHZ
2025-01-05 04:55:29.562850,HE,VAF,S,BHZ
2025-01-05 04:55:30.734050,HE,OBF3,S,BHZ
2025-01-05 04:55:31.175280,HE,OUF,S,BHZ
2025-01-05 04:55:37.805340,HE,ALAJF,S,?HZ
2025-01-05 04:55:44.682040,HE,TOF,S,BHZ
2025-01-05 16:19:50.469450,FN,KLF,P,BHZ
2025-01-05 16:19:52.016810,HE,HEF,P,BHZ
2025-01-05 16:19:59.978880,FN,KLF,S,BHZ
2025-01-05 16:20:02.569680,HE,HEF,S,BHZ
2025-01-05 16:20:07.781330,FN,RNF,P,BHZ
2025-01-05 16:20:25.159430,FN,SGF,S,BHZ
2025-01-05 16:20:30.840280,FN,RNF,S,BHZ
2025-01-05 16:20:32.265490,HE,TOF,S,BHZ
2025-01-06 06:03:42.980000,HE,VAF,P,BHZ
2025-01-06 06:04:02.790000,HE,OBF0,S,BHZ
2025-01-06 06:04:03.640000,HE,VAF,S,BHZ
2025-01-06 06:04:09.230000,HE,OUF,S,BHZ
2025-01-06 12:26:58.610000,HE,VAF,P,BHZ
2025-01-06 12:27:07.890000,HE,OBF8,S,BHZ
2025-01-06 12:27:17.640000,HE,OBF0,S,BHZ
2025-01-06 12:27:18.570000,HE,VAF,S,BHZ
2025-01-06 19:01:51.060000,HE,TOF,P,BHZ
2025-01-06 19:02:01.860000,HE,TOF,S,BHZ
2025-01-06 19:02:06.730000,HE,OBF3,S,BHZ
2025-01-06 19:02:10.210000,HE,OBF0,S,BHZ
2025-01-06 19:02:15.550000,FN,OUL,S,BHZ
2025-01-06 19:02:16.940000,HE,OUF,S,BHZ
2025-01-06 19:02:26.690000,FN,RANF,S,?HZ
2025-01-06 19:02:26.920000,FN,RNF,S,BHZ
2025-01-06 19:02:29.940000,FN,KLF,S,BHZ
2025-01-07 04:14:19.439740,HE,OUF,P,BHZ
2025-01-07 04:14:21.617350,HE,OUF,S,BHZ
2025-01-07 04:14:21.867510,HE,OBF0,P,BHZ
2025-01-07 04:14:25.278110,HE,OBF3,P,BHZ
2025-01-07 04:14:25.787680,HE,OBF0,S,BHZ
2025-01-07 04:14:26.656300,HE,OBF8,P,BHZ
2025-01-07 04:14:31.822340,HE,OBF3,S,BHZ
2025-01-07 04:14:32.543550,FN,OUL,P,BHZ
2025-01-07 04:14:34.006540,HE,OBF8,S,BHZ
2025-01-07 04:14:38.872210,HE,ALAJF,P,?HZ
2025-01-07 04:14:44.030860,FN,OUL,S,BHZ
2025-01-07 04:14:44.441190,HE,VAF,P,BHZ
2025-01-07 04:14:46.609540,HE,TOF,P,BHZ
2025-01-07 04:14:47.241090,HE,SUF,P,BHZ
2025-01-07 04:14:54.622700,HE,ALAJF,S,?HZ
2025-01-07 04:15:04.903010,HE,VAF,S,BHZ
2025-01-07 04:15:06.876000,HE,NIF,S,BHZ
2025-01-07 04:15:08.753810,HE,TOF,S,BHZ
2025-01-07 04:15:09.264360,HE,SUF,S,BHZ
2025-01-07 04:15:12.852160,FN,RANF,S,?HZ
2025-01-08 10:50:21.739240,HE,VAF,P,BHZ
2025-01-08 10:50:38.735130,HE,OBF0,S,BHZ
2025-01-08 10:50:43.298970,HE,VAF,S,BHZ
2025-01-08 10:50:44.982300,HE,OUF,S,BHZ
2025-01-08 10:50:51.233030,HE,ALAJF,S,?HZ
2025-01-08 10:50:57.901630,HE,TOF,S,BHZ
2025-01-08 18:35:24.766860,FN,KLF,P,BHZ
2025-01-08 18:35:45.798790,FN,KLF,S,BHZ
2025-01-08 18:35:49.771490,HE,KIF,S,BHZ
2025-01-08 18:35:51.874680,HE,HEF,S,BHZ
2025-01-09 03:40:18.967110,HE,OBF8,P,BHZ
2025-01-09 03:40:24.845980,HE,OBF0,P,BHZ
2025-01-09 03:40:24.845980,HE,VAF,P,BHZ
2025-01-09 03:40:28.276900,HE,OUF,P,BHZ
2025-01-09 03:40:29.126530,HE,OBF3,P,BHZ
2025-01-09 03:40:33.501850,HE,OBF8,S,BHZ
2025-01-09 03:40:43.894450,HE,OBF0,S,BHZ
2025-01-09 03:40:44.001460,HE,VAF,S,BHZ
2025-01-09 03:40:49.913980,HE,OUF,S,BHZ
2025-01-09 03:40:51.492430,HE,OBF3,S,BHZ
2025-01-09 03:40:53.632710,HE,ALAJF,S,?HZ
2025-01-10 12:43:54.902780,HE,TOF,P,BHZ
2025-01-10 12:43:56.763880,FN,KLF,P,BHZ
2025-01-10 12:44:05.923820,FN,RNF,P,BHZ
2025-01-10 12:44:07.701230,HE,TOF,S,BHZ
2025-01-10 12:44:10.862210,FN,KLF,S,BHZ
2025-01-10 12:44:12.219970,FN,SGF,P,BHZ
2025-01-10 12:44:12.281130,FN,RANF,P,?HZ
2025-01-10 12:44:12.906200,HE,HEF,P,BHZ
2025-01-10 12:44:26.175320,FN,RNF,S,BHZ
2025-01-10 12:44:36.472240,FN,RANF,S,?HZ
2025-01-10 12:44:37.638710,HE,OBF3,S,BHZ
2025-01-10 12:44:39.333130,FN,SGF,S,BHZ
2025-01-10 12:44:39.972130,FN,OUL,S,BHZ
2025-01-10 12:44:40.541110,HE,HEF,S,BHZ
2025-01-12 09:42:32.059470,HE,TOF,P,BHZ
2025-01-12 09:42:38.050460,HE,TOF,S,BHZ
2025-01-12 09:42:44.286450,HE,OBF3,P,BHZ
2025-01-12 09:42:46.442480,FN,OUL,P,BHZ
2025-01-12 09:42:48.307600,FN,RNF,P,BHZ
2025-01-12 09:42:48.447420,HE,OBF0,P,BHZ
2025-01-12 09:42:48.886340,FN,KLF,P,BHZ
2025-01-12 09:42:49.015770,FN,RANF,P,?HZ
2025-01-12 09:42:49.672870,HE,OBF8,P,BHZ
2025-01-12 09:42:51.330600,HE,OUF,P,BHZ
2025-01-12 09:42:59.051100,FN,SGF,P,BHZ
2025-01-12 09:42:59.372300,HE,OBF3,S,BHZ
2025-01-12 09:43:03.479050,FN,OUL,S,BHZ
2025-01-12 09:43:04.487070,FN,RNF,S,BHZ
2025-01-12 09:43:06.010240,HE,OBF0,S,BHZ
2025-01-12 09:43:07.408200,FN,KLF,S,BHZ
2025-01-12 09:43:07.554550,FN,RANF,S,?HZ
2025-01-12 09:43:09.538240,HE,OBF8,S,BHZ
2025-01-12 09:43:11.710840,HE,OUF,S,BHZ
2025-01-12 09:43:26.418840,FN,SGF,S,BHZ
2025-01-12 17:26:45.018480,HE,TOF,P,BHZ
2025-01-12 17:26:51.205160,HE,OBF3,P,BHZ
2025-01-12 17:26:54.608820,HE,TOF,S,BHZ
2025-01-12 17:26:56.255220,FN,OUL,P,BHZ
2025-01-12 17:26:57.532430,HE,OUF,P,BHZ
2025-01-12 17:27:00.324140,FN,RNF,P,BHZ
2025-01-12 17:27:01.105080,FN,RANF,P,?HZ
2025-01-12 17:27:01.208400,FN,KLF,P,BHZ
2025-01-12 17:27:05.834490,HE,OBF3,S,BHZ
2025-01-12 17:27:10.461600,HE,OBF0,S,BHZ
2025-01-12 17:27:13.871820,FN,OUL,S,BHZ
2025-01-12 17:27:17.069290,HE,OUF,S,BHZ
2025-01-12 17:27:20.868420,FN,RNF,S,BHZ
2025-01-12 17:27:22.193880,FN,RANF,S,?HZ
2025-01-12 17:27:22.910220,FN,KLF,S,BHZ
2025-01-12 20:07:47.672140,HE,KPF,P,BHZ
2025-01-12 20:09:14.374150,HE,KPF,S,BHZ
2025-01-13 03:41:30.109480,UP,AAL,P,BHZ
2025-01-13 03:41:34.585510,HE,RAF,P,BHZ
2025-01-13 03:41:58.069180,UP,AAL,S,BHZ
2025-01-13 03:42:08.516310,HE,RAF,S,BHZ
2025-01-13 03:42:10.311520,HE,KPF,S,BHZ
2025-01-14 15:08:31.370000,FN,MSF,P,BHZ
2025-01-14 15:08:33.790000,FN,MSF,S,BHZ
2025-01-14 15:08:35.530000,FN,OLKF,P,BHZ
2025-01-14 15:08:35.670000,HE,KU6,P,BHZ
2025-01-14 15:08:40.870000,FN,OLKF,S,BHZ
2025-01-14 15:08:41.150000,HE,KU6,S,BHZ
2025-01-14 15:08:43.460000,FN,RANF,P,?HZ
2025-01-14 15:08:54.730000,FN,RANF,S,?HZ
2025-01-14 15:09:08.270000,FN,RNF,S,BHZ
2025-01-14 15:09:14.180000,FN,OUL,S,BHZ
2025-01-14 15:09:19.400000,FN,SGF,S,BHZ
2025-01-14 15:09:20.470000,HE,VRF,S,BHZ
2025-01-14 15:09:21.449250,HE,RMF,S,BHZ
2025-01-15 01:28:04.746420,HE,KIF,P,BHZ
2025-01-15 01:28:20.498180,HE,HEF,P,BHZ
2025-01-15 01:28:25.833090,HE,KIF,S,BHZ
2025-01-15 01:28:53.530970,HE,HEF,S,BHZ
2025-01-15 07:58:16.870640,HE,KIF,P,BHZ
2025-01-15 07:58:26.432910,HE,HEF,P,BHZ
2025-01-15 07:58:29.655960,HE,KIF,S,BHZ
2025-01-15 07:58:31.530900,FN,KLF,P,BHZ
2025-01-15 07:58:42.708040,FN,SGF,P,BHZ
2025-01-15 07:58:45.884330,HE,HEF,S,BHZ
2025-01-15 07:58:55.876230,FN,KLF,S,BHZ
2025-01-15 07:59:15.490800,FN,SGF,S,BHZ
2025-01-15 09:03:28.685660,HE,VJF,P,?HZ
2025-01-15 09:03:31.293870,HE,VJF,S,?HZ
2025-01-15 09:03:44.068710,HE,VUOS,P,BHZ
2025-01-15 09:03:44.541900,HE,FIA1,P,?HZ
2025-01-15 09:03:44.541900,HE,FIA0,P,?HZ
2025-01-15 09:03:45.758680,HE,KUNI,P,BHZ
2025-01-15 09:03:46.471590,HE,HEL1,P,BHZ
2025-01-15 09:03:46.979570,HE,LAUT,P,BHZ
2025-01-15 09:03:47.825270,HE,RUF,P,BHZ
2025-01-15 09:03:50.465020,HE,MEF,P,BHZ
2025-01-15 09:03:55.057760,HE,KAF,P,?HZ
2025-01-15 09:03:57.926450,HE,VUOS,S,BHZ
2025-01-15 09:03:59.075620,HE,FIA1,S,?HZ
2025-01-15 09:03:59.075620,HE,FIA0,S,?HZ
2025-01-15 09:04:00.352760,HE,KEF,P,?HZ
2025-01-15 09:04:00.562790,HE,KUNI,S,BHZ
2025-01-15 09:04:01.125880,HE,TVF,P,BHZ
2025-01-15 09:04:01.883810,HE,HEL1,S,BHZ
2025-01-15 09:04:02.251060,HE,LAUT,S,BHZ
2025-01-15 09:04:03.726870,HE,NUR,S,SHZ
2025-01-15 09:04:04.107470,HE,SUF,P,BHZ
2025-01-15 09:04:04.352580,HE,HEL5,S,BHZ
2025-01-15 09:04:04.461930,HE,RUF,S,BHZ
2025-01-15 09:04:08.835970,HE,MEF,S,BHZ
2025-01-15 09:04:16.767740,HE,KAF,S,?HZ
2025-01-15 09:04:27.320380,HE,KEF,S,?HZ
2025-01-15 09:04:28.293320,HE,TVF,S,BHZ
2025-01-15 09:04:34.274100,HE,SUF,S,BHZ
2025-01-15 10:54:37.573410,FN,KLF,P,BHZ
2025-01-15 10:54:38.430610,HE,TOF,P,BHZ
2025-01-15 10:54:46.080480,FN,RNF,P,BHZ
2025-01-15 10:54:46.739170,FN,KLF,S,BHZ
2025-01-15 10:54:48.120600,HE,TOF,S,BHZ
2025-01-15 10:54:52.617260,FN,SGF,P,BHZ
2025-01-15 10:54:53.438980,FN,RANF,P,?HZ
2025-01-15 10:54:56.082320,HE,HEF,P,BHZ
2025-01-15 10:54:58.027560,FN,OUL,P,BHZ
2025-01-15 10:54:58.338800,HE,OBF3,P,BHZ
2025-01-15 10:55:01.355850,FN,RNF,S,BHZ
2025-01-15 10:55:02.540520,HE,OBF0,P,BHZ
2025-01-15 10:55:13.476370,FN,SGF,S,BHZ
2025-01-15 10:55:14.523210,FN,RANF,S,?HZ
2025-01-15 10:55:19.113980,HE,HEF,S,BHZ
2025-01-15 10:55:22.304180,FN,OUL,S,BHZ
2025-01-15 10:55:23.004470,HE,OBF3,S,BHZ
2025-01-15 10:55:30.474190,HE,OBF0,S,BHZ
2025-01-15 10:55:35.920870,HE,OUF,S,BHZ
2025-01-15 10:55:36.932400,FN,MSF,S,BHZ
2025-01-17 18:11:39.950400,FN,RAJF,P,?HZ
2025-01-17 18:11:44.653950,FN,RAJF,S,?HZ
2025-01-17 18:11:44.735810,HE,VRF,P,BHZ
2025-01-17 18:11:48.886440,FN,SGF,P,BHZ
2025-01-17 18:11:53.106430,HE,VRF,S,BHZ
2025-01-17 18:11:53.310080,FN,KMNF,P,?HZ
2025-01-17 18:12:00.112550,FN,SGF,S,BHZ
2025-01-17 18:12:02.717710,FN,RNF,P,BHZ
2025-01-17 18:12:03.307580,HE,KEV,P,?HZ
2025-01-17 18:12:07.729390,FN,KMNF,S,?HZ
2025-01-17 18:12:24.906890,HE,HEF,S,BHZ
2025-01-17 18:12:25.022290,HE,KEV,S,?HZ
2025-01-17 18:12:25.253090,FN,RNF,S,BHZ
2025-01-17 18:12:28.355140,FN,KLF,S,BHZ
2025-01-17 18:12:37.578530,FN,RANF,S,?HZ
2025-01-17 21:39:07.215720,HE,KIF,P,BHZ
2025-01-17 21:39:16.904350,HE,HEF,P,BHZ
2025-01-17 21:39:20.074470,HE,KIF,S,BHZ
2025-01-17 21:39:22.292330,FN,KLF,P,BHZ
2025-01-17 21:39:36.307460,HE,HEF,S,BHZ
2025-01-17 21:39:47.695920,FN,KLF,S,BHZ
2025-01-17 23:44:56.877870,HE,KIF,P,BHZ
2025-01-17 23:45:06.813980,HE,HEF,P,BHZ
2025-01-17 23:45:09.884880,HE,KIF,S,BHZ
2025-01-17 23:45:12.326470,FN,KLF,P,BHZ
2025-01-17 23:45:26.556140,HE,HEF,S,BHZ
2025-01-17 23:45:36.680980,FN,KLF,S,BHZ
2025-01-19 02:06:42.760960,FN,KLF,P,BHZ
2025-01-19 02:06:45.380020,HE,TOF,P,BHZ
2025-01-19 02:06:51.765330,FN,KLF,S,BHZ
2025-01-19 02:06:52.751550,FN,RNF,P,BHZ
2025-01-19 02:06:56.074460,HE,TOF,S,BHZ
2025-01-19 02:06:59.479120,FN,SGF,P,BHZ
2025-01-19 02:07:00.217570,FN,RANF,P,?HZ
2025-01-19 02:07:09.100450,FN,RNF,S,BHZ
2025-01-19 02:07:19.870200,FN,SGF,S,BHZ
2025-01-19 02:07:22.932040,FN,RANF,S,?HZ
2025-01-19 02:07:24.189130,HE,HEF,S,BHZ
2025-01-19 02:07:32.368260,HE,OBF3,S,BHZ
2025-01-19 02:07:32.639390,FN,OUL,S,BHZ
2025-01-20 00:50:30.182360,HE,TOF,P,BHZ
2025-01-20 00:50:31.501280,HE,TOF,S,BHZ
2025-01-20 00:50:45.314590,FN,RNF,P,BHZ
2025-01-20 00:50:48.185540,FN,RANF,P,?HZ
2025-01-20 00:50:49.112660,FN,KLF,P,BHZ
2025-01-20 00:50:50.463790,FN,OUL,P,BHZ
2025-01-20 00:50:51.644310,HE,OBF3,P,BHZ
2025-01-20 00:50:56.530480,HE,OBF0,P,BHZ
2025-01-20 00:50:56.997760,FN,RNF,S,BHZ
2025-01-20 00:50:57.623280,FN,SGF,P,BHZ
2025-01-20 00:50:59.169480,HE,OUF,P,BHZ
2025-01-20 00:51:01.726290,FN,RANF,S,?HZ
2025-01-20 00:51:03.235630,FN,MSF,P,BHZ
2025-01-20 00:51:03.660020,FN,KLF,S,BHZ
2025-01-20 00:51:05.546060,FN,OLKF,P,BHZ
2025-01-20 00:51:06.385370,FN,OUL,S,BHZ
2025-01-20 00:51:07.890320,HE,OBF3,S,BHZ
2025-01-20 00:51:16.555620,HE,OBF0,S,BHZ
2025-01-20 00:51:18.676430,FN,SGF,S,BHZ
2025-01-20 00:51:21.086440,HE,OUF,S,BHZ
2025-01-20 00:51:22.754000,HE,OBF8,S,BHZ
2025-01-20 00:51:28.833000,FN,MSF,S,BHZ
2025-01-20 00:51:32.801940,FN,OLKF,S,BHZ
2025-01-20 00:51:37.972890,HE,HEF,S,BHZ
2025-01-20 00:51:38.435910,HE,KU6,S,BHZ
2025-01-21 12:19:56.538130,HE,KEV,P,?HZ
2025-01-21 12:20:03.833460,FN,KMNF,P,?HZ
2025-01-21 12:20:07.813200,HE,KEV,S,?HZ
2025-01-21 12:20:11.714530,HE,KIF,P,BHZ
2025-01-21 12:20:12.399520,HE,HEF,P,BHZ
2025-01-21 12:20:20.740540,FN,KMNF,S,?HZ
2025-01-21 12:20:34.339690,HE,KIF,S,BHZ
2025-01-21 12:20:36.182080,HE,HEF,S,BHZ
2025-01-22 22:47:22.805980,HE,KEV,P,?HZ
2025-01-22 22:47:27.867030,HE,KEV,S,?HZ
2025-01-22 22:47:32.601230,FN,KMNF,P,?HZ
2025-01-22 22:47:44.114940,FN,KMNF,S,?HZ
2025-01-22 22:47:48.153340,HE,HEF,P,BHZ
2025-01-22 22:48:07.314220,FN,RAJF,S,?HZ
2025-01-22 22:48:11.285730,HE,HEF,S,BHZ
2025-01-22 22:48:18.467450,HE,KIF,S,BHZ
2025-01-22 22:48:32.462970,HE,VRF,S,BHZ
2025-01-22 22:48:32.694780,FN,SGF,S,BHZ
2025-01-23 18:18:27.308090,HE,TOF,P,BHZ
2025-01-23 18:18:34.829520,HE,TOF,S,BHZ
2025-01-23 18:18:40.443940,FN,KLF,P,BHZ
2025-01-23 18:18:40.678090,HE,OBF3,P,BHZ
2025-01-23 18:18:42.239080,FN,RNF,P,BHZ
2025-01-23 18:18:43.253720,FN,OUL,P,BHZ
2025-01-23 18:18:44.190320,HE,OBF0,P,BHZ
2025-01-23 18:18:44.502520,FN,RANF,P,?HZ
2025-01-23 18:18:47.624500,HE,OUF,P,BHZ
2025-01-23 18:18:52.619660,FN,SGF,P,BHZ
2025-01-23 18:18:57.848980,FN,KLF,S,BHZ
2025-01-23 18:18:58.395330,HE,OBF3,S,BHZ
2025-01-23 18:19:00.190460,FN,RNF,S,BHZ
2025-01-23 18:19:03.234390,FN,OUL,S,BHZ
2025-01-23 18:19:04.561240,HE,OBF0,S,BHZ
2025-01-23 18:19:04.699550,FN,RANF,S,?HZ
2025-01-23 18:19:10.258850,HE,OUF,S,BHZ
2025-01-23 18:19:20.405280,FN,SGF,S,BHZ
2025-01-24 18:25:37.050180,FN,KLF,P,BHZ
2025-01-24 18:25:40.027030,FN,KLF,S,BHZ
2025-01-24 18:25:49.159600,FN,SGF,P,BHZ
2025-01-24 18:25:50.739760,HE,HEF,P,BHZ
2025-01-24 18:25:52.298300,FN,RNF,P,BHZ
2025-01-24 18:25:57.684590,HE,TOF,P,BHZ
2025-01-24 18:26:00.377960,FN,SGF,S,BHZ
2025-01-24 18:26:03.514170,HE,HEF,S,BHZ
2025-01-24 18:26:04.199260,FN,RANF,P,?HZ
2025-01-24 18:26:05.115460,FN,RAJF,P,?HZ
2025-01-24 18:26:06.094030,FN,RNF,S,BHZ
2025-01-24 18:26:06.882680,FN,KMNF,P,?HZ
2025-01-24 18:26:13.994970,HE,TOF,S,BHZ
2025-01-24 18:26:25.857100,FN,RANF,S,?HZ
2025-01-24 18:26:30.147000,FN,RAJF,S,?HZ
2025-01-24 18:26:32.933360,FN,KMNF,S,?HZ
2025-01-24 18:26:35.643100,HE,VRF,S,BHZ
2025-01-25 04:28:28.304280,HE,KU6,P,BHZ
2025-01-25 04:28:29.423050,FN,OLKF,P,BHZ
2025-01-25 04:28:33.815030,HE,VRF,P,BHZ
2025-01-25 04:28:34.452680,FN,MSF,P,BHZ
2025-01-25 04:28:44.600980,HE,KU6,S,BHZ
2025-01-25 04:28:46.316650,FN,OLKF,S,BHZ
2025-01-25 04:28:46.370570,FN,SGF,P,BHZ
2025-01-25 04:28:46.837270,FN,RANF,P,?HZ
2025-01-25 04:28:48.007570,FN,RNF,P,BHZ
2025-01-25 04:28:48.033690,HE,RMF,P,BHZ
2025-01-25 04:28:53.884520,HE,VRF,S,BHZ
2025-01-25 04:28:55.465050,FN,MSF,S,BHZ
2025-01-25 04:29:14.995440,FN,RAJF,S,?HZ
2025-01-25 04:29:17.917540,FN,RANF,S,?HZ
2025-01-25 04:29:19.501770,HE,RMF,S,BHZ
2025-01-25 04:29:19.947210,FN,SGF,S,BHZ
2025-01-25 04:29:19.978920,FN,RNF,S,BHZ
2025-01-25 04:29:45.608230,HE,JOF,S,BHZ
2025-01-25 13:20:34.536800,HE,FIA0,P,?HZ
2025-01-25 13:20:34.536800,HE,FIA1,P,?HZ
2025-01-25 13:20:36.694440,HE,VJF,P,?HZ
2025-01-25 13:20:39.694430,HE,RUF,P,BHZ
2025-01-25 13:20:42.031290,HE,KAF,P,?HZ
2025-01-25 13:20:42.356420,HE,FIA1,S,?HZ
2025-01-25 13:20:42.374600,HE,FIA0,S,?HZ
2025-01-25 13:20:46.133760,HE,VJF,S,?HZ
2025-01-25 13:20:50.142370,HE,KEF,P,?HZ
2025-01-25 13:20:50.834220,HE,RUF,S,BHZ
2025-01-25 13:20:52.507140,HE,SUF,P,BHZ
2025-01-25 13:20:54.830560,HE,KAF,S,?HZ
2025-01-25 13:20:54.909810,HE,MEF,P,BHZ
2025-01-25 13:21:02.664290,HE,NIF,P,BHZ
2025-01-25 13:21:08.446240,HE,NUR,S,SHZ
2025-01-25 13:21:08.872220,HE,VUOS,S,BHZ
2025-01-25 13:21:09.381630,HE,KEF,S,?HZ
2025-01-25 13:21:09.916440,HE,KUNI,S,BHZ
2025-01-25 13:21:11.193990,HE,RSUO,S,BHZ
2025-01-25 13:21:12.962500,HE,LAUT,S,BHZ
2025-01-25 13:21:13.106930,HE,SUF,S,BHZ
2025-01-25 13:21:17.591940,HE,MEF,S,BHZ
2025-01-25 13:21:31.374000,HE,NIF,S,BHZ
2025-01-26 19:06:24.686250,HE,KEV,P,?HZ
2025-01-26 19:06:35.343850,FN,KMNF,P,?HZ
2025-01-26 19:06:41.440930,HE,KEV,S,?HZ
2025-01-26 19:06:58.135430,FN,KMNF,S,?HZ
2025-01-26 19:07:13.225590,HE,KIF,S,BHZ
2025-01-26 20:49:39.271760,HE,HEF,P,BHZ
2025-01-26 20:49:40.751680,FN,KLF,P,BHZ
2025-01-26 20:49:48.620330,HE,HEF,S,BHZ
2025-01-26 20:49:51.236090,FN,KLF,S,BHZ
2025-01-26 20:49:54.240180,FN,SGF,P,BHZ
2025-01-26 20:49:58.709530,FN,RNF,P,BHZ
2025-01-26 20:50:00.108950,HE,TOF,P,BHZ
2025-01-26 20:50:02.646710,FN,KMNF,P,?HZ
2025-01-26 20:50:08.416840,HE,KIF,S,BHZ
2025-01-26 20:50:14.336310,FN,SGF,S,BHZ
2025-01-26 20:50:21.963880,FN,RNF,S,BHZ
2025-01-26 20:50:24.376720,HE,TOF,S,BHZ
2025-01-26 20:50:27.476240,FN,KMNF,S,?HZ
2025-01-26 20:50:33.284660,FN,RAJF,S,?HZ
2025-01-27 01:29:54.643270,HE,VJF,P,?HZ
2025-01-27 01:29:59.991600,HE,VJF,S,?HZ
2025-01-27 01:30:00.986520,HE,FIA0,P,?HZ
2025-01-27 01:30:01.110150,HE,FIA1,P,?HZ
2025-01-27 01:30:04.890490,HE,VUOS,P,BHZ
2025-01-27 01:30:07.264460,HE,LAUT,P,BHZ
2025-01-27 01:30:10.542410,HE,MEF,P,BHZ
2025-01-27 01:30:10.806940,HE,FIA0,S,?HZ
2025-01-27 01:30:10.969440,HE,FIA1,S,?HZ
2025-01-27 01:30:11.598470,HE,KAF,P,?HZ
2025-01-27 01:30:17.083870,HE,KEF,P,?HZ
2025-01-27 01:30:17.629770,HE,VUOS,S,BHZ
2025-01-27 01:30:19.493200,HE,KUNI,S,BHZ
2025-01-27 01:30:20.616180,HE,RSUO,S,BHZ
2025-01-27 01:30:21.747870,HE,SUF,P,BHZ
2025-01-27 01:30:21.947940,HE,LAUT,S,BHZ
2025-01-27 01:30:27.301650,HE,MEF,S,BHZ
2025-01-27 01:30:29.416480,HE,KAF,S,?HZ
2025-01-27 01:30:38.484130,HE,KEF,S,?HZ
2025-01-27 01:30:47.092330,HE,SUF,S,BHZ
2025-01-27 01:30:47.255170,HE,TVF,S,BHZ
2025-01-27 19:18:05.223310,FN,KLF,P,BHZ
2025-01-27 19:18:09.145970,HE,TOF,P,BHZ
2025-01-27 19:18:16.321670,FN,RNF,P,BHZ
2025-01-27 19:18:16.337030,FN,KLF,S,BHZ
2025-01-27 19:18:21.940640,FN,SGF,P,BHZ
2025-01-27 19:18:22.256830,HE,TOF,S,BHZ
2025-01-27 19:18:23.282030,FN,RANF,P,?HZ
2025-01-27 19:18:35.226600,FN,RNF,S,BHZ
2025-01-27 19:18:44.233450,HE,HEF,S,BHZ
2025-01-27 19:18:45.207350,FN,SGF,S,BHZ
2025-01-27 19:18:48.092260,FN,RANF,S,?HZ
2025-01-27 19:18:53.098110,HE,OBF3,S,BHZ
2025-01-27 19:18:54.531690,FN,OUL,S,BHZ
2025-01-27 22:18:56.629650,HE,HEF,P,BHZ
2025-01-27 22:19:03.185430,HE,KIF,P,BHZ
2025-01-27 22:19:03.665880,HE,HEF,S,BHZ
2025-01-27 22:19:09.075860,FN,KMNF,P,?HZ
2025-01-27 22:19:12.179710,HE,KEV,P,?HZ
2025-01-27 22:19:15.149880,HE,KIF,S,BHZ
2025-01-27 22:19:16.909810,FN,KLF,P,BHZ
2025-01-27 22:19:17.666260,FN,RAJF,P,?HZ
2025-01-27 22:19:25.271080,FN,KMNF,S,?HZ
2025-01-27 22:19:30.781970,HE,KEV,S,?HZ
2025-01-27 22:19:38.846600,FN,KLF,S,BHZ
2025-01-27 22:19:40.948090,FN,RAJF,S,?HZ
2025-01-27 22:19:43.505950,FN,SGF,S,BHZ
2025-01-29 06:03:32.800550,HE,VAF,P,BHZ
2025-01-29 06:03:49.255780,HE,VAF,S,BHZ
2025-01-29 06:03:59.381440,HE,OUF,S,BHZ
2025-01-29 06:04:00.036630,HE,ALAJF,S,?HZ
2025-01-29 09:48:23.706080,HE,KPF,S,BHZ
2025-01-29 09:48:34.590690,HE,VAF,S,BHZ
2025-01-30 03:02:01.895120,FN,MSF,P,BHZ
2025-01-30 03:02:05.588710,FN,MSF,S,BHZ
2025-01-30 03:02:16.263850,HE,KU6,S,BHZ
2025-01-30 03:02:18.116010,FN,OLKF,S,BHZ
2025-01-30 03:02:20.292220,FN,RANF,S,?HZ
2025-01-31 02:31:53.908050,FN,SGF,P,BHZ
2025-01-31 02:31:55.244090,HE,VRF,P,BHZ
2025-01-31 02:32:00.291960,FN,RAJF,P,?HZ
2025-01-31 02:32:01.074120,FN,SGF,S,BHZ
2025-01-31 02:32:03.582870,HE,VRF,S,BHZ
2025-01-31 02:32:05.422590,FN,RNF,P,BHZ
2025-01-31 02:32:07.972330,FN,OLKF,P,BHZ
2025-01-31 02:32:11.778150,FN,KLF,P,BHZ
2025-01-31 02:32:11.832770,FN,RAJF,S,?HZ
2025-01-31 02:32:12.443360,FN,RANF,P,?HZ
2025-01-31 02:32:12.829680,FN,KMNF,P,?HZ
2025-01-31 02:32:13.944610,FN,MSF,P,BHZ
2025-01-31 02:32:14.354500,HE,KU6,P,BHZ
2025-01-31 02:32:16.130280,HE,HEF,P,BHZ
2025-01-31 02:32:20.391340,FN,RNF,S,BHZ
2025-01-31 02:32:20.724150,HE,TOF,P,BHZ
2025-01-31 02:32:21.572930,HE,KEV,P,?HZ
2025-01-31 02:32:24.743570,FN,OLKF,S,BHZ
2025-01-31 02:32:31.697020,FN,KLF,S,BHZ
2025-01-31 02:32:32.489190,FN,RANF,S,?HZ
2025-01-31 02:32:33.691820,FN,KMNF,S,?HZ
2025-01-31 02:32:34.751500,FN,MSF,S,BHZ
2025-01-31 02:32:36.068730,HE,KU6,S,BHZ
2025-01-31 02:32:39.618680,HE,HEF,S,BHZ
2025-01-31 02:32:44.935510,HE,TOF,S,BHZ
2025-01-31 02:32:49.723070,HE,KEV,S,?HZ
2025-01-31 07:19:44.293770,HE,KPF,P,BHZ
2025-01-31 07:19:49.079900,HE,RAF,P,BHZ
2025-01-31 07:19:52.619260,HE,VAF,P,BHZ
2025-01-31 07:19:55.608830,UP,AAL,P,BHZ
2025-01-31 07:20:00.478280,HE,KPF,S,BHZ
2025-01-31 07:20:09.778880,HE,RAF,S,BHZ
2025-01-31 07:20:14.444510,HE,VAF,S,BHZ
2025-01-31 07:20:21.122550,UP,AAL,S,BHZ
2025-01-31 23:13:23.904150,FN,KLF,P,BHZ
2025-01-31 23:13:26.609700,FN,KLF,S,BHZ
2025-01-31 23:13:36.410450,FN,RNF,P,BHZ
2025-01-31 23:13:39.263220,FN,SGF,P,BHZ
2025-01-31 23:13:48.692240,FN,RNF,S,BHZ
2025-01-31 23:13:50.064360,HE,TOF,S,BHZ
2025-01-31 23:13:53.292500,FN,SGF,S,BHZ
2025-01-31 23:14:02.364390,HE,HEF,S,BHZ
2025-01-31 23:14:06.420390,FN,RANF,S,?HZ
2025-01-31 23:14:25.846330,FN,RAJF,S,?HZ
2025-02-01 19:36:17.001940,HE,KU6,P,BHZ
2025-02-01 19:36:19.973440,FN,MSF,P,BHZ
2025-02-01 19:36:21.431900,HE,KU6,S,BHZ
2025-02-01 19:36:22.695790,FN,OLKF,P,BHZ
2025-02-01 19:36:26.525000,FN,MSF,S,BHZ
2025-02-01 19:36:31.109980,FN,OLKF,S,BHZ
2025-02-01 19:36:35.690950,FN,RANF,P,?HZ
2025-02-01 19:36:53.670400,FN,RANF,S,?HZ
2025-02-01 19:36:57.275340,HE,RMF,S,BHZ
2025-02-01 19:37:06.157310,FN,OUL,S,BHZ
2025-02-01 19:37:06.995840,FN,RNF,S,BHZ
2025-02-02 00:25:46.990790,HE,KIF,P,BHZ
2025-02-02 00:25:54.798730,HE,KIF,S,BHZ
2025-02-02 00:26:05.726320,FN,KLF,P,BHZ
2025-02-02 00:26:08.222440,HE,HEF,S,BHZ
2025-02-02 00:26:27.791970,FN,KLF,S,BHZ
2025-02-02 00:33:25.160130,HE,VRF,P,BHZ
2025-02-02 00:33:33.394900,FN,RAJF,P,?HZ
2025-02-02 00:33:35.859900,FN,OLKF,P,BHZ
2025-02-02 00:33:37.039180,HE,KU6,P,BHZ
2025-02-02 00:33:42.016470,FN,KMNF,P,?HZ
2025-02-02 00:33:42.182320,FN,MSF,P,BHZ
2025-02-02 00:33:43.105780,FN,SGF,P,BHZ
2025-02-02 00:33:46.093150,HE,KEV,P,?HZ
2025-02-02 00:33:46.100670,HE,VRF,S,BHZ
2025-02-02 00:33:59.143760,FN,RAJF,S,?HZ
2025-02-02 00:34:07.187810,FN,OLKF,S,BHZ
2025-02-02 00:34:09.721280,HE,KU6,S,BHZ
2025-02-02 00:34:13.059550,FN,KMNF,S,?HZ
2025-02-02 00:34:14.592380,FN,SGF,S,BHZ
2025-02-02 00:34:18.080730,FN,MSF,S,BHZ
2025-02-02 00:34:25.902910,HE,KEV,S,?HZ
2025-02-08 05:19:42.740590,FN,KLF,S,BHZ
2025-02-08 05:19:45.730170,HE,TOF,S,BHZ
2025-02-09 07:46:41.908070,HE,VAF,P,BHZ
2025-02-09 07:47:13.536430,HE,VAF,S,BHZ
2025-02-09 07:47:22.398980,HE,KPF,S,BHZ
2025-02-09 07:47:34.686510,HE,RAF,S,BHZ
2025-02-15 08:55:52.256750,HE,VJF,P,?HZ
2025-02-15 08:55:56.427460,HE,VJF,S,?HZ
2025-02-15 08:56:03.627250,HE,VUOS,P,BHZ
2025-02-15 08:56:05.529520,HE,KUNI,P,BHZ
2025-02-15 08:56:05.802700,HE,RSUO,P,BHZ
2025-02-15 08:56:06.031330,HE,HEL1,P,BHZ
2025-02-15 08:56:06.296210,HE,LAUT,P,BHZ
2025-02-15 08:56:07.136080,HE,FIA0,P,?HZ
2025-02-15 08:56:07.149350,HE,FIA1,P,?HZ
2025-02-15 08:56:07.521770,HE,NUR,P,SHZ
2025-02-15 08:56:07.620000,HE,HEL5,P,BHZ
2025-02-15 08:56:10.014420,HE,MEF,P,BHZ
2025-02-15 08:56:12.118880,HE,RUF,P,BHZ
2025-02-15 08:56:15.615320,HE,VUOS,S,BHZ
2025-02-15 08:56:17.649980,HE,KAF,P,?HZ
2025-02-15 08:56:18.765010,HE,KUNI,S,BHZ
2025-02-15 08:56:19.194900,HE,RSUO,S,BHZ
2025-02-15 08:56:19.770200,HE,HEL1,S,BHZ
2025-02-15 08:56:20.289510,HE,LAUT,S,BHZ
2025-02-15 08:56:21.716290,HE,TVF,P,BHZ
2025-02-15 08:56:22.195640,HE,FIA0,S,?HZ
2025-02-15 08:56:22.195640,HE,FIA1,S,?HZ
2025-02-15 08:56:22.407230,HE,HEL5,S,BHZ
2025-02-15 08:56:22.670340,HE,KEF,P,?HZ
2025-02-15 08:56:22.724600,HE,NUR,S,SHZ
2025-02-15 08:56:27.040940,HE,MEF,S,BHZ
2025-02-15 08:56:30.066850,HE,RUF,S,BHZ
2025-02-15 08:56:41.304930,HE,KAF,S,?HZ
2025-02-15 08:56:46.694870,HE,TVF,S,BHZ
2025-02-15 08:56:50.006140,HE,KEF,S,?HZ
2025-02-15 08:57:28.644000,HE,VJF,P,?HZ
2025-02-15 08:57:32.692130,HE,VJF,S,?HZ
2025-02-15 08:57:46.097630,HE,MEF,P,BHZ
2025-02-15 08:57:51.995860,HE,VUOS,S,BHZ
2025-02-15 08:57:55.183250,HE,KUNI,S,BHZ
2025-02-15 08:57:58.781300,HE,FIA0,S,?HZ
2025-02-15 08:57:58.781300,HE,FIA1,S,?HZ
2025-02-15 08:58:03.029430,HE,MEF,S,BHZ
2025-02-15 08:58:06.384670,HE,RUF,S,BHZ
2025-02-15 08:58:17.740870,HE,KAF,S,?HZ
2025-02-15 08:58:22.978180,HE,TVF,S,BHZ
2025-02-15 08:58:26.875390,HE,KEF,S,?HZ
2025-02-15 20:40:12.623000,UP,AAL,P,BHZ
2025-02-15 20:40:37.006530,UP,AAL,S,BHZ
2025-02-15 21:01:17.933400,HE,KU6,P,BHZ
2025-02-15 21:01:18.697800,FN,MSF,P,BHZ
2025-02-15 21:01:22.355360,HE,KU6,S,BHZ
2025-02-15 21:01:23.288660,FN,OLKF,P,BHZ
2025-02-15 21:01:23.607460,FN,MSF,S,BHZ
2025-02-15 21:01:31.223100,FN,OLKF,S,BHZ
2025-02-15 21:01:49.643040,FN,RANF,S,?HZ
2025-02-19 15:17:25.578300,UP,AAL,P,BHZ
2025-02-19 15:17:40.682820,HE,RAF,P,BHZ
2025-02-19 15:17:47.381770,HE,TVF,P,BHZ
2025-02-19 15:18:06.047000,UP,AAL,S,BHZ
2025-02-19 15:18:41.986020,HE,TVF,S,BHZ
2025-02-19 15:18:50.943920,HE,RAF,S,BHZ
2025-02-20 11:30:53.608170,FN,MSF,P,BHZ
2025-02-20 11:30:55.261710,FN,MSF,S,BHZ
2025-02-20 11:30:57.152330,HE,KU6,P,BHZ
2025-02-20 11:30:59.017330,FN,OLKF,P,BHZ
2025-02-20 11:31:02.423810,HE,KU6,S,BHZ
2025-02-20 11:31:05.139420,FN,OLKF,S,BHZ
2025-02-20 11:31:07.320450,FN,RANF,P,?HZ
2025-02-20 11:31:19.175540,FN,RANF,S,?HZ
2025-02-20 11:31:33.977840,FN,RNF,S,BHZ
2025-02-20 11:31:36.151990,FN,OUL,S,BHZ
2025-02-20 11:31:40.482990,HE,RMF,S,BHZ
2025-02-20 11:31:45.564520,HE,VRF,S,BHZ
2025-02-20 11:31:46.653450,HE,TOF,S,BHZ
2025-02-20 23:19:55.981250,FN,MSF,P,BHZ
2025-02-20 23:19:59.290030,FN,OLKF,P,BHZ
2025-02-20 23:20:00.001200,FN,MSF,S,BHZ
2025-02-20 23:20:01.135940,HE,KU6,P,BHZ
2025-02-20 23:20:02.480150,FN,RANF,P,?HZ
2025-02-20 23:20:06.050810,FN,OLKF,S,BHZ
2025-02-20 23:20:08.613100,HE,KU6,S,BHZ
2025-02-20 23:20:10.179550,FN,RNF,P,BHZ
2025-02-20 23:20:10.965470,FN,RANF,S,?HZ
2025-02-20 23:20:14.600060,FN,OUL,P,BHZ
2025-02-20 23:20:24.666940,FN,RNF,S,BHZ
2025-02-20 23:20:32.320550,FN,OUL,S,BHZ
2025-02-20 23:20:38.123060,FN,SGF,S,BHZ
2025-02-20 23:20:39.881080,HE,TOF,S,BHZ
2025-02-20 23:20:42.853710,HE,VRF,S,BHZ
2025-02-20 23:20:45.655080,HE,RMF,S,BHZ
2025-02-20 23:20:47.147280,HE,OBF3,S,BHZ
2025-02-24 03:30:52.500080,HE,HEF,P,BHZ
2025-02-24 03:30:58.842830,HE,HEF,S,BHZ
2025-02-24 03:31:00.428820,HE,KIF,P,BHZ
2025-02-24 03:31:05.504700,FN,KMNF,P,?HZ
2025-02-24 03:31:12.689680,HE,KIF,S,BHZ
2025-02-24 03:31:21.604220,FN,KMNF,S,?HZ
2025-02-24 03:31:27.394970,HE,KEV,S,?HZ
2025-02-24 03:31:27.450000,HE,KEV,S,?HZ
2025-02-24 03:31:30.883250,FN,KLF,S,BHZ
2025-02-24 03:31:34.244160,FN,RAJF,S,?HZ
2025-02-24 03:31:58.391520,HE,VRF,S,BHZ
2025-02-24 03:32:06.649110,HE,TOF,S,BHZ
2025-02-25 23:11:41.847170,HE,KEV,P,?HZ
2025-02-25 23:11:42.237550,FN,KMNF,P,?HZ
2025-02-25 23:11:53.385330,HE,KEV,S,?HZ
2025-02-25 23:11:54.297940,FN,KMNF,S,?HZ
2025-02-25 23:11:58.973500,HE,HEF,S,BHZ
2025-02-25 23:12:06.970300,HE,KIF,S,BHZ
2025-02-25 23:12:16.078770,FN,RAJF,S,?HZ
2025-02-25 23:12:27.631920,FN,SGF,S,BHZ
2025-02-25 23:12:29.804050,FN,KLF,S,BHZ
2025-02-27 18:38:41.839560,HE,KEV,P,?HZ
2025-02-27 18:38:46.841740,HE,KEV,S,?HZ
2025-02-27 18:38:50.826680,FN,KMNF,P,?HZ
2025-02-27 18:39:02.948880,FN,KMNF,S,?HZ
2025-02-27 18:39:04.570560,FN,RAJF,P,?HZ
2025-02-27 18:39:06.192240,HE,HEF,P,BHZ
2025-02-27 18:39:26.579040,FN,RAJF,S,?HZ
2025-02-27 18:39:29.590730,HE,HEF,S,BHZ
2025-02-27 18:39:37.322600,HE,KIF,S,BHZ
2025-02-28 00:31:23.664470,HE,TOF,P,BHZ
2025-02-28 00:31:24.261910,HE,OBF0,P,BHZ
2025-02-28 00:31:25.178850,HE,OBF3,P,BHZ
2025-02-28 00:31:29.064100,HE,OUF,P,BHZ
2025-02-28 00:31:30.679520,FN,OUL,P,BHZ
2025-02-28 00:31:31.306240,FN,KLF,P,BHZ
2025-02-28 00:31:43.451980,HE,OBF8,S,BHZ
2025-02-28 00:31:45.280360,HE,TOF,S,BHZ
2025-02-28 00:31:48.176240,HE,OBF0,S,BHZ
2025-02-28 00:31:49.165800,HE,OBF3,S,BHZ
2025-02-28 00:31:55.961470,HE,OUF,S,BHZ
2025-02-28 00:31:58.051100,FN,OUL,S,BHZ
2025-02-28 00:32:03.138140,FN,KLF,S,BHZ
2025-02-28 01:46:46.850420,HE,TOF,P,BHZ
2025-02-28 01:46:49.790330,FN,OUL,P,BHZ
2025-02-28 01:46:50.650900,HE,OBF3,P,BHZ
2025-02-28 01:46:53.596910,HE,TOF,S,BHZ
2025-02-28 01:46:54.978460,FN,RANF,P,?HZ
2025-02-28 01:46:56.517100,HE,OBF0,P,BHZ
2025-02-28 01:46:58.423360,HE,OUF,P,BHZ
2025-02-28 01:46:58.751380,FN,OUL,S,BHZ
2025-02-28 01:47:00.384780,HE,OBF3,S,BHZ
2025-02-28 01:47:01.017960,HE,OBF8,P,BHZ
2025-02-28 01:47:07.627090,FN,KLF,P,BHZ
2025-02-28 01:47:07.676760,FN,RANF,S,?HZ
2025-02-28 01:47:10.147580,FN,MSF,P,BHZ
2025-02-28 01:47:10.465240,HE,OBF0,S,BHZ
2025-02-28 01:47:13.233680,FN,OLKF,P,BHZ
2025-02-28 01:47:13.508890,FN,SGF,P,BHZ
2025-02-28 01:47:14.036950,FN,RNF,S,BHZ
2025-02-28 01:47:14.205300,HE,OUF,S,BHZ
2025-02-28 01:47:15.325690,HE,KU6,P,BHZ
2025-02-28 01:47:18.517260,HE,OBF8,S,BHZ
2025-02-28 01:47:29.386910,FN,KLF,S,BHZ
2025-02-28 01:47:33.813450,FN,MSF,S,BHZ
2025-02-28 01:47:39.501970,FN,SGF,S,BHZ
2025-02-28 01:47:41.137810,FN,OLKF,S,BHZ
2025-02-28 01:47:45.019840,HE,KU6,S,BHZ
2025-02-28 09:03:50.946640,HE,KIF,P,BHZ
2025-02-28 09:03:56.599360,HE,HEF,P,BHZ
2025-02-28 09:03:57.932730,FN,KLF,P,BHZ
2025-02-28 09:04:09.087930,HE,KIF,S,BHZ
2025-02-28 09:04:18.567680,HE,HEF,S,BHZ
2025-02-28 09:04:21.649570,FN,KLF,S,BHZ
2025-03-01 01:23:54.995740,HE,HEF,P,BHZ
2025-03-01 01:24:01.810860,FN,KLF,P,BHZ
2025-03-01 01:24:02.085700,HE,HEF,S,BHZ
2025-03-01 01:24:13.188880,FN,SGF,P,BHZ
2025-03-01 01:24:13.794610,FN,KLF,S,BHZ
2025-03-01 01:24:18.954350,FN,KMNF,P,?HZ
2025-03-01 01:24:22.203820,HE,TOF,P,BHZ
2025-03-01 01:24:33.710130,FN,SGF,S,BHZ
2025-03-01 01:24:43.353750,FN,KMNF,S,?HZ
2025-03-01 01:24:48.469200,HE,TOF,S,BHZ
2025-03-01 01:24:51.395870,FN,RAJF,S,?HZ
2025-03-01 06:26:46.265260,HE,KIF,P,BHZ
2025-03-01 06:27:02.689160,HE,HEF,P,BHZ
2025-03-01 06:27:05.122740,HE,KIF,S,BHZ
2025-03-01 06:27:34.584110,HE,HEF,S,BHZ
2025-03-04 08:03:28.685630,HE,KIF,P,BHZ
2025-03-04 08:03:38.187080,HE,HEF,P,BHZ
2025-03-04 08:03:41.480950,HE,KIF,S,BHZ
2025-03-04 08:03:44.163000,FN,KLF,P,BHZ
2025-03-04 08:03:57.772720,HE,HEF,S,BHZ
2025-03-04 08:04:08.988910,FN,KLF,S,BHZ
2025-03-05 07:30:51.262420,FN,SGF,P,BHZ
2025-03-05 07:30:53.841240,FN,SGF,S,BHZ
2025-03-05 07:31:06.216960,HE,VRF,P,BHZ
2025-03-05 07:31:06.216960,FN,RAJF,P,?HZ
2025-03-05 07:31:08.991510,FN,KLF,P,BHZ
2025-03-05 07:31:14.204920,HE,HEF,P,BHZ
2025-03-05 07:31:15.271810,FN,RANF,P,?HZ
2025-03-05 07:31:15.600080,FN,KMNF,P,?HZ
2025-03-05 07:31:15.859550,FN,OLKF,P,BHZ
2025-03-05 07:31:19.429500,HE,VRF,S,BHZ
2025-03-05 07:31:19.442470,HE,TOF,P,BHZ
2025-03-05 07:31:19.688570,FN,RAJF,S,?HZ
2025-03-05 07:31:20.277980,FN,MSF,P,BHZ
2025-03-05 07:31:21.295030,HE,KU6,P,BHZ
2025-03-05 07:31:24.351890,FN,KLF,S,BHZ
2025-03-05 07:31:25.567410,HE,KEV,P,?HZ
2025-03-05 07:31:32.998570,HE,HEF,S,BHZ
2025-03-05 07:31:35.256640,FN,RANF,S,?HZ
2025-03-05 07:31:35.672420,FN,KMNF,S,?HZ
2025-03-05 07:31:35.990140,FN,OLKF,S,BHZ
2025-03-05 07:31:42.611630,HE,TOF,S,BHZ
2025-03-05 07:31:43.787850,FN,MSF,S,BHZ
2025-03-05 07:31:45.672730,HE,KU6,S,BHZ
2025-03-05 07:31:53.212220,HE,KEV,S,?HZ
2025-03-05 09:35:20.386550,FN,MSF,P,BHZ
2025-03-05 09:35:23.941520,FN,RANF,P,?HZ
2025-03-05 09:35:26.038040,FN,MSF,S,BHZ
2025-03-05 09:35:32.120850,FN,RANF,S,?HZ
2025-03-05 09:35:36.957160,HE,KU6,S,BHZ
2025-03-05 09:35:37.850430,FN,OLKF,S,BHZ
2025-03-05 09:35:45.976670,FN,OUL,S,BHZ
2025-03-08 14:36:15.128570,HE,KU6,P,BHZ
2025-03-08 14:36:17.818240,FN,MSF,P,BHZ
2025-03-08 14:36:21.626780,FN,OLKF,P,BHZ
2025-03-08 14:36:22.415440,HE,KU6,S,BHZ
2025-03-08 14:36:26.907470,FN,MSF,S,BHZ
2025-03-08 14:36:33.608250,FN,OLKF,S,BHZ
2025-03-08 14:36:45.478050,HE,RMF,S,BHZ
2025-03-08 14:36:54.189320,FN,RANF,S,?HZ
2025-03-08 14:37:05.160200,FN,OUL,S,BHZ
2025-03-10 02:09:06.763130,FN,MSF,P,BHZ
2025-03-10 02:09:09.117440,FN,MSF,S,BHZ
2025-03-10 02:09:11.397900,HE,KU6,P,BHZ
2025-03-10 02:09:13.600890,FN,OLKF,P,BHZ
2025-03-10 02:09:17.678550,HE,KU6,S,BHZ
2025-03-10 02:09:19.364870,FN,RANF,P,?HZ
2025-03-10 02:09:21.054840,FN,OLKF,S,BHZ
2025-03-10 02:09:31.007340,FN,RANF,S,?HZ
2025-03-10 02:09:46.962250,FN,OUL,S,BHZ
2025-03-10 02:09:46.993710,FN,RNF,S,BHZ
2025-03-10 02:09:51.623990,HE,RMF,S,BHZ
2025-03-10 02:09:59.279760,FN,SGF,S,BHZ
2025-03-10 02:10:00.418110,HE,VRF,S,BHZ
2025-03-10 02:10:03.711420,HE,OBF3,S,BHZ
2025-03-13 16:18:34.317180,FN,KMNF,P,?HZ
2025-03-13 16:18:38.477200,HE,KEV,P,?HZ
2025-03-13 16:18:39.217310,FN,KMNF,S,?HZ
2025-03-13 16:18:41.110070,FN,RAJF,P,?HZ
2025-03-13 16:18:46.573660,HE,KEV,S,?HZ
2025-03-13 16:18:51.216110,FN,RAJF,S,?HZ
2025-03-13 16:18:55.440830,HE,VRF,P,BHZ
2025-03-13 16:18:58.629180,HE,HEF,P,BHZ
2025-03-13 16:19:00.123330,FN,SGF,P,BHZ
2025-03-13 16:19:10.662130,FN,KLF,P,BHZ
2025-03-13 16:19:15.966920,HE,VRF,S,BHZ
2025-03-13 16:19:21.468820,HE,HEF,S,BHZ
2025-03-13 16:19:24.096390,FN,SGF,S,BHZ
2025-03-13 16:19:39.154380,FN,KLF,S,BHZ
2025-03-13 16:19:44.958980,HE,KIF,S,BHZ
2025-03-13 16:19:49.191990,FN,RNF,S,BHZ
2025-03-14 23:30:49.820000,HE,VAF,P,BHZ
2025-03-14 23:30:54.990000,HE,OBF8,S,BHZ
2025-03-14 23:31:04.580000,HE,OBF0,S,BHZ
2025-03-14 23:31:10.370000,HE,OBF3,S,BHZ
2025-03-14 23:31:10.583180,HE,OUF,S,BHZ
2025-03-14 23:31:10.583180,HE,VAF,S,BHZ
2025-03-14 23:31:17.730000,HE,ALAJF,S,?HZ
2025-03-14 23:31:23.250000,FN,OUL,S,BHZ
2025-03-15 02:39:28.772540,FN,MSF,P,BHZ
2025-03-15 02:39:29.430400,HE,KU6,P,BHZ
2025-03-15 02:39:32.914220,FN,OLKF,P,BHZ
2025-03-15 02:39:33.870260,FN,MSF,S,BHZ
2025-03-15 02:39:34.921050,HE,KU6,S,BHZ
2025-03-15 02:39:40.541470,FN,OLKF,S,BHZ
2025-03-15 02:39:55.975620,FN,RANF,S,?HZ
2025-03-15 02:40:06.496830,HE,RMF,S,BHZ
2025-03-15 02:40:08.293010,FN,RNF,S,BHZ
2025-03-15 02:40:08.385390,FN,OUL,S,BHZ
2025-03-16 03:02:04.829640,HE,KIF,P,BHZ
2025-03-16 03:02:10.192520,HE,HEF,P,BHZ
2025-03-16 03:02:14.077630,FN,KLF,P,BHZ
2025-03-16 03:02:19.560240,HE,KIF,S,BHZ
2025-03-16 03:02:28.177800,HE,HEF,S,BHZ
2025-03-16 03:02:35.454840,FN,KLF,S,BHZ
2025-03-16 03:02:59.955370,FN,SGF,S,BHZ
2025-03-17 08:37:54.209860,HE,HEF,P,BHZ
2025-03-17 08:37:57.123000,HE,HEF,S,BHZ
2025-03-17 08:38:12.079990,FN,KLF,P,BHZ
2025-03-17 08:38:18.719090,FN,KMNF,P,?HZ
2025-03-17 08:38:18.968650,FN,SGF,P,BHZ
2025-03-17 08:38:23.862160,FN,RAJF,P,?HZ
2025-03-17 08:38:24.026520,HE,KEV,P,?HZ
2025-03-17 08:38:27.898920,FN,KLF,S,BHZ
2025-03-17 08:38:39.421110,FN,KMNF,S,?HZ
2025-03-17 08:38:39.570420,FN,SGF,S,BHZ
2025-03-17 08:38:47.907380,FN,RAJF,S,?HZ
2025-03-17 08:38:48.294850,HE,KEV,S,?HZ
2025-03-17 08:39:05.744260,HE,VRF,S,BHZ
2025-03-20 01:33:48.356420,UP,AAL,P,BHZ
2025-03-20 01:33:52.764760,UP,AAL,S,BHZ
2025-03-20 01:33:58.359300,HE,RAF,P,BHZ
2025-03-20 01:34:08.261040,HE,TVF,P,BHZ
2025-03-20 01:34:10.023380,HE,RAF,S,BHN
2025-03-20 01:34:11.779910,HE,KPF,P,BHZ
2025-03-20 01:34:27.097190,HE,TVF,S,BHZ
2025-03-20 01:34:33.308440,HE,KPF,S,BHZ
2025-03-20 01:34:40.993100,HE,MEF,S,BHZ
2025-03-23 13:28:58.917410,HE,OBF3,P,BHZ
2025-03-23 13:29:01.620070,HE,OBF0,P,BHZ
2025-03-23 13:29:03.589700,FN,OUL,P,BHZ
2025-03-23 13:29:05.075010,HE,OUF,P,BHZ
2025-03-23 13:29:08.929230,FN,RANF,P,?HZ
2025-03-23 13:29:10.147750,FN,KLF,P,BHZ
2025-03-23 13:29:13.130420,HE,OBF3,S,BHZ
2025-03-23 13:29:17.405190,HE,OBF0,S,BHZ
2025-03-23 13:29:20.989330,FN,OUL,S,BHZ
2025-03-23 13:29:24.087030,HE,OUF,S,BHZ
2025-03-23 13:29:30.192840,FN,RANF,S,?HZ
2025-03-23 13:29:31.536890,FN,KLF,S,BHZ
2025-03-26 05:06:34.570000,UP,AAL,P,BHZ
2025-03-26 05:06:41.670000,UP,AAL,S,BHZ
2025-03-26 05:06:51.100000,HE,TVF,P,BHZ
2025-03-26 05:06:51.765630,HE,RAF,P,BHZ
2025-03-26 05:07:01.528690,HE,MEF,P,BHZ
2025-03-26 05:07:04.132100,HE,HEL5,P,BHZ
2025-03-26 05:07:05.366280,HE,KPF,P,BHZ
2025-03-26 05:07:09.420000,HE,TVF,S,BHZ
2025-03-26 05:07:11.347630,HE,RAF,S,BHZ
2025-03-26 05:07:27.153600,HE,MEF,S,BHZ
2025-03-26 05:07:31.022190,HE,HEL5,S,BHZ
2025-03-26 05:07:34.049090,HE,NUR,S,SHZ
2025-03-26 05:07:34.497000,HE,LAUT,S,BHZ
2025-03-26 05:07:35.056890,HE,KPF,S,BHZ
2025-03-26 05:07:35.056890,HE,HEL1,S,BHZ
2025-03-27 06:34:57.337620,HE,KPF,S,BHZ
2025-03-27 06:35:03.356910,HE,VAF,S,BHZ
2025-03-27 06:35:06.135050,HE,RAF,S,BHZ
2025-03-30 13:14:21.056910,HE,OBF8,P,BHZ
2025-03-30 13:14:26.431490,HE,VAF,P,BHZ
2025-03-30 13:14:27.012890,HE,OBF0,P,BHZ
2025-03-30 13:14:30.698890,HE,OBF3,P,BHZ
2025-03-30 13:14:32.014870,HE,ALAJF,P,?HZ
2025-03-30 13:14:37.244900,HE,OBF8,S,BHZ
2025-03-30 13:14:46.872740,HE,VAF,S,BHZ
2025-03-30 13:14:47.807770,HE,OBF0,S,BHZ
2025-03-30 13:14:54.454280,HE,OBF3,S,BHZ
2025-03-30 13:14:56.697750,HE,ALAJF,S,?HZ
2025-04-02 13:33:38.882380,FN,KLF,P,BHZ
2025-04-02 13:33:38.973750,FN,RNF,P,BHZ
2025-04-02 13:33:44.730200,FN,RANF,P,?HZ
2025-04-02 13:33:48.933320,FN,SGF,P,BHZ
2025-04-02 13:33:49.664300,FN,KLF,S,BHZ
2025-04-02 13:33:49.938420,FN,RNF,S,BHZ
2025-04-02 13:33:50.395280,FN,OUL,P,BHZ
2025-04-02 13:33:51.774400,HE,OBF3,P,BHZ
2025-04-02 13:34:00.242560,FN,RANF,S,?HZ
2025-04-02 13:34:01.211360,FN,OLKF,P,BHZ
2025-04-02 13:34:07.769820,FN,SGF,S,BHZ
2025-04-02 13:34:09.857570,FN,OUL,S,BHZ
2025-04-02 13:34:12.141880,HE,OBF3,S,BHZ
2025-04-02 13:34:28.982980,FN,OLKF,S,BHZ
2025-04-03 04:43:16.514420,HE,HEF,P,BHZ
2025-04-03 04:43:18.326490,FN,KLF,P,BHZ
2025-04-03 04:43:25.164010,HE,HEF,S,BHZ
2025-04-03 04:43:28.962520,FN,KLF,S,BHZ
2025-04-03 04:43:50.855020,FN,SGF,S,BHZ
2025-04-03 04:43:58.372970,FN,RNF,S,BHZ
2025-04-03 04:44:06.114170,FN,KMNF,S,?HZ
2025-04-05 07:17:52.938770,FN,OLKF,P,BHZ
2025-04-05 07:17:53.425920,HE,KU6,P,BHZ
2025-04-05 07:17:55.088760,FN,MSF,P,BHZ
2025-04-05 07:17:56.591890,FN,OLKF,S,BHZ
2025-04-05 07:17:57.611760,HE,KU6,S,BHZ
2025-04-05 07:18:00.294050,FN,MSF,S,BHZ
2025-04-05 07:18:13.829930,FN,RNF,P,BHZ
2025-04-05 07:18:22.189810,FN,RANF,S,?HZ
2025-04-05 07:18:32.354160,FN,RNF,S,BHZ
2025-04-05 07:18:34.373360,HE,VRF,S,BHZ
2025-04-05 12:48:57.706360,FN,OUL,P,BHZ
2025-04-05 12:48:58.274690,FN,KLF,P,BHZ
2025-04-05 12:49:09.941340,HE,OBF3,S,BHZ
2025-04-05 12:49:15.214060,FN,OUL,S,BHZ
2025-04-05 12:49:15.214060,HE,OBF0,S,BHZ
2025-04-05 12:49:17.206290,FN,KLF,S,BHZ
2025-04-05 12:49:17.702210,FN,RNF,S,BHZ
2025-04-05 12:49:18.503820,HE,OBF8,S,BHZ
2025-04-05 12:49:19.404550,FN,RANF,S,?HZ
2025-04-06 17:26:01.512050,HE,HEF,P,BHZ
2025-04-06 17:26:03.527540,FN,KLF,P,BHZ
2025-04-06 17:26:10.878010,HE,HEF,S,BHZ
2025-04-06 17:26:13.056090,HE,KIF,P,BHZ
2025-04-06 17:26:14.466320,FN,KLF,S,BHZ
2025-04-06 17:26:17.184410,FN,SGF,P,BHZ
2025-04-06 17:26:21.532100,FN,RNF,P,BHZ
2025-04-06 17:26:24.903700,FN,KMNF,P,?HZ
2025-04-06 17:26:29.195650,FN,RAJF,P,?HZ
2025-04-06 17:26:29.792150,HE,KIF,S,BHZ
2025-04-06 17:26:37.682150,FN,SGF,S,BHZ
2025-04-06 17:26:45.326940,FN,RNF,S,BHZ
2025-04-06 17:26:49.890450,FN,KMNF,S,?HZ
2025-04-06 17:26:56.325840,FN,RAJF,S,?HZ
2025-04-08 15:36:01.767370,FN,MSF,P,BHZ
2025-04-08 15:36:01.958800,HE,KU6,P,BHZ
2025-04-08 15:36:02.941180,FN,OLKF,P,BHZ
2025-04-08 15:36:04.941250,FN,MSF,S,BHZ
2025-04-08 15:36:05.343910,HE,KU6,S,BHZ
2025-04-08 15:36:06.690280,FN,OLKF,S,BHZ
2025-04-08 15:36:16.142420,FN,RANF,P,?HZ
2025-04-08 15:36:22.951400,FN,RNF,P,BHZ
2025-04-08 15:36:29.243610,FN,RANF,S,?HZ
2025-04-08 15:36:41.556070,FN,RNF,S,BHZ
2025-04-08 15:36:48.503500,FN,OUL,S,BHZ
2025-04-08 15:36:50.465320,FN,SGF,S,BHZ
2025-04-08 15:36:51.309180,HE,RMF,S,BHZ
2025-04-08 15:37:10.322960,FN,KLF,S,BHZ
2025-04-09 17:59:07.940040,HE,OBF8,P,BHZ
2025-04-09 17:59:10.246700,HE,OBF0,P,BHZ
2025-04-09 17:59:11.495370,HE,OBF3,P,BHZ
2025-04-09 17:59:18.156370,HE,OBF8,S,BHZ
2025-04-09 17:59:19.923420,FN,OUL,P,BHZ
2025-04-09 17:59:21.752520,HE,OBF0,S,BHZ
2025-04-09 17:59:24.118850,HE,OBF3,S,BHZ
2025-04-09 17:59:27.876410,HE,VAF,P,BHZ
2025-04-09 17:59:28.406610,HE,ALAJF,P,?HZ
2025-04-09 17:59:30.377380,FN,RANF,P,?HZ
2025-04-09 17:59:31.200530,FN,RNF,P,BHZ
2025-04-09 17:59:33.527610,FN,KLF,P,BHZ
2025-04-09 17:59:38.480400,FN,OUL,S,BHZ
2025-04-09 17:59:52.177220,HE,VAF,S,BHZ
2025-04-09 17:59:53.128790,HE,ALAJF,S,?HZ
2025-04-09 17:59:56.572810,FN,RANF,S,?HZ
2025-04-09 18:00:00.378540,FN,RNF,S,BHZ
2025-04-09 18:00:05.032710,FN,KLF,S,BHZ
2025-04-09 20:00:30.593300,HE,OBF0,S,BHZ
2025-04-09 20:00:32.777720,HE,OBF3,S,BHZ
2025-04-09 20:00:47.191460,FN,OUL,S,BHZ
2025-04-09 20:01:00.481170,HE,VAF,S,BHZ
2025-04-09 20:01:05.475450,FN,RANF,S,?HZ
2025-04-12 09:40:33.561430,FN,KLF,P,BHZ
2025-04-12 09:40:40.848830,FN,RNF,P,BHZ
2025-04-12 09:40:51.710680,FN,KLF,S,BHZ
2025-04-12 09:41:02.875350,FN,RNF,S,BHZ
2025-04-12 09:41:05.957650,HE,OBF3,S,BHZ
2025-04-12 09:41:08.850960,HE,OBF0,S,BHZ
2025-04-12 09:41:09.371980,FN,OUL,S,BHZ
2025-04-12 09:41:10.658000,FN,RANF,S,?HZ
2025-04-12 20:35:59.119750,HE,OBF3,P,BHZ
2025-04-12 20:36:00.462050,HE,OBF8,P,BHZ
2025-04-12 20:36:00.729890,HE,OBF0,P,BHZ
2025-04-12 20:36:05.130220,FN,OUL,P,BHZ
2025-04-12 20:36:09.818220,FN,KLF,P,BHZ
2025-04-12 20:36:10.174740,FN,RANF,P,?HZ
2025-04-12 20:36:10.281570,FN,RNF,P,BHZ
2025-04-12 20:36:15.487990,HE,OBF3,S,BHZ
2025-04-12 20:36:17.750850,HE,OBF8,S,BHZ
2025-04-12 20:36:18.114690,HE,OBF0,S,BHZ
2025-04-12 20:36:24.930620,FN,OUL,S,BHZ
2025-04-12 20:36:32.180150,FN,KLF,S,BHZ
2025-04-12 20:36:33.861160,FN,RNF,S,BHZ
2025-04-12 20:36:35.352260,FN,RANF,S,?HZ
2025-04-13 02:17:22.212330,HE,OBF0,P,BHZ
2025-04-13 02:17:25.312060,HE,OBF3,P,BHZ
2025-04-13 02:17:31.303420,HE,VAF,P,BHZ
2025-04-13 02:17:38.812700,HE,OBF0,S,BHZ
2025-04-13 02:17:44.553930,HE,OBF3,S,BHZ
2025-04-13 02:17:53.852440,HE,VAF,S,BHZ
2025-04-13 02:18:00.425760,HE,ALAJF,S,?HZ
2025-04-13 02:18:00.875100,FN,OUL,S,BHZ
2025-04-14 00:11:48.895590,FN,KLF,P,BHZ
2025-04-14 00:11:52.702090,FN,KLF,S,BHZ
2025-04-14 00:12:00.516970,FN,RNF,P,BHZ
2025-04-14 00:12:13.033910,FN,RNF,S,BHZ
2025-04-14 00:12:19.996860,FN,SGF,S,BHZ
2025-04-14 00:12:27.502870,HE,HEF,S,BHZ
2025-04-14 00:12:29.905760,FN,RANF,S,?HZ
2025-04-16 00:28:25.721260,HE,KIF,P,BHZ
2025-04-16 00:28:32.259560,HE,HEF,P,BHZ
2025-04-16 00:28:38.710080,HE,KIF,S,BHZ
2025-04-16 00:28:49.971610,HE,HEF,S,BHZ
2025-04-16 00:29:19.833440,FN,SGF,S,BHZ
2025-04-20 19:05:16.025510,HE,KU6,P,BHZ
2025-04-20 19:05:17.457850,FN,MSF,P,BHZ
2025-04-20 19:05:17.617760,FN,OLKF,P,BHZ
2025-04-20 19:05:19.671820,HE,KU6,S,BHZ
2025-04-20 19:05:22.103120,FN,MSF,S,BHZ
2025-04-20 19:05:22.159470,FN,OLKF,S,BHZ
2025-04-20 19:05:45.713020,FN,RANF,S,?HZ
2025-04-20 19:05:56.713080,FN,RNF,S,BHN
2025-04-22 03:48:40.564320,HE,VJF,P,?HZ
2025-04-22 03:48:41.602630,HE,FIA1,P,?HZ
2025-04-22 03:48:41.708290,HE,FIA0,P,?HZ
2025-04-22 03:48:47.731780,HE,VJF,S,?HZ
2025-04-22 03:48:49.367630,HE,FIA1,S,?HZ
2025-04-22 03:48:49.389840,HE,FIA0,S,?HZ
2025-04-22 03:48:55.626900,HE,VJF,S,?HZ
2025-04-22 03:48:55.856340,HE,FIA1,S,?HZ
2025-04-22 03:48:55.911760,HE,FIA0,S,?HZ
2025-04-23 18:35:06.518810,HE,OBF8,P,BHZ
2025-04-23 18:35:09.933410,HE,VAF,P,BHZ
2025-04-23 18:35:12.801970,HE,OBF0,P,BHZ
2025-04-23 18:35:15.977610,HE,ALAJF,P,?HZ
2025-04-23 18:35:17.612440,HE,OBF3,P,BHZ
2025-04-23 18:35:20.993080,HE,OBF8,S,BHZ
2025-04-23 18:35:26.204010,HE,KPF,P,BHZ
2025-04-23 18:35:26.691890,HE,VAF,S,BHZ
2025-04-23 18:35:26.988750,FN,OUL,P,BHZ
2025-04-23 18:35:29.302110,HE,KEF,P,?HZ
2025-04-23 18:35:31.979210,HE,OBF0,S,BHZ
2025-04-23 18:35:37.703140,HE,ALAJF,S,?HZ
2025-04-23 18:35:40.407650,HE,OBF3,S,BHZ
2025-04-23 18:35:55.958620,HE,KPF,S,BHZ
2025-04-23 18:35:57.004770,FN,OUL,S,BHZ
2025-04-23 18:36:00.732250,HE,KEF,S,?HZ
2025-04-25 18:29:02.319750,HE,FIA0,P,?HZ
2025-04-25 18:29:02.319750,HE,FIA1,P,?HZ
2025-04-25 18:29:09.335970,HE,VJF,S,?HZ
2025-04-25 18:29:10.077910,HE,FIA0,S,?HZ
2025-04-25 18:29:10.225180,HE,FIA1,S,?HZ
2025-04-25 18:37:56.525740,HE,VJF,P,?HZ
2025-04-25 18:37:56.849130,HE,FIA0,P,?HZ
2025-04-25 18:37:56.849130,HE,FIA1,P,?HZ
2025-04-25 18:38:04.522090,HE,VJF,S,?HZ
2025-04-25 18:38:04.672560,HE,FIA1,S,?HZ
2025-04-25 18:38:04.681160,HE,FIA0,S,?HZ
2025-04-25 18:38:23.749200,HE,KAF,S,?HZ
2025-04-25 18:38:26.089110,HE,MEF,S,BHZ
2025-04-25 18:38:33.039870,HE,KEF,S,?HZ
2025-04-25 18:38:33.234810,HE,VJF,P,?HZ
2025-04-25 18:38:37.217650,HE,RUF,P,BHZ
2025-04-25 18:38:39.316300,HE,VJF,S,?HZ
2025-04-25 18:38:42.641080,HE,SUF,S,BHZ
2025-04-25 18:38:46.111350,HE,RUF,S,BHZ
2025-04-25 18:38:48.036490,HE,FIA1,P,?HZ
2025-04-25 18:38:48.036490,HE,FIA0,P,?HZ
2025-04-25 18:38:54.510000,HE,KAF,P,?HZ
2025-04-25 18:38:57.480000,HE,NUR,P,SHZ
2025-04-25 18:38:58.810000,HE,HEL5,P,BHZ
2025-04-25 18:39:00.060000,HE,MEF,P,BHZ
2025-04-25 18:39:02.610000,HE,KEF,P,?HZ
2025-04-25 18:39:04.826820,HE,FIA1,S,?HZ
2025-04-25 18:39:04.826820,HE,FIA0,S,?HZ
2025-04-25 18:39:16.290000,HE,KAF,S,?HZ
2025-04-25 18:39:17.760000,HE,VUOS,S,BHZ
2025-04-25 18:39:19.900000,HE,KUNI,S,BHZ
2025-04-25 18:39:20.580000,HE,RSUO,S,BHZ
2025-04-25 18:39:21.370000,HE,HEL1,S,BHZ
2025-04-25 18:39:21.710000,HE,LAUT,S,BHZ
2025-04-25 18:39:21.820000,HE,NUR,S,SHZ
2025-04-25 18:39:23.510000,HE,HEL5,S,BHZ
2025-04-25 18:39:26.440000,HE,MEF,S,BHZ
2025-04-25 18:39:30.840000,HE,KEF,S,?HZ
2025-04-25 21:09:04.614510,HE,VJF,P,?HZ
2025-04-25 21:09:06.521090,HE,FIA0,P,?HZ
2025-04-25 21:09:06.521090,HE,FIA1,P,?HZ
2025-04-25 21:09:11.509460,HE,VJF,S,?HZ
2025-04-25 21:09:14.539270,HE,FIA1,S,?HZ
2025-04-25 21:09:14.539270,HE,FIA0,S,?HZ
2025-04-25 21:09:31.728170,HE,KAF,S,?HZ
2025-04-25 21:13:28.661830,HE,FIA1,P,?HZ
2025-04-25 21:13:28.661830,HE,FIA0,P,?HZ
2025-04-25 21:13:33.620300,HE,VJF,S,?HZ
2025-04-25 21:13:36.631170,HE,FIA1,S,?HZ
2025-04-25 21:13:36.631170,HE,FIA0,S,?HZ
2025-04-25 21:22:25.672810,HE,VJF,S,?HZ
2025-04-25 21:47:34.717510,HE,VJF,P,?HZ
2025-04-25 21:47:35.101430,HE,FIA0,P,?HZ
2025-04-25 21:47:35.142890,HE,FIA1,P,?HZ
2025-04-25 21:47:42.714530,HE,VUOS,P,BHZ
2025-04-25 21:47:42.810860,HE,VJF,S,?HZ
2025-04-25 21:47:42.996900,HE,FIA0,S,?HZ
2025-04-25 21:47:43.013450,HE,FIA1,S,?HZ
2025-04-25 21:47:43.264850,HE,KUNI,P,BHZ
2025-04-25 21:47:46.104270,HE,RUF,P,BHZ
2025-04-25 21:47:46.270180,HE,KAF,P,?HZ
2025-04-25 21:47:47.581060,HE,MEF,P,BHZ
2025-04-25 21:47:51.845850,HE,KEF,P,?HZ
2025-04-25 21:47:55.841890,HE,VUOS,S,BHZ
2025-04-25 21:47:57.270600,HE,SUF,P,BHZ
2025-04-25 21:47:59.938770,HE,TVF,P,BHZ
2025-04-25 21:48:02.707900,HE,KAF,S,?HZ
2025-04-25 21:48:03.000550,HE,RUF,S,BHZ
2025-04-25 21:48:04.379000,HE,MEF,S,BHZ
2025-04-25 21:48:05.672450,HE,RAF,P,BHZ
2025-04-25 21:48:06.269050,HE,KPF,P,BHZ
2025-04-25 21:48:11.867110,HE,KEF,S,?HZ
2025-04-25 21:48:20.591460,HE,SUF,S,BHZ
2025-04-25 21:48:25.240250,HE,TVF,S,BHZ
2025-04-25 21:48:36.736600,HE,RAF,S,BHZ
2025-04-25 21:48:37.032390,HE,KPF,S,BHZ
2025-04-25 21:48:41.651010,HE,ALAJF,S,?HZ
2025-04-25 21:48:42.228340,HE,NIF,S,BHZ
2025-04-25 23:50:39.786910,HE,FIA1,P,?HZ
2025-04-25 23:50:39.786910,HE,FIA0,P,?HZ
2025-04-25 23:50:48.038570,HE,FIA1,S,?HZ
2025-04-25 23:50:48.038570,HE,FIA0,S,?HZ
2025-04-26 20:37:34.030000,HE,KEV,P,?HZ
2025-04-26 20:37:36.610000,FN,KMNF,P,?HZ
2025-04-26 20:37:39.150000,HE,HEF,P,BHZ
2025-04-26 20:37:46.548510,HE,KEV,S,?HZ
2025-04-26 20:37:51.166390,FN,KMNF,S,?HZ
2025-04-26 20:37:55.930000,HE,HEF,S,BHZ
2025-04-26 20:37:57.311880,HE,KIF,S,BHZ
2025-04-26 20:38:13.773030,FN,RAJF,S,?HZ
2025-04-26 20:38:29.575730,FN,KLF,S,BHZ
2025-04-27 01:22:02.862280,FN,OLKF,P,BHZ
2025-04-27 01:22:03.615280,FN,MSF,P,BHZ
2025-04-27 01:22:04.796270,HE,KU6,P,BHZ
2025-04-27 01:22:06.720110,FN,OLKF,S,BHZ
2025-04-27 01:22:07.808900,FN,MSF,S,BHZ
2025-04-27 01:22:09.975430,HE,KU6,S,BHZ
2025-04-27 01:22:14.754710,FN,RANF,P,?HZ
2025-04-27 01:22:21.162910,FN,RNF,P,BHZ
2025-04-27 01:22:26.986740,FN,RANF,S,?HZ
2025-04-27 01:22:37.856730,FN,RNF,S,BHZ
2025-04-27 01:22:45.400310,HE,VRF,S,BHZ
2025-04-27 01:22:46.301300,FN,SGF,S,BHZ
2025-04-27 01:22:47.992960,FN,OUL,S,BHZ
2025-04-27 05:35:57.567110,FN,KLF,P,BHZ
2025-04-27 05:36:00.681410,HE,HEF,P,BHZ
2025-04-27 05:36:06.674860,FN,KLF,S,BHZ
2025-04-27 05:36:11.769820,HE,KIF,P,BHZ
2025-04-27 05:36:12.255500,HE,HEF,S,BHZ
2025-04-27 05:36:12.702860,FN,SGF,P,BHZ
2025-04-27 05:36:15.058360,FN,RNF,P,BHZ
2025-04-27 05:36:31.308030,HE,KIF,S,BHZ
2025-04-27 05:36:32.591160,FN,SGF,S,BHZ
2025-04-27 05:36:37.115230,FN,RNF,S,BHZ
2025-04-27 07:10:40.602040,FN,KLF,P,BHZ
2025-04-27 07:10:49.496520,FN,KLF,S,BHZ
2025-04-27 07:10:55.319850,HE,HEF,S,BHZ
2025-04-27 07:11:14.375850,HE,KIF,S,BHZ
2025-04-27 07:11:14.944880,FN,SGF,S,BHZ
2025-04-27 07:11:19.802250,FN,RNF,S,BHZ
2025-04-27 17:08:01.010000,UP,AAL,S,BHZ
2025-04-27 17:08:14.370000,HE,RAF,S,BHZ
2025-04-27 17:08:17.360000,HE,KPF,S,BHZ
2025-04-30 12:04:15.950110,HE,VJF,P,?HZ
2025-04-30 12:04:17.539240,HE,VJF,S,?HZ
2025-04-30 12:04:34.669420,HE,VUOS,P,BHZ
2025-04-30 12:04:35.317940,HE,FIA0,P,?HZ
2025-04-30 12:04:35.317940,HE,FIA1,P,?HZ
2025-04-30 12:04:35.694240,HE,RUF,P,BHZ
2025-04-30 12:04:36.390850,HE,KUNI,P,BHZ
2025-04-30 12:04:37.432020,HE,LAUT,P,BHZ
2025-04-30 12:04:38.433900,HE,HEL5,P,BHZ
2025-04-30 12:04:38.514210,HE,NUR,P,SHZ
2025-04-30 12:04:41.392240,HE,MEF,P,BHZ
2025-04-30 12:04:44.964760,HE,KAF,P,?HZ
2025-04-30 12:04:50.045860,HE,VUOS,S,BHZ
2025-04-30 12:04:50.973030,HE,TVF,P,BHZ
2025-04-30 12:04:51.306920,HE,KEF,P,?HZ
2025-04-30 12:04:51.676000,HE,FIA1,S,?HZ
2025-04-30 12:04:51.681370,HE,FIA0,S,?HZ
2025-04-30 12:04:52.312280,HE,RUF,S,BHZ
2025-04-30 12:04:52.930400,HE,KUNI,S,BHZ
2025-04-30 12:04:53.033420,HE,RSUO,S,BHZ
2025-04-30 12:04:53.857570,HE,HEL1,S,BHZ
2025-04-30 12:04:54.269650,HE,LAUT,S,BHZ
2025-04-30 12:04:55.126200,HE,SUF,P,BHZ
2025-04-30 12:04:56.330030,HE,HEL5,S,BHZ
2025-04-30 12:04:56.536070,HE,NUR,S,SHZ
2025-04-30 12:05:01.068920,HE,MEF,S,BHZ
2025-04-30 12:05:08.280260,HE,KAF,S,?HZ
2025-04-30 12:05:18.891240,HE,KEF,S,?HZ
2025-04-30 12:05:19.097280,HE,TVF,S,BHZ
2025-04-30 12:05:25.896550,HE,SUF,S,BHZ
2025-04-30 16:11:28.779230,HE,VJF,P,?HZ
2025-04-30 16:11:30.490740,HE,VJF,S,?HZ
2025-04-30 16:11:48.157690,HE,FIA0,P,?HZ
2025-04-30 16:11:48.157690,HE,FIA1,P,?HZ
2025-04-30 16:11:53.419710,HE,MEF,P,BHZ
2025-04-30 16:12:02.452970,HE,VUOS,S,BHZ
2025-04-30 16:12:04.254900,HE,FIA0,S,?HZ
2025-04-30 16:12:04.254900,HE,FIA1,S,?HZ
2025-04-30 16:12:04.375030,HE,RUF,S,BHN
2025-04-30 16:12:13.384660,HE,MEF,S,BHZ
2025-04-30 16:12:20.614730,HE,KAF,S,?HZ
2025-04-30 16:12:32.564470,HE,KEF,S,?HZ
2025-04-30 16:12:33.205860,HE,TVF,S,BHZ
2025-04-30 21:38:52.695450,HE,VJF,P,?HN
2025-04-30 21:38:54.360400,HE,VJF,S,?HN
2025-04-30 21:39:11.543050,HE,VUOS,P,BHZ
2025-04-30 21:39:12.057570,HE,FIA0,P,?HZ
2025-04-30 21:39:12.057570,HE,FIA1,P,?HZ
2025-04-30 21:39:12.499520,HE,RUF,P,BHE
2025-04-30 21:39:13.058910,HE,KUNI,P,BHZ
2025-04-30 21:39:13.696130,HE,HEL1,P,BHZ
2025-04-30 21:39:14.151280,HE,LAUT,P,BHZ
2025-04-30 21:39:14.970560,HE,NUR,P,SHZ
2025-04-30 21:39:17.701490,HE,MEF,P,BHZ
2025-04-30 21:39:21.615830,HE,KAF,P,?HZ
2025-04-30 21:39:26.622530,HE,VUOS,S,BHZ
2025-04-30 21:39:27.770290,HE,KEF,P,?HZ
2025-04-30 21:39:28.121780,HE,FIA0,S,?HZ
2025-04-30 21:39:28.121780,HE,FIA1,S,?HZ
2025-04-30 21:39:28.716250,HE,RUF,S,BHN
2025-04-30 21:39:29.535530,HE,KUNI,S,BHZ
2025-04-30 21:39:30.498530,HE,HEL1,S,BHZ
2025-04-30 21:39:30.892610,HE,LAUT,S,BHZ
2025-04-30 21:39:33.388510,HE,NUR,S,SHZ
2025-04-30 21:39:37.723490,HE,MEF,S,BHZ
2025-04-30 21:39:44.737710,HE,KAF,S,?HZ
2025-04-30 21:39:56.312570,HE,TVF,S,BHZ
2025-04-30 21:39:56.776670,HE,KEF,S,?HZ
2025-04-30 21:40:02.345900,HE,SUF,S,BHZ
2025-05-01 06:33:41.570070,HE,KIF,P,BHZ
2025-05-01 06:33:46.255260,HE,HEF,P,BHZ
2025-05-01 06:33:47.646070,FN,KLF,P,BHZ
2025-05-01 06:33:59.699740,HE,KIF,S,BHZ
2025-05-01 06:34:08.276390,HE,HEF,S,BHZ
2025-05-01 06:34:10.594400,FN,KLF,S,BHZ
2025-05-01 06:34:39.105980,FN,RNF,S,BHZ
2025-05-02 07:29:43.535450,HE,HEF,P,BHZ
2025-05-02 07:29:48.896100,HE,HEF,S,BHZ
2025-05-02 07:29:51.260200,HE,KIF,P,BHZ
2025-05-02 07:29:59.011410,FN,KLF,P,BHZ
2025-05-02 07:30:02.781410,HE,KIF,S,BHZ
2025-05-02 07:30:16.336860,FN,KLF,S,BHZ
2025-05-02 07:30:27.043310,FN,SGF,S,BHZ
2025-05-07 10:46:38.500000,HE,VJF,P,?HZ
2025-05-07 10:46:42.230000,HE,VJF,S,?HZ
2025-05-07 10:46:54.670000,HE,FIA0,P,?HZ
2025-05-07 10:46:54.680000,HE,FIA1,P,?HZ
2025-05-07 10:46:59.460000,HE,RUF,S,BHZ
2025-05-07 10:47:09.610000,HE,FIA1,S,?HZ
2025-05-07 10:47:09.610000,HE,FIA0,S,?HZ
2025-05-09 03:31:49.448680,HE,HEF,P,BHZ
2025-05-09 03:31:52.024820,FN,KLF,P,BHZ
2025-05-09 03:31:58.399660,HE,HEF,S,BHZ
2025-05-09 03:32:01.244650,HE,KIF,P,BHZ
2025-05-09 03:32:02.547670,FN,KLF,S,BHZ
2025-05-09 03:32:04.527250,FN,SGF,P,BHZ
2025-05-09 03:32:18.754700,HE,KIF,S,BHZ
2025-05-09 03:32:24.388550,FN,SGF,S,BHZ
2025-05-09 03:32:31.916440,FN,RNF,S,BHZ
2025-05-09 03:32:39.536520,FN,KMNF,S,?HZ
2025-05-09 03:32:43.726960,FN,RAJF,S,?HZ
2025-05-09 03:32:51.409450,HE,KEV,S,?HZ
2025-05-09 03:32:53.504670,FN,RANF,S,?HZ
2025-05-09 03:32:56.531100,HE,VRF,S,BHZ
2025-05-10 00:12:51.886470,HE,VJF,P,?HZ
2025-05-10 00:12:53.508210,HE,VJF,S,?HZ
2025-05-10 00:13:11.560840,HE,FIA1,P,?HZ
2025-05-10 00:13:11.778780,HE,FIA0,P,?HZ
2025-05-10 00:13:26.795910,HE,KEF,P,?HZ
2025-05-10 00:13:27.572820,HE,FIA0,S,?HZ
2025-05-10 00:13:27.572820,HE,FIA1,S,?HZ
2025-05-10 00:13:27.974830,HE,RUF,S,BHZ
2025-05-10 00:13:28.538560,HE,KUNI,S,BHZ
2025-05-10 00:13:29.323430,HE,HEL1,S,BHZ
2025-05-10 00:13:36.721860,HE,MEF,S,BHZ
2025-05-10 00:13:43.778990,HE,KAF,S,?HZ
2025-05-10 00:13:55.618760,HE,KEF,S,?HZ
2025-05-10 20:37:02.187920,FN,KLF,P,BHZ
2025-05-10 20:37:06.792380,FN,KLF,S,BHZ
2025-05-10 20:37:11.161690,FN,RNF,P,BHZ
2025-05-10 20:37:16.085560,FN,SGF,P,BHZ
2025-05-10 20:37:20.626080,FN,RANF,P,?HZ
2025-05-10 20:37:22.195160,FN,RNF,S,BHZ
2025-05-10 20:37:22.394140,HE,HEF,P,BHZ
2025-05-10 20:37:31.137860,FN,SGF,S,BHZ
2025-05-10 20:37:39.053000,FN,RANF,S,?HZ
2025-05-10 20:37:42.109830,HE,HEF,S,BHZ
2025-05-10 20:37:54.524460,FN,OUL,S,BHZ
2025-05-10 20:37:57.946190,HE,OBF3,S,BHZ
2025-05-10 20:38:00.412360,FN,OLKF,S,BHZ
2025-05-10 20:38:00.915100,FN,MSF,S,BHZ
2025-05-11 01:38:36.942660,FN,KLF,P,BHZ
2025-05-11 01:38:41.661470,FN,KLF,S,BHZ
2025-05-11 01:38:46.171880,FN,RNF,P,BHZ
2025-05-11 01:38:55.953350,FN,RANF,P,?HZ
2025-05-11 01:38:57.544250,FN,RNF,S,BHZ
2025-05-11 01:38:57.676990,HE,HEF,P,BHZ
2025-05-11 01:39:06.365680,FN,SGF,S,BHZ
2025-05-11 01:39:14.269850,FN,RANF,S,?HZ
2025-05-11 01:39:17.411570,HE,HEF,S,BHZ
2025-05-11 01:39:29.629380,FN,OUL,S,BHZ
2025-05-11 01:39:31.840220,HE,OBF3,S,BHZ
2025-05-11 01:39:38.189120,FN,OLKF,S,BHZ
2025-05-11 01:39:38.764680,FN,MSF,S,BHZ
2025-05-12 03:11:41.837830,HE,OBF8,P,BHZ
2025-05-12 03:11:44.140400,HE,OBF0,P,BHZ
2025-05-12 03:11:45.006510,HE,OBF3,P,BHZ
2025-05-12 03:11:53.228740,FN,OUL,P,BHZ
2025-05-12 03:11:53.517110,HE,OBF8,S,BHZ
2025-05-12 03:11:57.382390,HE,OBF0,S,BHZ
2025-05-12 03:11:59.218590,HE,OBF3,S,BHZ
2025-05-12 03:12:00.936810,HE,VAF,P,BHZ
2025-05-12 03:12:01.615130,FN,RANF,P,?HZ
2025-05-12 03:12:03.182410,HE,ALAJF,P,?HZ
2025-05-12 03:12:03.865290,FN,RNF,P,BHZ
2025-05-12 03:12:04.291930,FN,KLF,P,BHZ
2025-05-12 03:12:13.026720,FN,OUL,S,BHZ
2025-05-12 03:12:27.414490,HE,VAF,S,BHZ
2025-05-12 03:12:28.011800,HE,ALAJF,S,?HZ
2025-05-12 03:12:29.858680,FN,RANF,S,?HZ
2025-05-12 03:12:33.710600,FN,RNF,S,BHZ
2025-05-12 03:12:34.289630,FN,KLF,S,BHZ
2025-05-14 21:24:07.694860,HE,VJF,P,?HZ
2025-05-14 21:24:09.415000,HE,VJF,S,?HZ
2025-05-14 21:24:26.700660,HE,VUOS,P,BHZ
2025-05-14 21:24:27.226180,HE,FIA0,P,?HZ
2025-05-14 21:24:27.226180,HE,FIA1,P,?HZ
2025-05-14 21:24:30.238160,HE,NUR,P,SHZ
2025-05-14 21:24:32.730300,HE,MEF,P,BHZ
2025-05-14 21:24:41.774760,HE,VUOS,S,BHZ
2025-05-14 21:24:42.966220,HE,FIA0,S,?HZ
2025-05-14 21:24:42.966220,HE,FIA1,S,?HZ
2025-05-14 21:24:43.743500,HE,RUF,S,BHZ
2025-05-14 21:24:44.557670,HE,KUNI,S,BHZ
2025-05-14 21:24:45.717210,HE,HEL1,S,BHZ
2025-05-14 21:24:48.268210,HE,NUR,S,SHZ
2025-05-14 21:24:52.674490,HE,MEF,S,BHZ
2025-05-14 21:24:59.386370,HE,KAF,S,?HZ
2025-05-14 21:25:10.948500,HE,KEF,S,?HZ
2025-05-14 21:25:12.850580,HE,TVF,S,BHZ
2025-05-14 21:25:18.257440,HE,SUF,S,BHZ
2025-05-14 21:25:33.026670,HE,RAF,S,BHZ
2025-05-14 21:37:32.504460,HE,VJF,P,?HZ
2025-05-14 21:37:34.216210,HE,VJF,S,?HZ
2025-05-14 21:37:51.239990,HE,VUOS,P,BHZ
2025-05-14 21:37:51.875190,HE,FIA0,P,?HN
2025-05-14 21:37:51.875190,HE,FIA1,P,?HZ
2025-05-14 21:37:52.369430,HE,RUF,P,BHZ
2025-05-14 21:37:52.766360,HE,KUNI,P,BHZ
2025-05-14 21:37:53.639610,HE,HEL1,P,BHZ
2025-05-14 21:37:53.770540,HE,LAUT,P,BHZ
2025-05-14 21:37:54.909780,HE,NUR,P,SHZ
2025-05-14 21:37:54.962320,HE,HEL5,P,BHZ
2025-05-14 21:37:57.666270,HE,MEF,P,BHZ
2025-05-14 21:38:01.615260,HE,KAF,P,?HZ
2025-05-14 21:38:06.572830,HE,VUOS,S,BHZ
2025-05-14 21:38:07.779100,HE,KEF,P,?HZ
2025-05-14 21:38:08.108100,HE,FIA1,S,?HZ
2025-05-14 21:38:08.108100,HE,FIA0,S,?HE
2025-05-14 21:38:08.386210,HE,TVF,P,BHZ
2025-05-14 21:38:08.484770,HE,RUF,S,BHZ
2025-05-14 21:38:09.493780,HE,KUNI,S,BHZ
2025-05-14 21:38:09.935440,HE,RSUO,S,BHZ
2025-05-14 21:38:10.465440,HE,HEL1,S,BHZ
2025-05-14 21:38:11.172100,HE,LAUT,S,BHZ
2025-05-14 21:38:11.553260,HE,SUF,P,BHZ
2025-05-14 21:38:13.094690,HE,NUR,S,SHZ
2025-05-14 21:38:13.168530,HE,HEL5,S,BHZ
2025-05-14 21:38:17.534760,HE,MEF,S,BHZ
2025-05-14 21:38:24.549120,HE,KAF,S,?HZ
2025-05-14 21:38:36.050700,HE,KEF,S,?HZ
2025-05-14 21:38:36.343670,HE,TVF,S,BHZ
2025-05-14 21:38:41.913320,HE,SUF,S,BHZ
2025-05-14 21:45:34.811430,HE,VJF,P,?HZ
2025-05-14 21:45:36.537210,HE,VJF,S,?HZ
2025-05-14 21:45:53.399870,HE,VUOS,P,BHZ
2025-05-14 21:45:54.048230,HE,FIA0,P,?HZ
2025-05-14 21:45:54.048230,HE,FIA1,P,?HZ
2025-05-14 21:45:54.511340,HE,RUF,P,BHZ
2025-05-14 21:45:55.159690,HE,KUNI,P,BHZ
2025-05-14 21:45:57.197370,HE,HEL5,P,BHZ
2025-05-14 21:45:57.289990,HE,NUR,P,SHZ
2025-05-14 21:45:59.965670,HE,MEF,P,BHZ
2025-05-14 21:46:08.546310,HE,VUOS,S,BHZ
2025-05-14 21:46:09.937760,HE,KEF,P,?HZ
2025-05-14 21:46:10.164420,HE,FIA0,S,?HZ
2025-05-14 21:46:10.164420,HE,FIA1,S,?HZ
2025-05-14 21:46:10.865400,HE,RUF,S,BHZ
2025-05-14 21:46:11.561120,HE,KUNI,S,BHZ
2025-05-14 21:46:12.720670,HE,HEL1,S,BHN
2025-05-14 21:46:13.184490,HE,LAUT,S,BHZ
2025-05-14 21:46:15.271670,HE,HEL5,S,BHZ
2025-05-14 21:46:15.351240,HE,NUR,S,SHZ
2025-05-14 21:46:19.797090,HE,MEF,S,BHZ
2025-05-14 21:46:26.928970,HE,KAF,S,?HZ
2025-05-14 21:46:38.462580,HE,KEF,S,?HZ
2025-05-14 21:46:38.694490,HE,TVF,S,BHZ
2025-05-14 21:46:44.376120,HE,SUF,S,BHZ
2025-05-14 21:46:58.043290,HE,RAF,S,BHZ
2025-05-15 13:20:20.297190,FN,KLF,P,BHZ
2025-05-15 13:20:23.601100,FN,KLF,S,BHZ
2025-05-15 13:20:34.155760,FN,RNF,P,BHZ
2025-05-15 13:20:36.815590,FN,SGF,P,BHZ
2025-05-15 13:20:39.755580,HE,HEF,P,BHZ
2025-05-15 13:20:44.172170,FN,RANF,P,?HZ
2025-05-15 13:20:47.938700,FN,RNF,S,BHZ
2025-05-15 13:20:52.410320,FN,SGF,S,BHZ
2025-05-15 13:20:57.497850,HE,HEF,S,BHZ
2025-05-15 13:21:04.937250,FN,RANF,S,?HZ
2025-05-15 13:21:23.471980,HE,KIF,S,BHZ
2025-05-15 13:21:24.366760,FN,RAJF,S,?HZ
2025-05-15 13:21:27.306750,FN,OLKF,S,BHZ
2025-05-15 13:21:28.157350,HE,VRF,S,BHZ
2025-05-15 13:21:36.352310,HE,KU6,S,BHZ
2025-05-20 01:12:53.071600,HE,RAF,P,BHZ
2025-05-20 01:12:55.069650,HE,VAF,P,BHZ
2025-05-20 01:13:14.669620,HE,KPF,S,BHZ
2025-05-20 01:13:20.568630,HE,RAF,S,BHZ
2025-05-20 01:13:23.636020,HE,VAF,S,BHZ
2025-05-20 01:13:23.867670,UP,AAL,S,BHZ
2025-05-20 09:12:35.129950,FN,KLF,S,BHN
2025-05-20 09:12:48.930000,FN,RNF,S,BHZ
2025-05-20 09:13:02.380720,FN,OUL,S,BHE
2025-05-24 07:06:59.897710,FN,KLF,P,BHZ
2025-05-24 07:07:01.727040,HE,HEF,P,BHZ
2025-05-24 07:07:09.995320,FN,KLF,S,BHZ
2025-05-24 07:07:12.672390,HE,HEF,S,BHZ
2025-05-24 07:07:30.417540,HE,KIF,S,BHZ
2025-05-24 07:07:36.385120,FN,SGF,S,BHZ
2025-05-24 07:07:41.109840,FN,RNF,S,BHZ
2025-05-24 07:07:53.343360,FN,KMNF,S,?HZ
2025-05-24 07:07:57.146440,FN,RAJF,S,?HZ
2025-05-24 07:07:58.908440,FN,RANF,S,?HZ
2025-05-24 11:53:22.090980,HE,HEF,P,BHZ
2025-05-24 11:53:26.525310,FN,KMNF,P,?HZ
2025-05-24 11:53:29.588350,HE,KEV,P,?HZ
2025-05-24 11:53:29.915060,HE,KIF,P,BHZ
2025-05-24 11:53:31.787240,HE,HEF,S,BHZ
2025-05-24 11:53:37.021350,FN,RAJF,P,?HZ
2025-05-24 11:53:39.431640,FN,KMNF,S,?HZ
2025-05-24 11:53:44.520370,HE,KEV,S,?HZ
2025-05-24 11:53:45.049070,HE,KIF,S,BHZ
2025-05-24 11:53:58.605680,FN,RAJF,S,?HZ
2025-05-24 11:54:05.935420,FN,KLF,S,BHZ
2025-05-24 11:54:06.024400,FN,SGF,S,BHZ
2025-05-25 02:00:42.965550,HE,KIF,P,BHZ
2025-05-25 02:01:02.505320,HE,KIF,S,BHZ
2025-05-25 02:01:36.754930,HE,HEF,S,BHZ
2025-05-25 12:51:56.240000,UP,AAL,P,BHZ
2025-05-25 12:52:03.380000,HE,RAF,P,BHZ
2025-05-25 12:52:06.650000,HE,KPF,P,BHZ
2025-05-25 12:52:15.880000,UP,AAL,S,BHZ
2025-05-25 12:52:28.430000,HE,RAF,S,BHZ
2025-05-25 12:52:34.000000,HE,KPF,S,BHZ
2025-05-29 00:55:31.164600,HE,VAF,P,BHZ
2025-05-29 00:55:58.639150,HE,VAF,S,BHZ
2025-05-29 00:55:59.189710,HE,KPF,S,BHZ
2025-06-02 17:11:09.606400,FN,MSF,P,BHZ
2025-06-02 17:11:12.512390,FN,MSF,S,BHZ
2025-06-02 17:11:15.857710,HE,KU6,P,BHZ
2025-06-02 17:11:17.119180,FN,OLKF,P,BHZ
2025-06-02 17:11:20.726640,FN,RANF,P,?HZ
2025-06-02 17:11:22.528140,HE,KU6,S,BHZ
2025-06-02 17:11:25.185710,FN,OLKF,S,BHZ
2025-06-02 17:11:29.790150,FN,OUL,P,BHZ
2025-06-02 17:11:30.655240,FN,RNF,P,BHZ
2025-06-02 17:11:31.740390,FN,RANF,S,?HZ
2025-06-02 17:11:46.952320,FN,OUL,S,BHZ
2025-06-02 17:11:48.640990,FN,RNF,S,BHZ
2025-06-02 17:11:53.656010,HE,RMF,S,BHZ
2025-06-02 17:12:02.851640,HE,TOF,S,BHZ
2025-06-02 17:12:03.594530,FN,SGF,S,BHZ
2025-06-02 17:12:04.145580,HE,OBF3,S,BHZ
2025-06-03 10:07:35.795410,HE,VJF,P,?HZ
2025-06-03 10:07:38.972080,HE,VJF,S,?HZ
2025-06-03 10:07:54.502680,HE,FIA0,P,?HZ
2025-06-03 10:07:54.502680,HE,FIA1,P,?HZ
2025-06-03 10:08:09.061020,HE,KUNI,S,BHZ
2025-06-03 10:08:11.706540,HE,FIA0,S,?HZ
2025-06-03 10:08:11.706540,HE,FIA1,S,?HZ
2025-06-03 10:08:12.634780,HE,RUF,S,BHZ
2025-06-03 10:08:28.646820,HE,KAF,S,?HZ
2025-06-03 10:08:36.536810,HE,TVF,S,BHZ
2025-06-03 10:08:46.396320,HE,SUF,S,BHZ
2025-06-03 11:18:35.443950,HE,KU6,P,BHZ
2025-06-03 11:18:38.355170,HE,KU6,S,BHZ
2025-06-03 11:18:38.787550,FN,MSF,P,BHZ
2025-06-03 11:18:40.064170,FN,OLKF,P,BHZ
2025-06-03 11:18:44.067180,FN,MSF,S,BHZ
2025-06-03 11:18:46.011810,FN,OLKF,S,BHZ
2025-06-04 06:45:11.091600,FN,KLF,P,BHN
2025-06-04 06:45:17.838220,FN,KLF,S,BHZ
2025-06-04 06:45:18.778660,FN,RNF,P,BHZ
2025-06-04 06:45:31.116760,FN,RNF,S,BHZ
2025-06-04 06:45:52.068260,HE,HEF,S,BHZ
2025-06-05 03:02:40.952250,HE,KU6,P,BHZ
2025-06-05 03:02:41.908460,FN,MSF,P,BHZ
2025-06-05 03:02:43.838620,FN,OLKF,P,BHZ
2025-06-05 03:02:44.866260,HE,KU6,S,BHZ
2025-06-05 03:02:46.455550,FN,MSF,S,BHZ
2025-06-05 03:02:49.739920,FN,OLKF,S,BHZ
2025-06-05 03:02:56.274120,FN,RANF,P,?HZ
2025-06-05 03:03:03.138290,FN,RNF,P,BHZ
2025-06-05 03:03:05.903220,FN,OUL,P,BHZ
2025-06-05 03:03:08.749350,FN,SGF,P,BHZ
2025-06-05 03:03:10.908740,FN,RANF,S,?HZ
2025-06-05 03:03:11.094320,HE,TOF,P,BHZ
2025-06-05 03:03:14.114810,HE,OBF3,P,BHZ
2025-06-05 03:03:16.393850,FN,KLF,P,BHZ
2025-06-05 03:03:23.810630,FN,RNF,S,BHZ
2025-06-05 03:03:26.568810,HE,RMF,S,BHZ
2025-06-05 03:03:28.094950,FN,OUL,S,BHZ
2025-06-05 03:03:28.590760,HE,VRF,S,BHZ
2025-06-05 03:03:33.235530,FN,SGF,S,BHZ
2025-06-05 03:03:35.871250,HE,TOF,S,BHZ
2025-06-05 03:03:43.675540,HE,OBF3,S,BHZ
2025-06-05 03:03:47.004580,FN,KLF,S,BHZ
2025-06-07 19:15:46.855820,HE,RUF,P,BHZ
2025-06-07 19:15:49.961840,HE,VJF,P,?HZ
2025-06-07 19:15:53.203740,HE,RUF,S,BHZ
2025-06-07 19:15:56.698470,HE,FIA0,P,?HZ
2025-06-07 19:15:56.698470,HE,FIA1,P,?HZ
2025-06-07 19:15:58.913290,HE,VJF,S,?HZ
2025-06-07 19:16:01.917890,HE,KAF,P,?HZ
2025-06-07 19:16:10.287130,HE,FIA1,S,?HZ
2025-06-07 19:16:10.322330,HE,FIA0,S,?HZ
2025-06-07 19:16:11.320800,HE,SUF,P,BHZ
2025-06-07 19:16:11.679240,HE,KEF,P,?HZ
2025-06-07 19:16:17.099720,HE,NIF,P,BHZ
2025-06-07 19:16:18.353890,HE,JOF,P,BHZ
2025-06-07 19:16:18.913730,HE,KAF,S,?HZ
2025-06-07 19:16:33.804040,HE,NUR,S,SHZ
2025-06-07 19:16:34.476820,HE,SUF,S,BHZ
2025-06-07 19:16:35.455400,HE,KEF,S,?HZ
2025-06-07 19:16:39.947820,HE,MEF,S,BHZ
2025-06-07 19:16:45.230090,HE,NIF,S,BHZ
2025-06-07 19:16:46.723190,HE,JOF,S,BHZ
2025-06-08 04:27:01.061240,HE,TOF,P,BHZ
2025-06-08 04:27:09.116300,FN,KLF,P,BHZ
2025-06-08 04:27:13.067460,HE,TOF,S,BHZ
2025-06-08 04:27:13.621070,HE,OBF3,P,BHZ
2025-06-08 04:27:14.410070,FN,RNF,P,BHZ
2025-06-08 04:27:16.386720,HE,OBF0,P,BHZ
2025-06-08 04:27:17.097610,FN,OUL,P,BHZ
2025-06-08 04:27:18.150410,FN,RANF,P,?HZ
2025-06-08 04:27:25.163920,HE,HEF,P,BHZ
2025-06-08 04:27:27.354720,FN,KLF,S,BHZ
2025-06-08 04:27:34.585970,HE,OBF3,S,BHZ
2025-06-08 04:27:35.487680,FN,RNF,S,BHZ
2025-06-08 04:27:39.545400,HE,OBF0,S,BHZ
2025-06-08 04:27:40.447120,HE,OBF8,S,BHZ
2025-06-08 04:27:40.728910,FN,OUL,S,BHZ
2025-06-08 04:27:42.163300,FN,RANF,S,?HZ
2025-06-08 04:27:54.423440,HE,HEF,S,BHZ
2025-06-08 04:28:04.020020,FN,MSF,S,BHZ
2025-06-08 04:28:07.644230,FN,OLKF,S,BHZ
2025-06-08 13:39:51.070920,HE,NIF,P,BHZ
2025-06-08 13:39:53.833280,HE,NIF,S,BHZ
2025-06-08 13:40:07.843870,HE,SUF,P,BHZ
2025-06-08 13:40:13.085190,HE,JOF,P,BHZ
2025-06-08 13:40:14.485080,HE,KAF,P,?HZ
2025-06-08 13:40:20.786360,HE,ALAJF,P,?HZ
2025-06-08 13:40:20.823970,HE,RUF,P,BHZ
2025-06-08 13:40:21.419100,HE,KEF,P,?HZ
2025-06-08 13:40:22.064660,HE,SUF,S,BHZ
2025-06-08 13:40:22.194010,HE,RMF,S,BHZ
2025-06-08 13:40:31.129570,HE,JOF,S,BHZ
2025-06-08 13:40:33.811640,HE,KAF,S,?HZ
2025-06-08 13:40:44.629130,HE,ALAJF,S,?HZ
2025-06-08 13:40:45.557130,HE,RUF,S,BHZ
2025-06-08 13:40:46.106630,HE,KEF,S,?HZ
2025-06-08 13:40:46.973390,FN,OUL,S,BHZ
2025-06-08 13:40:50.793310,HE,OBF0,S,BHZ
2025-06-08 13:40:51.871410,HE,FIA1,S,?HZ
2025-06-08 13:40:52.128180,HE,FIA0,S,?HZ
2025-06-09 02:39:11.506640,HE,TOF,P,BHZ
2025-06-09 02:39:18.851620,HE,OBF3,P,BHZ
2025-06-09 02:39:20.447970,HE,TOF,S,BHZ
2025-06-09 02:39:23.166340,FN,OUL,P,BHZ
2025-06-09 02:39:27.345880,FN,RNF,P,BHZ
2025-06-09 02:39:27.519800,FN,KLF,P,BHZ
2025-06-09 02:39:27.718560,FN,RANF,P,?HZ
2025-06-09 02:39:34.070360,HE,OBF3,S,BHZ
2025-06-09 02:39:41.162050,FN,OUL,S,BHZ
2025-06-09 02:39:47.280460,FN,RNF,S,BHZ
2025-06-09 02:39:48.792110,FN,KLF,S,BHZ
2025-06-09 02:39:48.878840,FN,RANF,S,?HZ
2025-06-09 02:40:07.448800,FN,SGF,S,BHZ
2025-06-10 03:16:34.207270,FN,KLF,P,BHZ
2025-06-10 03:16:44.354340,FN,KLF,S,BHZ
2025-06-10 03:16:44.565040,HE,HEF,P,BHZ
2025-06-10 03:16:47.125210,HE,TOF,P,BHZ
2025-06-10 03:16:50.513160,FN,RNF,P,BHZ
2025-06-10 03:16:51.648170,FN,SGF,P,BHZ
2025-06-10 03:16:53.696310,HE,KIF,P,BHZ
2025-06-10 03:16:58.556500,FN,RANF,P,?HZ
2025-06-10 03:17:02.059520,HE,HEF,S,BHZ
2025-06-10 03:17:05.558420,HE,TOF,S,BHZ
2025-06-10 03:17:12.033040,FN,RNF,S,BHZ
2025-06-10 03:17:14.177660,FN,SGF,S,BHZ
2025-06-10 03:17:17.064080,HE,KIF,S,BHZ
2025-06-10 03:17:28.080500,FN,RANF,S,?HZ
2025-06-10 03:17:35.277890,HE,OBF3,S,BHZ
2025-06-10 03:17:39.978230,FN,OUL,S,BHZ
2025-06-13 14:37:57.058910,HE,RUF,P,BHZ
2025-06-13 14:38:02.540530,HE,RUF,S,BHZ
2025-06-13 14:38:16.230300,HE,VJF,P,?HZ
2025-06-13 14:38:16.284710,HE,JOF,P,BHZ
2025-06-13 14:38:20.543780,HE,KAF,P,?HZ
2025-06-13 14:38:21.250610,HE,FIA0,P,?HZ
2025-06-13 14:38:21.250610,HE,FIA1,P,?HZ
2025-06-13 14:38:24.467940,HE,NIF,P,BHZ
2025-06-13 14:38:25.759990,HE,SUF,P,BHZ
2025-06-13 14:38:35.652670,HE,JOF,S,BHZ
2025-06-13 14:38:35.652670,HE,VJF,S,?HZ
2025-06-13 14:38:43.003300,HE,KAF,S,?HZ
2025-06-13 14:38:44.810500,HE,FIA1,S,?HZ
2025-06-13 14:38:44.810500,HE,FIA0,S,?HZ
2025-06-13 14:38:51.152800,HE,NIF,S,BHZ
2025-06-13 14:38:52.870850,HE,SUF,S,BHZ
2025-06-13 14:39:01.941650,HE,KEF,S,?HZ
2025-06-15 21:37:55.061070,HE,KPF,P,BHZ
2025-06-15 21:37:56.040000,HE,VAF,P,BHZ
2025-06-15 21:38:21.671930,HE,KPF,S,BHZ
2025-06-15 21:38:26.254190,HE,VAF,S,BHZ
2025-06-15 21:38:44.578990,HE,ALAJF,S,?HZ
2025-06-15 21:38:47.190000,HE,OBF8,S,BHZ
2025-06-18 03:28:42.725330,HE,OBF8,P,BHZ
2025-06-18 03:28:46.861840,HE,OBF0,P,BHZ
2025-06-18 03:28:56.809420,HE,OBF8,S,BHZ
2025-06-18 03:29:04.637680,HE,OBF0,S,BHZ
2025-06-18 03:29:09.444980,HE,OBF3,S,BHZ
2025-06-18 03:29:18.399780,HE,TOF,S,BHZ
2025-06-18 03:29:19.192780,HE,VAF,S,BHZ
2025-06-18 03:29:23.157800,FN,OUL,S,BHZ
2025-06-18 03:29:24.545550,HE,ALAJF,S,?HZ
2025-06-18 16:35:58.032970,UP,AAL,P,BHZ
2025-06-18 16:36:02.139600,HE,RAF,P,BHZ
2025-06-18 16:36:02.535560,HE,KPF,P,BHZ
2025-06-18 16:36:23.834620,UP,AAL,S,BHZ
2025-06-18 16:36:30.860510,HE,RAF,S,BHZ
2025-06-18 16:36:31.930080,HE,KPF,S,BHZ
2025-06-21 04:21:59.058370,HE,KIF,P,BHZ
2025-06-21 04:22:06.737580,HE,HEF,P,BHZ
2025-06-21 04:22:09.790510,HE,KIF,S,BHZ
2025-06-21 04:22:23.156780,HE,HEF,S,BHZ
2025-06-21 04:22:36.152520,FN,KLF,S,BHZ
2025-06-21 04:22:59.277460,FN,KMNF,S,?HZ
2025-06-21 04:22:59.731850,HE,TOF,S,BHZ
2025-06-21 16:41:07.544280,HE,TOF,P,BHZ
2025-06-21 16:41:10.432460,FN,OUL,P,BHZ
2025-06-21 16:41:11.356630,HE,OBF3,P,BHZ
2025-06-21 16:41:14.216040,HE,TOF,S,BHZ
2025-06-21 16:41:17.125800,HE,OBF0,P,BHZ
2025-06-21 16:41:19.340040,FN,OUL,S,BHZ
2025-06-21 16:41:20.689670,HE,OBF3,S,BHZ
2025-06-21 16:41:26.844570,FN,KLF,P,BHZ
2025-06-21 16:41:30.417490,FN,MSF,P,BHZ
2025-06-21 16:41:31.297410,HE,OBF0,S,BHZ
2025-06-21 16:41:49.776030,FN,KLF,S,BHZ
2025-06-21 16:41:53.554460,FN,MSF,S,BHZ
2025-06-21 16:41:58.717270,FN,SGF,S,BHZ
2025-06-21 16:42:01.262380,FN,OLKF,S,BHZ
2025-06-21 16:42:04.341280,HE,KU6,S,BHZ
2025-06-21 16:42:15.773340,HE,RMF,S,BHZ
2025-06-21 16:42:17.317560,HE,VAF,S,BHZ
2025-06-21 18:04:10.194930,HE,OBF8,P,BHZ
2025-06-21 18:04:15.120960,HE,OBF0,P,BHZ
2025-06-21 18:04:18.673670,HE,OBF3,P,BHZ
2025-06-21 18:04:23.453680,HE,OBF8,S,BHZ
2025-06-21 18:04:23.574420,HE,VAF,P,BHZ
2025-06-21 18:04:25.412270,HE,TOF,P,BHZ
2025-06-21 18:04:26.867440,FN,OUL,P,BHZ
2025-06-21 18:04:31.472140,HE,OBF0,S,BHZ
2025-06-21 18:04:37.349450,HE,OBF3,S,BHZ
2025-06-21 18:04:46.051360,HE,VAF,S,BHZ
2025-06-21 18:04:49.724170,HE,TOF,S,BHZ
2025-06-21 18:04:51.099820,HE,ALAJF,S,?HZ
2025-06-21 18:04:53.124760,FN,OUL,S,BHZ
2025-06-21 18:05:14.560300,HE,SUF,S,BHZ
2025-06-21 18:05:15.090830,FN,KLF,S,BHZ
2025-06-21 18:05:16.022720,HE,KEF,S,?HZ
2025-06-21 18:05:25.767990,HE,NIF,S,BHZ
2025-06-21 18:05:26.259620,HE,KAF,S,?HZ
2025-06-22 03:55:58.245050,HE,OBF8,P,BHZ
2025-06-22 03:56:03.893280,HE,OBF0,P,BHZ
2025-06-22 03:56:05.362200,HE,VAF,P,BHZ
2025-06-22 03:56:07.617820,HE,OBF3,P,BHN
2025-06-22 03:56:13.167530,HE,OBF8,S,BHZ
2025-06-22 03:56:23.627210,HE,OBF0,S,BHZ
2025-06-22 03:56:25.963530,HE,VAF,S,BHZ
2025-06-22 03:56:30.199090,HE,OBF3,S,BHZ
2025-06-22 03:56:34.475010,HE,ALAJF,S,?HZ
2025-06-22 03:56:44.535670,HE,TOF,S,BHZ
2025-06-22 03:56:46.662850,FN,OUL,S,BHZ
2025-06-22 03:56:50.923970,HE,KPF,S,BHZ
2025-06-22 03:56:57.208560,HE,KEF,S,?HZ
2025-06-22 03:56:58.960510,HE,SUF,S,BHZ
2025-06-22 03:57:06.249530,HE,NIF,S,BHZ
2025-06-22 11:21:11.506170,FN,OLKF,P,BHZ
2025-06-22 11:21:12.254800,HE,VRF,P,BHZ
2025-06-22 11:21:13.508250,HE,KU6,P,BHZ
2025-06-22 11:21:18.307220,FN,MSF,P,BHZ
2025-06-22 11:21:23.464370,FN,OLKF,S,BHZ
2025-06-22 11:21:24.587860,HE,VRF,S,BHZ
2025-06-22 11:21:26.671770,FN,SGF,P,BHZ
2025-06-22 11:21:26.848450,HE,KU6,S,BHZ
2025-06-22 11:21:35.148930,FN,MSF,S,BHZ
2025-06-22 11:21:49.358990,FN,RAJF,S,?HZ
2025-06-22 11:21:50.116230,FN,SGF,S,BHZ
2025-06-22 11:22:17.110050,FN,KLF,S,BHZ
2025-06-22 11:22:18.198540,FN,OUL,S,BHZ
2025-06-22 11:22:18.673230,HE,TOF,S,BHZ
2025-06-24 20:33:11.265980,HE,OBF8,P,BHZ
2025-06-24 20:33:11.316470,HE,OBF3,P,BHZ
2025-06-24 20:33:11.950740,HE,OBF0,P,BHZ
2025-06-24 20:33:13.028600,HE,TOF,P,BHZ
2025-06-24 20:33:18.534090,FN,OUL,P,BHZ
2025-06-24 20:33:24.504140,HE,OBF8,S,BHZ
2025-06-24 20:33:25.011930,HE,OBF3,S,BHZ
2025-06-24 20:33:25.645970,HE,OBF0,S,BHZ
2025-06-24 20:33:28.879570,FN,KLF,P,BHZ
2025-06-24 20:33:31.743380,HE,ALAJF,P,?HZ
2025-06-24 20:33:36.945880,FN,OUL,S,BHZ
2025-06-24 20:33:56.818960,FN,KLF,S,BHZ
2025-06-24 20:33:59.629160,HE,VAF,S,BHZ
2025-06-24 20:34:00.061490,HE,ALAJF,S,?HZ
2025-06-26 01:41:15.145260,UP,AAL,S,BHZ
2025-06-26 01:41:22.290660,HE,KPF,S,BHZ
2025-06-28 15:41:48.016580,HE,VAF,P,BHZ
2025-06-28 15:41:51.861820,HE,OBF8,P,BHZ
2025-06-28 15:41:56.470700,HE,ALAJF,P,?HZ
2025-06-28 15:41:58.308550,HE,OBF0,P,BHZ
2025-06-28 15:42:00.950140,HE,VAF,S,BHZ
2025-06-28 15:42:03.553170,HE,OBF3,P,BHZ
2025-06-28 15:42:04.207670,HE,KPF,P,BHZ
2025-06-28 15:42:07.966450,HE,OBF8,S,BHZ
2025-06-28 15:42:10.519610,HE,KEF,P,?HZ
2025-06-28 15:42:13.640890,HE,SUF,P,BHZ
2025-06-28 15:42:15.542910,HE,ALAJF,S,?HZ
2025-06-28 15:42:16.712090,HE,RAF,P,BHZ
2025-06-28 15:42:19.005690,HE,OBF0,S,BHZ
2025-06-28 15:42:19.681610,HE,KAF,P,?HZ
2025-06-28 15:42:28.567010,HE,KPF,S,BHZ
2025-06-28 15:42:29.069070,HE,OBF3,S,BHZ
2025-06-28 15:42:40.412260,HE,KEF,S,?HZ
2025-06-28 15:42:42.079860,FN,OUL,S,BHZ
2025-06-28 15:42:45.491960,HE,SUF,S,BHZ
2025-06-28 15:42:47.551300,HE,TOF,S,BHZ
2025-06-28 15:42:51.570830,HE,RAF,S,BHZ
2025-06-28 15:42:56.285840,HE,KAF,S,?HZ
2025-06-28 15:43:01.104470,HE,NIF,S,BHZ
2025-06-29 20:15:32.257320,HE,FIA1,P,?HZ
2025-06-29 20:15:32.257320,HE,FIA0,P,?HZ
2025-06-29 20:15:36.946840,HE,FIA1,S,?HZ
2025-06-29 20:15:36.957070,HE,FIA0,S,?HZ
2025-06-29 20:15:39.989430,HE,VJF,P,?HZ
2025-06-29 20:15:43.623050,HE,KAF,P,?HZ
2025-06-29 20:15:45.914500,HE,NUR,P,SHZ
2025-06-29 20:15:49.289390,HE,KEF,P,?HZ
2025-06-29 20:15:50.531270,HE,VJF,S,?HZ
2025-06-29 20:15:50.594950,HE,MEF,P,BHZ
2025-06-29 20:15:56.398640,HE,KAF,S,?HZ
2025-06-29 20:16:00.087670,HE,NUR,S,SHZ
2025-06-29 20:16:01.930790,HE,KUNI,S,BHZ
2025-06-29 20:16:02.929150,HE,RUF,S,BHZ
2025-06-29 20:16:04.338060,HE,HEL1,S,BHZ
2025-06-29 20:16:05.905120,HE,KEF,S,?HZ
2025-06-29 20:16:05.946570,HE,RAF,P,BHZ
2025-06-29 20:16:07.245250,HE,NIF,P,BHZ
2025-06-29 20:16:07.273620,HE,HEL5,S,BHZ
2025-06-29 20:16:08.401630,HE,MEF,S,BHZ
2025-06-29 20:16:14.257330,HE,SUF,S,BHZ
2025-06-29 20:16:31.367340,HE,KPF,S,BHZ
2025-06-29 20:16:35.300410,HE,ALAJF,S,?HZ
2025-06-29 20:16:35.353590,HE,RAF,S,BHZ
2025-06-29 20:16:37.196760,HE,NIF,S,BHZ
2025-06-29 23:33:07.111400,HE,OBF8,P,BHZ
2025-06-29 23:33:11.152630,HE,OBF0,P,BHZ
2025-06-29 23:33:13.406530,HE,OBF3,P,BHZ
2025-06-29 23:33:14.675150,HE,TOF,P,BHZ
2025-06-29 23:33:17.508410,HE,VAF,P,BHZ
2025-06-29 23:33:19.890260,FN,OUL,P,BHZ
2025-06-29 23:33:23.597170,FN,KLF,P,BHZ
2025-06-29 23:33:27.333210,HE,OBF8,S,BHZ
2025-06-29 23:33:27.425040,FN,RNF,P,BHZ
2025-06-29 23:33:28.023820,FN,RANF,P,?HZ
2025-06-29 23:33:34.996690,HE,OBF0,S,BHZ
2025-06-29 23:33:38.528560,HE,OBF3,S,BHZ
2025-06-29 23:33:42.465140,HE,TOF,S,BHZ
2025-06-29 23:33:45.665130,HE,VAF,S,BHZ
2025-06-29 23:33:50.262920,FN,OUL,S,BHZ
2025-06-29 23:33:57.219480,FN,KLF,S,BHZ
2025-06-29 23:34:02.492800,FN,RANF,S,?HZ
2025-06-29 23:34:14.801820,HE,SUF,S,BHZ
2025-06-29 23:34:15.066650,HE,KPF,S,BHZ
2025-06-29 23:34:15.419860,HE,KEF,S,?HZ
2025-06-29 23:34:17.119250,FN,SGF,S,BHZ
2025-06-29 23:34:20.138530,HE,HEF,S,BHE
2025-06-29 23:34:23.706760,FN,MSF,S,BHZ
2025-06-29 23:34:25.628120,HE,KAF,S,?HZ
2025-06-29 23:34:28.372920,FN,OLKF,S,BHZ
2025-06-29 23:34:31.991740,HE,KU6,S,BHZ
2025-06-30 00:59:00.276390,HE,KPF,P,BHZ
2025-06-30 00:59:00.432390,HE,RAF,P,BHZ
2025-06-30 00:59:07.447140,HE,VAF,P,BHZ
2025-06-30 00:59:26.425350,UP,AAL,S,BHN
2025-06-30 00:59:27.273660,HE,KPF,S,BHZ
2025-06-30 00:59:29.600440,HE,RAF,S,BHZ
2025-06-30 00:59:40.049970,HE,VAF,S,BHZ
2025-06-30 06:29:27.525240,HE,KU6,P,BHZ
2025-06-30 06:29:30.208550,FN,OLKF,P,BHZ
2025-06-30 06:29:33.616460,FN,MSF,P,BHZ
2025-06-30 06:29:36.557470,HE,VRF,P,BHZ
2025-06-30 06:29:46.218190,FN,RANF,P,?HZ
2025-06-30 06:29:46.472110,HE,KU6,S,BHZ
2025-06-30 06:29:47.225620,HE,RMF,P,BHZ
2025-06-30 06:29:48.176980,FN,RAJF,P,?HZ
2025-06-30 06:29:51.017680,FN,OLKF,S,BHZ
2025-06-30 06:29:51.402500,FN,SGF,P,BHZ
2025-06-30 06:29:52.653700,FN,RNF,P,BHZ
2025-06-30 06:29:55.136900,FN,OUL,P,BHZ
2025-06-30 06:29:56.980630,FN,MSF,S,BHZ
2025-06-30 06:30:04.055940,HE,VRF,S,BHZ
2025-06-30 06:30:19.498840,HE,RMF,S,BHZ
2025-06-30 06:30:22.593410,FN,SGF,S,BHN
2025-06-30 06:30:24.872030,FN,RANF,S,?HZ
2025-06-30 06:30:27.679130,FN,RAJF,S,?HZ
2025-06-30 06:30:33.642520,FN,RNF,S,BHN
2025-06-30 06:30:45.012020,FN,OUL,S,BHZ
2025-06-30 21:48:28.727170,UP,AAL,P,BHZ
2025-06-30 21:49:00.206310,UP,AAL,S,BHZ
2025-06-30 21:49:34.287910,HE,RAF,S,BHZ
2025-07-01 19:28:04.091910,HE,FIA0,S,?HZ
2025-07-01 19:28:04.091910,HE,FIA1,S,?HZ
2025-07-01 21:24:05.893250,HE,FIA0,P,?HZ
2025-07-01 21:24:05.947590,HE,FIA1,P,?HZ
2025-07-01 21:24:06.417920,HE,NUR,P,SHZ
2025-07-01 21:24:06.893200,HE,VJF,P,?HZ
2025-07-01 21:24:15.239880,HE,FIA0,S,?HZ
2025-07-01 21:24:15.256440,HE,FIA1,S,?HZ
2025-07-01 21:24:15.923980,HE,NUR,S,SHZ
2025-07-01 21:24:16.687200,HE,VJF,S,?HZ
2025-07-01 21:24:17.918390,HE,KAF,P,?HZ
2025-07-01 21:24:21.258100,HE,KEF,P,?HZ
2025-07-01 21:24:23.587900,HE,MEF,S,BHZ
2025-07-01 21:24:36.145350,HE,KAF,S,?HZ
2025-07-01 21:24:41.014450,HE,KEF,S,?HZ
2025-07-01 21:24:41.027750,HE,RUF,S,BHZ
2025-07-02 05:47:10.137450,HE,KU6,P,BHZ
2025-07-02 05:47:12.203170,FN,MSF,P,BHZ
2025-07-02 05:47:13.650570,HE,KU6,S,BHZ
2025-07-02 05:47:15.468670,FN,OLKF,P,BHZ
2025-07-02 05:47:17.295340,FN,MSF,S,BHZ
2025-07-02 05:47:22.716370,FN,OLKF,S,BHZ
2025-07-02 05:47:27.948520,FN,RANF,P,?HZ
2025-07-02 05:47:32.741510,HE,RMF,P,BHZ
2025-07-02 05:47:35.502350,FN,RNF,P,BHZ
2025-07-02 05:47:36.097570,FN,OUL,P,BHZ
2025-07-02 05:47:38.673010,HE,VRF,P,BHZ
2025-07-02 05:47:42.377060,HE,TOF,P,BHZ
2025-07-02 05:47:43.765890,FN,RANF,S,?HZ
2025-07-02 05:47:52.458320,HE,RMF,S,BHZ
2025-07-02 05:47:57.778160,FN,RNF,S,BHZ
2025-07-02 05:47:58.653450,FN,OUL,S,BHZ
2025-07-02 05:48:03.474710,HE,VRF,S,BHZ
2025-07-02 05:48:07.974520,FN,SGF,S,BHZ
2025-07-02 05:48:12.878930,HE,TOF,S,BHZ
2025-07-02 05:48:15.225330,HE,OBF3,S,BHZ
2025-07-02 05:48:21.495790,HE,NIF,S,BHZ
2025-07-03 14:41:46.052170,HE,HEF,P,BHZ
2025-07-03 14:41:52.573440,HE,HEF,S,BHZ
2025-07-03 14:41:53.799350,HE,KIF,P,BHZ
2025-07-03 14:41:59.272660,FN,KMNF,P,?HZ
2025-07-03 14:42:03.104450,HE,KEV,P,?HZ
2025-07-03 14:42:05.659620,FN,KLF,P,BHZ
2025-07-03 14:42:06.077490,HE,KIF,S,BHZ
2025-07-03 14:42:08.307920,FN,RAJF,P,?HZ
2025-07-03 14:42:08.514390,FN,SGF,P,BHZ
2025-07-03 14:42:15.577780,FN,KMNF,S,?HZ
2025-07-03 14:42:18.995140,FN,RNF,P,BHZ
2025-07-03 14:42:22.304750,HE,KEV,S,?HZ
2025-07-03 14:42:26.912200,FN,KLF,S,BHZ
2025-07-03 14:42:30.544550,FN,RAJF,S,?HZ
2025-07-03 14:42:32.049240,FN,SGF,S,BHZ
2025-07-03 14:42:50.948600,FN,RNF,S,BHZ
2025-07-03 14:42:51.459170,HE,VRF,S,BHZ
2025-07-03 17:19:06.333670,HE,OBF0,P,BHZ
2025-07-03 17:19:08.723690,HE,OBF8,P,BHZ
2025-07-03 17:19:09.635760,HE,OUF,S,BHZ
2025-07-03 17:19:09.855330,HE,OBF3,P,BHZ
2025-07-03 17:19:09.873530,HE,ALAJF,P,?HZ
2025-07-03 17:19:14.805260,FN,OUL,P,BHZ
2025-07-03 17:19:15.542470,HE,SUF,P,BHZ
2025-07-03 17:19:15.703730,HE,OBF0,S,BHZ
2025-07-03 17:19:15.921620,HE,NIF,P,BHZ
2025-07-03 17:19:18.310790,HE,VAF,P,BHZ
2025-07-03 17:19:19.589110,HE,OBF8,S,BHZ
2025-07-03 17:19:21.610500,HE,OBF3,S,BHZ
2025-07-03 17:19:23.347630,HE,KEF,P,?HZ
2025-07-03 17:19:25.396400,HE,KAF,P,?HZ
2025-07-03 17:19:28.716430,HE,RMF,P,BHZ
2025-07-03 17:19:30.331000,FN,OUL,S,BHZ
2025-07-03 17:19:31.848530,HE,SUF,S,BHZ
2025-07-03 17:19:32.514280,HE,NIF,S,BHZ
2025-07-03 17:19:34.106650,HE,KPF,P,BHZ
2025-07-03 17:19:34.821900,HE,FIA0,P,?HZ
2025-07-03 17:19:34.821900,HE,FIA1,P,?HZ
2025-07-03 17:19:36.308330,HE,VAF,S,BHZ
2025-07-03 17:19:45.426770,HE,KEF,S,?HZ
2025-07-03 17:19:49.222940,HE,KAF,S,?HZ
2025-07-03 17:19:53.776860,HE,RMF,S,BHZ
2025-07-03 17:19:58.790660,HE,TOF,S,BHZ
2025-07-03 17:20:06.559030,HE,FIA0,S,?HZ
2025-07-03 17:20:06.655290,HE,FIA1,S,?HZ
2025-07-03 17:20:07.185750,HE,KPF,S,BHN
2025-07-04 15:31:04.023070,HE,NUR,P,SHZ
2025-07-04 15:31:05.624550,HE,RSUO,S,BHZ
2025-07-04 15:31:05.657230,HE,KUNI,S,BHZ
2025-07-04 15:31:05.674560,HE,MEF,P,BHZ
2025-07-04 15:31:06.433200,HE,HEL1,S,BHZ
2025-07-04 15:31:06.827750,HE,LAUT,S,BHZ
2025-07-04 15:31:11.007350,HE,NUR,S,SHZ
2025-07-04 15:31:13.784510,HE,MEF,S,BHZ
2025-07-04 15:31:24.135330,HE,VJF,S,?HZ
2025-07-04 15:31:30.614100,HE,FIA0,S,?HZ
2025-07-04 15:31:30.614100,HE,FIA1,S,?HZ
2025-07-04 15:31:33.738000,HE,TVF,S,BHZ
2025-07-04 15:31:50.598730,HE,KAF,S,?HZ
2025-07-04 15:31:53.316790,HE,KEF,S,?HZ
2025-07-05 04:50:54.426560,HE,OBF8,P,BHZ
2025-07-05 04:50:59.574440,HE,OBF0,P,BHZ
2025-07-05 04:51:03.399870,HE,VAF,P,BHZ
2025-07-05 04:51:07.624900,HE,TOF,P,BHZ
2025-07-05 04:51:12.589330,HE,OBF8,S,BHZ
2025-07-05 04:51:22.129020,HE,OBF0,S,BHZ
2025-07-05 04:51:26.526570,HE,OBF3,S,BHZ
2025-07-05 04:51:28.263880,HE,VAF,S,BHZ
2025-07-05 04:51:35.719500,HE,TOF,S,BHZ
2025-07-05 04:51:41.886610,FN,OUL,S,BHZ
2025-07-05 15:34:07.970000,UP,AAL,P,BHZ
2025-07-05 15:34:31.500000,UP,AAL,S,BHZ
2025-07-05 15:34:50.420000,HE,RAF,S,BHZ
2025-07-05 15:34:57.076630,HE,KPF,S,BHZ
2025-07-05 22:06:12.904040,HE,TVF,P,BHZ
2025-07-05 22:06:15.020000,HE,RAF,P,BHZ
2025-07-05 22:06:21.389310,HE,TVF,S,BHZ
2025-07-05 22:06:25.080000,HE,RAF,S,BHZ
2025-07-05 22:06:33.571990,HE,MEF,S,BHZ
2025-07-05 22:06:36.538210,UP,AAL,S,BHZ
2025-07-05 22:06:37.980000,HE,NUR,S,SHZ
2025-07-05 22:06:48.889110,HE,KPF,S,BHZ
2025-07-05 22:07:06.950440,HE,FIA0,S,?HZ
2025-07-05 22:07:06.950440,HE,FIA1,S,?HZ
2025-07-05 22:07:08.978960,HE,KEF,S,?HZ
2025-07-08 01:54:11.205910,HE,KEV,P,?HZ
2025-07-08 01:54:15.537100,FN,KMNF,P,?HZ
2025-07-08 01:54:19.957030,HE,HEF,P,BHZ
2025-07-08 01:54:20.483850,HE,KIF,P,BHZ
2025-07-08 01:54:22.925850,HE,KEV,S,?HZ
2025-07-08 01:54:28.480010,FN,RAJF,P,?HZ
2025-07-08 01:54:30.063570,FN,KMNF,S,?HZ
2025-07-08 01:54:35.651300,FN,SGF,P,BHZ
2025-07-08 01:54:36.204740,FN,KLF,P,BHZ
2025-07-08 01:54:38.266040,HE,HEF,S,BHZ
2025-07-08 01:54:38.636490,HE,KIF,S,BHZ
2025-07-08 01:54:40.116490,HE,VRF,P,BHZ
2025-07-08 01:54:53.464990,FN,RAJF,S,?HZ
2025-07-08 01:55:05.997980,FN,SGF,S,BHZ
2025-07-08 01:55:07.742310,FN,KLF,S,BHZ
2025-07-08 01:55:14.309120,HE,VRF,S,BHN
2025-07-09 02:26:07.402570,HE,OBF0,P,BHZ
2025-07-09 02:26:10.977040,HE,OBF3,P,BHZ
2025-07-09 02:26:14.376420,HE,OBF8,S,BHZ
2025-07-09 02:26:14.602460,HE,VAF,P,BHZ
2025-07-09 02:26:24.541680,HE,OBF0,S,BHZ
2025-07-09 02:26:31.200390,HE,OBF3,S,BHZ
2025-07-09 02:26:36.135570,HE,VAF,S,BHZ
2025-07-09 02:26:44.432460,HE,TOF,S,BHZ
2025-07-10 23:39:46.223860,HE,VAF,P,BHZ
2025-07-10 23:39:46.333490,HE,OBF8,P,BHZ
2025-07-10 23:40:09.213060,HE,VAF,S,BHZ
2025-07-10 23:40:10.356240,HE,OBF8,S,BHZ
2025-07-10 23:40:21.005550,HE,OBF0,S,BHZ
2025-07-10 23:40:30.415730,HE,KPF,S,BHZ
2025-07-10 23:40:36.708350,HE,TOF,S,BHZ
2025-07-10 23:40:47.277820,HE,KEF,S,?HZ
2025-07-10 23:40:49.498440,HE,RAF,S,BHZ
2025-07-10 23:40:54.193950,HE,SUF,S,BHZ
2025-07-11 14:00:18.498020,HE,OBF8,P,BHZ
2025-07-11 14:00:22.295070,HE,OBF0,P,BHZ
2025-07-11 14:00:24.520320,HE,OBF3,P,BHZ
2025-07-11 14:00:30.676440,HE,OBF8,S,BHZ
2025-07-11 14:00:36.708570,HE,OBF0,S,BHZ
2025-07-11 14:00:40.714530,HE,OBF3,S,BHZ
2025-07-11 14:00:50.453290,HE,TOF,S,BHZ
2025-07-11 14:00:55.650040,FN,OUL,S,BHZ
2025-07-11 14:01:07.799080,HE,VAF,S,BHZ
2025-07-11 14:01:07.800000,HE,VAF,S,BHZ
2025-07-11 14:01:12.972260,FN,RANF,S,?HZ
2025-07-11 14:01:15.242510,FN,RNF,S,BHZ
2025-07-13 19:19:55.500430,FN,MSF,P,BHZ
2025-07-13 19:19:56.203870,FN,OLKF,P,BHZ
2025-07-13 19:19:59.569190,FN,MSF,S,BHZ
2025-07-13 19:20:00.826420,FN,OLKF,S,BHZ
2025-07-13 19:20:10.240480,FN,RANF,P,?HZ
2025-07-13 19:20:16.949060,FN,RNF,P,BHZ
2025-07-13 19:20:19.959240,HE,VRF,P,BHZ
2025-07-13 19:20:20.830030,FN,OUL,P,BHZ
2025-07-13 19:20:21.329000,FN,SGF,P,BHZ
2025-07-13 19:20:24.546820,FN,RANF,S,?HZ
2025-07-13 19:20:28.919870,HE,OBF3,P,BHZ
2025-07-13 19:20:36.847850,FN,RNF,S,BHZ
2025-07-13 19:20:41.626520,HE,VRF,S,BHZ
2025-07-13 19:20:43.055520,FN,OUL,S,BHZ
2025-07-13 19:20:43.250410,HE,RMF,S,BHZ
2025-07-13 19:20:44.059510,FN,SGF,S,BHZ
2025-07-13 19:20:51.292020,HE,TOF,S,BHZ
2025-07-13 19:20:56.811900,HE,OBF3,S,BHZ
2025-07-13 19:20:59.744950,FN,RAJF,S,?HZ
2025-07-13 19:21:05.437060,HE,NIF,S,BHZ
2025-07-13 19:21:27.408630,HE,SUF,S,BHN
2025-07-14 04:58:18.197230,HE,KIF,P,BHZ
2025-07-14 04:58:34.258850,HE,HEF,P,BHZ
2025-07-14 04:58:38.241790,HE,KEV,P,?HZ
2025-07-14 04:58:39.381360,HE,KIF,S,BHZ
2025-07-14 04:58:41.018780,FN,KMNF,P,?HZ
2025-07-14 04:58:47.701860,FN,KLF,P,BHZ
2025-07-14 04:58:51.648880,FN,RAJF,P,?HZ
2025-07-14 04:59:13.333640,HE,HEF,S,BHZ
2025-07-14 04:59:14.900640,HE,KEV,S,?HZ
2025-07-14 04:59:19.338350,FN,KMNF,S,?HZ
2025-07-14 04:59:42.577600,FN,KLF,S,BHZ
2025-07-15 00:15:30.673440,HE,VJF,P,?HZ
2025-07-15 00:15:32.361440,HE,VJF,S,?HZ
2025-07-15 00:15:50.008730,HE,FIA0,P,?HZ
2025-07-15 00:15:50.156810,HE,FIA1,P,?HZ
2025-07-15 00:15:50.211470,HE,RUF,P,BHZ
2025-07-15 00:16:06.406750,HE,FIA0,S,?HZ
2025-07-15 00:16:06.712140,HE,FIA1,S,?HZ
2025-07-15 00:16:07.103820,HE,RUF,S,BHZ
2025-07-15 00:16:08.832960,HE,HEL1,S,BHZ
2025-07-15 00:16:09.139460,HE,LAUT,S,BHZ
2025-07-15 00:16:15.706440,HE,MEF,S,BHZ
2025-07-15 00:16:23.170430,HE,KAF,S,?HZ
2025-07-15 05:16:34.775440,HE,KIF,P,BHZ
2025-07-15 05:16:50.924680,HE,HEF,P,BHZ
2025-07-15 05:16:54.917780,HE,KEV,P,?HZ
2025-07-15 05:16:56.296160,HE,KIF,S,BHZ
2025-07-15 05:16:57.642270,FN,KMNF,P,?HZ
2025-07-15 05:17:04.405360,FN,KLF,P,BHZ
2025-07-15 05:17:08.159010,FN,RAJF,P,?HZ
2025-07-15 05:17:24.043030,HE,HEF,S,BHZ
2025-07-15 05:17:31.569000,HE,KEV,S,?HZ
2025-07-15 05:17:36.716940,FN,KMNF,S,?HZ
2025-07-15 05:17:54.335940,FN,RAJF,S,?HZ
2025-07-15 05:17:59.608690,FN,KLF,S,BHZ
2025-07-15 20:41:03.351050,FN,OLKF,P,BHZ
2025-07-15 20:41:06.529070,FN,MSF,P,BHZ
2025-07-15 20:41:13.279540,HE,VRF,P,BHZ
2025-07-15 20:41:18.967140,FN,RANF,P,?HZ
2025-07-15 20:41:21.843720,FN,OLKF,S,BHZ
2025-07-15 20:41:26.951610,FN,MSF,S,BHZ
2025-07-15 20:41:39.273560,HE,VRF,S,BHZ
2025-07-15 20:41:47.560550,HE,RMF,S,BHZ
2025-07-15 20:41:49.210080,FN,RANF,S,?HZ
2025-07-15 20:41:57.127960,FN,RNF,S,BHZ
2025-07-15 20:42:01.913270,FN,SGF,S,BHZ
2025-07-18 11:06:26.841410,HE,OBF8,P,BHZ
2025-07-18 11:06:31.439750,HE,OBF0,P,BHZ
2025-07-18 11:06:47.218440,HE,OBF8,S,BHZ
2025-07-18 11:06:54.746620,HE,OBF0,S,BHZ
2025-07-18 11:06:59.042100,HE,OBF3,S,BHZ
2025-07-18 11:07:03.014300,HE,TOF,S,BHZ
2025-07-18 11:07:05.209980,HE,VAF,S,BHZ
2025-07-25 14:03:11.911240,FN,RNF,P,BHZ
2025-07-25 14:03:16.328760,FN,RNF,S,BHZ
2025-07-25 14:03:18.519400,FN,SGF,P,BHZ
2025-07-25 14:03:18.620450,FN,KLF,P,BHZ
2025-07-25 14:03:22.954270,HE,TOF,P,BHZ
2025-07-25 14:03:24.048670,FN,RANF,P,?HZ
2025-07-25 14:03:27.616880,FN,SGF,S,BHZ
2025-07-25 14:03:28.146920,FN,KLF,S,BHZ
2025-07-25 14:03:34.508630,HE,TOF,S,BHZ
2025-07-25 14:03:34.756640,FN,OLKF,P,BHZ
2025-07-25 14:03:36.876500,FN,RANF,S,?HZ
2025-07-25 14:03:56.220660,FN,OLKF,S,BHZ
2025-07-25 14:03:57.411250,HE,HEF,S,BHZ
2025-07-25 14:04:00.427470,HE,VRF,S,BHZ
2025-07-25 14:04:03.951000,FN,RAJF,S,?HZ
2025-07-27 01:58:12.176110,HE,TVF,P,BHZ
2025-07-27 01:58:12.459990,UP,AAL,P,BHZ
2025-07-27 01:58:14.048690,HE,RAF,P,BHZ
2025-07-27 01:58:21.775150,HE,MEF,P,BHZ
2025-07-27 01:58:22.940900,HE,TVF,S,BHZ
2025-07-27 01:58:23.418450,UP,AAL,S,BHZ
2025-07-27 01:58:24.843180,HE,HEL5,P,BHZ
2025-07-27 01:58:25.898450,HE,RAF,S,BHZ
2025-07-27 01:58:28.422550,HE,KPF,P,BHZ
2025-07-27 01:58:40.566850,HE,FIA0,P,?HZ
2025-07-27 01:58:41.436380,HE,FIA1,P,?HZ
2025-07-27 01:58:42.721190,HE,KEF,P,?HZ
2025-07-27 01:58:44.093140,HE,NUR,S,SHN
2025-07-27 01:58:47.825680,HE,LAUT,S,BHN
2025-07-27 01:58:49.277100,HE,KAF,P,?HZ
2025-07-27 01:58:51.288150,HE,KPF,S,BHZ
2025-07-27 01:59:13.938520,HE,FIA0,S,?HZ
2025-07-27 01:59:14.245800,HE,FIA1,S,?HZ
2025-07-27 01:59:15.464680,HE,KEF,S,?HZ
2025-07-27 01:59:27.413000,HE,KAF,S,?HZ
2025-07-29 07:11:22.899150,HE,VJF,P,?HZ
2025-07-29 07:11:22.900160,HE,VJF,P,?HZ
2025-07-29 07:11:24.627790,HE,VJF,S,?HZ
2025-07-29 07:11:24.631680,HE,VJF,S,?HZ
2025-07-29 07:11:42.097180,HE,FIA1,P,?HZ
2025-07-29 07:11:42.125320,HE,FIA0,P,?HZ
2025-07-29 07:11:42.170320,HE,FIA1,P,?HZ
2025-07-29 07:11:42.220670,HE,FIA0,P,?HZ
2025-07-29 07:11:42.482150,HE,RUF,P,BHZ
2025-07-29 07:11:42.545940,HE,RUF,P,BHZ
2025-07-29 07:11:45.278260,HE,HEL5,P,BHZ
2025-07-29 07:11:45.380500,HE,HEL5,P,BHZ
2025-07-29 07:11:45.561790,HE,NUR,P,SHZ
2025-07-29 07:11:45.568130,HE,NUR,P,SHZ
2025-07-29 07:11:47.699100,HE,MEF,P,BHZ
2025-07-29 07:11:48.440890,HE,MEF,P,BHZ
2025-07-29 07:11:51.842560,HE,KAF,P,?HZ
2025-07-29 07:11:51.845940,HE,KAF,P,?HZ
2025-07-29 07:11:58.141980,HE,FIA1,S,?HZ
2025-07-29 07:11:58.161510,HE,FIA1,S,?HZ
2025-07-29 07:11:58.161510,HE,FIA0,S,?HZ
2025-07-29 07:11:58.162520,HE,FIA0,S,?HZ
2025-07-29 07:11:59.001630,HE,RUF,S,BHZ
2025-07-29 07:11:59.212380,HE,RUF,S,BHZ
2025-07-29 07:12:00.114720,HE,KUNI,S,BHZ
2025-07-29 07:12:00.208030,HE,KUNI,S,BHZ
2025-07-29 07:12:03.051690,HE,NUR,S,SHZ
2025-07-29 07:12:03.089430,HE,NUR,S,SHZ
2025-07-29 07:12:03.387990,HE,HEL5,S,BHZ
2025-07-29 07:12:03.498570,HE,HEL5,S,BHZ
2025-07-29 07:12:07.865170,HE,MEF,S,BHZ
2025-07-29 07:12:07.962660,HE,MEF,S,BHZ
2025-07-29 07:12:14.435320,HE,KAF,S,?HZ
2025-07-29 07:12:15.425710,HE,KAF,S,?HZ
2025-07-29 07:12:26.534050,HE,KEF,S,?HZ
2025-07-29 07:12:31.895690,HE,SUF,S,BHZ
2025-07-29 07:12:46.117930,HE,RAF,S,BHZ
2025-07-29 21:32:16.318460,HE,RAF,P,BHZ
2025-07-29 21:32:26.931470,HE,TVF,S,BHZ
2025-07-29 21:32:28.891530,HE,RAF,S,BHZ
2025-07-29 21:32:44.135480,HE,MEF,S,BHZ
2025-07-29 21:32:53.766990,HE,KPF,S,BHZ
2025-07-30 08:17:48.720600,HE,VJF,P,?HZ
2025-07-30 08:17:50.488490,HE,VJF,S,?HZ
2025-07-30 08:18:08.417150,HE,FIA0,P,?HZ
2025-07-30 08:18:08.417150,HE,FIA1,P,?HZ
2025-07-30 08:18:24.226300,HE,FIA0,S,?HZ
2025-07-30 08:18:24.226300,HE,FIA1,S,?HZ
2025-07-30 08:18:24.881980,HE,RUF,S,BHZ
2025-08-01 00:19:50.814350,HE,VJF,P,?HZ
2025-08-01 00:19:52.479340,HE,VJF,S,?HZ
2025-08-01 00:20:10.028780,HE,FIA0,P,?HZ
2025-08-01 00:20:10.028780,HE,FIA1,P,?HZ
2025-08-01 00:20:10.515630,HE,RUF,P,BHZ
2025-08-01 00:20:11.122740,HE,KUNI,P,BHZ
2025-08-01 00:20:11.617850,HE,RSUO,P,BHZ
2025-08-01 00:20:11.699110,HE,HEL1,P,BHZ
2025-08-01 00:20:13.189240,HE,NUR,P,SHZ
2025-08-01 00:20:13.207210,HE,HEL5,P,BHZ
2025-08-01 00:20:15.970320,HE,MEF,P,BHZ
2025-08-01 00:20:19.685500,HE,KAF,P,?HZ
2025-08-01 00:20:25.710220,HE,TVF,P,BHZ
2025-08-01 00:20:25.997110,HE,KEF,P,?HZ
2025-08-01 00:20:26.794920,HE,FIA0,S,?HZ
2025-08-01 00:20:26.794920,HE,FIA1,S,?HZ
2025-08-01 00:20:27.191740,HE,RUF,S,BHZ
2025-08-01 00:20:27.873670,HE,KUNI,S,BHZ
2025-08-01 00:20:28.100980,HE,RSUO,S,BHZ
2025-08-01 00:20:28.570470,HE,HEL1,S,BHZ
2025-08-01 00:20:29.523650,HE,SUF,P,BHZ
2025-08-01 00:20:31.097090,HE,NUR,S,SHZ
2025-08-01 00:20:31.178600,HE,HEL5,S,BHZ
2025-08-01 00:20:35.513370,HE,MEF,S,BHZ
2025-08-01 00:20:43.491620,HE,KAF,S,?HZ
2025-08-01 00:20:53.510710,HE,KEF,S,?HZ
2025-08-01 00:20:54.293450,HE,TVF,S,BHZ
2025-08-01 00:20:59.740400,HE,SUF,S,BHZ
2025-08-02 20:35:42.658760,HE,KU6,P,BHZ
2025-08-02 20:35:45.359650,FN,OLKF,P,BHZ
2025-08-02 20:35:48.822420,FN,MSF,P,BHZ
2025-08-02 20:35:54.053570,HE,VRF,P,BHZ
2025-08-02 20:35:56.694340,HE,KU6,S,BHZ
2025-08-02 20:36:00.499230,FN,OLKF,S,BHZ
2025-08-02 20:36:05.526980,FN,RNF,P,BHZ
2025-08-02 20:36:07.614520,FN,MSF,S,BHZ
2025-08-02 20:36:16.294030,HE,VRF,S,BHZ
2025-08-02 20:36:32.338530,FN,RANF,S,?HZ
2025-08-02 20:36:34.966550,HE,RMF,S,BHZ
2025-08-02 20:36:37.025680,FN,RAJF,S,?HZ
2025-08-02 20:36:38.859950,FN,SGF,S,BHZ
2025-08-02 20:36:39.518160,FN,RNF,S,BHZ
2025-08-02 20:36:51.612810,FN,OUL,S,BHZ
2025-08-02 20:36:57.504610,FN,KMNF,S,?HZ
2025-08-02 20:37:09.053300,HE,KEV,S,?HZ
2025-08-03 08:13:08.368390,FN,KLF,P,BHZ
2025-08-03 08:13:08.959230,HE,KIF,P,BHZ
2025-08-03 08:13:10.119630,HE,HEF,P,BHZ
2025-08-03 08:13:19.115910,HE,TOF,P,BHZ
2025-08-03 08:13:23.843790,FN,SGF,P,BHZ
2025-08-03 08:13:24.142820,FN,RNF,P,BHZ
2025-08-03 08:13:29.011500,FN,KLF,S,BHZ
2025-08-03 08:13:29.338640,HE,KIF,S,BHZ
2025-08-03 08:13:29.952630,FN,KMNF,P,?HZ
2025-08-03 08:13:31.461550,HE,HEF,S,BHZ
2025-08-03 08:13:47.947900,HE,TOF,S,BHZ
2025-08-03 08:13:55.986890,FN,RNF,S,BHN
2025-08-03 08:13:56.093830,FN,SGF,S,BHZ
2025-08-03 08:14:06.686220,FN,KMNF,S,?HZ
2025-08-03 08:14:11.167790,FN,RAJF,S,?HZ
2025-08-03 17:11:02.024740,HE,VJF,P,?HZ
2025-08-03 17:11:03.796540,HE,VJF,S,?HZ
2025-08-03 17:11:21.632730,HE,FIA0,P,?HZ
2025-08-03 17:11:21.823820,HE,FIA1,P,?HZ
2025-08-03 17:11:37.875090,HE,RUF,S,BHZ
2025-08-03 17:11:38.232580,HE,FIA0,S,?HZ
2025-08-03 17:11:38.473110,HE,FIA1,S,?HE
2025-08-03 17:11:47.120340,HE,MEF,S,BHZ
2025-08-03 17:11:54.963380,HE,KAF,S,?HZ
2025-08-03 17:12:05.135120,HE,TVF,S,BHN
2025-08-03 17:12:05.697200,HE,KEF,S,?HZ
2025-08-04 05:11:24.120000,FN,RANF,P,?HZ
2025-08-04 05:11:28.269520,FN,RANF,S,?HZ
2025-08-04 05:11:30.777180,FN,OUL,P,BHZ
2025-08-04 05:11:33.856920,HE,TOF,P,BHZ
2025-08-04 05:11:34.028960,FN,RNF,P,BHZ
2025-08-04 05:11:39.042150,HE,OBF3,P,BHZ
2025-08-04 05:11:39.599350,FN,OUL,S,BHZ
2025-08-04 05:11:42.755140,FN,OLKF,P,BHZ
2025-08-04 05:11:44.686840,FN,RNF,S,BHZ
2025-08-04 05:11:45.230170,HE,TOF,S,BHZ
2025-08-04 05:11:45.592510,HE,OBF0,P,BHZ
2025-08-04 05:11:49.029390,FN,KLF,P,BHZ
2025-08-04 05:11:53.805480,HE,OBF3,S,BHZ
2025-08-04 05:11:59.767250,FN,OLKF,S,BHZ
2025-08-04 05:12:03.348980,HE,KU6,S,BHZ
2025-08-04 05:12:04.244480,HE,OBF0,S,BHZ
2025-08-04 05:12:11.459990,FN,KLF,S,BHZ
2025-08-06 13:24:28.475380,HE,KPF,P,BHZ
2025-08-06 13:24:29.321120,UP,AAL,P,BHZ
2025-08-06 13:24:30.269140,HE,RAF,P,BHZ
2025-08-06 13:24:36.064380,HE,VAF,P,BHZ
2025-08-06 13:24:53.864030,HE,KPF,S,BHZ
2025-08-06 13:24:56.485690,UP,AAL,S,BHZ
2025-08-06 13:24:56.901050,HE,RAF,S,BHZ
2025-08-06 13:25:07.562200,HE,VAF,S,BHZ
2025-08-11 20:58:35.482080,HE,RAF,P,BHZ
2025-08-11 20:58:38.666340,HE,RAF,S,BHZ
2025-08-11 20:58:45.719270,HE,KPF,P,BHZ
2025-08-11 20:58:52.002300,UP,AAL,P,BHZ
2025-08-11 20:58:55.767040,HE,KPF,S,BHZ
2025-08-11 20:59:00.321580,HE,TVF,P,BHZ
2025-08-11 20:59:02.569370,HE,NUR,P,SHZ
2025-08-11 20:59:02.894140,HE,MEF,P,BHZ
2025-08-11 20:59:06.304260,HE,KUNI,P,BHZ
2025-08-11 20:59:06.304260,HE,HEL5,P,BHZ
2025-08-11 20:59:07.148670,HE,KEF,P,?HZ
2025-08-11 20:59:07.430170,UP,AAL,S,BHZ
2025-08-11 20:59:07.542530,HE,VAF,P,BHZ
2025-08-11 20:59:21.129130,HE,TVF,S,BHZ
2025-08-11 20:59:25.530810,HE,NUR,S,SHZ
2025-08-11 20:59:26.050450,HE,MEF,S,BHZ
2025-08-11 20:59:32.123700,HE,KUNI,S,BHZ
2025-08-11 20:59:32.480950,HE,KEF,S,?HZ
2025-08-11 20:59:32.513430,HE,HEL5,S,BHZ
2025-08-13 06:08:03.210000,HE,KU6,P,BHZ
2025-08-13 06:08:03.211340,HE,KU6,P,BHZ
2025-08-13 06:08:05.248640,FN,OLKF,P,BHZ
2025-08-13 06:08:06.193970,HE,KU6,S,BHZ
2025-08-13 06:08:09.148160,FN,OLKF,S,BHZ
2025-08-13 06:08:11.386190,FN,MSF,S,BHZ
2025-08-13 10:40:16.457090,HE,RUF,P,BHZ
2025-08-13 10:40:20.676050,HE,RUF,S,BHZ
2025-08-13 10:40:24.473570,HE,VJF,P,?HZ
2025-08-13 10:40:33.046570,HE,FIA0,P,?HZ
2025-08-13 10:40:33.494120,HE,FIA1,P,?HZ
2025-08-13 10:40:35.422330,HE,VJF,S,?HZ
2025-08-13 10:40:37.512560,HE,KAF,P,?HZ
2025-08-13 10:40:46.127460,HE,SUF,P,BHZ
2025-08-13 10:40:49.981390,HE,FIA0,S,?HZ
2025-08-13 10:40:50.047790,HE,FIA1,S,?HZ
2025-08-13 10:40:57.059190,HE,KAF,S,?HZ
2025-08-13 10:41:11.106160,HE,SUF,S,BHZ
2025-08-13 15:06:36.631820,HE,VJF,P,?HZ
2025-08-13 15:06:42.369260,HE,FIA0,P,?HZ
2025-08-13 15:06:42.424690,HE,VJF,S,?HZ
2025-08-13 15:06:42.464440,HE,FIA1,P,?HZ
2025-08-13 15:06:49.194810,HE,RUF,P,BHZ
2025-08-13 15:06:49.936950,HE,KUNI,P,BHZ
2025-08-13 15:06:50.322750,HE,NUR,P,SHZ
2025-08-13 15:06:51.914360,HE,FIA0,S,?HZ
2025-08-13 15:06:51.914360,HE,FIA1,S,?HZ
2025-08-13 15:06:53.836770,HE,MEF,P,BHZ
2025-08-13 15:06:58.792560,HE,KEF,P,?HZ
2025-08-13 15:07:03.550360,HE,RUF,S,BHZ
2025-08-13 15:07:04.532020,HE,KUNI,S,BHZ
2025-08-13 15:07:05.135100,HE,NUR,S,SHZ
2025-08-13 15:07:06.539940,HE,HEL1,S,BHZ
2025-08-13 15:07:07.612410,HE,LAUT,S,BHZ
2025-08-13 15:07:09.416860,HE,KAF,S,?HZ
2025-08-13 15:07:12.204430,HE,MEF,S,BHZ
2025-08-13 15:07:20.158030,HE,KEF,S,?HZ
2025-08-13 15:07:27.156470,HE,SUF,S,BHZ
2025-08-13 15:07:32.300840,HE,TVF,S,BHZ
2025-08-13 15:07:46.725950,HE,RAF,S,BHZ
2025-08-13 15:07:47.338690,HE,KPF,S,BHZ
2025-08-13 15:18:03.427410,HE,VJF,P,?HZ
2025-08-13 15:18:08.837510,HE,VJF,S,?HZ
2025-08-13 15:18:09.192370,HE,FIA0,P,?HZ
2025-08-13 15:18:09.251500,HE,FIA1,P,?HZ
2025-08-13 15:18:18.156790,HE,FIA1,S,?HZ
2025-08-13 15:18:18.208480,HE,FIA0,S,?HZ
2025-08-13 15:18:39.780180,HE,VJF,P,?HZ
2025-08-13 15:18:45.122810,HE,VJF,S,?HZ
2025-08-13 15:18:45.500610,HE,FIA0,P,?HZ
2025-08-13 15:18:45.581530,HE,FIA1,P,?HZ
2025-08-13 15:18:55.023830,HE,FIA1,S,?HZ
2025-08-13 15:18:55.159620,HE,FIA0,S,?HZ
2025-08-13 15:19:12.445490,HE,KAF,S,?HZ
2025-08-13 15:19:15.872650,HE,MEF,S,BHZ
2025-08-13 15:19:23.809730,HE,KEF,S,?HZ
2025-08-13 15:19:31.106290,HE,SUF,S,BHZ
2025-08-13 15:22:29.914830,HE,VJF,P,?HZ
2025-08-13 15:22:35.494700,HE,VJF,S,?HZ
2025-08-13 15:22:35.709910,HE,FIA1,P,?HZ
2025-08-13 15:22:35.720310,HE,FIA0,P,?HZ
2025-08-13 15:22:42.526560,HE,RUF,P,BHZ
2025-08-13 15:22:43.700780,HE,NUR,P,SHZ
2025-08-13 15:22:45.110050,HE,FIA0,S,?HZ
2025-08-13 15:22:45.262260,HE,FIA1,S,?HZ
2025-08-13 15:22:45.782920,HE,HEL5,P,BHZ
2025-08-13 15:22:52.028990,HE,KEF,P,?HZ
2025-08-13 15:22:56.265510,HE,RUF,S,BHZ
2025-08-13 15:22:58.675860,HE,NUR,S,SHZ
2025-08-13 15:23:02.940660,HE,KAF,S,?HZ
2025-08-13 15:23:05.928710,HE,RAF,P,BHZ
2025-08-13 15:23:06.391550,HE,KPF,P,BHZ
2025-08-13 15:23:13.055540,HE,KEF,S,?HZ
2025-08-13 15:23:21.643040,HE,SUF,S,BHZ
2025-08-13 15:23:26.494040,HE,TVF,S,BHZ
2025-08-13 15:23:38.643370,HE,KPF,S,BHZ
2025-08-13 15:23:39.406050,HE,RAF,S,BHZ
2025-08-13 15:23:39.579000,HE,NIF,S,BHZ
2025-08-13 15:25:48.566440,HE,VJF,P,?HZ
2025-08-13 15:25:53.848040,HE,VJF,S,?HZ
2025-08-13 15:25:54.181590,HE,FIA0,P,?HZ
2025-08-13 15:25:54.322820,HE,FIA1,P,?HZ
2025-08-13 15:26:03.366620,HE,FIA1,S,?HZ
2025-08-13 15:26:03.418160,HE,FIA0,S,?HZ
2025-08-17 03:15:24.557560,HE,OBF0,P,BHZ
2025-08-17 03:15:25.702520,HE,OBF3,P,BHZ
2025-08-17 03:15:27.565080,HE,TOF,P,BHZ
2025-08-17 03:15:31.878380,FN,OUL,P,BHZ
2025-08-17 03:15:35.707380,HE,VAF,P,BHZ
2025-08-17 03:15:37.499100,HE,OBF8,S,BHZ
2025-08-17 03:15:38.396350,FN,KLF,P,BHZ
2025-08-17 03:15:38.573290,FN,RANF,P,?HZ
2025-08-17 03:15:42.827190,HE,OBF0,S,BHZ
2025-08-17 03:15:44.862680,HE,OBF3,S,BHZ
2025-08-17 03:15:48.247190,HE,TOF,S,BHZ
2025-08-17 03:15:49.946230,HE,OUF,S,BHZ
2025-08-17 03:15:50.097150,HE,SUF,P,BHZ
2025-08-17 03:15:51.193880,HE,NIF,P,BHZ
2025-08-17 03:15:51.503010,HE,KPF,P,BHZ
2025-08-17 03:15:51.928000,HE,KEF,P,?HZ
2025-08-17 03:15:55.853190,FN,OUL,S,BHZ
2025-08-17 03:16:00.988180,HE,VAF,S,BHZ
2025-08-17 03:16:06.609250,FN,KLF,S,BHZ
2025-08-17 03:16:08.266500,FN,RANF,S,?HZ
2025-08-17 03:16:13.166800,FN,RNF,S,BHZ
2025-08-17 03:16:24.337360,FN,SGF,S,BHZ
2025-08-17 03:16:26.059700,HE,SUF,S,BHZ
2025-08-17 03:16:28.659110,HE,KPF,S,BHZ
2025-08-17 03:16:29.174590,FN,MSF,S,BHZ
2025-08-17 03:16:29.347080,HE,KEF,S,?HZ
2025-08-17 03:16:30.887450,HE,HEF,S,BHZ
2025-08-17 03:16:37.251110,HE,KU6,S,BHZ
2025-08-17 03:16:38.952280,HE,KAF,S,?HZ
2025-08-17 03:16:40.392510,HE,RMF,S,BHN
2025-08-17 03:16:50.453340,HE,FIA1,S,?HZ
2025-08-17 03:16:59.079560,FN,KMNF,S,?HZ
2025-08-17 03:17:06.587660,HE,JOF,S,BHN
2025-08-17 04:58:48.604260,HE,TVF,P,BHZ
2025-08-17 04:58:48.944300,UP,AAL,P,BHZ
2025-08-17 04:58:50.049500,HE,RAF,P,BHZ
2025-08-17 04:58:57.901090,HE,MEF,P,BHZ
2025-08-17 04:58:58.705580,HE,TVF,S,BHZ
2025-08-17 04:58:59.557860,UP,AAL,S,BHZ
2025-08-17 04:59:00.887010,HE,NUR,P,SHZ
2025-08-17 04:59:02.366760,HE,RAF,S,BHZ
2025-08-17 04:59:04.728410,HE,KPF,P,BHZ
2025-08-17 04:59:15.291780,HE,MEF,S,BHZ
2025-08-17 04:59:20.671660,HE,NUR,S,SHZ
2025-08-17 04:59:23.970980,HE,LAUT,S,BHZ
2025-08-17 04:59:28.025150,HE,KPF,S,BHZ
2025-08-17 04:59:50.693780,HE,FIA0,S,?HZ
2025-08-17 04:59:50.833510,HE,FIA1,S,?HZ
2025-08-17 04:59:51.907290,HE,KEF,S,?HZ
2025-08-18 08:06:07.940040,FN,MSF,P,BHZ
2025-08-18 08:06:09.849130,HE,KU6,P,BHZ
2025-08-18 08:06:11.692960,FN,MSF,S,BHZ
2025-08-18 08:06:13.158630,FN,OLKF,P,BHZ
2025-08-18 08:06:15.038690,HE,KU6,S,BHZ
2025-08-18 08:06:20.441720,FN,OLKF,S,BHZ
2025-08-18 08:06:22.029670,FN,RANF,P,?HZ
2025-08-18 08:06:35.499720,FN,RANF,S,?HZ
2025-08-18 20:13:12.861150,HE,TVF,P,BHZ
2025-08-18 20:13:14.694870,HE,TVF,S,BHZ
2025-08-18 20:13:24.290940,HE,MEF,P,BHZ
2025-08-18 20:13:26.772100,HE,HEL5,P,BHZ
2025-08-18 20:13:28.796450,HE,NUR,P,SHZ
2025-08-18 20:13:33.703820,HE,RAF,P,BHZ
2025-08-18 20:13:33.856960,HE,MEF,S,BHZ
2025-08-18 20:13:37.789670,HE,HEL5,S,BHZ
2025-08-18 20:13:38.482640,UP,AAL,P,BHZ
2025-08-18 20:13:40.749780,HE,HEL1,S,BHZ
2025-08-18 20:13:42.073470,HE,NUR,S,SHZ
2025-08-18 20:13:46.224320,HE,KPF,P,BHZ
2025-08-18 20:13:48.133220,HE,FIA1,P,?HZ
2025-08-18 20:13:48.165190,HE,FIA0,P,?HZ
2025-08-18 20:13:50.140100,HE,RAF,S,BHZ
2025-08-18 20:13:58.409700,UP,AAL,S,BHZ
2025-08-18 20:14:10.986970,HE,KPF,S,BHZ
2025-08-18 20:14:15.342000,HE,FIA1,S,?HZ
2025-08-18 20:14:15.405350,HE,FIA0,S,?HZ
2025-08-20 13:05:53.489980,HE,RAF,P,BHZ
2025-08-20 13:05:58.925680,HE,RAF,S,BHZ
2025-08-20 13:06:01.838450,UP,AAL,P,BHZ
2025-08-20 13:06:08.324170,HE,KPF,P,BHZ
2025-08-20 13:06:12.979370,UP,AAL,S,BHZ
2025-08-20 13:06:24.448810,HE,KPF,S,BHZ
2025-08-20 13:06:54.742720,HE,KEF,S,?HZ
2025-08-20 13:06:57.477080,HE,FIA0,S,?HZ
2025-08-20 13:06:57.477080,HE,FIA1,S,?HZ
2025-08-22 03:37:45.406500,HE,KIF,P,BHZ
2025-08-22 03:37:53.692310,HE,HEF,P,BHZ
2025-08-22 03:37:58.778400,FN,KLF,P,BHZ
2025-08-22 03:37:59.108560,HE,KIF,S,BHZ
2025-08-22 03:38:10.006310,FN,SGF,P,BHZ
2025-08-22 03:38:11.143820,HE,TOF,P,BHZ
2025-08-22 03:38:12.702380,HE,HEF,S,BHZ
2025-08-22 03:38:15.395210,FN,RNF,P,BHZ
2025-08-22 03:38:15.401950,FN,KMNF,P,?HZ
2025-08-22 03:38:17.394390,FN,RAJF,P,?HZ
2025-08-22 03:38:21.034770,FN,RANF,P,?HZ
2025-08-22 03:38:22.144120,FN,KLF,S,BHZ
2025-08-22 03:38:30.142070,FN,OLKF,P,BHZ
2025-08-22 03:38:32.690600,FN,MSF,P,BHZ
2025-08-22 03:38:45.701250,FN,SGF,S,BHZ
2025-08-22 03:38:46.994320,HE,TOF,S,BHN
2025-08-22 03:38:47.005910,FN,KMNF,S,?HZ
2025-08-22 03:38:51.372960,FN,RNF,S,BHZ
2025-08-22 03:38:54.881600,FN,RAJF,S,?HZ
2025-08-22 03:39:08.896450,FN,RANF,S,?HZ
2025-08-22 03:39:11.421700,FN,OUL,S,BHZ
2025-08-22 03:39:15.633800,HE,OBF0,S,BHZ
2025-08-22 03:39:17.988870,FN,OLKF,S,BHZ
2025-08-23 20:59:47.096360,FN,KLF,P,BHZ
2025-08-23 20:59:47.259860,HE,TOF,P,BHZ
2025-08-23 20:59:52.888300,FN,RNF,P,BHZ
2025-08-23 20:59:55.166450,FN,KLF,S,BHZ
2025-08-23 20:59:55.305450,HE,TOF,S,BHZ
2025-08-23 21:00:00.835490,FN,SGF,P,BHZ
2025-08-23 21:00:01.442210,FN,RANF,P,?HZ
2025-08-23 21:00:05.067440,FN,RNF,S,BHZ
2025-08-23 21:00:07.534750,HE,HEF,P,BHZ
2025-08-23 21:00:08.285680,FN,OUL,P,BHZ
2025-08-23 21:00:09.687750,HE,OBF3,P,BHZ
2025-08-23 21:00:14.811190,FN,MSF,P,BHZ
2025-08-23 21:00:18.655560,FN,SGF,S,BHZ
2025-08-23 21:00:18.810530,FN,RAJF,P,?HZ
2025-08-23 21:00:19.764060,FN,RANF,S,?HZ
2025-08-23 21:00:21.160590,HE,KIF,P,BHZ
2025-08-23 21:00:31.064550,HE,HEF,S,BHZ
2025-08-23 21:00:31.361000,FN,OUL,S,BHZ
2025-08-23 21:00:42.276850,HE,OBF0,S,BHZ
2025-08-23 21:00:43.850680,FN,MSF,S,BHZ
2025-08-23 21:00:44.748260,FN,OLKF,S,BHZ
2025-08-23 21:00:51.872840,FN,RAJF,S,?HZ
2025-08-23 21:00:53.106260,HE,KU6,S,BHZ
2025-08-24 01:19:52.432370,HE,TVF,P,BHZ
2025-08-24 01:19:54.273120,HE,TVF,S,BHZ
2025-08-24 01:20:03.812450,HE,MEF,P,BHZ
2025-08-24 01:20:06.205510,HE,HEL5,P,BHZ
2025-08-24 01:20:07.387340,HE,LAUT,P,BHZ
2025-08-24 01:20:07.583090,HE,HEL1,P,BHZ
2025-08-24 01:20:08.681030,HE,NUR,P,SHZ
2025-08-24 01:20:13.286190,HE,RAF,P,BHZ
2025-08-24 01:20:13.416710,HE,MEF,S,BHZ
2025-08-24 01:20:17.441370,HE,HEL5,S,BHZ
2025-08-24 01:20:19.678410,HE,LAUT,S,BHN
2025-08-24 01:20:20.124220,HE,HEL1,S,BHZ
2025-08-24 01:20:21.764590,HE,NUR,S,SHZ
2025-08-24 01:20:25.517820,HE,KPF,P,BHZ
2025-08-24 01:20:28.511620,HE,FIA1,P,?HZ
2025-08-24 01:20:28.752920,HE,FIA0,P,?HZ
2025-08-24 01:20:30.366070,HE,RAF,S,BHZ
2025-08-24 01:20:33.798180,HE,KEF,P,?HZ
2025-08-24 01:20:51.248950,HE,KPF,S,BHZ
2025-08-24 01:20:55.957280,HE,FIA1,S,?HZ
2025-08-24 01:20:56.555730,HE,FIA0,S,?HZ
2025-08-24 01:21:04.049270,HE,KEF,S,?HZ
2025-08-24 01:21:11.897560,HE,KAF,S,?HZ
2025-08-24 10:42:31.230640,FN,MSF,P,BHZ
2025-08-24 10:42:35.263110,FN,MSF,S,BHZ
2025-08-24 10:42:36.762260,HE,KU6,P,BHZ
2025-08-24 10:42:38.843420,FN,OLKF,P,BHZ
2025-08-24 10:42:40.642020,FN,RANF,P,?HZ
2025-08-24 10:42:45.012680,HE,KU6,S,BHZ
2025-08-24 10:42:47.965600,FN,OLKF,S,BHZ
2025-08-24 10:42:48.485900,FN,OUL,P,BHZ
2025-08-24 10:42:51.249910,FN,RNF,P,BHZ
2025-08-24 10:42:51.249910,FN,RANF,S,?HZ
2025-08-24 10:43:04.387170,FN,OUL,S,BHZ
2025-08-24 10:43:09.756760,FN,RNF,S,BHZ
2025-08-24 10:43:11.685650,HE,RMF,S,BHZ
2025-08-24 10:43:19.974630,HE,TOF,S,BHZ
2025-08-24 10:43:21.330060,HE,OBF3,S,BHN
2025-08-24 10:43:33.392480,HE,NIF,S,BHZ
2025-08-26 10:52:34.415630,HE,TOF,P,BHZ
2025-08-26 10:52:41.143550,HE,OBF3,P,BHZ
2025-08-26 10:52:45.491700,FN,OUL,P,BHZ
2025-08-26 10:52:45.518240,HE,TOF,S,BHZ
2025-08-26 10:52:49.293350,FN,KLF,P,BHZ
2025-08-26 10:52:49.856060,FN,RNF,P,BHZ
2025-08-26 10:52:50.445620,FN,RANF,P,?HZ
2025-08-26 10:52:57.486560,HE,OBF3,S,BHZ
2025-08-26 10:53:00.791950,HE,OBF0,S,BHZ
2025-08-26 10:53:01.115500,HE,OBF8,S,BHZ
2025-08-26 10:53:05.753600,FN,OUL,S,BHZ
2025-08-26 10:53:10.917770,FN,KLF,S,BHZ
2025-08-26 10:53:12.072350,FN,RNF,S,BHZ
2025-08-26 10:53:14.746700,FN,RANF,S,?HZ
2025-08-26 10:53:30.728430,FN,SGF,S,BHZ
2025-08-26 17:49:37.585890,FN,KLF,P,BHZ
2025-08-26 17:49:41.706980,HE,HEF,P,BHZ
2025-08-26 17:49:46.971980,FN,KLF,S,BHZ
2025-08-26 17:49:52.912520,FN,SGF,P,BHZ
2025-08-26 17:49:54.315540,HE,HEF,S,BHZ
2025-08-26 17:49:54.521440,HE,TOF,P,BHZ
2025-08-26 17:49:55.091150,FN,RNF,P,BHZ
2025-08-26 17:50:12.045110,HE,KIF,S,BHZ
2025-08-26 17:50:14.111150,FN,SGF,S,BHZ
2025-08-26 17:50:16.518180,HE,TOF,S,BHZ
2025-08-26 17:50:17.320530,FN,RNF,S,BHZ
2025-08-26 17:50:34.081600,FN,KMNF,S,?HZ
2025-08-26 17:50:35.570920,FN,RANF,S,?HZ
2025-08-28 13:04:44.114000,HE,KUNI,P,BHZ
2025-08-28 13:04:48.986660,HE,KUNI,S,BHZ
2025-08-28 13:04:48.987630,HE,NUR,S,SHZ
2025-08-28 13:04:54.010000,HE,FIA0,P,?HZ
2025-08-28 13:04:54.020000,HE,FIA1,P,?HZ
2025-08-28 13:04:54.023650,HE,HEL5,S,BHZ
2025-08-28 13:04:55.994640,HE,MEF,S,BHZ
2025-08-28 13:05:06.380000,HE,FIA0,S,?HZ
2025-08-28 13:05:06.380000,HE,FIA1,S,?HZ
2025-08-28 13:05:09.463110,HE,VJF,S,?HZ
2025-08-28 13:05:26.420430,HE,KAF,S,?HZ
2025-08-28 13:05:28.437300,HE,KEF,S,?HZ
2025-08-28 13:05:33.496600,HE,RAF,S,BHZ
2025-08-29 19:17:06.987660,UP,AAL,P,BHZ
2025-08-29 19:17:10.566080,UP,AAL,S,BHZ
2025-08-29 19:17:19.215850,HE,RAF,P,BHZ
2025-08-29 19:17:31.567450,HE,RAF,S,BHZ
2025-08-29 19:17:50.900000,HE,TVF,S,BHZ
2025-08-29 19:17:53.667160,HE,KPF,S,BHZ
2025-08-29 19:18:05.620030,HE,MEF,S,BHZ
2025-09-02 16:01:18.737110,HE,VAF,P,BHZ
2025-09-02 16:01:42.199450,HE,VAF,S,BHZ
2025-09-02 16:01:49.549100,HE,KPF,S,BHZ
2025-09-03 11:34:26.837710,HE,RAF,P,BHZ
2025-09-03 11:34:45.031710,UP,AAL,S,BHZ
2025-09-03 11:34:50.382960,HE,RAF,S,BHZ
2025-09-03 11:34:51.964440,HE,KPF,S,BHZ
2025-09-03 17:13:24.340840,HE,KU6,P,BHZ
2025-09-03 17:13:25.557600,FN,OLKF,P,BHZ
2025-09-03 17:13:29.712240,HE,VRF,P,BHZ
2025-09-03 17:13:30.920740,FN,MSF,P,BHZ
2025-09-03 17:13:40.225020,HE,KU6,S,BHZ
2025-09-03 17:13:41.730160,FN,OLKF,S,BHZ
2025-09-03 17:13:43.694810,FN,RANF,P,?HZ
2025-09-03 17:13:48.628730,HE,VRF,S,BHZ
2025-09-03 17:13:51.388160,FN,MSF,S,BHZ
2025-09-03 17:14:13.463570,FN,RANF,S,?HZ
2025-09-03 17:14:13.589000,FN,RAJF,S,?HZ
2025-09-03 17:14:14.592430,FN,SGF,S,BHZ
2025-09-03 17:14:18.606140,FN,RNF,S,BHZ
2025-09-04 12:08:35.769800,FN,OLKF,P,BHZ
2025-09-04 12:08:38.246780,HE,KU6,P,BHZ
2025-09-04 12:08:42.811760,FN,MSF,P,BHZ
2025-09-04 12:08:46.836730,FN,OLKF,S,BHZ
2025-09-04 12:08:50.493000,FN,SGF,P,BHZ
2025-09-04 12:08:50.850710,FN,RAJF,P,?HZ
2025-09-04 12:08:50.859890,HE,KU6,S,BHZ
2025-09-04 12:08:52.281290,FN,RANF,P,?HZ
2025-09-04 12:08:52.773960,FN,RNF,P,BHZ
2025-09-04 12:08:58.634880,FN,MSF,S,BHZ
2025-09-04 12:09:02.387090,FN,KMNF,P,?HZ
2025-09-04 12:09:02.966590,FN,KLF,P,BHZ
2025-09-04 12:09:03.731610,HE,RMF,P,BHZ
2025-09-04 12:09:08.558030,HE,HEF,P,BHZ
2025-09-04 12:09:12.449450,FN,SGF,S,BHZ
2025-09-04 12:09:13.330840,FN,RAJF,S,?HZ
2025-09-04 12:09:15.467380,FN,RANF,S,?HZ
2025-09-04 12:09:17.187380,FN,RNF,S,BHZ
2025-09-04 12:09:33.182550,FN,KMNF,S,?HZ
2025-09-04 12:09:35.469560,HE,RMF,S,BHZ
2025-09-04 12:09:44.076070,HE,HEF,S,BHZ
2025-09-05 17:08:23.013540,HE,TOF,P,BHZ
2025-09-05 17:08:26.396840,HE,TOF,S,BHZ
2025-09-05 17:08:37.825200,FN,RNF,P,BHZ
2025-09-05 17:08:39.688170,FN,KLF,P,BHZ
2025-09-05 17:08:40.760980,FN,RANF,P,?HZ
2025-09-05 17:08:41.551140,HE,OBF3,P,BHZ
2025-09-05 17:08:41.727060,FN,OUL,P,BHZ
2025-09-05 17:08:46.048680,HE,OBF0,P,BHZ
2025-09-05 17:08:48.436170,HE,OBF8,P,BHZ
2025-09-05 17:08:49.585200,FN,SGF,P,BHZ
2025-09-05 17:08:51.681040,FN,RNF,S,BHZ
2025-09-05 17:08:54.851800,FN,KLF,S,BHZ
2025-09-05 17:08:56.848930,FN,RANF,S,?HZ
2025-09-05 17:08:58.069390,HE,OBF3,S,BHZ
2025-09-05 17:08:58.783620,FN,OUL,S,BHZ
2025-09-05 17:09:06.119060,HE,OBF0,S,BHZ
2025-09-05 17:09:10.681850,HE,OBF8,S,BHZ
2025-09-05 17:09:12.290150,FN,SGF,S,BHZ
2025-09-05 17:09:25.160510,FN,OLKF,S,BHZ
2025-09-05 17:09:29.083460,HE,HEF,S,BHZ
2025-09-06 05:03:01.209950,HE,FIA1,P,?HZ
2025-09-06 05:03:01.209950,HE,FIA0,P,?HZ
2025-09-06 05:03:08.663870,HE,FIA1,S,?HZ
2025-09-06 05:03:08.663870,HE,FIA0,S,?HZ
2025-09-06 05:03:09.832150,HE,KAF,P,?HZ
2025-09-06 05:03:11.155100,HE,VJF,S,?HZ
2025-09-06 05:03:21.064210,HE,RUF,S,BHZ
2025-09-06 05:03:23.383300,HE,KAF,S,?HZ
2025-09-06 05:03:31.963940,HE,NUR,S,SHZ
2025-09-06 05:03:36.604250,HE,KEF,S,?HZ
2025-09-06 05:03:40.167990,HE,MEF,S,BHZ
2025-09-06 05:03:41.936030,HE,SUF,S,BHZ
2025-09-06 18:09:44.074530,HE,RMF,P,BHZ
2025-09-06 18:09:46.025960,FN,OUL,P,BHZ
2025-09-06 18:09:48.344700,FN,RANF,P,?HZ
2025-09-06 18:09:54.141540,HE,OBF3,P,BHZ
2025-09-06 18:09:54.489690,HE,NIF,P,BHZ
2025-09-06 18:09:55.638420,FN,MSF,S,BHZ
2025-09-06 18:09:56.689680,HE,RMF,S,BHZ
2025-09-06 18:09:59.677480,FN,OUL,S,BHZ
2025-09-06 18:09:59.827300,FN,RNF,P,BHZ
2025-09-06 18:10:01.322900,HE,TOF,P,BHZ
2025-09-06 18:10:02.665280,HE,KU6,S,BHZ
2025-09-06 18:10:04.048520,FN,RANF,S,?HZ
2025-09-06 18:10:08.440410,FN,OLKF,S,BHZ
2025-09-06 18:10:14.654640,HE,OBF3,S,BHZ
2025-09-06 18:10:14.716500,HE,NIF,S,BHZ
2025-09-06 18:10:21.620350,HE,OBF0,S,BHZ
2025-09-06 18:10:23.415590,FN,RNF,S,BHZ
2025-09-06 18:10:25.444480,HE,TOF,S,BHZ
2025-09-06 18:10:34.429580,HE,JOF,S,BHZ
2025-09-06 18:10:40.129810,HE,SUF,S,BHZ
2025-09-06 18:10:42.977020,FN,SGF,S,BHZ
2025-09-06 18:10:46.262890,FN,KLF,S,BHZ
2025-09-09 16:31:00.891800,HE,VJF,P,?HZ
2025-09-09 16:31:06.391500,HE,VJF,S,?HZ
2025-09-09 16:31:06.652120,HE,FIA0,P,?HZ
2025-09-09 16:31:06.652120,HE,FIA1,P,?HZ
2025-09-09 16:31:13.096080,HE,RUF,P,BHZ
2025-09-09 16:31:14.257800,HE,KUNI,P,BHZ
2025-09-09 16:31:14.515630,HE,NUR,P,SHZ
2025-09-09 16:31:15.740350,HE,LAUT,P,BHZ
2025-09-09 16:31:16.420520,HE,FIA0,S,?HZ
2025-09-09 16:31:16.420520,HE,FIA1,S,?HZ
2025-09-09 16:31:18.444610,HE,MEF,P,BHZ
2025-09-09 16:31:22.976840,HE,KEF,P,?HZ
2025-09-09 16:31:27.085120,HE,SUF,P,BHZ
2025-09-09 16:31:27.751030,HE,RUF,S,BHZ
2025-09-09 16:31:29.359500,HE,KUNI,S,BHZ
2025-09-09 16:31:29.895660,HE,NUR,S,SHZ
2025-09-09 16:31:30.225440,HE,RSUO,S,BHZ
2025-09-09 16:31:31.339400,HE,HEL1,S,BHZ
2025-09-09 16:31:31.893480,HE,LAUT,S,BHZ
2025-09-09 16:31:33.840020,HE,KAF,S,?HZ
2025-09-09 16:31:34.349590,HE,HEL5,S,BHZ
2025-09-09 16:31:36.530950,HE,RAF,P,BHZ
2025-09-09 16:31:37.140700,HE,MEF,S,BHZ
2025-09-09 16:31:37.399380,HE,KPF,P,BHZ
2025-09-09 16:31:44.940230,HE,KEF,S,?HZ
2025-09-09 16:31:51.512550,HE,SUF,S,BHZ
2025-09-09 16:31:57.233180,HE,TVF,S,BHZ
2025-09-09 16:32:09.905820,HE,RAF,S,BHZ
2025-09-09 16:32:10.267780,HE,KPF,S,BHZ
2025-09-09 16:32:10.683070,HE,NIF,S,BHZ
2025-09-11 13:17:00.985090,FN,KLF,P,BHZ
2025-09-11 13:17:02.741680,FN,KLF,S,BHZ
2025-09-11 13:17:15.742160,FN,RNF,P,BHZ
2025-09-11 13:17:17.544870,HE,TOF,P,BHZ
2025-09-11 13:17:22.033450,HE,HEF,P,BHZ
2025-09-11 13:17:27.497350,FN,RNF,S,BHZ
2025-09-11 13:17:30.799980,FN,KLF,P,BHZ
2025-09-11 13:17:31.090140,HE,TOF,S,BHZ
2025-09-11 13:17:32.551610,FN,KLF,S,BHZ
2025-09-11 13:17:38.244260,HE,HEF,S,BHZ
2025-09-11 13:17:45.270990,FN,RNF,P,BHZ
2025-09-11 13:17:46.678340,FN,RANF,S,?HZ
2025-09-11 13:17:47.539680,HE,TOF,P,BHZ
2025-09-11 13:17:51.863330,HE,HEF,P,BHZ
2025-09-11 13:17:56.009940,FN,RANF,P,?HZ
2025-09-11 13:17:56.935050,FN,RNF,S,BHZ
2025-09-11 13:17:59.933300,FN,SGF,S,BHZ
2025-09-11 13:18:00.508170,HE,TOF,S,BHZ
2025-09-11 13:18:08.811300,HE,HEF,S,BHZ
2025-09-11 13:18:16.000270,FN,RANF,S,?HZ
2025-09-11 13:18:31.279950,FN,RAJF,S,?HZ
2025-09-11 13:18:33.981340,FN,OUL,S,BHZ
2025-09-14 06:02:13.583710,HE,FIA0,P,?HZ
2025-09-14 06:02:13.583710,HE,FIA1,P,?HZ
2025-09-14 06:02:14.069560,HE,NUR,P,SHZ
2025-09-14 06:02:14.444490,HE,VJF,P,?HZ
2025-09-14 06:02:22.895740,HE,FIA0,S,?HZ
2025-09-14 06:02:22.895740,HE,FIA1,S,?HZ
2025-09-14 06:02:23.651990,HE,NUR,S,SHZ
2025-09-14 06:02:23.821270,HE,KUNI,S,BHZ
2025-09-14 06:02:24.296180,HE,VJF,S,?HZ
2025-09-14 06:02:25.577760,HE,KAF,P,?HZ
2025-09-14 06:02:26.141860,HE,HEL1,S,BHZ
2025-09-14 06:02:26.838030,HE,LAUT,S,BHZ
2025-09-14 06:02:28.545100,HE,RUF,P,BHZ
2025-09-14 06:02:28.652320,HE,KEF,P,?HZ
2025-09-14 06:02:28.934800,HE,HEL5,S,BHZ
2025-09-14 06:02:30.650950,HE,TVF,P,BHZ
2025-09-14 06:02:31.382920,HE,MEF,S,BHZ
2025-09-14 06:02:35.888320,HE,SUF,P,BHZ
2025-09-14 06:02:37.744790,HE,RAF,P,BHZ
2025-09-14 06:02:39.833310,HE,KPF,P,BHZ
2025-09-14 06:02:43.668950,HE,KAF,S,?HZ
2025-09-14 06:02:48.519750,HE,KEF,S,?HZ
2025-09-14 06:02:48.802220,HE,RUF,S,BHZ
2025-09-14 06:02:51.900930,HE,TVF,S,BHZ
2025-09-14 06:03:00.950640,HE,SUF,S,BHZ
2025-09-14 06:03:06.315680,HE,RAF,S,BHZ
2025-09-14 06:03:09.328750,HE,KPF,S,BHZ
2025-09-14 06:03:18.819150,HE,ALAJF,S,?HZ
2025-09-14 06:03:24.205780,HE,NIF,S,BHZ
2025-09-14 07:49:33.989350,HE,FIA0,P,?HZ
2025-09-14 07:49:34.099220,HE,FIA1,P,?HZ
2025-09-14 07:49:43.315410,HE,FIA1,S,?HZ
2025-09-14 07:49:43.352730,HE,FIA0,S,?HZ
2025-09-14 14:26:04.685000,HE,OBF8,P,BHZ
2025-09-14 14:26:09.540160,HE,OBF0,P,BHZ
2025-09-14 14:26:13.080170,HE,OUF,P,BHZ
2025-09-14 14:26:13.115560,HE,OBF3,P,BHZ
2025-09-14 14:26:15.136730,HE,OBF8,S,BHZ
2025-09-14 14:26:23.284610,HE,OBF0,S,BHZ
2025-09-14 14:26:29.104530,HE,OBF3,S,BHZ
2025-09-14 14:26:30.268510,HE,OUF,S,BHZ
2025-09-14 14:26:39.172450,HE,VAF,S,BHZ
2025-09-14 14:26:44.114670,HE,ALAJF,S,?HZ
2025-09-14 14:26:44.770800,HE,TOF,S,BHZ
2025-09-14 14:26:44.989510,FN,OUL,S,BHZ
2025-09-14 19:07:48.450150,HE,VJF,P,?HZ
2025-09-14 19:07:53.679060,HE,VJF,S,?HZ
2025-09-14 19:07:54.164810,HE,FIA0,P,?HZ
2025-09-14 19:07:54.164810,HE,FIA1,P,?HZ
2025-09-14 19:08:03.840880,HE,FIA0,S,?HZ
2025-09-14 19:08:03.840880,HE,FIA1,S,?HZ
2025-09-14 19:08:21.001000,HE,KAF,S,?HZ
2025-09-14 19:08:31.655790,HE,KEF,S,?HZ
2025-09-15 10:17:28.712530,FN,KLF,P,BHZ
2025-09-15 10:17:30.462010,FN,KLF,S,BHZ
2025-09-15 10:17:42.951810,FN,RNF,P,BHZ
2025-09-15 10:17:45.251730,HE,TOF,P,BHZ
2025-09-15 10:17:49.514540,HE,HEF,P,BHZ
2025-09-15 10:17:53.461070,FN,RANF,P,?HZ
2025-09-15 10:17:54.935980,FN,RNF,S,BHZ
2025-09-15 10:17:58.716350,HE,TOF,S,BHZ
2025-09-15 10:18:06.279530,HE,HEF,S,BHZ
2025-09-15 10:18:13.570470,FN,RANF,S,?HZ
2025-09-15 10:18:28.563100,FN,RAJF,S,?HZ
2025-09-15 10:18:31.643780,FN,OUL,S,BHZ
2025-09-15 10:18:33.594880,HE,VRF,S,BHZ
2025-09-15 10:18:34.724460,FN,OLKF,S,BHZ
2025-09-15 10:18:34.783520,HE,KIF,S,BHZ
2025-09-15 10:18:35.944270,FN,KMNF,S,?HZ
2025-09-15 10:18:51.730370,HE,KEV,S,?HZ
2025-09-15 17:23:55.908020,UP,AAL,P,BHZ
2025-09-15 17:24:02.961360,UP,AAL,S,BHZ
2025-09-15 17:24:13.421100,HE,RAF,P,BHZ
2025-09-15 17:24:31.608190,HE,TVF,S,BHZ
2025-09-15 17:24:33.205860,HE,RAF,S,BHZ
2025-09-15 17:24:49.219140,HE,MEF,S,BHZ
2025-09-15 23:29:36.520040,HE,KIF,S,BHZ
2025-09-15 23:29:38.939730,FN,KLF,S,BHZ
2025-09-15 23:29:41.491350,HE,HEF,S,BHZ
2025-09-15 23:30:02.675650,FN,RNF,S,BHZ
2025-09-16 20:35:23.447570,UP,AAL,P,BHZ
2025-09-16 20:35:23.964050,HE,KPF,P,BHZ
2025-09-16 20:35:24.866030,HE,RAF,P,BHZ
2025-09-16 20:35:32.051230,HE,VAF,P,BHZ
2025-09-16 20:35:49.491800,UP,AAL,S,BHZ
2025-09-16 20:35:51.247670,HE,KPF,S,BHZ
2025-09-16 20:35:52.067080,HE,RAF,S,BHZ
2025-09-16 20:36:04.592320,HE,VAF,S,BHZ
2025-09-19 03:21:36.618010,HE,KPF,P,BHZ
2025-09-19 03:21:41.557860,HE,RAF,P,BHZ
2025-09-19 03:21:44.223920,HE,VAF,P,BHZ
2025-09-19 03:21:53.144860,HE,KPF,S,BHZ
2025-09-19 03:22:02.317260,HE,RAF,S,BHZ
2025-09-19 03:22:06.271330,HE,VAF,S,BHZ
2025-09-19 03:22:13.896440,UP,AAL,S,BHZ
2025-09-19 03:22:23.944540,HE,ALAJF,S,?HZ
2025-09-19 03:22:26.061600,HE,KEF,S,?HZ
2025-09-19 20:46:14.468590,HE,OBF8,P,BHZ
2025-09-19 20:46:19.356230,HE,OBF0,P,BHZ
2025-09-19 20:46:22.134800,HE,OBF3,P,BHZ
2025-09-19 20:46:22.983360,HE,OUF,P,BHZ
2025-09-19 20:46:24.140760,HE,VAF,P,BHZ
2025-09-19 20:46:32.241810,HE,OBF8,S,BHZ
2025-09-19 20:46:40.417490,HE,OBF0,S,BHZ
2025-09-19 20:46:45.457040,HE,OBF3,S,BHZ
2025-09-19 20:46:46.985390,HE,OUF,S,BHZ
2025-09-19 20:46:49.061870,HE,VAF,S,BHZ
2025-09-19 20:46:52.327170,HE,TOF,S,BHZ
2025-09-19 20:46:55.592180,HE,ALAJF,S,?HZ
2025-09-19 20:47:00.804740,FN,OUL,S,BHZ
2025-09-20 14:51:36.435230,HE,FIA0,P,?HZ
2025-09-20 14:51:36.473300,HE,FIA1,P,?HZ
2025-09-20 14:51:37.040230,HE,VJF,P,?HZ
2025-09-20 14:51:45.505830,HE,FIA1,S,?HZ
2025-09-20 14:51:45.516460,HE,FIA0,S,?HZ
2025-09-20 14:51:46.610620,HE,VJF,S,?HZ
2025-09-20 14:52:11.370000,HE,KEF,S,?HZ
2025-09-20 16:18:44.736190,FN,MSF,P,BHZ
2025-09-20 16:18:47.516910,HE,KU6,P,BHZ
2025-09-20 16:18:51.276480,FN,MSF,S,BHZ
2025-09-20 16:18:51.357360,FN,OLKF,P,BHZ
2025-09-20 16:18:55.746440,HE,KU6,S,BHZ
2025-09-20 16:18:55.929620,FN,RANF,P,?HZ
2025-09-20 16:18:58.105540,HE,RMF,P,BHZ
2025-09-20 16:19:01.118360,FN,OUL,P,BHZ
2025-09-20 16:19:02.657470,FN,OLKF,S,BHZ
2025-09-20 16:19:05.302820,FN,RNF,P,BHZ
2025-09-20 16:19:10.388350,FN,RANF,S,?HZ
2025-09-20 16:19:14.341260,HE,RMF,S,BHZ
2025-09-20 16:19:19.195240,FN,OUL,S,BHZ
2025-09-20 16:19:26.978340,FN,RNF,S,BHZ
2025-09-20 16:19:33.452150,HE,OBF3,S,BHZ
2025-09-20 16:19:35.871060,HE,TOF,S,BHZ
2025-09-20 16:19:36.987490,HE,NIF,S,BHZ
2025-09-20 16:19:37.975900,HE,OUF,S,BHZ
2025-09-20 16:19:40.784660,HE,OBF0,S,BHZ
2025-09-20 16:19:49.792920,HE,JOF,S,BHZ
2025-09-20 16:19:50.012820,HE,OBF8,S,BHZ
2025-09-20 16:19:51.072120,FN,KLF,S,BHZ
2025-09-21 10:26:06.389430,HE,TOF,P,BHZ
2025-09-21 10:26:09.747620,HE,TOF,S,BHZ
2025-09-21 10:26:21.635840,FN,RNF,P,BHZ
2025-09-21 10:26:23.265540,FN,OUL,P,BHZ
2025-09-21 10:26:23.567010,FN,RANF,P,?HZ
2025-09-21 10:26:24.826330,FN,KLF,P,BHZ
2025-09-21 10:26:35.744400,FN,RNF,S,BHZ
2025-09-21 10:26:37.626990,HE,OBF3,S,BHZ
2025-09-21 10:26:38.191760,FN,OUL,S,BHZ
2025-09-21 10:26:38.756530,FN,RANF,S,?HZ
2025-09-21 10:26:41.580410,FN,KLF,S,BHZ
2025-09-21 10:26:45.627950,HE,OBF0,S,BHZ
2025-09-21 10:26:50.522670,HE,OBF8,S,BHZ
2025-09-21 10:26:51.369830,HE,OUF,S,BHZ
2025-09-21 11:46:05.268820,UP,AAL,P,BHZ
2025-09-21 11:46:08.349220,HE,RAF,P,BHZ
2025-09-21 11:46:34.444720,UP,AAL,S,BHZ
2025-09-21 11:46:38.983110,HE,KPF,S,BHZ
2025-09-21 11:46:40.633550,HE,RAF,S,BHZ
2025-09-22 02:28:00.635900,FN,KLF,S,BHZ
2025-09-22 02:28:05.323810,HE,KIF,S,BHZ
2025-09-22 08:34:16.647020,HE,KEV,P,?HZ
2025-09-22 08:34:23.327960,FN,KMNF,P,?HZ
2025-09-22 08:34:23.972780,HE,KIF,P,BHZ
2025-09-22 08:34:32.883080,HE,KEV,S,?HZ
2025-09-22 08:34:44.582350,FN,KMNF,S,?HZ
2025-09-22 08:34:45.513530,HE,KIF,S,BHZ
2025-09-22 08:34:53.660190,HE,HEF,S,BHZ
2025-09-22 08:35:05.745990,FN,RAJF,S,?HZ
2025-09-24 02:54:36.874990,HE,FIA0,P,?HZ
2025-09-24 02:54:36.874990,HE,FIA1,P,?HZ
2025-09-24 02:54:37.393790,HE,VJF,P,?HZ
2025-09-24 02:54:46.131630,HE,FIA1,S,?HZ
2025-09-24 02:54:46.197440,HE,FIA0,S,?HZ
2025-09-24 02:54:47.673030,HE,VJF,S,?HZ
2025-09-24 02:54:48.998450,HE,KAF,P,?HZ
2025-09-24 02:55:06.610080,HE,KAF,S,?HZ
2025-09-24 12:25:11.973320,HE,VJF,P,?HZ
2025-09-24 12:25:19.488240,HE,VJF,S,?HZ
2025-09-24 12:25:27.650340,HE,LAUT,S,BHZ
2025-09-24 12:25:29.472270,HE,HEL5,S,BHZ
2025-09-24 12:25:29.472270,HE,NUR,S,SHZ
2025-09-24 12:25:33.896980,HE,MEF,S,BHZ
2025-09-24 12:25:34.677810,HE,FIA0,S,?HZ
2025-09-24 12:25:34.677810,HE,FIA1,S,?HZ
2025-09-24 12:25:50.716490,HE,RUF,S,BHZ
2025-09-24 12:25:54.680220,HE,TVF,S,BHZ
2025-09-24 12:25:54.808090,HE,KAF,S,?HZ
2025-09-24 12:26:01.329070,HE,KEF,S,?HZ
2025-09-24 12:26:12.197390,HE,SUF,S,BHZ
2025-09-27 21:58:37.312100,HE,FIA0,P,?HZ
2025-09-27 21:58:37.700310,HE,FIA1,P,?HZ
2025-09-27 21:58:46.845060,HE,FIA1,S,?HZ
2025-09-27 21:58:46.863420,HE,FIA0,S,?HZ
2025-09-27 21:58:48.405880,HE,NUR,S,SHZ
2025-09-27 21:58:48.956610,HE,VJF,S,?HZ
2025-09-30 14:49:11.388370,HE,OBF3,P,BHZ
2025-09-30 14:49:14.134840,HE,TOF,P,BHZ
2025-09-30 14:49:15.213020,HE,OBF0,P,BHZ
2025-09-30 14:49:15.248490,FN,OUL,P,BHZ
2025-09-30 14:49:18.375030,HE,OUF,P,BHZ
2025-09-30 14:49:19.351550,HE,OBF3,S,BHZ
2025-09-30 14:49:23.788810,FN,RANF,P,?HZ
2025-09-30 14:49:23.832790,HE,TOF,S,BHZ
2025-09-30 14:49:25.955760,HE,OBF0,S,BHZ
2025-09-30 14:49:26.569600,FN,OUL,S,BHZ
2025-09-30 14:49:27.206400,FN,RNF,P,BHZ
2025-09-30 14:49:31.130960,HE,OUF,S,BHZ
2025-09-30 14:49:33.043750,FN,KLF,P,BHZ
2025-09-30 14:49:41.470040,FN,RANF,S,?HZ
2025-09-30 14:49:46.436850,FN,RNF,S,BHZ
2025-09-30 14:49:57.336550,FN,KLF,S,BHZ
2025-09-30 14:50:05.493180,FN,MSF,S,BHZ
2025-09-30 14:50:05.885220,HE,ALAJF,S,?HZ
2025-10-02 09:35:11.666850,UP,AAL,P,BHZ
2025-10-02 09:35:16.230710,HE,KPF,P,BHZ
2025-10-02 09:35:40.657700,UP,AAL,S,BHZ
2025-10-02 09:35:48.479370,HE,KPF,S,BHZ
2025-10-02 09:35:52.718520,HE,RAF,S,BHZ
2025-10-03 00:59:21.247600,HE,OBF0,S,BHZ
2025-10-03 00:59:25.854130,HE,OUF,S,BHZ
2025-10-03 00:59:30.690980,HE,OBF3,S,BHZ
2025-10-03 00:59:39.213050,HE,KPF,S,BHZ
2025-10-03 17:15:55.658170,HE,VJF,P,?HZ
2025-10-03 17:15:57.366390,HE,HEL5,P,BHZ
2025-10-03 17:15:57.963760,HE,FIA0,P,?HZ
2025-10-03 17:15:57.964600,HE,FIA1,P,?HZ
2025-10-03 17:15:58.799240,HE,MEF,P,BHZ
2025-10-03 17:16:02.256810,HE,KUNI,S,BHZ
2025-10-03 17:16:03.313360,HE,NUR,S,SHZ
2025-10-03 17:16:04.494210,HE,HEL1,S,BHZ
2025-10-03 17:16:04.991410,HE,LAUT,S,BHZ
2025-10-03 17:16:05.426470,HE,VJF,S,?HZ
2025-10-03 17:16:07.166670,HE,HEL5,S,BHZ
2025-10-03 17:16:08.969020,HE,FIA0,S,?HZ
2025-10-03 17:16:08.969930,HE,FIA1,S,?HZ
2025-10-03 17:16:09.916520,HE,KAF,P,?HZ
2025-10-03 17:16:10.017610,HE,MEF,S,BHZ
2025-10-03 17:16:12.393950,HE,KEF,P,?HZ
2025-10-03 17:16:19.410190,HE,RAF,P,BHZ
2025-10-03 17:16:19.868570,HE,SUF,P,BHZ
2025-10-03 17:16:22.660220,HE,KPF,P,BHZ
2025-10-03 17:16:29.675020,HE,KAF,S,?HZ
2025-10-03 17:16:31.023280,HE,TVF,S,BHZ
2025-10-03 17:16:32.837820,HE,RUF,S,BHZ
2025-10-03 17:16:34.428770,HE,KEF,S,?HZ
2025-10-03 17:16:47.596120,HE,RAF,S,BHZ
2025-10-03 17:16:48.569260,HE,SUF,S,BHZ
2025-10-03 17:16:52.005710,HE,KPF,S,BHZ
2025-10-03 23:33:18.548990,HE,HEF,S,BHZ
2025-10-03 23:33:25.792970,FN,KLF,S,BHZ
2025-10-03 23:33:48.099640,FN,SGF,S,BHZ
2025-10-03 23:33:54.619300,FN,RNF,S,BHZ
2025-10-03 23:34:00.014890,FN,KMNF,S,?HZ
2025-10-07 10:38:01.901180,HE,KU6,P,BHZ
2025-10-07 10:38:03.100600,FN,MSF,P,BHZ
2025-10-07 10:38:04.708500,HE,KU6,S,BHZ
2025-10-07 10:38:06.796800,FN,MSF,S,BHZ
2025-10-07 22:50:45.162300,HE,OBF0,P,BHZ
2025-10-07 22:50:49.444770,HE,OUF,P,BHZ
2025-10-07 22:51:03.400680,HE,OBF0,S,BHZ
2025-10-07 22:51:06.853310,HE,OBF3,S,BHZ
2025-10-07 22:51:10.421030,HE,OUF,S,BHZ
2025-10-07 22:51:21.584540,HE,VAF,S,BHZ
2025-10-07 22:51:27.108760,HE,ALAJF,S,?HZ
2025-10-08 06:12:50.038060,HE,VJF,P,?HZ
2025-10-08 06:12:50.699940,HE,VJF,S,?HZ
2025-10-08 06:13:10.502690,HE,FIA1,P,?HZ
2025-10-08 06:13:10.507410,HE,FIA0,P,?HZ
2025-10-08 06:13:22.470750,HE,RUF,S,BHZ
2025-10-08 06:13:26.134390,HE,FIA0,S,?HZ
2025-10-08 06:13:26.137120,HE,FIA1,S,?HZ
2025-10-08 06:13:31.984180,HE,KUNI,S,BHZ
2025-10-08 06:13:32.429160,HE,RSUO,S,BHZ
2025-10-08 06:13:33.317050,HE,HEL1,S,BHZ
2025-10-08 06:13:33.492980,HE,LAUT,S,BHZ
2025-10-08 06:13:35.194190,HE,NUR,S,SHZ
2025-10-08 06:13:35.746700,HE,HEL5,S,BHZ
2025-10-08 06:13:41.498430,HE,KAF,S,?HZ
2025-10-08 13:19:58.120000,HE,VAF,S,BHZ
2025-10-08 13:20:04.750000,HE,KPF,S,BHZ
2025-10-08 21:38:53.661340,HE,KPF,P,BHZ
2025-10-08 21:39:14.318380,UP,AAL,S,BHZ
2025-10-08 21:39:25.350260,HE,RAF,S,BHZ
2025-10-08 21:39:27.516130,HE,KPF,S,BHZ
2025-10-09 01:55:50.614530,HE,FIA0,P,?HZ
2025-10-09 01:55:50.813140,HE,FIA1,P,?HZ
2025-10-09 01:56:00.024110,HE,FIA0,S,?HZ
2025-10-09 01:56:00.308710,HE,FIA1,S,?HZ
2025-10-09 11:32:25.119870,HE,HEF,P,BHZ
2025-10-09 11:32:30.718320,FN,KLF,P,BHZ
2025-10-09 11:32:31.134180,HE,HEF,S,BHZ
2025-10-09 11:32:42.184390,FN,KLF,S,BHZ
2025-10-09 11:33:12.326070,FN,KMNF,S,?HZ
2025-10-11 13:31:35.509010,HE,FIA0,P,?HZ
2025-10-11 13:31:35.509010,HE,FIA1,P,?HZ
2025-10-11 13:31:36.085040,HE,NUR,P,SHZ
2025-10-11 13:31:36.556820,HE,VJF,P,?HZ
2025-10-11 13:31:44.789650,HE,FIA0,S,?HZ
2025-10-11 13:31:44.789650,HE,FIA1,S,?HZ
2025-10-11 13:31:45.572460,HE,NUR,S,SHZ
2025-10-11 13:31:46.061990,HE,KUNI,S,BHZ
2025-10-11 13:31:46.820800,HE,VJF,S,?HZ
2025-10-11 13:31:47.618380,HE,KAF,P,?HZ
2025-10-11 13:31:48.201220,HE,HEL1,S,BHZ
2025-10-11 13:31:48.978350,HE,LAUT,S,BHZ
2025-10-11 13:31:50.399390,HE,KEF,P,?HZ
2025-10-11 13:31:50.649060,HE,RUF,P,BHZ
2025-10-11 13:31:50.981950,HE,HEL5,S,BHZ
2025-10-11 13:31:52.550970,HE,TVF,P,BHZ
2025-10-11 13:31:52.896080,HE,MEF,S,BHZ
2025-10-11 13:31:57.424200,HE,SUF,P,BHZ
2025-10-11 13:31:59.976840,HE,RAF,P,BHZ
2025-10-11 13:32:02.761550,HE,KPF,P,BHZ
2025-10-11 13:32:05.545970,HE,KAF,S,?HZ
2025-10-11 13:32:10.372900,HE,KEF,S,?HZ
2025-10-11 13:32:10.651540,HE,RUF,S,BHZ
2025-10-11 13:32:13.900360,HE,TVF,S,BHZ
2025-10-11 13:32:22.950640,HE,SUF,S,BHZ
2025-10-11 13:32:26.199460,HE,RAF,S,BHZ
2025-10-11 13:32:31.072690,HE,KPF,S,BHZ
2025-10-11 13:36:32.744100,HE,FIA1,P,?HZ
2025-10-11 13:36:41.730350,HE,FIA1,S,?HZ
2025-10-12 00:48:44.566950,FN,SGF,P,BHZ
2025-10-12 00:48:47.158950,HE,HEF,P,BHZ
2025-10-12 00:48:50.038930,FN,KLF,P,BHZ
2025-10-12 00:48:52.600830,FN,RAJF,P,?HZ
2025-10-12 00:48:52.963370,FN,SGF,S,BHZ
2025-10-12 00:48:54.764020,FN,KMNF,P,?HZ
2025-10-12 00:48:57.322980,HE,HEF,S,BHZ
2025-10-12 00:48:57.659150,FN,RNF,P,BHZ
2025-10-12 00:49:00.244640,HE,VRF,P,BHZ
2025-10-12 00:49:02.496500,FN,KLF,S,BHZ
2025-10-12 00:49:04.466210,HE,KEV,P,?HZ
2025-10-12 00:49:06.697780,FN,RAJF,S,?HZ
2025-10-12 00:49:07.903070,HE,KIF,P,BHZ
2025-10-12 00:49:08.156240,FN,RANF,P,?HZ
2025-10-12 00:49:10.799750,FN,KMNF,S,?HZ
2025-10-12 00:49:11.758630,FN,OLKF,P,BHZ
2025-10-12 00:49:15.342570,FN,RNF,S,BHZ
2025-10-12 00:49:19.583830,HE,VRF,S,BHZ
2025-10-12 00:49:27.022180,HE,KEV,S,?HZ
2025-10-12 00:49:32.168770,HE,TOF,S,BHZ
2025-10-12 00:49:32.650120,HE,KIF,S,BHZ
2025-10-12 00:49:33.836990,FN,RANF,S,?HZ
2025-10-12 00:49:39.885410,FN,OLKF,S,BHZ
2025-10-12 11:54:53.637190,FN,KLF,P,BHZ
2025-10-12 11:54:58.274590,HE,HEF,P,BHZ
2025-10-12 11:55:02.468450,FN,KLF,S,BHZ
2025-10-12 11:55:09.939350,HE,HEF,S,BHZ
2025-10-12 11:55:28.486240,HE,KIF,S,BHZ
2025-10-12 11:55:29.683570,FN,SGF,S,BHZ
2025-10-12 11:55:33.291240,FN,RNF,S,BHZ
2025-10-12 17:38:08.400010,HE,RAF,P,BHZ
2025-10-12 17:38:11.606340,HE,RAF,S,BHZ
2025-10-12 17:38:18.644390,HE,KPF,P,BHZ
2025-10-12 17:38:24.829700,UP,AAL,P,BHZ
2025-10-12 17:38:28.538310,HE,KPF,S,BHZ
2025-10-12 17:38:33.017070,HE,TVF,P,BHZ
2025-10-12 17:38:35.417450,HE,NUR,P,SHZ
2025-10-12 17:38:35.782510,HE,MEF,P,BHZ
2025-10-12 17:38:38.966350,HE,KUNI,P,BHZ
2025-10-12 17:38:39.066680,HE,HEL5,P,BHZ
2025-10-12 17:38:39.591820,HE,KEF,P,?HZ
2025-10-12 17:38:39.880130,HE,VAF,P,BHZ
2025-10-12 17:38:40.516450,UP,AAL,S,BHZ
2025-10-12 17:38:45.189420,HE,FIA1,P,?HZ
2025-10-12 17:38:45.374560,HE,FIA0,P,?HZ
2025-10-12 17:38:53.759900,HE,TVF,S,BHZ
2025-10-12 17:38:58.163020,HE,NUR,S,SHZ
2025-10-12 17:38:58.947660,HE,MEF,S,BHZ
2025-10-12 17:39:04.210980,HE,HEL5,S,BHZ
2025-10-12 17:39:04.849820,HE,KUNI,S,BHZ
2025-10-12 17:39:05.185300,HE,KEF,S,?HZ
2025-10-12 17:39:06.687490,HE,VAF,S,BHZ
2025-10-12 17:39:15.191130,HE,FIA0,S,?HZ
2025-10-12 17:39:15.203930,HE,FIA1,S,?HZ
2025-10-15 03:40:49.254290,HE,FIA0,P,?HZ
2025-10-15 03:40:49.390320,HE,FIA1,P,?HZ
2025-10-15 03:40:58.532140,HE,FIA0,S,?HZ
2025-10-15 03:40:58.588390,HE,FIA1,S,?HZ
2025-10-15 03:41:00.529710,HE,VJF,S,?HZ
2025-10-16 14:25:43.828450,HE,NIF,P,BHZ
2025-10-16 14:25:46.273650,HE,RMF,P,BHZ
2025-10-16 14:25:52.660150,HE,NIF,S,BHZ
2025-10-16 14:25:56.784320,HE,RMF,S,BHZ
2025-10-16 14:25:59.771020,HE,SUF,P,BHZ
2025-10-16 14:26:04.023720,HE,JOF,P,BHZ
2025-10-16 14:26:12.190840,FN,OUL,S,BHZ
2025-10-16 14:26:15.597110,HE,OUF,S,BHZ
2025-10-16 14:26:20.645620,HE,SUF,S,BHZ
2025-10-16 14:26:23.995640,HE,OBF0,S,BHZ
2025-10-16 14:26:27.713440,HE,JOF,S,BHZ
2025-10-16 14:26:31.067940,FN,RANF,S,?HZ
2025-10-17 20:06:16.117300,HE,KIF,P,BHZ
2025-10-17 20:06:24.479950,HE,KIF,S,BHZ
2025-10-17 20:06:25.868500,HE,HEF,P,BHZ
2025-10-17 20:06:41.429280,HE,HEF,S,BHZ
2025-10-17 20:06:58.462230,FN,KLF,S,BHZ
2025-10-18 03:58:44.965700,HE,FIA0,P,?HZ
2025-10-18 03:58:44.965700,HE,FIA1,P,?HZ
2025-10-18 03:58:45.681040,HE,NUR,P,SHZ
2025-10-18 03:58:45.935970,HE,VJF,P,?HZ
2025-10-18 03:58:50.108330,HE,MEF,P,BHZ
2025-10-18 03:58:54.365200,HE,FIA0,S,?HZ
2025-10-18 03:58:54.365200,HE,FIA1,S,?HZ
2025-10-18 03:58:55.245720,HE,NUR,S,SHZ
2025-10-18 03:58:55.857820,HE,VJF,S,?HZ
2025-10-18 03:58:57.070090,HE,KAF,P,?HZ
2025-10-18 03:58:58.634710,HE,LAUT,S,BHZ
2025-10-18 03:59:00.055040,HE,KEF,P,?HZ
2025-10-18 03:59:02.666480,HE,MEF,S,BHZ
2025-10-18 03:59:07.197160,HE,SUF,P,BHZ
2025-10-18 03:59:11.233330,HE,KPF,P,BHZ
2025-10-18 03:59:15.224340,HE,KAF,S,?HZ
2025-10-18 03:59:20.074990,HE,KEF,S,?HZ
2025-10-18 03:59:20.275950,HE,RUF,S,BHZ
2025-10-18 03:59:23.988890,HE,TVF,S,BHZ
2025-10-18 03:59:32.303940,HE,SUF,S,BHZ
2025-10-18 03:59:36.984170,HE,RAF,S,BHZ
2025-10-18 03:59:39.639630,HE,KPF,S,BHZ
2025-10-18 03:59:50.201700,HE,ALAJF,S,?HZ
2025-10-18 04:39:48.390660,HE,FIA1,P,?HZ
2025-10-18 04:39:48.390660,HE,FIA0,P,?HZ
2025-10-18 04:39:49.184260,HE,NUR,P,SHZ
2025-10-18 04:39:49.472840,HE,VJF,P,?HZ
2025-10-18 04:39:57.264560,HE,FIA1,S,?HZ
2025-10-18 04:39:57.264560,HE,FIA0,S,?HZ
2025-10-18 04:39:58.635610,HE,NUR,S,SHZ
2025-10-18 04:39:59.435460,HE,VJF,S,?HZ
2025-10-18 04:40:00.605980,HE,KAF,P,?HZ
2025-10-18 04:40:01.235120,HE,HEL1,S,BHZ
2025-10-18 04:40:01.934990,HE,LAUT,S,BHZ
2025-10-18 04:40:03.935460,HE,KEF,P,?HZ
2025-10-18 04:40:05.634290,HE,TVF,P,BHZ
2025-10-18 04:40:06.334160,HE,MEF,S,BHZ
2025-10-18 04:40:10.352430,HE,SUF,P,BHZ
2025-10-18 04:40:14.732580,HE,KPF,P,BHZ
2025-10-18 04:40:18.231920,HE,KAF,S,?HZ
2025-10-18 04:40:23.330960,HE,KEF,S,?HZ
2025-10-18 04:40:23.347710,HE,RUF,S,BHZ
2025-10-18 04:40:27.130240,HE,TVF,S,BHZ
2025-10-18 04:40:36.807110,HE,SUF,S,BHZ
2025-10-18 04:40:41.327570,HE,RAF,S,BHZ
2025-10-18 04:40:43.127230,HE,KPF,S,BHZ
2025-10-18 04:40:53.277590,HE,ALAJF,S,?HZ
2025-10-20 00:19:02.373990,HE,KU6,P,BHZ
2025-10-20 00:19:03.789880,FN,OLKF,P,BHZ
2025-10-20 00:19:08.313410,FN,MSF,P,BHZ
2025-10-20 00:19:09.732560,HE,KU6,S,BHZ
2025-10-20 00:19:11.694240,FN,OLKF,S,BHZ
2025-10-20 00:19:17.019310,HE,VRF,P,BHZ
2025-10-20 00:19:20.376180,FN,MSF,S,BHZ
2025-10-20 00:19:22.115830,FN,RANF,P,?HZ
2025-10-20 00:19:35.632040,HE,VRF,S,BHZ
2025-10-20 00:19:44.123550,FN,RANF,S,?HZ
2025-10-20 00:19:51.536680,FN,RNF,S,BHZ
2025-10-20 00:19:53.016610,FN,SGF,S,BHZ
2025-10-20 00:19:58.486490,HE,RMF,S,BHZ
2025-10-20 00:20:05.611560,FN,OUL,S,BHZ
2025-10-20 06:37:33.009600,HE,KIF,S,BHZ
2025-10-20 06:37:38.131080,FN,KLF,S,BHZ
2025-10-20 06:37:40.691810,HE,HEF,S,BHZ
2025-10-21 03:43:01.708640,FN,OLKF,P,BHZ
2025-10-21 03:43:02.581810,HE,KU6,P,BHZ
2025-10-21 03:43:07.232540,FN,OLKF,S,BHZ
2025-10-21 03:43:07.233250,FN,MSF,P,BHZ
2025-10-21 03:43:08.717550,HE,KU6,S,BHZ
2025-10-21 03:43:17.132030,FN,MSF,S,BHZ
2025-10-21 03:43:17.429600,HE,VRF,P,BHZ
2025-10-21 03:43:19.680230,FN,RANF,P,?HZ
2025-10-21 03:43:22.914490,FN,RNF,P,BHZ
2025-10-21 03:43:34.577410,HE,VRF,S,BHZ
2025-10-21 03:43:38.705080,FN,RANF,S,?HZ
2025-10-21 03:43:44.258760,FN,RNF,S,BHZ
2025-10-21 03:43:46.238770,FN,SGF,S,BHZ
2025-10-21 03:43:55.445830,FN,RAJF,S,?HZ
2025-10-21 03:43:59.137760,FN,OUL,S,BHZ
2025-10-21 06:16:02.828270,HE,TOF,P,BHZ
2025-10-21 06:16:09.143890,HE,TOF,S,BHZ
2025-10-21 06:16:16.849340,FN,OUL,P,BHZ
2025-10-21 06:16:19.099760,FN,RANF,P,?HZ
2025-10-21 06:16:33.869400,FN,OUL,S,BHZ
2025-10-21 06:16:34.902560,FN,RNF,S,BHZ
2025-10-21 06:16:36.389150,HE,OBF0,S,BHZ
2025-10-21 06:16:37.392660,FN,KLF,S,BHZ
2025-10-21 06:16:37.716430,FN,RANF,S,?HZ
2025-10-21 06:16:41.917440,HE,OUF,S,BHZ
2025-10-22 08:38:33.061670,HE,HEF,P,BHZ
2025-10-22 08:38:37.648670,FN,KLF,S,BHZ
2025-10-22 08:38:46.892930,HE,HEF,S,BHZ
2025-10-22 08:39:03.039300,HE,KIF,S,BHZ
2025-10-22 08:39:05.254150,HE,TOF,S,BHZ
2025-10-24 16:39:26.837170,HE,OBF8,P,BHZ
2025-10-24 16:39:32.623910,HE,OBF0,P,BHZ
2025-10-24 16:39:34.552830,HE,VAF,P,BHZ
2025-10-24 16:39:36.306390,HE,OUF,P,BHZ
2025-10-24 16:39:38.776450,HE,ALAJF,P,?HZ
2025-10-24 16:39:42.425810,HE,OBF8,S,BHZ
2025-10-24 16:39:52.614480,HE,OBF0,S,BHZ
2025-10-24 16:39:54.622250,HE,VAF,S,BHZ
2025-10-24 16:39:59.014970,HE,OUF,S,BHZ
2025-10-24 16:39:59.566940,HE,OBF3,S,BHZ
2025-10-24 16:40:04.072100,HE,ALAJF,S,?HZ
2025-10-24 16:40:14.095570,HE,TOF,S,BHZ
2025-10-24 17:52:54.117580,HE,KEV,P,?HZ
2025-10-24 17:52:55.802010,FN,KMNF,P,?HZ
2025-10-24 17:52:59.101430,HE,KEV,S,?HZ
2025-10-24 17:53:01.735620,FN,KMNF,S,?HZ
2025-10-24 17:53:05.499890,FN,RAJF,P,?HZ
2025-10-24 17:53:18.957300,FN,RAJF,S,?HZ
2025-10-24 17:53:42.448750,HE,VRF,S,BHZ
2025-10-24 17:53:42.920940,HE,HEF,S,BHZ
2025-10-27 09:31:07.010130,HE,HEF,P,BHZ
2025-10-27 09:31:07.465650,FN,KMNF,P,?HZ
2025-10-27 09:31:07.529530,HE,KEV,P,?HZ
2025-10-27 09:31:10.892310,HE,KIF,P,BHZ
2025-10-27 09:31:19.665690,FN,RAJF,P,?HZ
2025-10-27 09:31:19.967220,HE,HEF,S,BHZ
2025-10-27 09:31:20.408230,FN,KMNF,S,?HZ
2025-10-27 09:31:20.885220,HE,KEV,S,?HZ
2025-10-27 09:31:26.609080,HE,KIF,S,BHZ
2025-10-27 09:31:42.084050,FN,RAJF,S,?HZ
2025-10-27 09:31:53.474030,FN,SGF,S,BHZ
2025-10-27 09:31:53.952580,FN,KLF,S,BHZ
2025-10-27 09:32:01.971310,HE,VRF,S,BHZ
2025-10-27 19:49:47.382430,HE,VAF,P,BHZ
2025-10-27 19:49:54.182820,HE,OBF0,P,BHZ
2025-10-27 19:49:54.240720,HE,ALAJF,P,?HZ
2025-10-27 19:50:00.364990,HE,VAF,S,BHZ
2025-10-27 19:50:12.464380,HE,ALAJF,S,?HZ
2025-10-27 19:50:12.757870,HE,OBF0,S,BHZ
2025-10-27 19:50:17.233480,HE,OUF,S,BHZ
2025-10-27 19:50:22.267530,HE,OBF3,S,BHZ
2025-10-27 19:50:29.444390,HE,KPF,S,BHZ
2025-10-27 19:50:38.695850,FN,OUL,S,BHZ
2025-10-27 19:50:38.737520,HE,KEF,S,?HZ
2025-10-27 19:50:41.555700,HE,TOF,S,BHZ
2025-10-28 01:20:28.726790,HE,VJF,P,?HZ
2025-10-28 01:20:29.584690,HE,VJF,S,?HZ
2025-10-28 01:21:03.540120,HE,RUF,S,BHZ
2025-10-28 01:21:05.312140,HE,FIA1,S,?HZ
2025-10-28 01:21:05.312140,HE,FIA0,S,?HZ
2025-10-30 05:34:53.649980,FN,MSF,P,BHZ
2025-10-30 05:34:56.099250,HE,KU6,P,BHZ
2025-10-30 05:34:57.115780,FN,MSF,S,BHZ
2025-10-30 05:34:59.227980,FN,OLKF,P,BHZ
2025-10-30 05:35:01.233610,HE,KU6,S,BHZ
2025-10-30 05:35:06.411570,FN,OLKF,S,BHZ
2025-10-30 05:35:07.512160,FN,RANF,P,?HZ
2025-10-30 05:35:15.931730,FN,RNF,P,BHZ
2025-10-30 05:35:16.209490,FN,OUL,P,BHZ
2025-10-30 05:35:16.212070,HE,RMF,P,BHZ
2025-10-30 05:35:20.627070,FN,RANF,S,?HZ
2025-10-30 05:35:35.765730,FN,OUL,S,BHZ
2025-10-30 05:35:35.811490,HE,RMF,S,BHZ
2025-10-30 05:35:35.959710,FN,RNF,S,BHZ
2025-10-30 05:35:44.744920,HE,VRF,S,BHZ
2025-10-30 05:35:46.675550,HE,TOF,S,BHZ
2025-10-30 05:35:49.381850,HE,OBF3,S,BHZ
2025-10-30 09:32:08.912700,UP,AAL,P,BHZ
2025-10-30 09:32:13.521880,UP,AAL,S,BHZ
2025-10-30 09:32:17.976420,HE,RAF,P,BHZ
2025-10-30 09:32:26.123010,HE,TVF,P,BHZ
2025-10-30 09:32:29.880410,HE,RAF,S,BHZ
2025-10-30 09:32:32.403010,HE,KPF,P,BHZ
2025-10-30 09:32:34.570460,HE,MEF,P,BHZ
2025-10-30 09:32:37.116820,HE,NUR,P,SHZ
2025-10-30 09:32:37.337630,HE,HEL5,P,BHZ
2025-10-30 09:32:43.115930,HE,TVF,S,BHZ
2025-10-30 09:32:54.079810,HE,KPF,S,BHZ
2025-10-30 09:32:58.020060,HE,MEF,S,BHZ
2025-10-30 09:33:02.099220,HE,NUR,S,SHZ
2025-10-30 09:33:02.850180,HE,HEL5,S,BHZ
2025-10-31 10:00:10.400340,FN,KLF,P,BHZ
2025-10-31 10:00:13.483530,FN,KLF,S,BHZ
2025-10-31 10:00:36.088820,HE,TOF,S,BHZ
2025-10-31 10:00:37.467180,FN,RNF,S,BHZ
2025-10-31 14:34:51.134440,HE,KEV,P,?HZ
2025-10-31 14:34:57.240170,FN,KMNF,P,?HZ
2025-10-31 14:35:02.014850,HE,KEV,S,?HZ
2025-10-31 14:35:12.338030,FN,KMNF,S,?HZ
2025-10-31 14:35:23.828590,FN,RAJF,S,?HZ
2025-10-31 14:35:43.912930,HE,VRF,S,BHZ
2025-10-31 14:35:50.466700,HE,HEF,S,BHZ
2025-11-02 22:57:06.559440,HE,KU6,P,BHZ
2025-11-02 22:57:09.411080,HE,KU6,S,BHZ
2025-11-02 22:57:09.530180,FN,MSF,P,BHZ
2025-11-02 22:57:12.438090,FN,OLKF,P,BHZ
2025-11-02 22:57:14.459600,FN,MSF,S,BHZ
2025-11-02 22:57:19.043970,FN,OLKF,S,BHZ
2025-11-02 22:57:25.940720,FN,RANF,P,?HZ
2025-11-02 22:57:30.111010,HE,RMF,P,BHZ
2025-11-02 22:57:34.005590,FN,RNF,P,BHZ
2025-11-02 22:57:34.863240,FN,OUL,P,BHZ
2025-11-02 22:57:41.994240,FN,RANF,S,?HZ
2025-11-02 22:57:50.675760,HE,RMF,S,BHZ
2025-11-02 22:57:56.257330,FN,RNF,S,BHZ
2025-11-02 22:57:57.591620,FN,OUL,S,BHZ
2025-11-02 22:58:00.038010,HE,VRF,S,BHZ
2025-11-03 22:17:36.023200,HE,KIF,P,BHZ
2025-11-03 22:17:41.150930,HE,HEF,P,BHZ
2025-11-03 22:17:45.637690,FN,KLF,P,BHZ
2025-11-03 22:17:50.060350,HE,KIF,S,BHZ
2025-11-03 22:17:57.741980,FN,SGF,P,BHZ
2025-11-03 22:17:58.202880,HE,HEF,S,BHZ
2025-11-03 22:17:58.510150,HE,TOF,P,BHZ
2025-11-03 22:18:01.589620,FN,RNF,P,BHZ
2025-11-03 22:18:06.652680,FN,KLF,S,BHZ
2025-11-03 22:18:27.393100,FN,SGF,S,BHZ
2025-11-03 22:18:32.309350,HE,TOF,S,BHZ
2025-11-03 22:18:36.090900,FN,RNF,S,BHZ
2025-11-07 20:56:57.170240,HE,VJF,P,?HZ
2025-11-07 20:57:01.324900,HE,VJF,S,?HZ
2025-11-07 20:57:08.289160,HE,VUOS,P,BHZ
2025-11-07 20:57:09.860800,HE,KUNI,P,BHZ
2025-11-07 20:57:10.492010,HE,HEL1,P,BHZ
2025-11-07 20:57:10.658530,HE,FIA0,P,?HZ
2025-11-07 20:57:10.658530,HE,FIA1,P,?HZ
2025-11-07 20:57:10.908320,HE,LAUT,P,BHZ
2025-11-07 20:57:11.746770,HE,NUR,P,SHZ
2025-11-07 20:57:12.218260,HE,HEL5,P,BHZ
2025-11-07 20:57:14.732890,HE,MEF,P,BHZ
2025-11-07 20:57:16.304530,HE,RUF,P,BHZ
2025-11-07 20:57:20.469390,HE,VUOS,S,BHZ
2025-11-07 20:57:21.176630,HE,KAF,P,?HZ
2025-11-07 20:57:23.397780,HE,KUNI,S,BHZ
2025-11-07 20:57:24.313670,HE,HEL1,S,BHZ
2025-11-07 20:57:24.813250,HE,FIA0,S,?HZ
2025-11-07 20:57:24.813250,HE,FIA1,S,?HZ
2025-11-07 20:57:24.869990,HE,LAUT,S,BHZ
2025-11-07 20:57:26.383290,HE,KEF,P,?HZ
2025-11-07 20:57:26.755960,HE,NUR,S,SHZ
2025-11-07 20:57:27.144620,HE,HEL5,S,BHZ
2025-11-07 20:57:31.377870,HE,SUF,P,BHZ
2025-11-07 20:57:31.391030,HE,MEF,S,BHZ
2025-11-07 20:57:33.749770,HE,RUF,S,BHZ
2025-11-07 20:57:43.031890,HE,KAF,S,?HZ
2025-11-07 20:57:50.723520,HE,TVF,S,BHZ
2025-11-07 20:57:52.799070,HE,KEF,S,?HZ
2025-11-07 20:58:02.233280,HE,SUF,S,BHZ
2025-11-07 20:58:09.604040,HE,RAF,S,BHZ
2025-11-09 11:21:04.594590,HE,TOF,P,BHZ
2025-11-09 11:21:10.678030,HE,TOF,S,BHZ
2025-11-09 11:21:33.408350,HE,OBF3,S,BHZ
2025-11-09 11:21:37.292270,FN,RNF,S,BHZ
2025-11-09 11:21:37.706480,FN,OUL,S,BHZ
2025-11-09 11:21:39.110970,FN,KLF,S,BHZ
2025-11-09 11:21:40.416010,FN,RANF,S,?HZ
2025-11-09 11:21:45.685150,HE,OUF,S,BHZ
2025-11-10 01:45:44.078950,HE,FIA1,P,?HZ
2025-11-10 01:45:44.094470,HE,FIA0,P,?HZ
2025-11-10 01:45:45.102750,HE,VJF,P,?HZ
2025-11-10 01:45:53.323080,HE,FIA1,S,?HZ
2025-11-10 01:45:53.461540,HE,FIA0,S,?HZ
2025-11-10 01:45:54.140890,HE,VUOS,S,BHZ
2025-11-10 01:45:55.778810,HE,VJF,S,?HZ
2025-11-11 02:24:22.456600,HE,OBF8,P,BHZ
2025-11-11 02:24:27.665730,HE,OBF0,P,BHZ
2025-11-11 02:24:30.650260,HE,OBF3,P,BHZ
2025-11-11 02:24:31.021350,HE,OUF,P,BHZ
2025-11-11 02:24:31.758410,HE,VAF,P,BHZ
2025-11-11 02:24:37.519960,HE,OBF8,S,BHN
2025-11-11 02:24:46.054220,HE,OBF0,S,BHZ
2025-11-11 02:24:51.701120,HE,OBF3,S,BHZ
2025-11-11 02:24:52.308760,HE,OUF,S,BHZ
2025-11-11 02:24:52.452620,HE,VAF,S,BHZ
2025-11-11 02:24:59.183330,HE,ALAJF,S,?HZ
2025-11-11 02:25:02.901770,HE,TOF,S,BHZ
2025-11-11 02:25:03.904600,FN,OUL,S,BHZ
2025-11-13 03:28:57.768260,HE,VAF,P,BHZ
2025-11-13 03:29:04.803950,HE,ALAJF,P,?HZ
2025-11-13 03:29:07.185440,HE,VAF,S,BHZ
2025-11-13 03:29:08.502520,HE,OBF0,P,BHZ
2025-11-13 03:29:14.241450,HE,OBF3,P,BHZ
2025-11-13 03:29:17.387730,HE,KPF,P,BHZ
2025-11-13 03:29:19.190980,HE,ALAJF,S,?HZ
2025-11-13 03:29:19.995800,HE,KEF,P,?HZ
2025-11-13 03:29:22.073370,HE,SUF,P,BHZ
2025-11-13 03:29:25.423040,HE,OBF0,S,BHZ
2025-11-13 03:29:28.883510,HE,OUF,S,BHZ
2025-11-13 03:29:35.878190,HE,OBF3,S,BHZ
2025-11-13 03:29:41.504180,HE,KPF,S,BHZ
2025-11-13 03:29:46.138050,HE,KEF,S,?HZ
2025-11-13 03:29:49.865300,HE,SUF,S,BHZ
2025-11-13 03:29:51.969230,FN,OUL,S,BHZ
2025-11-13 07:51:38.598840,HE,HEF,P,BHZ
2025-11-13 07:51:42.025120,HE,KIF,P,BHZ
2025-11-13 07:51:45.105880,HE,HEF,S,BHZ
2025-11-13 07:51:51.142360,HE,KIF,S,BHZ
2025-11-13 07:51:55.313580,FN,KLF,P,BHZ
2025-11-13 07:51:59.927450,FN,KMNF,P,?HZ
2025-11-13 07:52:03.949540,HE,KEV,P,?HZ
2025-11-13 07:52:14.111700,FN,KLF,S,BHZ
2025-11-13 07:52:22.158970,FN,KMNF,S,?HZ
2025-11-13 07:52:26.752260,FN,SGF,S,BHZ
2025-11-13 07:52:29.027790,HE,KEV,S,?HZ
2025-11-17 22:29:17.663940,FN,MSF,P,BHZ
2025-11-17 22:29:20.725370,FN,OLKF,P,BHZ
2025-11-17 22:29:22.031420,FN,MSF,S,BHZ
2025-11-17 22:29:22.120160,HE,KU6,P,BHZ
2025-11-17 22:29:24.843080,FN,RANF,P,?HZ
2025-11-17 22:29:27.413580,FN,OLKF,S,BHZ
2025-11-17 22:29:29.820940,HE,KU6,S,BHZ
2025-11-17 22:29:32.274590,FN,RNF,P,BHZ
2025-11-17 22:29:34.118060,FN,RANF,S,?HZ
2025-11-17 22:29:47.164720,FN,RNF,S,BHZ
2025-11-17 22:29:54.192900,FN,OUL,S,BHZ
2025-11-17 22:29:58.979500,FN,SGF,S,BHZ
2025-11-17 22:30:00.534230,HE,TOF,S,BHZ
2025-11-17 22:30:02.471440,HE,VRF,S,BHZ
2025-11-17 22:30:05.244460,HE,RMF,S,BHZ
2025-11-17 22:30:07.503960,HE,OBF3,S,BHZ
2025-11-17 22:30:12.125660,FN,KLF,S,BHZ
2025-11-17 22:30:19.644330,HE,OUF,S,BHZ
2025-11-17 23:28:52.301050,HE,KIF,S,BHZ
2025-11-17 23:28:55.792970,FN,KLF,S,BHZ
2025-11-17 23:28:58.586500,HE,HEF,S,BHZ
2025-11-17 23:29:09.062250,HE,TOF,S,BHZ
2025-11-18 01:42:53.620000,HE,KIF,S,BHZ
2025-11-18 18:57:57.640380,HE,OBF8,P,BHZ
2025-11-18 18:57:58.976070,HE,OBF3,P,BHZ
2025-11-18 18:57:59.085750,HE,OBF0,P,BHZ
2025-11-18 18:58:02.176060,HE,TOF,P,BHZ
2025-11-18 18:58:03.339530,HE,OUF,P,BHZ
2025-11-18 18:58:06.858530,FN,OUL,P,BHZ
2025-11-18 18:58:09.747100,HE,OBF8,S,BHZ
2025-11-18 18:58:12.296200,HE,OBF0,S,BHZ
2025-11-18 18:58:12.649500,HE,OBF3,S,BHZ
2025-11-18 18:58:15.011230,FN,RANF,P,?HZ
2025-11-18 18:58:16.604910,FN,RNF,P,BHZ
2025-11-18 18:58:17.185350,FN,KLF,P,BHZ
2025-11-18 18:58:17.615490,HE,TOF,S,BHZ
2025-11-18 18:58:18.766840,HE,VAF,P,BHZ
2025-11-18 18:58:19.610040,HE,ALAJF,P,?HZ
2025-11-18 18:58:19.854290,HE,OUF,S,BHZ
2025-11-18 18:58:26.074950,FN,OUL,S,BHZ
2025-11-18 18:58:41.149620,FN,RANF,S,?HZ
2025-11-18 18:58:41.807440,FN,RNF,S,BHZ
2025-11-18 18:58:43.519800,FN,KLF,S,BHZ
2025-11-18 18:58:45.881590,HE,ALAJF,S,?HZ
2025-11-19 12:11:51.080000,FN,KLF,P,BHZ
2025-11-19 12:11:56.880000,HE,HEF,P,BHZ
2025-11-19 12:11:59.960000,FN,KLF,S,BHZ
2025-11-19 12:12:09.942870,HE,HEF,S,BHZ
2025-11-19 12:12:27.434250,FN,SGF,S,BHZ
2025-11-19 12:12:27.542350,HE,TOF,S,BHZ
2025-11-19 12:12:30.840000,FN,RNF,S,BHZ
2025-11-19 12:12:44.579350,FN,RANF,S,?HZ
2025-11-19 12:12:46.329300,FN,KMNF,S,?HZ
2025-11-19 12:12:47.900570,FN,RAJF,S,?HZ
2025-11-19 12:12:55.952210,HE,VRF,S,BHZ
2025-11-19 12:12:56.711520,FN,OUL,S,BHZ
2025-11-20 23:09:26.006460,UP,AAL,P,BHZ
2025-11-20 23:09:28.730270,HE,KPF,P,BHZ
2025-11-20 23:09:36.865960,HE,VAF,P,BHZ
2025-11-20 23:09:54.340290,UP,AAL,S,BHZ
2025-11-20 23:09:59.752620,HE,KPF,S,BHZ
2025-11-20 23:10:12.232460,HE,VAF,S,BHZ
2025-11-21 01:33:39.600000,FN,KLF,P,BHZ
2025-11-21 01:33:42.450000,HE,HEF,P,BHZ
2025-11-21 01:34:01.535440,FN,KLF,S,BHZ
2025-11-21 01:34:05.987050,HE,HEF,S,BHZ
2025-11-21 01:34:15.545280,HE,TOF,S,BHZ
2025-11-21 01:34:26.969730,FN,RNF,S,BHZ
2025-11-21 06:47:42.451740,FN,KLF,P,BHZ
2025-11-21 06:47:49.585250,HE,TOF,P,BHZ
2025-11-21 06:47:52.285740,FN,KLF,S,BHZ
2025-11-21 06:48:00.387670,FN,SGF,P,BHZ
2025-11-21 06:48:03.631450,FN,RANF,P,?HZ
2025-11-21 06:48:04.727900,HE,TOF,S,BHZ
2025-11-21 06:48:15.111420,FN,RNF,S,BHZ
2025-11-21 06:48:18.139950,HE,HEF,S,BHZ
2025-11-21 06:48:22.969610,FN,SGF,S,BHZ
2025-11-21 06:48:29.965640,FN,RANF,S,?HZ
2025-11-21 06:48:34.580540,HE,KIF,S,BHZ
2025-11-21 06:48:37.753280,HE,OBF3,S,BHZ
2025-11-21 06:48:38.618580,FN,OUL,S,BHZ
2025-11-22 21:54:24.253160,FN,KLF,P,BHZ
2025-11-22 21:54:28.815590,FN,KLF,S,BHZ
2025-11-22 21:54:32.724850,HE,TOF,P,BHZ
2025-11-22 21:54:33.464930,FN,RNF,P,BHZ
2025-11-22 21:54:43.344790,HE,TOF,S,BHZ
2025-11-22 21:54:44.855830,FN,RNF,S,BHZ
2025-11-22 21:54:50.803460,HE,HEF,P,BHZ
2025-11-22 21:55:01.825930,FN,RANF,S,?HZ
2025-11-22 21:55:04.440210,HE,HEF,S,BHZ
2025-11-22 21:55:17.391670,FN,OUL,S,BHZ
2025-11-22 21:55:20.909970,HE,OBF3,S,BHZ
2025-11-22 21:55:25.347920,FN,OLKF,S,BHZ
2025-11-23 12:18:23.921110,HE,OBF8,P,BHZ
2025-11-23 12:18:28.043650,HE,OBF0,P,BHZ
2025-11-23 12:18:30.121250,HE,OBF3,P,BHZ
2025-11-23 12:18:31.946210,HE,OUF,P,BHZ
2025-11-23 12:18:33.359040,HE,TOF,P,BHZ
2025-11-23 12:18:36.854790,HE,VAF,P,BHZ
2025-11-23 12:18:36.863320,FN,OUL,P,BHZ
2025-11-23 12:18:39.777220,HE,ALAJF,P,?HZ
2025-11-23 12:18:40.578260,HE,OBF8,S,BHZ
2025-11-23 12:18:43.812670,FN,KLF,P,BHZ
2025-11-23 12:18:44.501500,FN,RANF,P,?HZ
2025-11-23 12:18:47.629760,HE,OBF0,S,BHZ
2025-11-23 12:18:51.814660,HE,OBF3,S,BHZ
2025-11-23 12:18:54.324380,HE,OUF,S,BHZ
2025-11-23 12:18:56.728910,HE,TOF,S,BHZ
2025-11-23 12:19:04.747130,HE,VAF,S,BHZ
2025-11-23 12:19:04.918600,FN,OUL,S,BHZ
2025-11-23 12:19:10.651930,HE,ALAJF,S,?HZ
2025-11-23 12:19:19.046290,FN,KLF,S,BHZ
2025-11-25 06:47:55.270000,HE,KEV,P,?HZ
2025-11-25 06:47:58.090000,FN,KMNF,P,?HZ
2025-11-25 06:48:04.157700,HE,KEV,S,?HZ
2025-11-25 06:48:06.110000,HE,HEF,P,BHZ
2025-11-25 06:48:09.140000,FN,KMNF,S,?HZ
2025-11-25 06:48:10.250000,HE,KIF,P,BHZ
2025-11-25 06:48:11.010000,FN,RAJF,P,?HZ
2025-11-25 06:48:23.180000,HE,HEF,S,BHZ
2025-11-25 06:48:30.670000,HE,KIF,S,BHZ
2025-11-25 06:48:32.010000,FN,RAJF,S,?HZ
2025-11-29 23:35:22.746430,FN,OLKF,P,BHZ
2025-11-29 23:35:23.583970,HE,VRF,P,BHZ
2025-11-29 23:35:23.836770,HE,KU6,P,BHZ
2025-11-29 23:35:29.291180,FN,MSF,P,BHZ
2025-11-29 23:35:36.612330,FN,OLKF,S,BHZ
2025-11-29 23:35:38.101290,HE,VRF,S,BHZ
2025-11-29 23:35:38.752710,HE,KU6,S,BHN
2025-11-29 23:35:47.965620,FN,MSF,S,BHZ
2025-11-29 23:36:02.161140,FN,RAJF,S,?HZ
2025-11-29 23:36:03.022360,FN,SGF,S,BHZ
2025-11-29 23:36:07.184940,FN,RANF,S,?HZ
2025-11-29 23:36:09.912140,FN,RNF,S,BHZ
2025-11-29 23:36:21.969240,FN,KMNF,S,?HZ
2025-12-02 00:43:14.570320,FN,KLF,P,BHZ
2025-12-02 00:43:15.400620,HE,HEF,P,BHZ
2025-12-02 00:43:24.212020,FN,KLF,S,BHZ
2025-12-02 00:43:25.396810,HE,HEF,S,BHZ
2025-12-02 00:43:29.206610,FN,SGF,P,BHZ
2025-12-02 00:43:33.013150,FN,RNF,P,BHZ
2025-12-02 00:43:34.610800,HE,TOF,P,BHZ
2025-12-02 00:43:44.877390,HE,KIF,S,BHZ
2025-12-02 00:43:49.301100,FN,SGF,S,BHZ
2025-12-02 00:43:55.895870,FN,RNF,S,BHZ
2025-12-02 00:43:57.133110,HE,TOF,S,BHZ
2025-12-02 00:44:06.032470,FN,KMNF,S,?HZ
2025-12-02 12:21:37.479180,HE,KU6,P,BHZ
2025-12-02 12:21:40.282250,FN,OLKF,P,BHZ
2025-12-02 12:21:44.010190,FN,MSF,P,BHN
2025-12-02 12:21:46.580550,HE,KU6,S,BHZ
2025-12-02 12:21:51.202780,FN,OLKF,S,BHZ
2025-12-02 12:21:57.164640,FN,MSF,S,BHZ
2025-12-02 12:22:15.232190,HE,VRF,S,BHZ
2025-12-02 12:22:21.957930,FN,RANF,S,?HZ
2025-12-02 12:22:28.796320,FN,RNF,S,BHZ
2025-12-02 12:22:30.589190,FN,SGF,S,BHZ
2025-12-03 19:27:44.313200,HE,KPF,P,BHZ
2025-12-03 19:27:47.736870,HE,KPF,S,BHZ
2025-12-03 19:27:57.890600,HE,RAF,P,BHZ
2025-12-03 19:28:00.292550,HE,VAF,P,BHZ
2025-12-03 19:28:06.481500,HE,KEF,P,?HZ
2025-12-03 19:28:07.415870,HE,ALAJF,P,?HZ
2025-12-03 19:28:10.908100,HE,RAF,S,BHZ
2025-12-03 19:28:14.807150,HE,VAF,S,BHZ
2025-12-03 19:28:16.085130,UP,AAL,P,BHZ
2025-12-03 19:28:16.320510,HE,NUR,P,SHZ
2025-12-03 19:28:17.362010,HE,FIA0,P,?HN
2025-12-03 19:28:17.363470,HE,KAF,P,?HZ
2025-12-03 19:28:17.418470,HE,SUF,P,BHZ
2025-12-03 19:28:25.109810,HE,OBF0,P,BHZ
2025-12-03 19:28:26.451860,HE,KEF,S,?HZ
2025-12-03 19:28:27.775350,HE,ALAJF,S,?HZ
2025-12-03 19:28:41.661330,UP,AAL,S,BHZ
2025-12-03 19:28:44.281250,HE,NUR,S,SHZ
2025-12-03 19:28:45.799230,HE,FIA0,S,?HZ
2025-12-03 19:28:46.473890,HE,KAF,S,?HZ
2025-12-03 19:28:46.726880,HE,SUF,S,BHZ
2025-12-03 19:28:50.291700,HE,TVF,S,BHZ
2025-12-04 21:03:49.770510,FN,SGF,P,BHZ
2025-12-04 21:03:52.964440,FN,RAJF,P,?HZ
2025-12-04 21:03:53.558750,HE,HEF,P,BHZ
2025-12-04 21:03:55.217710,FN,KMNF,P,?HZ
2025-12-04 21:03:58.578480,FN,KLF,P,BHZ
2025-12-04 21:03:58.630860,FN,SGF,S,BHZ
2025-12-04 21:04:00.491060,HE,VRF,P,BHZ
2025-12-04 21:04:03.587960,FN,RNF,P,BHZ
2025-12-04 21:04:03.873310,FN,RAJF,S,?HZ
2025-12-04 21:04:04.558120,HE,HEF,S,BHZ
2025-12-04 21:04:05.774290,HE,KEV,P,?HZ
2025-12-04 21:04:07.945950,FN,KMNF,S,?HZ
2025-12-04 21:04:13.556550,FN,KLF,S,BHZ
2025-12-04 21:04:19.248010,HE,VRF,S,BHZ
2025-12-04 21:04:23.141850,FN,RNF,S,BHZ
2025-12-04 21:04:25.722440,HE,KEV,S,?HZ
2025-12-04 21:04:38.795670,HE,KIF,S,BHZ
2025-12-04 21:04:40.640620,FN,RANF,S,?HZ
2025-12-04 21:04:42.557060,HE,TOF,S,BHZ
2025-12-07 12:03:27.264450,HE,VJF,S,?HZ
2025-12-07 12:07:24.475350,HE,VJF,S,?HZ
2025-12-08 05:15:31.924610,HE,KIF,P,BHZ
2025-12-08 05:15:40.752440,HE,HEF,P,BHZ
2025-12-08 05:15:40.877660,HE,KIF,S,BHZ
2025-12-08 05:15:55.768670,HE,HEF,S,BHZ
2025-12-08 05:16:02.540620,FN,KMNF,P,?HZ
2025-12-08 05:16:12.432960,FN,KLF,S,BHZ
2025-12-08 05:16:29.676110,FN,SGF,S,BHZ
2025-12-08 05:16:33.970710,FN,KMNF,S,?HZ
2025-12-08 05:16:40.482120,HE,KEV,S,?HZ
2025-12-08 05:16:41.465370,HE,TOF,S,BHZ
2025-12-09 14:07:55.348640,FN,SGF,P,BHZ
2025-12-09 14:08:00.938300,FN,SGF,S,BHZ
2025-12-09 14:08:02.027890,FN,RAJF,P,?HZ
2025-12-09 14:08:03.979230,HE,VRF,P,BHZ
2025-12-09 14:08:10.290180,FN,RNF,P,BHZ
2025-12-09 14:08:12.085890,FN,KLF,P,BHZ
2025-12-09 14:08:12.090000,FN,KLF,P,BHZ
2025-12-09 14:08:12.392850,FN,RAJF,S,?HZ
2025-12-09 14:08:13.881370,HE,HEF,P,BHZ
2025-12-09 14:08:15.479000,HE,VRF,S,BHZ
2025-12-09 14:08:26.581420,FN,RNF,S,BHZ
2025-12-09 14:08:29.211660,FN,KLF,S,BHZ
2025-12-09 14:08:32.420230,HE,HEF,S,BHZ
2025-12-09 14:08:39.629710,FN,OLKF,S,BHZ
2025-12-09 14:08:41.608370,FN,RANF,S,?HZ
2025-12-09 14:08:45.979930,HE,KEV,S,?HZ
2025-12-09 14:08:47.572840,FN,MSF,S,BHZ
2025-12-09 14:08:48.938200,HE,TOF,S,BHZ
2025-12-09 14:08:49.165760,HE,KU6,S,BHZ
2025-12-11 05:43:58.870000,HE,VAF,P,BHZ
2025-12-11 05:44:10.564600,HE,OBF8,S,BHZ
2025-12-11 05:44:18.927800,HE,VAF,S,BHZ
2025-12-11 05:44:20.865030,HE,OBF0,S,BHZ
2025-12-11 05:44:26.590000,HE,OUF,S,BHZ
2025-12-11 05:44:27.916790,HE,OBF3,S,BHZ
2025-12-11 05:44:30.136790,HE,ALAJF,S,?HZ
2025-12-11 11:18:49.886130,HE,OBF8,P,BHZ
2025-12-11 11:18:55.828230,HE,VAF,P,BHZ
2025-12-11 11:18:55.945660,HE,OBF0,P,BHZ
2025-12-11 11:18:59.232420,HE,OUF,P,BHZ
2025-12-11 11:18:59.864050,HE,OBF3,P,BHZ
2025-12-11 11:19:00.655070,HE,ALAJF,P,?HZ
2025-12-11 11:19:05.481910,HE,OBF8,S,BHZ
2025-12-11 11:19:15.561480,HE,VAF,S,BHZ
2025-12-11 11:19:16.111110,HE,OBF0,S,BHZ
2025-12-11 11:19:21.657910,HE,OUF,S,BHZ
2025-12-11 11:19:23.511570,HE,OBF3,S,BHZ
2025-12-11 11:19:25.107940,HE,ALAJF,S,?HZ
2025-12-11 11:19:36.294360,HE,TOF,S,BHZ
2025-12-11 11:19:39.863040,FN,OUL,S,BHZ
2025-12-11 23:44:41.732320,FN,KLF,P,BHZ
2025-12-11 23:44:43.743370,HE,TOF,P,BHZ
2025-12-11 23:44:51.847400,FN,RNF,P,BHZ
2025-12-11 23:44:52.310900,FN,KLF,S,BHZ
2025-12-11 23:44:55.682740,HE,TOF,S,BHZ
2025-12-11 23:44:57.777600,FN,SGF,P,BHZ
2025-12-11 23:44:58.822430,HE,HEF,P,BHZ
2025-12-11 23:44:58.901540,FN,RANF,P,?HZ
2025-12-11 23:45:02.820880,FN,OUL,P,BHZ
2025-12-11 23:45:10.345830,FN,RNF,S,BHZ
2025-12-11 23:45:20.848170,FN,SGF,S,BHZ
2025-12-11 23:45:22.891780,FN,RANF,S,?HZ
2025-12-11 23:45:22.948510,HE,HEF,S,BHZ
2025-12-11 23:45:29.755600,FN,OUL,S,BHZ
2025-12-11 23:45:36.871770,HE,OBF0,S,BHZ
2025-12-12 00:23:49.069910,FN,KLF,P,BHZ
2025-12-12 00:23:51.177900,HE,TOF,P,BHZ
2025-12-12 00:23:58.937830,FN,RNF,P,BHZ
2025-12-12 00:23:59.650720,FN,KLF,S,BHZ
2025-12-12 00:24:03.294350,HE,TOF,S,BHZ
2025-12-12 00:24:17.076780,FN,RNF,S,BHZ
2025-12-12 00:24:27.728330,FN,SGF,S,BHZ
2025-12-12 00:24:28.916470,HE,HEF,S,BHZ
2025-12-12 00:24:30.025400,FN,RANF,S,?HZ
2025-12-12 00:24:35.886900,HE,OBF3,S,BHZ
2025-12-12 00:24:37.438580,FN,OUL,S,BHZ
2025-12-13 06:03:45.652150,HE,OBF3,P,BHZ
2025-12-13 06:03:46.047590,HE,OBF0,P,BHZ
2025-12-13 06:03:50.397360,HE,OUF,P,BHZ
2025-12-13 06:03:52.901770,FN,OUL,P,BHZ
2025-12-13 06:03:58.306030,HE,OBF8,S,BHZ
2025-12-13 06:04:00.151390,HE,OBF3,S,BHZ
2025-12-13 06:04:00.283200,HE,OBF0,S,BHZ
2025-12-13 06:04:00.942260,FN,RANF,P,?HZ
2025-12-13 06:04:01.337690,FN,RNF,P,BHZ
2025-12-13 06:04:01.864940,HE,TOF,S,BHZ
2025-12-13 06:04:07.664630,HE,OUF,S,BHZ
2025-12-13 06:04:12.146220,FN,OUL,S,BHZ
2025-12-13 06:04:27.196640,FN,RNF,S,BHZ
2025-12-13 06:04:27.501590,FN,RANF,S,?HZ
2025-12-13 06:04:30.932240,FN,KLF,S,BHZ
2025-12-13 06:04:32.685690,HE,VAF,S,BHZ
2025-12-13 06:04:33.499640,HE,ALAJF,S,?HZ
2025-12-15 17:54:53.311930,HE,HEF,P,BHZ
2025-12-15 17:54:54.978500,FN,KLF,P,BHZ
2025-12-15 17:55:02.646190,HE,HEF,S,BHZ
2025-12-15 17:55:04.144990,HE,KIF,P,BHZ
2025-12-15 17:55:05.694790,FN,KLF,S,BHZ
2025-12-15 17:55:11.778850,FN,RNF,P,BHZ
2025-12-15 17:55:13.072200,HE,TOF,P,BHZ
2025-12-15 17:55:15.756100,FN,KMNF,P,?HZ
2025-12-15 17:55:19.261780,FN,RAJF,P,?HZ
2025-12-15 17:55:21.643520,HE,KIF,S,BHZ
2025-12-15 17:55:22.761770,FN,RANF,P,?HZ
2025-12-15 17:55:23.459320,HE,KEV,P,?HZ
2025-12-15 17:55:28.222810,FN,SGF,S,BHZ
2025-12-15 17:55:35.336210,FN,RNF,S,BHZ
2025-12-15 17:55:36.999080,HE,TOF,S,BHZ
2025-12-15 17:55:41.846140,FN,KMNF,S,?HZ
2025-12-15 17:55:48.106220,FN,RAJF,S,?HZ
2025-12-15 17:55:54.459240,FN,RANF,S,?HZ
2025-12-15 17:55:55.567820,HE,KEV,S,?HZ
2025-12-15 17:56:00.429660,HE,VRF,S,BHZ
2025-12-17 08:00:12.008550,HE,KIF,P,BHZ
2025-12-17 08:00:14.672730,FN,KLF,P,BHZ
2025-12-17 08:00:15.412460,HE,HEF,P,BHZ
2025-12-17 08:00:24.064000,HE,TOF,P,BHZ
2025-12-17 08:00:32.643220,HE,KIF,S,BHZ
2025-12-17 08:00:37.500050,FN,KLF,S,BHZ
2025-12-17 08:00:38.628050,HE,HEF,S,BHZ
2025-12-17 08:00:53.329910,HE,TOF,S,BHZ
2025-12-17 19:43:31.006720,HE,VAF,P,BHZ
2025-12-17 19:43:36.464600,HE,KPF,P,BHZ
2025-12-17 19:43:51.337910,HE,VAF,S,BHZ
2025-12-17 19:44:01.242910,HE,KPF,S,BHZ
2025-12-17 19:44:08.643260,HE,OBF8,S,BHZ
2025-12-17 19:44:09.232200,HE,ALAJF,S,?HZ
2025-12-17 19:44:18.066230,HE,RAF,S,BHZ
2025-12-17 19:44:19.657530,HE,OBF0,S,BHZ
2025-12-18 00:56:52.103910,HE,VRF,P,BHZ
2025-12-18 00:56:52.199480,FN,OLKF,P,BHZ
2025-12-18 00:56:53.482530,HE,KU6,P,BHZ
2025-12-18 00:56:59.159590,FN,MSF,P,BHZ
2025-12-18 00:57:06.043150,HE,VRF,S,BHZ
2025-12-18 00:57:06.450060,FN,RAJF,P,?HZ
2025-12-18 00:57:06.588680,FN,OLKF,S,BHZ
2025-12-18 00:57:08.488630,FN,SGF,P,BHZ
2025-12-18 00:57:08.821500,HE,KU6,S,BHZ
2025-12-18 00:57:10.005300,FN,RNF,P,BHZ
2025-12-18 00:57:10.341870,FN,RANF,P,?HZ
2025-12-18 00:57:18.241710,FN,MSF,S,BHZ
2025-12-18 00:57:19.528070,FN,KMNF,P,?HZ
2025-12-18 00:57:30.956700,FN,RAJF,S,?HN
2025-12-18 00:57:32.641440,FN,SGF,S,BHZ
2025-12-18 00:57:37.558740,FN,RANF,S,?HZ
2025-12-18 00:57:37.558740,FN,RNF,S,BHZ
2025-12-18 00:57:49.574920,FN,KMNF,S,?HZ
2025-12-18 15:52:39.196570,HE,HEF,P,BHZ
2025-12-18 15:52:40.604410,HE,KIF,P,BHZ
2025-12-18 15:52:44.261790,FN,KMNF,P,?HZ
2025-12-18 15:52:45.154690,HE,KEV,P,?HZ
2025-12-18 15:52:50.444030,HE,HEF,S,BHZ
2025-12-18 15:52:54.349640,HE,KIF,S,BHZ
2025-12-18 15:52:59.538990,FN,KMNF,S,?HZ
2025-12-18 15:53:03.800000,HE,KEV,S,?HZ
2025-12-18 15:53:03.802250,HE,KEV,S,?HZ
2025-12-18 15:53:26.500000,FN,KLF,S,BHZ
2025-12-18 15:53:26.501160,FN,KLF,S,BHZ
2025-12-19 08:37:18.435560,FN,KLF,P,BHZ
2025-12-19 08:37:23.328540,FN,KLF,S,BHZ
2025-12-19 08:37:25.188720,FN,RNF,P,BHZ
2025-12-19 08:37:26.874800,FN,SGF,P,BHZ
2025-12-19 08:37:30.096540,HE,TOF,P,BHZ
2025-12-19 08:37:34.723790,FN,RNF,S,BHZ
2025-12-19 08:37:35.792750,HE,HEF,P,BHZ
2025-12-19 08:37:36.021450,FN,RANF,P,?HZ
2025-12-19 08:37:37.688960,FN,SGF,S,BHZ
2025-12-19 08:37:43.018470,HE,TOF,S,BHZ
2025-12-19 08:37:45.217380,FN,OLKF,P,BHZ
2025-12-19 08:37:48.471540,FN,MSF,P,BHZ
2025-12-19 08:37:49.639360,HE,KU6,P,BHZ
2025-12-19 08:37:53.192080,HE,HEF,S,BHZ
2025-12-19 08:37:53.502780,FN,RANF,S,?HZ
2025-12-19 08:38:09.555730,FN,OLKF,S,BHZ
2025-12-19 08:38:12.455620,HE,VRF,S,BHZ
2025-12-19 08:38:13.594860,FN,OUL,S,BHZ
2025-12-19 08:38:15.355510,FN,MSF,S,BHZ
2025-12-19 08:38:17.219720,HE,KU6,S,BHZ
2025-12-19 08:38:18.367540,HE,KIF,S,BHZ
2025-12-19 08:38:18.566100,FN,KMNF,S,?HZ
2025-12-19 21:33:12.023670,HE,TOF,P,BHZ
2025-12-19 21:33:19.614230,HE,OBF3,P,BHZ
2025-12-19 21:33:21.913230,HE,OBF0,P,BHZ
2025-12-19 21:33:22.683840,HE,TOF,S,BHZ
2025-12-19 21:33:26.408480,FN,RNF,P,BHZ
2025-12-19 21:33:27.821280,FN,RANF,P,?HZ
2025-12-19 21:33:36.336580,HE,OBF3,S,BHZ
2025-12-19 21:33:39.827070,HE,OBF0,S,BHZ
2025-12-19 21:33:43.992340,FN,OUL,S,BHZ
2025-12-19 21:33:46.572920,HE,OUF,S,BHZ
2025-12-19 21:33:46.701350,FN,KLF,S,BHZ
2025-12-19 21:33:48.114150,FN,RNF,S,BHZ
2025-12-19 21:33:50.811300,FN,RANF,S,?HZ
2025-12-19 21:34:07.797860,FN,SGF,S,BHZ
2025-12-19 21:34:15.984730,HE,VAF,S,BHZ
2025-12-20 02:35:28.911580,HE,VAF,P,BHZ
2025-12-20 02:35:40.895370,HE,OBF0,S,BHZ
2025-12-20 02:35:47.630790,HE,OUF,S,BHZ
2025-12-20 02:35:48.155620,HE,VAF,S,BHZ
2025-12-20 02:35:55.920460,HE,ALAJF,S,?HZ
2025-12-20 02:36:03.546920,HE,TOF,S,BHZ
2025-12-20 22:09:01.740320,HE,VJF,P,?HZ
2025-12-20 22:09:05.330480,HE,VJF,S,?HZ
2025-12-21 06:18:53.005150,HE,FIA0,P,?HZ
2025-12-21 06:18:53.005150,HE,VUOS,P,BHZ
2025-12-21 06:18:53.009060,HE,FIA1,P,?HZ
2025-12-21 06:18:53.198070,HE,VJF,P,?HZ
2025-12-21 06:18:53.836910,HE,NUR,P,SHZ
2025-12-21 06:18:58.162790,HE,MEF,P,BHZ
2025-12-21 06:19:02.137370,HE,FIA1,S,?HZ
2025-12-21 06:19:02.140110,HE,FIA0,S,?HZ
2025-12-21 06:19:02.510180,HE,VUOS,S,BHZ
2025-12-21 06:19:02.558270,HE,VJF,S,?HZ
2025-12-21 06:19:03.589340,HE,KUNI,S,BHZ
2025-12-21 06:19:03.589340,HE,NUR,S,SHZ
2025-12-21 06:19:04.969980,HE,KAF,P,?HZ
2025-12-21 06:19:06.627100,HE,LAUT,S,BHZ
2025-12-21 06:19:08.197880,HE,KEF,P,?HZ
2025-12-21 06:19:10.747330,HE,MEF,S,BHZ
2025-12-21 06:19:20.730370,HE,KPF,P,BHZ
2025-12-21 06:19:22.971420,HE,KAF,S,?HZ
2025-12-21 06:19:27.289120,HE,RUF,S,BHZ
2025-12-21 06:19:28.549210,HE,KEF,S,?HZ
2025-12-21 06:19:32.864100,HE,TVF,S,BHZ
2025-12-21 06:19:40.782650,HE,SUF,S,BHZ
2025-12-21 06:19:46.425570,HE,RAF,S,BHZ
2025-12-21 06:19:49.189440,HE,KPF,S,BHZ
2025-12-22 12:52:05.512040,HE,KIF,P,BHZ
2025-12-22 12:52:12.078940,HE,HEF,P,BHZ
2025-12-22 12:52:13.866240,HE,KIF,S,BHZ
2025-12-22 12:52:22.693060,FN,KLF,P,BHZ
2025-12-22 12:52:24.681430,HE,HEF,S,BHZ
2025-12-22 12:52:43.537660,FN,KLF,S,BHZ
2025-12-22 12:53:00.070890,FN,KMNF,S,?HZ
2025-12-22 12:53:02.969370,FN,SGF,S,BHZ
2025-12-22 22:16:34.105720,HE,TVF,P,BHZ
2025-12-22 22:16:36.982860,HE,MEF,P,BHZ
2025-12-22 22:16:37.915430,HE,TVF,S,BHZ
2025-12-22 22:16:42.374160,HE,MEF,S,BHZ
2025-12-22 22:16:42.528660,HE,NUR,P,SHZ
2025-12-22 22:16:44.508200,HE,HEL5,S,BHZ
2025-12-22 22:16:46.941690,HE,LAUT,S,BHZ
2025-12-22 22:16:47.574860,HE,HEL1,S,BHZ
2025-12-22 22:16:48.208040,HE,RSUO,S,BHZ
2025-12-22 22:16:49.314370,HE,KUNI,S,BHZ
2025-12-22 22:16:51.205260,HE,VUOS,S,BHZ
2025-12-22 22:16:51.618890,HE,NUR,S,SHZ
2025-12-22 22:16:56.332260,HE,RAF,P,BHZ
2025-12-22 22:17:03.175180,HE,FIA0,P,?HZ
2025-12-22 22:17:03.175180,HE,FIA1,P,?HZ
2025-12-22 22:17:07.026520,HE,KPF,P,BHZ
2025-12-22 22:17:15.827370,HE,RAF,S,BHZ
2025-12-22 22:17:26.949780,HE,FIA1,S,?HZ
2025-12-22 22:17:26.949780,HE,FIA0,S,?HZ
2025-12-22 22:17:28.049420,UP,AAL,S,BHZ
2025-12-22 22:17:28.420570,HE,VJF,S,?HZ
2025-12-22 22:17:34.306320,HE,KPF,S,BHZ
2025-12-23 08:56:18.599750,HE,HEL5,P,BHZ
2025-12-23 08:56:19.558240,HE,LAUT,P,BHZ
2025-12-23 08:56:20.082560,HE,HEL1,P,BHZ
2025-12-23 08:56:20.684670,HE,HEL5,S,BHZ
2025-12-23 08:56:21.023600,HE,MEF,P,BHZ
2025-12-23 08:56:22.356590,HE,LAUT,S,BHZ
2025-12-23 08:56:23.131140,HE,HEL1,S,BHZ
2025-12-23 08:56:24.274660,HE,RSUO,S,BHZ
2025-12-23 08:56:24.792330,HE,MEF,S,BHZ
2025-12-23 08:56:25.631010,HE,NUR,P,SHZ
2025-12-23 08:56:25.927420,HE,VUOS,S,BHN
2025-12-23 08:56:26.016540,HE,KUNI,S,BHZ
2025-12-23 08:56:32.673720,HE,NUR,S,SHZ
2025-12-23 08:56:38.100270,HE,TVF,S,BHZ
2025-12-23 08:56:48.384760,HE,RAF,P,BHZ
2025-12-23 08:56:55.303510,HE,KEF,P,?HZ
2025-12-23 08:57:06.157800,HE,FIA0,S,?HZ
2025-12-23 08:57:11.207040,HE,RAF,S,BHZ
2025-12-23 08:57:24.116560,HE,KEF,S,?HZ
2025-12-23 08:57:25.153460,HE,KPF,S,BHZ
2025-12-23 08:57:27.038770,HE,KAF,S,?HZ
2025-12-23 08:57:27.543090,UP,AAL,S,BHZ
2025-12-23 22:37:55.704060,HE,OBF0,S,BHZ
2025-12-23 22:38:01.431980,HE,OBF3,S,BHZ
2025-12-23 22:38:04.354290,HE,OUF,S,BHZ
2025-12-23 22:38:11.048910,HE,VAF,S,BHZ
2025-12-23 22:38:13.701490,HE,TOF,S,BHZ
2025-12-23 22:38:15.975140,FN,OUL,S,BHZ
2025-12-23 22:38:17.617210,HE,ALAJF,S,?HZ
2025-12-25 16:37:56.252140,HE,VAF,P,BHZ
2025-12-25 16:38:08.751030,HE,VAF,S,BHZ
2025-12-25 16:38:23.114650,HE,ALAJF,S,?HZ
2025-12-25 16:38:26.957350,HE,OBF0,S,BHZ
2025-12-25 16:38:30.965060,HE,OUF,S,BHZ
2025-12-25 16:38:36.903190,HE,OBF3,S,BHZ
2025-12-25 16:38:36.903190,HE,KPF,S,BHZ
2025-12-25 16:38:48.124300,HE,KEF,S,?HZ
2025-12-26 11:12:58.139980,HE,VJF,P,?HE
2025-12-26 11:13:02.453990,HE,RUF,P,BHZ
2025-12-26 11:13:04.084110,HE,VJF,S,?HZ
2025-12-26 11:13:11.197210,HE,RUF,S,BHZ
2025-12-26 11:13:12.542860,HE,FIA1,P,?HZ
2025-12-26 11:13:12.602260,HE,FIA0,P,?HZ
2025-12-26 11:13:21.905680,HE,NUR,P,SHZ
2025-12-26 11:13:32.168320,HE,JOF,P,BHZ
2025-12-26 11:13:39.444980,HE,KAF,S,?HZ
2025-12-26 11:13:41.204330,HE,VUOS,S,BHE
2025-12-26 11:13:45.321350,HE,NUR,S,SHZ
2025-12-26 11:13:45.484660,HE,LAUT,S,BHZ
2025-12-26 11:13:50.298510,HE,MEF,S,BHZ
2025-12-26 11:13:53.396190,HE,KEF,S,?HZ
2025-12-26 11:13:54.016170,HE,SUF,S,BHZ
2025-12-27 01:38:35.501210,FN,RNF,P,BHZ
2025-12-27 01:38:39.321760,FN,RNF,S,BHZ
2025-12-27 01:38:41.486250,FN,SGF,P,BHZ
2025-12-27 01:38:43.462220,FN,KLF,P,BHZ
2025-12-27 01:38:47.432420,FN,RANF,P,?HZ
2025-12-27 01:38:47.483170,HE,TOF,P,BHZ
2025-12-27 01:38:49.524420,FN,SGF,S,BHZ
2025-12-27 01:38:53.285250,FN,KLF,S,BHZ
2025-12-27 01:38:57.741220,FN,OLKF,P,BHZ
2025-12-27 01:38:59.965310,HE,TOF,S,BHZ
2025-12-27 01:38:59.965310,FN,RANF,S,?HZ
2025-12-27 01:39:18.046830,FN,OLKF,S,BHZ
2025-12-27 01:39:20.491210,FN,MSF,S,BHZ
2025-12-27 01:39:21.703950,HE,HEF,S,BHZ
2025-12-27 01:39:22.686390,HE,VRF,S,BHZ
2025-12-27 01:39:24.680690,FN,OUL,S,BHZ
2025-12-27 01:39:26.747180,HE,KU6,S,BHZ
2025-12-27 01:39:26.774220,FN,RAJF,S,?HZ
2025-12-28 22:31:49.514730,FN,OUL,P,BHZ
2025-12-28 22:31:55.604520,FN,RANF,P,?HZ
2025-12-28 22:31:57.452960,FN,MSF,P,BHZ
2025-12-28 22:31:57.721600,FN,OUL,S,BHZ
2025-12-28 22:31:57.998240,HE,OBF3,P,BHZ
2025-12-28 22:32:00.556980,HE,OUF,P,BHZ
2025-12-28 22:32:01.744150,HE,RMF,P,BHZ
2025-12-28 22:32:02.646440,HE,KU6,P,BHZ
2025-12-28 22:32:04.403020,FN,OLKF,P,BHZ
2025-12-28 22:32:05.762490,HE,TOF,P,BHZ
2025-12-28 22:32:06.408690,HE,NIF,P,BHZ
2025-12-28 22:32:06.433070,FN,RNF,P,BHZ
2025-12-28 22:32:08.474290,FN,RANF,S,?HZ
2025-12-28 22:32:11.528220,FN,MSF,S,BHZ
2025-12-28 22:32:12.686540,HE,OBF3,S,BHZ
2025-12-28 22:32:17.672390,HE,OUF,S,BHZ
2025-12-28 22:32:19.024500,HE,RMF,S,BHZ
2025-12-28 22:32:20.602860,HE,KU6,S,BHZ
2025-12-28 22:32:23.128220,FN,OLKF,S,BHZ
2025-12-28 22:32:26.104400,HE,TOF,S,BHZ
2025-12-28 22:32:26.991810,FN,RNF,S,BHZ
2025-12-28 22:32:26.991810,HE,NIF,S,BHZ
2025-12-30 11:43:29.434660,HE,KEF,P,?HZ
2025-12-30 11:43:33.312310,HE,FIA0,P,?HZ
2025-12-30 11:43:33.328220,HE,FIA1,P,?HZ
2025-12-30 11:43:36.558950,HE,KPF,P,BHZ
2025-12-30 11:43:36.698220,HE,NUR,P,SHZ
2025-12-30 11:43:37.481450,HE,KAF,P,?HZ
2025-12-30 11:43:37.844870,HE,KEF,S,?HZ
2025-12-30 11:43:41.818690,HE,MEF,P,BHZ
2025-12-30 11:43:43.418930,HE,SUF,P,BHZ
2025-12-30 11:43:44.648640,HE,FIA0,S,?HZ
2025-12-30 11:43:44.648640,HE,FIA1,S,?HZ
2025-12-30 11:43:46.275730,HE,ALAJF,P,?HZ
2025-12-30 11:43:47.443070,HE,VAF,P,BHZ
2025-12-30 11:43:50.568720,HE,KPF,S,BHZ
2025-12-30 11:43:50.781070,HE,NUR,S,SHZ
2025-12-30 11:43:50.864200,HE,VJF,P,?HZ
2025-12-30 11:43:51.780710,HE,KAF,S,?HZ
2025-12-30 11:43:55.496290,HE,RUF,P,BHZ
2025-12-30 11:43:58.924630,HE,MEF,S,BHZ
2025-12-30 11:43:59.761310,HE,NIF,P,BHZ
2025-12-30 11:44:01.991740,HE,SUF,S,BHZ
2025-12-30 11:44:01.991740,HE,VUOS,S,BHZ
2025-12-30 11:44:02.420700,HE,HEL5,S,BHZ
2025-12-30 11:44:06.019420,HE,ALAJF,S,?HZ
2025-12-30 11:44:08.572080,HE,VAF,S,BHZ
2025-12-30 11:44:12.597680,HE,TVF,S,BHZ
2025-12-30 11:44:16.135630,HE,VJF,S,?HZ
2025-12-30 11:44:24.963200,HE,RUF,S,BHZ
2025-12-30 11:44:31.096080,HE,NIF,S,BHZ
