event_id,true_arrival_time,network,station,phase,channel
smi:fi.isuh/event/1491070,2025-01-02 09:17:15.776090,HE,LOVF,P,CZ
smi:fi.isuh/event/1491070,2025-01-02 09:17:18.857610,HE,LOVF,S,CZ
smi:fi.isuh/event/1491070,2025-01-02 09:17:18.724970,HE,VJF,P,?HZ
smi:fi.isuh/event/1491070,2025-01-02 09:17:24.114290,HE,VJF,S,?HZ
smi:fi.isuh/event/1491070,2025-01-02 09:17:19.284240,HE,PVF,P,CZ
smi:fi.isuh/event/1491070,2025-01-02 09:17:24.998360,HE,PVF,S,CZ
smi:fi.isuh/event/1491070,2025-01-02 09:17:19.487610,HE,KY02,P,CZ
smi:fi.isuh/event/1491070,2025-01-02 09:17:25.385360,HE,KY02,S,CZ
smi:fi.isuh/event/1491070,2025-01-02 09:17:19.436770,HE,KY17,P,CZ
smi:fi.isuh/event/1491070,2025-01-02 09:17:25.232830,HE,KY17,S,CZ
smi:fi.isuh/event/1491070,2025-01-02 09:17:26.728150,HE,VUOS,P,BHZ
smi:fi.isuh/event/1491070,2025-01-02 09:17:37.534210,HE,VUOS,S,BHZ
smi:fi.isuh/event/1491070,2025-01-02 09:17:28.251870,HE,KUNI,P,BHE
smi:fi.isuh/event/1491070,2025-01-02 09:17:40.047510,HE,KUNI,S,BHZ
smi:fi.isuh/event/1491070,2025-01-02 09:17:28.948040,HE,FIA0,P,?HZ
smi:fi.isuh/event/1491070,2025-01-02 09:17:42.036770,HE,FIA0,S,?HZ
smi:fi.isuh/event/1491070,2025-01-02 09:17:28.948040,HE,FIA1,P,?HZ
smi:fi.isuh/event/1491070,2025-01-02 09:17:42.036770,HE,FIA1,S,?HZ
smi:fi.isuh/event/1491070,2025-01-02 09:17:29.876280,HE,NUR,P,SHZ
smi:fi.isuh/event/1491070,2025-01-02 09:17:42.871560,HE,NUR,S,SHZ
smi:fi.isuh/event/1491070,2025-01-02 09:17:30.572450,HE,HEL5,P,BHZ
smi:fi.isuh/event/1491070,2025-01-02 09:17:44.263910,HE,HEL5,S,BHZ
smi:fi.isuh/event/1491070,2025-01-02 09:17:33.125100,HE,MEF,P,BHZ
smi:fi.isuh/event/1491070,2025-01-02 09:17:48.208900,HE,MEF,S,BHZ
smi:fi.isuh/event/1491070,2025-01-02 09:17:36.913870,HE,RUF,P,BHZ
smi:fi.isuh/event/1491070,2025-01-02 09:17:54.706540,HE,RUF,S,BHZ
smi:fi.isuh/event/1491070,2025-01-02 09:17:40.086850,HE,KAF,P,?HZ
smi:fi.isuh/event/1491070,2025-01-02 09:18:00.972120,HE,KAF,S,?HZ
smi:fi.isuh/event/1491070,2025-01-02 09:17:40.550970,HE,TRE03,P,CZ
smi:fi.isuh/event/1491070,2025-01-02 09:18:02.132420,HE,TRE03,S,CZ
smi:fi.isuh/event/1491070,2025-01-02 09:18:08.862120,HE,TVF,S,BHZ
smi:fi.isuh/event/1491070,2025-01-02 09:18:09.558290,HE,KEF,S,?HZ
smi:fi.isuh/event/1491070,2025-01-02 09:17:53.082130,HE,RAF,P,BHZ
smi:fi.isuh/event/1491070,2025-01-02 09:18:26.266510,HE,RAF,S,BHZ
smi:fi.isuh/event/1491074,2025-01-02 11:51:34.520000,HE,OBF3,P,BHZ
smi:fi.isuh/event/1491074,2025-01-02 11:51:38.080000,HE,OBF0,P,BHZ
smi:fi.isuh/event/1491074,2025-01-02 11:51:42.380000,HE,OBF0,S,BHZ
smi:fi.isuh/event/1491074,2025-01-02 11:51:38.720000,HE,OUF,P,BHZ
smi:fi.isuh/event/1491074,2025-01-02 11:51:43.340000,HE,OUF,S,BHZ
smi:fi.isuh/event/1491074,2025-01-02 11:51:45.080000,HE,OBF8,P,BHZ
smi:fi.isuh/event/1491074,2025-01-02 11:51:57.080000,HE,KJNF,P,BHZ
smi:fi.isuh/event/1491074,2025-01-02 11:52:15.320000,HE,KJNF,S,BHZ
smi:fi.isuh/event/1491074,2025-01-02 11:51:57.980000,HE,TOF,P,BHZ
smi:fi.isuh/event/1491074,2025-01-02 11:52:17.200000,HE,TOF,S,BHZ
smi:fi.isuh/event/1491074,2025-01-02 11:52:01.080000,FN,RANF,P,BHZ
smi:fi.isuh/event/1491074,2025-01-02 11:52:22.400000,FN,RANF,S,BHZ
smi:fi.isuh/event/1491074,2025-01-02 11:52:04.680000,HE,KU2,P,BHZ
smi:fi.isuh/event/1491074,2025-01-02 11:52:27.780000,HE,KU2,S,BHZ
smi:fi.isuh/event/1491074,2025-01-02 11:52:06.380000,HE,NIF,P,BHZ
smi:fi.isuh/event/1491074,2025-01-02 11:52:31.700000,HE,NIF,S,BHZ
smi:fi.isuh/event/1491074,2025-01-02 11:52:07.180000,HE,VAF,P,BHZ
smi:fi.isuh/event/1491074,2025-01-02 11:52:09.980000,HE,SUF,P,BHZ
smi:fi.isuh/event/1491074,2025-01-02 11:52:38.360000,HE,SUF,S,BHZ
smi:fi.isuh/event/1491074,2025-01-02 11:52:11.580000,HE,KU1,P,BHZ
smi:fi.isuh/event/1491074,2025-01-02 11:52:40.480000,HE,KU1,S,BHZ
smi:fi.isuh/event/1491074,2025-01-02 11:52:13.380000,HE,RMF,P,BHZ
smi:fi.isuh/event/1491074,2025-01-02 11:52:43.360000,HE,RMF,S,BHZ
smi:fi.isuh/event/1491074,2025-01-02 11:52:49.100000,FN,OLKF,S,BHZ
smi:fi.isuh/event/1491074,2025-01-02 11:52:16.880000,HE,KU6,P,BHZ
smi:fi.isuh/event/1491074,2025-01-02 11:52:48.760000,HE,KU6,S,BHZ
smi:fi.isuh/event/1491074,2025-01-02 11:52:16.180000,FN,KLF,P,BHZ
smi:fi.isuh/event/1491074,2025-01-02 11:52:50.640000,FN,KLF,S,BHZ
smi:fi.isuh/event/1491074,2025-01-02 11:52:50.520000,HE,KEF,S,BHZ
smi:fi.isuh/event/1491074,2025-01-02 11:52:19.480000,HE,KAF,P,BHZ
smi:fi.isuh/event/1491074,2025-01-02 11:52:54.760000,HE,KAF,S,BHZ
smi:fi.isuh/event/1491074,2025-01-02 11:52:24.780000,HE,KPF,P,BHZ
smi:fi.isuh/event/1491074,2025-01-02 11:53:15.120000,HE,JOF,S,BHZ
smi:fi.isuh/event/1491074,2025-01-02 11:53:20.580000,HE,RAF,S,BHZ
smi:fi.isuh/event/1491108,2025-01-02 12:39:46.380000,HE,VRF,P,BHZ
smi:fi.isuh/event/1491108,2025-01-02 12:39:51.300000,HE,VRF,S,BHZ
smi:fi.isuh/event/1491108,2025-01-02 12:40:01.680000,FN,RAJF,P,BHZ
smi:fi.isuh/event/1491108,2025-01-02 12:40:17.800000,FN,RAJF,S,BHZ
smi:fi.isuh/event/1491108,2025-01-02 12:40:03.780000,FN,OLKF,P,BHZ
smi:fi.isuh/event/1491108,2025-01-02 12:40:21.480000,FN,OLKF,S,BHZ
smi:fi.isuh/event/1491108,2025-01-02 12:40:08.080000,HE,KU6,P,BHZ
smi:fi.isuh/event/1491108,2025-01-02 12:40:28.360000,HE,KU6,S,BHZ
smi:fi.isuh/event/1491108,2025-01-02 12:40:16.580000,HE,KU1,P,BHZ
smi:fi.isuh/event/1491108,2025-01-02 12:40:16.900000,HE,KU2,P,BHZ
smi:fi.isuh/event/1491108,2025-01-02 12:40:17.760000,FN,RANF,P,BHZ
smi:fi.isuh/event/1491108,2025-01-02 12:40:45.200000,FN,RANF,S,BHZ
smi:fi.isuh/event/1491108,2025-01-02 12:40:21.980000,FN,KLF,P,BHZ
smi:fi.isuh/event/1491108,2025-01-02 12:40:56.920000,FN,KLF,S,BHZ
smi:fi.isuh/event/1491108,2025-01-02 12:40:23.020000,HE,KEV,P,BHZ
smi:fi.isuh/event/1491108,2025-01-02 12:40:55.080000,HE,KEV,S,BHZ
smi:fi.isuh/event/1491108,2025-01-02 12:40:24.580000,HE,HEF,P,BHZ
smi:fi.isuh/event/1491108,2025-01-02 12:41:01.200000,HE,HEF,S,BHZ
smi:fi.isuh/event/1491108,2025-01-02 12:40:26.380000,HE,TOF,P,BHZ
smi:fi.isuh/event/1491108,2025-01-02 12:41:06.520000,HE,TOF,S,BHZ
smi:fi.isuh/event/1491108,2025-01-02 12:40:33.880000,HE,RMF,P,BHZ
smi:fi.isuh/event/1491108,2025-01-02 12:40:41.420000,HE,KIF,P,BHZ
smi:fi.isuh/event/1491059,2025-01-02 23:12:52.780000,FN,KLF,P,BHZ
smi:fi.isuh/event/1491059,2025-01-02 23:12:59.280000,HE,HEF,P,BHZ
smi:fi.isuh/event/1491059,2025-01-02 23:13:21.880000,HE,HEF,S,BHZ
smi:fi.isuh/event/1491059,2025-01-02 23:13:02.760000,HE,TOF,P,BHZ
smi:fi.isuh/event/1491059,2025-01-02 23:13:27.680000,HE,TOF,S,BHZ
smi:fi.isuh/event/1491059,2025-01-02 23:13:02.880000,HE,KIF,P,BHZ
smi:fi.isuh/event/1491059,2025-01-02 23:13:28.060000,HE,KIF,S,BHZ
smi:fi.isuh/event/1491059,2025-01-02 23:13:24.160000,HE,KEV,P,BHZ
smi:fi.isuh/event/1491141,2025-01-03 08:53:00.580000,HE,HEL5,P,BHZ
smi:fi.isuh/event/1491141,2025-01-03 08:53:00.860000,HE,MEF,P,BHZ
smi:fi.isuh/event/1491141,2025-01-03 08:53:02.280000,HE,MEF,S,BHZ
smi:fi.isuh/event/1491141,2025-01-03 08:53:01.840000,HE,LAUT,P,BHZ
smi:fi.isuh/event/1491141,2025-01-03 08:53:03.640000,HE,LAUT,S,BHZ
smi:fi.isuh/event/1491141,2025-01-03 08:53:01.910000,HE,HEL1,P,BHZ
smi:fi.isuh/event/1491141,2025-01-03 08:53:04.220000,HE,HEL1,S,BHZ
smi:fi.isuh/event/1491141,2025-01-03 08:53:02.900000,HE,KUNI,P,BHZ
smi:fi.isuh/event/1491141,2025-01-03 08:53:04.880000,HE,VUOS,P,BHZ
smi:fi.isuh/event/1491141,2025-01-03 08:53:05.540000,HE,NUR,P,BHZ
smi:fi.isuh/event/1491141,2025-01-03 08:53:13.180000,HE,PVF,P,BHZ
smi:fi.isuh/event/1491141,2025-01-03 08:53:49.400000,HE,FIA0,S,SHZ
smi:fi.isuh/event/1491154,2025-01-03 11:41:32.280000,HE,NIF,P,BHZ
smi:fi.isuh/event/1491154,2025-01-03 11:41:35.120000,HE,NIF,S,BHZ
smi:fi.isuh/event/1491154,2025-01-03 11:41:43.280000,HE,SUF,P,BHZ
smi:fi.isuh/event/1491154,2025-01-03 11:41:55.140000,HE,SUF,S,BHZ
smi:fi.isuh/event/1491154,2025-01-03 11:41:48.900000,HE,KJNF,P,BHZ
smi:fi.isuh/event/1491154,2025-01-03 11:42:03.800000,HE,KJNF,S,BHZ
smi:fi.isuh/event/1491154,2025-01-03 11:41:50.180000,HE,KAF,P,BHZ
smi:fi.isuh/event/1491154,2025-01-03 11:42:07.600000,HE,KAF,S,BHZ
smi:fi.isuh/event/1491154,2025-01-03 11:41:54.480000,HE,RMF,P,BHZ
smi:fi.isuh/event/1491154,2025-01-03 11:42:13.900000,HE,RMF,S,BHZ
smi:fi.isuh/event/1491154,2025-01-03 11:41:57.560000,HE,JOF,P,BHZ
smi:fi.isuh/event/1491154,2025-01-03 11:42:19.120000,HE,JOF,S,BHZ
smi:fi.isuh/event/1491154,2025-01-03 11:41:58.180000,HE,KEF,P,BHZ
smi:fi.isuh/event/1491154,2025-01-03 11:42:21.000000,HE,KEF,S,BHZ
smi:fi.isuh/event/1491154,2025-01-03 11:42:00.180000,HE,RUF,P,BHZ
smi:fi.isuh/event/1491154,2025-01-03 11:42:25.000000,HE,RUF,S,BHZ
smi:fi.isuh/event/1491154,2025-01-03 11:42:00.580000,HE,OUF,P,BHZ
smi:fi.isuh/event/1491154,2025-01-03 11:42:25.820000,HE,OUF,S,BHZ
smi:fi.isuh/event/1491154,2025-01-03 11:42:01.900000,HE,FIA0,P,SHZ
smi:fi.isuh/event/1491154,2025-01-03 11:42:27.500000,HE,FIA0,S,SHZ
smi:fi.isuh/event/1491154,2025-01-03 11:42:05.080000,HE,OBF0,P,BHZ
smi:fi.isuh/event/1491154,2025-01-03 11:42:33.840000,HE,OBF0,S,BHZ
smi:fi.isuh/event/1491154,2025-01-03 11:42:06.380000,HE,OBF3,P,BHZ
smi:fi.isuh/event/1491154,2025-01-03 11:42:36.280000,HE,OBF3,S,BHZ
smi:fi.isuh/event/1491154,2025-01-03 11:42:07.780000,HE,KY17,P,BHZ
smi:fi.isuh/event/1491154,2025-01-03 11:42:08.280000,HE,TRE03,P,BHZ
smi:fi.isuh/event/1491154,2025-01-03 11:42:38.520000,HE,TRE03,S,BHZ
smi:fi.isuh/event/1491154,2025-01-03 11:42:08.340000,HE,OBF8,P,BHZ
smi:fi.isuh/event/1491154,2025-01-03 11:42:38.980000,HE,OBF8,S,BHZ
smi:fi.isuh/event/1491154,2025-01-03 11:42:08.960000,HE,VAF,P,BHZ
smi:fi.isuh/event/1491154,2025-01-03 11:42:39.200000,HE,VAF,S,BHZ
smi:fi.isuh/event/1491154,2025-01-03 11:42:12.240000,HE,KU1,P,BHZ
smi:fi.isuh/event/1491154,2025-01-03 11:42:47.660000,HE,KU1,S,BHZ
smi:fi.isuh/event/1491154,2025-01-03 11:42:12.980000,HE,KU2,P,BHZ
smi:fi.isuh/event/1491154,2025-01-03 11:42:46.020000,HE,KU2,S,BHZ
smi:fi.isuh/event/1491154,2025-01-03 11:42:12.580000,HE,VJF,P,BHZ
smi:fi.isuh/event/1491154,2025-01-03 11:42:49.400000,HE,VJF,S,BHZ
smi:fi.isuh/event/1491154,2025-01-03 11:42:16.980000,HE,PVF,P,BHZ
smi:fi.isuh/event/1491154,2025-01-03 11:42:17.080000,FN,RANF,P,BHZ
smi:fi.isuh/event/1491154,2025-01-03 11:42:54.340000,FN,RANF,S,BHZ
smi:fi.isuh/event/1491154,2025-01-03 11:42:17.880000,HE,KPF,P,BHZ
smi:fi.isuh/event/1491154,2025-01-03 11:42:56.060000,HE,KPF,S,BHZ
smi:fi.isuh/event/1491154,2025-01-03 11:42:19.080000,HE,KU6,P,BHZ
smi:fi.isuh/event/1491154,2025-01-03 11:43:07.820000,HE,VUOS,S,BHZ
smi:fi.isuh/event/1491154,2025-01-03 11:43:05.080000,FN,OLKF,S,BHZ
smi:fi.isuh/event/1491154,2025-01-03 11:43:03.000000,HE,TOF,S,BHZ
smi:fi.isuh/event/1491155,2025-01-03 11:54:12.980000,HE,RUF,P,BHZ
smi:fi.isuh/event/1491155,2025-01-03 11:54:19.520000,HE,RUF,S,BHZ
smi:fi.isuh/event/1491155,2025-01-03 11:54:13.180000,HE,KY17,P,BHZ
smi:fi.isuh/event/1491155,2025-01-03 11:54:21.160000,HE,KY17,S,BHZ
smi:fi.isuh/event/1491155,2025-01-03 11:54:13.380000,HE,VJF,P,BHZ
smi:fi.isuh/event/1491155,2025-01-03 11:54:21.580000,HE,VJF,S,BHZ
smi:fi.isuh/event/1491155,2025-01-03 11:54:22.900000,HE,FIA0,P,SHZ
smi:fi.isuh/event/1491155,2025-01-03 11:54:41.100000,HE,FIA0,S,SHZ
smi:fi.isuh/event/1491155,2025-01-03 11:54:24.580000,HE,PVF,P,BHZ
smi:fi.isuh/event/1491155,2025-01-03 11:54:41.840000,HE,PVF,S,BHZ
smi:fi.isuh/event/1491155,2025-01-03 11:54:28.980000,HE,KAF,P,BHZ
smi:fi.isuh/event/1491155,2025-01-03 11:54:47.760000,HE,KAF,S,BHZ
smi:fi.isuh/event/1491155,2025-01-03 11:54:35.360000,HE,NUR,P,BHZ
smi:fi.isuh/event/1491155,2025-01-03 11:55:00.000000,HE,NUR,S,BHZ
smi:fi.isuh/event/1491155,2025-01-03 11:54:38.380000,HE,SUF,P,BHZ
smi:fi.isuh/event/1491155,2025-01-03 11:55:04.360000,HE,SUF,S,BHZ
smi:fi.isuh/event/1491155,2025-01-03 11:54:38.780000,HE,KEF,P,BHZ
smi:fi.isuh/event/1491155,2025-01-03 11:54:38.780000,HE,TRE03,P,BHZ
smi:fi.isuh/event/1491155,2025-01-03 11:54:38.980000,HE,MEF,P,BHZ
smi:fi.isuh/event/1491155,2025-01-03 11:55:06.580000,HE,MEF,S,BHZ
smi:fi.isuh/event/1491155,2025-01-03 11:55:15.840000,HE,NIF,S,BHZ
smi:fi.isuh/event/1491155,2025-01-03 11:55:15.920000,HE,JOF,S,BHZ
smi:fi.isuh/event/1491155,2025-01-03 11:55:35.740000,HE,KPF,S,BHZ
smi:fi.isuh/event/1491110,2025-01-03 12:04:11.900000,HE,KORF,P,BHZ
smi:fi.isuh/event/1491110,2025-01-03 12:04:17.640000,HE,KORF,S,BHZ
smi:fi.isuh/event/1491110,2025-01-03 12:04:16.480000,HE,TVF,P,BHZ
smi:fi.isuh/event/1491110,2025-01-03 12:04:24.660000,HE,TVF,S,BHZ
smi:fi.isuh/event/1491110,2025-01-03 12:04:18.030000,HE,RAF,P,BHZ
smi:fi.isuh/event/1491110,2025-01-03 12:04:28.200000,HE,RAF,S,BHZ
smi:fi.isuh/event/1491110,2025-01-03 12:04:45.920000,UP,AAL,S,BHZ
smi:fi.isuh/event/1491110,2025-01-03 12:04:29.570000,HE,ECKF,P,BHZ
smi:fi.isuh/event/1491110,2025-01-03 12:04:50.580000,HE,ECKF,S,BHZ
smi:fi.isuh/event/1491110,2025-01-03 12:04:31.880000,HE,KPF,P,BHZ
smi:fi.isuh/event/1491110,2025-01-03 12:04:52.460000,HE,KPF,S,BHZ
smi:fi.isuh/event/1491110,2025-01-03 12:04:42.500000,HE,FIA0,P,SHZ
smi:fi.isuh/event/1491110,2025-01-03 12:05:13.960000,HE,KEF,S,BHZ
smi:fi.isuh/event/1491110,2025-01-03 12:05:25.360000,HE,KAF,S,BHZ
smi:fi.isuh/event/1491110,2025-01-03 12:05:52.940000,HE,OBF8,S,BHZ
smi:fi.isuh/event/1491158,2025-01-03 12:30:10.340580,HE,KJNF,P,CZ
smi:fi.isuh/event/1491158,2025-01-03 12:30:14.944030,HE,KJNF,S,CZ
smi:fi.isuh/event/1491158,2025-01-03 12:30:14.909480,HE,NIF,P,BHZ
smi:fi.isuh/event/1491158,2025-01-03 12:30:22.777590,HE,NIF,S,BHZ
smi:fi.isuh/event/1491158,2025-01-03 12:30:19.704570,HE,RMF,P,BHZ
smi:fi.isuh/event/1491158,2025-01-03 12:30:29.996750,HE,RMF,S,BHZ
smi:fi.isuh/event/1491158,2025-01-03 12:30:31.601830,HE,OUF,P,BHZ
smi:fi.isuh/event/1491158,2025-01-03 12:30:51.538730,HE,OUF,S,BHZ
smi:fi.isuh/event/1491158,2025-01-03 12:30:31.737540,HE,SUF,P,BHZ
smi:fi.isuh/event/1491158,2025-01-03 12:30:53.532710,HE,SUF,S,BHZ
smi:fi.isuh/event/1491158,2025-01-03 12:30:34.768390,HE,OBF3,P,BHZ
smi:fi.isuh/event/1491158,2025-01-03 12:30:56.711650,HE,OBF3,S,BHZ
smi:fi.isuh/event/1491158,2025-01-03 12:30:35.039810,HE,KU1,P,SHZ
smi:fi.isuh/event/1491158,2025-01-03 12:30:56.833050,HE,KU1,S,SHZ
smi:fi.isuh/event/1491158,2025-01-03 12:30:35.220760,HE,KU2,P,SHZ
smi:fi.isuh/event/1491158,2025-01-03 12:30:58.229160,HE,KU2,S,SHZ
smi:fi.isuh/event/1491158,2025-01-03 12:30:35.718370,HE,OBF0,P,BHZ
smi:fi.isuh/event/1491158,2025-01-03 12:30:59.018260,HE,OBF0,S,BHZ
smi:fi.isuh/event/1491158,2025-01-03 12:30:36.125500,HE,JOF,P,BHZ
smi:fi.isuh/event/1491158,2025-01-03 12:30:59.139660,HE,JOF,S,BHZ
smi:fi.isuh/event/1491158,2025-01-03 12:30:39.641450,HE,ALAJF,P,?HZ
smi:fi.isuh/event/1491158,2025-01-03 12:31:05.513190,HE,ALAJF,S,?HZ
smi:fi.isuh/event/1491158,2025-01-03 12:30:40.377740,HE,KAF,P,?HZ
smi:fi.isuh/event/1491158,2025-01-03 12:31:07.152100,HE,KAF,S,?HZ
smi:fi.isuh/event/1491158,2025-01-03 12:30:40.468220,HE,OBF8,P,BHZ
smi:fi.isuh/event/1491158,2025-01-03 12:31:08.151380,HE,OBF8,S,BHZ
smi:fi.isuh/event/1491158,2025-01-03 12:30:42.572670,FN,RANF,P,?HZ
smi:fi.isuh/event/1491158,2025-01-03 12:31:09.706850,FN,RANF,S,?HZ
smi:fi.isuh/event/1491158,2025-01-03 12:30:42.730050,HE,KU6,P,BHZ
smi:fi.isuh/event/1491158,2025-01-03 12:31:10.490610,HE,KU6,S,BHZ
smi:fi.isuh/event/1491113,2025-01-03 13:43:38.505510,HE,RSUO,P,BHZ
smi:fi.isuh/event/1491113,2025-01-03 13:43:38.841810,HE,RSUO,S,BHZ
smi:fi.isuh/event/1491113,2025-01-03 13:43:38.959160,HE,HEL1,P,BHZ
smi:fi.isuh/event/1491113,2025-01-03 13:43:39.640070,HE,HEL1,S,BHZ
smi:fi.isuh/event/1491113,2025-01-03 13:43:38.998850,HE,KUNI,P,BHZ
smi:fi.isuh/event/1491113,2025-01-03 13:43:39.679970,HE,KUNI,S,BHZ
smi:fi.isuh/event/1491113,2025-01-03 13:43:39.428110,HE,LAUT,P,BHZ
smi:fi.isuh/event/1491113,2025-01-03 13:43:40.419580,HE,LAUT,S,BHZ
smi:fi.isuh/event/1491113,2025-01-03 13:43:40.459300,HE,HEL5,P,BHZ
smi:fi.isuh/event/1491113,2025-01-03 13:43:42.228000,HE,HEL5,S,BHZ
smi:fi.isuh/event/1491113,2025-01-03 13:43:40.647010,HE,VUOS,P,BHZ
smi:fi.isuh/event/1491113,2025-01-03 13:43:42.228000,HE,VUOS,S,BHZ
smi:fi.isuh/event/1491113,2025-01-03 13:43:42.774800,HE,MEF,P,BHZ
smi:fi.isuh/event/1491113,2025-01-03 13:43:45.866850,HE,MEF,S,BHZ
smi:fi.isuh/event/1491113,2025-01-03 13:43:43.961090,HE,NUR,P,SHZ
smi:fi.isuh/event/1491157,2025-01-03 20:05:29.380000,HE,VRF,P,BHZ
smi:fi.isuh/event/1491157,2025-01-03 20:05:48.820000,HE,VRF,S,BHZ
smi:fi.isuh/event/1491157,2025-01-03 20:05:39.200000,FN,RAJF,P,BHZ
smi:fi.isuh/event/1491157,2025-01-03 20:06:06.000000,FN,RAJF,S,BHZ
smi:fi.isuh/event/1491157,2025-01-03 20:06:06.880000,FN,OLKF,S,BHZ
smi:fi.isuh/event/1491157,2025-01-03 20:06:08.440000,HE,KU6,S,BHZ
smi:fi.isuh/event/1491157,2025-01-03 20:05:52.670000,HE,KEV,P,BHZ
smi:fi.isuh/event/1491157,2025-01-03 20:06:38.800000,HE,KEV,S,BHZ
smi:fi.isuh/event/1491159,2025-01-03 20:09:27.330000,HE,VRF,P,BHZ
smi:fi.isuh/event/1491159,2025-01-03 20:09:48.520000,HE,VRF,S,BHZ
smi:fi.isuh/event/1491159,2025-01-03 20:09:37.320000,FN,OLKF,P,BHZ
smi:fi.isuh/event/1491159,2025-01-03 20:10:05.680000,FN,OLKF,S,BHZ
smi:fi.isuh/event/1491159,2025-01-03 20:09:38.080000,HE,KU6,P,BHZ
smi:fi.isuh/event/1491159,2025-01-03 20:10:06.640000,HE,KU6,S,BHZ
smi:fi.isuh/event/1491159,2025-01-03 20:09:36.980000,FN,RAJF,P,BHZ
smi:fi.isuh/event/1491159,2025-01-03 20:10:05.480000,FN,RAJF,S,BHZ
smi:fi.isuh/event/1491159,2025-01-03 20:10:20.040000,HE,KU1,S,BHZ
smi:fi.isuh/event/1491159,2025-01-03 20:09:50.800000,HE,KEV,P,BHZ
smi:fi.isuh/event/1491159,2025-01-03 20:10:30.140000,HE,KEV,S,BHZ
smi:fi.isuh/event/1491159,2025-01-03 20:09:57.480000,HE,HEF,P,BHZ
smi:fi.isuh/event/1491160,2025-01-03 20:29:43.080000,HE,VRF,P,BHZ
smi:fi.isuh/event/1491160,2025-01-03 20:30:03.520000,HE,VRF,S,BHZ
smi:fi.isuh/event/1491160,2025-01-03 20:29:53.040000,FN,OLKF,P,BHZ
smi:fi.isuh/event/1491160,2025-01-03 20:30:21.480000,FN,OLKF,S,BHZ
smi:fi.isuh/event/1491160,2025-01-03 20:29:53.400000,HE,KU6,P,BHZ
smi:fi.isuh/event/1491160,2025-01-03 20:30:22.800000,HE,KU6,S,BHZ
smi:fi.isuh/event/1491160,2025-01-03 20:29:52.760000,FN,RAJF,P,BHZ
smi:fi.isuh/event/1491160,2025-01-03 20:30:21.080000,FN,RAJF,S,BHZ
smi:fi.isuh/event/1491160,2025-01-03 20:30:09.960000,FN,RANF,P,BHZ
smi:fi.isuh/event/1491160,2025-01-03 20:30:51.400000,FN,RANF,S,BHZ
smi:fi.isuh/event/1491160,2025-01-03 20:30:06.680000,HE,KEV,P,BHZ
smi:fi.isuh/event/1491160,2025-01-03 20:30:45.880000,HE,KEV,S,BHZ
smi:fi.isuh/event/1491160,2025-01-03 20:30:22.800000,FN,KLF,P,BHZ
smi:fi.isuh/event/1491160,2025-01-03 20:31:01.680000,HE,HEF,S,BHZ
smi:fi.isuh/event/1491160,2025-01-03 20:30:27.760000,HE,TOF,P,BHZ
smi:fi.isuh/event/1491160,2025-01-03 20:31:21.000000,HE,TOF,S,BHZ
smi:fi.isuh/event/1491201,2025-01-04 11:06:43.680000,HE,VRF,P,BHZ
smi:fi.isuh/event/1491201,2025-01-04 11:06:48.440000,HE,VRF,S,BHZ
smi:fi.isuh/event/1491201,2025-01-04 11:06:58.920000,FN,RAJF,P,BHZ
smi:fi.isuh/event/1491201,2025-01-04 11:07:15.160000,FN,RAJF,S,BHZ
smi:fi.isuh/event/1491201,2025-01-04 11:07:00.680000,FN,OLKF,P,BHZ
smi:fi.isuh/event/1491201,2025-01-04 11:07:19.120000,FN,OLKF,S,BHZ
smi:fi.isuh/event/1491201,2025-01-04 11:07:04.880000,HE,KU6,P,BHZ
smi:fi.isuh/event/1491201,2025-01-04 11:07:28.040000,HE,KU6,S,BHZ
smi:fi.isuh/event/1491201,2025-01-04 11:07:13.160000,HE,KU1,P,BHZ
smi:fi.isuh/event/1491201,2025-01-04 11:07:13.500000,HE,KU2,P,BHZ
smi:fi.isuh/event/1491201,2025-01-04 11:07:14.400000,FN,RANF,P,BHZ
smi:fi.isuh/event/1491201,2025-01-04 11:07:41.920000,FN,RANF,S,BHZ
smi:fi.isuh/event/1491201,2025-01-04 11:07:19.120000,FN,KLF,P,BHZ
smi:fi.isuh/event/1491201,2025-01-04 11:07:53.360000,FN,KLF,S,BHZ
smi:fi.isuh/event/1491201,2025-01-04 11:07:19.850000,HE,KEV,P,BHZ
smi:fi.isuh/event/1491201,2025-01-04 11:07:53.000000,HE,KEV,S,BHZ
smi:fi.isuh/event/1491201,2025-01-04 11:07:21.680000,HE,HEF,P,BHZ
smi:fi.isuh/event/1491201,2025-01-04 11:07:58.400000,HE,HEF,S,BHZ
smi:fi.isuh/event/1491201,2025-01-04 11:07:22.920000,HE,TOF,P,BHZ
smi:fi.isuh/event/1491201,2025-01-04 11:08:03.240000,HE,TOF,S,BHZ
smi:fi.isuh/event/1491201,2025-01-04 11:07:31.300000,HE,RMF,P,BHZ
smi:fi.isuh/event/1491201,2025-01-04 11:07:34.000000,HE,OBF3,P,BHZ
smi:fi.isuh/event/1491201,2025-01-04 11:07:37.880000,HE,KIF,P,BHZ
smi:fi.isuh/event/1491201,2025-01-04 11:07:38.380000,HE,OUF,P,BHZ
smi:fi.isuh/event/1491201,2025-01-04 11:08:36.800000,HE,OUF,S,BHZ
smi:fi.isuh/event/1491201,2025-01-04 11:07:39.080000,HE,OBF0,P,BHZ
smi:fi.isuh/event/1491202,2025-01-04 13:15:16.120000,FN,KLF,P,BHZ
smi:fi.isuh/event/1491202,2025-01-04 13:15:20.740000,FN,KLF,S,BHZ
smi:fi.isuh/event/1491202,2025-01-04 13:15:28.880000,HE,HEF,P,BHZ
smi:fi.isuh/event/1491202,2025-01-04 13:15:38.280000,HE,HEF,S,BHZ
smi:fi.isuh/event/1491202,2025-01-04 13:15:35.920000,HE,TOF,P,BHZ
smi:fi.isuh/event/1491202,2025-01-04 13:15:54.680000,HE,TOF,S,BHZ
smi:fi.isuh/event/1491202,2025-01-04 13:15:44.540000,HE,KIF,P,BHZ
smi:fi.isuh/event/1491202,2025-01-04 13:16:08.960000,HE,KIF,S,BHZ
smi:fi.isuh/event/1491202,2025-01-04 13:15:45.720000,FN,RANF,P,BHZ
smi:fi.isuh/event/1491202,2025-01-04 13:16:11.760000,FN,RANF,S,BHZ
smi:fi.isuh/event/1491202,2025-01-04 13:15:47.730000,FN,RAJF,P,BHZ
smi:fi.isuh/event/1491202,2025-01-04 13:16:17.000000,FN,RAJF,S,BHZ
smi:fi.isuh/event/1491202,2025-01-04 13:15:52.780000,HE,VRF,P,BHZ
smi:fi.isuh/event/1491202,2025-01-04 13:16:24.520000,HE,VRF,S,BHZ
smi:fi.isuh/event/1491202,2025-01-04 13:15:56.540000,HE,KU2,P,BHZ
smi:fi.isuh/event/1491202,2025-01-04 13:15:55.380000,FN,OLKF,P,BHZ
smi:fi.isuh/event/1491202,2025-01-04 13:16:31.760000,FN,OLKF,S,BHZ
smi:fi.isuh/event/1491202,2025-01-04 13:15:56.180000,HE,OBF3,P,BHZ
smi:fi.isuh/event/1491202,2025-01-04 13:16:33.920000,HE,OBF3,S,BHZ
smi:fi.isuh/event/1491202,2025-01-04 13:15:55.570000,HE,KEV,P,BHZ
smi:fi.isuh/event/1491202,2025-01-04 13:16:30.360000,HE,KEV,S,BHZ
smi:fi.isuh/event/1491202,2025-01-04 13:15:59.430000,HE,KU6,P,BHZ
smi:fi.isuh/event/1491202,2025-01-04 13:16:36.480000,HE,KU6,S,BHZ
smi:fi.isuh/event/1491202,2025-01-04 13:16:01.580000,HE,KU1,P,BHZ
smi:fi.isuh/event/1491202,2025-01-04 13:16:39.160000,HE,KU1,S,BHZ
smi:fi.isuh/event/1491202,2025-01-04 13:16:03.080000,HE,OUF,P,BHZ
smi:fi.isuh/event/1491202,2025-01-04 13:16:41.000000,HE,OUF,S,BHZ
smi:fi.isuh/event/1491203,2025-01-04 20:18:19.760000,HE,VRF,P,BHZ
smi:fi.isuh/event/1491203,2025-01-04 20:18:39.920000,HE,VRF,S,BHZ
smi:fi.isuh/event/1491203,2025-01-04 20:18:30.080000,FN,OLKF,P,BHZ
smi:fi.isuh/event/1491203,2025-01-04 20:18:59.800000,FN,OLKF,S,BHZ
smi:fi.isuh/event/1491203,2025-01-04 20:18:29.380000,FN,RAJF,P,BHZ
smi:fi.isuh/event/1491203,2025-01-04 20:18:58.040000,FN,RAJF,S,BHZ
smi:fi.isuh/event/1491203,2025-01-04 20:18:31.360000,HE,KU6,P,BHZ
smi:fi.isuh/event/1491203,2025-01-04 20:19:00.200000,HE,KU6,S,BHZ
smi:fi.isuh/event/1491203,2025-01-04 20:18:39.900000,HE,KU1,P,BHZ
smi:fi.isuh/event/1491203,2025-01-04 20:18:43.160000,HE,KU2,P,BHZ
smi:fi.isuh/event/1491203,2025-01-04 20:18:47.080000,FN,RANF,P,BHZ
smi:fi.isuh/event/1491203,2025-01-04 20:19:30.800000,FN,RANF,S,BHZ
smi:fi.isuh/event/1491203,2025-01-04 20:18:43.680000,HE,KEV,P,BHZ
smi:fi.isuh/event/1491203,2025-01-04 20:19:22.200000,HE,KEV,S,BHZ
smi:fi.isuh/event/1491203,2025-01-04 20:18:59.480000,FN,KLF,P,BHZ
smi:fi.isuh/event/1491203,2025-01-04 20:19:48.240000,FN,KLF,S,BHZ
smi:fi.isuh/event/1491203,2025-01-04 20:19:04.600000,HE,TOF,P,BHZ
smi:fi.isuh/event/1491054,2025-01-05 00:32:07.680000,HE,VRF,P,BHZ
smi:fi.isuh/event/1491054,2025-01-05 00:32:28.260000,HE,VRF,S,BHZ
smi:fi.isuh/event/1491054,2025-01-05 00:32:18.200000,FN,OLKF,P,BHZ
smi:fi.isuh/event/1491054,2025-01-05 00:32:47.180000,FN,OLKF,S,BHZ
smi:fi.isuh/event/1491054,2025-01-05 00:32:18.320000,HE,KU6,P,BHZ
smi:fi.isuh/event/1491054,2025-01-05 00:32:47.160000,HE,KU6,S,BHZ
smi:fi.isuh/event/1491054,2025-01-05 00:32:17.300000,FN,RAJF,P,BHZ
smi:fi.isuh/event/1491054,2025-01-05 00:32:45.300000,FN,RAJF,S,BHZ
smi:fi.isuh/event/1491054,2025-01-05 00:32:34.480000,FN,RANF,P,BHZ
smi:fi.isuh/event/1491054,2025-01-05 00:33:16.200000,FN,RANF,S,BHZ
smi:fi.isuh/event/1491054,2025-01-05 00:32:31.200000,HE,KEV,P,BHZ
smi:fi.isuh/event/1491054,2025-01-05 00:33:09.660000,HE,KEV,S,BHZ
smi:fi.isuh/event/1491054,2025-01-05 00:33:26.560000,HE,HEF,S,BHZ
smi:fi.isuh/event/1491057,2025-01-05 00:33:37.240000,HE,VRF,S,BHZ
smi:fi.isuh/event/1491057,2025-01-05 00:33:27.080000,FN,OLKF,P,BHZ
smi:fi.isuh/event/1491057,2025-01-05 00:33:55.360000,FN,OLKF,S,BHZ
smi:fi.isuh/event/1491057,2025-01-05 00:33:27.160000,FN,RAJF,P,BHZ
smi:fi.isuh/event/1491057,2025-01-05 00:33:53.580000,FN,RAJF,S,BHZ
smi:fi.isuh/event/1491057,2025-01-05 00:33:27.440000,HE,KU6,P,BHZ
smi:fi.isuh/event/1491057,2025-01-05 00:33:56.280000,HE,KU6,S,BHZ
smi:fi.isuh/event/1491057,2025-01-05 00:34:18.180000,HE,KU2,S,BHZ
smi:fi.isuh/event/1491057,2025-01-05 00:33:43.360000,FN,RANF,P,BHZ
smi:fi.isuh/event/1491057,2025-01-05 00:34:24.680000,FN,RANF,S,BHZ
smi:fi.isuh/event/1491057,2025-01-05 00:34:18.680000,HE,KEV,S,BHZ
smi:fi.isuh/event/1491057,2025-01-05 00:33:56.480000,FN,KLF,P,BHZ
smi:fi.isuh/event/1491057,2025-01-05 00:34:45.480000,FN,KLF,S,BHZ
smi:fi.isuh/event/1491057,2025-01-05 00:34:34.020000,HE,HEF,S,BHZ
smi:fi.isuh/event/1491057,2025-01-05 00:34:00.960000,HE,TOF,P,BHZ
smi:fi.isuh/event/1491057,2025-01-05 00:34:39.320000,HE,TOF,S,BHZ
smi:fi.isuh/event/1491058,2025-01-05 16:09:28.930000,FN,RAJF,P,BHZ
smi:fi.isuh/event/1491058,2025-01-05 16:09:44.960000,FN,RAJF,S,BHZ
smi:fi.isuh/event/1491058,2025-01-05 16:09:30.360000,HE,KEV,P,BHZ
smi:fi.isuh/event/1491058,2025-01-05 16:09:48.000000,HE,KEV,S,BHZ
smi:fi.isuh/event/1491058,2025-01-05 16:09:58.240000,HE,VRF,S,BHZ
smi:fi.isuh/event/1491058,2025-01-05 16:09:54.700000,HE,HEF,P,BHZ
smi:fi.isuh/event/1491058,2025-01-05 16:10:28.000000,HE,HEF,S,BHZ
smi:fi.isuh/event/1491058,2025-01-05 16:10:48.320000,FN,KLF,S,BHZ
smi:fi.isuh/event/1491043,2025-01-05 16:48:12.630000,HE,HEF,P,BHZ
smi:fi.isuh/event/1491043,2025-01-05 16:48:23.000000,HE,HEF,S,BHZ
smi:fi.isuh/event/1491043,2025-01-05 16:48:13.800000,FN,KLF,P,BHZ
smi:fi.isuh/event/1491043,2025-01-05 16:48:25.560000,FN,KLF,S,BHZ
smi:fi.isuh/event/1491043,2025-01-05 16:48:37.820000,FN,RAJF,S,BHZ
smi:fi.isuh/event/1491043,2025-01-05 16:48:27.400000,HE,VRF,P,BHZ
smi:fi.isuh/event/1491043,2025-01-05 16:48:57.280000,HE,TOF,S,BHZ
smi:fi.isuh/event/1491043,2025-01-05 16:48:32.500000,HE,KEV,P,BHZ
smi:fi.isuh/event/1491043,2025-01-05 16:48:56.920000,HE,KEV,S,BHZ
smi:fi.isuh/event/1491043,2025-01-05 16:48:33.160000,FN,RANF,P,BHZ
smi:fi.isuh/event/1491043,2025-01-05 16:48:59.260000,FN,RANF,S,BHZ
smi:fi.isuh/event/1491043,2025-01-05 16:49:00.440000,HE,KIF,S,BHZ
smi:fi.isuh/event/1491043,2025-01-05 16:49:06.920000,FN,OLKF,S,BHZ
smi:fi.isuh/event/1491061,2025-01-05 20:05:36.360000,HE,VRF,P,BHZ
smi:fi.isuh/event/1491061,2025-01-05 20:05:55.960000,HE,VRF,S,BHZ
smi:fi.isuh/event/1491061,2025-01-05 20:05:46.120000,FN,OLKF,P,BHZ
smi:fi.isuh/event/1491061,2025-01-05 20:06:15.240000,FN,OLKF,S,BHZ
smi:fi.isuh/event/1491061,2025-01-05 20:05:45.180000,FN,RAJF,P,BHZ
smi:fi.isuh/event/1491061,2025-01-05 20:06:14.200000,FN,RAJF,S,BHZ
smi:fi.isuh/event/1491061,2025-01-05 20:05:46.820000,HE,KU6,P,BHZ
smi:fi.isuh/event/1491061,2025-01-05 20:06:16.640000,HE,KU6,S,BHZ
smi:fi.isuh/event/1491061,2025-01-05 20:06:02.960000,FN,RANF,P,BHZ
smi:fi.isuh/event/1491061,2025-01-05 20:05:59.680000,HE,KEV,P,BHZ
smi:fi.isuh/event/1491062,2025-01-05 20:14:43.440000,HE,VRF,P,BHZ
smi:fi.isuh/event/1491062,2025-01-05 20:15:02.760000,HE,VRF,S,BHZ
smi:fi.isuh/event/1491062,2025-01-05 20:14:52.960000,FN,OLKF,P,BHZ
smi:fi.isuh/event/1491062,2025-01-05 20:15:21.240000,FN,OLKF,S,BHZ
smi:fi.isuh/event/1491062,2025-01-05 20:15:19.520000,FN,RAJF,S,BHZ
smi:fi.isuh/event/1491062,2025-01-05 20:14:54.080000,HE,KU6,P,BHZ
smi:fi.isuh/event/1491062,2025-01-05 20:15:24.600000,HE,KU6,S,BHZ
smi:fi.isuh/event/1491062,2025-01-05 20:15:09.400000,FN,RANF,P,BHZ
smi:fi.isuh/event/1491062,2025-01-05 20:15:57.200000,HE,KEV,S,BHZ
smi:fi.isuh/event/1491062,2025-01-05 20:16:10.160000,FN,KLF,S,BHZ
smi:fi.isuh/event/1491062,2025-01-05 20:16:14.400000,HE,HEF,S,BHZ
smi:fi.isuh/event/1491320,2025-01-06 16:45:05.920000,HE,HEF,S,BHZ
smi:fi.isuh/event/1491320,2025-01-06 16:44:56.780000,FN,KLF,P,BHZ
smi:fi.isuh/event/1491320,2025-01-06 16:45:08.640000,FN,KLF,S,BHZ
smi:fi.isuh/event/1491320,2025-01-06 16:45:18.680000,FN,RAJF,S,BHZ
smi:fi.isuh/event/1491320,2025-01-06 16:45:29.640000,HE,VRF,S,BHZ
smi:fi.isuh/event/1491320,2025-01-06 16:45:15.040000,HE,KEV,P,BHZ
smi:fi.isuh/event/1491320,2025-01-06 16:45:39.500000,HE,KEV,S,BHZ
smi:fi.isuh/event/1491320,2025-01-06 16:45:15.400000,FN,RANF,P,BHZ
smi:fi.isuh/event/1491320,2025-01-06 16:45:41.720000,FN,RANF,S,BHZ
smi:fi.isuh/event/1491320,2025-01-06 16:45:42.640000,HE,KIF,S,BHZ
smi:fi.isuh/event/1491286,2025-01-07 11:32:34.366230,HE,ALAJF,S,?HZ
smi:fi.isuh/event/1491286,2025-01-07 11:32:31.992430,HE,SUF,P,BHZ
smi:fi.isuh/event/1491286,2025-01-07 11:32:42.055820,HE,SUF,S,BHZ
smi:fi.isuh/event/1491286,2025-01-07 11:32:37.920980,HE,OUF,P,BHZ
smi:fi.isuh/event/1491286,2025-01-07 11:32:51.915110,HE,OUF,S,BHZ
smi:fi.isuh/event/1491286,2025-01-07 11:32:39.058930,HE,VAF,P,BHZ
smi:fi.isuh/event/1491286,2025-01-07 11:32:53.755410,HE,VAF,S,BHZ
smi:fi.isuh/event/1491286,2025-01-07 11:32:39.156870,HE,KEF,P,?HZ
smi:fi.isuh/event/1491286,2025-01-07 11:32:54.240420,HE,KEF,S,?HZ
smi:fi.isuh/event/1491286,2025-01-07 11:32:40.303480,HE,NIF,P,BHZ
smi:fi.isuh/event/1491286,2025-01-07 11:32:56.302380,HE,NIF,S,BHZ
smi:fi.isuh/event/1491286,2025-01-07 11:32:41.502250,HE,OBF0,P,BHZ
smi:fi.isuh/event/1491286,2025-01-07 11:32:58.047230,HE,OBF0,S,BHZ
smi:fi.isuh/event/1491286,2025-01-07 11:32:42.216630,HE,KAF,P,?HZ
smi:fi.isuh/event/1491286,2025-01-07 11:32:59.336010,HE,KAF,S,?HZ
smi:fi.isuh/event/1491286,2025-01-07 11:32:45.869210,HE,OBF3,P,BHZ
smi:fi.isuh/event/1491286,2025-01-07 11:33:05.273100,HE,OBF3,S,BHZ
smi:fi.isuh/event/1491286,2025-01-07 11:32:49.551150,HE,TRE03,P,CZ
smi:fi.isuh/event/1491286,2025-01-07 11:33:11.910770,HE,TRE03,S,CZ
smi:fi.isuh/event/1491286,2025-01-07 11:32:52.590900,HE,FIA1,P,?HZ
smi:fi.isuh/event/1491286,2025-01-07 11:33:17.764310,HE,FIA1,S,?HZ
smi:fi.isuh/event/1491286,2025-01-07 11:32:52.590900,HE,FIA0,P,?HZ
smi:fi.isuh/event/1491286,2025-01-07 11:33:17.764310,HE,FIA0,S,?HZ
smi:fi.isuh/event/1491286,2025-01-07 11:32:54.453450,HE,KPF,P,BHZ
smi:fi.isuh/event/1491286,2025-01-07 11:33:20.759280,HE,KPF,S,BHZ
smi:fi.isuh/event/1491287,2025-01-07 12:43:12.333770,HE,KPF,P,BHZ
smi:fi.isuh/event/1491287,2025-01-07 12:43:16.149790,HE,KPF,S,BHZ
smi:fi.isuh/event/1491287,2025-01-07 12:43:17.175400,HE,RAF,P,BHZ
smi:fi.isuh/event/1491287,2025-01-07 12:43:24.627270,HE,RAF,S,BHZ
smi:fi.isuh/event/1491287,2025-01-07 12:43:28.169580,HE,TRE03,P,CZ
smi:fi.isuh/event/1491287,2025-01-07 12:43:43.079280,HE,TRE03,S,CZ
smi:fi.isuh/event/1491287,2025-01-07 12:43:33.373590,HE,KORF,P,CZ
smi:fi.isuh/event/1491287,2025-01-07 12:43:53.016890,HE,KORF,S,CZ
smi:fi.isuh/event/1491287,2025-01-07 12:43:34.938410,HE,VAF,P,BHZ
smi:fi.isuh/event/1491287,2025-01-07 12:43:54.640950,HE,VAF,S,BHZ
smi:fi.isuh/event/1491287,2025-01-07 12:43:35.525210,HE,KEF,P,?HZ
smi:fi.isuh/event/1491287,2025-01-07 12:43:55.924660,HE,KEF,S,?HZ
smi:fi.isuh/event/1491287,2025-01-07 12:43:36.372830,UP,AAL,P,BHZ
smi:fi.isuh/event/1491287,2025-01-07 12:43:58.969110,UP,AAL,S,BHZ
smi:fi.isuh/event/1491287,2025-01-07 12:43:37.676840,HE,ECKF,P,CZ
smi:fi.isuh/event/1491287,2025-01-07 12:44:00.961970,HE,ECKF,S,CZ
smi:fi.isuh/event/1491287,2025-01-07 12:43:41.050780,HE,MEF,P,BHZ
smi:fi.isuh/event/1491287,2025-01-07 12:44:05.040770,HE,MEF,S,BHZ
smi:fi.isuh/event/1491287,2025-01-07 12:43:41.067290,HE,TVF,P,BHZ
smi:fi.isuh/event/1491287,2025-01-07 12:44:05.144630,HE,TVF,S,BHZ
smi:fi.isuh/event/1491287,2025-01-07 12:43:41.197690,HE,ALAJF,P,?HZ
smi:fi.isuh/event/1491287,2025-01-07 12:44:05.248490,HE,ALAJF,S,?HZ
smi:fi.isuh/event/1491287,2025-01-07 12:43:43.632050,HE,FIA0,P,?HZ
smi:fi.isuh/event/1491287,2025-01-07 12:44:10.077970,HE,FIA0,S,?HZ
smi:fi.isuh/event/1491287,2025-01-07 12:43:43.632050,HE,FIA1,P,?HZ
smi:fi.isuh/event/1491287,2025-01-07 12:44:10.077970,HE,FIA1,S,?HZ
smi:fi.isuh/event/1491287,2025-01-07 12:43:44.914140,HE,VUOS,P,BHZ
smi:fi.isuh/event/1491287,2025-01-07 12:44:13.661130,HE,VUOS,S,BHZ
smi:fi.isuh/event/1491287,2025-01-07 12:43:46.283360,HE,KAF,P,?HZ
smi:fi.isuh/event/1491287,2025-01-07 12:44:14.543940,HE,KAF,S,?HZ
smi:fi.isuh/event/1491282,2025-01-07 12:57:55.430000,HE,MEF,P,BHZ
smi:fi.isuh/event/1491282,2025-01-07 12:57:55.880000,HE,MEF,S,BHZ
smi:fi.isuh/event/1491282,2025-01-07 12:57:55.400000,HE,HEL5,P,BHZ
smi:fi.isuh/event/1491282,2025-01-07 12:57:57.000000,HE,HEL5,S,BHZ
smi:fi.isuh/event/1491282,2025-01-07 12:57:56.930000,HE,LAUT,P,BHZ
smi:fi.isuh/event/1491282,2025-01-07 12:57:58.880000,HE,LAUT,S,BHZ
smi:fi.isuh/event/1491282,2025-01-07 12:57:56.880000,HE,HEL1,P,BHZ
smi:fi.isuh/event/1491282,2025-01-07 12:57:59.080000,HE,HEL1,S,BHZ
smi:fi.isuh/event/1491282,2025-01-07 12:57:57.940000,HE,KUNI,P,BHZ
smi:fi.isuh/event/1491282,2025-01-07 12:57:59.910000,HE,VUOS,P,BHZ
smi:fi.isuh/event/1491282,2025-01-07 12:58:08.430000,HE,PVF,P,BHZ
smi:fi.isuh/event/1491282,2025-01-07 12:58:23.900000,HE,FIA0,P,SHZ
smi:fi.isuh/event/1491289,2025-01-07 14:26:32.917540,HE,RAF,P,BHZ
smi:fi.isuh/event/1491289,2025-01-07 14:26:38.789190,HE,RAF,S,BHZ
smi:fi.isuh/event/1491289,2025-01-07 14:26:38.171230,HE,KPF,P,BHZ
smi:fi.isuh/event/1491289,2025-01-07 14:26:47.453120,HE,KPF,S,BHZ
smi:fi.isuh/event/1491289,2025-01-07 14:26:41.562290,HE,TRE03,P,CZ
smi:fi.isuh/event/1491289,2025-01-07 14:26:53.212900,HE,TRE03,S,CZ
smi:fi.isuh/event/1491289,2025-01-07 14:26:46.641210,HE,KORF,P,CZ
smi:fi.isuh/event/1491289,2025-01-07 14:27:01.963270,HE,KORF,S,CZ
smi:fi.isuh/event/1491289,2025-01-07 14:26:48.612730,HE,MEF,P,BHZ
smi:fi.isuh/event/1491289,2025-01-07 14:27:05.230490,HE,MEF,S,BHZ
smi:fi.isuh/event/1491289,2025-01-07 14:26:50.042090,HE,TVF,P,BHZ
smi:fi.isuh/event/1491289,2025-01-07 14:27:07.139140,HE,TVF,S,BHZ
smi:fi.isuh/event/1491289,2025-01-07 14:26:51.668600,HE,KEF,P,?HZ
smi:fi.isuh/event/1491289,2025-01-07 14:27:11.089120,HE,KEF,S,?HZ
smi:fi.isuh/event/1491289,2025-01-07 14:27:13.990190,HE,VUOS,S,BHZ
smi:fi.isuh/event/1491289,2025-01-07 14:26:54.428730,UP,AAL,P,BHZ
smi:fi.isuh/event/1491289,2025-01-07 14:27:16.540790,UP,AAL,S,BHZ
smi:fi.isuh/event/1491289,2025-01-07 14:26:55.858090,HE,FIA0,P,?HZ
smi:fi.isuh/event/1491289,2025-01-07 14:27:17.876510,HE,FIA0,S,?HZ
smi:fi.isuh/event/1491289,2025-01-07 14:26:55.858090,HE,FIA1,P,?HZ
smi:fi.isuh/event/1491289,2025-01-07 14:27:17.876510,HE,FIA1,S,?HZ
smi:fi.isuh/event/1491289,2025-01-07 14:26:55.562360,HE,PVF,P,CZ
smi:fi.isuh/event/1491289,2025-01-07 14:27:17.994700,HE,PVF,S,CZ
smi:fi.isuh/event/1491289,2025-01-07 14:26:56.695990,HE,ECKF,P,CZ
smi:fi.isuh/event/1491289,2025-01-07 14:27:19.885700,HE,ECKF,S,CZ
smi:fi.isuh/event/1491289,2025-01-07 14:26:59.262220,HE,VAF,P,BHZ
smi:fi.isuh/event/1491289,2025-01-07 14:27:22.958560,HE,VAF,S,BHZ
smi:fi.isuh/event/1491289,2025-01-07 14:26:59.505410,HE,LOVF,P,CZ
smi:fi.isuh/event/1491289,2025-01-07 14:27:25.095930,HE,LOVF,S,CZ
smi:fi.isuh/event/1491289,2025-01-07 14:27:00.688330,HE,KAF,P,?HZ
smi:fi.isuh/event/1491289,2025-01-07 14:27:27.331710,HE,KAF,S,?HZ
smi:fi.isuh/event/1491289,2025-01-07 14:27:02.220490,HE,ALAJF,P,?HZ
smi:fi.isuh/event/1491289,2025-01-07 14:27:29.813420,HE,ALAJF,S,?HZ
smi:fi.isuh/event/1491289,2025-01-07 14:27:03.399180,HE,KY17,P,CZ
smi:fi.isuh/event/1491289,2025-01-07 14:27:32.177160,HE,KY17,S,CZ
smi:fi.isuh/event/1491285,2025-01-07 16:06:20.480000,FN,RAJF,P,BHZ
smi:fi.isuh/event/1491285,2025-01-07 16:06:36.060000,FN,RAJF,S,BHZ
smi:fi.isuh/event/1491285,2025-01-07 16:06:21.900000,HE,KEV,P,BHZ
smi:fi.isuh/event/1491285,2025-01-07 16:06:39.520000,HE,KEV,S,BHZ
smi:fi.isuh/event/1491285,2025-01-07 16:06:50.280000,HE,VRF,S,BHZ
smi:fi.isuh/event/1491285,2025-01-07 16:07:19.680000,HE,HEF,S,BHZ
smi:fi.isuh/event/1491285,2025-01-07 16:07:46.380000,HE,KIF,S,BHZ
smi:fi.isuh/event/1491436,2025-01-08 09:05:59.880000,HE,TOF,P,BHZ
smi:fi.isuh/event/1491436,2025-01-08 09:06:18.120000,HE,TOF,S,BHZ
smi:fi.isuh/event/1491436,2025-01-08 09:06:08.820000,HE,OBF3,P,BHZ
smi:fi.isuh/event/1491436,2025-01-08 09:06:31.060000,HE,OBF3,S,BHZ
smi:fi.isuh/event/1491436,2025-01-08 09:06:08.740000,HE,OBF8,P,BHZ
smi:fi.isuh/event/1491436,2025-01-08 09:06:26.550000,HE,OBF8,S,BHZ
smi:fi.isuh/event/1491436,2025-01-08 09:06:10.480000,HE,OBF0,P,BHZ
smi:fi.isuh/event/1491436,2025-01-08 09:06:10.840000,FN,KLF,P,BHZ
smi:fi.isuh/event/1491436,2025-01-08 09:06:35.160000,FN,KLF,S,BHZ
smi:fi.isuh/event/1491436,2025-01-08 09:06:14.680000,HE,OUF,P,BHZ
smi:fi.isuh/event/1491436,2025-01-08 09:06:16.480000,FN,RANF,P,BHZ
smi:fi.isuh/event/1491436,2025-01-08 09:06:43.320000,FN,RANF,S,BHZ
smi:fi.isuh/event/1491436,2025-01-08 09:06:26.680000,HE,KU2,P,BHZ
smi:fi.isuh/event/1491436,2025-01-08 09:07:01.940000,HE,KU2,S,BHZ
smi:fi.isuh/event/1491436,2025-01-08 09:06:27.430000,HE,VAF,P,BHZ
smi:fi.isuh/event/1491436,2025-01-08 09:07:16.120000,FN,OLKF,S,BHZ
smi:fi.isuh/event/1491436,2025-01-08 09:06:32.840000,HE,KU1,P,BHZ
smi:fi.isuh/event/1491434,2025-01-08 09:49:43.234610,HE,KY17,P,CZ
smi:fi.isuh/event/1491434,2025-01-08 09:49:46.234230,HE,KY17,S,CZ
smi:fi.isuh/event/1491434,2025-01-08 09:49:43.361620,HE,KY02,P,CZ
smi:fi.isuh/event/1491434,2025-01-08 09:49:46.488440,HE,KY02,S,CZ
smi:fi.isuh/event/1491434,2025-01-08 09:49:46.234230,HE,VJF,P,?HZ
smi:fi.isuh/event/1491434,2025-01-08 09:49:51.521700,HE,VJF,S,?HZ
smi:fi.isuh/event/1491434,2025-01-08 09:49:46.488440,HE,LOVF,P,CZ
smi:fi.isuh/event/1491434,2025-01-08 09:49:51.826750,HE,LOVF,S,CZ
smi:fi.isuh/event/1491434,2025-01-08 09:49:48.674600,HE,PVF,P,CZ
smi:fi.isuh/event/1491434,2025-01-08 09:49:55.588980,HE,PVF,S,CZ
smi:fi.isuh/event/1491434,2025-01-08 09:49:53.962070,HE,FIA0,P,?HZ
smi:fi.isuh/event/1491434,2025-01-08 09:50:04.718500,HE,FIA0,S,?HZ
smi:fi.isuh/event/1491434,2025-01-08 09:49:53.962070,HE,FIA1,P,?HZ
smi:fi.isuh/event/1491434,2025-01-08 09:50:04.718500,HE,FIA1,S,?HZ
smi:fi.isuh/event/1491434,2025-01-08 09:49:57.304510,HE,VUOS,P,BHZ
smi:fi.isuh/event/1491434,2025-01-08 09:50:10.482850,HE,VUOS,S,BHZ
smi:fi.isuh/event/1491434,2025-01-08 09:50:13.643800,HE,NUR,S,SHZ
smi:fi.isuh/event/1491434,2025-01-08 09:50:14.960990,HE,LAUT,S,BHZ
smi:fi.isuh/event/1491434,2025-01-08 09:50:01.307890,HE,HEL5,P,BHZ
smi:fi.isuh/event/1491434,2025-01-08 09:50:16.733180,HE,HEL5,S,BHZ
smi:fi.isuh/event/1491434,2025-01-08 09:50:01.182490,HE,RUF,P,BHZ
smi:fi.isuh/event/1491434,2025-01-08 09:50:17.211480,HE,RUF,S,BHZ
smi:fi.isuh/event/1491434,2025-01-08 09:50:03.101530,HE,MEF,P,BHZ
smi:fi.isuh/event/1491434,2025-01-08 09:50:20.081300,HE,MEF,S,BHZ
smi:fi.isuh/event/1491434,2025-01-08 09:50:04.686980,HE,KAF,P,?HZ
smi:fi.isuh/event/1491434,2025-01-08 09:50:22.831550,HE,KAF,S,?HZ
smi:fi.isuh/event/1491434,2025-01-08 09:50:09.797780,HE,KEF,P,?HZ
smi:fi.isuh/event/1491434,2025-01-08 09:50:32.397620,HE,KEF,S,?HZ
smi:fi.isuh/event/1491434,2025-01-08 09:50:40.190780,HE,TVF,S,BHZ
smi:fi.isuh/event/1491434,2025-01-08 09:50:41.485380,HE,SUF,S,BHZ
smi:fi.isuh/event/1491434,2025-01-08 09:50:55.022170,HE,RAF,S,BHZ
smi:fi.isuh/event/1491434,2025-01-08 09:50:56.672660,HE,KPF,S,BHZ
smi:fi.isuh/event/1491521,2025-01-08 10:02:27.595280,HE,MEF,P,BHZ
smi:fi.isuh/event/1491521,2025-01-08 10:02:31.538880,HE,MEF,S,BHZ
smi:fi.isuh/event/1491521,2025-01-08 10:02:29.302950,HE,HEL5,P,BHZ
smi:fi.isuh/event/1491521,2025-01-08 10:02:34.088420,HE,HEL5,S,BHZ
smi:fi.isuh/event/1491521,2025-01-08 10:02:29.223330,HE,TVF,P,BHZ
smi:fi.isuh/event/1491521,2025-01-08 10:02:34.832110,HE,TVF,S,BHZ
smi:fi.isuh/event/1491521,2025-01-08 10:02:35.533210,HE,LAUT,S,BHZ
smi:fi.isuh/event/1491521,2025-01-08 10:02:40.900340,HE,PVF,P,CZ
smi:fi.isuh/event/1491521,2025-01-08 10:02:54.651240,HE,PVF,S,CZ
smi:fi.isuh/event/1491521,2025-01-08 10:02:45.348580,HE,KORF,P,CZ
smi:fi.isuh/event/1491521,2025-01-08 10:03:01.707530,HE,KORF,S,CZ
smi:fi.isuh/event/1491521,2025-01-08 10:02:49.583850,HE,RAF,P,BHZ
smi:fi.isuh/event/1491521,2025-01-08 10:03:10.225630,HE,RAF,S,BHZ
smi:fi.isuh/event/1493589,2025-01-08 10:42:35.770000,HE,LOVF,P,CZ
smi:fi.isuh/event/1493589,2025-01-08 10:42:38.490000,HE,LOVF,S,CZ
smi:fi.isuh/event/1493589,2025-01-08 10:42:39.590000,HE,PVF,P,CZ
smi:fi.isuh/event/1493589,2025-01-08 10:42:45.100000,HE,PVF,S,CZ
smi:fi.isuh/event/1493589,2025-01-08 10:42:40.070000,HE,VJF,P,?HZ
smi:fi.isuh/event/1493589,2025-01-08 10:42:45.870000,HE,VJF,S,?HZ
smi:fi.isuh/event/1493589,2025-01-08 10:42:40.790000,HE,KY02,P,CZ
smi:fi.isuh/event/1493589,2025-01-08 10:42:47.210000,HE,KY02,S,CZ
smi:fi.isuh/event/1493589,2025-01-08 10:42:41.000000,HE,KY17,P,CZ
smi:fi.isuh/event/1493589,2025-01-08 10:42:47.500000,HE,KY17,S,CZ
smi:fi.isuh/event/1493589,2025-01-08 10:42:47.030000,HE,VUOS,P,BHZ
smi:fi.isuh/event/1493589,2025-01-08 10:42:57.450000,HE,VUOS,S,BHZ
smi:fi.isuh/event/1493589,2025-01-08 10:42:48.550000,HE,KUNI,P,BHZ
smi:fi.isuh/event/1493589,2025-01-08 10:42:59.900000,HE,KUNI,S,BHZ
smi:fi.isuh/event/1493589,2025-01-08 10:42:48.850000,HE,RSUO,P,BHZ
smi:fi.isuh/event/1493589,2025-01-08 10:43:00.550000,HE,RSUO,S,BHZ
smi:fi.isuh/event/1493589,2025-01-08 10:42:49.300000,HE,HEL1,P,BHZ
smi:fi.isuh/event/1493589,2025-01-08 10:43:01.280000,HE,HEL1,S,BHZ
smi:fi.isuh/event/1493589,2025-01-08 10:42:49.870000,HE,LAUT,P,BHZ
smi:fi.isuh/event/1493589,2025-01-08 10:43:02.180000,HE,LAUT,S,BHZ
smi:fi.isuh/event/1493589,2025-01-08 10:42:50.270000,HE,FIA0,P,?HZ
smi:fi.isuh/event/1493589,2025-01-08 10:43:03.320000,HE,FIA0,S,?HZ
smi:fi.isuh/event/1493589,2025-01-08 10:42:50.330000,HE,NUR,P,SHZ
smi:fi.isuh/event/1493589,2025-01-08 10:43:03.490000,HE,NUR,S,SHZ
smi:fi.isuh/event/1493589,2025-01-08 10:42:50.270000,HE,FIA1,P,?HZ
smi:fi.isuh/event/1493589,2025-01-08 10:43:03.320000,HE,FIA1,S,?HZ
smi:fi.isuh/event/1493589,2025-01-08 10:42:51.060000,HE,HEL5,P,BHZ
smi:fi.isuh/event/1493589,2025-01-08 10:43:04.300000,HE,HEL5,S,BHZ
smi:fi.isuh/event/1493589,2025-01-08 10:42:53.270000,HE,MEF,P,BHZ
smi:fi.isuh/event/1493589,2025-01-08 10:43:08.380000,HE,MEF,S,BHZ
smi:fi.isuh/event/1493589,2025-01-08 10:42:57.860000,HE,RUF,P,BHZ
smi:fi.isuh/event/1493589,2025-01-08 10:43:17.110000,HE,RUF,S,BHZ
smi:fi.isuh/event/1493589,2025-01-08 10:43:01.280000,HE,KAF,P,?HZ
smi:fi.isuh/event/1493589,2025-01-08 10:43:22.840000,HE,KAF,S,?HZ
smi:fi.isuh/event/1493589,2025-01-08 10:43:01.720000,HE,TRE03,P,CZ
smi:fi.isuh/event/1493589,2025-01-08 10:43:23.190000,HE,TRE03,S,CZ
smi:fi.isuh/event/1493589,2025-01-08 10:43:04.480000,HE,TVF,P,BHZ
smi:fi.isuh/event/1493589,2025-01-08 10:43:28.440000,HE,TVF,S,BHZ
smi:fi.isuh/event/1493589,2025-01-08 10:43:05.670000,HE,KEF,P,?HZ
smi:fi.isuh/event/1493589,2025-01-08 10:43:30.350000,HE,KEF,S,?HZ
smi:fi.isuh/event/1491448,2025-01-08 12:01:56.180000,HE,NIF,P,BHZ
smi:fi.isuh/event/1491448,2025-01-08 12:02:05.360000,HE,NIF,S,BHZ
smi:fi.isuh/event/1491448,2025-01-08 12:01:58.080000,HE,RMF,P,BHZ
smi:fi.isuh/event/1491448,2025-01-08 12:02:09.880000,HE,OUF,P,BHZ
smi:fi.isuh/event/1491448,2025-01-08 12:02:29.540000,HE,OUF,S,BHZ
smi:fi.isuh/event/1491448,2025-01-08 12:02:11.480000,HE,KU1,P,BHZ
smi:fi.isuh/event/1491448,2025-01-08 12:02:31.900000,HE,KU1,S,BHZ
smi:fi.isuh/event/1491448,2025-01-08 12:02:12.080000,HE,KU2,P,BHZ
smi:fi.isuh/event/1491448,2025-01-08 12:02:33.900000,HE,KU2,S,BHZ
smi:fi.isuh/event/1491448,2025-01-08 12:02:12.480000,HE,OBF3,P,BHZ
smi:fi.isuh/event/1491448,2025-01-08 12:02:12.780000,HE,SUF,P,BHZ
smi:fi.isuh/event/1491448,2025-01-08 12:02:34.700000,HE,SUF,S,BHZ
smi:fi.isuh/event/1491448,2025-01-08 12:02:14.080000,HE,OBF0,P,BHZ
smi:fi.isuh/event/1491448,2025-01-08 12:02:36.840000,HE,OBF0,S,BHZ
smi:fi.isuh/event/1491448,2025-01-08 12:02:16.630000,HE,JOF,P,BHZ
smi:fi.isuh/event/1491448,2025-01-08 12:02:41.020000,HE,JOF,S,BHZ
smi:fi.isuh/event/1491448,2025-01-08 12:02:18.580000,FN,RANF,P,BHZ
smi:fi.isuh/event/1491448,2025-01-08 12:02:19.780000,HE,KU6,P,BHZ
smi:fi.isuh/event/1491448,2025-01-08 12:02:46.460000,HE,KU6,S,BHZ
smi:fi.isuh/event/1491448,2025-01-08 12:02:21.580000,HE,KAF,P,BHZ
smi:fi.isuh/event/1491448,2025-01-08 12:02:50.400000,HE,KAF,S,BHZ
smi:fi.isuh/event/1491448,2025-01-08 12:02:25.980000,HE,KEF,P,BHZ
smi:fi.isuh/event/1491448,2025-01-08 12:02:57.500000,HE,KEF,S,BHZ
smi:fi.isuh/event/1491448,2025-01-08 12:02:29.380000,HE,VAF,P,BHZ
smi:fi.isuh/event/1491448,2025-01-08 12:03:06.660000,HE,RUF,S,BHZ
smi:fi.isuh/event/1491451,2025-01-08 12:09:30.800000,HE,VRF,P,BHZ
smi:fi.isuh/event/1491451,2025-01-08 12:09:35.980000,HE,VRF,S,BHZ
smi:fi.isuh/event/1491451,2025-01-08 12:09:46.030000,FN,RAJF,P,BHZ
smi:fi.isuh/event/1491451,2025-01-08 12:10:01.960000,FN,RAJF,S,BHZ
smi:fi.isuh/event/1491451,2025-01-08 12:09:48.080000,FN,OLKF,P,BHZ
smi:fi.isuh/event/1491451,2025-01-08 12:10:06.040000,FN,OLKF,S,BHZ
smi:fi.isuh/event/1491451,2025-01-08 12:09:52.280000,HE,KU6,P,BHZ
smi:fi.isuh/event/1491451,2025-01-08 12:10:12.640000,HE,KU6,S,BHZ
smi:fi.isuh/event/1491451,2025-01-08 12:10:00.700000,HE,KU1,P,BHZ
smi:fi.isuh/event/1491451,2025-01-08 12:10:00.880000,HE,KU2,P,BHZ
smi:fi.isuh/event/1491451,2025-01-08 12:10:01.760000,FN,RANF,P,BHZ
smi:fi.isuh/event/1491451,2025-01-08 12:10:30.040000,FN,RANF,S,BHZ
smi:fi.isuh/event/1491451,2025-01-08 12:10:06.280000,FN,KLF,P,BHZ
smi:fi.isuh/event/1491451,2025-01-08 12:10:41.760000,FN,KLF,S,BHZ
smi:fi.isuh/event/1491451,2025-01-08 12:10:07.020000,HE,KEV,P,BHZ
smi:fi.isuh/event/1491451,2025-01-08 12:10:40.480000,HE,KEV,S,BHZ
smi:fi.isuh/event/1491451,2025-01-08 12:10:10.620000,HE,HEF,P,BHZ
smi:fi.isuh/event/1491451,2025-01-08 12:10:45.760000,HE,HEF,S,BHZ
smi:fi.isuh/event/1491451,2025-01-08 12:10:50.720000,HE,TOF,S,BHZ
smi:fi.isuh/event/1491451,2025-01-08 12:10:18.580000,HE,RMF,P,BHZ
smi:fi.isuh/event/1491451,2025-01-08 12:10:34.840000,HE,KIF,P,BHZ
smi:fi.isuh/event/1491441,2025-01-08 12:47:24.897500,HE,TRE03,P,CZ
smi:fi.isuh/event/1491441,2025-01-08 12:47:27.230200,HE,TRE03,S,CZ
smi:fi.isuh/event/1491441,2025-01-08 12:47:36.903980,HE,KEF,P,?HZ
smi:fi.isuh/event/1491441,2025-01-08 12:47:45.943030,HE,KEF,S,?HZ
smi:fi.isuh/event/1491441,2025-01-08 12:47:41.585470,HE,FIA0,P,?HZ
smi:fi.isuh/event/1491441,2025-01-08 12:47:54.094230,HE,FIA0,S,?HZ
smi:fi.isuh/event/1491441,2025-01-08 12:47:41.585470,HE,FIA1,P,?HZ
smi:fi.isuh/event/1491441,2025-01-08 12:47:54.094230,HE,FIA1,S,?HZ
smi:fi.isuh/event/1491441,2025-01-08 12:47:41.757300,HE,KPF,P,BHZ
smi:fi.isuh/event/1491441,2025-01-08 12:47:54.486750,HE,KPF,S,BHZ
smi:fi.isuh/event/1491441,2025-01-08 12:47:43.623870,HE,NUR,P,SHZ
smi:fi.isuh/event/1491441,2025-01-08 12:47:45.583600,HE,KAF,P,?HZ
smi:fi.isuh/event/1491441,2025-01-08 12:48:01.034520,HE,KAF,S,?HZ
smi:fi.isuh/event/1491441,2025-01-08 12:47:45.585870,HE,RAF,P,BHZ
smi:fi.isuh/event/1491441,2025-01-08 12:48:01.762460,HE,RAF,S,BHZ
smi:fi.isuh/event/1491441,2025-01-08 12:47:47.839850,HE,PVF,P,CZ
smi:fi.isuh/event/1491441,2025-01-08 12:48:05.252490,HE,PVF,S,CZ
smi:fi.isuh/event/1491441,2025-01-08 12:47:48.209360,HE,MEF,P,BHZ
smi:fi.isuh/event/1491441,2025-01-08 12:48:05.433120,HE,MEF,S,BHZ
smi:fi.isuh/event/1491441,2025-01-08 12:47:50.392330,HE,HEL5,P,BHZ
smi:fi.isuh/event/1491441,2025-01-08 12:48:09.419900,HE,HEL5,S,BHZ
smi:fi.isuh/event/1491441,2025-01-08 12:47:51.088460,HE,SUF,P,BHZ
smi:fi.isuh/event/1491441,2025-01-08 12:48:10.812160,HE,SUF,S,BHZ
smi:fi.isuh/event/1491441,2025-01-08 12:47:51.784590,HE,LOVF,P,CZ
smi:fi.isuh/event/1491441,2025-01-08 12:48:11.740330,HE,LOVF,S,CZ
smi:fi.isuh/event/1491441,2025-01-08 12:47:51.784590,HE,KY17,P,CZ
smi:fi.isuh/event/1491441,2025-01-08 12:48:12.204420,HE,KY17,S,CZ
smi:fi.isuh/event/1491441,2025-01-08 12:47:52.016630,HE,ALAJF,P,?HZ
smi:fi.isuh/event/1491441,2025-01-08 12:48:12.436460,HE,ALAJF,S,?HZ
smi:fi.isuh/event/1491441,2025-01-08 12:47:52.944810,HE,VAF,P,BHZ
smi:fi.isuh/event/1491441,2025-01-08 12:48:14.060770,HE,VAF,S,BHZ
smi:fi.isuh/event/1491441,2025-01-08 12:47:57.585680,HE,KORF,P,CZ
smi:fi.isuh/event/1491441,2025-01-08 12:48:22.182290,HE,KORF,S,CZ
smi:fi.isuh/event/1491459,2025-01-08 13:00:05.440630,HE,MEF,P,BHZ
smi:fi.isuh/event/1491459,2025-01-08 13:00:06.705560,HE,MEF,S,BHZ
smi:fi.isuh/event/1491459,2025-01-08 13:00:08.551760,HE,NUR,P,SHZ
smi:fi.isuh/event/1491459,2025-01-08 13:00:12.078660,HE,NUR,S,SHZ
smi:fi.isuh/event/1491459,2025-01-08 13:00:08.914240,HE,HEL5,P,BHZ
smi:fi.isuh/event/1491459,2025-01-08 13:00:12.555860,HE,HEL5,S,BHZ
smi:fi.isuh/event/1491459,2025-01-08 13:00:09.233180,HE,KUNI,P,BHZ
smi:fi.isuh/event/1491459,2025-01-08 13:00:13.284570,HE,KUNI,S,BHZ
smi:fi.isuh/event/1491459,2025-01-08 13:00:09.412010,HE,LAUT,P,BHZ
smi:fi.isuh/event/1491459,2025-01-08 13:00:13.611300,HE,LAUT,S,BHZ
smi:fi.isuh/event/1491459,2025-01-08 13:00:09.480940,HE,HEL1,P,BHZ
smi:fi.isuh/event/1491459,2025-01-08 13:00:13.387080,HE,HEL1,S,BHZ
smi:fi.isuh/event/1491459,2025-01-08 13:00:11.799620,HE,VUOS,P,BHZ
smi:fi.isuh/event/1491459,2025-01-08 13:00:17.220480,HE,VUOS,S,BHZ
smi:fi.isuh/event/1491459,2025-01-08 13:00:16.355390,HE,TVF,P,BHZ
smi:fi.isuh/event/1491459,2025-01-08 13:00:25.863670,HE,TVF,S,BHZ
smi:fi.isuh/event/1491435,2025-01-08 13:34:30.980000,HE,KORF,S,BHZ
smi:fi.isuh/event/1491435,2025-01-08 13:34:24.180000,HE,RAF,P,BHZ
smi:fi.isuh/event/1491435,2025-01-08 13:34:33.200000,HE,RAF,S,BHZ
smi:fi.isuh/event/1491435,2025-01-08 13:34:26.670000,HE,TVF,P,BHZ
smi:fi.isuh/event/1491435,2025-01-08 13:34:37.660000,HE,KPF,P,BHZ
smi:fi.isuh/event/1491435,2025-01-08 13:34:56.480000,HE,KPF,S,BHZ
smi:fi.isuh/event/1491435,2025-01-08 13:34:38.980000,HE,TRE03,P,BHZ
smi:fi.isuh/event/1491435,2025-01-08 13:34:58.320000,HE,TRE03,S,BHZ
smi:fi.isuh/event/1491435,2025-01-08 13:34:40.220000,HE,ECKF,P,BHZ
smi:fi.isuh/event/1491435,2025-01-08 13:35:00.960000,HE,ECKF,S,BHZ
smi:fi.isuh/event/1491435,2025-01-08 13:34:44.500000,HE,PVF,P,BHZ
smi:fi.isuh/event/1491435,2025-01-08 13:35:06.380000,HE,PVF,S,BHZ
smi:fi.isuh/event/1491435,2025-01-08 13:34:49.100000,HE,FIA0,P,SHZ
smi:fi.isuh/event/1491435,2025-01-08 13:35:16.600000,HE,FIA0,S,SHZ
smi:fi.isuh/event/1491435,2025-01-08 13:35:17.680000,HE,KEF,S,BHZ
smi:fi.isuh/event/1491435,2025-01-08 13:35:29.080000,HE,KAF,S,BHZ
smi:fi.isuh/event/1491435,2025-01-08 13:35:39.200000,HE,SUF,S,BHZ
smi:fi.isuh/event/1491437,2025-01-08 16:44:12.303170,HE,HEF,P,BHZ
smi:fi.isuh/event/1491437,2025-01-08 16:44:23.007760,HE,HEF,S,BHZ
smi:fi.isuh/event/1491437,2025-01-08 16:44:14.164830,FN,KLF,P,BHZ
smi:fi.isuh/event/1491437,2025-01-08 16:44:25.567550,FN,KLF,S,BHZ
smi:fi.isuh/event/1491437,2025-01-08 16:44:20.680670,FN,RAJF,P,?HZ
smi:fi.isuh/event/1491437,2025-01-08 16:44:36.970270,FN,RAJF,S,?HZ
smi:fi.isuh/event/1491437,2025-01-08 16:44:23.007760,FN,KMNF,P,?HZ
smi:fi.isuh/event/1491437,2025-01-08 16:44:40.460890,FN,KMNF,S,?HZ
smi:fi.isuh/event/1491437,2025-01-08 16:44:27.661930,HE,VRF,P,BHZ
smi:fi.isuh/event/1491437,2025-01-08 16:44:48.838400,HE,VRF,S,BHZ
smi:fi.isuh/event/1491437,2025-01-08 16:44:32.548800,HE,KEV,P,?HZ
smi:fi.isuh/event/1491437,2025-01-08 16:44:57.448610,HE,KEV,S,?HZ
smi:fi.isuh/event/1491437,2025-01-08 16:44:33.479640,HE,KIF,P,BHZ
smi:fi.isuh/event/1491437,2025-01-08 16:44:59.310280,HE,KIF,S,BHZ
smi:fi.isuh/event/1491437,2025-01-08 16:44:33.712350,FN,RANF,P,?HZ
smi:fi.isuh/event/1491437,2025-01-08 16:44:59.310280,FN,RANF,S,?HZ
smi:fi.isuh/event/1491437,2025-01-08 16:44:38.366520,FN,OLKF,P,BHZ
smi:fi.isuh/event/1491437,2025-01-08 16:45:08.385910,FN,OLKF,S,BHZ
smi:fi.isuh/event/1491566,2025-01-09 10:03:41.780000,HE,KU1,P,BHZ
smi:fi.isuh/event/1491566,2025-01-09 10:03:45.460000,HE,KU1,S,BHZ
smi:fi.isuh/event/1491566,2025-01-09 10:03:43.980000,HE,KU2,P,BHZ
smi:fi.isuh/event/1491566,2025-01-09 10:03:49.020000,HE,KU2,S,BHZ
smi:fi.isuh/event/1491566,2025-01-09 10:03:49.280000,HE,KU6,P,BHZ
smi:fi.isuh/event/1491566,2025-01-09 10:03:58.240000,HE,KU6,S,BHZ
smi:fi.isuh/event/1491566,2025-01-09 10:03:53.080000,FN,OLKF,P,BHZ
smi:fi.isuh/event/1491566,2025-01-09 10:04:06.120000,FN,OLKF,S,BHZ
smi:fi.isuh/event/1491566,2025-01-09 10:03:56.180000,FN,RANF,P,BHZ
smi:fi.isuh/event/1491566,2025-01-09 10:04:10.000000,FN,RANF,S,BHZ
smi:fi.isuh/event/1491566,2025-01-09 10:04:11.950000,HE,OBF3,P,BHZ
smi:fi.isuh/event/1491566,2025-01-09 10:04:36.580000,HE,OBF3,S,BHZ
smi:fi.isuh/event/1491566,2025-01-09 10:04:38.760000,HE,TOF,S,BHZ
smi:fi.isuh/event/1491566,2025-01-09 10:04:42.600000,HE,OUF,S,BHZ
smi:fi.isuh/event/1491566,2025-01-09 10:04:43.420000,HE,NIF,S,BHZ
smi:fi.isuh/event/1491567,2025-01-09 10:34:27.826530,HE,NIF,P,BHZ
smi:fi.isuh/event/1491567,2025-01-09 10:34:36.795560,HE,NIF,S,BHZ
smi:fi.isuh/event/1491567,2025-01-09 10:34:28.935110,HE,RMF,P,BHZ
smi:fi.isuh/event/1491567,2025-01-09 10:34:38.384470,HE,RMF,S,BHZ
smi:fi.isuh/event/1491567,2025-01-09 10:34:34.478030,HE,JOF,P,BHZ
smi:fi.isuh/event/1491567,2025-01-09 10:34:47.728250,HE,JOF,S,BHZ
smi:fi.isuh/event/1491567,2025-01-09 10:34:45.354970,HE,SUF,P,BHZ
smi:fi.isuh/event/1491567,2025-01-09 10:35:07.364050,HE,SUF,S,BHZ
smi:fi.isuh/event/1491567,2025-01-09 10:34:50.480370,HE,KAF,P,?HZ
smi:fi.isuh/event/1491567,2025-01-09 10:35:16.107380,HE,KAF,S,?HZ
smi:fi.isuh/event/1491567,2025-01-09 10:34:51.266710,HE,KU1,P,SHZ
smi:fi.isuh/event/1491567,2025-01-09 10:35:17.177140,HE,KU1,S,SHZ
smi:fi.isuh/event/1491567,2025-01-09 10:34:52.192090,HE,RUF,P,BHZ
smi:fi.isuh/event/1491567,2025-01-09 10:35:19.423810,HE,RUF,S,BHZ
smi:fi.isuh/event/1491567,2025-01-09 10:34:53.811490,HE,OUF,P,BHZ
smi:fi.isuh/event/1491567,2025-01-09 10:35:23.041740,HE,OUF,S,BHZ
smi:fi.isuh/event/1491567,2025-01-09 10:34:54.274170,HE,KU2,P,SHZ
smi:fi.isuh/event/1491567,2025-01-09 10:35:22.266690,HE,KU2,S,SHZ
smi:fi.isuh/event/1491567,2025-01-09 10:34:57.890270,HE,OBF3,P,BHZ
smi:fi.isuh/event/1491567,2025-01-09 10:35:28.953910,HE,OBF3,S,BHZ
smi:fi.isuh/event/1491567,2025-01-09 10:35:29.196120,HE,ALAJF,S,?HZ
smi:fi.isuh/event/1491567,2025-01-09 10:35:30.164960,HE,OBF0,S,BHZ
smi:fi.isuh/event/1491969,2025-01-09 10:53:01.172900,HE,TOF,P,BHZ
smi:fi.isuh/event/1491969,2025-01-09 10:53:16.530060,HE,TOF,S,BHZ
smi:fi.isuh/event/1491969,2025-01-09 10:53:09.196030,HE,OBF3,P,BHZ
smi:fi.isuh/event/1491969,2025-01-09 10:53:31.148610,HE,OBF3,S,BHZ
smi:fi.isuh/event/1491969,2025-01-09 10:53:09.782220,HE,OBF8,P,BHZ
smi:fi.isuh/event/1491969,2025-01-09 10:53:31.654540,HE,OBF8,S,BHZ
smi:fi.isuh/event/1491969,2025-01-09 10:53:33.050640,FN,KLF,S,BHZ
smi:fi.isuh/event/1491969,2025-01-09 10:53:14.435900,HE,OUF,P,BHZ
smi:fi.isuh/event/1491969,2025-01-09 10:53:39.798480,HE,OUF,S,BHZ
smi:fi.isuh/event/1491969,2025-01-09 10:53:17.228120,FN,RANF,P,?HZ
smi:fi.isuh/event/1491969,2025-01-09 10:53:44.452170,FN,RANF,S,?HZ
smi:fi.isuh/event/1491968,2025-01-09 10:56:29.830000,HE,TOF,P,BHZ
smi:fi.isuh/event/1491968,2025-01-09 10:56:37.780000,HE,OBF3,P,BHZ
smi:fi.isuh/event/1491968,2025-01-09 10:56:38.080000,HE,OBF8,P,BHZ
smi:fi.isuh/event/1491968,2025-01-09 10:56:58.800000,HE,OBF8,S,BHZ
smi:fi.isuh/event/1491968,2025-01-09 10:56:39.420000,FN,KLF,P,BHZ
smi:fi.isuh/event/1491968,2025-01-09 10:57:02.520000,FN,KLF,S,BHZ
smi:fi.isuh/event/1491968,2025-01-09 10:56:46.060000,FN,RANF,P,BHZ
smi:fi.isuh/event/1491968,2025-01-09 10:57:14.200000,FN,RANF,S,BHZ
smi:fi.isuh/event/1491968,2025-01-09 10:56:57.390000,HE,KU2,P,BHZ
smi:fi.isuh/event/1491968,2025-01-09 10:57:14.980000,HE,KEF,P,BHZ
smi:fi.isuh/event/1491979,2025-01-09 12:48:07.580000,HE,VUOS,P,BHZ
smi:fi.isuh/event/1491979,2025-01-09 12:48:10.810000,HE,VUOS,S,BHZ
smi:fi.isuh/event/1491979,2025-01-09 12:48:08.270000,HE,KUNI,P,BHZ
smi:fi.isuh/event/1491979,2025-01-09 12:48:11.680000,HE,KUNI,S,BHZ
smi:fi.isuh/event/1491979,2025-01-09 12:48:09.380000,HE,PVF,P,BHZ
smi:fi.isuh/event/1491979,2025-01-09 12:48:13.680000,HE,PVF,S,BHZ
smi:fi.isuh/event/1491979,2025-01-09 12:48:09.720000,HE,HEL1,P,BHZ
smi:fi.isuh/event/1491979,2025-01-09 12:48:13.640000,HE,HEL1,S,BHZ
smi:fi.isuh/event/1491979,2025-01-09 12:48:10.170000,HE,LAUT,P,BHZ
smi:fi.isuh/event/1491979,2025-01-09 12:48:14.480000,HE,LAUT,S,BHZ
smi:fi.isuh/event/1491979,2025-01-09 12:48:10.760000,HE,NUR,P,BHZ
smi:fi.isuh/event/1491979,2025-01-09 12:48:15.840000,HE,NUR,S,BHZ
smi:fi.isuh/event/1491979,2025-01-09 12:48:11.380000,HE,HEL5,P,BHZ
smi:fi.isuh/event/1491979,2025-01-09 12:48:16.620000,HE,HEL5,S,BHZ
smi:fi.isuh/event/1491979,2025-01-09 12:48:13.480000,HE,MEF,P,BHZ
smi:fi.isuh/event/1491979,2025-01-09 12:48:19.900000,HE,MEF,S,BHZ
smi:fi.isuh/event/1491979,2025-01-09 12:48:22.290000,HE,KY17,P,BHZ
smi:fi.isuh/event/1491979,2025-01-09 12:48:35.780000,HE,KY17,S,BHZ
smi:fi.isuh/event/1491979,2025-01-09 12:48:23.940000,HE,VJF,P,BHZ
smi:fi.isuh/event/1491979,2025-01-09 12:48:38.920000,HE,VJF,S,BHZ
smi:fi.isuh/event/1491979,2025-01-09 12:48:24.700000,HE,FIA0,P,SHZ
smi:fi.isuh/event/1491979,2025-01-09 12:48:45.400000,HE,FIA0,S,SHZ
smi:fi.isuh/event/1491979,2025-01-09 12:48:41.200000,HE,TVF,S,BHZ
smi:fi.isuh/event/1491979,2025-01-09 12:48:29.620000,HE,TRE03,P,BHZ
smi:fi.isuh/event/1491979,2025-01-09 12:48:36.830000,HE,KAF,P,BHZ
smi:fi.isuh/event/1491979,2025-01-09 12:49:01.000000,HE,KAF,S,BHZ
smi:fi.isuh/event/1491979,2025-01-09 12:48:37.280000,HE,KEF,P,BHZ
smi:fi.isuh/event/1491979,2025-01-09 12:49:01.240000,HE,KEF,S,BHZ
smi:fi.isuh/event/1491979,2025-01-09 12:48:37.880000,HE,RAF,P,BHZ
smi:fi.isuh/event/1491979,2025-01-09 12:49:03.500000,HE,RAF,S,BHZ
smi:fi.isuh/event/1491979,2025-01-09 12:48:39.400000,HE,KORF,P,BHZ
smi:fi.isuh/event/1491979,2025-01-09 12:49:04.300000,HE,KORF,S,BHZ
smi:fi.isuh/event/1491979,2025-01-09 12:48:40.110000,HE,RUF,P,BHZ
smi:fi.isuh/event/1491979,2025-01-09 12:49:07.380000,HE,RUF,S,BHZ
smi:fi.isuh/event/1491979,2025-01-09 12:48:42.680000,HE,KPF,P,BHZ
smi:fi.isuh/event/1491979,2025-01-09 12:49:11.800000,HE,KPF,S,BHZ
smi:fi.isuh/event/1491979,2025-01-09 12:49:17.780000,HE,SUF,S,BHZ
smi:fi.isuh/event/1491709,2025-01-10 06:26:29.440000,HE,VRF,P,BHZ
smi:fi.isuh/event/1491709,2025-01-10 06:26:51.840000,HE,VRF,S,BHZ
smi:fi.isuh/event/1491709,2025-01-10 06:26:39.680000,FN,RAJF,P,BHZ
smi:fi.isuh/event/1491709,2025-01-10 06:27:08.800000,FN,RAJF,S,BHZ
smi:fi.isuh/event/1491709,2025-01-10 06:27:14.780000,HE,KU1,S,BHZ
smi:fi.isuh/event/1491709,2025-01-10 06:27:39.680000,FN,RANF,S,BHZ
smi:fi.isuh/event/1491709,2025-01-10 06:26:52.240000,HE,KEV,P,BHZ
smi:fi.isuh/event/1491709,2025-01-10 06:27:41.120000,HE,KEV,S,BHZ
smi:fi.isuh/event/1491709,2025-01-10 06:28:03.200000,HE,HEF,S,BHZ
smi:fi.isuh/event/1491729,2025-01-10 09:02:55.726150,HE,TOF,P,BHZ
smi:fi.isuh/event/1491729,2025-01-10 09:03:09.146340,HE,TOF,S,BHZ
smi:fi.isuh/event/1491729,2025-01-10 09:03:04.525860,HE,OBF3,P,BHZ
smi:fi.isuh/event/1491729,2025-01-10 09:03:26.136400,HE,OBF3,S,BHZ
smi:fi.isuh/event/1491729,2025-01-10 09:03:06.551190,HE,OBF0,P,BHZ
smi:fi.isuh/event/1491729,2025-01-10 09:03:28.762000,HE,OBF0,S,BHZ
smi:fi.isuh/event/1491729,2025-01-10 09:03:06.970220,FN,KLF,P,BHZ
smi:fi.isuh/event/1491729,2025-01-10 09:03:29.251920,FN,KLF,S,BHZ
smi:fi.isuh/event/1491729,2025-01-10 09:03:10.322490,HE,OUF,P,BHZ
smi:fi.isuh/event/1491729,2025-01-10 09:03:35.124650,HE,OUF,S,BHZ
smi:fi.isuh/event/1491729,2025-01-10 09:03:12.417650,FN,RANF,P,?HZ
smi:fi.isuh/event/1491729,2025-01-10 09:03:39.118540,FN,RANF,S,?HZ
smi:fi.isuh/event/1491715,2025-01-10 09:55:47.130000,HE,NIF,P,BHZ
smi:fi.isuh/event/1491715,2025-01-10 09:55:54.360000,HE,NIF,S,BHZ
smi:fi.isuh/event/1491715,2025-01-10 09:55:48.640000,HE,SUF,P,BHZ
smi:fi.isuh/event/1491715,2025-01-10 09:55:53.480000,HE,KAF,P,BHZ
smi:fi.isuh/event/1491715,2025-01-10 09:56:09.960000,HE,KAF,S,BHZ
smi:fi.isuh/event/1491715,2025-01-10 09:56:02.100000,HE,KEF,P,BHZ
smi:fi.isuh/event/1491715,2025-01-10 09:56:04.600000,HE,FIA0,P,SHZ
smi:fi.isuh/event/1491715,2025-01-10 09:56:24.600000,HE,FIA0,S,SHZ
smi:fi.isuh/event/1491715,2025-01-10 09:56:05.140000,HE,RUF,P,BHZ
smi:fi.isuh/event/1491715,2025-01-10 09:56:08.080000,HE,JOF,P,BHZ
smi:fi.isuh/event/1491715,2025-01-10 09:56:32.520000,HE,JOF,S,BHZ
smi:fi.isuh/event/1491715,2025-01-10 09:56:39.120000,HE,OUF,S,BHZ
smi:fi.isuh/event/1491715,2025-01-10 09:56:45.880000,HE,VAF,S,BHZ
smi:fi.isuh/event/1491715,2025-01-10 09:56:29.120000,HE,VUOS,P,BHZ
smi:fi.isuh/event/1491730,2025-01-10 10:01:14.337710,HE,HEL5,P,BHZ
smi:fi.isuh/event/1491730,2025-01-10 10:01:15.819440,HE,HEL5,S,BHZ
smi:fi.isuh/event/1491730,2025-01-10 10:01:14.407810,HE,MEF,P,BHZ
smi:fi.isuh/event/1491730,2025-01-10 10:01:15.878920,HE,MEF,S,BHZ
smi:fi.isuh/event/1491730,2025-01-10 10:01:15.378820,HE,LAUT,P,BHZ
smi:fi.isuh/event/1491730,2025-01-10 10:01:17.456230,HE,LAUT,S,BHZ
smi:fi.isuh/event/1491730,2025-01-10 10:01:15.650740,HE,HEL1,P,BHZ
smi:fi.isuh/event/1491730,2025-01-10 10:01:18.135330,HE,HEL1,S,BHZ
smi:fi.isuh/event/1491730,2025-01-10 10:01:16.095400,HE,RSUO,P,BHZ
smi:fi.isuh/event/1491730,2025-01-10 10:01:18.744780,HE,RSUO,S,BHZ
smi:fi.isuh/event/1491730,2025-01-10 10:01:16.405720,HE,KUNI,P,BHZ
smi:fi.isuh/event/1491730,2025-01-10 10:01:19.563180,HE,KUNI,S,BHZ
smi:fi.isuh/event/1491730,2025-01-10 10:01:18.314620,HE,VUOS,P,BHZ
smi:fi.isuh/event/1491730,2025-01-10 10:01:22.140770,HE,VUOS,S,BHZ
smi:fi.isuh/event/1491730,2025-01-10 10:01:19.316800,HE,NUR,P,SHZ
smi:fi.isuh/event/1491730,2025-01-10 10:01:24.316780,HE,NUR,S,SHZ
smi:fi.isuh/event/1491731,2025-01-10 10:05:23.407080,HE,VAF,P,BHZ
smi:fi.isuh/event/1491731,2025-01-10 10:05:25.995830,HE,VAF,S,BHZ
smi:fi.isuh/event/1491731,2025-01-10 10:05:33.614160,HE,ALAJF,P,?HZ
smi:fi.isuh/event/1491731,2025-01-10 10:05:43.043030,HE,ALAJF,S,?HZ
smi:fi.isuh/event/1491731,2025-01-10 10:05:45.477640,HE,KPF,P,BHZ
smi:fi.isuh/event/1491731,2025-01-10 10:06:03.238080,HE,KPF,S,BHZ
smi:fi.isuh/event/1491731,2025-01-10 10:05:48.458450,HE,KEF,P,?HZ
smi:fi.isuh/event/1491731,2025-01-10 10:05:47.848260,HE,OBF0,P,BHZ
smi:fi.isuh/event/1491731,2025-01-10 10:06:07.437860,HE,OBF0,S,BHZ
smi:fi.isuh/event/1491731,2025-01-10 10:05:48.020790,HE,OUF,P,BHZ
smi:fi.isuh/event/1491731,2025-01-10 10:06:08.203840,HE,OUF,S,BHZ
smi:fi.isuh/event/1491731,2025-01-10 10:06:14.893410,HE,SUF,S,BHZ
smi:fi.isuh/event/1491731,2025-01-10 10:05:53.886670,HE,OBF3,P,BHZ
smi:fi.isuh/event/1491731,2025-01-10 10:06:18.927570,HE,OBF3,S,BHZ
smi:fi.isuh/event/1491731,2025-01-10 10:05:57.755090,HE,KAF,P,?HZ
smi:fi.isuh/event/1491731,2025-01-10 10:06:24.572440,HE,KAF,S,?HZ
smi:fi.isuh/event/1491732,2025-01-10 10:24:52.980000,HE,VJF,P,BHZ
smi:fi.isuh/event/1491732,2025-01-10 10:24:56.980000,HE,VJF,S,BHZ
smi:fi.isuh/event/1491732,2025-01-10 10:24:54.010000,HE,KY17,P,BHZ
smi:fi.isuh/event/1491732,2025-01-10 10:24:58.520000,HE,KY17,S,BHZ
smi:fi.isuh/event/1491732,2025-01-10 10:24:58.280000,HE,PVF,P,BHZ
smi:fi.isuh/event/1491732,2025-01-10 10:25:05.760000,HE,PVF,S,BHZ
smi:fi.isuh/event/1491732,2025-01-10 10:25:04.900000,HE,FIA0,P,SHZ
smi:fi.isuh/event/1491732,2025-01-10 10:25:18.000000,HE,FIA0,S,SHZ
smi:fi.isuh/event/1491732,2025-01-10 10:25:06.920000,HE,VUOS,P,BHZ
smi:fi.isuh/event/1491732,2025-01-10 10:25:07.960000,HE,KUNI,P,BHZ
smi:fi.isuh/event/1491732,2025-01-10 10:25:29.960000,HE,NUR,S,BHZ
smi:fi.isuh/event/1491732,2025-01-10 10:25:10.210000,HE,RUF,P,BHZ
smi:fi.isuh/event/1491732,2025-01-10 10:25:26.980000,HE,RUF,S,BHZ
smi:fi.isuh/event/1491732,2025-01-10 10:25:13.980000,HE,MEF,P,BHZ
smi:fi.isuh/event/1491732,2025-01-10 10:25:30.240000,HE,MEF,S,BHZ
smi:fi.isuh/event/1491732,2025-01-10 10:25:15.780000,HE,KAF,P,BHZ
smi:fi.isuh/event/1491732,2025-01-10 10:25:36.760000,HE,KAF,S,BHZ
smi:fi.isuh/event/1491732,2025-01-10 10:25:19.000000,HE,TRE03,P,BHZ
smi:fi.isuh/event/1491732,2025-01-10 10:25:42.060000,HE,TRE03,S,BHZ
smi:fi.isuh/event/1491732,2025-01-10 10:25:21.980000,HE,KEF,P,BHZ
smi:fi.isuh/event/1491732,2025-01-10 10:25:46.520000,HE,KEF,S,BHZ
smi:fi.isuh/event/1491732,2025-01-10 10:25:51.780000,HE,TVF,S,BHZ
smi:fi.isuh/event/1491732,2025-01-10 10:25:26.260000,HE,SUF,P,BHZ
smi:fi.isuh/event/1491732,2025-01-10 10:25:32.330000,HE,RAF,P,BHZ
smi:fi.isuh/event/1491732,2025-01-10 10:26:07.160000,HE,RAF,S,BHZ
smi:fi.isuh/event/1491732,2025-01-10 10:26:10.180000,HE,KPF,S,BHZ
smi:fi.isuh/event/1491732,2025-01-10 10:26:13.900000,HE,KORF,S,BHZ
smi:fi.isuh/event/1491740,2025-01-10 10:27:52.789060,HE,MEF,P,BHZ
smi:fi.isuh/event/1491740,2025-01-10 10:27:55.393730,HE,MEF,S,BHZ
smi:fi.isuh/event/1491740,2025-01-10 10:27:53.251230,HE,HEL5,P,BHZ
smi:fi.isuh/event/1491740,2025-01-10 10:27:56.477820,HE,HEL5,S,BHZ
smi:fi.isuh/event/1491740,2025-01-10 10:27:54.421600,HE,LAUT,P,BHZ
smi:fi.isuh/event/1491740,2025-01-10 10:27:58.462190,HE,LAUT,S,BHZ
smi:fi.isuh/event/1491740,2025-01-10 10:27:55.085190,HE,HEL1,P,BHZ
smi:fi.isuh/event/1491740,2025-01-10 10:27:59.111840,HE,HEL1,S,BHZ
smi:fi.isuh/event/1491740,2025-01-10 10:27:55.975570,HE,KUNI,P,BHZ
smi:fi.isuh/event/1491740,2025-01-10 10:28:01.060760,HE,KUNI,S,BHZ
smi:fi.isuh/event/1491740,2025-01-10 10:27:57.291100,HE,VUOS,P,BHZ
smi:fi.isuh/event/1491740,2025-01-10 10:28:02.887880,HE,VUOS,S,BHZ
smi:fi.isuh/event/1491740,2025-01-10 10:27:58.418690,HE,NUR,P,SHZ
smi:fi.isuh/event/1491740,2025-01-10 10:28:05.443800,HE,NUR,S,SHZ
smi:fi.isuh/event/1491740,2025-01-10 10:28:06.267830,HE,PVF,P,CZ
smi:fi.isuh/event/1491740,2025-01-10 10:28:36.021710,HE,KORF,S,CZ
smi:fi.isuh/event/1491740,2025-01-10 10:28:18.163350,HE,RAF,P,BHZ
smi:fi.isuh/event/1491740,2025-01-10 10:28:39.326490,HE,RAF,S,BHZ
smi:fi.isuh/event/1491740,2025-01-10 10:28:19.156930,HE,KY17,P,CZ
smi:fi.isuh/event/1491740,2025-01-10 10:28:19.653710,HE,FIA0,P,?HZ
smi:fi.isuh/event/1491740,2025-01-10 10:28:42.009140,HE,FIA0,S,?HZ
smi:fi.isuh/event/1491740,2025-01-10 10:28:19.653710,HE,FIA1,P,?HZ
smi:fi.isuh/event/1491740,2025-01-10 10:28:42.009140,HE,FIA1,S,?HZ
smi:fi.isuh/event/1491740,2025-01-10 10:28:42.630120,HE,VJF,S,?HZ
smi:fi.isuh/event/1491740,2025-01-10 10:28:55.177340,HE,KPF,S,BHZ
smi:fi.isuh/event/1491740,2025-01-10 10:28:56.263400,HE,KEF,S,?HZ
smi:fi.isuh/event/1491740,2025-01-10 10:29:00.347710,HE,KAF,S,?HZ
smi:fi.isuh/event/1491739,2025-01-10 11:01:15.920000,HE,MEF,P,BHZ
smi:fi.isuh/event/1491739,2025-01-10 11:01:19.420000,HE,MEF,S,BHZ
smi:fi.isuh/event/1491739,2025-01-10 11:01:19.180000,HE,HEL5,P,BHZ
smi:fi.isuh/event/1491739,2025-01-10 11:01:19.780000,HE,TVF,P,BHZ
smi:fi.isuh/event/1491739,2025-01-10 11:01:25.700000,HE,TVF,S,BHZ
smi:fi.isuh/event/1491739,2025-01-10 11:01:20.280000,HE,LAUT,P,BHZ
smi:fi.isuh/event/1491739,2025-01-10 11:01:27.000000,HE,LAUT,S,BHZ
smi:fi.isuh/event/1491739,2025-01-10 11:01:20.550000,HE,HEL1,P,BHZ
smi:fi.isuh/event/1491739,2025-01-10 11:01:27.240000,HE,HEL1,S,BHZ
smi:fi.isuh/event/1491739,2025-01-10 11:01:20.880000,HE,KUNI,P,BHZ
smi:fi.isuh/event/1491739,2025-01-10 11:01:21.080000,HE,NUR,P,BHZ
smi:fi.isuh/event/1491739,2025-01-10 11:01:27.920000,HE,NUR,S,BHZ
smi:fi.isuh/event/1491739,2025-01-10 11:01:22.900000,HE,VUOS,P,BHZ
smi:fi.isuh/event/1491739,2025-01-10 11:01:30.700000,HE,PVF,P,BHZ
smi:fi.isuh/event/1491739,2025-01-10 11:01:51.560000,HE,PVF,S,BHZ
smi:fi.isuh/event/1491739,2025-01-10 11:01:33.880000,HE,KORF,P,BHZ
smi:fi.isuh/event/1491739,2025-01-10 11:01:36.680000,HE,RAF,P,BHZ
smi:fi.isuh/event/1491739,2025-01-10 11:01:55.200000,HE,RAF,S,BHZ
smi:fi.isuh/event/1491739,2025-01-10 11:01:39.180000,HE,TRE03,P,BHZ
smi:fi.isuh/event/1491739,2025-01-10 11:01:58.520000,HE,TRE03,S,BHZ
smi:fi.isuh/event/1491739,2025-01-10 11:01:42.000000,HE,FIA0,P,SHZ
smi:fi.isuh/event/1491739,2025-01-10 11:02:06.400000,HE,FIA0,S,SHZ
smi:fi.isuh/event/1491739,2025-01-10 11:01:42.880000,HE,KY17,P,BHZ
smi:fi.isuh/event/1491739,2025-01-10 11:02:06.800000,HE,KY17,S,BHZ
smi:fi.isuh/event/1491739,2025-01-10 11:01:44.580000,HE,VJF,P,BHZ
smi:fi.isuh/event/1491739,2025-01-10 11:02:10.320000,HE,VJF,S,BHZ
smi:fi.isuh/event/1491739,2025-01-10 11:01:46.480000,HE,KPF,P,BHZ
smi:fi.isuh/event/1491739,2025-01-10 11:02:11.260000,HE,KPF,S,BHZ
smi:fi.isuh/event/1491739,2025-01-10 11:01:46.720000,UP,AAL,P,BHZ
smi:fi.isuh/event/1491739,2025-01-10 11:02:12.960000,UP,AAL,S,BHZ
smi:fi.isuh/event/1491739,2025-01-10 11:01:49.480000,HE,KEF,P,BHZ
smi:fi.isuh/event/1491739,2025-01-10 11:02:16.680000,HE,KEF,S,BHZ
smi:fi.isuh/event/1491739,2025-01-10 11:01:50.680000,HE,ECKF,P,BHZ
smi:fi.isuh/event/1491739,2025-01-10 11:02:22.040000,HE,KAF,S,BHZ
smi:fi.isuh/event/1491739,2025-01-10 11:02:38.440000,HE,RUF,S,BHZ
smi:fi.isuh/event/1491739,2025-01-10 11:01:56.850000,HE,SUF,P,BHZ
smi:fi.isuh/event/1491739,2025-01-10 11:02:41.220000,HE,VAF,S,BHZ
smi:fi.isuh/event/1491737,2025-01-10 11:30:06.597050,HE,MEF,P,BHZ
smi:fi.isuh/event/1491737,2025-01-10 11:30:08.915990,HE,MEF,S,BHZ
smi:fi.isuh/event/1491737,2025-01-10 11:30:10.393680,HE,HEL5,P,BHZ
smi:fi.isuh/event/1491737,2025-01-10 11:30:14.753360,HE,HEL5,S,BHZ
smi:fi.isuh/event/1491737,2025-01-10 11:30:10.777090,HE,NUR,P,SHZ
smi:fi.isuh/event/1491737,2025-01-10 11:30:15.790120,HE,NUR,S,SHZ
smi:fi.isuh/event/1491737,2025-01-10 11:30:11.114620,HE,LAUT,P,BHZ
smi:fi.isuh/event/1491737,2025-01-10 11:30:16.400270,HE,LAUT,S,BHZ
smi:fi.isuh/event/1491737,2025-01-10 11:30:11.205850,HE,KUNI,P,BHZ
smi:fi.isuh/event/1491737,2025-01-10 11:30:16.639360,HE,KUNI,S,BHZ
smi:fi.isuh/event/1491708,2025-01-10 11:51:42.270000,HE,NIF,P,BHZ
smi:fi.isuh/event/1491708,2025-01-10 11:51:44.610000,HE,NIF,S,BHZ
smi:fi.isuh/event/1491708,2025-01-10 11:51:53.140000,HE,SUF,P,BHZ
smi:fi.isuh/event/1491708,2025-01-10 11:52:05.300000,HE,SUF,S,BHZ
smi:fi.isuh/event/1491708,2025-01-10 11:51:57.840000,HE,KJNF,P,BHZ
smi:fi.isuh/event/1491708,2025-01-10 11:52:13.660000,HE,KJNF,S,BHZ
smi:fi.isuh/event/1491708,2025-01-10 11:51:59.580000,HE,KAF,P,BHZ
smi:fi.isuh/event/1491708,2025-01-10 11:52:17.660000,HE,KAF,S,BHZ
smi:fi.isuh/event/1491708,2025-01-10 11:52:04.180000,HE,RMF,P,BHZ
smi:fi.isuh/event/1491708,2025-01-10 11:52:06.920000,HE,JOF,P,BHZ
smi:fi.isuh/event/1491708,2025-01-10 11:52:28.760000,HE,JOF,S,BHZ
smi:fi.isuh/event/1491708,2025-01-10 11:52:07.480000,HE,KEF,P,BHZ
smi:fi.isuh/event/1491708,2025-01-10 11:52:29.680000,HE,KEF,S,BHZ
smi:fi.isuh/event/1491708,2025-01-10 11:52:10.160000,HE,OUF,P,BHZ
smi:fi.isuh/event/1491708,2025-01-10 11:52:35.360000,HE,OUF,S,BHZ
smi:fi.isuh/event/1491708,2025-01-10 11:52:10.080000,HE,RUF,P,BHZ
smi:fi.isuh/event/1491708,2025-01-10 11:52:34.240000,HE,RUF,S,BHZ
smi:fi.isuh/event/1491708,2025-01-10 11:52:11.500000,HE,FIA0,P,SHZ
smi:fi.isuh/event/1491708,2025-01-10 11:52:14.380000,HE,OBF0,P,BHZ
smi:fi.isuh/event/1491708,2025-01-10 11:52:16.080000,HE,OBF3,P,BHZ
smi:fi.isuh/event/1491708,2025-01-10 11:52:45.340000,HE,OBF3,S,BHZ
smi:fi.isuh/event/1491708,2025-01-10 11:52:17.180000,HE,KY17,P,BHZ
smi:fi.isuh/event/1491708,2025-01-10 11:52:47.040000,HE,KY17,S,BHZ
smi:fi.isuh/event/1491708,2025-01-10 11:52:17.420000,HE,OBF8,P,BHZ
smi:fi.isuh/event/1491708,2025-01-10 11:52:17.900000,HE,TRE03,P,BHZ
smi:fi.isuh/event/1491708,2025-01-10 11:52:47.580000,HE,TRE03,S,BHZ
smi:fi.isuh/event/1491708,2025-01-10 11:52:18.320000,HE,VAF,P,BHZ
smi:fi.isuh/event/1491708,2025-01-10 11:52:48.540000,HE,VAF,S,BHZ
smi:fi.isuh/event/1491708,2025-01-10 11:52:21.980000,HE,KU1,P,BHZ
smi:fi.isuh/event/1491708,2025-01-10 11:52:22.480000,HE,KU2,P,BHZ
smi:fi.isuh/event/1491708,2025-01-10 11:52:22.920000,HE,VJF,P,BHZ
smi:fi.isuh/event/1491708,2025-01-10 11:52:56.960000,HE,VJF,S,BHZ
smi:fi.isuh/event/1491708,2025-01-10 11:53:02.080000,HE,PVF,S,BHZ
smi:fi.isuh/event/1491708,2025-01-10 11:52:26.780000,FN,RANF,P,BHZ
smi:fi.isuh/event/1491708,2025-01-10 11:53:05.320000,FN,RANF,S,BHZ
smi:fi.isuh/event/1491708,2025-01-10 11:52:27.980000,HE,KPF,P,BHZ
smi:fi.isuh/event/1491708,2025-01-10 11:53:07.020000,HE,KPF,S,BHZ
smi:fi.isuh/event/1491708,2025-01-10 11:52:28.180000,HE,KU6,P,BHZ
smi:fi.isuh/event/1491708,2025-01-10 11:53:10.040000,HE,KU6,S,BHZ
smi:fi.isuh/event/1491708,2025-01-10 11:52:31.840000,FN,OLKF,P,BHZ
smi:fi.isuh/event/1491708,2025-01-10 11:53:15.400000,FN,OLKF,S,BHZ
smi:fi.isuh/event/1491725,2025-01-10 12:03:50.350710,HE,TVF,P,BHZ
smi:fi.isuh/event/1491725,2025-01-10 12:03:58.501390,HE,TVF,S,BHZ
smi:fi.isuh/event/1491725,2025-01-10 12:03:51.015410,HE,KORF,P,CZ
smi:fi.isuh/event/1491725,2025-01-10 12:03:59.976470,HE,KORF,S,CZ
smi:fi.isuh/event/1491725,2025-01-10 12:03:52.673040,HE,RAF,P,BHZ
smi:fi.isuh/event/1491725,2025-01-10 12:04:02.527430,HE,RAF,S,BHZ
smi:fi.isuh/event/1491725,2025-01-10 12:03:54.560490,HE,MEF,P,BHZ
smi:fi.isuh/event/1491725,2025-01-10 12:04:06.026370,HE,MEF,S,BHZ
smi:fi.isuh/event/1491725,2025-01-10 12:04:01.502940,HE,VUOS,P,BHZ
smi:fi.isuh/event/1491725,2025-01-10 12:04:17.086520,HE,VUOS,S,BHZ
smi:fi.isuh/event/1491725,2025-01-10 12:04:04.457170,HE,TRE03,P,CZ
smi:fi.isuh/event/1491725,2025-01-10 12:04:23.060050,HE,TRE03,S,CZ
smi:fi.isuh/event/1491725,2025-01-10 12:04:04.900300,HE,KPF,P,BHZ
smi:fi.isuh/event/1491725,2025-01-10 12:04:24.268760,HE,KPF,S,BHZ
smi:fi.isuh/event/1491725,2025-01-10 12:04:07.928390,HE,PVF,P,CZ
smi:fi.isuh/event/1491725,2025-01-10 12:04:27.062130,HE,PVF,S,CZ
smi:fi.isuh/event/1491725,2025-01-10 12:04:08.002250,HE,ECKF,P,CZ
smi:fi.isuh/event/1491725,2025-01-10 12:04:28.232100,HE,ECKF,S,CZ
smi:fi.isuh/event/1491725,2025-01-10 12:04:10.734910,HE,LOVF,P,CZ
smi:fi.isuh/event/1491725,2025-01-10 12:04:33.503970,HE,LOVF,S,CZ
smi:fi.isuh/event/1491725,2025-01-10 12:04:13.384140,HE,FIA0,P,?HZ
smi:fi.isuh/event/1491725,2025-01-10 12:04:38.805670,HE,FIA0,S,?HZ
smi:fi.isuh/event/1491725,2025-01-10 12:04:13.763000,HE,FIA1,P,?HZ
smi:fi.isuh/event/1491725,2025-01-10 12:04:38.805670,HE,FIA1,S,?HZ
smi:fi.isuh/event/1491725,2025-01-10 12:04:15.240120,HE,KEF,P,?HZ
smi:fi.isuh/event/1491725,2025-01-10 12:04:41.827060,HE,KEF,S,?HZ
smi:fi.isuh/event/1491725,2025-01-10 12:04:16.791090,HE,KY17,P,CZ
smi:fi.isuh/event/1491725,2025-01-10 12:04:45.874600,HE,KY17,S,CZ
smi:fi.isuh/event/1491703,2025-01-10 12:08:58.180000,HE,KORF,P,BHZ
smi:fi.isuh/event/1491703,2025-01-10 12:09:04.180000,HE,KORF,S,BHZ
smi:fi.isuh/event/1491703,2025-01-10 12:09:04.580000,HE,RAF,P,BHZ
smi:fi.isuh/event/1491703,2025-01-10 12:09:14.640000,HE,RAF,S,BHZ
smi:fi.isuh/event/1491703,2025-01-10 12:09:32.360000,UP,AAL,S,BHZ
smi:fi.isuh/event/1491703,2025-01-10 12:09:32.960000,HE,NUR,S,BHZ
smi:fi.isuh/event/1491703,2025-01-10 12:09:16.810000,HE,ECKF,P,BHZ
smi:fi.isuh/event/1491703,2025-01-10 12:09:19.500000,HE,KPF,P,BHZ
smi:fi.isuh/event/1491703,2025-01-10 12:09:39.120000,HE,KPF,S,BHZ
smi:fi.isuh/event/1491703,2025-01-10 12:09:48.780000,HE,PVF,S,BHZ
smi:fi.isuh/event/1491703,2025-01-10 12:09:59.500000,HE,FIA0,S,SHZ
smi:fi.isuh/event/1491703,2025-01-10 12:10:01.380000,HE,KEF,S,BHZ
smi:fi.isuh/event/1491733,2025-01-10 12:48:14.539620,HE,TOF,P,BHZ
smi:fi.isuh/event/1491733,2025-01-10 12:48:30.487620,HE,TOF,S,BHZ
smi:fi.isuh/event/1491733,2025-01-10 12:48:21.264050,HE,OBF8,P,BHZ
smi:fi.isuh/event/1491733,2025-01-10 12:48:42.908320,HE,OBF8,S,BHZ
smi:fi.isuh/event/1491733,2025-01-10 12:48:21.541710,HE,OBF3,P,BHZ
smi:fi.isuh/event/1491733,2025-01-10 12:48:43.259330,HE,OBF3,S,BHZ
smi:fi.isuh/event/1491733,2025-01-10 12:48:22.533630,HE,OBF0,P,BHZ
smi:fi.isuh/event/1491733,2025-01-10 12:48:45.028740,HE,OBF0,S,BHZ
smi:fi.isuh/event/1491733,2025-01-10 12:48:24.578790,FN,KLF,P,BHZ
smi:fi.isuh/event/1491733,2025-01-10 12:48:48.532040,FN,KLF,S,BHZ
smi:fi.isuh/event/1491733,2025-01-10 12:48:26.911390,HE,OUF,P,BHZ
smi:fi.isuh/event/1491733,2025-01-10 12:48:52.404100,HE,OUF,S,BHZ
smi:fi.isuh/event/1491718,2025-01-10 13:29:29.880000,HE,RUF,P,BHZ
smi:fi.isuh/event/1491718,2025-01-10 13:29:37.280000,HE,RUF,S,BHZ
smi:fi.isuh/event/1491718,2025-01-10 13:29:42.100000,HE,VJF,P,BHZ
smi:fi.isuh/event/1491718,2025-01-10 13:30:03.860000,HE,VJF,S,BHZ
smi:fi.isuh/event/1491718,2025-01-10 13:29:44.780000,HE,KY17,P,BHZ
smi:fi.isuh/event/1491718,2025-01-10 13:30:06.580000,HE,KY17,S,BHZ
smi:fi.isuh/event/1491718,2025-01-10 13:29:52.900000,HE,FIA0,P,SHZ
smi:fi.isuh/event/1491718,2025-01-10 13:30:19.600000,HE,FIA0,S,SHZ
smi:fi.isuh/event/1491718,2025-01-10 13:29:54.080000,HE,JOF,P,BHZ
smi:fi.isuh/event/1491718,2025-01-10 13:30:19.800000,HE,JOF,S,BHZ
smi:fi.isuh/event/1491718,2025-01-10 13:29:55.480000,HE,KAF,P,BHZ
smi:fi.isuh/event/1491718,2025-01-10 13:30:22.420000,HE,KAF,S,BHZ
smi:fi.isuh/event/1491718,2025-01-10 13:29:55.680000,HE,PVF,P,BHZ
smi:fi.isuh/event/1491718,2025-01-10 13:30:24.180000,HE,PVF,S,BHZ
smi:fi.isuh/event/1491718,2025-01-10 13:30:02.640000,HE,SUF,P,BHZ
smi:fi.isuh/event/1491718,2025-01-10 13:30:34.700000,HE,SUF,S,BHZ
smi:fi.isuh/event/1491718,2025-01-10 13:30:04.320000,HE,VUOS,P,BHZ
smi:fi.isuh/event/1491718,2025-01-10 13:30:03.480000,HE,NIF,P,BHZ
smi:fi.isuh/event/1491718,2025-01-10 13:30:35.920000,HE,NIF,S,BHZ
smi:fi.isuh/event/1491718,2025-01-10 13:30:06.940000,HE,HEL1,P,BHZ
smi:fi.isuh/event/1491718,2025-01-10 13:30:05.380000,HE,NUR,P,BHZ
smi:fi.isuh/event/1491718,2025-01-10 13:30:04.880000,HE,KEF,P,BHZ
smi:fi.isuh/event/1491718,2025-01-10 13:30:39.320000,HE,KEF,S,BHZ
smi:fi.isuh/event/1491718,2025-01-10 13:30:08.880000,HE,TRE03,P,BHZ
smi:fi.isuh/event/1491718,2025-01-10 13:30:09.380000,HE,MEF,P,BHZ
smi:fi.isuh/event/1491718,2025-01-10 13:30:13.280000,HE,RMF,P,BHZ
smi:fi.isuh/event/1491718,2025-01-10 13:30:53.160000,HE,RMF,S,BHZ
smi:fi.isuh/event/1491718,2025-01-10 13:30:58.560000,HE,KJNF,S,BHZ
smi:fi.isuh/event/1491727,2025-01-10 18:26:33.244320,HE,KIF,P,BHZ
smi:fi.isuh/event/1491727,2025-01-10 18:26:42.237150,HE,KIF,S,BHZ
smi:fi.isuh/event/1491727,2025-01-10 18:26:54.690660,HE,HEF,P,BHZ
smi:fi.isuh/event/1491727,2025-01-10 18:27:19.706720,HE,HEF,S,BHZ
smi:fi.isuh/event/1491707,2025-01-10 20:05:47.280000,HE,VRF,P,BHZ
smi:fi.isuh/event/1491707,2025-01-10 20:06:06.040000,HE,VRF,S,BHZ
smi:fi.isuh/event/1491707,2025-01-10 20:05:57.760000,FN,OLKF,P,BHZ
smi:fi.isuh/event/1491707,2025-01-10 20:06:25.200000,FN,OLKF,S,BHZ
smi:fi.isuh/event/1491707,2025-01-10 20:05:56.330000,FN,RAJF,P,BHZ
smi:fi.isuh/event/1491707,2025-01-10 20:06:23.200000,FN,RAJF,S,BHZ
smi:fi.isuh/event/1491707,2025-01-10 20:05:58.140000,HE,KU6,P,BHZ
smi:fi.isuh/event/1491707,2025-01-10 20:06:27.720000,HE,KU6,S,BHZ
smi:fi.isuh/event/1491707,2025-01-10 20:06:40.120000,HE,KU1,S,BHZ
smi:fi.isuh/event/1491707,2025-01-10 20:06:55.440000,FN,RANF,S,BHZ
smi:fi.isuh/event/1491707,2025-01-10 20:06:10.360000,HE,KEV,P,BHZ
smi:fi.isuh/event/1491707,2025-01-10 20:06:48.440000,HE,KEV,S,BHZ
smi:fi.isuh/event/1491886,2025-01-11 20:14:34.180000,HE,VRF,P,BHZ
smi:fi.isuh/event/1491886,2025-01-11 20:14:53.760000,HE,VRF,S,BHZ
smi:fi.isuh/event/1491886,2025-01-11 20:14:44.280000,FN,RAJF,P,BHZ
smi:fi.isuh/event/1491886,2025-01-11 20:15:11.480000,FN,RAJF,S,BHZ
smi:fi.isuh/event/1491886,2025-01-11 20:14:45.080000,FN,OLKF,P,BHZ
smi:fi.isuh/event/1491886,2025-01-11 20:15:12.840000,FN,OLKF,S,BHZ
smi:fi.isuh/event/1491886,2025-01-11 20:14:45.640000,HE,KU6,P,BHZ
smi:fi.isuh/event/1491886,2025-01-11 20:15:15.320000,HE,KU6,S,BHZ
smi:fi.isuh/event/1491886,2025-01-11 20:14:58.100000,HE,KEV,P,BHZ
smi:fi.isuh/event/1491886,2025-01-11 20:15:35.960000,HE,KEV,S,BHZ
smi:fi.isuh/event/1491886,2025-01-11 20:15:43.280000,FN,RANF,S,BHZ
smi:fi.isuh/event/1491887,2025-01-11 21:32:21.440000,HE,VRF,P,BHZ
smi:fi.isuh/event/1491887,2025-01-11 21:32:40.480000,HE,VRF,S,BHZ
smi:fi.isuh/event/1491887,2025-01-11 21:32:31.080000,FN,OLKF,P,BHZ
smi:fi.isuh/event/1491887,2025-01-11 21:32:59.600000,FN,OLKF,S,BHZ
smi:fi.isuh/event/1491887,2025-01-11 21:32:32.200000,HE,KU6,P,BHZ
smi:fi.isuh/event/1491887,2025-01-11 21:33:01.640000,HE,KU6,S,BHZ
smi:fi.isuh/event/1491887,2025-01-11 21:32:30.480000,FN,RAJF,P,BHZ
smi:fi.isuh/event/1491887,2025-01-11 21:32:57.720000,FN,RAJF,S,BHZ
smi:fi.isuh/event/1491887,2025-01-11 21:33:22.620000,HE,KEV,S,BHZ
smi:fi.isuh/event/1491887,2025-01-11 21:33:50.440000,FN,KLF,S,BHZ
smi:fi.isuh/event/1491841,2025-01-12 00:50:19.701700,HE,OBF8,P,BHZ
smi:fi.isuh/event/1491841,2025-01-12 00:50:38.644720,HE,OBF8,S,BHZ
smi:fi.isuh/event/1491841,2025-01-12 00:50:24.334600,HE,OBF0,P,BHZ
smi:fi.isuh/event/1491841,2025-01-12 00:50:46.370050,HE,OBF0,S,BHZ
smi:fi.isuh/event/1491841,2025-01-12 00:50:26.804310,HE,OBF3,P,BHZ
smi:fi.isuh/event/1491841,2025-01-12 00:50:50.684340,HE,OBF3,S,BHZ
smi:fi.isuh/event/1491841,2025-01-12 00:50:27.784630,HE,OUF,P,BHZ
smi:fi.isuh/event/1491841,2025-01-12 00:50:53.330490,HE,OUF,S,BHZ
smi:fi.isuh/event/1491841,2025-01-12 00:50:30.168500,HE,TOF,P,BHZ
smi:fi.isuh/event/1491841,2025-01-12 00:50:56.111670,HE,TOF,S,BHZ
smi:fi.isuh/event/1491841,2025-01-12 00:50:30.525530,HE,VAF,P,BHZ
smi:fi.isuh/event/1491841,2025-01-12 00:50:58.937260,HE,VAF,S,BHZ
smi:fi.isuh/event/1491772,2025-01-12 04:19:36.880000,FN,RAJF,P,BHZ
smi:fi.isuh/event/1491772,2025-01-12 04:19:53.440000,FN,RAJF,S,BHZ
smi:fi.isuh/event/1491772,2025-01-12 04:19:38.950000,HE,KEV,P,BHZ
smi:fi.isuh/event/1491772,2025-01-12 04:19:56.100000,HE,KEV,S,BHZ
smi:fi.isuh/event/1491773,2025-01-12 16:10:55.280000,FN,RAJF,P,BHZ
smi:fi.isuh/event/1491773,2025-01-12 16:11:16.360000,FN,RAJF,S,BHZ
smi:fi.isuh/event/1491773,2025-01-12 16:10:57.360000,HE,KEV,P,BHZ
smi:fi.isuh/event/1491773,2025-01-12 16:11:15.560000,HE,KEV,S,BHZ
smi:fi.isuh/event/1491773,2025-01-12 16:11:03.880000,HE,VRF,P,BHZ
smi:fi.isuh/event/1491773,2025-01-12 16:11:25.520000,HE,VRF,S,BHZ
smi:fi.isuh/event/1491773,2025-01-12 16:11:21.120000,HE,HEF,P,BHZ
smi:fi.isuh/event/1491773,2025-01-12 16:11:55.440000,HE,HEF,S,BHZ
smi:fi.isuh/event/1491773,2025-01-12 16:12:18.220000,HE,KU2,S,BHZ
smi:fi.isuh/event/1491768,2025-01-12 16:47:13.780000,HE,HEF,P,BHZ
smi:fi.isuh/event/1491768,2025-01-12 16:47:25.040000,HE,HEF,S,BHZ
smi:fi.isuh/event/1491768,2025-01-12 16:47:15.730000,FN,KLF,P,BHZ
smi:fi.isuh/event/1491768,2025-01-12 16:47:28.080000,FN,KLF,S,BHZ
smi:fi.isuh/event/1491768,2025-01-12 16:47:22.280000,FN,RAJF,P,BHZ
smi:fi.isuh/event/1491768,2025-01-12 16:47:38.960000,FN,RAJF,S,BHZ
smi:fi.isuh/event/1491768,2025-01-12 16:47:28.920000,HE,VRF,P,BHZ
smi:fi.isuh/event/1491768,2025-01-12 16:47:50.900000,HE,VRF,S,BHZ
smi:fi.isuh/event/1491768,2025-01-12 16:47:59.480000,HE,TOF,S,BHZ
smi:fi.isuh/event/1491768,2025-01-12 16:47:34.460000,HE,KEV,P,BHZ
smi:fi.isuh/event/1491768,2025-01-12 16:47:58.860000,HE,KEV,S,BHZ
smi:fi.isuh/event/1491768,2025-01-12 16:47:35.400000,FN,RANF,P,BHZ
smi:fi.isuh/event/1491768,2025-01-12 16:48:01.440000,FN,RANF,S,BHZ
smi:fi.isuh/event/1491768,2025-01-12 16:47:39.280000,FN,OLKF,P,BHZ
smi:fi.isuh/event/1491768,2025-01-12 16:48:08.960000,FN,OLKF,S,BHZ
smi:fi.isuh/event/1491768,2025-01-12 16:47:44.100000,HE,KU2,P,BHZ
smi:fi.isuh/event/1491768,2025-01-12 16:48:19.200000,HE,KU6,S,BHZ
smi:fi.isuh/event/1491774,2025-01-12 20:05:09.180000,HE,VRF,P,BHZ
smi:fi.isuh/event/1491774,2025-01-12 20:05:30.200000,HE,VRF,S,BHZ
smi:fi.isuh/event/1491774,2025-01-12 20:05:19.240000,FN,OLKF,P,BHZ
smi:fi.isuh/event/1491774,2025-01-12 20:05:47.840000,FN,OLKF,S,BHZ
smi:fi.isuh/event/1491774,2025-01-12 20:05:18.080000,FN,RAJF,P,BHZ
smi:fi.isuh/event/1491774,2025-01-12 20:05:47.800000,FN,RAJF,S,BHZ
smi:fi.isuh/event/1491774,2025-01-12 20:05:19.560000,HE,KU6,P,BHZ
smi:fi.isuh/event/1491774,2025-01-12 20:05:48.680000,HE,KU6,S,BHZ
smi:fi.isuh/event/1491774,2025-01-12 20:06:09.820000,HE,KU2,S,BHZ
smi:fi.isuh/event/1491774,2025-01-12 20:05:36.080000,FN,RANF,P,BHZ
smi:fi.isuh/event/1491774,2025-01-12 20:06:18.280000,FN,RANF,S,BHZ
smi:fi.isuh/event/1491774,2025-01-12 20:05:32.700000,HE,KEV,P,BHZ
smi:fi.isuh/event/1491774,2025-01-12 20:06:20.600000,HE,KEV,S,BHZ
smi:fi.isuh/event/1491981,2025-01-13 08:02:20.580000,HE,VAF,P,BHZ
smi:fi.isuh/event/1491981,2025-01-13 08:02:29.720000,HE,VAF,S,BHZ
smi:fi.isuh/event/1491981,2025-01-13 08:02:26.180000,HE,OUF,P,BHZ
smi:fi.isuh/event/1491981,2025-01-13 08:02:26.190000,HE,OBF0,P,BHZ
smi:fi.isuh/event/1491981,2025-01-13 08:02:37.430000,HE,KEF,P,BHZ
smi:fi.isuh/event/1491981,2025-01-13 08:02:58.280000,HE,KEF,S,BHZ
smi:fi.isuh/event/1491981,2025-01-13 08:02:43.590000,HE,KPF,P,BHZ
smi:fi.isuh/event/1491981,2025-01-13 08:03:07.200000,HE,KPF,S,BHZ
smi:fi.isuh/event/1491981,2025-01-13 08:02:44.540000,HE,NIF,P,BHZ
smi:fi.isuh/event/1491981,2025-01-13 08:03:09.940000,HE,NIF,S,BHZ
smi:fi.isuh/event/1491981,2025-01-13 08:02:44.600000,HE,KAF,P,BHZ
smi:fi.isuh/event/1491981,2025-01-13 08:03:10.360000,HE,KAF,S,BHZ
smi:fi.isuh/event/1491981,2025-01-13 08:03:11.880000,HE,TRE03,S,BHZ
smi:fi.isuh/event/1491981,2025-01-13 08:03:24.200000,HE,FIA0,S,SHZ
smi:fi.isuh/event/1491981,2025-01-13 08:03:24.480000,HE,TOF,S,BHZ
smi:fi.isuh/event/1491981,2025-01-13 08:03:31.800000,HE,RAF,S,BHZ
smi:fi.isuh/event/1491981,2025-01-13 08:03:34.720000,FN,RANF,S,BHZ
smi:fi.isuh/event/1491981,2025-01-13 08:03:09.240000,HE,KUNI,P,BHZ
smi:fi.isuh/event/1491983,2025-01-13 11:00:57.680000,HE,KJNF,P,BHZ
smi:fi.isuh/event/1491983,2025-01-13 11:01:08.580000,HE,RMF,P,BHZ
smi:fi.isuh/event/1491983,2025-01-13 11:01:19.660000,HE,RMF,S,BHZ
smi:fi.isuh/event/1491983,2025-01-13 11:01:08.880000,HE,NIF,P,BHZ
smi:fi.isuh/event/1491983,2025-01-13 11:01:20.320000,HE,NIF,S,BHZ
smi:fi.isuh/event/1491983,2025-01-13 11:01:38.640000,HE,OUF,S,BHZ
smi:fi.isuh/event/1491983,2025-01-13 11:01:19.150000,HE,KU2,P,BHZ
smi:fi.isuh/event/1491983,2025-01-13 11:01:38.260000,HE,KU2,S,BHZ
smi:fi.isuh/event/1491983,2025-01-13 11:01:19.280000,HE,KU1,P,BHZ
smi:fi.isuh/event/1491983,2025-01-13 11:01:38.720000,HE,KU1,S,BHZ
smi:fi.isuh/event/1491983,2025-01-13 11:01:20.580000,HE,OBF3,P,BHZ
smi:fi.isuh/event/1491983,2025-01-13 11:01:40.790000,HE,OBF3,S,BHZ
smi:fi.isuh/event/1491983,2025-01-13 11:01:23.440000,HE,OBF0,P,BHZ
smi:fi.isuh/event/1491983,2025-01-13 11:01:44.820000,HE,OBF0,S,BHZ
smi:fi.isuh/event/1491983,2025-01-13 11:01:24.680000,HE,SUF,P,BHZ
smi:fi.isuh/event/1491983,2025-01-13 11:01:47.960000,HE,SUF,S,BHZ
smi:fi.isuh/event/1491983,2025-01-13 11:01:26.180000,FN,RANF,P,BHZ
smi:fi.isuh/event/1491983,2025-01-13 11:01:49.820000,FN,RANF,S,BHZ
smi:fi.isuh/event/1491983,2025-01-13 11:01:27.280000,HE,KU6,P,BHZ
smi:fi.isuh/event/1491983,2025-01-13 11:01:51.640000,HE,KU6,S,BHZ
smi:fi.isuh/event/1491983,2025-01-13 11:01:28.580000,HE,JOF,P,BHZ
smi:fi.isuh/event/1491983,2025-01-13 11:01:54.760000,HE,JOF,S,BHZ
smi:fi.isuh/event/1491983,2025-01-13 11:01:31.180000,FN,OLKF,P,BHZ
smi:fi.isuh/event/1491983,2025-01-13 11:01:58.040000,FN,OLKF,S,BHZ
smi:fi.isuh/event/1491983,2025-01-13 11:01:33.880000,HE,KAF,P,BHZ
smi:fi.isuh/event/1491983,2025-01-13 11:02:03.680000,HE,KAF,S,BHZ
smi:fi.isuh/event/1491983,2025-01-13 11:02:09.640000,HE,KEF,S,BHZ
smi:fi.isuh/event/1491983,2025-01-13 11:01:39.780000,HE,VAF,P,BHZ
smi:fi.isuh/event/1491983,2025-01-13 11:02:13.560000,HE,VAF,S,BHZ
smi:fi.isuh/event/1491983,2025-01-13 11:02:22.400000,HE,FIA0,S,SHZ
smi:fi.isuh/event/1491983,2025-01-13 11:01:49.680000,HE,VRF,P,BHZ
smi:fi.isuh/event/1492015,2025-01-13 12:11:45.600000,HE,FIA0,P,SHZ
smi:fi.isuh/event/1492015,2025-01-13 12:11:49.900000,HE,FIA0,S,SHZ
smi:fi.isuh/event/1492015,2025-01-13 12:11:49.000000,HE,KAF,P,BHZ
smi:fi.isuh/event/1492015,2025-01-13 12:11:56.840000,HE,KAF,S,BHZ
smi:fi.isuh/event/1492015,2025-01-13 12:11:50.190000,HE,KY17,P,BHZ
smi:fi.isuh/event/1492015,2025-01-13 12:11:55.740000,HE,RUF,P,BHZ
smi:fi.isuh/event/1492015,2025-01-13 12:12:08.040000,HE,RUF,S,BHZ
smi:fi.isuh/event/1492015,2025-01-13 12:11:57.680000,HE,VJF,P,BHZ
smi:fi.isuh/event/1492015,2025-01-13 12:12:12.580000,HE,VJF,S,BHZ
smi:fi.isuh/event/1492015,2025-01-13 12:11:58.760000,HE,KEF,P,BHZ
smi:fi.isuh/event/1492015,2025-01-13 12:12:14.440000,HE,KEF,S,BHZ
smi:fi.isuh/event/1492015,2025-01-13 12:11:59.180000,HE,PVF,P,BHZ
smi:fi.isuh/event/1492015,2025-01-13 12:12:15.280000,HE,PVF,S,BHZ
smi:fi.isuh/event/1492015,2025-01-13 12:11:59.980000,HE,SUF,P,BHZ
smi:fi.isuh/event/1492015,2025-01-13 12:12:16.780000,HE,SUF,S,BHZ
smi:fi.isuh/event/1492015,2025-01-13 12:12:01.980000,HE,TRE03,P,BHZ
smi:fi.isuh/event/1492015,2025-01-13 12:12:19.900000,HE,TRE03,S,BHZ
smi:fi.isuh/event/1492015,2025-01-13 12:12:06.500000,HE,NUR,P,BHZ
smi:fi.isuh/event/1492015,2025-01-13 12:12:30.060000,HE,NUR,S,BHZ
smi:fi.isuh/event/1492015,2025-01-13 12:12:08.480000,HE,KUNI,P,BHZ
smi:fi.isuh/event/1492015,2025-01-13 12:12:07.840000,HE,VUOS,P,BHZ
smi:fi.isuh/event/1492015,2025-01-13 12:12:11.380000,HE,HEL5,P,BHZ
smi:fi.isuh/event/1492015,2025-01-13 12:12:11.480000,HE,NIF,P,BHZ
smi:fi.isuh/event/1492015,2025-01-13 12:12:35.960000,HE,NIF,S,BHZ
smi:fi.isuh/event/1492015,2025-01-13 12:12:11.730000,HE,MEF,P,BHZ
smi:fi.isuh/event/1492015,2025-01-13 12:12:36.680000,HE,MEF,S,BHZ
smi:fi.isuh/event/1492015,2025-01-13 12:12:20.930000,HE,KPF,P,BHZ
smi:fi.isuh/event/1492015,2025-01-13 12:12:49.880000,HE,KPF,S,BHZ
smi:fi.isuh/event/1492015,2025-01-13 12:12:20.960000,HE,JOF,P,BHZ
smi:fi.isuh/event/1492015,2025-01-13 12:12:51.480000,HE,JOF,S,BHZ
smi:fi.isuh/event/1492015,2025-01-13 12:12:22.830000,HE,VAF,P,BHZ
smi:fi.isuh/event/1492015,2025-01-13 12:12:54.040000,HE,VAF,S,BHZ
smi:fi.isuh/event/1492015,2025-01-13 12:12:23.280000,HE,RAF,P,BHZ
smi:fi.isuh/event/1492015,2025-01-13 12:12:56.320000,HE,RAF,S,BHZ
smi:fi.isuh/event/1492015,2025-01-13 12:12:31.170000,HE,OBF8,P,BHZ
smi:fi.isuh/event/1492019,2025-01-13 12:30:20.980000,HE,TOF,P,BHZ
smi:fi.isuh/event/1492019,2025-01-13 12:30:26.560000,HE,TOF,S,BHZ
smi:fi.isuh/event/1492019,2025-01-13 12:30:26.280000,FN,RANF,P,BHZ
smi:fi.isuh/event/1492019,2025-01-13 12:30:28.110000,HE,OBF3,P,BHZ
smi:fi.isuh/event/1492019,2025-01-13 12:30:39.840000,HE,OBF3,S,BHZ
smi:fi.isuh/event/1492019,2025-01-13 12:30:36.970000,HE,OBF0,P,BHZ
smi:fi.isuh/event/1492019,2025-01-13 12:30:54.760000,HE,OBF0,S,BHZ
smi:fi.isuh/event/1492019,2025-01-13 12:30:36.630000,HE,OUF,P,BHZ
smi:fi.isuh/event/1492019,2025-01-13 12:30:53.500000,HE,OUF,S,BHZ
smi:fi.isuh/event/1492019,2025-01-13 12:30:35.980000,HE,KU2,P,BHZ
smi:fi.isuh/event/1492019,2025-01-13 12:30:56.420000,HE,KU2,S,BHZ
smi:fi.isuh/event/1492019,2025-01-13 12:30:41.780000,FN,KLF,P,BHZ
smi:fi.isuh/event/1492019,2025-01-13 12:31:02.780000,FN,KLF,S,BHZ
smi:fi.isuh/event/1492019,2025-01-13 12:30:45.780000,HE,KU1,P,BHZ
smi:fi.isuh/event/1492019,2025-01-13 12:31:10.100000,HE,KU1,S,BHZ
smi:fi.isuh/event/1492019,2025-01-13 12:30:46.380000,FN,OLKF,P,BHZ
smi:fi.isuh/event/1492019,2025-01-13 12:31:11.680000,FN,OLKF,S,BHZ
smi:fi.isuh/event/1492019,2025-01-13 12:30:48.380000,HE,KU6,P,BHZ
smi:fi.isuh/event/1492019,2025-01-13 12:31:15.220000,HE,KU6,S,BHZ
smi:fi.isuh/event/1492019,2025-01-13 12:31:36.580000,HE,HEF,S,BHZ
smi:fi.isuh/event/1492021,2025-01-13 12:58:45.370000,HE,TRE03,P,BHZ
smi:fi.isuh/event/1492021,2025-01-13 12:58:49.400000,HE,TRE03,S,BHZ
smi:fi.isuh/event/1492021,2025-01-13 12:58:53.450000,HE,KPF,P,BHZ
smi:fi.isuh/event/1492021,2025-01-13 12:59:04.120000,HE,KPF,S,BHZ
smi:fi.isuh/event/1492021,2025-01-13 12:58:56.180000,HE,KEF,P,BHZ
smi:fi.isuh/event/1492021,2025-01-13 12:59:08.040000,HE,KEF,S,BHZ
smi:fi.isuh/event/1492021,2025-01-13 12:58:57.780000,HE,RAF,P,BHZ
smi:fi.isuh/event/1492021,2025-01-13 12:59:11.280000,HE,RAF,S,BHZ
smi:fi.isuh/event/1492021,2025-01-13 12:59:03.300000,HE,FIA0,P,SHZ
smi:fi.isuh/event/1492021,2025-01-13 12:59:19.100000,HE,FIA0,S,SHZ
smi:fi.isuh/event/1492021,2025-01-13 12:59:23.140000,HE,MEF,S,BHZ
smi:fi.isuh/event/1492021,2025-01-13 12:59:05.480000,HE,KAF,P,BHZ
smi:fi.isuh/event/1492021,2025-01-13 12:59:26.280000,HE,KAF,S,BHZ
smi:fi.isuh/event/1492021,2025-01-13 12:59:08.430000,HE,PVF,P,BHZ
smi:fi.isuh/event/1492021,2025-01-13 12:59:08.780000,HE,VAF,P,BHZ
smi:fi.isuh/event/1492021,2025-01-13 12:59:29.300000,HE,VAF,S,BHZ
smi:fi.isuh/event/1492021,2025-01-13 12:59:32.880000,HE,TVF,S,BHZ
smi:fi.isuh/event/1492021,2025-01-13 12:59:11.280000,HE,KORF,P,BHZ
smi:fi.isuh/event/1492031,2025-01-13 13:56:02.475690,HE,HEL5,P,BHZ
smi:fi.isuh/event/1492031,2025-01-13 13:56:04.066950,HE,HEL5,S,BHZ
smi:fi.isuh/event/1492031,2025-01-13 13:56:02.629610,HE,MEF,P,BHZ
smi:fi.isuh/event/1492031,2025-01-13 13:56:04.193670,HE,MEF,S,BHZ
smi:fi.isuh/event/1492031,2025-01-13 13:56:03.482060,HE,LAUT,P,BHZ
smi:fi.isuh/event/1492031,2025-01-13 13:56:05.656220,HE,LAUT,S,BHZ
smi:fi.isuh/event/1492031,2025-01-13 13:56:03.817990,HE,HEL1,P,BHZ
smi:fi.isuh/event/1492031,2025-01-13 13:56:05.872250,HE,HEL1,S,BHZ
smi:fi.isuh/event/1492031,2025-01-13 13:56:04.708960,HE,KUNI,P,BHZ
smi:fi.isuh/event/1492031,2025-01-13 13:56:07.525320,HE,KUNI,S,BHZ
smi:fi.isuh/event/1492031,2025-01-13 13:56:06.534670,HE,VUOS,P,BHZ
smi:fi.isuh/event/1492031,2025-01-13 13:56:10.279780,HE,VUOS,S,BHZ
smi:fi.isuh/event/1492031,2025-01-13 13:56:07.475390,HE,NUR,P,SHZ
smi:fi.isuh/event/1492031,2025-01-13 13:56:12.419420,HE,NUR,S,SHZ
smi:fi.isuh/event/1492031,2025-01-13 13:56:13.832530,HE,TVF,P,BHZ
smi:fi.isuh/event/1492031,2025-01-13 13:56:23.217260,HE,TVF,S,BHZ
smi:fi.isuh/event/1492031,2025-01-13 13:56:24.608300,HE,PVF,S,CZ
smi:fi.isuh/event/1492031,2025-01-13 13:56:46.801880,HE,TRE03,S,CZ
smi:fi.isuh/event/1492031,2025-01-13 13:56:28.951370,HE,FIA0,P,?HZ
smi:fi.isuh/event/1492031,2025-01-13 13:56:49.441560,HE,FIA0,S,?HZ
smi:fi.isuh/event/1492031,2025-01-13 13:56:28.951370,HE,FIA1,P,?HZ
smi:fi.isuh/event/1492031,2025-01-13 13:56:49.441560,HE,FIA1,S,?HZ
smi:fi.isuh/event/1492031,2025-01-13 13:56:30.255420,HE,RAF,P,BHZ
smi:fi.isuh/event/1492031,2025-01-13 13:56:52.229890,HE,RAF,S,BHZ
smi:fi.isuh/event/1492022,2025-01-13 14:01:31.720000,HE,MEF,P,BHZ
smi:fi.isuh/event/1492022,2025-01-13 14:01:33.280000,HE,HEL5,P,BHZ
smi:fi.isuh/event/1492022,2025-01-13 14:01:35.960000,HE,HEL5,S,BHZ
smi:fi.isuh/event/1492022,2025-01-13 14:01:34.510000,HE,LAUT,P,BHZ
smi:fi.isuh/event/1492022,2025-01-13 14:01:37.880000,HE,LAUT,S,BHZ
smi:fi.isuh/event/1492022,2025-01-13 14:01:34.850000,HE,HEL1,P,BHZ
smi:fi.isuh/event/1492022,2025-01-13 14:01:35.760000,HE,KUNI,P,BHZ
smi:fi.isuh/event/1492022,2025-01-13 14:01:37.230000,HE,VUOS,P,BHZ
smi:fi.isuh/event/1492022,2025-01-13 14:01:37.660000,HE,NUR,P,BHZ
smi:fi.isuh/event/1492022,2025-01-13 14:01:43.320000,HE,NUR,S,BHZ
smi:fi.isuh/event/1492022,2025-01-13 14:01:41.180000,HE,TVF,P,BHZ
smi:fi.isuh/event/1492022,2025-01-13 14:01:49.660000,HE,TVF,S,BHZ
smi:fi.isuh/event/1492022,2025-01-13 14:01:45.860000,HE,PVF,P,BHZ
smi:fi.isuh/event/1492022,2025-01-13 14:01:56.420000,HE,KORF,P,BHZ
smi:fi.isuh/event/1492022,2025-01-13 14:01:58.140000,HE,TRE03,P,BHZ
smi:fi.isuh/event/1492022,2025-01-13 14:02:18.000000,HE,TRE03,S,BHZ
smi:fi.isuh/event/1492022,2025-01-13 14:01:58.620000,HE,KY17,P,BHZ
smi:fi.isuh/event/1492022,2025-01-13 14:01:58.700000,HE,FIA0,P,SHZ
smi:fi.isuh/event/1492022,2025-01-13 14:02:21.700000,HE,FIA0,S,SHZ
smi:fi.isuh/event/1492022,2025-01-13 14:01:58.480000,HE,RAF,P,BHZ
smi:fi.isuh/event/1492022,2025-01-13 14:02:19.520000,HE,RAF,S,BHZ
smi:fi.isuh/event/1492022,2025-01-13 14:02:00.120000,HE,VJF,P,BHZ
smi:fi.isuh/event/1492022,2025-01-13 14:02:23.940000,HE,VJF,S,BHZ
smi:fi.isuh/event/1492022,2025-01-13 14:02:07.680000,HE,KPF,P,BHZ
smi:fi.isuh/event/1492022,2025-01-13 14:02:34.340000,HE,KPF,S,BHZ
smi:fi.isuh/event/1492022,2025-01-13 14:02:07.580000,HE,KEF,P,BHZ
smi:fi.isuh/event/1492022,2025-01-13 14:02:34.760000,HE,KEF,S,BHZ
smi:fi.isuh/event/1492022,2025-01-13 14:02:38.720000,HE,KAF,S,BHZ
smi:fi.isuh/event/1491836,2025-01-13 14:24:08.130000,HE,KAF,P,BHZ
smi:fi.isuh/event/1491836,2025-01-13 14:24:15.480000,HE,KAF,S,BHZ
smi:fi.isuh/event/1491836,2025-01-13 14:24:10.600000,HE,FIA0,P,SHZ
smi:fi.isuh/event/1491836,2025-01-13 14:24:21.600000,HE,FIA0,S,SHZ
smi:fi.isuh/event/1491836,2025-01-13 14:24:15.010000,HE,KY17,P,BHZ
smi:fi.isuh/event/1491836,2025-01-13 14:24:27.080000,HE,KY17,S,BHZ
smi:fi.isuh/event/1491836,2025-01-13 14:24:14.860000,HE,RUF,P,BHZ
smi:fi.isuh/event/1491836,2025-01-13 14:24:17.620000,HE,SUF,P,BHZ
smi:fi.isuh/event/1491836,2025-01-13 14:24:32.120000,HE,SUF,S,BHZ
smi:fi.isuh/event/1491836,2025-01-13 14:24:20.180000,HE,KEF,P,BHZ
smi:fi.isuh/event/1491836,2025-01-13 14:24:36.580000,HE,KEF,S,BHZ
smi:fi.isuh/event/1491836,2025-01-13 14:24:23.760000,HE,VJF,P,BHZ
smi:fi.isuh/event/1491836,2025-01-13 14:24:39.460000,HE,VJF,S,BHZ
smi:fi.isuh/event/1491836,2025-01-13 14:24:24.530000,HE,PVF,P,BHZ
smi:fi.isuh/event/1491836,2025-01-13 14:24:44.660000,HE,PVF,S,BHZ
smi:fi.isuh/event/1491836,2025-01-13 14:24:25.610000,HE,TRE03,P,BHZ
smi:fi.isuh/event/1491836,2025-01-13 14:24:27.680000,HE,NIF,P,BHZ
smi:fi.isuh/event/1491836,2025-01-13 14:24:48.860000,HE,NIF,S,BHZ
smi:fi.isuh/event/1491836,2025-01-13 14:24:37.580000,HE,JOF,P,BHZ
smi:fi.isuh/event/1491836,2025-01-13 14:25:06.040000,HE,JOF,S,BHZ
smi:fi.isuh/event/1491836,2025-01-13 14:25:15.220000,HE,KPF,S,BHZ
smi:fi.isuh/event/1491836,2025-01-13 14:25:14.500000,HE,VAF,S,BHZ
smi:fi.isuh/event/1491836,2025-01-13 14:24:54.520000,HE,OBF8,P,BHZ
smi:fi.isuh/event/1492026,2025-01-13 16:00:54.530000,FN,RAJF,P,BHZ
smi:fi.isuh/event/1492026,2025-01-13 16:01:11.100000,FN,RAJF,S,BHZ
smi:fi.isuh/event/1492026,2025-01-13 16:00:56.060000,HE,KEV,P,BHZ
smi:fi.isuh/event/1492026,2025-01-13 16:01:13.420000,HE,KEV,S,BHZ
smi:fi.isuh/event/1492026,2025-01-13 16:01:25.720000,HE,VRF,S,BHZ
smi:fi.isuh/event/1492026,2025-01-13 16:01:53.760000,HE,HEF,S,BHZ
smi:fi.isuh/event/1492027,2025-01-13 16:02:15.480000,FN,RAJF,P,BHZ
smi:fi.isuh/event/1492027,2025-01-13 16:02:36.440000,FN,RAJF,S,BHZ
smi:fi.isuh/event/1492027,2025-01-13 16:02:17.160000,HE,KEV,P,BHZ
smi:fi.isuh/event/1492027,2025-01-13 16:02:34.660000,HE,KEV,S,BHZ
smi:fi.isuh/event/1492027,2025-01-13 16:02:47.060000,HE,VRF,S,BHZ
smi:fi.isuh/event/1492027,2025-01-13 16:03:15.800000,HE,HEF,S,BHZ
smi:fi.isuh/event/1491837,2025-01-13 16:40:09.020000,HE,HEF,P,BHZ
smi:fi.isuh/event/1491837,2025-01-13 16:40:10.480000,FN,KLF,P,BHZ
smi:fi.isuh/event/1491837,2025-01-13 16:40:22.840000,FN,KLF,S,BHZ
smi:fi.isuh/event/1491837,2025-01-13 16:40:35.920000,FN,RAJF,S,BHZ
smi:fi.isuh/event/1491837,2025-01-13 16:40:44.000000,HE,VRF,S,BHZ
smi:fi.isuh/event/1491837,2025-01-13 16:40:51.280000,HE,KIF,S,BHZ
smi:fi.isuh/event/1491837,2025-01-13 16:40:56.160000,FN,RANF,S,BHZ
smi:fi.isuh/event/1491837,2025-01-13 16:41:04.240000,FN,OLKF,S,BHZ
smi:fi.isuh/event/1492030,2025-01-13 20:05:41.480000,HE,VRF,P,BHZ
smi:fi.isuh/event/1492030,2025-01-13 20:06:02.200000,HE,VRF,S,BHZ
smi:fi.isuh/event/1492030,2025-01-13 20:05:50.800000,FN,OLKF,P,BHZ
smi:fi.isuh/event/1492030,2025-01-13 20:06:19.920000,FN,OLKF,S,BHZ
smi:fi.isuh/event/1492030,2025-01-13 20:06:18.880000,FN,RAJF,S,BHZ
smi:fi.isuh/event/1492030,2025-01-13 20:05:52.080000,HE,KU6,P,BHZ
smi:fi.isuh/event/1492030,2025-01-13 20:06:21.760000,HE,KU6,S,BHZ
smi:fi.isuh/event/1492030,2025-01-13 20:06:04.400000,HE,KEV,P,BHZ
smi:fi.isuh/event/1492030,2025-01-13 20:06:52.440000,HE,KEV,S,BHZ
smi:fi.isuh/event/1492030,2025-01-13 20:07:08.930000,HE,TOF,S,BHZ
smi:fi.isuh/event/1492033,2025-01-13 20:13:01.130000,HE,VRF,P,BHZ
smi:fi.isuh/event/1492033,2025-01-13 20:13:20.480000,HE,VRF,S,BHZ
smi:fi.isuh/event/1492033,2025-01-13 20:13:36.880000,FN,RAJF,S,BHZ
smi:fi.isuh/event/1492033,2025-01-13 20:13:09.880000,FN,OLKF,P,BHZ
smi:fi.isuh/event/1492033,2025-01-13 20:13:41.000000,FN,OLKF,S,BHZ
smi:fi.isuh/event/1492033,2025-01-13 20:13:23.530000,HE,KEV,P,BHZ
smi:fi.isuh/event/1492033,2025-01-13 20:14:02.590000,HE,KEV,S,BHZ
smi:fi.isuh/event/1492594,2025-01-14 07:31:12.262070,HE,MEF,P,BHZ
smi:fi.isuh/event/1492594,2025-01-14 07:31:13.531940,HE,MEF,S,BHZ
smi:fi.isuh/event/1492594,2025-01-14 07:31:15.774220,HE,HEL5,P,BHZ
smi:fi.isuh/event/1492594,2025-01-14 07:31:19.453240,HE,HEL5,S,BHZ
smi:fi.isuh/event/1492594,2025-01-14 07:31:16.115890,HE,KUNI,P,BHZ
smi:fi.isuh/event/1492594,2025-01-14 07:31:20.221320,HE,KUNI,S,BHZ
smi:fi.isuh/event/1492594,2025-01-14 07:31:16.289950,HE,LAUT,P,BHZ
smi:fi.isuh/event/1492594,2025-01-14 07:31:20.345200,HE,LAUT,S,BHZ
smi:fi.isuh/event/1492594,2025-01-14 07:31:16.289950,HE,HEL1,P,BHZ
smi:fi.isuh/event/1492594,2025-01-14 07:31:20.369980,HE,HEL1,S,BHZ
smi:fi.isuh/event/1492594,2025-01-14 07:31:16.435180,HE,RSUO,P,BHZ
smi:fi.isuh/event/1492594,2025-01-14 07:31:20.369980,HE,RSUO,S,BHZ
smi:fi.isuh/event/1492594,2025-01-14 07:31:18.643120,HE,VUOS,P,BHZ
smi:fi.isuh/event/1492594,2025-01-14 07:31:24.149770,HE,VUOS,S,BHZ
smi:fi.isuh/event/1492594,2025-01-14 07:31:24.062810,HE,TVF,P,BHZ
smi:fi.isuh/event/1492594,2025-01-14 07:31:32.623670,HE,TVF,S,BHZ
smi:fi.isuh/event/1492594,2025-01-14 07:31:25.310770,HE,PVF,P,CZ
smi:fi.isuh/event/1492594,2025-01-14 07:31:35.756780,HE,PVF,S,CZ
smi:fi.isuh/event/1492594,2025-01-14 07:31:28.662420,HE,LOVF,P,CZ
smi:fi.isuh/event/1492594,2025-01-14 07:31:41.497480,HE,LOVF,S,CZ
smi:fi.isuh/event/1492594,2025-01-14 07:31:35.091860,HE,TRE03,P,CZ
smi:fi.isuh/event/1492594,2025-01-14 07:31:52.046450,HE,TRE03,S,CZ
smi:fi.isuh/event/1492594,2025-01-14 07:31:35.970730,HE,KY02,P,CZ
smi:fi.isuh/event/1492594,2025-01-14 07:31:54.347980,HE,KY02,S,CZ
smi:fi.isuh/event/1492594,2025-01-14 07:31:38.173760,HE,KORF,P,CZ
smi:fi.isuh/event/1492594,2025-01-14 07:31:55.191870,HE,KORF,S,CZ
smi:fi.isuh/event/1492594,2025-01-14 07:31:36.907580,HE,FIA0,P,?HZ
smi:fi.isuh/event/1492594,2025-01-14 07:31:55.575460,HE,FIA0,S,?HZ
smi:fi.isuh/event/1492594,2025-01-14 07:31:36.907580,HE,FIA1,P,?HZ
smi:fi.isuh/event/1492594,2025-01-14 07:31:55.575460,HE,FIA1,S,?HZ
smi:fi.isuh/event/1492594,2025-01-14 07:31:37.300540,HE,RAF,P,BHZ
smi:fi.isuh/event/1492594,2025-01-14 07:31:58.644170,HE,RAF,S,BHZ
smi:fi.isuh/event/1492594,2025-01-14 07:31:37.497240,HE,KY17,P,CZ
smi:fi.isuh/event/1492594,2025-01-14 07:31:57.186530,HE,KY17,S,CZ
smi:fi.isuh/event/1492594,2025-01-14 07:31:45.213850,HE,KPF,P,BHZ
smi:fi.isuh/event/1492594,2025-01-14 07:32:08.921700,HE,KPF,S,BHZ
smi:fi.isuh/event/1492594,2025-01-14 07:31:44.969550,HE,KEF,P,?HZ
smi:fi.isuh/event/1492594,2025-01-14 07:32:09.579610,HE,KEF,S,?HZ
smi:fi.isuh/event/1492594,2025-01-14 07:31:47.314790,HE,KAF,P,?HZ
smi:fi.isuh/event/1492594,2025-01-14 07:32:14.862390,HE,KAF,S,?HZ
smi:fi.isuh/event/1492596,2025-01-14 10:13:53.268070,HE,RUF,P,BHZ
smi:fi.isuh/event/1492596,2025-01-14 10:13:59.921700,HE,RUF,S,BHZ
smi:fi.isuh/event/1492596,2025-01-14 10:14:01.571700,HE,VJF,P,?HZ
smi:fi.isuh/event/1492596,2025-01-14 10:14:04.052800,HE,KY17,P,CZ
smi:fi.isuh/event/1492596,2025-01-14 10:14:19.496530,HE,KY17,S,CZ
smi:fi.isuh/event/1492596,2025-01-14 10:14:06.813430,HE,KY02,P,CZ
smi:fi.isuh/event/1492596,2025-01-14 10:14:23.257030,HE,KY02,S,CZ
smi:fi.isuh/event/1492596,2025-01-14 10:14:12.120280,HE,LOVF,P,CZ
smi:fi.isuh/event/1492596,2025-01-14 10:14:33.605850,HE,LOVF,S,CZ
smi:fi.isuh/event/1492596,2025-01-14 10:14:13.453130,HE,FIA1,P,?HZ
smi:fi.isuh/event/1492596,2025-01-14 10:14:35.546250,HE,FIA1,S,?HZ
smi:fi.isuh/event/1492596,2025-01-14 10:14:13.453130,HE,FIA0,P,?HZ
smi:fi.isuh/event/1492596,2025-01-14 10:14:35.546250,HE,FIA0,S,?HZ
smi:fi.isuh/event/1492596,2025-01-14 10:14:14.862140,HE,PVF,P,CZ
smi:fi.isuh/event/1492596,2025-01-14 10:14:39.305260,HE,PVF,S,CZ
smi:fi.isuh/event/1492596,2025-01-14 10:14:18.029770,HE,KAF,P,?HZ
smi:fi.isuh/event/1492596,2025-01-14 10:14:42.430730,HE,KAF,S,?HZ
smi:fi.isuh/event/1492596,2025-01-14 10:14:22.592680,HE,JOF,P,BHZ
smi:fi.isuh/event/1492596,2025-01-14 10:14:50.075770,HE,JOF,S,BHZ
smi:fi.isuh/event/1492436,2025-01-14 10:32:06.864430,HE,RSUO,P,BHZ
smi:fi.isuh/event/1492436,2025-01-14 10:32:07.163790,HE,RSUO,S,BHZ
smi:fi.isuh/event/1492436,2025-01-14 10:32:07.301600,HE,HEL1,P,BHZ
smi:fi.isuh/event/1492436,2025-01-14 10:32:07.866030,HE,HEL1,S,BHZ
smi:fi.isuh/event/1492436,2025-01-14 10:32:07.365540,HE,KUNI,P,BHZ
smi:fi.isuh/event/1492436,2025-01-14 10:32:08.002590,HE,KUNI,S,BHZ
smi:fi.isuh/event/1492436,2025-01-14 10:32:07.806150,HE,LAUT,P,BHZ
smi:fi.isuh/event/1492436,2025-01-14 10:32:08.749090,HE,LAUT,S,BHZ
smi:fi.isuh/event/1492436,2025-01-14 10:32:08.794600,HE,HEL5,P,BHZ
smi:fi.isuh/event/1492436,2025-01-14 10:32:10.560710,HE,HEL5,S,BHZ
smi:fi.isuh/event/1492436,2025-01-14 10:32:08.985780,HE,VUOS,P,BHZ
smi:fi.isuh/event/1492436,2025-01-14 10:32:10.842930,HE,VUOS,S,BHZ
smi:fi.isuh/event/1492436,2025-01-14 10:32:10.718070,HE,MEF,P,BHZ
smi:fi.isuh/event/1492436,2025-01-14 10:32:14.040910,HE,MEF,S,BHZ
smi:fi.isuh/event/1492436,2025-01-14 10:32:11.850860,HE,NUR,P,SHZ
smi:fi.isuh/event/1492436,2025-01-14 10:32:15.928890,HE,NUR,S,SHZ
smi:fi.isuh/event/1492436,2025-01-14 10:32:24.525220,HE,PVF,S,CZ
smi:fi.isuh/event/1492123,2025-01-14 10:52:50.480000,HE,RAF,P,BHZ
smi:fi.isuh/event/1492123,2025-01-14 10:52:58.320000,HE,RAF,S,BHZ
smi:fi.isuh/event/1492123,2025-01-14 10:52:51.480000,HE,KPF,P,BHZ
smi:fi.isuh/event/1492123,2025-01-14 10:53:00.020000,HE,KPF,S,BHZ
smi:fi.isuh/event/1492123,2025-01-14 10:52:53.080000,HE,TRE03,P,BHZ
smi:fi.isuh/event/1492123,2025-01-14 10:53:03.420000,HE,TRE03,S,BHZ
smi:fi.isuh/event/1492123,2025-01-14 10:53:03.360000,HE,KEF,P,BHZ
smi:fi.isuh/event/1492123,2025-01-14 10:53:21.000000,HE,KEF,S,BHZ
smi:fi.isuh/event/1492123,2025-01-14 10:53:04.680000,HE,KORF,P,BHZ
smi:fi.isuh/event/1492123,2025-01-14 10:53:27.260000,HE,KORF,S,BHZ
smi:fi.isuh/event/1492123,2025-01-14 10:53:06.980000,HE,TVF,P,BHZ
smi:fi.isuh/event/1492123,2025-01-14 10:53:26.380000,HE,TVF,S,BHZ
smi:fi.isuh/event/1492123,2025-01-14 10:53:07.900000,HE,FIA0,P,SHZ
smi:fi.isuh/event/1492123,2025-01-14 10:53:30.000000,HE,FIA0,S,SHZ
smi:fi.isuh/event/1492123,2025-01-14 10:53:10.230000,HE,PVF,P,BHZ
smi:fi.isuh/event/1492123,2025-01-14 10:53:32.180000,HE,PVF,S,BHZ
smi:fi.isuh/event/1492123,2025-01-14 10:53:11.480000,HE,VAF,P,BHZ
smi:fi.isuh/event/1492123,2025-01-14 10:53:34.640000,HE,VAF,S,BHZ
smi:fi.isuh/event/1492123,2025-01-14 10:53:12.320000,UP,AAL,P,BHZ
smi:fi.isuh/event/1492123,2025-01-14 10:53:36.600000,UP,AAL,S,BHZ
smi:fi.isuh/event/1492123,2025-01-14 10:53:12.640000,HE,KAF,P,BHZ
smi:fi.isuh/event/1492123,2025-01-14 10:53:37.480000,HE,KAF,S,BHZ
smi:fi.isuh/event/1492123,2025-01-14 10:53:14.180000,HE,ECKF,P,BHZ
smi:fi.isuh/event/1492123,2025-01-14 10:53:40.480000,HE,ECKF,S,BHZ
smi:fi.isuh/event/1492123,2025-01-14 10:53:45.680000,HE,KY17,S,BHZ
smi:fi.isuh/event/1492123,2025-01-14 10:53:45.840000,HE,SUF,S,BHZ
smi:fi.isuh/event/1492123,2025-01-14 10:53:37.410000,HE,KJNF,P,BHZ
smi:fi.isuh/event/1492128,2025-01-14 11:25:54.380000,HE,NIF,P,BHZ
smi:fi.isuh/event/1492128,2025-01-14 11:25:57.310000,HE,NIF,S,BHZ
smi:fi.isuh/event/1492128,2025-01-14 11:26:05.580000,HE,SUF,P,BHZ
smi:fi.isuh/event/1492128,2025-01-14 11:26:12.330000,HE,KAF,P,BHZ
smi:fi.isuh/event/1492128,2025-01-14 11:26:32.580000,HE,KAF,S,BHZ
smi:fi.isuh/event/1492128,2025-01-14 11:26:16.680000,HE,RMF,P,BHZ
smi:fi.isuh/event/1492128,2025-01-14 11:26:19.440000,HE,JOF,P,BHZ
smi:fi.isuh/event/1492128,2025-01-14 11:26:41.280000,HE,JOF,S,BHZ
smi:fi.isuh/event/1492128,2025-01-14 11:26:20.580000,HE,KEF,P,BHZ
smi:fi.isuh/event/1492128,2025-01-14 11:26:42.480000,HE,KEF,S,BHZ
smi:fi.isuh/event/1492128,2025-01-14 11:26:22.780000,HE,RUF,P,BHZ
smi:fi.isuh/event/1492128,2025-01-14 11:26:47.000000,HE,RUF,S,BHZ
smi:fi.isuh/event/1492128,2025-01-14 11:26:23.180000,HE,OUF,P,BHZ
smi:fi.isuh/event/1492128,2025-01-14 11:26:48.400000,HE,OUF,S,BHZ
smi:fi.isuh/event/1492128,2025-01-14 11:26:24.300000,HE,FIA0,P,SHZ
smi:fi.isuh/event/1492128,2025-01-14 11:26:48.600000,HE,FIA0,S,SHZ
smi:fi.isuh/event/1492128,2025-01-14 11:26:27.580000,HE,OBF0,P,BHZ
smi:fi.isuh/event/1492128,2025-01-14 11:26:55.660000,HE,OBF0,S,BHZ
smi:fi.isuh/event/1492128,2025-01-14 11:26:28.780000,HE,OBF3,P,BHZ
smi:fi.isuh/event/1492128,2025-01-14 11:26:30.080000,HE,KY17,P,BHZ
smi:fi.isuh/event/1492128,2025-01-14 11:27:00.780000,HE,KY17,S,BHZ
smi:fi.isuh/event/1492128,2025-01-14 11:26:30.380000,HE,TRE03,P,BHZ
smi:fi.isuh/event/1492128,2025-01-14 11:27:00.300000,HE,TRE03,S,BHZ
smi:fi.isuh/event/1492128,2025-01-14 11:26:31.080000,HE,VAF,P,BHZ
smi:fi.isuh/event/1492128,2025-01-14 11:27:01.360000,HE,VAF,S,BHZ
smi:fi.isuh/event/1492128,2025-01-14 11:26:34.780000,HE,KU1,P,BHZ
smi:fi.isuh/event/1492128,2025-01-14 11:27:07.380000,HE,KU1,S,BHZ
smi:fi.isuh/event/1492128,2025-01-14 11:26:35.180000,HE,KU2,P,BHZ
smi:fi.isuh/event/1492128,2025-01-14 11:27:07.940000,HE,KU2,S,BHZ
smi:fi.isuh/event/1492128,2025-01-14 11:27:15.860000,HE,PVF,S,BHZ
smi:fi.isuh/event/1492128,2025-01-14 11:26:43.620000,FN,RANF,P,BHZ
smi:fi.isuh/event/1492128,2025-01-14 11:27:16.880000,FN,RANF,S,BHZ
smi:fi.isuh/event/1492128,2025-01-14 11:26:40.780000,HE,KPF,P,BHZ
smi:fi.isuh/event/1492128,2025-01-14 11:27:18.300000,HE,KPF,S,BHZ
smi:fi.isuh/event/1492128,2025-01-14 11:27:21.780000,HE,KU6,S,BHZ
smi:fi.isuh/event/1492128,2025-01-14 11:27:27.200000,FN,OLKF,S,BHZ
smi:fi.isuh/event/1492597,2025-01-14 11:37:27.798680,HE,NIF,P,BHZ
smi:fi.isuh/event/1492597,2025-01-14 11:37:35.242800,HE,NIF,S,BHZ
smi:fi.isuh/event/1492597,2025-01-14 11:37:32.921000,HE,KJNF,P,CZ
smi:fi.isuh/event/1492597,2025-01-14 11:37:33.093170,HE,SUF,P,BHZ
smi:fi.isuh/event/1492597,2025-01-14 11:37:44.302150,HE,SUF,S,BHZ
smi:fi.isuh/event/1492597,2025-01-14 11:37:38.559850,HE,OUF,P,BHZ
smi:fi.isuh/event/1492597,2025-01-14 11:37:53.651390,HE,OUF,S,BHZ
smi:fi.isuh/event/1492597,2025-01-14 11:37:39.808150,HE,ALAJF,P,?HZ
smi:fi.isuh/event/1492597,2025-01-14 11:37:55.364100,HE,ALAJF,S,?HZ
smi:fi.isuh/event/1492597,2025-01-14 11:37:42.907370,HE,OBF0,P,BHZ
smi:fi.isuh/event/1492597,2025-01-14 11:38:01.451660,HE,OBF0,S,BHZ
smi:fi.isuh/event/1492597,2025-01-14 11:37:44.026530,HE,KAF,P,?HZ
smi:fi.isuh/event/1492597,2025-01-14 11:38:02.849990,HE,KAF,S,?HZ
smi:fi.isuh/event/1492597,2025-01-14 11:37:44.514910,HE,OBF3,P,BHZ
smi:fi.isuh/event/1492597,2025-01-14 11:38:04.510880,HE,OBF3,S,BHZ
smi:fi.isuh/event/1492597,2025-01-14 11:37:46.058980,HE,KEF,P,?HZ
smi:fi.isuh/event/1492597,2025-01-14 11:38:06.855180,HE,KEF,S,?HZ
smi:fi.isuh/event/1492597,2025-01-14 11:37:46.831010,HE,RMF,P,BHZ
smi:fi.isuh/event/1492597,2025-01-14 11:38:07.570390,HE,RMF,S,BHZ
smi:fi.isuh/event/1492597,2025-01-14 11:37:50.227970,HE,VAF,P,BHZ
smi:fi.isuh/event/1492597,2025-01-14 11:38:13.852020,HE,VAF,S,BHZ
smi:fi.isuh/event/1492597,2025-01-14 11:37:55.014580,HE,FIA1,P,?HZ
smi:fi.isuh/event/1492597,2025-01-14 11:38:22.855240,HE,FIA1,S,?HZ
smi:fi.isuh/event/1492597,2025-01-14 11:37:55.014580,HE,FIA0,P,?HZ
smi:fi.isuh/event/1492597,2025-01-14 11:38:23.076180,HE,FIA0,S,?HZ
smi:fi.isuh/event/1492597,2025-01-14 11:37:56.558650,HE,JOF,P,BHZ
smi:fi.isuh/event/1492597,2025-01-14 11:38:24.947780,HE,JOF,S,BHZ
smi:fi.isuh/event/1492597,2025-01-14 11:37:56.607060,HE,TRE03,P,CZ
smi:fi.isuh/event/1492597,2025-01-14 11:38:25.175090,HE,TRE03,S,CZ
smi:fi.isuh/event/1492133,2025-01-14 12:25:16.480000,HE,RUF,P,BHZ
smi:fi.isuh/event/1492133,2025-01-14 12:25:18.310000,HE,RUF,S,BHZ
smi:fi.isuh/event/1492133,2025-01-14 12:25:31.700000,HE,KY17,P,BHZ
smi:fi.isuh/event/1492133,2025-01-14 12:25:32.530000,HE,VJF,P,BHZ
smi:fi.isuh/event/1492133,2025-01-14 12:25:46.020000,HE,VJF,S,BHZ
smi:fi.isuh/event/1492133,2025-01-14 12:25:38.300000,HE,FIA0,P,SHZ
smi:fi.isuh/event/1492133,2025-01-14 12:25:59.200000,HE,FIA0,S,SHZ
smi:fi.isuh/event/1492133,2025-01-14 12:25:40.580000,HE,KAF,P,BHZ
smi:fi.isuh/event/1492133,2025-01-14 12:25:59.480000,HE,KAF,S,BHZ
smi:fi.isuh/event/1492133,2025-01-14 12:25:43.810000,HE,PVF,P,BHZ
smi:fi.isuh/event/1492133,2025-01-14 12:26:07.080000,HE,PVF,S,BHZ
smi:fi.isuh/event/1492133,2025-01-14 12:25:50.480000,HE,JOF,P,BHZ
smi:fi.isuh/event/1492133,2025-01-14 12:26:14.880000,HE,JOF,S,BHZ
smi:fi.isuh/event/1492133,2025-01-14 12:26:19.360000,HE,KEF,S,BHZ
smi:fi.isuh/event/1492133,2025-01-14 12:26:16.620000,HE,HEL1,S,BHZ
smi:fi.isuh/event/1492133,2025-01-14 12:26:07.280000,HE,KJNF,P,BHZ
smi:fi.isuh/event/1492129,2025-01-14 12:49:34.420000,HE,KEV,P,BHZ
smi:fi.isuh/event/1492129,2025-01-14 12:49:46.040000,HE,KEV,S,BHZ
smi:fi.isuh/event/1492129,2025-01-14 12:49:54.560000,FN,RAJF,P,BHZ
smi:fi.isuh/event/1492129,2025-01-14 12:50:19.000000,FN,RAJF,S,BHZ
smi:fi.isuh/event/1492385,2025-01-14 13:10:34.140000,HE,KEV,P,BHZ
smi:fi.isuh/event/1492385,2025-01-14 13:10:53.120000,HE,KEV,S,BHZ
smi:fi.isuh/event/1492385,2025-01-14 13:10:42.880000,HE,KIF,P,BHZ
smi:fi.isuh/event/1492385,2025-01-14 13:11:08.080000,HE,KIF,S,BHZ
smi:fi.isuh/event/1492385,2025-01-14 13:10:47.580000,HE,HEF,P,BHZ
smi:fi.isuh/event/1492385,2025-01-14 13:11:17.160000,HE,HEF,S,BHZ
smi:fi.isuh/event/1492385,2025-01-14 13:11:32.920000,FN,RAJF,S,BHZ
smi:fi.isuh/event/1492138,2025-01-14 13:57:38.773070,HE,HEL5,P,BHZ
smi:fi.isuh/event/1492138,2025-01-14 13:57:40.175990,HE,HEL5,S,BHZ
smi:fi.isuh/event/1492138,2025-01-14 13:57:38.856680,HE,MEF,P,BHZ
smi:fi.isuh/event/1492138,2025-01-14 13:57:40.261630,HE,MEF,S,BHZ
smi:fi.isuh/event/1492138,2025-01-14 13:57:39.773450,HE,LAUT,P,BHZ
smi:fi.isuh/event/1492138,2025-01-14 13:57:41.621550,HE,LAUT,S,BHZ
smi:fi.isuh/event/1492138,2025-01-14 13:57:40.054200,HE,HEL1,P,BHZ
smi:fi.isuh/event/1492138,2025-01-14 13:57:42.398070,HE,HEL1,S,BHZ
smi:fi.isuh/event/1492138,2025-01-14 13:57:40.395360,HE,RSUO,P,BHZ
smi:fi.isuh/event/1492138,2025-01-14 13:57:42.952730,HE,RSUO,S,BHZ
smi:fi.isuh/event/1492138,2025-01-14 13:57:40.985550,HE,KUNI,P,BHZ
smi:fi.isuh/event/1492138,2025-01-14 13:57:43.840180,HE,KUNI,S,BHZ
smi:fi.isuh/event/1492138,2025-01-14 13:57:42.637560,HE,VUOS,P,BHZ
smi:fi.isuh/event/1492138,2025-01-14 13:57:46.407130,HE,VUOS,S,BHZ
smi:fi.isuh/event/1492138,2025-01-14 13:57:43.729950,HE,NUR,P,SHZ
smi:fi.isuh/event/1492138,2025-01-14 13:57:48.484580,HE,NUR,S,SHZ
smi:fi.isuh/event/1492138,2025-01-14 13:57:50.666450,HE,PVF,P,CZ
smi:fi.isuh/event/1492138,2025-01-14 13:58:05.304600,HE,FIA0,P,?HZ
smi:fi.isuh/event/1492138,2025-01-14 13:58:25.583690,HE,FIA0,S,?HZ
smi:fi.isuh/event/1492138,2025-01-14 13:58:05.304600,HE,FIA1,P,?HZ
smi:fi.isuh/event/1492138,2025-01-14 13:58:25.583690,HE,FIA1,S,?HZ
smi:fi.isuh/event/1492138,2025-01-14 13:58:26.028910,HE,KORF,S,CZ
smi:fi.isuh/event/1492138,2025-01-14 13:58:26.464230,HE,VJF,S,?HZ
smi:fi.isuh/event/1492138,2025-01-14 13:58:06.515500,HE,RAF,P,BHZ
smi:fi.isuh/event/1492138,2025-01-14 13:58:27.556230,HE,RAF,S,BHZ
smi:fi.isuh/event/1492138,2025-01-14 13:58:14.480140,HE,KPF,P,BHZ
smi:fi.isuh/event/1492138,2025-01-14 13:58:40.478230,HE,KPF,S,BHZ
smi:fi.isuh/event/1492136,2025-01-14 14:00:14.670550,HE,MEF,P,BHZ
smi:fi.isuh/event/1492136,2025-01-14 14:00:15.914860,HE,MEF,S,BHZ
smi:fi.isuh/event/1492136,2025-01-14 14:00:18.248780,HE,HEL5,P,BHZ
smi:fi.isuh/event/1492136,2025-01-14 14:00:21.875070,HE,HEL5,S,BHZ
smi:fi.isuh/event/1492136,2025-01-14 14:00:18.515480,HE,KUNI,P,BHZ
smi:fi.isuh/event/1492136,2025-01-14 14:00:22.583720,HE,KUNI,S,BHZ
smi:fi.isuh/event/1492136,2025-01-14 14:00:18.637220,HE,LAUT,P,BHZ
smi:fi.isuh/event/1492136,2025-01-14 14:00:22.702280,HE,LAUT,S,BHZ
smi:fi.isuh/event/1492136,2025-01-14 14:00:18.756970,HE,HEL1,P,BHZ
smi:fi.isuh/event/1492136,2025-01-14 14:00:22.837320,HE,HEL1,S,BHZ
smi:fi.isuh/event/1492136,2025-01-14 14:00:18.802510,HE,RSUO,P,BHZ
smi:fi.isuh/event/1492136,2025-01-14 14:00:22.837320,HE,RSUO,S,BHZ
smi:fi.isuh/event/1492136,2025-01-14 14:00:21.030210,HE,VUOS,P,BHZ
smi:fi.isuh/event/1492136,2025-01-14 14:00:26.471790,HE,VUOS,S,BHZ
smi:fi.isuh/event/1492136,2025-01-14 14:00:26.377040,HE,TVF,P,BHZ
smi:fi.isuh/event/1492136,2025-01-14 14:00:34.869640,HE,TVF,S,BHZ
smi:fi.isuh/event/1492136,2025-01-14 14:00:27.835270,HE,PVF,P,CZ
smi:fi.isuh/event/1492136,2025-01-14 14:00:38.096180,HE,PVF,S,CZ
smi:fi.isuh/event/1492136,2025-01-14 14:00:30.897820,HE,LOVF,P,CZ
smi:fi.isuh/event/1492136,2025-01-14 14:00:39.359720,HE,KORF,P,CZ
smi:fi.isuh/event/1492136,2025-01-14 14:00:57.486980,HE,KORF,S,CZ
smi:fi.isuh/event/1492136,2025-01-14 14:00:39.474870,HE,FIA0,P,?HZ
smi:fi.isuh/event/1492136,2025-01-14 14:00:57.984910,HE,FIA0,S,?HZ
smi:fi.isuh/event/1492136,2025-01-14 14:00:39.474870,HE,FIA1,P,?HZ
smi:fi.isuh/event/1492136,2025-01-14 14:00:57.984910,HE,FIA1,S,?HZ
smi:fi.isuh/event/1492136,2025-01-14 14:00:40.979400,HE,RAF,P,BHZ
smi:fi.isuh/event/1492136,2025-01-14 14:01:01.366370,HE,RAF,S,BHZ
smi:fi.isuh/event/1492136,2025-01-14 14:00:39.913080,HE,KY17,P,CZ
smi:fi.isuh/event/1492136,2025-01-14 14:00:59.534350,HE,KY17,S,CZ
smi:fi.isuh/event/1492136,2025-01-14 14:00:47.444830,HE,KPF,P,BHZ
smi:fi.isuh/event/1492136,2025-01-14 14:01:12.009670,HE,KPF,S,BHZ
smi:fi.isuh/event/1492136,2025-01-14 14:00:47.377320,HE,KEF,P,?HZ
smi:fi.isuh/event/1492136,2025-01-14 14:01:11.828950,HE,KEF,S,?HZ
smi:fi.isuh/event/1492136,2025-01-14 14:01:17.069840,HE,KAF,S,?HZ
smi:fi.isuh/event/1492441,2025-01-14 16:33:13.180000,HE,HEL1,P,BHZ
smi:fi.isuh/event/1492441,2025-01-14 16:33:13.380000,HE,KUNI,P,BHZ
smi:fi.isuh/event/1492441,2025-01-14 16:33:13.680000,HE,LAUT,P,BHZ
smi:fi.isuh/event/1492441,2025-01-14 16:33:14.580000,HE,LAUT,S,BHZ
smi:fi.isuh/event/1492441,2025-01-14 16:33:14.940000,HE,VUOS,P,BHZ
smi:fi.isuh/event/1492441,2025-01-14 16:33:16.760000,HE,VUOS,S,BHZ
smi:fi.isuh/event/1492441,2025-01-14 16:33:14.760000,HE,HEL5,P,BHZ
smi:fi.isuh/event/1492441,2025-01-14 16:33:16.480000,HE,HEL5,S,BHZ
smi:fi.isuh/event/1492441,2025-01-14 16:33:17.330000,HE,MEF,P,BHZ
smi:fi.isuh/event/1492441,2025-01-14 16:33:21.400000,HE,MEF,S,BHZ
smi:fi.isuh/event/1492118,2025-01-15 11:09:59.988400,HE,RAF,P,BHZ
smi:fi.isuh/event/1492118,2025-01-15 11:10:04.720820,HE,RAF,S,BHZ
smi:fi.isuh/event/1492118,2025-01-15 11:10:08.084420,HE,KPF,P,BHZ
smi:fi.isuh/event/1492118,2025-01-15 11:10:17.598520,HE,KPF,S,BHZ
smi:fi.isuh/event/1492118,2025-01-15 11:10:12.493390,HE,TRE03,P,CZ
smi:fi.isuh/event/1492118,2025-01-15 11:10:25.720300,HE,TRE03,S,CZ
smi:fi.isuh/event/1492118,2025-01-15 11:10:13.885700,HE,KORF,P,CZ
smi:fi.isuh/event/1492118,2025-01-15 11:10:28.040810,HE,KORF,S,CZ
smi:fi.isuh/event/1492118,2025-01-15 11:10:16.670310,HE,NUR,P,SHZ
smi:fi.isuh/event/1492118,2025-01-15 11:10:32.681830,HE,NUR,S,SHZ
smi:fi.isuh/event/1492118,2025-01-15 11:10:22.239540,HE,KEF,P,?HZ
smi:fi.isuh/event/1492118,2025-01-15 11:10:42.765360,HE,KEF,S,?HZ
smi:fi.isuh/event/1492118,2025-01-15 11:10:23.777830,HE,ECKF,P,CZ
smi:fi.isuh/event/1492118,2025-01-15 11:10:45.342690,HE,ECKF,S,CZ
smi:fi.isuh/event/1492118,2025-01-15 11:10:25.488250,HE,PVF,P,CZ
smi:fi.isuh/event/1492118,2025-01-15 11:10:48.263820,HE,PVF,S,CZ
smi:fi.isuh/event/1492118,2025-01-15 11:10:25.952350,HE,FIA0,P,?HZ
smi:fi.isuh/event/1492118,2025-01-15 11:10:48.925410,HE,FIA0,S,?HZ
smi:fi.isuh/event/1492118,2025-01-15 11:10:25.952350,HE,FIA1,P,?HZ
smi:fi.isuh/event/1492118,2025-01-15 11:10:48.925410,HE,FIA1,S,?HZ
smi:fi.isuh/event/1492118,2025-01-15 11:10:28.645920,HE,VAF,P,BHZ
smi:fi.isuh/event/1492118,2025-01-15 11:10:54.399340,HE,VAF,S,BHZ
smi:fi.isuh/event/1492118,2025-01-15 11:10:29.309250,HE,LOVF,P,CZ
smi:fi.isuh/event/1492118,2025-01-15 11:10:54.726680,HE,LOVF,S,CZ
smi:fi.isuh/event/1492118,2025-01-15 11:10:30.784300,HE,KAF,P,?HZ
smi:fi.isuh/event/1492118,2025-01-15 11:10:58.406570,HE,KAF,S,?HZ
smi:fi.isuh/event/1492224,2025-01-15 11:10:33.330930,HE,MEF,P,BHZ
smi:fi.isuh/event/1492224,2025-01-15 11:10:35.105860,HE,MEF,S,BHZ
smi:fi.isuh/event/1492224,2025-01-15 11:10:34.755580,HE,HEL5,P,BHZ
smi:fi.isuh/event/1492224,2025-01-15 11:10:37.362580,HE,HEL5,S,BHZ
smi:fi.isuh/event/1492224,2025-01-15 11:10:35.608410,HE,LAUT,P,BHZ
smi:fi.isuh/event/1492224,2025-01-15 11:10:39.237540,HE,LAUT,S,BHZ
smi:fi.isuh/event/1492224,2025-01-15 11:10:36.193750,HE,HEL1,P,BHZ
smi:fi.isuh/event/1492224,2025-01-15 11:10:39.764350,HE,HEL1,S,BHZ
smi:fi.isuh/event/1492224,2025-01-15 11:10:36.603490,HE,RSUO,P,BHZ
smi:fi.isuh/event/1492224,2025-01-15 11:10:40.174090,HE,RSUO,S,BHZ
smi:fi.isuh/event/1492224,2025-01-15 11:10:36.779100,HE,KUNI,P,BHZ
smi:fi.isuh/event/1492224,2025-01-15 11:10:41.169170,HE,KUNI,S,BHZ
smi:fi.isuh/event/1492224,2025-01-15 11:10:38.652190,HE,VUOS,P,BHZ
smi:fi.isuh/event/1492224,2025-01-15 11:10:43.861750,HE,VUOS,S,BHZ
smi:fi.isuh/event/1492224,2025-01-15 11:10:39.179000,HE,NUR,P,SHZ
smi:fi.isuh/event/1492224,2025-01-15 11:10:44.505630,HE,NUR,S,SHZ
smi:fi.isuh/event/1492224,2025-01-15 11:10:42.454350,HE,TVF,P,BHZ
smi:fi.isuh/event/1492224,2025-01-15 11:10:50.697810,HE,TVF,S,BHZ
smi:fi.isuh/event/1492224,2025-01-15 11:10:47.101600,HE,PVF,P,CZ
smi:fi.isuh/event/1492224,2025-01-15 11:10:58.092600,HE,PVF,S,CZ
smi:fi.isuh/event/1492224,2025-01-15 11:10:49.673960,HE,LOVF,P,CZ
smi:fi.isuh/event/1492224,2025-01-15 11:11:02.535770,HE,LOVF,S,CZ
smi:fi.isuh/event/1492224,2025-01-15 11:10:57.391050,HE,KORF,P,CZ
smi:fi.isuh/event/1492224,2025-01-15 11:11:16.099130,HE,KORF,S,CZ
smi:fi.isuh/event/1492121,2025-01-15 11:54:10.980000,HE,RUF,P,BHZ
smi:fi.isuh/event/1492121,2025-01-15 11:54:11.320000,HE,KY17,P,BHZ
smi:fi.isuh/event/1492121,2025-01-15 11:54:19.080000,HE,KY17,S,BHZ
smi:fi.isuh/event/1492121,2025-01-15 11:54:11.710000,HE,VJF,P,BHZ
smi:fi.isuh/event/1492121,2025-01-15 11:54:19.680000,HE,VJF,S,BHZ
smi:fi.isuh/event/1492121,2025-01-15 11:54:22.800000,HE,FIA0,P,SHZ
smi:fi.isuh/event/1492121,2025-01-15 11:54:35.600000,HE,FIA0,S,SHZ
smi:fi.isuh/event/1492121,2025-01-15 11:54:22.880000,HE,PVF,P,BHZ
smi:fi.isuh/event/1492121,2025-01-15 11:54:39.980000,HE,PVF,S,BHZ
smi:fi.isuh/event/1492121,2025-01-15 11:54:26.980000,HE,KAF,P,BHZ
smi:fi.isuh/event/1492121,2025-01-15 11:54:49.520000,HE,KAF,S,BHZ
smi:fi.isuh/event/1492121,2025-01-15 11:54:36.900000,HE,SUF,P,BHZ
smi:fi.isuh/event/1492121,2025-01-15 11:55:03.180000,HE,SUF,S,BHZ
smi:fi.isuh/event/1492121,2025-01-15 11:55:03.620000,HE,KEF,S,BHZ
smi:fi.isuh/event/1492121,2025-01-15 11:54:36.880000,HE,TRE03,P,BHZ
smi:fi.isuh/event/1492121,2025-01-15 11:55:04.180000,HE,TRE03,S,BHZ
smi:fi.isuh/event/1492121,2025-01-15 11:55:04.780000,HE,MEF,S,BHZ
smi:fi.isuh/event/1492121,2025-01-15 11:55:13.640000,HE,JOF,S,BHZ
smi:fi.isuh/event/1492121,2025-01-15 11:55:25.200000,HE,TVF,S,BHZ
smi:fi.isuh/event/1492121,2025-01-15 11:55:46.770000,HE,OBF8,S,BHZ
smi:fi.isuh/event/1492121,2025-01-15 11:56:08.760000,UP,AAL,S,BHZ
smi:fi.isuh/event/1492137,2025-01-15 12:15:33.074540,HE,KY02,P,CZ
smi:fi.isuh/event/1492137,2025-01-15 12:15:36.027480,HE,KY02,S,CZ
smi:fi.isuh/event/1492137,2025-01-15 12:15:35.467400,HE,KY17,P,CZ
smi:fi.isuh/event/1492137,2025-01-15 12:15:40.170180,HE,KY17,S,CZ
smi:fi.isuh/event/1492137,2025-01-15 12:15:37.479390,HE,PVF,P,CZ
smi:fi.isuh/event/1492137,2025-01-15 12:15:43.602840,HE,PVF,S,CZ
smi:fi.isuh/event/1492137,2025-01-15 12:15:38.004250,HE,FIA0,P,?HZ
smi:fi.isuh/event/1492137,2025-01-15 12:15:44.652570,HE,FIA0,S,?HZ
smi:fi.isuh/event/1492137,2025-01-15 12:15:38.004250,HE,FIA1,P,?HZ
smi:fi.isuh/event/1492137,2025-01-15 12:15:44.652570,HE,FIA1,S,?HZ
smi:fi.isuh/event/1492137,2025-01-15 12:15:38.441640,HE,LOVF,P,CZ
smi:fi.isuh/event/1492137,2025-01-15 12:15:44.972380,HE,LOVF,S,CZ
smi:fi.isuh/event/1492137,2025-01-15 12:15:42.115710,HE,VJF,P,?HZ
smi:fi.isuh/event/1492137,2025-01-15 12:15:51.701640,HE,VJF,S,?HZ
smi:fi.isuh/event/1492137,2025-01-15 12:15:45.877260,HE,NUR,P,SHZ
smi:fi.isuh/event/1492137,2025-01-15 12:15:58.211640,HE,NUR,S,SHZ
smi:fi.isuh/event/1492137,2025-01-15 12:15:46.489600,HE,VUOS,P,BHZ
smi:fi.isuh/event/1492137,2025-01-15 12:15:59.348850,HE,VUOS,S,BHZ
smi:fi.isuh/event/1492137,2025-01-15 12:15:46.752040,HE,KUNI,P,BHZ
smi:fi.isuh/event/1492137,2025-01-15 12:15:59.359070,HE,KUNI,S,BHZ
smi:fi.isuh/event/1492137,2025-01-15 12:15:49.726290,HE,KAF,P,?HZ
smi:fi.isuh/event/1492137,2025-01-15 12:16:04.859950,HE,KAF,S,?HZ
smi:fi.isuh/event/1492137,2025-01-15 12:15:50.776020,HE,MEF,P,BHZ
smi:fi.isuh/event/1492137,2025-01-15 12:16:06.320380,HE,MEF,S,BHZ
smi:fi.isuh/event/1492137,2025-01-15 12:15:51.005510,HE,TRE03,P,CZ
smi:fi.isuh/event/1492137,2025-01-15 12:16:06.320380,HE,TRE03,S,CZ
smi:fi.isuh/event/1492137,2025-01-15 12:15:52.861860,HE,RUF,P,BHZ
smi:fi.isuh/event/1492137,2025-01-15 12:16:10.729210,HE,RUF,S,BHZ
smi:fi.isuh/event/1492137,2025-01-15 12:15:54.718200,HE,KEF,P,?HZ
smi:fi.isuh/event/1492137,2025-01-15 12:16:12.121470,HE,KEF,S,?HZ
smi:fi.isuh/event/1492140,2025-01-15 12:30:24.861580,HE,MEF,P,BHZ
smi:fi.isuh/event/1492140,2025-01-15 12:30:25.891440,HE,MEF,S,BHN
smi:fi.isuh/event/1492140,2025-01-15 12:30:26.066470,HE,HEL5,P,BHZ
smi:fi.isuh/event/1492140,2025-01-15 12:30:28.295990,HE,HEL5,S,BHZ
smi:fi.isuh/event/1492140,2025-01-15 12:30:26.237970,HE,HEL1,P,BHZ
smi:fi.isuh/event/1492140,2025-01-15 12:30:28.810490,HE,HEL1,S,BHZ
smi:fi.isuh/event/1492140,2025-01-15 12:30:26.466640,HE,LAUT,P,BHZ
smi:fi.isuh/event/1492140,2025-01-15 12:30:28.867660,HE,LAUT,S,BHZ
smi:fi.isuh/event/1492140,2025-01-15 12:30:26.549920,HE,KUNI,P,BHZ
smi:fi.isuh/event/1492140,2025-01-15 12:30:29.031960,HE,KUNI,S,BHN
smi:fi.isuh/event/1492140,2025-01-15 12:30:26.283990,HE,RSUO,P,BHZ
smi:fi.isuh/event/1492140,2025-01-15 12:30:28.943320,HE,RSUO,S,BHZ
smi:fi.isuh/event/1492140,2025-01-15 12:30:28.061250,HE,NUR,P,SHZ
smi:fi.isuh/event/1492140,2025-01-15 12:30:31.924340,HE,NUR,S,SHZ
smi:fi.isuh/event/1492219,2025-01-15 13:00:13.499630,HE,NIF,P,BHZ
smi:fi.isuh/event/1492219,2025-01-15 13:00:19.068850,HE,NIF,S,BHZ
smi:fi.isuh/event/1492219,2025-01-15 13:00:29.023210,HE,SUF,S,BHZ
smi:fi.isuh/event/1492219,2025-01-15 13:00:25.080760,HE,KAF,P,?HZ
smi:fi.isuh/event/1492219,2025-01-15 13:00:38.608790,HE,KAF,S,?HZ
smi:fi.isuh/event/1492219,2025-01-15 13:00:33.165240,HE,KEF,P,?HZ
smi:fi.isuh/event/1492219,2025-01-15 13:00:52.909850,HE,KEF,S,?HZ
smi:fi.isuh/event/1492219,2025-01-15 13:00:34.125210,HE,RMF,P,BHZ
smi:fi.isuh/event/1492219,2025-01-15 13:00:55.228940,HE,RMF,S,BHZ
smi:fi.isuh/event/1492219,2025-01-15 13:00:35.112850,HE,RUF,P,BHZ
smi:fi.isuh/event/1492219,2025-01-15 13:00:56.156580,HE,RUF,S,BHZ
smi:fi.isuh/event/1492219,2025-01-15 13:00:35.028170,HE,JOF,P,BHZ
smi:fi.isuh/event/1492219,2025-01-15 13:00:56.388490,HE,JOF,S,BHZ
smi:fi.isuh/event/1492219,2025-01-15 13:00:35.451560,HE,ALAJF,P,?HZ
smi:fi.isuh/event/1492219,2025-01-15 13:00:56.852310,HE,ALAJF,S,?HZ
smi:fi.isuh/event/1492219,2025-01-15 13:00:35.748580,HE,FIA1,P,?HZ
smi:fi.isuh/event/1492219,2025-01-15 13:00:57.779940,HE,FIA1,S,?HZ
smi:fi.isuh/event/1492219,2025-01-15 13:00:35.748580,HE,FIA0,P,?HZ
smi:fi.isuh/event/1492219,2025-01-15 13:00:57.779940,HE,FIA0,S,?HZ
smi:fi.isuh/event/1492219,2025-01-15 13:00:39.691030,HE,OUF,P,BHZ
smi:fi.isuh/event/1492219,2025-01-15 13:01:04.505310,HE,OUF,S,BHZ
smi:fi.isuh/event/1492146,2025-01-15 13:46:18.280000,HE,MEF,P,BHZ
smi:fi.isuh/event/1492146,2025-01-15 13:46:20.880000,HE,MEF,S,BHZ
smi:fi.isuh/event/1492146,2025-01-15 13:46:20.540000,HE,HEL5,P,BHZ
smi:fi.isuh/event/1492146,2025-01-15 13:46:24.320000,HE,HEL5,S,BHZ
smi:fi.isuh/event/1492146,2025-01-15 13:46:21.940000,HE,LAUT,P,BHZ
smi:fi.isuh/event/1492146,2025-01-15 13:46:26.220000,HE,LAUT,S,BHZ
smi:fi.isuh/event/1492146,2025-01-15 13:46:22.120000,HE,HEL1,P,BHZ
smi:fi.isuh/event/1492146,2025-01-15 13:46:26.880000,HE,HEL1,S,BHZ
smi:fi.isuh/event/1492146,2025-01-15 13:46:23.170000,HE,KUNI,P,BHZ
smi:fi.isuh/event/1492146,2025-01-15 13:46:24.410000,HE,NUR,P,BHZ
smi:fi.isuh/event/1492146,2025-01-15 13:46:30.620000,HE,NUR,S,BHZ
smi:fi.isuh/event/1492146,2025-01-15 13:46:24.620000,HE,VUOS,P,BHZ
smi:fi.isuh/event/1492146,2025-01-15 13:46:31.220000,HE,VUOS,S,BHZ
smi:fi.isuh/event/1492146,2025-01-15 13:46:26.180000,HE,TVF,P,BHZ
smi:fi.isuh/event/1492146,2025-01-15 13:46:32.940000,HE,TVF,S,BHZ
smi:fi.isuh/event/1492146,2025-01-15 13:46:33.360000,HE,PVF,P,BHZ
smi:fi.isuh/event/1492146,2025-01-15 13:46:41.180000,HE,KORF,P,BHZ
smi:fi.isuh/event/1492146,2025-01-15 13:46:59.160000,HE,KORF,S,BHZ
smi:fi.isuh/event/1492146,2025-01-15 13:46:43.980000,HE,RAF,P,BHZ
smi:fi.isuh/event/1492146,2025-01-15 13:46:45.400000,HE,FIA0,P,SHZ
smi:fi.isuh/event/1492146,2025-01-15 13:46:45.760000,HE,KY17,P,BHZ
smi:fi.isuh/event/1492146,2025-01-15 13:47:09.320000,HE,KY17,S,BHZ
smi:fi.isuh/event/1492146,2025-01-15 13:46:47.580000,HE,VJF,P,BHZ
smi:fi.isuh/event/1492146,2025-01-15 13:47:10.100000,HE,VJF,S,BHZ
smi:fi.isuh/event/1492146,2025-01-15 13:46:52.640000,HE,KPF,P,BHZ
smi:fi.isuh/event/1492146,2025-01-15 13:47:20.920000,HE,KPF,S,BHZ
smi:fi.isuh/event/1492146,2025-01-15 13:46:54.580000,HE,KEF,P,BHZ
smi:fi.isuh/event/1492146,2025-01-15 13:47:21.600000,HE,KEF,S,BHZ
smi:fi.isuh/event/1492146,2025-01-15 13:47:21.520000,UP,AAL,S,BHZ
smi:fi.isuh/event/1492146,2025-01-15 13:47:26.400000,HE,KAF,S,BHZ
smi:fi.isuh/event/1492146,2025-01-15 13:47:29.040000,HE,ECKF,S,BHZ
smi:fi.isuh/event/1492124,2025-01-15 14:29:50.158570,HE,ECKF,P,CZ
smi:fi.isuh/event/1492124,2025-01-15 14:30:08.342710,HE,ECKF,S,CZ
smi:fi.isuh/event/1492124,2025-01-15 14:29:52.054500,UP,AAL,P,BHZ
smi:fi.isuh/event/1492124,2025-01-15 14:30:12.025580,UP,AAL,S,BHZ
smi:fi.isuh/event/1492124,2025-01-15 14:30:01.437340,HE,KORF,P,CZ
smi:fi.isuh/event/1492124,2025-01-15 14:30:28.138110,HE,KORF,S,CZ
smi:fi.isuh/event/1492222,2025-01-15 15:21:22.600000,HE,MEF,P,BHZ
smi:fi.isuh/event/1492222,2025-01-15 15:21:27.220000,HE,MEF,S,BHZ
smi:fi.isuh/event/1492222,2025-01-15 15:21:24.080000,HE,NUR,P,BHZ
smi:fi.isuh/event/1492222,2025-01-15 15:21:29.880000,HE,NUR,S,BHZ
smi:fi.isuh/event/1492222,2025-01-15 15:21:26.480000,HE,HEL5,P,BHZ
smi:fi.isuh/event/1492222,2025-01-15 15:21:26.780000,HE,KUNI,P,BHZ
smi:fi.isuh/event/1492222,2025-01-15 15:21:27.980000,HE,TVF,P,BHZ
smi:fi.isuh/event/1492222,2025-01-15 15:21:29.890000,HE,VUOS,P,BHZ
smi:fi.isuh/event/1492222,2025-01-15 15:21:35.260000,HE,PVF,P,BHZ
smi:fi.isuh/event/1492222,2025-01-15 15:21:48.680000,HE,PVF,S,BHZ
smi:fi.isuh/event/1492222,2025-01-15 15:21:37.930000,HE,RAF,P,BHZ
smi:fi.isuh/event/1492222,2025-01-15 15:21:53.720000,HE,RAF,S,BHZ
smi:fi.isuh/event/1492222,2025-01-15 15:21:38.640000,HE,KORF,P,BHZ
smi:fi.isuh/event/1492222,2025-01-15 15:21:54.380000,HE,KORF,S,BHZ
smi:fi.isuh/event/1492222,2025-01-15 15:21:39.180000,HE,TRE03,P,BHZ
smi:fi.isuh/event/1492222,2025-01-15 15:21:55.680000,HE,TRE03,S,BHZ
smi:fi.isuh/event/1492222,2025-01-15 15:21:43.900000,HE,FIA0,P,SHZ
smi:fi.isuh/event/1492222,2025-01-15 15:21:46.800000,HE,KPF,P,BHZ
smi:fi.isuh/event/1492222,2025-01-15 15:22:11.480000,HE,KPF,S,BHZ
smi:fi.isuh/event/1492222,2025-01-15 15:21:47.260000,HE,KY17,P,BHZ
smi:fi.isuh/event/1492222,2025-01-15 15:22:09.720000,HE,KY17,S,BHZ
smi:fi.isuh/event/1492222,2025-01-15 15:21:49.880000,HE,KEF,P,BHZ
smi:fi.isuh/event/1492222,2025-01-15 15:22:14.420000,HE,KEF,S,BHZ
smi:fi.isuh/event/1492222,2025-01-15 15:22:13.780000,HE,VJF,S,BHZ
smi:fi.isuh/event/1492222,2025-01-15 15:21:51.000000,UP,AAL,P,BHZ
smi:fi.isuh/event/1492222,2025-01-15 15:22:17.430000,UP,AAL,S,BHZ
smi:fi.isuh/event/1492222,2025-01-15 15:21:53.980000,HE,KAF,P,BHZ
smi:fi.isuh/event/1492222,2025-01-15 15:22:21.980000,HE,KAF,S,BHZ
smi:fi.isuh/event/1492222,2025-01-15 15:21:54.180000,HE,ECKF,P,BHZ
smi:fi.isuh/event/1492222,2025-01-15 15:22:22.980000,HE,ECKF,S,BHZ
smi:fi.isuh/event/1492677,2025-01-16 09:19:15.606660,HE,RAF,P,BHZ
smi:fi.isuh/event/1492677,2025-01-16 09:19:24.455130,HE,RAF,S,BHZ
smi:fi.isuh/event/1492677,2025-01-16 09:19:17.938820,HE,MEF,P,BHZ
smi:fi.isuh/event/1492677,2025-01-16 09:19:28.744950,HE,MEF,S,BHZ
smi:fi.isuh/event/1492677,2025-01-16 09:19:18.277090,HE,TVF,P,BHZ
smi:fi.isuh/event/1492677,2025-01-16 09:19:29.325220,HE,TVF,S,BHZ
smi:fi.isuh/event/1492677,2025-01-16 09:19:19.928010,HE,KORF,P,CZ
smi:fi.isuh/event/1492677,2025-01-16 09:19:31.725970,HE,KORF,S,CZ
smi:fi.isuh/event/1492677,2025-01-16 09:19:34.812650,HE,HEL5,S,BHZ
smi:fi.isuh/event/1492677,2025-01-16 09:19:25.876840,HE,KPF,P,BHZ
smi:fi.isuh/event/1492677,2025-01-16 09:19:41.704880,HE,KPF,S,BHZ
smi:fi.isuh/event/1492677,2025-01-16 09:19:28.707890,HE,PVF,P,CZ
smi:fi.isuh/event/1492677,2025-01-16 09:19:46.816390,HE,PVF,S,CZ
smi:fi.isuh/event/1492677,2025-01-16 09:19:31.211740,UP,AAL,P,BHZ
smi:fi.isuh/event/1492677,2025-01-16 09:19:51.343520,UP,AAL,S,BHZ
smi:fi.isuh/event/1492677,2025-01-16 09:19:32.274710,HE,LOVF,P,CZ
smi:fi.isuh/event/1492677,2025-01-16 09:19:53.607080,HE,LOVF,S,CZ
smi:fi.isuh/event/1492677,2025-01-16 09:19:33.097830,HE,FIA0,P,?HZ
smi:fi.isuh/event/1492677,2025-01-16 09:19:55.163840,HE,FIA0,S,?HZ
smi:fi.isuh/event/1492677,2025-01-16 09:19:33.097830,HE,FIA1,P,?HZ
smi:fi.isuh/event/1492677,2025-01-16 09:19:55.163840,HE,FIA1,S,?HZ
smi:fi.isuh/event/1492677,2025-01-16 09:19:34.401090,HE,KEF,P,?HZ
smi:fi.isuh/event/1492677,2025-01-16 09:19:57.105310,HE,KEF,S,?HZ
smi:fi.isuh/event/1492677,2025-01-16 09:19:34.401090,HE,ECKF,P,CZ
smi:fi.isuh/event/1492677,2025-01-16 09:19:57.448280,HE,ECKF,S,CZ
smi:fi.isuh/event/1492677,2025-01-16 09:19:40.312570,HE,KAF,P,?HZ
smi:fi.isuh/event/1492677,2025-01-16 09:20:08.568830,HE,KAF,S,?HZ
smi:fi.isuh/event/1492677,2025-01-16 09:19:44.912980,HE,VAF,P,BHZ
smi:fi.isuh/event/1492677,2025-01-16 09:20:15.352280,HE,VAF,S,BHZ
smi:fi.isuh/event/1492251,2025-01-16 09:52:50.382520,HE,RUF,P,BHZ
smi:fi.isuh/event/1492251,2025-01-16 09:52:52.527710,HE,RUF,S,BHZ
smi:fi.isuh/event/1492251,2025-01-16 09:53:04.387260,HE,KY17,P,CZ
smi:fi.isuh/event/1492251,2025-01-16 09:53:16.986060,HE,KY17,S,CZ
smi:fi.isuh/event/1492251,2025-01-16 09:53:04.661420,HE,VJF,P,?HZ
smi:fi.isuh/event/1492251,2025-01-16 09:53:17.524490,HE,VJF,S,?HZ
smi:fi.isuh/event/1492251,2025-01-16 09:53:06.443480,HE,KY02,P,CZ
smi:fi.isuh/event/1492251,2025-01-16 09:53:20.485880,HE,KY02,S,CZ
smi:fi.isuh/event/1492251,2025-01-16 09:53:11.926750,HE,FIA1,P,?HZ
smi:fi.isuh/event/1492251,2025-01-16 09:53:29.743980,HE,FIA1,S,?HZ
smi:fi.isuh/event/1492251,2025-01-16 09:53:11.926750,HE,FIA0,P,?HZ
smi:fi.isuh/event/1492251,2025-01-16 09:53:29.743980,HE,FIA0,S,?HZ
smi:fi.isuh/event/1492251,2025-01-16 09:53:14.204150,HE,KAF,P,?HZ
smi:fi.isuh/event/1492251,2025-01-16 09:53:34.036480,HE,KAF,S,?HZ
smi:fi.isuh/event/1492251,2025-01-16 09:53:14.433230,HE,LOVF,P,CZ
smi:fi.isuh/event/1492251,2025-01-16 09:53:34.395430,HE,LOVF,S,CZ
smi:fi.isuh/event/1492251,2025-01-16 09:53:16.794710,HE,PVF,P,CZ
smi:fi.isuh/event/1492251,2025-01-16 09:53:38.343950,HE,PVF,S,CZ
smi:fi.isuh/event/1492710,2025-01-16 10:03:39.073290,HE,VJF,P,?HZ
smi:fi.isuh/event/1492710,2025-01-16 10:03:49.388400,HE,VJF,S,?HZ
smi:fi.isuh/event/1492710,2025-01-16 10:03:39.369380,HE,RUF,P,BHZ
smi:fi.isuh/event/1492710,2025-01-16 10:03:50.102660,HE,RUF,S,BHZ
smi:fi.isuh/event/1492710,2025-01-16 10:03:43.608150,HE,KY17,P,CZ
smi:fi.isuh/event/1492710,2025-01-16 10:03:58.164310,HE,KY17,S,CZ
smi:fi.isuh/event/1492710,2025-01-16 10:03:49.402660,HE,LOVF,P,CZ
smi:fi.isuh/event/1492710,2025-01-16 10:04:08.769230,HE,LOVF,S,CZ
smi:fi.isuh/event/1492710,2025-01-16 10:03:52.902640,HE,PVF,P,CZ
smi:fi.isuh/event/1492710,2025-01-16 10:04:14.835870,HE,PVF,S,CZ
smi:fi.isuh/event/1492710,2025-01-16 10:03:54.769300,HE,FIA1,P,?HZ
smi:fi.isuh/event/1492710,2025-01-16 10:04:18.335850,HE,FIA1,S,?HZ
smi:fi.isuh/event/1492710,2025-01-16 10:03:54.769300,HE,FIA0,P,?HZ
smi:fi.isuh/event/1492710,2025-01-16 10:04:18.335850,HE,FIA0,S,?HZ
smi:fi.isuh/event/1492710,2025-01-16 10:03:59.902610,HE,KAF,P,?HZ
smi:fi.isuh/event/1492710,2025-01-16 10:04:26.735810,HE,KAF,S,?HZ
smi:fi.isuh/event/1492469,2025-01-16 10:44:54.960000,HE,RAF,P,BHZ
smi:fi.isuh/event/1492469,2025-01-16 10:45:00.280000,HE,RAF,S,BHZ
smi:fi.isuh/event/1492469,2025-01-16 10:44:59.920000,HE,KORF,P,BHZ
smi:fi.isuh/event/1492469,2025-01-16 10:45:07.220000,HE,TVF,P,BHZ
smi:fi.isuh/event/1492469,2025-01-16 10:45:08.320000,UP,AAL,P,BHZ
smi:fi.isuh/event/1492469,2025-01-16 10:45:23.120000,UP,AAL,S,BHZ
smi:fi.isuh/event/1492469,2025-01-16 10:45:09.580000,HE,KPF,P,BHZ
smi:fi.isuh/event/1492469,2025-01-16 10:45:12.980000,HE,ECKF,P,BHZ
smi:fi.isuh/event/1492469,2025-01-16 10:45:33.620000,HE,ECKF,S,BHZ
smi:fi.isuh/event/1492469,2025-01-16 10:45:14.380000,HE,TRE03,P,BHZ
smi:fi.isuh/event/1492469,2025-01-16 10:45:22.580000,HE,PVF,P,BHZ
smi:fi.isuh/event/1492469,2025-01-16 10:45:48.020000,HE,PVF,S,BHZ
smi:fi.isuh/event/1492469,2025-01-16 10:45:25.320000,HE,KEF,P,BHZ
smi:fi.isuh/event/1492469,2025-01-16 10:45:52.760000,HE,KEF,S,BHZ
smi:fi.isuh/event/1492469,2025-01-16 10:45:25.500000,HE,FIA0,P,SHZ
smi:fi.isuh/event/1492469,2025-01-16 10:45:54.500000,HE,FIA0,S,SHZ
smi:fi.isuh/event/1492469,2025-01-16 10:45:30.780000,HE,VAF,P,BHZ
smi:fi.isuh/event/1492469,2025-01-16 10:46:02.000000,HE,VAF,S,BHZ
smi:fi.isuh/event/1492469,2025-01-16 10:46:04.420000,HE,KY17,S,BHZ
smi:fi.isuh/event/1492469,2025-01-16 10:46:05.120000,HE,KAF,S,BHZ
smi:fi.isuh/event/1492480,2025-01-16 11:06:55.370210,HE,HEL5,S,BHZ
smi:fi.isuh/event/1492480,2025-01-16 11:06:48.412940,HE,TVF,P,BHZ
smi:fi.isuh/event/1492480,2025-01-16 11:06:55.602120,HE,TVF,S,BHZ
smi:fi.isuh/event/1492480,2025-01-16 11:06:56.761670,HE,MEF,S,BHZ
smi:fi.isuh/event/1492480,2025-01-16 11:06:57.689300,HE,LAUT,S,BHZ
smi:fi.isuh/event/1492480,2025-01-16 11:07:00.472210,HE,PVF,P,CZ
smi:fi.isuh/event/1492480,2025-01-16 11:07:16.010120,HE,PVF,S,CZ
smi:fi.isuh/event/1492480,2025-01-16 11:07:02.095580,HE,LOVF,P,CZ
smi:fi.isuh/event/1492480,2025-01-16 11:07:19.256850,HE,LOVF,S,CN
smi:fi.isuh/event/1492480,2025-01-16 11:07:05.110400,HE,KORF,P,CZ
smi:fi.isuh/event/1492480,2025-01-16 11:07:23.895030,HE,KORF,S,CZ
smi:fi.isuh/event/1492480,2025-01-16 11:07:11.371940,HE,RAF,P,BHZ
smi:fi.isuh/event/1492480,2025-01-16 11:07:35.258580,HE,RAF,S,BHZ
smi:fi.isuh/event/1492480,2025-01-16 11:07:12.299580,HE,KY17,P,CZ
smi:fi.isuh/event/1492480,2025-01-16 11:07:37.345760,HE,KY17,S,CZ
smi:fi.isuh/event/1492480,2025-01-16 11:07:13.459120,HE,TRE03,P,CZ
smi:fi.isuh/event/1492480,2025-01-16 11:07:38.969130,HE,TRE03,S,CZ
smi:fi.isuh/event/1492480,2025-01-16 11:07:15.082490,HE,FIA0,P,?HZ
smi:fi.isuh/event/1492480,2025-01-16 11:07:41.056310,HE,FIA0,S,?HZ
smi:fi.isuh/event/1492480,2025-01-16 11:07:15.082490,HE,FIA1,P,?HZ
smi:fi.isuh/event/1492480,2025-01-16 11:07:41.056310,HE,FIA1,S,?HZ
smi:fi.isuh/event/1492252,2025-01-16 11:07:14.680000,HE,KU2,P,BHZ
smi:fi.isuh/event/1492252,2025-01-16 11:07:20.560000,HE,KU2,S,BHZ
smi:fi.isuh/event/1492252,2025-01-16 11:07:16.880000,HE,KU1,P,BHZ
smi:fi.isuh/event/1492252,2025-01-16 11:07:24.580000,HE,KU6,P,BHZ
smi:fi.isuh/event/1492252,2025-01-16 11:07:24.740000,FN,RANF,P,BHZ
smi:fi.isuh/event/1492252,2025-01-16 11:07:37.760000,FN,RANF,S,BHZ
smi:fi.isuh/event/1492252,2025-01-16 11:07:27.280000,FN,OLKF,P,BHZ
smi:fi.isuh/event/1492252,2025-01-16 11:07:29.850000,HE,RMF,P,BHZ
smi:fi.isuh/event/1492252,2025-01-16 11:08:04.400000,HE,TOF,S,BHZ
smi:fi.isuh/event/1492252,2025-01-16 11:07:40.480000,HE,NIF,P,BHZ
smi:fi.isuh/event/1492252,2025-01-16 11:08:05.880000,HE,NIF,S,BHZ
smi:fi.isuh/event/1492252,2025-01-16 11:07:53.180000,HE,JOF,P,BHZ
smi:fi.isuh/event/1492252,2025-01-16 11:08:24.500000,FN,KLF,S,BHZ
smi:fi.isuh/event/1492738,2025-01-16 11:24:59.337530,HE,OBF3,P,BHZ
smi:fi.isuh/event/1492738,2025-01-16 11:25:05.640490,HE,OBF3,S,BHZ
smi:fi.isuh/event/1492738,2025-01-16 11:25:06.475690,HE,OBF0,P,BHZ
smi:fi.isuh/event/1492738,2025-01-16 11:25:17.223540,HE,OBF0,S,BHZ
smi:fi.isuh/event/1492738,2025-01-16 11:25:06.327090,HE,OUF,P,BHZ
smi:fi.isuh/event/1492738,2025-01-16 11:25:17.832490,HE,OUF,S,BHZ
smi:fi.isuh/event/1492738,2025-01-16 11:25:07.873400,HE,TOF,P,BHZ
smi:fi.isuh/event/1492738,2025-01-16 11:25:20.685760,HE,TOF,S,BHZ
smi:fi.isuh/event/1492738,2025-01-16 11:25:08.339310,FN,RANF,P,?HZ
smi:fi.isuh/event/1492738,2025-01-16 11:25:20.893920,FN,RANF,S,?HZ
smi:fi.isuh/event/1492738,2025-01-16 11:25:13.282160,HE,KU2,P,SHZ
smi:fi.isuh/event/1492738,2025-01-16 11:25:29.537930,HE,KU2,S,SHZ
smi:fi.isuh/event/1492738,2025-01-16 11:25:21.617560,HE,KU1,P,SHZ
smi:fi.isuh/event/1492738,2025-01-16 11:25:44.446850,HE,KU1,S,SHZ
smi:fi.isuh/event/1492738,2025-01-16 11:25:25.111840,FN,OLKF,P,BHZ
smi:fi.isuh/event/1492738,2025-01-16 11:25:50.736550,FN,OLKF,S,BHZ
smi:fi.isuh/event/1492738,2025-01-16 11:25:51.901310,HE,KU6,S,BHZ
smi:fi.isuh/event/1492477,2025-01-16 11:31:19.040000,HE,KUNI,P,BHZ
smi:fi.isuh/event/1492477,2025-01-16 11:31:21.060000,HE,KUNI,S,BHZ
smi:fi.isuh/event/1492477,2025-01-16 11:31:18.480000,HE,NUR,P,BHZ
smi:fi.isuh/event/1492477,2025-01-16 11:31:20.620000,HE,HEL1,P,BHZ
smi:fi.isuh/event/1492477,2025-01-16 11:31:23.780000,HE,HEL1,S,BHZ
smi:fi.isuh/event/1492477,2025-01-16 11:31:21.080000,HE,LAUT,P,BHZ
smi:fi.isuh/event/1492477,2025-01-16 11:31:24.640000,HE,LAUT,S,BHZ
smi:fi.isuh/event/1492477,2025-01-16 11:31:21.180000,HE,VUOS,P,BHZ
smi:fi.isuh/event/1492477,2025-01-16 11:31:24.860000,HE,VUOS,S,BHZ
smi:fi.isuh/event/1492477,2025-01-16 11:31:21.780000,HE,HEL5,P,BHZ
smi:fi.isuh/event/1492477,2025-01-16 11:31:25.500000,HE,HEL5,S,BHZ
smi:fi.isuh/event/1492477,2025-01-16 11:31:21.580000,HE,MEF,P,BHZ
smi:fi.isuh/event/1492477,2025-01-16 11:31:25.800000,HE,MEF,S,BHZ
smi:fi.isuh/event/1492477,2025-01-16 11:31:25.680000,HE,PVF,P,BHZ
smi:fi.isuh/event/1492477,2025-01-16 11:31:32.680000,HE,PVF,S,BHZ
smi:fi.isuh/event/1492477,2025-01-16 11:31:34.080000,HE,TVF,P,BHZ
smi:fi.isuh/event/1492477,2025-01-16 11:31:38.100000,HE,FIA0,P,SHZ
smi:fi.isuh/event/1492477,2025-01-16 11:31:59.700000,HE,FIA0,S,SHZ
smi:fi.isuh/event/1492477,2025-01-16 11:31:38.250000,HE,KY17,P,BHZ
smi:fi.isuh/event/1492477,2025-01-16 11:31:54.540000,HE,KY17,S,BHZ
smi:fi.isuh/event/1492477,2025-01-16 11:31:39.280000,HE,TRE03,P,BHZ
smi:fi.isuh/event/1492477,2025-01-16 11:31:55.640000,HE,TRE03,S,BHZ
smi:fi.isuh/event/1492477,2025-01-16 11:31:40.480000,HE,VJF,P,BHZ
smi:fi.isuh/event/1492477,2025-01-16 11:32:02.440000,HE,VJF,S,BHZ
smi:fi.isuh/event/1492477,2025-01-16 11:31:45.930000,HE,RAF,P,BHZ
smi:fi.isuh/event/1492477,2025-01-16 11:32:07.880000,HE,RAF,S,BHZ
smi:fi.isuh/event/1492477,2025-01-16 11:31:46.980000,HE,KORF,P,BHZ
smi:fi.isuh/event/1492477,2025-01-16 11:31:48.730000,HE,KEF,P,BHZ
smi:fi.isuh/event/1492477,2025-01-16 11:31:50.330000,HE,KAF,P,BHZ
smi:fi.isuh/event/1492477,2025-01-16 11:31:52.080000,HE,KPF,P,BHZ
smi:fi.isuh/event/1492477,2025-01-16 11:32:17.580000,HE,KPF,S,BHZ
smi:fi.isuh/event/1492477,2025-01-16 11:32:30.360000,HE,SUF,S,BHZ
smi:fi.isuh/event/1492477,2025-01-16 11:32:41.680000,HE,VAF,S,BHZ
smi:fi.isuh/event/1492477,2025-01-16 11:33:12.180000,HE,JOF,S,BHZ
smi:fi.isuh/event/1492478,2025-01-16 11:37:19.880000,HE,KUNI,P,BHZ
smi:fi.isuh/event/1492478,2025-01-16 11:37:21.480000,HE,NUR,P,BHZ
smi:fi.isuh/event/1492478,2025-01-16 11:37:24.080000,HE,NUR,S,BHZ
smi:fi.isuh/event/1492478,2025-01-16 11:37:21.680000,HE,HEL1,P,BHZ
smi:fi.isuh/event/1492478,2025-01-16 11:37:24.220000,HE,HEL1,S,BHZ
smi:fi.isuh/event/1492478,2025-01-16 11:37:21.980000,HE,VUOS,P,BHZ
smi:fi.isuh/event/1492478,2025-01-16 11:37:24.940000,HE,VUOS,S,BHZ
smi:fi.isuh/event/1492478,2025-01-16 11:37:22.180000,HE,LAUT,P,BHZ
smi:fi.isuh/event/1492478,2025-01-16 11:37:25.140000,HE,LAUT,S,BHZ
smi:fi.isuh/event/1492478,2025-01-16 11:37:22.980000,HE,HEL5,P,BHZ
smi:fi.isuh/event/1492478,2025-01-16 11:37:25.880000,HE,HEL5,S,BHZ
smi:fi.isuh/event/1492478,2025-01-16 11:37:23.440000,HE,MEF,P,BHZ
smi:fi.isuh/event/1492478,2025-01-16 11:37:27.640000,HE,MEF,S,BHZ
smi:fi.isuh/event/1492478,2025-01-16 11:37:27.190000,HE,PVF,P,BHZ
smi:fi.isuh/event/1492478,2025-01-16 11:37:33.780000,HE,PVF,S,BHZ
smi:fi.isuh/event/1492478,2025-01-16 11:37:36.180000,HE,TVF,P,BHZ
smi:fi.isuh/event/1492478,2025-01-16 11:37:39.780000,HE,KY17,P,BHZ
smi:fi.isuh/event/1492478,2025-01-16 11:37:56.100000,HE,KY17,S,BHZ
smi:fi.isuh/event/1492478,2025-01-16 11:37:40.100000,HE,FIA0,P,SHZ
smi:fi.isuh/event/1492478,2025-01-16 11:38:01.500000,HE,FIA0,S,SHZ
smi:fi.isuh/event/1492478,2025-01-16 11:37:41.980000,HE,TRE03,P,BHZ
smi:fi.isuh/event/1492478,2025-01-16 11:37:59.220000,HE,TRE03,S,BHZ
smi:fi.isuh/event/1492478,2025-01-16 11:37:41.880000,HE,VJF,P,BHZ
smi:fi.isuh/event/1492478,2025-01-16 11:38:00.100000,HE,VJF,S,BHZ
smi:fi.isuh/event/1492478,2025-01-16 11:37:48.560000,HE,RAF,P,BHZ
smi:fi.isuh/event/1492478,2025-01-16 11:38:11.100000,HE,RAF,S,BHZ
smi:fi.isuh/event/1492478,2025-01-16 11:37:49.080000,HE,KORF,P,BHZ
smi:fi.isuh/event/1492478,2025-01-16 11:38:11.840000,HE,KORF,S,BHZ
smi:fi.isuh/event/1492478,2025-01-16 11:37:51.130000,HE,KEF,P,BHZ
smi:fi.isuh/event/1492478,2025-01-16 11:37:52.080000,HE,KAF,P,BHZ
smi:fi.isuh/event/1492478,2025-01-16 11:38:16.720000,HE,KAF,S,BHZ
smi:fi.isuh/event/1492478,2025-01-16 11:37:54.180000,HE,KPF,P,BHZ
smi:fi.isuh/event/1492478,2025-01-16 11:38:20.420000,HE,KPF,S,BHZ
smi:fi.isuh/event/1492478,2025-01-16 11:37:56.680000,HE,RUF,P,BHZ
smi:fi.isuh/event/1492478,2025-01-16 11:38:27.880000,HE,RUF,S,BHZ
smi:fi.isuh/event/1492478,2025-01-16 11:38:00.700000,HE,SUF,P,BHZ
smi:fi.isuh/event/1492478,2025-01-16 11:38:32.940000,HE,SUF,S,BHZ
smi:fi.isuh/event/1492478,2025-01-16 11:38:33.330000,UP,AAL,S,BHZ
smi:fi.isuh/event/1492478,2025-01-16 11:38:39.860000,HE,ECKF,S,BHZ
smi:fi.isuh/event/1492478,2025-01-16 11:38:08.080000,HE,VAF,P,BHZ
smi:fi.isuh/event/1492478,2025-01-16 11:38:44.060000,HE,VAF,S,BHZ
smi:fi.isuh/event/1492478,2025-01-16 11:38:20.740000,HE,JOF,P,BHZ
smi:fi.isuh/event/1492681,2025-01-16 11:41:48.080000,HE,NIF,P,BHZ
smi:fi.isuh/event/1492681,2025-01-16 11:41:51.770000,HE,NIF,S,BHZ
smi:fi.isuh/event/1492681,2025-01-16 11:41:59.180000,HE,SUF,P,BHZ
smi:fi.isuh/event/1492681,2025-01-16 11:42:12.280000,HE,SUF,S,BHZ
smi:fi.isuh/event/1492681,2025-01-16 11:42:04.580000,HE,KJNF,P,BHZ
smi:fi.isuh/event/1492681,2025-01-16 11:42:19.500000,HE,KJNF,S,BHZ
smi:fi.isuh/event/1492681,2025-01-16 11:42:06.180000,HE,KAF,P,BHZ
smi:fi.isuh/event/1492681,2025-01-16 11:42:26.460000,HE,KAF,S,BHZ
smi:fi.isuh/event/1492681,2025-01-16 11:42:10.180000,HE,RMF,P,BHZ
smi:fi.isuh/event/1492681,2025-01-16 11:42:31.180000,HE,RMF,S,BHZ
smi:fi.isuh/event/1492681,2025-01-16 11:42:13.320000,HE,JOF,P,BHZ
smi:fi.isuh/event/1492681,2025-01-16 11:42:34.880000,HE,JOF,S,BHZ
smi:fi.isuh/event/1492681,2025-01-16 11:42:14.100000,HE,KEF,P,BHZ
smi:fi.isuh/event/1492681,2025-01-16 11:42:16.380000,HE,RUF,P,BHZ
smi:fi.isuh/event/1492681,2025-01-16 11:42:41.880000,HE,RUF,S,BHZ
smi:fi.isuh/event/1492681,2025-01-16 11:42:16.680000,HE,OUF,P,BHZ
smi:fi.isuh/event/1492681,2025-01-16 11:42:18.400000,HE,FIA0,P,SHZ
smi:fi.isuh/event/1492681,2025-01-16 11:42:21.380000,HE,OBF0,P,BHZ
smi:fi.isuh/event/1492681,2025-01-16 11:42:22.480000,HE,OBF3,P,BHZ
smi:fi.isuh/event/1492681,2025-01-16 11:42:23.720000,HE,KY17,P,BHZ
smi:fi.isuh/event/1492681,2025-01-16 11:42:24.260000,HE,TRE03,P,BHZ
smi:fi.isuh/event/1492681,2025-01-16 11:42:24.780000,HE,VAF,P,BHZ
smi:fi.isuh/event/1492681,2025-01-16 11:42:54.960000,HE,VAF,S,BHZ
smi:fi.isuh/event/1492681,2025-01-16 11:42:28.080000,HE,KU1,P,BHZ
smi:fi.isuh/event/1492681,2025-01-16 11:42:29.480000,HE,KU2,P,BHZ
smi:fi.isuh/event/1492681,2025-01-16 11:43:04.780000,HE,KU2,S,BHZ
smi:fi.isuh/event/1492681,2025-01-16 11:42:29.600000,HE,VJF,P,BHZ
smi:fi.isuh/event/1492681,2025-01-16 11:43:05.420000,HE,VJF,S,BHZ
smi:fi.isuh/event/1492681,2025-01-16 11:42:33.180000,HE,PVF,P,BHZ
smi:fi.isuh/event/1492681,2025-01-16 11:43:10.460000,HE,PVF,S,BHZ
smi:fi.isuh/event/1492681,2025-01-16 11:42:34.980000,FN,RANF,P,BHZ
smi:fi.isuh/event/1492681,2025-01-16 11:43:10.600000,FN,RANF,S,BHZ
smi:fi.isuh/event/1492681,2025-01-16 11:42:34.300000,HE,KPF,P,BHZ
smi:fi.isuh/event/1492681,2025-01-16 11:43:13.620000,HE,KPF,S,BHZ
smi:fi.isuh/event/1492681,2025-01-16 11:42:37.430000,HE,KU6,P,BHZ
smi:fi.isuh/event/1492681,2025-01-16 11:43:18.600000,HE,KU6,S,BHZ
smi:fi.isuh/event/1492681,2025-01-16 11:43:18.380000,HE,NUR,S,BHZ
smi:fi.isuh/event/1492681,2025-01-16 11:42:41.180000,FN,OLKF,P,BHZ
smi:fi.isuh/event/1492681,2025-01-16 11:43:20.920000,FN,OLKF,S,BHZ
smi:fi.isuh/event/1492681,2025-01-16 11:43:20.060000,HE,TOF,S,BHZ
smi:fi.isuh/event/1492681,2025-01-16 11:42:43.360000,HE,RAF,P,BHZ
smi:fi.isuh/event/1492681,2025-01-16 11:43:44.080000,HE,TVF,S,BHZ
smi:fi.isuh/event/1492465,2025-01-16 11:50:13.380000,HE,TRE03,P,BHZ
smi:fi.isuh/event/1492465,2025-01-16 11:50:24.480000,HE,KEF,P,BHZ
smi:fi.isuh/event/1492465,2025-01-16 11:50:34.340000,HE,KEF,S,BHZ
smi:fi.isuh/event/1492465,2025-01-16 11:50:27.880000,HE,KPF,P,BHZ
smi:fi.isuh/event/1492465,2025-01-16 11:50:30.100000,HE,FIA0,P,SHZ
smi:fi.isuh/event/1492465,2025-01-16 11:50:43.800000,HE,FIA0,S,SHZ
smi:fi.isuh/event/1492465,2025-01-16 11:50:47.880000,HE,NUR,S,BHZ
smi:fi.isuh/event/1492465,2025-01-16 11:50:33.030000,HE,RAF,P,BHZ
smi:fi.isuh/event/1492465,2025-01-16 11:50:49.880000,HE,RAF,S,BHZ
smi:fi.isuh/event/1492465,2025-01-16 11:50:33.780000,HE,KAF,P,BHZ
smi:fi.isuh/event/1492465,2025-01-16 11:50:51.480000,HE,KAF,S,BHZ
smi:fi.isuh/event/1492465,2025-01-16 11:50:55.560000,HE,MEF,S,BHZ
smi:fi.isuh/event/1492465,2025-01-16 11:50:37.340000,HE,PVF,P,BHZ
smi:fi.isuh/event/1492465,2025-01-16 11:50:56.880000,HE,PVF,S,BHZ
smi:fi.isuh/event/1492465,2025-01-16 11:50:59.050000,HE,LAUT,S,BHZ
smi:fi.isuh/event/1492465,2025-01-16 11:50:59.580000,HE,HEL5,S,BHZ
smi:fi.isuh/event/1492465,2025-01-16 11:50:39.280000,HE,SUF,P,BHZ
smi:fi.isuh/event/1492465,2025-01-16 11:51:01.260000,HE,SUF,S,BHZ
smi:fi.isuh/event/1492465,2025-01-16 11:50:40.480000,HE,VAF,P,BHZ
smi:fi.isuh/event/1492465,2025-01-16 11:51:01.980000,HE,VAF,S,BHZ
smi:fi.isuh/event/1492465,2025-01-16 11:50:41.740000,HE,KY17,P,BHZ
smi:fi.isuh/event/1492465,2025-01-16 11:51:03.480000,HE,KY17,S,BHZ
smi:fi.isuh/event/1492465,2025-01-16 11:50:43.680000,HE,TVF,P,BHZ
smi:fi.isuh/event/1492465,2025-01-16 11:51:08.240000,HE,TVF,S,BHZ
smi:fi.isuh/event/1492465,2025-01-16 11:50:45.680000,HE,KORF,P,BHZ
smi:fi.isuh/event/1492465,2025-01-16 11:51:12.120000,HE,KORF,S,BHZ
smi:fi.isuh/event/1492465,2025-01-16 11:51:14.880000,HE,VJF,S,BHZ
smi:fi.isuh/event/1492465,2025-01-16 11:50:53.280000,UP,AAL,P,BHZ
smi:fi.isuh/event/1492465,2025-01-16 11:51:25.200000,UP,AAL,S,BHZ
smi:fi.isuh/event/1492465,2025-01-16 11:50:54.280000,HE,RUF,P,BHZ
smi:fi.isuh/event/1492465,2025-01-16 11:51:29.260000,HE,NIF,S,BHZ
smi:fi.isuh/event/1492465,2025-01-16 11:51:30.760000,HE,ECKF,S,BHZ
smi:fi.isuh/event/1492253,2025-01-16 12:04:13.910000,HE,KORF,P,BHZ
smi:fi.isuh/event/1492253,2025-01-16 12:04:19.540000,HE,KORF,S,BHZ
smi:fi.isuh/event/1492253,2025-01-16 12:04:19.100000,HE,TVF,P,BHZ
smi:fi.isuh/event/1492253,2025-01-16 12:04:19.980000,HE,RAF,P,BHZ
smi:fi.isuh/event/1492253,2025-01-16 12:04:30.160000,HE,RAF,S,BHZ
smi:fi.isuh/event/1492253,2025-01-16 12:04:48.000000,UP,AAL,S,BHZ
smi:fi.isuh/event/1492253,2025-01-16 12:04:31.740000,HE,ECKF,P,BHZ
smi:fi.isuh/event/1492253,2025-01-16 12:04:53.280000,HE,ECKF,S,BHZ
smi:fi.isuh/event/1492253,2025-01-16 12:04:33.780000,HE,KPF,P,BHZ
smi:fi.isuh/event/1492253,2025-01-16 12:04:57.580000,HE,KPF,S,BHZ
smi:fi.isuh/event/1492253,2025-01-16 12:05:13.100000,HE,FIA0,S,SHZ
smi:fi.isuh/event/1492253,2025-01-16 12:05:17.620000,HE,KEF,S,BHZ
smi:fi.isuh/event/1492483,2025-01-16 12:06:17.180000,HE,TOF,P,BHZ
smi:fi.isuh/event/1492483,2025-01-16 12:06:31.840000,HE,TOF,S,BHZ
smi:fi.isuh/event/1492483,2025-01-16 12:06:25.860000,HE,OBF3,P,BHZ
smi:fi.isuh/event/1492483,2025-01-16 12:06:47.880000,HE,OBF3,S,BHZ
smi:fi.isuh/event/1492483,2025-01-16 12:06:28.480000,FN,KLF,P,BHZ
smi:fi.isuh/event/1492483,2025-01-16 12:06:50.640000,FN,KLF,S,BHZ
smi:fi.isuh/event/1492483,2025-01-16 12:06:27.860000,HE,OBF0,P,BHZ
smi:fi.isuh/event/1492483,2025-01-16 12:06:50.880000,HE,OBF0,S,BHZ
smi:fi.isuh/event/1492483,2025-01-16 12:06:31.730000,HE,OUF,P,BHZ
smi:fi.isuh/event/1492483,2025-01-16 12:06:33.980000,FN,RANF,P,BHZ
smi:fi.isuh/event/1492483,2025-01-16 12:07:01.460000,FN,RANF,S,BHZ
smi:fi.isuh/event/1492483,2025-01-16 12:06:41.730000,HE,HEF,P,BHZ
smi:fi.isuh/event/1492483,2025-01-16 12:06:44.630000,HE,VAF,P,BHZ
smi:fi.isuh/event/1492483,2025-01-16 12:07:36.680000,HE,VRF,S,BHZ
smi:fi.isuh/event/1492486,2025-01-16 16:19:25.699220,HE,KEV,P,?HZ
smi:fi.isuh/event/1492486,2025-01-16 16:19:43.573850,HE,KEV,S,?HZ
smi:fi.isuh/event/1492486,2025-01-16 16:19:53.242220,HE,VRF,S,BHZ
smi:fi.isuh/event/1492687,2025-01-16 16:34:48.880000,HE,RUF,P,BHZ
smi:fi.isuh/event/1492687,2025-01-16 16:34:55.680000,HE,RUF,S,BHZ
smi:fi.isuh/event/1492687,2025-01-16 16:35:01.880000,HE,VJF,P,BHZ
smi:fi.isuh/event/1492687,2025-01-16 16:35:23.380000,HE,VJF,S,BHZ
smi:fi.isuh/event/1492687,2025-01-16 16:35:03.780000,HE,KY17,P,BHZ
smi:fi.isuh/event/1492687,2025-01-16 16:35:25.280000,HE,KY17,S,BHZ
smi:fi.isuh/event/1492687,2025-01-16 16:35:12.100000,HE,FIA0,P,SHZ
smi:fi.isuh/event/1492687,2025-01-16 16:35:36.800000,HE,FIA0,S,SHZ
smi:fi.isuh/event/1492687,2025-01-16 16:35:13.720000,HE,JOF,P,BHZ
smi:fi.isuh/event/1492687,2025-01-16 16:35:39.640000,HE,JOF,S,BHZ
smi:fi.isuh/event/1492687,2025-01-16 16:35:15.100000,HE,KAF,P,BHZ
smi:fi.isuh/event/1492687,2025-01-16 16:35:39.800000,HE,KAF,S,BHZ
smi:fi.isuh/event/1492687,2025-01-16 16:35:14.680000,HE,PVF,P,BHZ
smi:fi.isuh/event/1492687,2025-01-16 16:35:43.780000,HE,PVF,S,BHZ
smi:fi.isuh/event/1492687,2025-01-16 16:35:22.840000,HE,SUF,P,BHZ
smi:fi.isuh/event/1492687,2025-01-16 16:35:53.360000,HE,SUF,S,BHZ
smi:fi.isuh/event/1492687,2025-01-16 16:35:23.680000,HE,NIF,P,BHZ
smi:fi.isuh/event/1492687,2025-01-16 16:35:54.680000,HE,NIF,S,BHZ
smi:fi.isuh/event/1492687,2025-01-16 16:35:23.680000,HE,VUOS,P,BHZ
smi:fi.isuh/event/1492687,2025-01-16 16:35:57.880000,HE,VUOS,S,BHZ
smi:fi.isuh/event/1492687,2025-01-16 16:35:24.830000,HE,KUNI,P,BHZ
smi:fi.isuh/event/1492687,2025-01-16 16:35:24.180000,HE,KEF,P,BHZ
smi:fi.isuh/event/1492687,2025-01-16 16:35:58.280000,HE,KEF,S,BHZ
smi:fi.isuh/event/1492687,2025-01-16 16:35:23.080000,HE,NUR,P,BHZ
smi:fi.isuh/event/1492687,2025-01-16 16:35:51.420000,HE,HEL1,S,BHZ
smi:fi.isuh/event/1492687,2025-01-16 16:35:27.180000,HE,HEL5,P,BHZ
smi:fi.isuh/event/1492687,2025-01-16 16:36:01.760000,HE,HEL5,S,BHZ
smi:fi.isuh/event/1492687,2025-01-16 16:35:28.180000,HE,TRE03,P,BHZ
smi:fi.isuh/event/1492687,2025-01-16 16:35:28.980000,HE,MEF,P,BHZ
smi:fi.isuh/event/1492687,2025-01-16 16:35:32.030000,HE,RMF,P,BHZ
smi:fi.isuh/event/1492687,2025-01-16 16:35:35.460000,HE,KJNF,P,BHZ
smi:fi.isuh/event/1492379,2025-01-17 08:16:47.880000,HE,TOF,P,BHZ
smi:fi.isuh/event/1492379,2025-01-17 08:16:55.800000,HE,TOF,S,BHZ
smi:fi.isuh/event/1492379,2025-01-17 08:16:49.280000,FN,KLF,P,BHZ
smi:fi.isuh/event/1492379,2025-01-17 08:16:59.160000,FN,KLF,S,BHZ
smi:fi.isuh/event/1492379,2025-01-17 08:16:51.740000,FN,RANF,P,BHZ
smi:fi.isuh/event/1492379,2025-01-17 08:17:00.200000,FN,RANF,S,BHZ
smi:fi.isuh/event/1492379,2025-01-17 08:17:02.980000,HE,KU2,P,BHZ
smi:fi.isuh/event/1492379,2025-01-17 08:17:25.180000,HE,KU2,S,BHZ
smi:fi.isuh/event/1492379,2025-01-17 08:17:06.260000,FN,OLKF,P,BHZ
smi:fi.isuh/event/1492379,2025-01-17 08:17:27.960000,FN,OLKF,S,BHZ
smi:fi.isuh/event/1492379,2025-01-17 08:17:08.980000,HE,HEF,P,BHZ
smi:fi.isuh/event/1492379,2025-01-17 08:17:32.920000,HE,HEF,S,BHZ
smi:fi.isuh/event/1492379,2025-01-17 08:17:09.050000,HE,OBF3,P,BHZ
smi:fi.isuh/event/1492379,2025-01-17 08:17:33.620000,HE,OBF3,S,BHZ
smi:fi.isuh/event/1492379,2025-01-17 08:17:10.440000,HE,KU6,P,BHZ
smi:fi.isuh/event/1492379,2025-01-17 08:17:36.200000,HE,KU6,S,BHZ
smi:fi.isuh/event/1492379,2025-01-17 08:17:11.780000,HE,VRF,P,BHZ
smi:fi.isuh/event/1492379,2025-01-17 08:17:38.200000,HE,VRF,S,BHZ
smi:fi.isuh/event/1492379,2025-01-17 08:17:12.160000,HE,KU1,P,BHZ
smi:fi.isuh/event/1492379,2025-01-17 08:17:38.640000,HE,KU1,S,BHZ
smi:fi.isuh/event/1492379,2025-01-17 08:17:41.960000,FN,RAJF,S,BHZ
smi:fi.isuh/event/1492379,2025-01-17 08:17:42.600000,HE,OBF0,S,BHZ
smi:fi.isuh/event/1492379,2025-01-17 08:17:46.960000,HE,OUF,S,BHZ
smi:fi.isuh/event/1492489,2025-01-17 09:43:51.629610,HE,RUF,P,BHZ
smi:fi.isuh/event/1492489,2025-01-17 09:43:58.677310,HE,RUF,S,BHZ
smi:fi.isuh/event/1492489,2025-01-17 09:44:04.489870,HE,VJF,P,?HZ
smi:fi.isuh/event/1492489,2025-01-17 09:44:21.247940,HE,VJF,S,?HZ
smi:fi.isuh/event/1492489,2025-01-17 09:44:06.472180,HE,KY17,P,CZ
smi:fi.isuh/event/1492489,2025-01-17 09:44:24.492900,HE,KY17,S,CZ
smi:fi.isuh/event/1492489,2025-01-17 09:44:14.772670,HE,FIA1,P,?HZ
smi:fi.isuh/event/1492489,2025-01-17 09:44:39.033570,HE,FIA1,S,?HZ
smi:fi.isuh/event/1492489,2025-01-17 09:44:14.772670,HE,FIA0,P,?HZ
smi:fi.isuh/event/1492489,2025-01-17 09:44:39.033570,HE,FIA0,S,?HZ
smi:fi.isuh/event/1492489,2025-01-17 09:44:15.178980,HE,LOVF,P,CZ
smi:fi.isuh/event/1492489,2025-01-17 09:44:39.962880,HE,LOVF,S,CZ
smi:fi.isuh/event/1492489,2025-01-17 09:44:15.680970,HE,JOF,P,BHZ
smi:fi.isuh/event/1492489,2025-01-17 09:44:40.799810,HE,JOF,S,BHZ
smi:fi.isuh/event/1492489,2025-01-17 09:44:17.152530,HE,KAF,P,?HZ
smi:fi.isuh/event/1492489,2025-01-17 09:44:41.785620,HE,KAF,S,?HZ
smi:fi.isuh/event/1492489,2025-01-17 09:44:17.384710,HE,PVF,P,CZ
smi:fi.isuh/event/1492489,2025-01-17 09:44:45.136040,HE,PVF,S,CZ
smi:fi.isuh/event/1492488,2025-01-17 11:36:55.600000,HE,MEF,P,BHZ
smi:fi.isuh/event/1492488,2025-01-17 11:36:57.180000,HE,HEL5,P,BHZ
smi:fi.isuh/event/1492488,2025-01-17 11:36:57.590000,HE,KUNI,P,BHZ
smi:fi.isuh/event/1492488,2025-01-17 11:37:00.340000,HE,KUNI,S,BHZ
smi:fi.isuh/event/1492488,2025-01-17 11:36:57.470000,HE,HEL1,P,BHZ
smi:fi.isuh/event/1492488,2025-01-17 11:37:00.020000,HE,HEL1,S,BHZ
smi:fi.isuh/event/1492488,2025-01-17 11:36:57.450000,HE,LAUT,P,BHZ
smi:fi.isuh/event/1492488,2025-01-17 11:36:59.260000,HE,NUR,P,BHZ
smi:fi.isuh/event/1492488,2025-01-17 11:37:02.900000,HE,NUR,S,BHZ
smi:fi.isuh/event/1492488,2025-01-17 11:36:59.820000,HE,VUOS,P,BHZ
smi:fi.isuh/event/1492488,2025-01-17 11:37:01.220000,HE,VUOS,S,BHZ
smi:fi.isuh/event/1492488,2025-01-17 11:37:07.540000,HE,PVF,P,BHZ
smi:fi.isuh/event/1492488,2025-01-17 11:37:21.380000,HE,KY17,P,BHZ
smi:fi.isuh/event/1492488,2025-01-17 11:37:21.200000,HE,FIA0,P,SHZ
smi:fi.isuh/event/1492488,2025-01-17 11:37:22.660000,HE,KORF,P,BHZ
smi:fi.isuh/event/1492488,2025-01-17 11:37:23.630000,HE,RAF,P,BHZ
smi:fi.isuh/event/1492487,2025-01-17 12:16:10.380000,HE,HEL5,P,BHZ
smi:fi.isuh/event/1492487,2025-01-17 12:16:11.880000,HE,HEL5,S,BHZ
smi:fi.isuh/event/1492487,2025-01-17 12:16:10.360000,HE,MEF,P,BHZ
smi:fi.isuh/event/1492487,2025-01-17 12:16:11.430000,HE,LAUT,P,BHZ
smi:fi.isuh/event/1492487,2025-01-17 12:16:13.560000,HE,LAUT,S,BHZ
smi:fi.isuh/event/1492487,2025-01-17 12:16:11.640000,HE,HEL1,P,BHZ
smi:fi.isuh/event/1492487,2025-01-17 12:16:14.300000,HE,HEL1,S,BHZ
smi:fi.isuh/event/1492487,2025-01-17 12:16:12.560000,HE,KUNI,P,BHZ
smi:fi.isuh/event/1492487,2025-01-17 12:16:14.210000,HE,VUOS,P,BHZ
smi:fi.isuh/event/1492487,2025-01-17 12:16:15.310000,HE,NUR,P,BHZ
smi:fi.isuh/event/1492487,2025-01-17 12:16:22.770000,HE,PVF,P,BHZ
smi:fi.isuh/event/1492487,2025-01-17 12:16:37.400000,HE,KORF,P,BHZ
smi:fi.isuh/event/1492475,2025-01-17 12:39:33.040000,HE,VRF,P,BHZ
smi:fi.isuh/event/1492475,2025-01-17 12:39:37.800000,HE,VRF,S,BHZ
smi:fi.isuh/event/1492475,2025-01-17 12:39:48.280000,FN,RAJF,P,BHZ
smi:fi.isuh/event/1492475,2025-01-17 12:40:04.800000,FN,RAJF,S,BHZ
smi:fi.isuh/event/1492475,2025-01-17 12:39:49.880000,FN,OLKF,P,BHZ
smi:fi.isuh/event/1492475,2025-01-17 12:40:08.200000,FN,OLKF,S,BHZ
smi:fi.isuh/event/1492475,2025-01-17 12:39:54.200000,HE,KU6,P,BHZ
smi:fi.isuh/event/1492475,2025-01-17 12:40:14.640000,HE,KU6,S,BHZ
smi:fi.isuh/event/1492475,2025-01-17 12:40:02.300000,HE,KU1,P,BHZ
smi:fi.isuh/event/1492475,2025-01-17 12:40:02.780000,HE,KU2,P,BHZ
smi:fi.isuh/event/1492475,2025-01-17 12:40:02.920000,FN,RANF,P,BHZ
smi:fi.isuh/event/1492475,2025-01-17 12:40:31.200000,FN,RANF,S,BHZ
smi:fi.isuh/event/1492475,2025-01-17 12:40:08.730000,FN,KLF,P,BHZ
smi:fi.isuh/event/1492475,2025-01-17 12:40:43.080000,FN,KLF,S,BHZ
smi:fi.isuh/event/1492475,2025-01-17 12:40:09.000000,HE,KEV,P,BHZ
smi:fi.isuh/event/1492475,2025-01-17 12:40:40.800000,HE,KEV,S,BHZ
smi:fi.isuh/event/1492475,2025-01-17 12:40:10.680000,HE,HEF,P,BHZ
smi:fi.isuh/event/1492475,2025-01-17 12:40:47.560000,HE,HEF,S,BHZ
smi:fi.isuh/event/1492475,2025-01-17 12:40:12.260000,HE,TOF,P,BHZ
smi:fi.isuh/event/1492475,2025-01-17 12:40:52.200000,HE,TOF,S,BHZ
smi:fi.isuh/event/1492475,2025-01-17 12:40:20.100000,HE,RMF,P,BHZ
smi:fi.isuh/event/1492475,2025-01-17 12:40:23.900000,HE,OBF3,P,BHZ
smi:fi.isuh/event/1492475,2025-01-17 12:40:27.680000,HE,KIF,P,BHZ
smi:fi.isuh/event/1492463,2025-01-17 13:03:41.480000,HE,NUR,P,BHZ
smi:fi.isuh/event/1492463,2025-01-17 13:03:45.680000,HE,MEF,P,BHZ
smi:fi.isuh/event/1492463,2025-01-17 13:03:54.120000,HE,MEF,S,BHZ
smi:fi.isuh/event/1492463,2025-01-17 13:03:48.750000,HE,TRE03,P,BHZ
smi:fi.isuh/event/1492463,2025-01-17 13:03:59.080000,HE,TRE03,S,BHZ
smi:fi.isuh/event/1492463,2025-01-17 13:03:48.460000,HE,PVF,P,BHZ
smi:fi.isuh/event/1492463,2025-01-17 13:04:08.600000,HE,FIA0,S,SHZ
smi:fi.isuh/event/1492463,2025-01-17 13:03:57.780000,HE,RAF,P,BHZ
smi:fi.isuh/event/1492463,2025-01-17 13:04:15.320000,HE,RAF,S,BHZ
smi:fi.isuh/event/1492463,2025-01-17 13:04:15.420000,HE,KY17,S,BHZ
smi:fi.isuh/event/1492463,2025-01-17 13:03:58.760000,HE,KEF,P,BHZ
smi:fi.isuh/event/1492463,2025-01-17 13:04:15.840000,HE,KEF,S,BHZ
smi:fi.isuh/event/1492463,2025-01-17 13:04:01.560000,HE,KPF,P,BHZ
smi:fi.isuh/event/1492463,2025-01-17 13:04:22.180000,HE,KPF,S,BHZ
smi:fi.isuh/event/1492463,2025-01-17 13:04:23.160000,HE,KAF,S,BHZ
smi:fi.isuh/event/1492463,2025-01-17 13:04:03.140000,HE,KORF,P,BHZ
smi:fi.isuh/event/1492463,2025-01-17 13:04:38.400000,HE,SUF,S,BHZ
smi:fi.isuh/event/1492463,2025-01-17 13:04:14.040000,UP,AAL,P,BHZ
smi:fi.isuh/event/1492463,2025-01-17 13:04:44.730000,UP,AAL,S,BHZ
smi:fi.isuh/event/1492463,2025-01-17 13:04:44.880000,HE,RUF,S,BHZ
smi:fi.isuh/event/1492463,2025-01-17 13:04:46.080000,HE,VAF,S,BHZ
smi:fi.isuh/event/1492463,2025-01-17 13:04:50.240000,HE,ECKF,S,BHZ
smi:fi.isuh/event/1492438,2025-01-18 15:13:38.032700,HE,ECKF,P,CZ
smi:fi.isuh/event/1492438,2025-01-18 15:13:58.893410,HE,ECKF,S,CZ
smi:fi.isuh/event/1492438,2025-01-18 15:13:41.826960,UP,AAL,P,BHZ
smi:fi.isuh/event/1492438,2025-01-18 15:14:06.524560,UP,AAL,S,BHZ
smi:fi.isuh/event/1492391,2025-01-19 10:18:50.720000,FN,KLF,P,BHZ
smi:fi.isuh/event/1492391,2025-01-19 10:18:57.680000,FN,KLF,S,BHZ
smi:fi.isuh/event/1492391,2025-01-19 10:19:03.560000,HE,HEF,P,BHZ
smi:fi.isuh/event/1492391,2025-01-19 10:19:12.800000,HE,HEF,S,BHZ
smi:fi.isuh/event/1492391,2025-01-19 10:19:10.560000,HE,TOF,P,BHZ
smi:fi.isuh/event/1492391,2025-01-19 10:19:29.040000,HE,TOF,S,BHZ
smi:fi.isuh/event/1492391,2025-01-19 10:19:18.760000,HE,KIF,P,BHZ
smi:fi.isuh/event/1492391,2025-01-19 10:19:43.000000,HE,KIF,S,BHZ
smi:fi.isuh/event/1492391,2025-01-19 10:19:20.440000,FN,RANF,P,BHZ
smi:fi.isuh/event/1492391,2025-01-19 10:19:45.640000,FN,RANF,S,BHZ
smi:fi.isuh/event/1492391,2025-01-19 10:19:22.280000,FN,RAJF,P,BHZ
smi:fi.isuh/event/1492391,2025-01-19 10:19:51.320000,FN,RAJF,S,BHZ
smi:fi.isuh/event/1492391,2025-01-19 10:19:27.680000,HE,VRF,P,BHZ
smi:fi.isuh/event/1492391,2025-01-19 10:19:58.840000,HE,VRF,S,BHZ
smi:fi.isuh/event/1492391,2025-01-19 10:19:31.180000,HE,KU2,P,BHZ
smi:fi.isuh/event/1492391,2025-01-19 10:20:06.040000,HE,KU2,S,BHZ
smi:fi.isuh/event/1492391,2025-01-19 10:19:29.980000,FN,OLKF,P,BHZ
smi:fi.isuh/event/1492391,2025-01-19 10:20:05.600000,FN,OLKF,S,BHZ
smi:fi.isuh/event/1492391,2025-01-19 10:19:30.130000,HE,KEV,P,BHZ
smi:fi.isuh/event/1492391,2025-01-19 10:20:05.200000,HE,KEV,S,BHZ
smi:fi.isuh/event/1492391,2025-01-19 10:19:30.880000,HE,OBF3,P,BHZ
smi:fi.isuh/event/1492391,2025-01-19 10:19:34.080000,HE,KU6,P,BHZ
smi:fi.isuh/event/1492391,2025-01-19 10:20:10.680000,HE,KU6,S,BHZ
smi:fi.isuh/event/1492391,2025-01-19 10:19:36.180000,HE,KU1,P,BHZ
smi:fi.isuh/event/1492382,2025-01-19 16:46:09.760000,HE,HEF,S,BHZ
smi:fi.isuh/event/1492382,2025-01-19 16:45:59.280000,FN,KLF,P,BHZ
smi:fi.isuh/event/1492382,2025-01-19 16:46:11.400000,FN,KLF,S,BHZ
smi:fi.isuh/event/1492382,2025-01-19 16:46:24.880000,FN,RAJF,S,BHZ
smi:fi.isuh/event/1492382,2025-01-19 16:46:12.680000,HE,VRF,P,BHZ
smi:fi.isuh/event/1492382,2025-01-19 16:46:33.400000,HE,VRF,S,BHZ
smi:fi.isuh/event/1492382,2025-01-19 16:46:42.980000,HE,TOF,S,BHZ
smi:fi.isuh/event/1492382,2025-01-19 16:46:18.000000,HE,KEV,P,BHZ
smi:fi.isuh/event/1492382,2025-01-19 16:46:42.860000,HE,KEV,S,BHZ
smi:fi.isuh/event/1492382,2025-01-19 16:46:19.780000,FN,RANF,P,BHZ
smi:fi.isuh/event/1492382,2025-01-19 16:46:44.840000,FN,RANF,S,BHZ
smi:fi.isuh/event/1492382,2025-01-19 16:46:46.380000,HE,KIF,S,BHZ
smi:fi.isuh/event/1492382,2025-01-19 16:46:53.040000,FN,OLKF,S,BHZ
smi:fi.isuh/event/1492382,2025-01-19 16:47:11.900000,HE,KU1,S,BHZ
smi:fi.isuh/event/1492392,2025-01-19 20:09:52.780000,HE,VRF,P,BHZ
smi:fi.isuh/event/1492392,2025-01-19 20:10:12.360000,HE,VRF,S,BHZ
smi:fi.isuh/event/1492392,2025-01-19 20:10:03.030000,FN,RAJF,P,BHZ
smi:fi.isuh/event/1492392,2025-01-19 20:10:29.880000,FN,RAJF,S,BHZ
smi:fi.isuh/event/1492392,2025-01-19 20:10:03.260000,FN,OLKF,P,BHZ
smi:fi.isuh/event/1492392,2025-01-19 20:10:31.600000,FN,OLKF,S,BHZ
smi:fi.isuh/event/1492392,2025-01-19 20:10:33.240000,HE,KU6,S,BHZ
smi:fi.isuh/event/1492392,2025-01-19 20:11:01.040000,FN,RANF,S,BHZ
smi:fi.isuh/event/1492392,2025-01-19 20:10:23.130000,HE,HEF,P,BHZ
smi:fi.isuh/event/1492586,2025-01-20 00:42:51.520000,HE,VRF,S,BHZ
smi:fi.isuh/event/1492586,2025-01-20 00:42:39.040000,FN,OLKF,P,BHZ
smi:fi.isuh/event/1492586,2025-01-20 00:43:08.600000,FN,OLKF,S,BHZ
smi:fi.isuh/event/1492586,2025-01-20 00:42:39.280000,FN,RAJF,P,BHZ
smi:fi.isuh/event/1492586,2025-01-20 00:43:07.560000,FN,RAJF,S,BHZ
smi:fi.isuh/event/1492586,2025-01-20 00:42:39.760000,HE,KU6,P,BHZ
smi:fi.isuh/event/1492586,2025-01-20 00:43:10.000000,HE,KU6,S,BHZ
smi:fi.isuh/event/1492586,2025-01-20 00:42:57.440000,FN,RANF,P,BHZ
smi:fi.isuh/event/1492586,2025-01-20 00:43:40.000000,FN,RANF,S,BHZ
smi:fi.isuh/event/1492586,2025-01-20 00:43:31.600000,HE,KEV,S,BHZ
smi:fi.isuh/event/1492586,2025-01-20 00:44:00.800000,HE,HEF,S,BHZ
smi:fi.isuh/event/1492586,2025-01-20 00:43:00.520000,HE,TOF,P,BHZ
smi:fi.isuh/event/1492588,2025-01-20 04:59:53.240000,FN,KLF,P,BHZ
smi:fi.isuh/event/1492588,2025-01-20 05:00:11.000000,FN,KLF,S,BHZ
smi:fi.isuh/event/1492588,2025-01-20 05:00:23.380000,HE,HEF,S,BHZ
smi:fi.isuh/event/1492588,2025-01-20 05:00:03.800000,HE,TOF,P,BHZ
smi:fi.isuh/event/1492588,2025-01-20 05:00:27.600000,HE,TOF,S,BHZ
smi:fi.isuh/event/1492588,2025-01-20 05:00:53.160000,FN,RANF,S,BHZ
smi:fi.isuh/event/1492585,2025-01-20 06:59:47.240000,HE,VRF,P,BHZ
smi:fi.isuh/event/1492585,2025-01-20 07:00:09.640000,HE,VRF,S,BHZ
smi:fi.isuh/event/1492585,2025-01-20 06:59:56.960000,FN,OLKF,P,BHZ
smi:fi.isuh/event/1492585,2025-01-20 07:00:27.200000,FN,OLKF,S,BHZ
smi:fi.isuh/event/1492585,2025-01-20 06:59:56.960000,FN,RAJF,P,BHZ
smi:fi.isuh/event/1492585,2025-01-20 07:00:26.080000,FN,RAJF,S,BHZ
smi:fi.isuh/event/1492945,2025-01-20 09:14:13.566420,HE,KU1,P,SHZ
smi:fi.isuh/event/1492945,2025-01-20 09:14:15.915350,HE,KU1,S,SHZ
smi:fi.isuh/event/1492945,2025-01-20 09:14:17.751470,HE,KU2,P,SHZ
smi:fi.isuh/event/1492945,2025-01-20 09:14:23.236900,HE,KU2,S,SHZ
smi:fi.isuh/event/1492945,2025-01-20 09:14:21.292380,HE,KU6,P,BHZ
smi:fi.isuh/event/1492945,2025-01-20 09:14:29.383600,HE,KU6,S,BHZ
smi:fi.isuh/event/1492945,2025-01-20 09:14:25.092440,FN,OLKF,P,BHZ
smi:fi.isuh/event/1492945,2025-01-20 09:14:35.674560,FN,OLKF,S,BHZ
smi:fi.isuh/event/1492945,2025-01-20 09:14:29.514250,FN,RANF,P,?HZ
smi:fi.isuh/event/1492945,2025-01-20 09:14:43.726480,FN,RANF,S,?HZ
smi:fi.isuh/event/1492945,2025-01-20 09:14:34.168010,HE,RMF,P,BHZ
smi:fi.isuh/event/1492945,2025-01-20 09:14:51.971250,HE,RMF,S,BHZ
smi:fi.isuh/event/1492945,2025-01-20 09:15:09.382080,HE,OBF3,S,BHZ
smi:fi.isuh/event/1492589,2025-01-20 10:10:04.825350,HE,OBF8,P,BHZ
smi:fi.isuh/event/1492589,2025-01-20 10:10:07.866560,HE,OBF8,S,BHZ
smi:fi.isuh/event/1492589,2025-01-20 10:10:08.489940,HE,OBF0,P,BHZ
smi:fi.isuh/event/1492589,2025-01-20 10:10:13.293050,HE,OBF0,S,BHZ
smi:fi.isuh/event/1492589,2025-01-20 10:10:09.983590,HE,OUF,P,BHZ
smi:fi.isuh/event/1492589,2025-01-20 10:10:16.721520,HE,OUF,S,BHZ
smi:fi.isuh/event/1492589,2025-01-20 10:10:15.852480,HE,OBF3,P,BHZ
smi:fi.isuh/event/1492589,2025-01-20 10:10:25.585100,HE,OBF3,S,BHZ
smi:fi.isuh/event/1492589,2025-01-20 10:10:20.941430,HE,ALAJF,P,?HZ
smi:fi.isuh/event/1492589,2025-01-20 10:10:34.390520,HE,ALAJF,S,?HZ
smi:fi.isuh/event/1492589,2025-01-20 10:10:24.400660,HE,VAF,P,BHZ
smi:fi.isuh/event/1492589,2025-01-20 10:10:39.340410,HE,VAF,S,BHZ
smi:fi.isuh/event/1492589,2025-01-20 10:10:33.939590,HE,SUF,P,BHZ
smi:fi.isuh/event/1492589,2025-01-20 10:10:57.844220,HE,SUF,S,BHZ
smi:fi.isuh/event/1492589,2025-01-20 10:11:00.409710,HE,TOF,S,BHZ
smi:fi.isuh/event/1492589,2025-01-20 10:11:02.198810,HE,NIF,S,BHZ
smi:fi.isuh/event/1492946,2025-01-20 10:32:13.699300,HE,VAF,P,BHZ
smi:fi.isuh/event/1492946,2025-01-20 10:32:16.292360,HE,VAF,S,BHZ
smi:fi.isuh/event/1492946,2025-01-20 10:32:19.324110,HE,ALAJF,P,?HZ
smi:fi.isuh/event/1492946,2025-01-20 10:32:25.655540,HE,ALAJF,S,?HZ
smi:fi.isuh/event/1492946,2025-01-20 10:32:32.669610,HE,KEF,P,?HZ
smi:fi.isuh/event/1492946,2025-01-20 10:32:47.914510,HE,KEF,S,?HZ
smi:fi.isuh/event/1492946,2025-01-20 10:32:33.884220,HE,KPF,P,BHZ
smi:fi.isuh/event/1492946,2025-01-20 10:32:48.809240,HE,KPF,S,BHZ
smi:fi.isuh/event/1492946,2025-01-20 10:32:35.979940,HE,OBF8,P,BHZ
smi:fi.isuh/event/1492946,2025-01-20 10:32:53.212850,HE,OBF8,S,BHZ
smi:fi.isuh/event/1492946,2025-01-20 10:32:36.790550,HE,SUF,P,BHZ
smi:fi.isuh/event/1492946,2025-01-20 10:32:55.655260,HE,SUF,S,BHZ
smi:fi.isuh/event/1492946,2025-01-20 10:32:37.713180,HE,TRE03,P,CZ
smi:fi.isuh/event/1492946,2025-01-20 10:32:56.902310,HE,TRE03,S,CZ
smi:fi.isuh/event/1492946,2025-01-20 10:32:39.006950,HE,OUF,P,BHZ
smi:fi.isuh/event/1492946,2025-01-20 10:32:59.693360,HE,OUF,S,BHZ
smi:fi.isuh/event/1492946,2025-01-20 10:32:39.638470,HE,OBF0,P,BHZ
smi:fi.isuh/event/1492946,2025-01-20 10:33:00.809780,HE,OBF0,S,BHZ
smi:fi.isuh/event/1492946,2025-01-20 10:32:42.142310,HE,KAF,P,?HZ
smi:fi.isuh/event/1492946,2025-01-20 10:33:04.269980,HE,KAF,S,?HZ
smi:fi.isuh/event/1492578,2025-01-20 11:38:05.920000,FN,KLF,S,BHZ
smi:fi.isuh/event/1492578,2025-01-20 11:38:17.960000,HE,HEF,S,BHZ
smi:fi.isuh/event/1492578,2025-01-20 11:38:23.200000,HE,KIF,S,BHZ
smi:fi.isuh/event/1492578,2025-01-20 11:37:57.640000,HE,TOF,P,BHZ
smi:fi.isuh/event/1492578,2025-01-20 11:38:22.560000,HE,TOF,S,BHZ
smi:fi.isuh/event/1492584,2025-01-20 11:37:00.180000,HE,NIF,P,BHZ
smi:fi.isuh/event/1492584,2025-01-20 11:37:04.360000,HE,NIF,S,BHZ
smi:fi.isuh/event/1492584,2025-01-20 11:37:11.380000,HE,SUF,P,BHZ
smi:fi.isuh/event/1492584,2025-01-20 11:37:25.160000,HE,SUF,S,BHZ
smi:fi.isuh/event/1492584,2025-01-20 11:37:18.280000,HE,KAF,P,BHZ
smi:fi.isuh/event/1492584,2025-01-20 11:37:36.260000,HE,KAF,S,BHZ
smi:fi.isuh/event/1492584,2025-01-20 11:37:22.280000,HE,RMF,P,BHZ
smi:fi.isuh/event/1492584,2025-01-20 11:37:43.380000,HE,RMF,S,BHZ
smi:fi.isuh/event/1492584,2025-01-20 11:37:25.480000,HE,JOF,P,BHZ
smi:fi.isuh/event/1492584,2025-01-20 11:37:47.640000,HE,JOF,S,BHZ
smi:fi.isuh/event/1492584,2025-01-20 11:37:48.960000,HE,KEF,S,BHZ
smi:fi.isuh/event/1492584,2025-01-20 11:37:28.580000,HE,OUF,P,BHZ
smi:fi.isuh/event/1492584,2025-01-20 11:37:53.920000,HE,OUF,S,BHZ
smi:fi.isuh/event/1492584,2025-01-20 11:37:33.380000,HE,OBF0,P,BHZ
smi:fi.isuh/event/1492584,2025-01-20 11:38:01.640000,HE,OBF0,S,BHZ
smi:fi.isuh/event/1492584,2025-01-20 11:37:34.480000,HE,OBF3,P,BHZ
smi:fi.isuh/event/1492584,2025-01-20 11:38:04.080000,HE,OBF3,S,BHZ
smi:fi.isuh/event/1492584,2025-01-20 11:37:36.480000,HE,TRE03,P,BHZ
smi:fi.isuh/event/1492584,2025-01-20 11:38:06.160000,HE,TRE03,S,BHZ
smi:fi.isuh/event/1492584,2025-01-20 11:37:35.980000,HE,OBF8,P,BHZ
smi:fi.isuh/event/1492584,2025-01-20 11:37:37.080000,HE,VAF,P,BHZ
smi:fi.isuh/event/1492584,2025-01-20 11:38:07.440000,HE,VAF,S,BHZ
smi:fi.isuh/event/1492584,2025-01-20 11:37:40.380000,HE,KU1,P,BHZ
smi:fi.isuh/event/1492584,2025-01-20 11:38:14.460000,HE,KU1,S,BHZ
smi:fi.isuh/event/1492584,2025-01-20 11:37:40.980000,HE,KU2,P,BHZ
smi:fi.isuh/event/1492584,2025-01-20 11:38:12.020000,HE,PVF,S,BHZ
smi:fi.isuh/event/1492584,2025-01-20 11:37:47.080000,FN,RANF,P,BHZ
smi:fi.isuh/event/1492584,2025-01-20 11:38:23.280000,FN,RANF,S,BHZ
smi:fi.isuh/event/1492584,2025-01-20 11:37:47.180000,HE,KPF,P,BHZ
smi:fi.isuh/event/1492584,2025-01-20 11:38:24.120000,HE,KPF,S,BHZ
smi:fi.isuh/event/1492584,2025-01-20 11:37:48.080000,HE,KU6,P,BHZ
smi:fi.isuh/event/1492584,2025-01-20 11:38:35.980000,FN,OLKF,S,BHZ
smi:fi.isuh/event/1492584,2025-01-20 11:38:38.960000,HE,RAF,S,BHZ
smi:fi.isuh/event/1492595,2025-01-20 11:37:57.316820,HE,MEF,P,BHZ
smi:fi.isuh/event/1492595,2025-01-20 11:37:58.207880,HE,MEF,S,BHZ
smi:fi.isuh/event/1492595,2025-01-20 11:38:00.664800,HE,HEL5,P,BHZ
smi:fi.isuh/event/1492595,2025-01-20 11:38:04.932450,HE,HEL5,S,BHZ
smi:fi.isuh/event/1492595,2025-01-20 11:38:01.396910,HE,LAUT,P,BHZ
smi:fi.isuh/event/1492595,2025-01-20 11:38:06.289640,HE,LAUT,S,BHZ
smi:fi.isuh/event/1492595,2025-01-20 11:38:01.550750,HE,HEL1,P,BHZ
smi:fi.isuh/event/1492595,2025-01-20 11:38:06.887020,HE,HEL1,S,BHZ
smi:fi.isuh/event/1492595,2025-01-20 11:38:01.859560,HE,NUR,P,SHZ
smi:fi.isuh/event/1492595,2025-01-20 11:38:06.612500,HE,NUR,S,SHZ
smi:fi.isuh/event/1492595,2025-01-20 11:38:02.219050,HE,RSUO,P,BHZ
smi:fi.isuh/event/1492595,2025-01-20 11:38:06.817580,HE,RSUO,S,BHZ
smi:fi.isuh/event/1492595,2025-01-20 11:38:02.070900,HE,KUNI,P,BHZ
smi:fi.isuh/event/1492595,2025-01-20 11:38:07.674800,HE,KUNI,S,BHZ
smi:fi.isuh/event/1492595,2025-01-20 11:38:04.356150,HE,VUOS,P,BHZ
smi:fi.isuh/event/1492595,2025-01-20 11:38:11.017170,HE,VUOS,S,BHZ
smi:fi.isuh/event/1492579,2025-01-20 11:53:48.840000,HE,HEF,S,BHZ
smi:fi.isuh/event/1492579,2025-01-20 11:53:27.760000,HE,TOF,P,BHZ
smi:fi.isuh/event/1492579,2025-01-20 11:53:52.120000,HE,TOF,S,BHZ
smi:fi.isuh/event/1492579,2025-01-20 11:53:54.560000,HE,KIF,S,BHZ
smi:fi.isuh/event/1492590,2025-01-20 12:05:29.080000,HE,VRF,P,BHZ
smi:fi.isuh/event/1492590,2025-01-20 12:05:48.960000,HE,VRF,S,BHZ
smi:fi.isuh/event/1492590,2025-01-20 12:05:38.980000,FN,RAJF,P,BHZ
smi:fi.isuh/event/1492590,2025-01-20 12:06:06.580000,FN,RAJF,S,BHZ
smi:fi.isuh/event/1492590,2025-01-20 12:05:39.600000,FN,OLKF,P,BHZ
smi:fi.isuh/event/1492590,2025-01-20 12:06:07.600000,FN,OLKF,S,BHZ
smi:fi.isuh/event/1492590,2025-01-20 12:05:40.620000,HE,KU6,P,BHZ
smi:fi.isuh/event/1492590,2025-01-20 12:06:09.640000,HE,KU6,S,BHZ
smi:fi.isuh/event/1492590,2025-01-20 12:05:49.560000,HE,KU1,P,BHZ
smi:fi.isuh/event/1492590,2025-01-20 12:05:52.890000,HE,KEV,P,BHZ
smi:fi.isuh/event/1492590,2025-01-20 12:06:31.320000,HE,KEV,S,BHZ
smi:fi.isuh/event/1492590,2025-01-20 12:05:56.600000,FN,RANF,P,BHZ
smi:fi.isuh/event/1492590,2025-01-20 12:06:39.680000,FN,RANF,S,BHZ
smi:fi.isuh/event/1492593,2025-01-20 12:35:32.362020,HE,RAF,P,BHZ
smi:fi.isuh/event/1492593,2025-01-20 12:35:35.662740,HE,RAF,S,BHZ
smi:fi.isuh/event/1492593,2025-01-20 12:35:40.300060,HE,KORF,P,CZ
smi:fi.isuh/event/1492593,2025-01-20 12:35:49.540170,HE,KORF,S,CZ
smi:fi.isuh/event/1492593,2025-01-20 12:35:45.539870,UP,AAL,P,BHZ
smi:fi.isuh/event/1492593,2025-01-20 12:35:57.224580,UP,AAL,S,BHZ
smi:fi.isuh/event/1492593,2025-01-20 12:35:47.293890,HE,KPF,P,BHZ
smi:fi.isuh/event/1492593,2025-01-20 12:35:59.778620,HE,KPF,S,BHZ
smi:fi.isuh/event/1492593,2025-01-20 12:35:47.864440,HE,ECKF,P,CZ
smi:fi.isuh/event/1492593,2025-01-20 12:36:03.378160,HE,ECKF,S,CZ
smi:fi.isuh/event/1492593,2025-01-20 12:35:51.624460,HE,TVF,P,BHZ
smi:fi.isuh/event/1492593,2025-01-20 12:36:07.960040,HE,TVF,S,BHZ
smi:fi.isuh/event/1492593,2025-01-20 12:35:55.438540,HE,TRE03,P,CZ
smi:fi.isuh/event/1492593,2025-01-20 12:36:14.747970,HE,TRE03,S,CZ
smi:fi.isuh/event/1492593,2025-01-20 12:36:15.565080,HE,MEF,S,BHZ
smi:fi.isuh/event/1492593,2025-01-20 12:36:16.778840,HE,NUR,S,SHZ
smi:fi.isuh/event/1492593,2025-01-20 12:36:21.817420,HE,HEL5,S,BHZ
smi:fi.isuh/event/1492593,2025-01-20 12:36:22.396080,HE,KUNI,S,BHZ
smi:fi.isuh/event/1492581,2025-01-20 13:51:59.670170,HE,KORF,P,CZ
smi:fi.isuh/event/1492581,2025-01-20 13:52:06.670780,HE,KORF,S,CZ
smi:fi.isuh/event/1492581,2025-01-20 13:52:00.554160,HE,RAF,P,BHZ
smi:fi.isuh/event/1492581,2025-01-20 13:52:08.213920,HE,RAF,S,BHZ
smi:fi.isuh/event/1492581,2025-01-20 13:52:02.423850,HE,TVF,P,BHZ
smi:fi.isuh/event/1492581,2025-01-20 13:52:12.523050,HE,TVF,S,BHZ
smi:fi.isuh/event/1492581,2025-01-20 13:52:07.569020,HE,MEF,P,BHZ
smi:fi.isuh/event/1492581,2025-01-20 13:52:18.492600,HE,MEF,S,BHZ
smi:fi.isuh/event/1492581,2025-01-20 13:52:23.096970,HE,NUR,S,SHZ
smi:fi.isuh/event/1492581,2025-01-20 13:52:28.266970,UP,AAL,S,BHZ
smi:fi.isuh/event/1492581,2025-01-20 13:52:12.509660,HE,KPF,P,BHZ
smi:fi.isuh/event/1492581,2025-01-20 13:52:31.501630,HE,KPF,S,BHZ
smi:fi.isuh/event/1492581,2025-01-20 13:52:15.534610,HE,TRE03,P,CZ
smi:fi.isuh/event/1492581,2025-01-20 13:52:33.954890,HE,TRE03,S,CZ
smi:fi.isuh/event/1492581,2025-01-20 13:52:16.329610,HE,ECKF,P,CZ
smi:fi.isuh/event/1492581,2025-01-20 13:52:34.393750,HE,ECKF,S,CZ
smi:fi.isuh/event/1492581,2025-01-20 13:52:20.217370,HE,PVF,P,CZ
smi:fi.isuh/event/1492581,2025-01-20 13:52:40.745350,HE,PVF,S,CZ
smi:fi.isuh/event/1492581,2025-01-20 13:52:46.518580,HE,LOVF,S,CZ
smi:fi.isuh/event/1492581,2025-01-20 13:52:49.987350,HE,FIA0,S,?HZ
smi:fi.isuh/event/1492583,2025-01-20 15:16:00.780000,HE,ECKF,P,BHZ
smi:fi.isuh/event/1492583,2025-01-20 15:16:21.980000,HE,ECKF,S,BHZ
smi:fi.isuh/event/1492583,2025-01-20 15:16:04.720000,UP,AAL,P,BHZ
smi:fi.isuh/event/1492583,2025-01-20 15:16:29.240000,UP,AAL,S,BHZ
smi:fi.isuh/event/1492583,2025-01-20 15:16:17.440000,HE,KORF,P,BHZ
smi:fi.isuh/event/1492583,2025-01-20 15:16:51.380000,HE,KORF,S,BHZ
smi:fi.isuh/event/1492583,2025-01-20 15:16:56.220000,HE,RAF,S,BHZ
smi:fi.isuh/event/1492582,2025-01-20 20:10:57.980000,HE,VRF,P,BHZ
smi:fi.isuh/event/1492582,2025-01-20 20:11:18.780000,HE,VRF,S,BHZ
smi:fi.isuh/event/1492582,2025-01-20 20:11:08.380000,FN,OLKF,P,BHZ
smi:fi.isuh/event/1492582,2025-01-20 20:11:36.720000,FN,OLKF,S,BHZ
smi:fi.isuh/event/1492582,2025-01-20 20:11:08.880000,FN,RAJF,P,BHZ
smi:fi.isuh/event/1492582,2025-01-20 20:11:36.120000,FN,RAJF,S,BHZ
smi:fi.isuh/event/1492582,2025-01-20 20:11:08.600000,HE,KU6,P,BHZ
smi:fi.isuh/event/1492582,2025-01-20 20:11:38.560000,HE,KU6,S,BHZ
smi:fi.isuh/event/1492582,2025-01-20 20:11:21.690000,HE,KEV,P,BHZ
smi:fi.isuh/event/1492582,2025-01-20 20:11:37.180000,HE,HEF,P,BHZ
smi:fi.isuh/event/1492587,2025-01-20 23:05:50.020000,FN,KLF,P,BHZ
smi:fi.isuh/event/1492587,2025-01-20 23:06:08.360000,FN,KLF,S,BHZ
smi:fi.isuh/event/1492587,2025-01-20 23:05:57.120000,HE,HEF,P,BHZ
smi:fi.isuh/event/1492587,2025-01-20 23:06:20.240000,HE,HEF,S,BHZ
smi:fi.isuh/event/1492587,2025-01-20 23:06:00.080000,HE,TOF,P,BHZ
smi:fi.isuh/event/1492587,2025-01-20 23:06:24.440000,HE,TOF,S,BHZ
smi:fi.isuh/event/1492587,2025-01-20 23:05:59.880000,HE,KIF,P,BHZ
smi:fi.isuh/event/1492587,2025-01-20 23:06:25.920000,HE,KIF,S,BHZ
smi:fi.isuh/event/1492587,2025-01-20 23:06:15.960000,FN,RANF,P,BHZ
smi:fi.isuh/event/1492587,2025-01-20 23:06:51.080000,HE,OBF8,S,BHZ
smi:fi.isuh/event/1492696,2025-01-21 10:20:44.930000,FN,RAJF,P,BHZ
smi:fi.isuh/event/1492696,2025-01-21 10:20:45.580000,FN,OLKF,P,BHZ
smi:fi.isuh/event/1492696,2025-01-21 10:21:17.080000,FN,OLKF,S,BHZ
smi:fi.isuh/event/1492696,2025-01-21 10:20:46.560000,HE,KU6,P,BHZ
smi:fi.isuh/event/1492696,2025-01-21 10:21:18.480000,HE,KU6,S,BHZ
smi:fi.isuh/event/1492696,2025-01-21 10:20:52.080000,HE,KU1,P,BHZ
smi:fi.isuh/event/1492696,2025-01-21 10:20:56.820000,HE,KU2,P,BHZ
smi:fi.isuh/event/1492696,2025-01-21 10:20:59.280000,HE,KEV,P,BHZ
smi:fi.isuh/event/1492696,2025-01-21 10:21:38.940000,HE,KEV,S,BHZ
smi:fi.isuh/event/1492696,2025-01-21 10:21:03.840000,FN,RANF,P,BHZ
smi:fi.isuh/event/1492696,2025-01-21 10:21:47.720000,FN,RANF,S,BHZ
smi:fi.isuh/event/1492696,2025-01-21 10:21:08.480000,HE,HEF,P,BHZ
smi:fi.isuh/event/1492696,2025-01-21 10:21:05.880000,HE,RMF,P,BHZ
smi:fi.isuh/event/1492676,2025-01-21 11:20:48.420010,HE,KEF,P,?HZ
smi:fi.isuh/event/1492676,2025-01-21 11:20:52.769790,HE,KEF,S,?HZ
smi:fi.isuh/event/1492676,2025-01-21 11:20:51.810460,HE,KAF,P,?HZ
smi:fi.isuh/event/1492676,2025-01-21 11:20:58.959880,HE,KAF,S,?HZ
smi:fi.isuh/event/1492676,2025-01-21 11:20:53.538700,HE,TRE03,P,CZ
smi:fi.isuh/event/1492676,2025-01-21 11:21:01.778290,HE,TRE03,S,CZ
smi:fi.isuh/event/1492676,2025-01-21 11:20:53.737240,HE,FIA1,P,?HZ
smi:fi.isuh/event/1492676,2025-01-21 11:21:01.785400,HE,FIA1,S,?HZ
smi:fi.isuh/event/1492676,2025-01-21 11:20:53.836510,HE,FIA0,P,?HZ
smi:fi.isuh/event/1492676,2025-01-21 11:21:01.903730,HE,FIA0,S,?HZ
smi:fi.isuh/event/1492676,2025-01-21 11:20:59.296490,HE,SUF,P,BHZ
smi:fi.isuh/event/1492676,2025-01-21 11:21:10.581090,HE,SUF,S,BHZ
smi:fi.isuh/event/1492676,2025-01-21 11:21:18.756450,HE,KY02,S,CZ
smi:fi.isuh/event/1492676,2025-01-21 11:21:06.431110,HE,KY17,P,CZ
smi:fi.isuh/event/1492676,2025-01-21 11:21:22.208270,HE,KY17,S,CZ
smi:fi.isuh/event/1492676,2025-01-21 11:21:07.396590,HE,ALAJF,P,?HZ
smi:fi.isuh/event/1492676,2025-01-21 11:21:24.511470,HE,ALAJF,S,?HZ
smi:fi.isuh/event/1492676,2025-01-21 11:21:08.643220,HE,PVF,P,CZ
smi:fi.isuh/event/1492676,2025-01-21 11:21:25.796350,HE,PVF,S,CZ
smi:fi.isuh/event/1492676,2025-01-21 11:21:11.148820,HE,KPF,P,BHZ
smi:fi.isuh/event/1492676,2025-01-21 11:21:29.770480,HE,KPF,S,BHZ
smi:fi.isuh/event/1492676,2025-01-21 11:21:12.993470,HE,VAF,P,BHZ
smi:fi.isuh/event/1492676,2025-01-21 11:21:34.136510,HE,VAF,S,BHZ
smi:fi.isuh/event/1492676,2025-01-21 11:21:36.833090,HE,VJF,S,?HZ
smi:fi.isuh/event/1492676,2025-01-21 11:21:38.425550,HE,RUF,S,BHZ
smi:fi.isuh/event/1492676,2025-01-21 11:21:16.409820,HE,NIF,P,BHZ
smi:fi.isuh/event/1492676,2025-01-21 11:21:40.086790,HE,NIF,S,BHZ
smi:fi.isuh/event/1492676,2025-01-21 11:21:41.578470,HE,RAF,S,BHZ
smi:fi.isuh/event/1492979,2025-01-21 12:14:13.115750,HE,RAF,P,BHZ
smi:fi.isuh/event/1492979,2025-01-21 12:14:19.727280,HE,RAF,S,BHZ
smi:fi.isuh/event/1492979,2025-01-21 12:14:19.839120,HE,KORF,P,CZ
smi:fi.isuh/event/1492979,2025-01-21 12:14:31.128900,HE,KORF,S,CZ
smi:fi.isuh/event/1492979,2025-01-21 12:14:22.211050,HE,TVF,P,BHZ
smi:fi.isuh/event/1492979,2025-01-21 12:14:34.190560,HE,TVF,S,BHZ
smi:fi.isuh/event/1492979,2025-01-21 12:14:35.012420,HE,NUR,S,SHZ
smi:fi.isuh/event/1492979,2025-01-21 12:14:22.325030,HE,MEF,P,BHZ
smi:fi.isuh/event/1492979,2025-01-21 12:14:35.815900,HE,MEF,S,BHZ
smi:fi.isuh/event/1492979,2025-01-21 12:14:24.803600,HE,KPF,P,BHZ
smi:fi.isuh/event/1492979,2025-01-21 12:14:38.883390,HE,KPF,S,BHZ
smi:fi.isuh/event/1492979,2025-01-21 12:14:24.966670,HE,TRE03,P,CZ
smi:fi.isuh/event/1492979,2025-01-21 12:14:40.166790,HE,TRE03,S,CZ
smi:fi.isuh/event/1492979,2025-01-21 12:14:30.147860,UP,AAL,P,BHZ
smi:fi.isuh/event/1492979,2025-01-21 12:14:49.344830,UP,AAL,S,BHZ
smi:fi.isuh/event/1492979,2025-01-21 12:14:33.007940,HE,PVF,P,CZ
smi:fi.isuh/event/1492979,2025-01-21 12:14:53.480090,HE,PVF,S,CZ
smi:fi.isuh/event/1492979,2025-01-21 12:14:33.242390,HE,ECKF,P,CZ
smi:fi.isuh/event/1492979,2025-01-21 12:14:53.914810,HE,ECKF,S,CZ
smi:fi.isuh/event/1492979,2025-01-21 12:14:35.685910,HE,KEF,P,?HZ
smi:fi.isuh/event/1492979,2025-01-21 12:14:58.419480,HE,KEF,S,?HZ
smi:fi.isuh/event/1492979,2025-01-21 12:14:36.094680,HE,FIA0,P,?HZ
smi:fi.isuh/event/1492979,2025-01-21 12:14:59.476220,HE,FIA0,S,?HZ
smi:fi.isuh/event/1492708,2025-01-21 12:18:54.280000,HE,RMF,P,BHZ
smi:fi.isuh/event/1492708,2025-01-21 12:18:59.380000,HE,KU1,P,BHZ
smi:fi.isuh/event/1492708,2025-01-21 12:19:06.280000,HE,KU6,P,BHZ
smi:fi.isuh/event/1492708,2025-01-21 12:19:23.720000,HE,KU6,S,BHZ
smi:fi.isuh/event/1492708,2025-01-21 12:19:08.780000,HE,KJNF,P,BHZ
smi:fi.isuh/event/1492708,2025-01-21 12:19:28.640000,HE,KJNF,S,BHZ
smi:fi.isuh/event/1492708,2025-01-21 12:19:07.780000,HE,KU2,P,BHZ
smi:fi.isuh/event/1492708,2025-01-21 12:19:12.200000,FN,OLKF,P,BHZ
smi:fi.isuh/event/1492708,2025-01-21 12:19:34.920000,FN,OLKF,S,BHZ
smi:fi.isuh/event/1492708,2025-01-21 12:19:14.980000,HE,JOF,P,BHZ
smi:fi.isuh/event/1492708,2025-01-21 12:19:40.120000,HE,JOF,S,BHZ
smi:fi.isuh/event/1492708,2025-01-21 12:19:16.180000,HE,NIF,P,BHZ
smi:fi.isuh/event/1492708,2025-01-21 12:19:41.080000,HE,NIF,S,BHZ
smi:fi.isuh/event/1492708,2025-01-21 12:19:19.530000,FN,RANF,P,BHZ
smi:fi.isuh/event/1492708,2025-01-21 12:19:45.480000,FN,RANF,S,BHZ
smi:fi.isuh/event/1492708,2025-01-21 12:19:26.880000,HE,OBF3,P,BHZ
smi:fi.isuh/event/1492708,2025-01-21 12:20:01.660000,HE,OBF3,S,BHZ
smi:fi.isuh/event/1492708,2025-01-21 12:19:27.230000,HE,OUF,P,BHZ
smi:fi.isuh/event/1492708,2025-01-21 12:20:01.800000,HE,OUF,S,BHZ
smi:fi.isuh/event/1492708,2025-01-21 12:19:30.680000,HE,OBF0,P,BHZ
smi:fi.isuh/event/1492708,2025-01-21 12:20:07.280000,HE,OBF0,S,BHZ
smi:fi.isuh/event/1492708,2025-01-21 12:19:31.480000,HE,SUF,P,BHZ
smi:fi.isuh/event/1492708,2025-01-21 12:20:13.520000,HE,TOF,S,BHZ
smi:fi.isuh/event/1492708,2025-01-21 12:19:32.180000,HE,VRF,P,BHZ
smi:fi.isuh/event/1492708,2025-01-21 12:19:42.680000,HE,KEF,P,BHZ
smi:fi.isuh/event/1492708,2025-01-21 12:20:38.440000,FN,KLF,S,BHZ
smi:fi.isuh/event/1492708,2025-01-21 12:19:42.780000,FN,RAJF,P,BHZ
smi:fi.isuh/event/1492708,2025-01-21 12:20:45.840000,HE,VAF,S,BHZ
smi:fi.isuh/event/1492712,2025-01-21 12:48:42.265920,HE,HEL5,P,BHZ
smi:fi.isuh/event/1492712,2025-01-21 12:48:43.717870,HE,HEL5,S,BHZ
smi:fi.isuh/event/1492712,2025-01-21 12:48:42.339410,HE,MEF,P,BHZ
smi:fi.isuh/event/1492712,2025-01-21 12:48:43.801550,HE,MEF,S,BHZ
smi:fi.isuh/event/1492712,2025-01-21 12:48:43.145400,HE,LAUT,P,BHZ
smi:fi.isuh/event/1492712,2025-01-21 12:48:45.442720,HE,LAUT,S,BHZ
smi:fi.isuh/event/1492712,2025-01-21 12:48:43.417070,HE,HEL1,P,BHZ
smi:fi.isuh/event/1492712,2025-01-21 12:48:45.721740,HE,HEL1,S,BHZ
smi:fi.isuh/event/1492712,2025-01-21 12:48:43.954150,HE,RSUO,P,BHZ
smi:fi.isuh/event/1492712,2025-01-21 12:48:46.444970,HE,RSUO,S,BHZ
smi:fi.isuh/event/1492712,2025-01-21 12:48:44.395560,HE,KUNI,P,BHZ
smi:fi.isuh/event/1492712,2025-01-21 12:48:47.012500,HE,KUNI,S,BHZ
smi:fi.isuh/event/1492712,2025-01-21 12:48:45.909830,HE,VUOS,P,BHZ
smi:fi.isuh/event/1492712,2025-01-21 12:48:50.250520,HE,VUOS,S,BHZ
smi:fi.isuh/event/1492712,2025-01-21 12:48:47.205560,HE,NUR,P,SHZ
smi:fi.isuh/event/1492712,2025-01-21 12:48:51.740610,HE,NUR,S,SHZ
smi:fi.isuh/event/1492701,2025-01-21 17:37:07.440000,FN,KLF,S,BHZ
smi:fi.isuh/event/1492701,2025-01-21 17:36:57.240000,HE,HEF,P,BHZ
smi:fi.isuh/event/1492701,2025-01-21 17:37:19.640000,HE,HEF,S,BHZ
smi:fi.isuh/event/1492701,2025-01-21 17:37:25.520000,HE,KIF,S,BHZ
smi:fi.isuh/event/1492701,2025-01-21 17:36:59.520000,HE,TOF,P,BHZ
smi:fi.isuh/event/1492701,2025-01-21 17:37:24.720000,HE,TOF,S,BHZ
smi:fi.isuh/event/1492701,2025-01-21 17:37:50.200000,FN,RANF,S,BHZ
smi:fi.isuh/event/1492701,2025-01-21 17:38:17.430000,HE,KEV,S,BHZ
smi:fi.isuh/event/1492701,2025-01-21 17:38:30.530000,HE,KU1,S,BHZ
smi:fi.isuh/event/1492702,2025-01-21 18:52:52.900000,FN,KLF,P,BHZ
smi:fi.isuh/event/1492702,2025-01-21 18:53:10.680000,FN,KLF,S,BHZ
smi:fi.isuh/event/1492702,2025-01-21 18:53:02.440000,HE,TOF,P,BHZ
smi:fi.isuh/event/1492702,2025-01-21 18:53:27.240000,HE,TOF,S,BHZ
smi:fi.isuh/event/1492702,2025-01-21 18:53:03.920000,HE,KIF,P,BHZ
smi:fi.isuh/event/1492702,2025-01-21 18:53:29.000000,HE,KIF,S,BHZ
smi:fi.isuh/event/1492702,2025-01-21 18:53:51.720000,FN,RANF,S,BHZ
smi:fi.isuh/event/1492702,2025-01-21 18:53:31.950000,HE,KEV,P,BHZ
smi:fi.isuh/event/1492702,2025-01-21 18:53:42.380000,HE,KU1,P,BHZ
smi:fi.isuh/event/1492702,2025-01-21 18:53:32.760000,HE,KJNF,P,BHZ
smi:fi.isuh/event/1492692,2025-01-21 20:10:48.600000,HE,VRF,P,BHZ
smi:fi.isuh/event/1492692,2025-01-21 20:11:08.200000,HE,VRF,S,BHZ
smi:fi.isuh/event/1492692,2025-01-21 20:10:57.680000,FN,RAJF,P,BHZ
smi:fi.isuh/event/1492692,2025-01-21 20:11:25.760000,FN,RAJF,S,BHZ
smi:fi.isuh/event/1492692,2025-01-21 20:10:59.330000,FN,OLKF,P,BHZ
smi:fi.isuh/event/1492692,2025-01-21 20:11:27.080000,FN,OLKF,S,BHZ
smi:fi.isuh/event/1492692,2025-01-21 20:11:28.960000,HE,KU6,S,BHZ
smi:fi.isuh/event/1492692,2025-01-21 20:11:12.120000,HE,KU2,P,BHZ
smi:fi.isuh/event/1492692,2025-01-21 20:11:12.140000,HE,KEV,P,BHZ
smi:fi.isuh/event/1492692,2025-01-21 20:11:50.320000,HE,KEV,S,BHZ
smi:fi.isuh/event/1492692,2025-01-21 20:11:57.280000,FN,RANF,S,BHZ
smi:fi.isuh/event/1492706,2025-01-21 22:54:39.220000,HE,KIF,P,BHZ
smi:fi.isuh/event/1492706,2025-01-21 22:54:55.320000,HE,KIF,S,BHZ
smi:fi.isuh/event/1492706,2025-01-21 22:54:41.760000,HE,HEF,P,BHZ
smi:fi.isuh/event/1492706,2025-01-21 22:55:01.360000,HE,HEF,S,BHZ
smi:fi.isuh/event/1492706,2025-01-21 22:54:43.560000,FN,KLF,P,BHZ
smi:fi.isuh/event/1492706,2025-01-21 22:55:05.600000,FN,KLF,S,BHZ
smi:fi.isuh/event/1492706,2025-01-21 22:55:50.360000,FN,RAJF,S,BHZ
smi:fi.isuh/event/1492706,2025-01-21 22:55:13.090000,HE,KEV,P,BHZ
smi:fi.isuh/event/1492706,2025-01-21 22:55:47.600000,HE,KEV,S,BHZ
smi:fi.isuh/event/1492706,2025-01-21 22:55:25.080000,HE,KU6,P,BHZ
smi:fi.isuh/event/1492836,2025-01-22 04:53:17.695560,HE,HEF,P,BHZ
smi:fi.isuh/event/1492836,2025-01-22 04:53:27.648050,HE,HEF,S,BHZ
smi:fi.isuh/event/1492836,2025-01-22 04:53:19.778640,FN,KLF,P,BHZ
smi:fi.isuh/event/1492836,2025-01-22 04:53:31.119850,FN,KLF,S,BHZ
smi:fi.isuh/event/1492836,2025-01-22 04:53:25.333520,FN,RAJF,P,?HZ
smi:fi.isuh/event/1492836,2025-01-22 04:53:41.072340,FN,RAJF,S,?HZ
smi:fi.isuh/event/1492836,2025-01-22 04:53:27.648050,FN,KMNF,P,?HZ
smi:fi.isuh/event/1492836,2025-01-22 04:53:44.775590,FN,KMNF,S,?HZ
smi:fi.isuh/event/1492836,2025-01-22 04:53:32.277110,HE,VRF,P,BHZ
smi:fi.isuh/event/1492836,2025-01-22 04:53:53.339360,HE,VRF,S,BHZ
smi:fi.isuh/event/1492836,2025-01-22 04:53:36.906180,HE,KEV,P,?HZ
smi:fi.isuh/event/1492836,2025-01-22 04:54:01.671680,HE,KEV,S,?HZ
smi:fi.isuh/event/1492836,2025-01-22 04:53:37.369090,HE,TOF,P,BHZ
smi:fi.isuh/event/1492836,2025-01-22 04:54:02.134590,HE,TOF,S,BHZ
smi:fi.isuh/event/1492836,2025-01-22 04:53:38.526350,HE,KIF,P,BHZ
smi:fi.isuh/event/1492836,2025-01-22 04:54:03.986210,HE,KIF,S,BHZ
smi:fi.isuh/event/1492836,2025-01-22 04:53:38.757800,FN,RANF,P,?HZ
smi:fi.isuh/event/1492836,2025-01-22 04:54:04.449120,FN,RANF,S,?HZ
smi:fi.isuh/event/1492820,2025-01-22 08:31:39.480000,HE,VAF,P,BHZ
smi:fi.isuh/event/1492820,2025-01-22 08:31:46.760000,HE,VAF,S,BHZ
smi:fi.isuh/event/1492820,2025-01-22 08:31:41.580000,HE,KPF,P,BHZ
smi:fi.isuh/event/1492820,2025-01-22 08:31:51.160000,HE,KPF,S,BHZ
smi:fi.isuh/event/1492820,2025-01-22 08:31:47.960000,HE,KEF,P,BHZ
smi:fi.isuh/event/1492820,2025-01-22 08:32:02.240000,HE,KEF,S,BHZ
smi:fi.isuh/event/1492820,2025-01-22 08:31:49.220000,HE,TRE03,P,BHZ
smi:fi.isuh/event/1492820,2025-01-22 08:31:57.030000,HE,RAF,P,BHZ
smi:fi.isuh/event/1492820,2025-01-22 08:32:16.200000,HE,RAF,S,BHZ
smi:fi.isuh/event/1492820,2025-01-22 08:31:57.600000,HE,SUF,P,BHZ
smi:fi.isuh/event/1492820,2025-01-22 08:32:20.780000,HE,SUF,S,BHZ
smi:fi.isuh/event/1492820,2025-01-22 08:31:59.780000,HE,KAF,P,BHZ
smi:fi.isuh/event/1492820,2025-01-22 08:32:22.360000,HE,KAF,S,BHZ
smi:fi.isuh/event/1492820,2025-01-22 08:32:03.400000,HE,FIA0,P,SHZ
smi:fi.isuh/event/1492820,2025-01-22 08:32:29.100000,HE,FIA0,S,SHZ
smi:fi.isuh/event/1492820,2025-01-22 08:32:33.720000,HE,OUF,S,BHZ
smi:fi.isuh/event/1492820,2025-01-22 08:32:34.740000,HE,OBF0,S,BHZ
smi:fi.isuh/event/1492820,2025-01-22 08:32:43.980000,HE,KORF,S,BHZ
smi:fi.isuh/event/1492820,2025-01-22 08:32:44.980000,HE,PVF,S,BHZ
smi:fi.isuh/event/1492820,2025-01-22 08:32:46.420000,HE,OBF3,S,BHZ
smi:fi.isuh/event/1492820,2025-01-22 08:32:45.240000,HE,NIF,S,BHZ
smi:fi.isuh/event/1492820,2025-01-22 08:32:49.560000,UP,AAL,S,BHZ
smi:fi.isuh/event/1492820,2025-01-22 08:32:50.240000,HE,TVF,S,BHZ
smi:fi.isuh/event/1492809,2025-01-22 09:02:44.318610,HE,VJF,P,?HZ
smi:fi.isuh/event/1492809,2025-01-22 09:02:48.289390,HE,VJF,S,?HZ
smi:fi.isuh/event/1492809,2025-01-22 09:02:48.024670,HE,KY17,P,CZ
smi:fi.isuh/event/1492809,2025-01-22 09:02:54.594060,HE,KY17,S,CZ
smi:fi.isuh/event/1492809,2025-01-22 09:02:50.293690,HE,KY02,P,CZ
smi:fi.isuh/event/1492809,2025-01-22 09:02:58.953760,HE,KY02,S,CZ
smi:fi.isuh/event/1492809,2025-01-22 09:02:53.301510,HE,RUF,P,BHZ
smi:fi.isuh/event/1492809,2025-01-22 09:03:03.616730,HE,RUF,S,BHZ
smi:fi.isuh/event/1492809,2025-01-22 09:02:55.056760,HE,LOVF,P,CZ
smi:fi.isuh/event/1492809,2025-01-22 09:03:06.855640,HE,LOVF,S,CZ
smi:fi.isuh/event/1492809,2025-01-22 09:02:57.601610,HE,PVF,P,CZ
smi:fi.isuh/event/1492809,2025-01-22 09:03:12.486390,HE,PVF,S,CZ
smi:fi.isuh/event/1492809,2025-01-22 09:03:00.146470,HE,FIA1,P,?HZ
smi:fi.isuh/event/1492809,2025-01-22 09:03:15.184260,HE,FIA1,S,?HZ
smi:fi.isuh/event/1492809,2025-01-22 09:03:00.146470,HE,FIA0,P,?HZ
smi:fi.isuh/event/1492809,2025-01-22 09:03:15.184260,HE,FIA0,S,?HZ
smi:fi.isuh/event/1492809,2025-01-22 09:03:05.930240,HE,VUOS,P,BHZ
smi:fi.isuh/event/1492809,2025-01-22 09:03:25.866620,HE,VUOS,S,BHZ
smi:fi.isuh/event/1492809,2025-01-22 09:03:07.086990,HE,KAF,P,?HZ
smi:fi.isuh/event/1492809,2025-01-22 09:03:28.139900,HE,KAF,S,?HZ
smi:fi.isuh/event/1492809,2025-01-22 09:03:14.721560,HE,KEF,P,?HZ
smi:fi.isuh/event/1492809,2025-01-22 09:03:41.326880,HE,KEF,S,?HZ
smi:fi.isuh/event/1492809,2025-01-22 09:03:44.797140,HE,SUF,S,BHZ
smi:fi.isuh/event/1492825,2025-01-22 11:11:40.960000,HE,RAF,P,BHZ
smi:fi.isuh/event/1492825,2025-01-22 11:11:45.720000,HE,RAF,S,BHZ
smi:fi.isuh/event/1492825,2025-01-22 11:11:42.480000,HE,KPF,P,BHZ
smi:fi.isuh/event/1492825,2025-01-22 11:11:48.660000,HE,KPF,S,BHZ
smi:fi.isuh/event/1492825,2025-01-22 11:11:54.980000,HE,TRE03,P,BHZ
smi:fi.isuh/event/1492825,2025-01-22 11:12:10.560000,HE,TRE03,S,BHZ
smi:fi.isuh/event/1492825,2025-01-22 11:11:57.580000,HE,KORF,P,BHZ
smi:fi.isuh/event/1492825,2025-01-22 11:12:14.740000,HE,KORF,S,BHZ
smi:fi.isuh/event/1492825,2025-01-22 11:12:02.680000,UP,AAL,P,BHZ
smi:fi.isuh/event/1492825,2025-01-22 11:12:22.240000,UP,AAL,S,BHZ
smi:fi.isuh/event/1492825,2025-01-22 11:12:03.360000,HE,KEF,P,BHZ
smi:fi.isuh/event/1492825,2025-01-22 11:12:24.920000,HE,KEF,S,BHZ
smi:fi.isuh/event/1492825,2025-01-22 11:12:03.580000,HE,ECKF,P,BHZ
smi:fi.isuh/event/1492825,2025-01-22 11:12:24.780000,HE,ECKF,S,BHZ
smi:fi.isuh/event/1492825,2025-01-22 11:12:05.140000,HE,VAF,P,BHZ
smi:fi.isuh/event/1492825,2025-01-22 11:12:28.380000,HE,VAF,S,BHZ
smi:fi.isuh/event/1492825,2025-01-22 11:12:06.180000,HE,TVF,P,BHZ
smi:fi.isuh/event/1492825,2025-01-22 11:12:29.720000,HE,TVF,S,BHZ
smi:fi.isuh/event/1492825,2025-01-22 11:12:05.080000,HE,MEF,P,BHZ
smi:fi.isuh/event/1492825,2025-01-22 11:12:27.400000,HE,MEF,S,BHZ
smi:fi.isuh/event/1492825,2025-01-22 11:12:10.100000,HE,FIA0,P,SHZ
smi:fi.isuh/event/1492825,2025-01-22 11:12:36.000000,HE,FIA0,S,SHZ
smi:fi.isuh/event/1492825,2025-01-22 11:12:11.800000,HE,PVF,P,BHZ
smi:fi.isuh/event/1492825,2025-01-22 11:12:40.380000,HE,PVF,S,BHZ
smi:fi.isuh/event/1492825,2025-01-22 11:12:13.680000,HE,KAF,P,BHZ
smi:fi.isuh/event/1492825,2025-01-22 11:12:42.880000,HE,KAF,S,BHZ
smi:fi.isuh/event/1492825,2025-01-22 11:12:16.380000,HE,SUF,P,BHZ
smi:fi.isuh/event/1492825,2025-01-22 11:12:48.880000,HE,SUF,S,BHZ
smi:fi.isuh/event/1492850,2025-01-22 11:54:13.474510,HE,RUF,P,BHZ
smi:fi.isuh/event/1492850,2025-01-22 11:54:20.335620,HE,RUF,S,BHZ
smi:fi.isuh/event/1492850,2025-01-22 11:54:13.597350,HE,KY17,P,CZ
smi:fi.isuh/event/1492850,2025-01-22 11:54:20.845390,HE,KY17,S,CZ
smi:fi.isuh/event/1492850,2025-01-22 11:54:13.965850,HE,VJF,P,?HZ
smi:fi.isuh/event/1492850,2025-01-22 11:54:21.541120,HE,VJF,S,?HZ
smi:fi.isuh/event/1492850,2025-01-22 11:54:15.869770,HE,KY02,P,CZ
smi:fi.isuh/event/1492850,2025-01-22 11:54:24.555940,HE,KY02,S,CZ
smi:fi.isuh/event/1492850,2025-01-22 11:54:23.396390,HE,LOVF,P,CZ
smi:fi.isuh/event/1492850,2025-01-22 11:54:37.774760,HE,LOVF,S,CZ
smi:fi.isuh/event/1492850,2025-01-22 11:54:23.301220,HE,FIA1,P,?HZ
smi:fi.isuh/event/1492850,2025-01-22 11:54:38.006670,HE,FIA1,S,?HZ
smi:fi.isuh/event/1492850,2025-01-22 11:54:23.301220,HE,FIA0,P,?HZ
smi:fi.isuh/event/1492850,2025-01-22 11:54:38.006670,HE,FIA0,S,?HZ
smi:fi.isuh/event/1492850,2025-01-22 11:54:25.251670,HE,PVF,P,CZ
smi:fi.isuh/event/1492850,2025-01-22 11:54:41.949120,HE,PVF,S,CZ
smi:fi.isuh/event/1492850,2025-01-22 11:54:29.172840,HE,KAF,P,?HZ
smi:fi.isuh/event/1492850,2025-01-22 11:54:47.283030,HE,KAF,S,?HZ
smi:fi.isuh/event/1492850,2025-01-22 11:54:33.832300,HE,VUOS,P,BHZ
smi:fi.isuh/event/1492850,2025-01-22 11:54:56.327490,HE,VUOS,S,BHZ
smi:fi.isuh/event/1492850,2025-01-22 11:54:35.223760,HE,KUNI,P,BHZ
smi:fi.isuh/event/1492850,2025-01-22 11:54:57.950850,HE,KUNI,S,BHZ
smi:fi.isuh/event/1492850,2025-01-22 11:54:35.455670,HE,NUR,P,SHZ
smi:fi.isuh/event/1492850,2025-01-22 11:54:58.878490,HE,NUR,S,SHZ
smi:fi.isuh/event/1492850,2025-01-22 11:54:59.574210,HE,HEL1,S,BHZ
smi:fi.isuh/event/1492850,2025-01-22 11:54:36.151390,HE,LAUT,P,BHZ
smi:fi.isuh/event/1492850,2025-01-22 11:55:00.269940,HE,LAUT,S,BHZ
smi:fi.isuh/event/1492850,2025-01-22 11:54:37.310940,HE,HEL5,P,BHZ
smi:fi.isuh/event/1492850,2025-01-22 11:55:02.357120,HE,HEL5,S,BHZ
smi:fi.isuh/event/1492850,2025-01-22 11:55:03.516670,HE,SUF,S,BHZ
smi:fi.isuh/event/1492850,2025-01-22 11:54:37.774760,HE,KEF,P,?HZ
smi:fi.isuh/event/1492850,2025-01-22 11:55:03.980490,HE,KEF,S,?HZ
smi:fi.isuh/event/1492850,2025-01-22 11:54:38.934300,HE,TRE03,P,CZ
smi:fi.isuh/event/1492850,2025-01-22 11:55:05.603850,HE,TRE03,S,CZ
smi:fi.isuh/event/1492850,2025-01-22 11:54:38.934300,HE,MEF,P,BHZ
smi:fi.isuh/event/1492850,2025-01-22 11:55:06.299580,HE,MEF,S,BHZ
smi:fi.isuh/event/1492976,2025-01-22 11:54:55.999420,HE,VJF,P,?HZ
smi:fi.isuh/event/1492976,2025-01-22 11:55:13.334300,HE,VJF,S,?HZ
smi:fi.isuh/event/1492976,2025-01-22 11:54:58.585450,HE,LOVF,P,CZ
smi:fi.isuh/event/1492976,2025-01-22 11:55:17.236540,HE,LOVF,S,CZ
smi:fi.isuh/event/1492976,2025-01-22 11:55:01.875410,HE,PVF,P,CZ
smi:fi.isuh/event/1492976,2025-01-22 11:55:23.551500,HE,PVF,S,CZ
smi:fi.isuh/event/1492976,2025-01-22 11:55:23.909670,HE,VUOS,S,BHZ
smi:fi.isuh/event/1492976,2025-01-22 11:55:03.317820,HE,KY17,P,CZ
smi:fi.isuh/event/1492976,2025-01-22 11:55:26.198290,HE,KY17,S,CZ
smi:fi.isuh/event/1492976,2025-01-22 11:55:03.883680,HE,LAUT,P,BHZ
smi:fi.isuh/event/1492976,2025-01-22 11:55:26.816420,HE,LAUT,S,BHZ
smi:fi.isuh/event/1492976,2025-01-22 11:55:03.974660,HE,HEL1,P,BHZ
smi:fi.isuh/event/1492976,2025-01-22 11:55:26.952060,HE,HEL1,S,BHZ
smi:fi.isuh/event/1492976,2025-01-22 11:55:04.084860,HE,RSUO,P,BHZ
smi:fi.isuh/event/1492976,2025-01-22 11:55:27.332250,HE,RSUO,S,BHZ
smi:fi.isuh/event/1492976,2025-01-22 11:55:04.690980,HE,HEL5,P,BHZ
smi:fi.isuh/event/1492976,2025-01-22 11:55:27.888790,HE,HEL5,S,BHZ
smi:fi.isuh/event/1492976,2025-01-22 11:55:04.690980,HE,KUNI,P,BHZ
smi:fi.isuh/event/1492976,2025-01-22 11:55:28.109190,HE,KUNI,S,BHZ
smi:fi.isuh/event/1492976,2025-01-22 11:55:08.327690,HE,MEF,P,BHZ
smi:fi.isuh/event/1492976,2025-01-22 11:55:33.547710,HE,MEF,S,BHZ
smi:fi.isuh/event/1492976,2025-01-22 11:55:09.264420,HE,NUR,P,SHZ
smi:fi.isuh/event/1492976,2025-01-22 11:55:34.556090,HE,NUR,S,SHZ
smi:fi.isuh/event/1492976,2025-01-22 11:55:11.087750,HE,RUF,P,BHZ
smi:fi.isuh/event/1492976,2025-01-22 11:55:41.163320,HE,RUF,S,BHZ
smi:fi.isuh/event/1492976,2025-01-22 11:55:14.474640,HE,TVF,P,BHZ
smi:fi.isuh/event/1492976,2025-01-22 11:55:45.769490,HE,TVF,S,BHZ
smi:fi.isuh/event/1492826,2025-01-22 12:03:40.630000,HE,TOF,P,BHZ
smi:fi.isuh/event/1492826,2025-01-22 12:03:53.840000,HE,TOF,S,BHZ
smi:fi.isuh/event/1492826,2025-01-22 12:03:48.220000,HE,OBF3,P,BHZ
smi:fi.isuh/event/1492826,2025-01-22 12:04:10.060000,HE,OBF3,S,BHZ
smi:fi.isuh/event/1492826,2025-01-22 12:03:49.680000,HE,OBF8,P,BHZ
smi:fi.isuh/event/1492826,2025-01-22 12:04:10.820000,HE,OBF8,S,BHZ
smi:fi.isuh/event/1492826,2025-01-22 12:03:50.020000,HE,OBF0,P,BHZ
smi:fi.isuh/event/1492826,2025-01-22 12:04:13.520000,HE,OBF0,S,BHZ
smi:fi.isuh/event/1492826,2025-01-22 12:03:53.360000,FN,KLF,P,BHZ
smi:fi.isuh/event/1492826,2025-01-22 12:04:18.360000,FN,KLF,S,BHZ
smi:fi.isuh/event/1492826,2025-01-22 12:03:54.130000,HE,OUF,P,BHZ
smi:fi.isuh/event/1492826,2025-01-22 12:04:18.680000,HE,OUF,S,BHZ
smi:fi.isuh/event/1492826,2025-01-22 12:03:57.320000,FN,RANF,P,BHZ
smi:fi.isuh/event/1492826,2025-01-22 12:04:22.880000,FN,RANF,S,BHZ
smi:fi.isuh/event/1492826,2025-01-22 12:04:40.220000,HE,KU2,S,BHZ
smi:fi.isuh/event/1492826,2025-01-22 12:04:07.980000,HE,VAF,P,BHZ
smi:fi.isuh/event/1492826,2025-01-22 12:04:08.830000,HE,HEF,P,BHZ
smi:fi.isuh/event/1492826,2025-01-22 12:04:49.000000,HE,HEF,S,BHZ
smi:fi.isuh/event/1492826,2025-01-22 12:04:12.330000,FN,OLKF,P,BHZ
smi:fi.isuh/event/1492826,2025-01-22 12:04:13.250000,HE,KU1,P,BHZ
smi:fi.isuh/event/1492826,2025-01-22 12:04:14.830000,HE,KU6,P,BHZ
smi:fi.isuh/event/1492826,2025-01-22 12:04:56.830000,HE,KIF,S,BHZ
smi:fi.isuh/event/1492826,2025-01-22 12:04:19.980000,HE,VRF,P,BHZ
smi:fi.isuh/event/1492826,2025-01-22 12:04:20.830000,FN,RAJF,P,BHZ
smi:fi.isuh/event/1492826,2025-01-22 12:05:04.640000,FN,RAJF,S,BHZ
smi:fi.isuh/event/1492826,2025-01-22 12:05:17.420000,HE,KEF,S,BHZ
smi:fi.isuh/event/1492826,2025-01-22 12:04:35.780000,HE,TRE03,P,BHZ
smi:fi.isuh/event/1492831,2025-01-22 12:04:13.910000,HE,KORF,P,BHZ
smi:fi.isuh/event/1492831,2025-01-22 12:04:19.480000,HE,KORF,S,BHZ
smi:fi.isuh/event/1492831,2025-01-22 12:04:18.480000,HE,TVF,P,BHZ
smi:fi.isuh/event/1492831,2025-01-22 12:04:26.080000,HE,TVF,S,BHZ
smi:fi.isuh/event/1492831,2025-01-22 12:04:20.030000,HE,RAF,P,BHZ
smi:fi.isuh/event/1492831,2025-01-22 12:04:30.280000,HE,RAF,S,BHZ
smi:fi.isuh/event/1492831,2025-01-22 12:04:48.160000,UP,AAL,S,BHZ
smi:fi.isuh/event/1492831,2025-01-22 12:04:31.890000,HE,ECKF,P,BHZ
smi:fi.isuh/event/1492831,2025-01-22 12:04:52.580000,HE,ECKF,S,BHZ
smi:fi.isuh/event/1492831,2025-01-22 12:04:33.410000,HE,KPF,P,BHZ
smi:fi.isuh/event/1492831,2025-01-22 12:04:35.780000,HE,TRE03,P,BHZ
smi:fi.isuh/event/1492831,2025-01-22 12:04:39.580000,HE,PVF,P,BHZ
smi:fi.isuh/event/1492831,2025-01-22 12:05:04.480000,HE,PVF,S,BHZ
smi:fi.isuh/event/1492831,2025-01-22 12:04:44.900000,HE,FIA0,P,SHZ
smi:fi.isuh/event/1492831,2025-01-22 12:05:14.700000,HE,FIA0,S,SHZ
smi:fi.isuh/event/1492838,2025-01-22 12:08:38.179300,HE,ECKF,P,CZ
smi:fi.isuh/event/1492838,2025-01-22 12:08:50.244010,HE,ECKF,S,CZ
smi:fi.isuh/event/1492838,2025-01-22 12:08:41.653200,UP,AAL,P,BHZ
smi:fi.isuh/event/1492838,2025-01-22 12:08:56.421880,UP,AAL,S,BHZ
smi:fi.isuh/event/1492838,2025-01-22 12:08:54.421530,HE,KORF,P,CZ
smi:fi.isuh/event/1492838,2025-01-22 12:09:18.558320,HE,KORF,S,CZ
smi:fi.isuh/event/1492838,2025-01-22 12:09:00.108590,HE,RAF,P,BHZ
smi:fi.isuh/event/1492838,2025-01-22 12:09:29.698370,HE,RAF,S,BHZ
smi:fi.isuh/event/1492838,2025-01-22 12:09:09.274940,HE,TVF,P,BHZ
smi:fi.isuh/event/1492838,2025-01-22 12:09:39.910090,HE,TVF,S,BHZ
smi:fi.isuh/event/1492839,2025-01-22 12:27:47.791820,HE,MEF,P,BHZ
smi:fi.isuh/event/1492839,2025-01-22 12:27:48.987590,HE,MEF,S,BHZ
smi:fi.isuh/event/1492839,2025-01-22 12:27:48.971610,HE,HEL5,P,BHZ
smi:fi.isuh/event/1492839,2025-01-22 12:27:51.229990,HE,HEL5,S,BHZ
smi:fi.isuh/event/1492839,2025-01-22 12:27:49.356010,HE,LAUT,P,BHZ
smi:fi.isuh/event/1492839,2025-01-22 12:27:51.854650,HE,LAUT,S,BHZ
smi:fi.isuh/event/1492839,2025-01-22 12:27:49.307960,HE,HEL1,P,BHZ
smi:fi.isuh/event/1492839,2025-01-22 12:27:51.710500,HE,HEL1,S,BHZ
smi:fi.isuh/event/1492839,2025-01-22 12:27:49.307960,HE,RSUO,P,BHZ
smi:fi.isuh/event/1492839,2025-01-22 12:27:51.806600,HE,RSUO,S,BHZ
smi:fi.isuh/event/1492839,2025-01-22 12:27:49.452110,HE,KUNI,P,BHZ
smi:fi.isuh/event/1492839,2025-01-22 12:27:51.950760,HE,KUNI,S,BHZ
smi:fi.isuh/event/1492839,2025-01-22 12:27:51.273240,HE,NUR,P,SHZ
smi:fi.isuh/event/1492839,2025-01-22 12:27:54.978810,HE,NUR,S,SHZ
smi:fi.isuh/event/1492839,2025-01-22 12:27:51.566350,HE,VUOS,P,BHZ
smi:fi.isuh/event/1492839,2025-01-22 12:27:55.410420,HE,VUOS,S,BHZ
smi:fi.isuh/event/1492839,2025-01-22 12:27:59.264090,HE,PVF,P,CZ
smi:fi.isuh/event/1492839,2025-01-22 12:28:08.485610,HE,PVF,S,CZ
smi:fi.isuh/event/1492839,2025-01-22 12:28:00.370670,HE,TVF,P,BHZ
smi:fi.isuh/event/1492839,2025-01-22 12:28:10.182370,HE,TVF,S,BHZ
smi:fi.isuh/event/1492839,2025-01-22 12:28:02.310230,HE,LOVF,P,CZ
smi:fi.isuh/event/1492839,2025-01-22 12:28:13.682020,HE,LOVF,S,CZ
smi:fi.isuh/event/1492839,2025-01-22 12:28:10.113680,HE,KY02,P,CZ
smi:fi.isuh/event/1492839,2025-01-22 12:28:27.244080,HE,KY02,S,CZ
smi:fi.isuh/event/1492839,2025-01-22 12:28:11.734130,HE,TRE03,P,CZ
smi:fi.isuh/event/1492839,2025-01-22 12:28:29.559000,HE,TRE03,S,CZ
smi:fi.isuh/event/1492839,2025-01-22 12:28:11.965620,HE,KY17,P,CZ
smi:fi.isuh/event/1492839,2025-01-22 12:28:30.021980,HE,KY17,S,CZ
smi:fi.isuh/event/1492839,2025-01-22 12:28:11.965620,HE,FIA0,P,?HZ
smi:fi.isuh/event/1492839,2025-01-22 12:28:30.484970,HE,FIA0,S,?HZ
smi:fi.isuh/event/1492839,2025-01-22 12:28:11.965620,HE,FIA1,P,?HZ
smi:fi.isuh/event/1492839,2025-01-22 12:28:30.484970,HE,FIA1,S,?HZ
smi:fi.isuh/event/1492839,2025-01-22 12:28:13.586060,HE,VJF,P,?HZ
smi:fi.isuh/event/1492839,2025-01-22 12:28:33.031380,HE,VJF,S,?HZ
smi:fi.isuh/event/1492839,2025-01-22 12:28:13.817550,HE,KORF,P,CZ
smi:fi.isuh/event/1492839,2025-01-22 12:28:33.725850,HE,KORF,S,CZ
smi:fi.isuh/event/1492839,2025-01-22 12:28:14.743520,HE,RAF,P,BHZ
smi:fi.isuh/event/1492839,2025-01-22 12:28:35.577790,HE,RAF,S,BHZ
smi:fi.isuh/event/1492839,2025-01-22 12:28:46.486530,HE,KEF,S,?HZ
smi:fi.isuh/event/1492839,2025-01-22 12:28:48.575050,HE,KPF,S,BHZ
smi:fi.isuh/event/1492839,2025-01-22 12:28:50.199460,HE,KAF,S,?HZ
smi:fi.isuh/event/1492839,2025-01-22 12:28:55.536810,UP,AAL,S,BHZ
smi:fi.isuh/event/1492839,2025-01-22 12:29:02.498570,HE,ECKF,S,CZ
smi:fi.isuh/event/1492832,2025-01-22 13:10:43.980000,HE,VUOS,P,BHZ
smi:fi.isuh/event/1492832,2025-01-22 13:10:46.760000,HE,VUOS,S,BHZ
smi:fi.isuh/event/1492832,2025-01-22 13:10:44.680000,HE,KUNI,P,BHZ
smi:fi.isuh/event/1492832,2025-01-22 13:10:48.080000,HE,KUNI,S,BHZ
smi:fi.isuh/event/1492832,2025-01-22 13:10:45.780000,HE,PVF,P,BHZ
smi:fi.isuh/event/1492832,2025-01-22 13:10:49.940000,HE,PVF,S,BHZ
smi:fi.isuh/event/1492832,2025-01-22 13:10:46.000000,HE,HEL1,P,BHZ
smi:fi.isuh/event/1492832,2025-01-22 13:10:50.120000,HE,HEL1,S,BHZ
smi:fi.isuh/event/1492832,2025-01-22 13:10:46.420000,HE,LAUT,P,BHZ
smi:fi.isuh/event/1492832,2025-01-22 13:10:50.880000,HE,LAUT,S,BHZ
smi:fi.isuh/event/1492832,2025-01-22 13:10:47.160000,HE,NUR,P,BHZ
smi:fi.isuh/event/1492832,2025-01-22 13:10:52.360000,HE,NUR,S,BHZ
smi:fi.isuh/event/1492832,2025-01-22 13:10:47.680000,HE,HEL5,P,BHZ
smi:fi.isuh/event/1492832,2025-01-22 13:10:53.580000,HE,HEL5,S,BHZ
smi:fi.isuh/event/1492832,2025-01-22 13:10:49.580000,HE,MEF,P,BHZ
smi:fi.isuh/event/1492832,2025-01-22 13:10:56.120000,HE,MEF,S,BHZ
smi:fi.isuh/event/1492832,2025-01-22 13:10:57.350000,HE,KY17,P,BHZ
smi:fi.isuh/event/1492832,2025-01-22 13:11:12.380000,HE,KY17,S,BHZ
smi:fi.isuh/event/1492832,2025-01-22 13:11:19.540000,HE,VJF,S,BHZ
smi:fi.isuh/event/1492832,2025-01-22 13:11:01.100000,HE,FIA0,P,SHZ
smi:fi.isuh/event/1492832,2025-01-22 13:11:15.800000,HE,FIA0,S,SHZ
smi:fi.isuh/event/1492832,2025-01-22 13:11:02.080000,HE,TVF,P,BHZ
smi:fi.isuh/event/1492832,2025-01-22 13:11:17.700000,HE,TVF,S,BHZ
smi:fi.isuh/event/1492832,2025-01-22 13:11:05.780000,HE,TRE03,P,BHZ
smi:fi.isuh/event/1492832,2025-01-22 13:11:23.780000,HE,TRE03,S,BHZ
smi:fi.isuh/event/1492832,2025-01-22 13:11:37.360000,HE,KAF,S,BHZ
smi:fi.isuh/event/1492832,2025-01-22 13:11:13.480000,HE,KEF,P,BHZ
smi:fi.isuh/event/1492832,2025-01-22 13:11:37.760000,HE,KEF,S,BHZ
smi:fi.isuh/event/1492832,2025-01-22 13:11:14.580000,HE,RAF,P,BHZ
smi:fi.isuh/event/1492832,2025-01-22 13:11:39.780000,HE,RAF,S,BHZ
smi:fi.isuh/event/1492832,2025-01-22 13:11:15.480000,HE,KORF,P,BHZ
smi:fi.isuh/event/1492832,2025-01-22 13:11:40.720000,HE,KORF,S,BHZ
smi:fi.isuh/event/1492832,2025-01-22 13:11:45.000000,HE,RUF,S,BHZ
smi:fi.isuh/event/1492832,2025-01-22 13:11:19.480000,HE,KPF,P,BHZ
smi:fi.isuh/event/1492832,2025-01-22 13:11:48.220000,HE,KPF,S,BHZ
smi:fi.isuh/event/1492832,2025-01-22 13:11:54.140000,HE,SUF,S,BHZ
smi:fi.isuh/event/1492832,2025-01-22 13:12:01.960000,UP,AAL,S,BHZ
smi:fi.isuh/event/1492827,2025-01-22 14:24:26.040000,HE,KJNF,P,BHZ
smi:fi.isuh/event/1492827,2025-01-22 14:24:38.280000,HE,NIF,P,BHZ
smi:fi.isuh/event/1492827,2025-01-22 14:24:48.480000,HE,NIF,S,BHZ
smi:fi.isuh/event/1492827,2025-01-22 14:24:41.580000,HE,RMF,P,BHZ
smi:fi.isuh/event/1492827,2025-01-22 14:24:53.820000,HE,RMF,S,BHZ
smi:fi.isuh/event/1492827,2025-01-22 14:24:48.720000,HE,OUF,P,BHZ
smi:fi.isuh/event/1492827,2025-01-22 14:25:06.640000,HE,OUF,S,BHZ
smi:fi.isuh/event/1492827,2025-01-22 14:24:51.080000,HE,OBF3,P,BHZ
smi:fi.isuh/event/1492827,2025-01-22 14:25:11.480000,HE,OBF3,S,BHZ
smi:fi.isuh/event/1492827,2025-01-22 14:24:53.210000,HE,OBF0,P,BHZ
smi:fi.isuh/event/1492827,2025-01-22 14:25:13.300000,HE,OBF0,S,BHZ
smi:fi.isuh/event/1492827,2025-01-22 14:24:53.960000,HE,SUF,P,BHZ
smi:fi.isuh/event/1492827,2025-01-22 14:25:15.380000,HE,SUF,S,BHZ
smi:fi.isuh/event/1492827,2025-01-22 14:24:58.440000,HE,OBF8,P,BHZ
smi:fi.isuh/event/1492827,2025-01-22 14:25:23.620000,HE,OBF8,S,BHZ
smi:fi.isuh/event/1492827,2025-01-22 14:25:00.320000,HE,JOF,P,BHZ
smi:fi.isuh/event/1492827,2025-01-22 14:25:26.080000,HE,JOF,S,BHZ
smi:fi.isuh/event/1492827,2025-01-22 14:25:31.080000,HE,KAF,S,BHZ
smi:fi.isuh/event/1492827,2025-01-22 14:25:37.800000,HE,TOF,S,BHZ
smi:fi.isuh/event/1492827,2025-01-22 14:25:06.560000,HE,KEF,P,BHZ
smi:fi.isuh/event/1492827,2025-01-22 14:25:37.080000,HE,KEF,S,BHZ
smi:fi.isuh/event/1492827,2025-01-22 14:25:41.680000,HE,VAF,S,BHZ
smi:fi.isuh/event/1492827,2025-01-22 14:25:13.400000,HE,FIA0,P,SHZ
smi:fi.isuh/event/1492827,2025-01-22 14:25:48.580000,HE,TRE03,S,BHZ
smi:fi.isuh/event/1492840,2025-01-22 14:28:20.641780,HE,VJF,P,?HZ
smi:fi.isuh/event/1492840,2025-01-22 14:28:24.114000,HE,VJF,S,?HZ
smi:fi.isuh/event/1492840,2025-01-22 14:28:21.556390,HE,KY17,P,CZ
smi:fi.isuh/event/1492840,2025-01-22 14:28:26.015150,HE,KY17,S,CZ
smi:fi.isuh/event/1492840,2025-01-22 14:28:22.304650,HE,KY02,P,CZ
smi:fi.isuh/event/1492840,2025-01-22 14:28:27.409800,HE,KY02,S,CZ
smi:fi.isuh/event/1492840,2025-01-22 14:28:22.743800,HE,LOVF,P,CZ
smi:fi.isuh/event/1492840,2025-01-22 14:28:27.903840,HE,LOVF,S,CZ
smi:fi.isuh/event/1492840,2025-01-22 14:28:25.982550,HE,PVF,P,CZ
smi:fi.isuh/event/1492840,2025-01-22 14:28:33.217050,HE,PVF,S,CZ
smi:fi.isuh/event/1492840,2025-01-22 14:28:32.688820,HE,FIA0,P,?HZ
smi:fi.isuh/event/1492840,2025-01-22 14:28:45.276710,HE,FIA0,S,?HZ
smi:fi.isuh/event/1492840,2025-01-22 14:28:32.688820,HE,FIA1,P,?HZ
smi:fi.isuh/event/1492840,2025-01-22 14:28:45.276710,HE,FIA1,S,?HZ
smi:fi.isuh/event/1492840,2025-01-22 14:28:33.680880,HE,VUOS,P,BHZ
smi:fi.isuh/event/1492840,2025-01-22 14:28:47.132040,HE,VUOS,S,BHZ
smi:fi.isuh/event/1492840,2025-01-22 14:28:35.072380,HE,KUNI,P,BHZ
smi:fi.isuh/event/1492840,2025-01-22 14:28:49.219290,HE,KUNI,S,BHZ
smi:fi.isuh/event/1492840,2025-01-22 14:28:36.463880,HE,NUR,P,SHZ
smi:fi.isuh/event/1492840,2025-01-22 14:28:51.770380,HE,NUR,S,SHZ
smi:fi.isuh/event/1492840,2025-01-22 14:28:37.623460,HE,HEL5,P,BHZ
smi:fi.isuh/event/1492840,2025-01-22 14:28:53.625710,HE,HEL5,S,BHZ
smi:fi.isuh/event/1492840,2025-01-22 14:28:37.623460,HE,RUF,P,BHZ
smi:fi.isuh/event/1492840,2025-01-22 14:28:54.089540,HE,RUF,S,BHZ
smi:fi.isuh/event/1492840,2025-01-22 14:28:39.942630,HE,MEF,P,BHZ
smi:fi.isuh/event/1492840,2025-01-22 14:28:57.568290,HE,MEF,S,BHZ
smi:fi.isuh/event/1492840,2025-01-22 14:28:43.293150,HE,KAF,P,?HZ
smi:fi.isuh/event/1492840,2025-01-22 14:29:03.598130,HE,KAF,S,?HZ
smi:fi.isuh/event/1492840,2025-01-22 14:28:45.740550,HE,TRE03,P,CZ
smi:fi.isuh/event/1492840,2025-01-22 14:29:07.772630,HE,TRE03,S,CZ
smi:fi.isuh/event/1492840,2025-01-22 14:28:48.755460,HE,KEF,P,?HZ
smi:fi.isuh/event/1492840,2025-01-22 14:29:12.874790,HE,KEF,S,?HZ
smi:fi.isuh/event/1492840,2025-01-22 14:28:52.929960,HE,SUF,P,BHZ
smi:fi.isuh/event/1492840,2025-01-22 14:29:20.064210,HE,SUF,S,BHZ
smi:fi.isuh/event/1493488,2025-01-23 02:39:41.318330,HE,RAF,P,BHZ
smi:fi.isuh/event/1493488,2025-01-23 02:39:46.935080,HE,RAF,S,BHZ
smi:fi.isuh/event/1493488,2025-01-23 02:39:47.541850,HE,KPF,P,BHZ
smi:fi.isuh/event/1493488,2025-01-23 02:39:57.688500,HE,KPF,S,BHZ
smi:fi.isuh/event/1493488,2025-01-23 02:39:50.150740,HE,TRE03,P,CZ
smi:fi.isuh/event/1493488,2025-01-23 02:40:02.441350,HE,TRE03,S,CZ
smi:fi.isuh/event/1493488,2025-01-23 02:40:00.818070,HE,KEF,P,?HZ
smi:fi.isuh/event/1493488,2025-01-23 02:40:20.529430,HE,KEF,S,?HZ
smi:fi.isuh/event/1493488,2025-01-23 02:40:01.977560,UP,AAL,P,BHZ
smi:fi.isuh/event/1493488,2025-01-23 02:40:22.384620,UP,AAL,S,BHZ
smi:fi.isuh/event/1493488,2025-01-23 02:40:04.064640,HE,FIA0,P,?HZ
smi:fi.isuh/event/1493488,2025-01-23 02:40:25.863090,HE,FIA0,S,?HZ
smi:fi.isuh/event/1493488,2025-01-23 02:40:04.064640,HE,FIA1,P,?HZ
smi:fi.isuh/event/1493488,2025-01-23 02:40:25.863090,HE,FIA1,S,?HZ
smi:fi.isuh/event/1493488,2025-01-23 02:40:04.528440,HE,ECKF,P,CZ
smi:fi.isuh/event/1493488,2025-01-23 02:40:27.022580,HE,ECKF,S,CZ
smi:fi.isuh/event/1493442,2025-01-23 07:49:19.880000,HE,OBF8,P,BHZ
smi:fi.isuh/event/1493442,2025-01-23 07:49:21.880000,HE,VAF,P,BHZ
smi:fi.isuh/event/1493442,2025-01-23 07:49:33.440000,HE,VAF,S,BHZ
smi:fi.isuh/event/1493442,2025-01-23 07:49:22.180000,HE,OUF,P,BHZ
smi:fi.isuh/event/1493442,2025-01-23 07:49:33.520000,HE,OUF,S,BHZ
smi:fi.isuh/event/1493442,2025-01-23 07:49:23.180000,HE,OBF0,P,BHZ
smi:fi.isuh/event/1493442,2025-01-23 07:49:36.500000,HE,OBF0,S,BHZ
smi:fi.isuh/event/1493442,2025-01-23 07:49:29.880000,HE,OBF3,P,BHZ
smi:fi.isuh/event/1493442,2025-01-23 07:49:51.240000,HE,OBF3,S,BHZ
smi:fi.isuh/event/1493442,2025-01-23 07:49:33.180000,HE,SUF,P,BHZ
smi:fi.isuh/event/1493442,2025-01-23 07:49:53.060000,HE,SUF,S,BHZ
smi:fi.isuh/event/1493442,2025-01-23 07:49:35.680000,HE,KEF,P,BHZ
smi:fi.isuh/event/1493442,2025-01-23 07:50:05.620000,HE,KJNF,S,BHZ
smi:fi.isuh/event/1493442,2025-01-23 07:49:40.000000,HE,NIF,P,BHZ
smi:fi.isuh/event/1493442,2025-01-23 07:50:04.340000,HE,NIF,S,BHZ
smi:fi.isuh/event/1493442,2025-01-23 07:49:41.730000,HE,KAF,P,BHZ
smi:fi.isuh/event/1493442,2025-01-23 07:50:08.640000,HE,KAF,S,BHZ
smi:fi.isuh/event/1493442,2025-01-23 07:49:43.080000,HE,KPF,P,BHZ
smi:fi.isuh/event/1493442,2025-01-23 07:50:10.080000,HE,KPF,S,BHZ
smi:fi.isuh/event/1493442,2025-01-23 07:49:45.280000,HE,TRE03,P,BHZ
smi:fi.isuh/event/1493442,2025-01-23 07:50:11.820000,HE,TRE03,S,BHZ
smi:fi.isuh/event/1493442,2025-01-23 07:49:50.480000,HE,TOF,P,BHZ
smi:fi.isuh/event/1493442,2025-01-23 07:50:21.360000,HE,TOF,S,BHZ
smi:fi.isuh/event/1493442,2025-01-23 07:49:50.300000,HE,FIA0,P,SHZ
smi:fi.isuh/event/1493442,2025-01-23 07:50:24.100000,HE,FIA0,S,SHZ
smi:fi.isuh/event/1493442,2025-01-23 07:50:30.040000,FN,RANF,S,BHZ
smi:fi.isuh/event/1493442,2025-01-23 07:49:55.390000,HE,RMF,P,BHZ
smi:fi.isuh/event/1493442,2025-01-23 07:50:31.260000,HE,RMF,S,BHZ
smi:fi.isuh/event/1493442,2025-01-23 07:50:33.680000,HE,RAF,S,BHZ
smi:fi.isuh/event/1493442,2025-01-23 07:49:53.980000,HE,KU2,P,BHZ
smi:fi.isuh/event/1493442,2025-01-23 07:50:04.130000,HE,KU6,P,BHZ
smi:fi.isuh/event/1493448,2025-01-23 11:02:33.216020,HE,RUF,P,BHZ
smi:fi.isuh/event/1493448,2025-01-23 11:02:35.521090,HE,RUF,S,BHZ
smi:fi.isuh/event/1493448,2025-01-23 11:02:47.479380,HE,KY17,P,CZ
smi:fi.isuh/event/1493448,2025-01-23 11:03:00.029000,HE,KY17,S,CZ
smi:fi.isuh/event/1493448,2025-01-23 11:02:47.361650,HE,VJF,P,?HZ
smi:fi.isuh/event/1493448,2025-01-23 11:02:59.748580,HE,VJF,S,?HZ
smi:fi.isuh/event/1493448,2025-01-23 11:02:49.312670,HE,KY02,P,CZ
smi:fi.isuh/event/1493448,2025-01-23 11:03:03.459120,HE,KY02,S,CZ
smi:fi.isuh/event/1493448,2025-01-23 11:02:54.878490,HE,FIA1,P,?HZ
smi:fi.isuh/event/1493448,2025-01-23 11:03:12.967400,HE,FIA1,S,?HZ
smi:fi.isuh/event/1493448,2025-01-23 11:02:54.878490,HE,FIA0,P,?HZ
smi:fi.isuh/event/1493448,2025-01-23 11:03:12.967400,HE,FIA0,S,?HZ
smi:fi.isuh/event/1493448,2025-01-23 11:02:56.965670,HE,LOVF,P,CZ
smi:fi.isuh/event/1493448,2025-01-23 11:03:16.909850,HE,LOVF,S,CZ
smi:fi.isuh/event/1493448,2025-01-23 11:02:57.429490,HE,KAF,P,?HZ
smi:fi.isuh/event/1493448,2025-01-23 11:03:17.141760,HE,KAF,S,?HZ
smi:fi.isuh/event/1493448,2025-01-23 11:02:59.284760,HE,PVF,P,CZ
smi:fi.isuh/event/1493448,2025-01-23 11:03:20.852310,HE,PVF,S,CZ
smi:fi.isuh/event/1493448,2025-01-23 11:03:05.082490,HE,SUF,P,BHZ
smi:fi.isuh/event/1493448,2025-01-23 11:03:30.360580,HE,SUF,S,BHZ
smi:fi.isuh/event/1493448,2025-01-23 11:03:05.082490,HE,JOF,P,BHZ
smi:fi.isuh/event/1493448,2025-01-23 11:03:30.592490,HE,JOF,S,BHN
smi:fi.isuh/event/1493448,2025-01-23 11:03:06.937760,HE,KEF,P,?HZ
smi:fi.isuh/event/1493448,2025-01-23 11:03:34.303040,HE,KEF,S,?HZ
smi:fi.isuh/event/1493448,2025-01-23 11:03:07.865400,HE,NIF,P,BHZ
smi:fi.isuh/event/1493448,2025-01-23 11:03:35.694490,HE,NIF,S,BHZ
smi:fi.isuh/event/1493017,2025-01-23 11:11:15.525310,HE,OBF3,P,BHZ
smi:fi.isuh/event/1493017,2025-01-23 11:11:21.970950,HE,OBF3,S,BHZ
smi:fi.isuh/event/1493017,2025-01-23 11:11:21.711650,HE,OUF,P,BHZ
smi:fi.isuh/event/1493017,2025-01-23 11:11:33.128300,HE,OUF,S,BHZ
smi:fi.isuh/event/1493017,2025-01-23 11:11:22.385580,HE,OBF0,P,BHZ
smi:fi.isuh/event/1493017,2025-01-23 11:11:33.580620,HE,OBF0,S,BHZ
smi:fi.isuh/event/1493017,2025-01-23 11:11:25.551850,FN,RANF,P,?HZ
smi:fi.isuh/event/1493017,2025-01-23 11:11:38.714090,FN,RANF,S,?HZ
smi:fi.isuh/event/1493017,2025-01-23 11:11:26.773980,HE,TOF,P,BHZ
smi:fi.isuh/event/1493017,2025-01-23 11:11:41.295740,HE,TOF,S,BHZ
smi:fi.isuh/event/1493017,2025-01-23 11:11:28.710210,HE,OBF8,P,BHZ
smi:fi.isuh/event/1493017,2025-01-23 11:11:44.845500,HE,OBF8,S,BHZ
smi:fi.isuh/event/1493017,2025-01-23 11:11:28.888880,HE,KU2,P,SHZ
smi:fi.isuh/event/1493017,2025-01-23 11:11:44.953070,HE,KU2,S,SHZ
smi:fi.isuh/event/1493017,2025-01-23 11:11:37.002180,HE,KU1,P,SHZ
smi:fi.isuh/event/1493017,2025-01-23 11:11:59.042430,HE,KU1,S,SHZ
smi:fi.isuh/event/1493017,2025-01-23 11:11:41.332630,HE,NIF,P,BHZ
smi:fi.isuh/event/1493017,2025-01-23 11:12:06.574350,HE,NIF,S,BHZ
smi:fi.isuh/event/1493017,2025-01-23 11:11:42.263850,FN,OLKF,P,BHN
smi:fi.isuh/event/1493017,2025-01-23 11:12:07.327330,FN,OLKF,S,BHZ
smi:fi.isuh/event/1493017,2025-01-23 11:11:41.664240,HE,KU6,P,BHZ
smi:fi.isuh/event/1493017,2025-01-23 11:12:06.901440,HE,KU6,S,BHZ
smi:fi.isuh/event/1493017,2025-01-23 11:11:42.590380,HE,RMF,P,BHZ
smi:fi.isuh/event/1493017,2025-01-23 11:12:08.522180,HE,RMF,S,BHZ
smi:fi.isuh/event/1493017,2025-01-23 11:11:43.516510,HE,ALAJF,P,?HZ
smi:fi.isuh/event/1493017,2025-01-23 11:12:10.374450,HE,ALAJF,S,?HZ
smi:fi.isuh/event/1493017,2025-01-23 11:11:45.137250,FN,KLF,P,BHZ
smi:fi.isuh/event/1493017,2025-01-23 11:12:13.152850,FN,KLF,S,BHZ
smi:fi.isuh/event/1493450,2025-01-23 11:15:23.480000,HE,NUR,P,BHZ
smi:fi.isuh/event/1493450,2025-01-23 11:15:25.580000,HE,NUR,S,BHZ
smi:fi.isuh/event/1493450,2025-01-23 11:15:24.140000,HE,KUNI,P,BHZ
smi:fi.isuh/event/1493450,2025-01-23 11:15:26.180000,HE,KUNI,S,BHZ
smi:fi.isuh/event/1493450,2025-01-23 11:15:26.300000,HE,LAUT,P,BHZ
smi:fi.isuh/event/1493450,2025-01-23 11:15:26.380000,HE,VUOS,P,BHZ
smi:fi.isuh/event/1493450,2025-01-23 11:15:30.080000,HE,VUOS,S,BHZ
smi:fi.isuh/event/1493450,2025-01-23 11:15:31.400000,HE,MEF,P,BHZ
smi:fi.isuh/event/1493450,2025-01-23 11:15:26.980000,HE,HEL5,P,BHZ
smi:fi.isuh/event/1493450,2025-01-23 11:15:30.780000,HE,PVF,P,BHZ
smi:fi.isuh/event/1493450,2025-01-23 11:15:37.920000,HE,PVF,S,BHZ
smi:fi.isuh/event/1493450,2025-01-23 11:15:39.680000,HE,TVF,P,BHZ
smi:fi.isuh/event/1493450,2025-01-23 11:15:43.100000,HE,FIA0,P,SHZ
smi:fi.isuh/event/1493450,2025-01-23 11:16:04.300000,HE,FIA0,S,SHZ
smi:fi.isuh/event/1493450,2025-01-23 11:15:43.440000,HE,KY17,P,BHZ
smi:fi.isuh/event/1493450,2025-01-23 11:15:59.840000,HE,KY17,S,BHZ
smi:fi.isuh/event/1493450,2025-01-23 11:15:44.500000,HE,TRE03,P,BHZ
smi:fi.isuh/event/1493450,2025-01-23 11:15:45.950000,HE,VJF,P,BHZ
smi:fi.isuh/event/1493450,2025-01-23 11:15:51.080000,HE,RAF,P,BHZ
smi:fi.isuh/event/1493450,2025-01-23 11:16:12.900000,HE,RAF,S,BHZ
smi:fi.isuh/event/1493450,2025-01-23 11:15:52.220000,HE,KORF,P,BHZ
smi:fi.isuh/event/1493450,2025-01-23 11:16:16.080000,HE,KORF,S,BHZ
smi:fi.isuh/event/1493450,2025-01-23 11:15:53.880000,HE,KEF,P,BHZ
smi:fi.isuh/event/1493450,2025-01-23 11:15:54.980000,HE,KAF,P,BHZ
smi:fi.isuh/event/1493450,2025-01-23 11:15:57.070000,HE,KPF,P,BHZ
smi:fi.isuh/event/1493450,2025-01-23 11:16:22.460000,HE,KPF,S,BHZ
smi:fi.isuh/event/1493450,2025-01-23 11:16:03.900000,HE,SUF,P,BHZ
smi:fi.isuh/event/1493450,2025-01-23 11:16:38.600000,UP,AAL,S,BHZ
smi:fi.isuh/event/1493472,2025-01-23 11:33:19.180000,HE,NIF,P,BHZ
smi:fi.isuh/event/1493472,2025-01-23 11:33:23.080000,HE,NIF,S,BHZ
smi:fi.isuh/event/1493472,2025-01-23 11:33:29.880000,HE,SUF,P,BHZ
smi:fi.isuh/event/1493472,2025-01-23 11:33:42.580000,HE,SUF,S,BHZ
smi:fi.isuh/event/1493472,2025-01-23 11:33:35.280000,HE,KJNF,P,BHZ
smi:fi.isuh/event/1493472,2025-01-23 11:33:36.780000,HE,KAF,P,BHZ
smi:fi.isuh/event/1493472,2025-01-23 11:33:54.980000,HE,KAF,S,BHZ
smi:fi.isuh/event/1493472,2025-01-23 11:33:41.180000,HE,RMF,P,BHZ
smi:fi.isuh/event/1493472,2025-01-23 11:34:02.180000,HE,RMF,S,BHZ
smi:fi.isuh/event/1493472,2025-01-23 11:33:44.240000,HE,JOF,P,BHZ
smi:fi.isuh/event/1493472,2025-01-23 11:34:06.080000,HE,JOF,S,BHZ
smi:fi.isuh/event/1493472,2025-01-23 11:33:44.380000,HE,KEF,P,BHZ
smi:fi.isuh/event/1493472,2025-01-23 11:34:06.560000,HE,KEF,S,BHZ
smi:fi.isuh/event/1493472,2025-01-23 11:33:46.720000,HE,RUF,P,BHZ
smi:fi.isuh/event/1493472,2025-01-23 11:34:11.060000,HE,RUF,S,BHZ
smi:fi.isuh/event/1493472,2025-01-23 11:33:47.380000,HE,OUF,P,BHZ
smi:fi.isuh/event/1493472,2025-01-23 11:34:12.660000,HE,OUF,S,BHZ
smi:fi.isuh/event/1493472,2025-01-23 11:33:48.700000,HE,FIA0,P,SHZ
smi:fi.isuh/event/1493472,2025-01-23 11:33:51.780000,HE,OBF0,P,BHZ
smi:fi.isuh/event/1493472,2025-01-23 11:33:53.280000,HE,OBF3,P,BHZ
smi:fi.isuh/event/1493472,2025-01-23 11:33:54.360000,HE,KY17,P,BHZ
smi:fi.isuh/event/1493472,2025-01-23 11:34:24.340000,HE,KY17,S,BHZ
smi:fi.isuh/event/1493472,2025-01-23 11:33:55.480000,HE,TRE03,P,BHZ
smi:fi.isuh/event/1493472,2025-01-23 11:33:54.740000,HE,OBF8,P,BHZ
smi:fi.isuh/event/1493472,2025-01-23 11:33:55.480000,HE,VAF,P,BHZ
smi:fi.isuh/event/1493472,2025-01-23 11:34:25.720000,HE,VAF,S,BHZ
smi:fi.isuh/event/1493472,2025-01-23 11:33:59.190000,HE,KU1,P,BHZ
smi:fi.isuh/event/1493472,2025-01-23 11:34:34.780000,HE,KU1,S,BHZ
smi:fi.isuh/event/1493472,2025-01-23 11:33:56.050000,HE,KU2,P,BHZ
smi:fi.isuh/event/1493472,2025-01-23 11:34:00.280000,HE,VJF,P,BHZ
smi:fi.isuh/event/1493472,2025-01-23 11:34:34.940000,HE,VJF,S,BHZ
smi:fi.isuh/event/1493472,2025-01-23 11:34:03.480000,HE,PVF,P,BHZ
smi:fi.isuh/event/1493472,2025-01-23 11:34:40.240000,HE,PVF,S,BHZ
smi:fi.isuh/event/1493472,2025-01-23 11:34:03.880000,FN,RANF,P,BHZ
smi:fi.isuh/event/1493472,2025-01-23 11:34:42.200000,FN,RANF,S,BHZ
smi:fi.isuh/event/1493472,2025-01-23 11:34:07.280000,HE,KPF,P,BHZ
smi:fi.isuh/event/1493472,2025-01-23 11:34:05.280000,HE,KU6,P,BHZ
smi:fi.isuh/event/1493472,2025-01-23 11:34:47.280000,HE,KU6,S,BHZ
smi:fi.isuh/event/1493472,2025-01-23 11:34:09.180000,FN,OLKF,P,BHZ
smi:fi.isuh/event/1493472,2025-01-23 11:34:53.480000,FN,OLKF,S,BHZ
smi:fi.isuh/event/1493451,2025-01-23 11:52:03.760000,HE,TRE03,P,BHZ
smi:fi.isuh/event/1493451,2025-01-23 11:52:13.580000,HE,KPF,P,BHZ
smi:fi.isuh/event/1493451,2025-01-23 11:52:26.720000,HE,KPF,S,BHZ
smi:fi.isuh/event/1493451,2025-01-23 11:52:14.980000,HE,RAF,P,BHZ
smi:fi.isuh/event/1493451,2025-01-23 11:52:28.000000,HE,RAF,S,BHZ
smi:fi.isuh/event/1493451,2025-01-23 11:52:15.680000,HE,KEF,P,BHZ
smi:fi.isuh/event/1493451,2025-01-23 11:52:30.100000,HE,KEF,S,BHZ
smi:fi.isuh/event/1493451,2025-01-23 11:52:18.400000,HE,FIA0,P,SHZ
smi:fi.isuh/event/1493451,2025-01-23 11:52:34.100000,HE,FIA0,S,SHZ
smi:fi.isuh/event/1493451,2025-01-23 11:52:19.480000,HE,MEF,P,BHZ
smi:fi.isuh/event/1493451,2025-01-23 11:52:21.940000,HE,PVF,P,BHZ
smi:fi.isuh/event/1493451,2025-01-23 11:52:23.680000,HE,KAF,P,BHZ
smi:fi.isuh/event/1493451,2025-01-23 11:52:44.380000,HE,KAF,S,BHZ
smi:fi.isuh/event/1493451,2025-01-23 11:52:25.380000,HE,TVF,P,BHZ
smi:fi.isuh/event/1493451,2025-01-23 11:52:27.180000,HE,KORF,P,BHZ
smi:fi.isuh/event/1493451,2025-01-23 11:52:48.440000,HE,KORF,S,BHZ
smi:fi.isuh/event/1493451,2025-01-23 11:52:28.140000,HE,KY17,P,BHZ
smi:fi.isuh/event/1493451,2025-01-23 11:52:51.040000,HE,KY17,S,BHZ
smi:fi.isuh/event/1493451,2025-01-23 11:52:29.530000,HE,VAF,P,BHZ
smi:fi.isuh/event/1493451,2025-01-23 11:52:52.600000,HE,VAF,S,BHZ
smi:fi.isuh/event/1493451,2025-01-23 11:52:29.780000,HE,SUF,P,BHZ
smi:fi.isuh/event/1493451,2025-01-23 11:53:02.560000,HE,VJF,S,BHZ
smi:fi.isuh/event/1493451,2025-01-23 11:52:34.880000,UP,AAL,P,BHZ
smi:fi.isuh/event/1493451,2025-01-23 11:53:04.280000,UP,AAL,S,BHZ
smi:fi.isuh/event/1493451,2025-01-23 11:52:37.510000,HE,ECKF,P,BHZ
smi:fi.isuh/event/1493451,2025-01-23 11:53:08.640000,HE,ECKF,S,BHZ
smi:fi.isuh/event/1493451,2025-01-23 11:53:22.700000,HE,NIF,S,BHZ
smi:fi.isuh/event/1493451,2025-01-23 11:52:50.820000,HE,OBF0,P,BHZ
smi:fi.isuh/event/1493451,2025-01-23 11:52:55.280000,HE,OBF3,P,BHZ
smi:fi.isuh/event/1493452,2025-01-23 11:58:22.070000,HE,KPF,P,BHZ
smi:fi.isuh/event/1493452,2025-01-23 11:58:24.130000,HE,VAF,P,BHZ
smi:fi.isuh/event/1493452,2025-01-23 11:58:39.720000,HE,VAF,S,BHZ
smi:fi.isuh/event/1493452,2025-01-23 11:58:36.330000,HE,RAF,P,BHZ
smi:fi.isuh/event/1493452,2025-01-23 11:58:56.840000,HE,RAF,S,BHZ
smi:fi.isuh/event/1493452,2025-01-23 11:58:37.580000,HE,TRE03,P,BHZ
smi:fi.isuh/event/1493452,2025-01-23 11:58:38.930000,HE,KEF,P,BHZ
smi:fi.isuh/event/1493452,2025-01-23 11:59:00.760000,HE,KEF,S,BHZ
smi:fi.isuh/event/1493452,2025-01-23 11:58:48.310000,HE,SUF,P,BHZ
smi:fi.isuh/event/1493452,2025-01-23 11:59:17.380000,HE,SUF,S,BHZ
smi:fi.isuh/event/1493452,2025-01-23 11:58:50.830000,HE,KAF,P,BHZ
smi:fi.isuh/event/1493452,2025-01-23 11:59:19.840000,HE,KAF,S,BHZ
smi:fi.isuh/event/1493452,2025-01-23 11:58:51.260000,HE,OBF0,P,BHZ
smi:fi.isuh/event/1493452,2025-01-23 11:58:51.980000,HE,OUF,P,BHZ
smi:fi.isuh/event/1493452,2025-01-23 11:59:23.560000,HE,OUF,S,BHZ
smi:fi.isuh/event/1493452,2025-01-23 11:58:48.160000,UP,AAL,P,BHZ
smi:fi.isuh/event/1493505,2025-01-23 12:04:11.678290,HE,KORF,P,CZ
smi:fi.isuh/event/1493505,2025-01-23 12:04:17.088760,HE,KORF,S,CZ
smi:fi.isuh/event/1493505,2025-01-23 12:04:16.144700,HE,TVF,P,BHZ
smi:fi.isuh/event/1493505,2025-01-23 12:04:24.951740,HE,TVF,S,BHZ
smi:fi.isuh/event/1493505,2025-01-23 12:04:18.031260,HE,RAF,P,BHZ
smi:fi.isuh/event/1493505,2025-01-23 12:04:28.300140,HE,RAF,S,BHZ
smi:fi.isuh/event/1493505,2025-01-23 12:04:37.235240,HE,MEF,S,BHZ
smi:fi.isuh/event/1493505,2025-01-23 12:04:38.857590,UP,AAL,S,BHZ
smi:fi.isuh/event/1493505,2025-01-23 12:04:41.638760,HE,NUR,S,SHZ
smi:fi.isuh/event/1493505,2025-01-23 12:04:28.891730,HE,ECKF,P,CZ
smi:fi.isuh/event/1493505,2025-01-23 12:04:46.274040,HE,ECKF,S,CZ
smi:fi.isuh/event/1493505,2025-01-23 12:04:32.136430,HE,KPF,P,BHZ
smi:fi.isuh/event/1493505,2025-01-23 12:04:52.299910,HE,KPF,S,BHZ
smi:fi.isuh/event/1493454,2025-01-23 12:07:52.880000,HE,TOF,P,BHZ
smi:fi.isuh/event/1493454,2025-01-23 12:08:07.480000,HE,TOF,S,BHZ
smi:fi.isuh/event/1493454,2025-01-23 12:08:01.460000,HE,OBF3,P,BHZ
smi:fi.isuh/event/1493454,2025-01-23 12:08:23.920000,HE,OBF3,S,BHZ
smi:fi.isuh/event/1493454,2025-01-23 12:08:03.180000,HE,OBF8,P,BHZ
smi:fi.isuh/event/1493454,2025-01-23 12:08:25.920000,HE,OBF8,S,BHZ
smi:fi.isuh/event/1493454,2025-01-23 12:08:03.550000,HE,OBF0,P,BHZ
smi:fi.isuh/event/1493454,2025-01-23 12:08:26.520000,HE,OBF0,S,BHZ
smi:fi.isuh/event/1493454,2025-01-23 12:08:04.080000,FN,KLF,P,BHZ
smi:fi.isuh/event/1493454,2025-01-23 12:08:26.400000,FN,KLF,S,BHZ
smi:fi.isuh/event/1493454,2025-01-23 12:08:07.400000,HE,OUF,P,BHZ
smi:fi.isuh/event/1493454,2025-01-23 12:08:09.680000,FN,RANF,P,BHZ
smi:fi.isuh/event/1493454,2025-01-23 12:08:36.800000,FN,RANF,S,BHZ
smi:fi.isuh/event/1493454,2025-01-23 12:08:19.080000,HE,HEF,P,BHZ
smi:fi.isuh/event/1493454,2025-01-23 12:08:56.960000,HE,HEF,S,BHZ
smi:fi.isuh/event/1493454,2025-01-23 12:08:20.180000,HE,VAF,P,BHZ
smi:fi.isuh/event/1493454,2025-01-23 12:08:58.520000,HE,VAF,S,BHZ
smi:fi.isuh/event/1493454,2025-01-23 12:08:24.780000,FN,OLKF,P,BHZ
smi:fi.isuh/event/1493454,2025-01-23 12:09:07.640000,FN,OLKF,S,BHZ
smi:fi.isuh/event/1493454,2025-01-23 12:08:25.780000,HE,KU1,P,BHZ
smi:fi.isuh/event/1493454,2025-01-23 12:08:27.280000,HE,KU6,P,BHZ
smi:fi.isuh/event/1493454,2025-01-23 12:09:07.800000,HE,KU6,S,BHZ
smi:fi.isuh/event/1493454,2025-01-23 12:08:33.650000,HE,SUF,P,BHZ
smi:fi.isuh/event/1493454,2025-01-23 12:09:10.320000,HE,VRF,S,BHZ
smi:fi.isuh/event/1493454,2025-01-23 12:08:31.630000,FN,RAJF,P,BHZ
smi:fi.isuh/event/1493454,2025-01-23 12:09:25.400000,FN,RAJF,S,BHZ
smi:fi.isuh/event/1493455,2025-01-23 12:32:19.470000,HE,OBF3,P,BHZ
smi:fi.isuh/event/1493455,2025-01-23 12:32:20.730000,FN,KLF,P,BHZ
smi:fi.isuh/event/1493455,2025-01-23 12:32:44.680000,FN,KLF,S,BHZ
smi:fi.isuh/event/1493455,2025-01-23 12:32:21.310000,HE,OBF0,P,BHZ
smi:fi.isuh/event/1493455,2025-01-23 12:32:44.600000,HE,OBF0,S,BHZ
smi:fi.isuh/event/1493455,2025-01-23 12:32:51.160000,HE,OUF,S,BHZ
smi:fi.isuh/event/1493455,2025-01-23 12:32:53.960000,FN,RANF,S,BHZ
smi:fi.isuh/event/1493457,2025-01-23 13:20:32.560000,HE,KPF,P,BHZ
smi:fi.isuh/event/1493457,2025-01-23 13:20:36.900000,HE,KPF,S,BHZ
smi:fi.isuh/event/1493457,2025-01-23 13:20:33.720000,HE,RAF,P,BHZ
smi:fi.isuh/event/1493457,2025-01-23 13:20:39.880000,HE,RAF,S,BHZ
smi:fi.isuh/event/1493457,2025-01-23 13:20:46.240000,HE,TRE03,P,BHZ
smi:fi.isuh/event/1493457,2025-01-23 13:21:01.440000,HE,TRE03,S,BHZ
smi:fi.isuh/event/1493457,2025-01-23 13:20:50.180000,HE,KORF,P,BHZ
smi:fi.isuh/event/1493457,2025-01-23 13:21:09.280000,HE,KORF,S,BHZ
smi:fi.isuh/event/1493457,2025-01-23 13:20:53.730000,HE,KEF,P,BHZ
smi:fi.isuh/event/1493457,2025-01-23 13:21:14.600000,HE,KEF,S,BHZ
smi:fi.isuh/event/1493457,2025-01-23 13:21:18.360000,UP,AAL,S,BHZ
smi:fi.isuh/event/1493457,2025-01-23 13:20:56.280000,HE,VAF,P,BHZ
smi:fi.isuh/event/1493457,2025-01-23 13:21:17.380000,HE,VAF,S,BHZ
smi:fi.isuh/event/1493457,2025-01-23 13:21:18.840000,HE,ECKF,S,BHZ
smi:fi.isuh/event/1493457,2025-01-23 13:20:58.830000,HE,MEF,P,BHZ
smi:fi.isuh/event/1493457,2025-01-23 13:20:58.180000,HE,TVF,P,BHZ
smi:fi.isuh/event/1493457,2025-01-23 13:21:21.040000,HE,TVF,S,BHZ
smi:fi.isuh/event/1493457,2025-01-23 13:20:57.700000,HE,HEL5,P,BHZ
smi:fi.isuh/event/1493457,2025-01-23 13:21:02.100000,HE,FIA0,P,SHZ
smi:fi.isuh/event/1493457,2025-01-23 13:21:03.820000,HE,PVF,P,BHZ
smi:fi.isuh/event/1493457,2025-01-23 13:21:31.680000,HE,PVF,S,BHZ
smi:fi.isuh/event/1493457,2025-01-23 13:21:05.330000,HE,KAF,P,BHZ
smi:fi.isuh/event/1493457,2025-01-23 13:21:33.520000,HE,KAF,S,BHZ
smi:fi.isuh/event/1493457,2025-01-23 13:21:08.170000,HE,SUF,P,BHZ
smi:fi.isuh/event/1493457,2025-01-23 13:21:38.820000,HE,SUF,S,BHZ
smi:fi.isuh/event/1493457,2025-01-23 13:21:43.800000,HE,KY17,S,BHZ
smi:fi.isuh/event/1493175,2025-01-24 08:55:18.073360,HE,RSUO,P,BHZ
smi:fi.isuh/event/1493175,2025-01-24 08:55:18.976670,HE,RSUO,S,BHZ
smi:fi.isuh/event/1493175,2025-01-24 08:55:18.120030,HE,VUOS,P,BHZ
smi:fi.isuh/event/1493175,2025-01-24 08:55:19.065120,HE,VUOS,S,BHZ
smi:fi.isuh/event/1493175,2025-01-24 08:55:18.339470,HE,LAUT,P,BHZ
smi:fi.isuh/event/1493175,2025-01-24 08:55:19.527430,HE,LAUT,S,BHZ
smi:fi.isuh/event/1493175,2025-01-24 08:55:18.939430,HE,KUNI,P,BHZ
smi:fi.isuh/event/1493175,2025-01-24 08:55:20.423560,HE,KUNI,S,BHZ
smi:fi.isuh/event/1493175,2025-01-24 08:55:19.548080,HE,HEL5,P,BHZ
smi:fi.isuh/event/1493175,2025-01-24 08:55:21.719770,HE,HEL5,S,BHZ
smi:fi.isuh/event/1493174,2025-01-24 09:27:42.338550,HE,RUF,P,BHZ
smi:fi.isuh/event/1493174,2025-01-24 09:27:48.506780,HE,RUF,S,BHZ
smi:fi.isuh/event/1493174,2025-01-24 09:27:56.347380,HE,VJF,P,?HZ
smi:fi.isuh/event/1493174,2025-01-24 09:28:12.189190,HE,VJF,S,?HZ
smi:fi.isuh/event/1493174,2025-01-24 09:28:05.723790,HE,FIA1,P,?HZ
smi:fi.isuh/event/1493174,2025-01-24 09:28:29.290640,HE,FIA1,S,?HZ
smi:fi.isuh/event/1493174,2025-01-24 09:28:05.723790,HE,FIA0,P,?HZ
smi:fi.isuh/event/1493174,2025-01-24 09:28:29.290640,HE,FIA0,S,?HZ
smi:fi.isuh/event/1493174,2025-01-24 09:28:06.774840,HE,LOVF,P,CZ
smi:fi.isuh/event/1493174,2025-01-24 09:28:30.265600,HE,LOVF,S,CZ
smi:fi.isuh/event/1493174,2025-01-24 09:28:08.443940,HE,KAF,P,?HZ
smi:fi.isuh/event/1493174,2025-01-24 09:28:31.535880,HE,KAF,S,?HZ
smi:fi.isuh/event/1493174,2025-01-24 09:28:08.201270,HE,JOF,P,BHZ
smi:fi.isuh/event/1493174,2025-01-24 09:28:33.636260,HE,JOF,S,BHZ
smi:fi.isuh/event/1493174,2025-01-24 09:28:09.402480,HE,PVF,P,CZ
smi:fi.isuh/event/1493174,2025-01-24 09:28:35.397010,HE,PVF,S,CZ
smi:fi.isuh/event/1493174,2025-01-24 09:28:14.507600,HE,SUF,P,BHZ
smi:fi.isuh/event/1493174,2025-01-24 09:28:43.939240,HE,SUF,S,BHZ
smi:fi.isuh/event/1493167,2025-01-24 09:48:12.980000,HE,SUF,P,BHZ
smi:fi.isuh/event/1493167,2025-01-24 09:48:18.380000,HE,SUF,S,BHZ
smi:fi.isuh/event/1493167,2025-01-24 09:48:18.280000,HE,NIF,P,BHZ
smi:fi.isuh/event/1493167,2025-01-24 09:48:27.600000,HE,NIF,S,BHZ
smi:fi.isuh/event/1493167,2025-01-24 09:48:24.130000,HE,KAF,P,BHZ
smi:fi.isuh/event/1493167,2025-01-24 09:48:37.500000,HE,KAF,S,BHZ
smi:fi.isuh/event/1493167,2025-01-24 09:48:27.080000,HE,KEF,P,BHZ
smi:fi.isuh/event/1493167,2025-01-24 09:48:43.060000,HE,KEF,S,BHZ
smi:fi.isuh/event/1493167,2025-01-24 09:48:32.380000,HE,OUF,P,BHZ
smi:fi.isuh/event/1493167,2025-01-24 09:48:36.100000,HE,FIA0,P,SHZ
smi:fi.isuh/event/1493167,2025-01-24 09:48:58.500000,HE,FIA0,S,SHZ
smi:fi.isuh/event/1493167,2025-01-24 09:48:36.770000,HE,OBF0,P,BHZ
smi:fi.isuh/event/1493167,2025-01-24 09:48:36.380000,HE,VAF,P,BHZ
smi:fi.isuh/event/1493167,2025-01-24 09:48:59.680000,HE,VAF,S,BHZ
smi:fi.isuh/event/1493167,2025-01-24 09:48:38.740000,HE,TRE03,P,BHZ
smi:fi.isuh/event/1493167,2025-01-24 09:49:02.660000,HE,TRE03,S,BHZ
smi:fi.isuh/event/1493167,2025-01-24 09:48:39.880000,HE,OBF3,P,BHZ
smi:fi.isuh/event/1493167,2025-01-24 09:49:05.580000,HE,OBF3,S,BHZ
smi:fi.isuh/event/1493167,2025-01-24 09:48:40.580000,HE,RMF,P,BHZ
smi:fi.isuh/event/1493167,2025-01-24 09:49:06.960000,HE,RMF,S,BHZ
smi:fi.isuh/event/1493167,2025-01-24 09:48:43.500000,HE,RUF,P,BHZ
smi:fi.isuh/event/1493167,2025-01-24 09:49:15.140000,HE,KY17,S,BHZ
smi:fi.isuh/event/1493167,2025-01-24 09:49:15.040000,HE,JOF,S,BHZ
smi:fi.isuh/event/1493167,2025-01-24 09:49:18.600000,HE,KPF,S,BHZ
smi:fi.isuh/event/1493167,2025-01-24 09:49:26.340000,HE,PVF,S,BHZ
smi:fi.isuh/event/1493167,2025-01-24 09:49:26.980000,HE,VJF,S,BHZ
smi:fi.isuh/event/1493167,2025-01-24 09:49:28.240000,HE,KU2,S,BHZ
smi:fi.isuh/event/1493167,2025-01-24 09:49:28.880000,HE,KU1,S,BHZ
smi:fi.isuh/event/1493167,2025-01-24 09:49:33.660000,FN,RANF,S,BHZ
smi:fi.isuh/event/1493167,2025-01-24 09:49:40.020000,HE,RAF,S,BHZ
smi:fi.isuh/event/1493181,2025-01-24 10:02:55.760000,HE,HEL5,P,BHZ
smi:fi.isuh/event/1493181,2025-01-24 10:02:55.880000,HE,MEF,P,BHZ
smi:fi.isuh/event/1493181,2025-01-24 10:02:56.860000,HE,LAUT,P,BHZ
smi:fi.isuh/event/1493181,2025-01-24 10:02:58.580000,HE,LAUT,S,BHZ
smi:fi.isuh/event/1493181,2025-01-24 10:02:57.180000,HE,HEL1,P,BHZ
smi:fi.isuh/event/1493181,2025-01-24 10:02:59.340000,HE,HEL1,S,BHZ
smi:fi.isuh/event/1493181,2025-01-24 10:02:58.040000,HE,KUNI,P,BHZ
smi:fi.isuh/event/1493181,2025-01-24 10:03:01.110000,HE,KUNI,S,BHZ
smi:fi.isuh/event/1493181,2025-01-24 10:02:59.790000,HE,VUOS,P,BHZ
smi:fi.isuh/event/1493181,2025-01-24 10:03:03.680000,HE,VUOS,S,BHZ
smi:fi.isuh/event/1493181,2025-01-24 10:03:00.740000,HE,NUR,P,BHZ
smi:fi.isuh/event/1493181,2025-01-24 10:03:08.360000,HE,PVF,P,BHZ
smi:fi.isuh/event/1493181,2025-01-24 10:03:23.400000,HE,FIA0,P,SHZ
smi:fi.isuh/event/1493181,2025-01-24 10:03:43.800000,HE,FIA0,S,SHZ
smi:fi.isuh/event/1493181,2025-01-24 10:03:24.330000,HE,RAF,P,BHZ
smi:fi.isuh/event/1493181,2025-01-24 10:03:45.280000,HE,RAF,S,BHZ
smi:fi.isuh/event/1493181,2025-01-24 10:04:04.880000,UP,AAL,S,BHZ
smi:fi.isuh/event/1493177,2025-01-24 10:48:04.578390,HE,TOF,P,BHZ
smi:fi.isuh/event/1493177,2025-01-24 10:48:12.851870,HE,TOF,S,BHZ
smi:fi.isuh/event/1493177,2025-01-24 10:48:05.465400,FN,RANF,P,?HZ
smi:fi.isuh/event/1493177,2025-01-24 10:48:14.506570,FN,RANF,S,?HZ
smi:fi.isuh/event/1493177,2025-01-24 10:48:09.707950,FN,KLF,P,BHZ
smi:fi.isuh/event/1493177,2025-01-24 10:48:22.200920,FN,KLF,S,BHZ
smi:fi.isuh/event/1493177,2025-01-24 10:48:17.329450,HE,KU2,P,SHZ
smi:fi.isuh/event/1493177,2025-01-24 10:48:34.445680,HE,KU2,S,SHZ
smi:fi.isuh/event/1493177,2025-01-24 10:48:21.137300,FN,OLKF,P,BHZ
smi:fi.isuh/event/1493177,2025-01-24 10:48:40.981730,FN,OLKF,S,BHZ
smi:fi.isuh/event/1493177,2025-01-24 10:48:23.899410,HE,OBF3,P,BHZ
smi:fi.isuh/event/1493177,2025-01-24 10:48:45.967060,HE,OBF3,S,BHZ
smi:fi.isuh/event/1493177,2025-01-24 10:48:25.193850,HE,KU6,P,BHZ
smi:fi.isuh/event/1493177,2025-01-24 10:48:49.003920,HE,KU6,S,BHZ
smi:fi.isuh/event/1493177,2025-01-24 10:48:26.455540,HE,KU1,P,SHZ
smi:fi.isuh/event/1493177,2025-01-24 10:48:50.660390,HE,KU1,S,SHZ
smi:fi.isuh/event/1493177,2025-01-24 10:48:28.552920,HE,VRF,P,BHZ
smi:fi.isuh/event/1493177,2025-01-24 10:48:53.881290,HE,VRF,S,BHZ
smi:fi.isuh/event/1493177,2025-01-24 10:48:29.021270,HE,HEF,P,BHZ
smi:fi.isuh/event/1493177,2025-01-24 10:48:55.501740,HE,HEF,S,BHZ
smi:fi.isuh/event/1493197,2025-01-24 11:38:21.980000,HE,NIF,P,BHZ
smi:fi.isuh/event/1493197,2025-01-24 11:38:25.680000,HE,NIF,S,BHZ
smi:fi.isuh/event/1493197,2025-01-24 11:38:32.960000,HE,SUF,P,BHZ
smi:fi.isuh/event/1493197,2025-01-24 11:38:44.580000,HE,SUF,S,BHZ
smi:fi.isuh/event/1493197,2025-01-24 11:38:38.120000,HE,KJNF,P,BHZ
smi:fi.isuh/event/1493197,2025-01-24 11:38:52.320000,HE,KJNF,S,BHZ
smi:fi.isuh/event/1493197,2025-01-24 11:38:39.880000,HE,KAF,P,BHZ
smi:fi.isuh/event/1493197,2025-01-24 11:38:57.240000,HE,KAF,S,BHZ
smi:fi.isuh/event/1493197,2025-01-24 11:38:43.980000,HE,RMF,P,BHZ
smi:fi.isuh/event/1493197,2025-01-24 11:39:02.820000,HE,RMF,S,BHZ
smi:fi.isuh/event/1493197,2025-01-24 11:38:47.320000,HE,JOF,P,BHZ
smi:fi.isuh/event/1493197,2025-01-24 11:39:08.320000,HE,JOF,S,BHZ
smi:fi.isuh/event/1493197,2025-01-24 11:38:47.680000,HE,KEF,P,BHZ
smi:fi.isuh/event/1493197,2025-01-24 11:39:10.080000,HE,KEF,S,BHZ
smi:fi.isuh/event/1493197,2025-01-24 11:38:49.840000,HE,RUF,P,BHZ
smi:fi.isuh/event/1493197,2025-01-24 11:39:14.460000,HE,RUF,S,BHZ
smi:fi.isuh/event/1493197,2025-01-24 11:38:50.480000,HE,OUF,P,BHZ
smi:fi.isuh/event/1493197,2025-01-24 11:39:15.480000,HE,OUF,S,BHZ
smi:fi.isuh/event/1493197,2025-01-24 11:38:51.500000,HE,FIA0,P,SHZ
smi:fi.isuh/event/1493197,2025-01-24 11:39:16.700000,HE,FIA0,S,SHZ
smi:fi.isuh/event/1493197,2025-01-24 11:38:54.880000,HE,OBF0,P,BHZ
smi:fi.isuh/event/1493197,2025-01-24 11:39:22.720000,HE,OBF0,S,BHZ
smi:fi.isuh/event/1493197,2025-01-24 11:38:56.080000,HE,OBF3,P,BHZ
smi:fi.isuh/event/1493197,2025-01-24 11:39:25.300000,HE,OBF3,S,BHZ
smi:fi.isuh/event/1493197,2025-01-24 11:38:57.380000,HE,KY17,P,BHZ
smi:fi.isuh/event/1493197,2025-01-24 11:39:27.940000,HE,KY17,S,BHZ
smi:fi.isuh/event/1493197,2025-01-24 11:38:57.780000,HE,TRE03,P,BHZ
smi:fi.isuh/event/1493197,2025-01-24 11:39:27.800000,HE,TRE03,S,BHZ
smi:fi.isuh/event/1493197,2025-01-24 11:38:58.480000,HE,OBF8,P,BHZ
smi:fi.isuh/event/1493197,2025-01-24 11:38:58.700000,HE,VAF,P,BHZ
smi:fi.isuh/event/1493197,2025-01-24 11:39:28.560000,HE,VAF,S,BHZ
smi:fi.isuh/event/1493197,2025-01-24 11:39:02.080000,HE,KU1,P,BHZ
smi:fi.isuh/event/1493197,2025-01-24 11:39:35.660000,HE,KU1,S,BHZ
smi:fi.isuh/event/1493197,2025-01-24 11:39:02.780000,HE,KU2,P,BHZ
smi:fi.isuh/event/1493197,2025-01-24 11:39:35.720000,HE,KU2,S,BHZ
smi:fi.isuh/event/1493197,2025-01-24 11:39:36.360000,HE,VJF,S,BHZ
smi:fi.isuh/event/1493197,2025-01-24 11:39:42.680000,HE,PVF,S,BHZ
smi:fi.isuh/event/1493197,2025-01-24 11:39:06.880000,FN,RANF,P,BHZ
smi:fi.isuh/event/1493197,2025-01-24 11:39:44.560000,FN,RANF,S,BHZ
smi:fi.isuh/event/1493197,2025-01-24 11:39:08.420000,HE,KPF,P,BHZ
smi:fi.isuh/event/1493197,2025-01-24 11:39:45.380000,HE,KPF,S,BHZ
smi:fi.isuh/event/1493197,2025-01-24 11:39:09.080000,HE,KU6,P,BHZ
smi:fi.isuh/event/1493197,2025-01-24 11:39:55.000000,FN,OLKF,S,BHZ
smi:fi.isuh/event/1493197,2025-01-24 11:40:02.740000,HE,RAF,S,BHZ
smi:fi.isuh/event/1493182,2025-01-24 11:41:16.330000,HE,KUNI,P,BHZ
smi:fi.isuh/event/1493182,2025-01-24 11:41:18.080000,HE,HEL1,P,BHZ
smi:fi.isuh/event/1493182,2025-01-24 11:41:20.840000,HE,HEL1,S,BHZ
smi:fi.isuh/event/1493182,2025-01-24 11:41:17.880000,HE,NUR,P,BHZ
smi:fi.isuh/event/1493182,2025-01-24 11:41:20.280000,HE,NUR,S,BHZ
smi:fi.isuh/event/1493182,2025-01-24 11:41:18.480000,HE,VUOS,P,BHZ
smi:fi.isuh/event/1493182,2025-01-24 11:41:21.000000,HE,VUOS,S,BHZ
smi:fi.isuh/event/1493182,2025-01-24 11:41:18.580000,HE,LAUT,P,BHZ
smi:fi.isuh/event/1493182,2025-01-24 11:41:21.660000,HE,LAUT,S,BHZ
smi:fi.isuh/event/1493182,2025-01-24 11:41:19.480000,HE,HEL5,P,BHZ
smi:fi.isuh/event/1493182,2025-01-24 11:41:23.300000,HE,HEL5,S,BHZ
smi:fi.isuh/event/1493182,2025-01-24 11:41:20.080000,HE,MEF,P,BHZ
smi:fi.isuh/event/1493182,2025-01-24 11:41:23.960000,HE,MEF,S,BHZ
smi:fi.isuh/event/1493182,2025-01-24 11:41:23.580000,HE,PVF,P,BHZ
smi:fi.isuh/event/1493182,2025-01-24 11:41:30.280000,HE,PVF,S,BHZ
smi:fi.isuh/event/1493182,2025-01-24 11:41:33.280000,HE,TVF,P,BHZ
smi:fi.isuh/event/1493182,2025-01-24 11:41:36.510000,HE,KY17,P,BHZ
smi:fi.isuh/event/1493182,2025-01-24 11:41:57.220000,HE,KY17,S,BHZ
smi:fi.isuh/event/1493182,2025-01-24 11:41:36.800000,HE,FIA0,P,SHZ
smi:fi.isuh/event/1493182,2025-01-24 11:41:58.500000,HE,FIA0,S,SHZ
smi:fi.isuh/event/1493182,2025-01-24 11:41:38.580000,HE,TRE03,P,BHZ
smi:fi.isuh/event/1493182,2025-01-24 11:41:56.160000,HE,TRE03,S,BHZ
smi:fi.isuh/event/1493182,2025-01-24 11:41:38.560000,HE,VJF,P,BHZ
smi:fi.isuh/event/1493182,2025-01-24 11:41:56.280000,HE,VJF,S,BHZ
smi:fi.isuh/event/1493182,2025-01-24 11:41:44.880000,HE,RAF,P,BHZ
smi:fi.isuh/event/1493182,2025-01-24 11:42:07.560000,HE,RAF,S,BHZ
smi:fi.isuh/event/1493182,2025-01-24 11:41:45.980000,HE,KORF,P,BHZ
smi:fi.isuh/event/1493182,2025-01-24 11:42:09.740000,HE,KORF,S,BHZ
smi:fi.isuh/event/1493182,2025-01-24 11:41:48.240000,HE,KEF,P,BHZ
smi:fi.isuh/event/1493182,2025-01-24 11:42:12.880000,HE,KEF,S,BHZ
smi:fi.isuh/event/1493182,2025-01-24 11:41:48.680000,HE,KAF,P,BHZ
smi:fi.isuh/event/1493182,2025-01-24 11:42:13.600000,HE,KAF,S,BHZ
smi:fi.isuh/event/1493182,2025-01-24 11:41:51.080000,HE,KPF,P,BHZ
smi:fi.isuh/event/1493182,2025-01-24 11:42:17.260000,HE,KPF,S,BHZ
smi:fi.isuh/event/1493182,2025-01-24 11:41:54.220000,HE,RUF,P,BHZ
smi:fi.isuh/event/1493182,2025-01-24 11:41:57.480000,HE,SUF,P,BHZ
smi:fi.isuh/event/1493182,2025-01-24 11:42:30.920000,HE,SUF,S,BHZ
smi:fi.isuh/event/1493182,2025-01-24 11:42:29.880000,UP,AAL,S,BHZ
smi:fi.isuh/event/1493182,2025-01-24 11:42:35.880000,HE,ECKF,S,BHZ
smi:fi.isuh/event/1493198,2025-01-24 11:54:13.480000,HE,RUF,P,BHZ
smi:fi.isuh/event/1493198,2025-01-24 11:54:13.860000,HE,KY17,P,BHZ
smi:fi.isuh/event/1493198,2025-01-24 11:54:21.680000,HE,KY17,S,BHZ
smi:fi.isuh/event/1493198,2025-01-24 11:54:14.210000,HE,VJF,P,BHZ
smi:fi.isuh/event/1493198,2025-01-24 11:54:22.280000,HE,VJF,S,BHZ
smi:fi.isuh/event/1493198,2025-01-24 11:54:25.900000,HE,FIA0,P,SHZ
smi:fi.isuh/event/1493198,2025-01-24 11:54:44.900000,HE,FIA0,S,SHZ
smi:fi.isuh/event/1493198,2025-01-24 11:54:25.410000,HE,PVF,P,BHZ
smi:fi.isuh/event/1493198,2025-01-24 11:54:42.560000,HE,PVF,S,BHZ
smi:fi.isuh/event/1493198,2025-01-24 11:54:29.480000,HE,KAF,P,BHZ
smi:fi.isuh/event/1493198,2025-01-24 11:54:52.280000,HE,KAF,S,BHZ
smi:fi.isuh/event/1493198,2025-01-24 11:54:39.360000,HE,SUF,P,BHZ
smi:fi.isuh/event/1493198,2025-01-24 11:55:05.560000,HE,SUF,S,BHZ
smi:fi.isuh/event/1493198,2025-01-24 11:55:05.560000,HE,KEF,S,BHZ
smi:fi.isuh/event/1493198,2025-01-24 11:54:39.380000,HE,TRE03,P,BHZ
smi:fi.isuh/event/1493198,2025-01-24 11:55:07.460000,HE,TRE03,S,BHZ
smi:fi.isuh/event/1493198,2025-01-24 11:55:44.260000,HE,KJNF,S,BHZ
smi:fi.isuh/event/1493198,2025-01-24 11:56:06.730000,HE,OBF8,S,BHZ
smi:fi.isuh/event/1493185,2025-01-24 12:59:01.800000,HE,JOF,P,BHZ
smi:fi.isuh/event/1493185,2025-01-24 12:59:02.780000,HE,JOF,S,BHZ
smi:fi.isuh/event/1493185,2025-01-24 12:59:26.580000,HE,RMF,P,BHZ
smi:fi.isuh/event/1493185,2025-01-24 12:59:44.840000,HE,RMF,S,BHZ
smi:fi.isuh/event/1493185,2025-01-24 12:59:30.980000,HE,NIF,P,BHZ
smi:fi.isuh/event/1493185,2025-01-24 12:59:52.080000,HE,NIF,S,BHZ
smi:fi.isuh/event/1493185,2025-01-24 13:00:01.080000,HE,RUF,S,BHZ
smi:fi.isuh/event/1493185,2025-01-24 12:59:43.940000,HE,SUF,P,BHZ
smi:fi.isuh/event/1493185,2025-01-24 13:00:14.580000,HE,SUF,S,BHZ
smi:fi.isuh/event/1493185,2025-01-24 13:00:16.880000,HE,KAF,S,BHZ
smi:fi.isuh/event/1493185,2025-01-24 12:59:49.040000,HE,KU1,P,BHZ
smi:fi.isuh/event/1493185,2025-01-24 13:00:23.580000,HE,KU1,S,BHZ
smi:fi.isuh/event/1493185,2025-01-24 12:59:52.600000,HE,FIA0,P,SHZ
smi:fi.isuh/event/1493185,2025-01-24 13:00:25.800000,HE,KU2,S,BHZ
smi:fi.isuh/event/1493185,2025-01-24 13:00:33.360000,HE,KEF,S,BHZ
smi:fi.isuh/event/1493185,2025-01-24 13:00:34.920000,HE,KU6,S,BHZ
smi:fi.isuh/event/1493185,2025-01-24 13:00:49.680000,FN,OLKF,S,BHZ
smi:fi.isuh/event/1493185,2025-01-24 13:00:47.640000,FN,RANF,S,BHZ
smi:fi.isuh/event/1493185,2025-01-24 13:00:51.950000,HE,OBF8,S,BHZ
smi:fi.isuh/event/1493185,2025-01-24 13:00:05.620000,HE,HEL1,P,BHZ
smi:fi.isuh/event/1493176,2025-01-24 14:08:56.880000,HE,RUF,P,BHZ
smi:fi.isuh/event/1493176,2025-01-24 14:09:04.200000,HE,RUF,S,BHZ
smi:fi.isuh/event/1493176,2025-01-24 14:09:13.680000,HE,JOF,P,BHZ
smi:fi.isuh/event/1493176,2025-01-24 14:09:33.440000,HE,JOF,S,BHZ
smi:fi.isuh/event/1493176,2025-01-24 14:09:14.900000,HE,VJF,P,BHZ
smi:fi.isuh/event/1493176,2025-01-24 14:09:36.520000,HE,VJF,S,BHZ
smi:fi.isuh/event/1493176,2025-01-24 14:09:15.150000,HE,KY17,P,BHZ
smi:fi.isuh/event/1493176,2025-01-24 14:09:38.700000,HE,KY17,S,BHZ
smi:fi.isuh/event/1493176,2025-01-24 14:09:20.880000,HE,KAF,P,BHZ
smi:fi.isuh/event/1493176,2025-01-24 14:09:45.860000,HE,KAF,S,BHZ
smi:fi.isuh/event/1493176,2025-01-24 14:09:20.900000,HE,FIA0,P,SHZ
smi:fi.isuh/event/1493176,2025-01-24 14:09:47.700000,HE,FIA0,S,SHZ
smi:fi.isuh/event/1493176,2025-01-24 14:09:24.380000,HE,NIF,P,BHZ
smi:fi.isuh/event/1493176,2025-01-24 14:09:52.960000,HE,NIF,S,BHZ
smi:fi.isuh/event/1493176,2025-01-24 14:09:26.180000,HE,SUF,P,BHZ
smi:fi.isuh/event/1493176,2025-01-24 14:09:55.680000,HE,SUF,S,BHZ
smi:fi.isuh/event/1493176,2025-01-24 14:09:26.190000,HE,PVF,P,BHZ
smi:fi.isuh/event/1493176,2025-01-24 14:09:31.400000,HE,KEF,P,BHZ
smi:fi.isuh/event/1493176,2025-01-24 14:10:04.880000,HE,KEF,S,BHZ
smi:fi.isuh/event/1493176,2025-01-24 14:09:32.640000,HE,RMF,P,BHZ
smi:fi.isuh/event/1493176,2025-01-24 14:09:35.500000,HE,TRE03,P,BHZ
smi:fi.isuh/event/1493176,2025-01-24 14:09:34.260000,HE,NUR,P,BHZ
smi:fi.isuh/event/1493176,2025-01-24 14:09:52.200000,HE,OBF8,P,BHZ
smi:fi.isuh/event/1493199,2025-01-24 19:41:47.840000,HE,VRF,P,BHZ
smi:fi.isuh/event/1493199,2025-01-24 19:42:09.400000,HE,VRF,S,BHZ
smi:fi.isuh/event/1493199,2025-01-24 19:41:58.040000,FN,RAJF,P,BHZ
smi:fi.isuh/event/1493199,2025-01-24 19:42:25.480000,FN,RAJF,S,BHZ
smi:fi.isuh/event/1493199,2025-01-24 19:41:58.920000,FN,OLKF,P,BHZ
smi:fi.isuh/event/1493199,2025-01-24 19:42:27.200000,FN,OLKF,S,BHZ
smi:fi.isuh/event/1493199,2025-01-24 19:41:59.720000,HE,KU6,P,BHZ
smi:fi.isuh/event/1493199,2025-01-24 19:42:29.800000,HE,KU6,S,BHZ
smi:fi.isuh/event/1493199,2025-01-24 19:42:49.070000,HE,KU2,S,BHZ
smi:fi.isuh/event/1493199,2025-01-24 19:42:49.920000,HE,KEV,S,BHZ
smi:fi.isuh/event/1493199,2025-01-24 19:42:58.320000,FN,RANF,S,BHZ
smi:fi.isuh/event/1493248,2025-01-25 00:53:57.960000,HE,VRF,P,BHZ
smi:fi.isuh/event/1493248,2025-01-25 00:54:18.680000,HE,VRF,S,BHZ
smi:fi.isuh/event/1493248,2025-01-25 00:54:08.440000,FN,OLKF,P,BHZ
smi:fi.isuh/event/1493248,2025-01-25 00:54:37.800000,FN,OLKF,S,BHZ
smi:fi.isuh/event/1493248,2025-01-25 00:54:08.680000,HE,KU6,P,BHZ
smi:fi.isuh/event/1493248,2025-01-25 00:54:39.480000,HE,KU6,S,BHZ
smi:fi.isuh/event/1493248,2025-01-25 00:54:07.560000,FN,RAJF,P,BHZ
smi:fi.isuh/event/1493248,2025-01-25 00:54:36.120000,FN,RAJF,S,BHZ
smi:fi.isuh/event/1493248,2025-01-25 00:54:16.720000,HE,KU1,P,BHZ
smi:fi.isuh/event/1493248,2025-01-25 00:54:20.960000,HE,KU2,P,BHZ
smi:fi.isuh/event/1493248,2025-01-25 00:54:21.920000,FN,RANF,P,BHZ
smi:fi.isuh/event/1493248,2025-01-25 00:55:07.960000,FN,RANF,S,BHZ
smi:fi.isuh/event/1493248,2025-01-25 00:54:21.960000,HE,KEV,P,BHZ
smi:fi.isuh/event/1493248,2025-01-25 00:55:00.520000,HE,KEV,S,BHZ
smi:fi.isuh/event/1493248,2025-01-25 00:54:36.720000,FN,KLF,P,BHZ
smi:fi.isuh/event/1493248,2025-01-25 00:54:30.040000,HE,HEF,P,BHZ
smi:fi.isuh/event/1493248,2025-01-25 00:55:15.880000,HE,HEF,S,BHZ
smi:fi.isuh/event/1493248,2025-01-25 00:54:42.360000,HE,TOF,P,BHZ
smi:fi.isuh/event/1493248,2025-01-25 00:55:20.160000,HE,TOF,S,BHZ
smi:fi.isuh/event/1493249,2025-01-25 10:25:28.560000,FN,KLF,P,BHZ
smi:fi.isuh/event/1493249,2025-01-25 10:25:41.180000,HE,HEF,P,BHZ
smi:fi.isuh/event/1493249,2025-01-25 10:25:55.280000,HE,HEF,S,BHZ
smi:fi.isuh/event/1493249,2025-01-25 10:25:48.980000,HE,TOF,P,BHZ
smi:fi.isuh/event/1493249,2025-01-25 10:26:06.760000,HE,TOF,S,BHZ
smi:fi.isuh/event/1493249,2025-01-25 10:25:56.760000,HE,KIF,P,BHZ
smi:fi.isuh/event/1493249,2025-01-25 10:26:21.000000,HE,KIF,S,BHZ
smi:fi.isuh/event/1493249,2025-01-25 10:25:58.720000,FN,RANF,P,BHZ
smi:fi.isuh/event/1493249,2025-01-25 10:26:23.640000,FN,RANF,S,BHZ
smi:fi.isuh/event/1493249,2025-01-25 10:26:00.130000,FN,RAJF,P,BHZ
smi:fi.isuh/event/1493249,2025-01-25 10:26:30.000000,FN,RAJF,S,BHZ
smi:fi.isuh/event/1493249,2025-01-25 10:26:05.780000,HE,VRF,P,BHZ
smi:fi.isuh/event/1493249,2025-01-25 10:26:36.840000,HE,VRF,S,BHZ
smi:fi.isuh/event/1493249,2025-01-25 10:26:07.880000,HE,KU2,P,BHZ
smi:fi.isuh/event/1493249,2025-01-25 10:26:07.480000,FN,OLKF,P,BHZ
smi:fi.isuh/event/1493249,2025-01-25 10:26:43.480000,FN,OLKF,S,BHZ
smi:fi.isuh/event/1493249,2025-01-25 10:26:08.130000,HE,KEV,P,BHZ
smi:fi.isuh/event/1493249,2025-01-25 10:26:41.800000,HE,KEV,S,BHZ
smi:fi.isuh/event/1493249,2025-01-25 10:26:11.780000,HE,KU6,P,BHZ
smi:fi.isuh/event/1493249,2025-01-25 10:26:52.320000,HE,KU6,S,BHZ
smi:fi.isuh/event/1493249,2025-01-25 10:26:13.980000,HE,KU1,P,BHZ
smi:fi.isuh/event/1493249,2025-01-25 10:26:16.330000,HE,OUF,P,BHZ
smi:fi.isuh/event/1493250,2025-01-25 16:43:53.480000,HE,HEF,P,BHZ
smi:fi.isuh/event/1493250,2025-01-25 16:44:04.440000,HE,HEF,S,BHZ
smi:fi.isuh/event/1493250,2025-01-25 16:43:54.380000,FN,KLF,P,BHZ
smi:fi.isuh/event/1493250,2025-01-25 16:44:06.280000,FN,KLF,S,BHZ
smi:fi.isuh/event/1493250,2025-01-25 16:44:18.680000,FN,RAJF,S,BHZ
smi:fi.isuh/event/1493250,2025-01-25 16:44:06.240000,HE,VRF,P,BHZ
smi:fi.isuh/event/1493250,2025-01-25 16:44:38.720000,HE,KEV,S,BHZ
smi:fi.isuh/event/1493250,2025-01-25 16:44:13.880000,FN,RANF,P,BHZ
smi:fi.isuh/event/1493250,2025-01-25 16:44:41.360000,HE,KIF,S,BHZ
smi:fi.isuh/event/1493251,2025-01-25 20:12:09.300000,HE,VRF,P,BHZ
smi:fi.isuh/event/1493251,2025-01-25 20:12:29.040000,HE,VRF,S,BHZ
smi:fi.isuh/event/1493251,2025-01-25 20:12:19.920000,FN,OLKF,P,BHZ
smi:fi.isuh/event/1493251,2025-01-25 20:12:49.600000,FN,OLKF,S,BHZ
smi:fi.isuh/event/1493251,2025-01-25 20:12:18.880000,FN,RAJF,P,BHZ
smi:fi.isuh/event/1493251,2025-01-25 20:12:46.320000,FN,RAJF,S,BHZ
smi:fi.isuh/event/1493251,2025-01-25 20:12:20.580000,HE,KU6,P,BHZ
smi:fi.isuh/event/1493251,2025-01-25 20:12:28.910000,HE,KU2,P,BHZ
smi:fi.isuh/event/1493251,2025-01-25 20:13:17.920000,FN,RANF,S,BHZ
smi:fi.isuh/event/1493251,2025-01-25 20:12:32.830000,HE,KEV,P,BHZ
smi:fi.isuh/event/1493251,2025-01-25 20:13:38.980000,HE,HEF,S,BHZ
smi:fi.isuh/event/1493252,2025-01-25 20:16:32.380000,HE,VRF,P,BHZ
smi:fi.isuh/event/1493252,2025-01-25 20:16:52.120000,HE,VRF,S,BHZ
smi:fi.isuh/event/1493252,2025-01-25 20:17:09.760000,FN,RAJF,S,BHZ
smi:fi.isuh/event/1493252,2025-01-25 20:16:43.200000,FN,OLKF,P,BHZ
smi:fi.isuh/event/1493252,2025-01-25 20:17:10.640000,FN,OLKF,S,BHZ
smi:fi.isuh/event/1493252,2025-01-25 20:16:43.520000,HE,KU6,P,BHZ
smi:fi.isuh/event/1493252,2025-01-25 20:17:12.680000,HE,KU6,S,BHZ
smi:fi.isuh/event/1493252,2025-01-25 20:17:33.800000,HE,KEV,S,BHZ
smi:fi.isuh/event/1493252,2025-01-25 20:17:40.080000,FN,RANF,S,BHZ
smi:fi.isuh/event/1493252,2025-01-25 20:18:01.320000,FN,KLF,S,BHZ
smi:fi.isuh/event/1493172,2025-01-25 23:03:36.160000,FN,KLF,P,BHZ
smi:fi.isuh/event/1493172,2025-01-25 23:03:52.960000,FN,KLF,S,BHZ
smi:fi.isuh/event/1493172,2025-01-25 23:03:42.880000,HE,HEF,P,BHZ
smi:fi.isuh/event/1493172,2025-01-25 23:04:04.760000,HE,HEF,S,BHZ
smi:fi.isuh/event/1493172,2025-01-25 23:03:45.720000,HE,TOF,P,BHZ
smi:fi.isuh/event/1493172,2025-01-25 23:04:10.080000,HE,TOF,S,BHZ
smi:fi.isuh/event/1493172,2025-01-25 23:03:46.240000,HE,KIF,P,BHZ
smi:fi.isuh/event/1493172,2025-01-25 23:04:11.860000,HE,KIF,S,BHZ
smi:fi.isuh/event/1493172,2025-01-25 23:04:35.280000,FN,RANF,S,BHZ
smi:fi.isuh/event/1493172,2025-01-25 23:05:04.360000,FN,OLKF,S,BHZ
smi:fi.isuh/event/1493172,2025-01-25 23:05:14.120000,HE,KU6,S,BHZ
smi:fi.isuh/event/1493449,2025-01-26 08:49:41.887060,HE,JOF,P,BHZ
smi:fi.isuh/event/1493449,2025-01-26 08:49:55.050200,HE,JOF,S,BHZ
smi:fi.isuh/event/1493449,2025-01-26 08:49:45.897150,HE,RUF,P,BHZ
smi:fi.isuh/event/1493449,2025-01-26 08:50:01.897600,HE,RUF,S,BHZ
smi:fi.isuh/event/1493449,2025-01-26 08:50:02.386670,HE,NIF,P,BHZ
smi:fi.isuh/event/1493449,2025-01-26 08:50:31.137880,HE,NIF,S,BHZ
smi:fi.isuh/event/1493449,2025-01-26 08:50:02.494100,HE,KY17,P,CZ
smi:fi.isuh/event/1493449,2025-01-26 08:50:32.818900,HE,KY17,S,CZ
smi:fi.isuh/event/1493449,2025-01-26 08:50:03.334670,HE,VJF,P,?HZ
smi:fi.isuh/event/1493449,2025-01-26 08:50:32.694680,HE,VJF,S,?HZ
smi:fi.isuh/event/1493449,2025-01-26 08:50:05.436070,HE,KAF,P,?HZ
smi:fi.isuh/event/1493449,2025-01-26 08:50:36.205620,HE,KAF,S,?HZ
smi:fi.isuh/event/1493449,2025-01-26 08:50:04.525460,HE,RMF,P,BHZ
smi:fi.isuh/event/1493449,2025-01-26 08:50:36.565030,HE,RMF,S,BHZ
smi:fi.isuh/event/1493449,2025-01-26 08:50:08.328860,HE,SUF,P,BHZ
smi:fi.isuh/event/1493449,2025-01-26 08:50:41.012370,HE,SUF,S,BHZ
smi:fi.isuh/event/1493494,2025-01-26 20:19:42.800000,HE,VRF,P,BHZ
smi:fi.isuh/event/1493494,2025-01-26 20:20:02.680000,HE,VRF,S,BHZ
smi:fi.isuh/event/1493494,2025-01-26 20:19:52.920000,FN,RAJF,P,BHZ
smi:fi.isuh/event/1493494,2025-01-26 20:20:20.200000,FN,RAJF,S,BHZ
smi:fi.isuh/event/1493494,2025-01-26 20:19:54.680000,FN,OLKF,P,BHZ
smi:fi.isuh/event/1493494,2025-01-26 20:20:22.400000,FN,OLKF,S,BHZ
smi:fi.isuh/event/1493494,2025-01-26 20:19:55.640000,HE,KU6,P,BHZ
smi:fi.isuh/event/1493494,2025-01-26 20:20:25.040000,HE,KU6,S,BHZ
smi:fi.isuh/event/1493494,2025-01-26 20:20:06.960000,HE,KEV,P,BHZ
smi:fi.isuh/event/1493494,2025-01-26 20:20:44.900000,HE,KEV,S,BHZ
smi:fi.isuh/event/1493495,2025-01-26 21:01:18.200000,HE,TOF,P,BHZ
smi:fi.isuh/event/1493495,2025-01-26 21:01:22.120000,HE,TOF,S,BHZ
smi:fi.isuh/event/1493495,2025-01-26 21:01:28.780000,FN,RANF,P,BHZ
smi:fi.isuh/event/1493495,2025-01-26 21:01:40.560000,FN,RANF,S,BHZ
smi:fi.isuh/event/1493495,2025-01-26 21:01:58.040000,FN,KLF,S,BHZ
smi:fi.isuh/event/1493495,2025-01-26 21:02:13.680000,FN,OLKF,S,BHZ
smi:fi.isuh/event/1493495,2025-01-26 21:02:14.120000,HE,KU1,S,BHZ
smi:fi.isuh/event/1493495,2025-01-26 21:02:19.120000,HE,KU6,S,BHZ
smi:fi.isuh/event/1493323,2025-01-27 04:42:46.730000,HE,HEF,P,BHZ
smi:fi.isuh/event/1493323,2025-01-27 04:42:57.800000,HE,HEF,S,BHZ
smi:fi.isuh/event/1493323,2025-01-27 04:42:47.780000,FN,KLF,P,BHZ
smi:fi.isuh/event/1493323,2025-01-27 04:43:00.560000,FN,KLF,S,BHZ
smi:fi.isuh/event/1493323,2025-01-27 04:43:32.080000,HE,TOF,S,BHZ
smi:fi.isuh/event/1493323,2025-01-27 04:43:07.320000,FN,RANF,P,BHZ
smi:fi.isuh/event/1493323,2025-01-27 04:43:34.440000,FN,RANF,S,BHZ
smi:fi.isuh/event/1493323,2025-01-27 04:43:34.920000,HE,KIF,S,BHZ
smi:fi.isuh/event/1493353,2025-01-27 05:02:29.680000,HE,KIF,P,BHZ
smi:fi.isuh/event/1493353,2025-01-27 05:02:49.280000,HE,KIF,S,BHZ
smi:fi.isuh/event/1493353,2025-01-27 05:02:33.030000,HE,HEF,P,BHZ
smi:fi.isuh/event/1493353,2025-01-27 05:02:55.160000,HE,HEF,S,BHZ
smi:fi.isuh/event/1493353,2025-01-27 05:02:35.880000,FN,KLF,P,BHZ
smi:fi.isuh/event/1493353,2025-01-27 05:02:57.440000,FN,KLF,S,BHZ
smi:fi.isuh/event/1493353,2025-01-27 05:02:49.200000,HE,TOF,P,BHZ
smi:fi.isuh/event/1493353,2025-01-27 05:03:21.520000,HE,TOF,S,BHZ
smi:fi.isuh/event/1493740,2025-01-27 09:01:09.592760,HE,KUNI,P,BHZ
smi:fi.isuh/event/1493740,2025-01-27 09:01:11.504760,HE,KUNI,S,BHZ
smi:fi.isuh/event/1493740,2025-01-27 09:01:09.729450,HE,LAUT,P,BHZ
smi:fi.isuh/event/1493740,2025-01-27 09:01:11.131230,HE,LAUT,S,BHZ
smi:fi.isuh/event/1493740,2025-01-27 09:01:09.729450,HE,HEL5,P,BHZ
smi:fi.isuh/event/1493740,2025-01-27 09:01:11.295820,HE,HEL5,S,BHZ
smi:fi.isuh/event/1493740,2025-01-27 09:01:10.225410,HE,MEF,P,BHZ
smi:fi.isuh/event/1493740,2025-01-27 09:01:12.284480,HE,MEF,S,BHZ
smi:fi.isuh/event/1493740,2025-01-27 09:01:11.885430,HE,VUOS,P,BHZ
smi:fi.isuh/event/1493740,2025-01-27 09:01:15.390620,HE,VUOS,S,BHZ
smi:fi.isuh/event/1493740,2025-01-27 09:01:12.611730,HE,NUR,P,SHZ
smi:fi.isuh/event/1493740,2025-01-27 09:01:16.006830,HE,NUR,S,SHZ
smi:fi.isuh/event/1493735,2025-01-27 10:58:12.576200,HE,TRE03,P,CZ
smi:fi.isuh/event/1493735,2025-01-27 10:58:14.144260,HE,TRE03,S,CZ
smi:fi.isuh/event/1493735,2025-01-27 10:58:23.629420,HE,KEF,P,?HZ
smi:fi.isuh/event/1493735,2025-01-27 10:58:33.272410,HE,KEF,S,?HZ
smi:fi.isuh/event/1493735,2025-01-27 10:58:27.546130,HE,KPF,P,BHZ
smi:fi.isuh/event/1493735,2025-01-27 10:58:40.859150,HE,KPF,S,BHZ
smi:fi.isuh/event/1493735,2025-01-27 10:58:29.247240,HE,FIA0,P,?HZ
smi:fi.isuh/event/1493735,2025-01-27 10:58:42.930070,HE,FIA0,S,?HZ
smi:fi.isuh/event/1493735,2025-01-27 10:58:29.247240,HE,FIA1,P,?HZ
smi:fi.isuh/event/1493735,2025-01-27 10:58:42.415570,HE,FIA1,S,?HZ
smi:fi.isuh/event/1493735,2025-01-27 10:58:32.854090,HE,KAF,P,?HZ
smi:fi.isuh/event/1493735,2025-01-27 10:58:49.324800,HE,KAF,S,?HZ
smi:fi.isuh/event/1493735,2025-01-27 10:58:33.134840,HE,RAF,P,BHZ
smi:fi.isuh/event/1493735,2025-01-27 10:58:48.918990,HE,RAF,S,BHZ
smi:fi.isuh/event/1493735,2025-01-27 10:58:36.101480,HE,PVF,P,CZ
smi:fi.isuh/event/1493735,2025-01-27 10:58:54.005710,HE,PVF,S,CZ
smi:fi.isuh/event/1493735,2025-01-27 10:58:54.199780,HE,MEF,S,BHZ
smi:fi.isuh/event/1493735,2025-01-27 10:58:57.359200,HE,LAUT,S,BHZ
smi:fi.isuh/event/1493735,2025-01-27 10:58:38.257360,HE,SUF,P,BHZ
smi:fi.isuh/event/1493735,2025-01-27 10:58:58.332980,HE,SUF,S,BHZ
smi:fi.isuh/event/1493735,2025-01-27 10:58:39.551570,HE,ALAJF,P,?HZ
smi:fi.isuh/event/1493735,2025-01-27 10:58:59.720780,HE,ALAJF,S,?HZ
smi:fi.isuh/event/1493735,2025-01-27 10:58:39.806880,HE,VAF,P,BHZ
smi:fi.isuh/event/1493735,2025-01-27 10:59:00.171590,HE,VAF,S,BHZ
smi:fi.isuh/event/1493735,2025-01-27 10:59:00.115000,HE,LOVF,S,CZ
smi:fi.isuh/event/1493735,2025-01-27 10:58:40.190160,HE,KY17,P,CZ
smi:fi.isuh/event/1493735,2025-01-27 10:59:01.446530,HE,KY17,S,CZ
smi:fi.isuh/event/1493325,2025-01-27 10:59:54.595080,HE,KORF,P,CZ
smi:fi.isuh/event/1493325,2025-01-27 11:00:02.279960,HE,KORF,S,CZ
smi:fi.isuh/event/1493325,2025-01-27 10:59:55.945500,HE,RAF,P,BHZ
smi:fi.isuh/event/1493325,2025-01-27 11:00:04.877370,HE,RAF,S,BHZ
smi:fi.isuh/event/1493325,2025-01-27 10:59:57.600440,HE,TVF,P,BHZ
smi:fi.isuh/event/1493325,2025-01-27 11:00:07.479100,HE,TVF,S,BHZ
smi:fi.isuh/event/1493325,2025-01-27 11:00:02.415590,HE,MEF,P,BHZ
smi:fi.isuh/event/1493325,2025-01-27 11:00:14.954070,HE,MEF,S,BHZ
smi:fi.isuh/event/1493325,2025-01-27 11:00:18.196780,HE,NUR,S,SHZ
smi:fi.isuh/event/1493325,2025-01-27 11:00:21.260890,HE,HEL5,S,BHZ
smi:fi.isuh/event/1493325,2025-01-27 11:00:06.751080,UP,AAL,P,BHZ
smi:fi.isuh/event/1493325,2025-01-27 11:00:22.781280,UP,AAL,S,BHZ
smi:fi.isuh/event/1493325,2025-01-27 11:00:26.820250,HE,VUOS,S,BHZ
smi:fi.isuh/event/1493325,2025-01-27 11:00:09.410260,HE,KPF,P,BHZ
smi:fi.isuh/event/1493325,2025-01-27 11:00:26.944860,HE,KPF,S,BHZ
smi:fi.isuh/event/1493325,2025-01-27 11:00:10.148210,HE,TRE03,P,CZ
smi:fi.isuh/event/1493325,2025-01-27 11:00:30.269640,HE,TRE03,S,CZ
smi:fi.isuh/event/1493325,2025-01-27 11:00:10.723110,HE,ECKF,P,CZ
smi:fi.isuh/event/1493325,2025-01-27 11:00:30.269640,HE,ECKF,S,CZ
smi:fi.isuh/event/1493325,2025-01-27 11:00:14.220440,HE,PVF,P,CZ
smi:fi.isuh/event/1493325,2025-01-27 11:00:36.491800,HE,PVF,S,CZ
smi:fi.isuh/event/1493325,2025-01-27 11:00:18.332620,HE,LOVF,P,CZ
smi:fi.isuh/event/1493325,2025-01-27 11:00:43.225150,HE,LOVF,S,CZ
smi:fi.isuh/event/1493325,2025-01-27 11:00:20.699380,HE,FIA0,P,?HZ
smi:fi.isuh/event/1493325,2025-01-27 11:00:45.744380,HE,FIA0,S,?HZ
smi:fi.isuh/event/1493325,2025-01-27 11:00:20.699380,HE,FIA1,P,?HZ
smi:fi.isuh/event/1493325,2025-01-27 11:00:46.467640,HE,FIA1,S,?HZ
smi:fi.isuh/event/1493325,2025-01-27 11:00:20.533090,HE,KEF,P,?HZ
smi:fi.isuh/event/1493325,2025-01-27 11:00:46.737380,HE,KEF,S,?HZ
smi:fi.isuh/event/1493354,2025-01-27 12:05:15.800000,HE,VRF,P,BHZ
smi:fi.isuh/event/1493354,2025-01-27 12:05:35.400000,HE,VRF,S,BHZ
smi:fi.isuh/event/1493354,2025-01-27 12:05:25.380000,FN,RAJF,P,BHZ
smi:fi.isuh/event/1493354,2025-01-27 12:05:52.700000,FN,RAJF,S,BHZ
smi:fi.isuh/event/1493354,2025-01-27 12:05:25.840000,FN,OLKF,P,BHZ
smi:fi.isuh/event/1493354,2025-01-27 12:05:54.560000,FN,OLKF,S,BHZ
smi:fi.isuh/event/1493354,2025-01-27 12:05:27.080000,HE,KU6,P,BHZ
smi:fi.isuh/event/1493354,2025-01-27 12:05:56.480000,HE,KU6,S,BHZ
smi:fi.isuh/event/1493354,2025-01-27 12:05:39.600000,HE,KEV,P,BHZ
smi:fi.isuh/event/1493354,2025-01-27 12:06:17.960000,HE,KEV,S,BHZ
smi:fi.isuh/event/1493354,2025-01-27 12:05:42.560000,FN,RANF,P,BHZ
smi:fi.isuh/event/1493354,2025-01-27 12:06:26.240000,FN,RANF,S,BHZ
smi:fi.isuh/event/1493354,2025-01-27 12:06:44.000000,FN,KLF,S,BHZ
smi:fi.isuh/event/1493734,2025-01-27 12:07:51.889770,HE,KY17,P,CZ
smi:fi.isuh/event/1493734,2025-01-27 12:07:54.975510,HE,KY17,S,CZ
smi:fi.isuh/event/1493734,2025-01-27 12:07:51.997240,HE,KY02,P,CZ
smi:fi.isuh/event/1493734,2025-01-27 12:07:54.930080,HE,KY02,S,CZ
smi:fi.isuh/event/1493734,2025-01-27 12:07:54.793310,HE,VJF,P,?HZ
smi:fi.isuh/event/1493734,2025-01-27 12:07:59.508010,HE,VJF,S,?HZ
smi:fi.isuh/event/1493734,2025-01-27 12:07:54.972260,HE,LOVF,P,CZ
smi:fi.isuh/event/1493734,2025-01-27 12:07:59.982370,HE,LOVF,S,CZ
smi:fi.isuh/event/1493734,2025-01-27 12:07:57.275060,HE,PVF,P,CZ
smi:fi.isuh/event/1493734,2025-01-27 12:08:04.110370,HE,PVF,S,CZ
smi:fi.isuh/event/1493734,2025-01-27 12:08:02.464640,HE,FIA0,P,?HZ
smi:fi.isuh/event/1493734,2025-01-27 12:08:12.959190,HE,FIA0,S,?HN
smi:fi.isuh/event/1493734,2025-01-27 12:08:02.587960,HE,FIA1,P,?HZ
smi:fi.isuh/event/1493734,2025-01-27 12:08:13.267370,HE,FIA1,S,?HZ
smi:fi.isuh/event/1493734,2025-01-27 12:08:06.104750,HE,VUOS,P,BHZ
smi:fi.isuh/event/1493734,2025-01-27 12:08:18.843370,HE,VUOS,S,BHZ
smi:fi.isuh/event/1493734,2025-01-27 12:08:07.600590,HE,NUR,P,SHZ
smi:fi.isuh/event/1493734,2025-01-27 12:08:21.901460,HE,NUR,S,SHZ
smi:fi.isuh/event/1493734,2025-01-27 12:08:09.689820,HE,HEL5,P,BHZ
smi:fi.isuh/event/1493734,2025-01-27 12:08:25.358190,HE,HEL5,S,BHZ
smi:fi.isuh/event/1493734,2025-01-27 12:08:09.695160,HE,RUF,P,BHZ
smi:fi.isuh/event/1493734,2025-01-27 12:08:25.561230,HE,RUF,S,BHZ
smi:fi.isuh/event/1493734,2025-01-27 12:08:11.672120,HE,MEF,P,BHZ
smi:fi.isuh/event/1493734,2025-01-27 12:08:28.875770,HE,MEF,S,BHZ
smi:fi.isuh/event/1493734,2025-01-27 12:08:31.416240,HE,KAF,S,?HZ
smi:fi.isuh/event/1493734,2025-01-27 12:08:16.117130,HE,TRE03,P,CZ
smi:fi.isuh/event/1493734,2025-01-27 12:08:35.936730,HE,TRE03,S,CZ
smi:fi.isuh/event/1493734,2025-01-27 12:08:18.702140,HE,KEF,P,?HZ
smi:fi.isuh/event/1493734,2025-01-27 12:08:41.033740,HE,KEF,S,?HZ
smi:fi.isuh/event/1493734,2025-01-27 12:08:49.002820,HE,TVF,S,BHZ
smi:fi.isuh/event/1493734,2025-01-27 12:08:23.195710,HE,SUF,P,BHZ
smi:fi.isuh/event/1493734,2025-01-27 12:08:49.142540,HE,SUF,S,BHZ
smi:fi.isuh/event/1493745,2025-01-27 12:43:51.020500,HE,HEL5,P,BHZ
smi:fi.isuh/event/1493745,2025-01-27 12:43:52.572490,HE,HEL5,S,BHZ
smi:fi.isuh/event/1493745,2025-01-27 12:43:51.142090,HE,MEF,P,BHZ
smi:fi.isuh/event/1493745,2025-01-27 12:43:52.668020,HE,MEF,S,BHZ
smi:fi.isuh/event/1493745,2025-01-27 12:43:52.030510,HE,LAUT,P,BHZ
smi:fi.isuh/event/1493745,2025-01-27 12:43:54.090720,HE,LAUT,S,BHZ
smi:fi.isuh/event/1493745,2025-01-27 12:43:52.212560,HE,HEL1,P,BHZ
smi:fi.isuh/event/1493745,2025-01-27 12:43:54.548110,HE,HEL1,S,BHZ
smi:fi.isuh/event/1493745,2025-01-27 12:43:52.622220,HE,RSUO,P,BHZ
smi:fi.isuh/event/1493745,2025-01-27 12:43:55.382120,HE,RSUO,S,BHZ
smi:fi.isuh/event/1493745,2025-01-27 12:43:53.034480,HE,KUNI,P,BHZ
smi:fi.isuh/event/1493745,2025-01-27 12:43:55.902790,HE,KUNI,S,BHZ
smi:fi.isuh/event/1493745,2025-01-27 12:43:54.660840,HE,VUOS,P,BHZ
smi:fi.isuh/event/1493745,2025-01-27 12:43:58.468760,HE,VUOS,S,BHZ
smi:fi.isuh/event/1493745,2025-01-27 12:43:55.830880,HE,NUR,P,SHZ
smi:fi.isuh/event/1493745,2025-01-27 12:44:00.426390,HE,NUR,S,SHZ
smi:fi.isuh/event/1493348,2025-01-27 12:45:29.460000,HE,KEV,P,BHZ
smi:fi.isuh/event/1493348,2025-01-27 12:45:40.640000,HE,KEV,S,BHZ
smi:fi.isuh/event/1493348,2025-01-27 12:45:48.840000,FN,RAJF,P,BHZ
smi:fi.isuh/event/1493348,2025-01-27 12:46:13.440000,FN,RAJF,S,BHZ
smi:fi.isuh/event/1493348,2025-01-27 12:46:34.280000,HE,HEF,S,BHZ
smi:fi.isuh/event/1493348,2025-01-27 12:46:36.400000,HE,VRF,S,BHZ
smi:fi.isuh/event/1493348,2025-01-27 12:47:22.120000,FN,OLKF,S,BHZ
smi:fi.isuh/event/1493747,2025-01-27 13:22:39.723970,HE,RAF,P,BHZ
smi:fi.isuh/event/1493747,2025-01-27 13:22:46.699260,HE,RAF,S,BHZ
smi:fi.isuh/event/1493747,2025-01-27 13:22:40.220200,HE,KORF,P,CZ
smi:fi.isuh/event/1493747,2025-01-27 13:22:47.204620,HE,KORF,S,CZ
smi:fi.isuh/event/1493747,2025-01-27 13:22:46.448900,HE,TVF,P,BHZ
smi:fi.isuh/event/1493747,2025-01-27 13:22:57.661360,HE,TVF,S,BHZ
smi:fi.isuh/event/1493747,2025-01-27 13:22:51.021700,UP,AAL,P,BHZ
smi:fi.isuh/event/1493747,2025-01-27 13:22:50.953350,HE,MEF,P,BHZ
smi:fi.isuh/event/1493747,2025-01-27 13:23:06.637370,HE,MEF,S,BHZ
smi:fi.isuh/event/1493747,2025-01-27 13:22:52.680420,HE,NUR,P,SHZ
smi:fi.isuh/event/1493747,2025-01-27 13:23:09.218360,HE,NUR,S,SHZ
smi:fi.isuh/event/1493747,2025-01-27 13:22:53.628850,HE,KPF,P,BHZ
smi:fi.isuh/event/1493747,2025-01-27 13:23:10.841180,HE,KPF,S,BHZ
smi:fi.isuh/event/1493747,2025-01-27 13:22:53.804910,HE,ECKF,P,CZ
smi:fi.isuh/event/1493747,2025-01-27 13:23:11.990330,HE,ECKF,S,CZ
smi:fi.isuh/event/1493747,2025-01-27 13:22:56.857620,HE,TRE03,P,CZ
smi:fi.isuh/event/1493747,2025-01-27 13:23:16.641420,HE,TRE03,S,CZ
smi:fi.isuh/event/1493747,2025-01-27 13:22:58.232360,HE,VUOS,P,BHZ
smi:fi.isuh/event/1493747,2025-01-27 13:23:18.147010,HE,VUOS,S,BHZ
smi:fi.isuh/event/1493747,2025-01-27 13:23:03.114450,HE,PVF,P,CZ
smi:fi.isuh/event/1493747,2025-01-27 13:23:26.718130,HE,PVF,S,CZ
smi:fi.isuh/event/1493747,2025-01-27 13:23:07.457110,HE,KEF,P,?HZ
smi:fi.isuh/event/1493747,2025-01-27 13:23:33.439980,HE,KEF,S,?HZ
smi:fi.isuh/event/1493319,2025-01-27 13:52:35.237410,HE,LOVF,P,CZ
smi:fi.isuh/event/1493319,2025-01-27 13:52:36.110970,HE,LOVF,S,CZ
smi:fi.isuh/event/1493319,2025-01-27 13:52:38.254520,HE,PVF,P,CZ
smi:fi.isuh/event/1493319,2025-01-27 13:52:40.943510,HE,PVF,S,CZ
smi:fi.isuh/event/1493319,2025-01-27 13:52:44.843420,HE,KY02,P,CZ
smi:fi.isuh/event/1493319,2025-01-27 13:52:51.813820,HE,KY02,S,CZ
smi:fi.isuh/event/1493319,2025-01-27 13:52:45.744120,HE,KY17,P,CZ
smi:fi.isuh/event/1493319,2025-01-27 13:52:53.436730,HE,KY17,S,CZ
smi:fi.isuh/event/1493319,2025-01-27 13:52:45.955520,HE,VUOS,P,BHZ
smi:fi.isuh/event/1493319,2025-01-27 13:52:54.003500,HE,VUOS,S,BHZ
smi:fi.isuh/event/1493319,2025-01-27 13:52:46.485270,HE,VJF,P,?HZ
smi:fi.isuh/event/1493319,2025-01-27 13:52:55.057750,HE,VJF,S,?HZ
smi:fi.isuh/event/1493319,2025-01-27 13:52:47.220690,HE,KUNI,P,BHZ
smi:fi.isuh/event/1493319,2025-01-27 13:52:56.215410,HE,KUNI,S,BHZ
smi:fi.isuh/event/1493319,2025-01-27 13:52:49.049780,HE,NUR,P,SHZ
smi:fi.isuh/event/1493319,2025-01-27 13:52:59.076080,HE,NUR,S,SHZ
smi:fi.isuh/event/1493319,2025-01-27 13:52:52.520330,HE,FIA0,P,?HZ
smi:fi.isuh/event/1493319,2025-01-27 13:53:04.682370,HE,FIA0,S,?HZ
smi:fi.isuh/event/1493319,2025-01-27 13:52:52.547830,HE,FIA1,P,?HZ
smi:fi.isuh/event/1493319,2025-01-27 13:53:05.540120,HE,FIA1,S,?HZ
smi:fi.isuh/event/1493319,2025-01-27 13:53:02.231210,HE,TRE03,P,CZ
smi:fi.isuh/event/1493319,2025-01-27 13:53:21.537320,HE,TRE03,S,CZ
smi:fi.isuh/event/1493319,2025-01-27 13:53:03.806000,HE,RUF,P,BHZ
smi:fi.isuh/event/1493319,2025-01-27 13:53:24.827500,HE,RUF,S,BHZ
smi:fi.isuh/event/1493319,2025-01-27 13:53:24.844370,HE,TVF,S,BHZ
smi:fi.isuh/event/1493319,2025-01-27 13:53:03.748980,HE,KAF,P,?HZ
smi:fi.isuh/event/1493319,2025-01-27 13:53:24.946490,HE,KAF,S,?HZ
smi:fi.isuh/event/1493319,2025-01-27 13:53:07.775810,HE,KEF,P,?HZ
smi:fi.isuh/event/1493319,2025-01-27 13:53:30.624210,HE,KEF,S,?HZ
smi:fi.isuh/event/1493319,2025-01-27 13:53:13.496490,HE,SUF,P,BHZ
smi:fi.isuh/event/1493319,2025-01-27 13:53:44.203890,HE,SUF,S,BHZ
smi:fi.isuh/event/1493319,2025-01-27 13:53:42.035150,HE,RAF,S,BHZ
smi:fi.isuh/event/1493748,2025-01-27 14:26:11.417430,HE,MEF,P,BHZ
smi:fi.isuh/event/1493748,2025-01-27 14:26:12.643790,HE,MEF,S,BHZ
smi:fi.isuh/event/1493748,2025-01-27 14:26:12.690720,HE,HEL5,P,BHZ
smi:fi.isuh/event/1493748,2025-01-27 14:26:14.952680,HE,HEL5,S,BHZ
smi:fi.isuh/event/1493748,2025-01-27 14:26:13.057550,HE,HEL1,P,BHZ
smi:fi.isuh/event/1493748,2025-01-27 14:26:15.794480,HE,HEL1,S,BHZ
smi:fi.isuh/event/1493748,2025-01-27 14:26:13.057550,HE,LAUT,P,BHZ
smi:fi.isuh/event/1493748,2025-01-27 14:26:15.683520,HE,LAUT,S,BHZ
smi:fi.isuh/event/1493748,2025-01-27 14:26:13.087610,HE,KUNI,P,BHZ
smi:fi.isuh/event/1493748,2025-01-27 14:26:15.729160,HE,KUNI,S,BHZ
smi:fi.isuh/event/1493748,2025-01-27 14:26:13.316450,HE,RSUO,P,BHZ
smi:fi.isuh/event/1493748,2025-01-27 14:26:15.706270,HE,RSUO,S,BHZ
smi:fi.isuh/event/1493748,2025-01-27 14:26:15.706270,HE,VUOS,P,BHZ
smi:fi.isuh/event/1493748,2025-01-27 14:26:19.184380,HE,VUOS,S,BHZ
smi:fi.isuh/event/1493737,2025-01-27 15:01:04.613090,HE,HEL1,P,BHZ
smi:fi.isuh/event/1493737,2025-01-27 15:01:06.006210,HE,HEL1,S,BHZ
smi:fi.isuh/event/1493737,2025-01-27 15:01:04.663920,HE,RSUO,P,BHZ
smi:fi.isuh/event/1493737,2025-01-27 15:01:06.356380,HE,RSUO,S,BHZ
smi:fi.isuh/event/1493737,2025-01-27 15:01:04.723830,HE,HEL5,P,BHZ
smi:fi.isuh/event/1493737,2025-01-27 15:01:06.172110,HE,HEL5,S,BHZ
smi:fi.isuh/event/1493737,2025-01-27 15:01:04.663920,HE,LAUT,P,BHZ
smi:fi.isuh/event/1493737,2025-01-27 15:01:06.285440,HE,LAUT,S,BHZ
smi:fi.isuh/event/1493737,2025-01-27 15:01:04.736160,HE,KUNI,P,BHZ
smi:fi.isuh/event/1493737,2025-01-27 15:01:06.356380,HE,KUNI,S,BHZ
smi:fi.isuh/event/1493737,2025-01-27 15:01:05.216750,HE,MEF,P,BHZ
smi:fi.isuh/event/1493737,2025-01-27 15:01:07.248360,HE,MEF,S,BHZ
smi:fi.isuh/event/1493737,2025-01-27 15:01:06.852120,HE,VUOS,P,BHZ
smi:fi.isuh/event/1493737,2025-01-27 15:01:09.926460,HE,VUOS,S,BHZ
smi:fi.isuh/event/1493737,2025-01-27 15:01:07.664500,HE,NUR,P,SHZ
smi:fi.isuh/event/1493737,2025-01-27 15:01:11.476610,HE,NUR,S,SHZ
smi:fi.isuh/event/1493356,2025-01-27 18:09:01.680000,HE,VRF,P,BHZ
smi:fi.isuh/event/1493356,2025-01-27 18:09:23.520000,HE,VRF,S,BHZ
smi:fi.isuh/event/1493356,2025-01-27 18:09:11.680000,FN,RAJF,P,BHZ
smi:fi.isuh/event/1493356,2025-01-27 18:09:40.520000,FN,RAJF,S,BHZ
smi:fi.isuh/event/1493356,2025-01-27 18:09:12.120000,FN,OLKF,P,BHZ
smi:fi.isuh/event/1493356,2025-01-27 18:09:41.520000,FN,OLKF,S,BHZ
smi:fi.isuh/event/1493356,2025-01-27 18:09:43.040000,HE,KU6,S,BHZ
smi:fi.isuh/event/1493356,2025-01-27 18:10:04.790000,HE,KEV,S,BHZ
smi:fi.isuh/event/1493356,2025-01-27 18:09:42.000000,HE,HEF,P,BHZ
smi:fi.isuh/event/1493356,2025-01-27 18:10:33.520000,HE,HEF,S,BHZ
smi:fi.isuh/event/1493357,2025-01-27 18:15:20.520000,HE,VRF,P,BHZ
smi:fi.isuh/event/1493357,2025-01-27 18:15:42.640000,HE,VRF,S,BHZ
smi:fi.isuh/event/1493357,2025-01-27 18:15:31.000000,FN,RAJF,P,BHZ
smi:fi.isuh/event/1493357,2025-01-27 18:16:00.000000,FN,RAJF,S,BHZ
smi:fi.isuh/event/1493357,2025-01-27 18:15:30.760000,FN,OLKF,P,BHZ
smi:fi.isuh/event/1493357,2025-01-27 18:16:00.040000,FN,OLKF,S,BHZ
smi:fi.isuh/event/1493357,2025-01-27 18:16:01.560000,HE,KU6,S,BHZ
smi:fi.isuh/event/1493357,2025-01-27 18:15:43.320000,HE,KEV,P,BHZ
smi:fi.isuh/event/1493357,2025-01-27 18:16:32.200000,HE,KEV,S,BHZ
smi:fi.isuh/event/1493357,2025-01-27 18:16:30.880000,FN,RANF,S,BHZ
smi:fi.isuh/event/1493357,2025-01-27 18:16:55.800000,HE,TOF,S,BHZ
smi:fi.isuh/event/1493358,2025-01-27 18:16:04.530000,HE,KIF,P,BHZ
smi:fi.isuh/event/1493358,2025-01-27 18:16:20.120000,HE,KIF,S,BHZ
smi:fi.isuh/event/1493358,2025-01-27 18:16:07.730000,HE,HEF,P,BHZ
smi:fi.isuh/event/1493358,2025-01-27 18:16:29.960000,HE,HEF,S,BHZ
smi:fi.isuh/event/1493358,2025-01-27 18:16:10.730000,FN,KLF,P,BHZ
smi:fi.isuh/event/1493358,2025-01-27 18:16:31.840000,FN,KLF,S,BHZ
smi:fi.isuh/event/1493358,2025-01-27 18:16:23.680000,HE,TOF,P,BHZ
smi:fi.isuh/event/1493358,2025-01-27 18:16:55.800000,HE,TOF,S,BHZ
smi:fi.isuh/event/1493358,2025-01-27 18:17:16.560000,FN,RAJF,S,BHZ
smi:fi.isuh/event/1493358,2025-01-27 18:16:32.200000,HE,KEV,P,BHZ
smi:fi.isuh/event/1493358,2025-01-27 18:17:11.680000,HE,KEV,S,BHZ
smi:fi.isuh/event/1493358,2025-01-27 18:16:30.880000,FN,RANF,P,BHZ
smi:fi.isuh/event/1493358,2025-01-27 18:17:20.720000,FN,RANF,S,BHZ
smi:fi.isuh/event/1493358,2025-01-27 18:17:46.360000,FN,OLKF,S,BHZ
smi:fi.isuh/event/1493360,2025-01-27 20:09:59.320000,HE,VRF,P,BHZ
smi:fi.isuh/event/1493360,2025-01-27 20:10:19.440000,HE,VRF,S,BHZ
smi:fi.isuh/event/1493360,2025-01-27 20:10:09.340000,FN,RAJF,P,BHZ
smi:fi.isuh/event/1493360,2025-01-27 20:10:36.920000,FN,RAJF,S,BHZ
smi:fi.isuh/event/1493360,2025-01-27 20:10:10.080000,FN,OLKF,P,BHZ
smi:fi.isuh/event/1493360,2025-01-27 20:10:38.640000,FN,OLKF,S,BHZ
smi:fi.isuh/event/1493360,2025-01-27 20:10:10.840000,HE,KU6,P,BHZ
smi:fi.isuh/event/1493360,2025-01-27 20:10:40.800000,HE,KU6,S,BHZ
smi:fi.isuh/event/1493360,2025-01-27 20:11:02.800000,HE,KU2,S,BHZ
smi:fi.isuh/event/1493360,2025-01-27 20:10:23.280000,HE,KEV,P,BHZ
smi:fi.isuh/event/1493360,2025-01-27 20:11:01.360000,HE,KEV,S,BHZ
smi:fi.isuh/event/1493360,2025-01-27 20:10:27.480000,FN,RANF,P,BHZ
smi:fi.isuh/event/1493360,2025-01-27 20:11:08.640000,FN,RANF,S,BHZ
smi:fi.isuh/event/1493360,2025-01-27 20:11:28.720000,FN,KLF,S,BHZ
smi:fi.isuh/event/1493360,2025-01-27 20:10:44.800000,HE,TOF,P,BHZ
smi:fi.isuh/event/1493347,2025-01-27 20:17:28.720000,HE,VRF,P,BHZ
smi:fi.isuh/event/1493347,2025-01-27 20:17:48.880000,HE,VRF,S,BHZ
smi:fi.isuh/event/1493347,2025-01-27 20:17:39.140000,FN,RAJF,P,BHZ
smi:fi.isuh/event/1493347,2025-01-27 20:18:06.480000,FN,RAJF,S,BHZ
smi:fi.isuh/event/1493347,2025-01-27 20:17:40.660000,HE,KU6,P,BHZ
smi:fi.isuh/event/1493347,2025-01-27 20:18:09.360000,HE,KU6,S,BHZ
smi:fi.isuh/event/1493347,2025-01-27 20:18:31.160000,HE,KU2,S,BHZ
smi:fi.isuh/event/1493347,2025-01-27 20:18:36.960000,FN,RANF,S,BHZ
smi:fi.isuh/event/1493347,2025-01-27 20:17:52.730000,HE,KEV,P,BHZ
smi:fi.isuh/event/1493347,2025-01-27 20:18:31.240000,HE,KEV,S,BHZ
smi:fi.isuh/event/1493347,2025-01-27 20:18:58.680000,FN,KLF,S,BHZ
smi:fi.isuh/event/1493347,2025-01-27 20:18:04.810000,HE,RMF,P,BHZ
smi:fi.isuh/event/1493347,2025-01-27 20:18:46.200000,HE,HEF,S,BHZ
smi:fi.isuh/event/1493503,2025-01-28 00:28:13.880000,HE,VRF,P,BHZ
smi:fi.isuh/event/1493503,2025-01-28 00:28:34.720000,HE,VRF,S,BHZ
smi:fi.isuh/event/1493503,2025-01-28 00:28:24.000000,FN,OLKF,P,BHZ
smi:fi.isuh/event/1493503,2025-01-28 00:28:53.160000,FN,OLKF,S,BHZ
smi:fi.isuh/event/1493503,2025-01-28 00:28:24.360000,HE,KU6,P,BHZ
smi:fi.isuh/event/1493503,2025-01-28 00:28:54.040000,HE,KU6,S,BHZ
smi:fi.isuh/event/1493503,2025-01-28 00:28:23.680000,FN,RAJF,P,BHZ
smi:fi.isuh/event/1493503,2025-01-28 00:28:51.400000,FN,RAJF,S,BHZ
smi:fi.isuh/event/1493503,2025-01-28 00:29:06.780000,HE,KU1,S,BHZ
smi:fi.isuh/event/1493503,2025-01-28 00:28:40.440000,FN,RANF,P,BHZ
smi:fi.isuh/event/1493503,2025-01-28 00:29:22.740000,FN,RANF,S,BHZ
smi:fi.isuh/event/1493503,2025-01-28 00:28:37.640000,HE,KEV,P,BHZ
smi:fi.isuh/event/1493503,2025-01-28 00:29:16.420000,HE,KEV,S,BHZ
smi:fi.isuh/event/1493503,2025-01-28 00:28:53.400000,FN,KLF,P,BHZ
smi:fi.isuh/event/1493503,2025-01-28 00:29:43.840000,FN,KLF,S,BHZ
smi:fi.isuh/event/1493503,2025-01-28 00:28:53.230000,HE,HEF,P,BHZ
smi:fi.isuh/event/1493503,2025-01-28 00:29:40.430000,HE,HEF,S,BHZ
smi:fi.isuh/event/1493503,2025-01-28 00:28:58.000000,HE,TOF,P,BHZ
smi:fi.isuh/event/1493503,2025-01-28 00:29:36.080000,HE,TOF,S,BHZ
smi:fi.isuh/event/1493435,2025-01-28 04:05:33.780000,HE,VRF,P,BHZ
smi:fi.isuh/event/1493435,2025-01-28 04:05:54.480000,HE,VRF,S,BHZ
smi:fi.isuh/event/1493435,2025-01-28 04:05:42.980000,FN,RAJF,P,BHZ
smi:fi.isuh/event/1493435,2025-01-28 04:06:11.840000,FN,RAJF,S,BHZ
smi:fi.isuh/event/1493435,2025-01-28 04:05:43.930000,FN,OLKF,P,BHZ
smi:fi.isuh/event/1493435,2025-01-28 04:06:12.680000,FN,OLKF,S,BHZ
smi:fi.isuh/event/1493435,2025-01-28 04:05:44.480000,HE,KU6,P,BHZ
smi:fi.isuh/event/1493435,2025-01-28 04:06:13.600000,HE,KU6,S,BHZ
smi:fi.isuh/event/1493435,2025-01-28 04:05:57.200000,HE,KEV,P,BHZ
smi:fi.isuh/event/1493435,2025-01-28 04:06:36.780000,HE,KEV,S,BHZ
smi:fi.isuh/event/1493435,2025-01-28 04:06:00.560000,FN,RANF,P,BHZ
smi:fi.isuh/event/1493435,2025-01-28 04:06:42.640000,FN,RANF,S,BHZ
smi:fi.isuh/event/1493435,2025-01-28 04:06:52.080000,FN,KLF,S,BHZ
smi:fi.isuh/event/1493431,2025-01-28 09:48:45.662200,HE,RAF,P,BHZ
smi:fi.isuh/event/1493431,2025-01-28 09:48:47.789510,HE,RAF,S,BHZ
smi:fi.isuh/event/1493431,2025-01-28 09:48:56.132430,HE,KPF,P,BHZ
smi:fi.isuh/event/1493431,2025-01-28 09:49:04.995430,HE,KPF,S,BHZ
smi:fi.isuh/event/1493431,2025-01-28 09:49:02.555570,HE,KORF,P,CZ
smi:fi.isuh/event/1493431,2025-01-28 09:49:16.170080,HE,KORF,S,CZ
smi:fi.isuh/event/1493431,2025-01-28 09:49:06.737960,UP,AAL,P,BHZ
smi:fi.isuh/event/1493431,2025-01-28 09:49:23.478930,UP,AAL,S,BHZ
smi:fi.isuh/event/1493431,2025-01-28 09:49:06.838380,HE,TRE03,P,CZ
smi:fi.isuh/event/1493431,2025-01-28 09:49:23.275120,HE,TRE03,S,CZ
smi:fi.isuh/event/1493431,2025-01-28 09:49:08.976720,HE,ECKF,P,CZ
smi:fi.isuh/event/1493431,2025-01-28 09:49:27.437000,HE,ECKF,S,CZ
smi:fi.isuh/event/1493431,2025-01-28 09:49:10.870690,HE,TVF,P,BHZ
smi:fi.isuh/event/1493431,2025-01-28 09:49:30.449130,HE,TVF,S,BHZ
smi:fi.isuh/event/1493431,2025-01-28 09:49:12.516260,HE,MEF,P,BHZ
smi:fi.isuh/event/1493431,2025-01-28 09:49:33.251360,HE,MEF,S,BHZ
smi:fi.isuh/event/1493431,2025-01-28 09:49:15.980090,HE,KEF,P,?HZ
smi:fi.isuh/event/1493431,2025-01-28 09:49:39.331130,HE,KEF,S,?HZ
smi:fi.isuh/event/1493431,2025-01-28 09:49:15.841180,HE,HEL5,P,BHZ
smi:fi.isuh/event/1493431,2025-01-28 09:49:39.535200,HE,HEL5,S,BHZ
smi:fi.isuh/event/1493431,2025-01-28 09:49:40.291260,HE,LAUT,S,BHZ
smi:fi.isuh/event/1493431,2025-01-28 09:49:18.157780,HE,VAF,P,BHZ
smi:fi.isuh/event/1493431,2025-01-28 09:49:42.931090,HE,VAF,S,BHZ
smi:fi.isuh/event/1493431,2025-01-28 09:49:43.261070,HE,VUOS,S,BHZ
smi:fi.isuh/event/1493431,2025-01-28 09:49:20.162570,HE,PVF,P,CZ
smi:fi.isuh/event/1493431,2025-01-28 09:49:47.715780,HE,PVF,S,CZ
smi:fi.isuh/event/1493431,2025-01-28 09:49:48.375740,HE,FIA0,S,?HZ
smi:fi.isuh/event/1493431,2025-01-28 09:49:48.375740,HE,FIA1,S,?HZ
smi:fi.isuh/event/1493443,2025-01-28 10:25:03.639310,HE,RUF,P,BHZ
smi:fi.isuh/event/1493443,2025-01-28 10:25:06.669090,HE,RUF,S,BHZ
smi:fi.isuh/event/1493443,2025-01-28 10:25:18.390040,HE,KY17,P,CZ
smi:fi.isuh/event/1493443,2025-01-28 10:25:32.425070,HE,KY17,S,CZ
smi:fi.isuh/event/1493443,2025-01-28 10:25:19.687560,HE,KY02,P,CZ
smi:fi.isuh/event/1493443,2025-01-28 10:25:34.314360,HE,KY02,S,CZ
smi:fi.isuh/event/1493443,2025-01-28 10:25:21.038510,HE,VJF,P,?HZ
smi:fi.isuh/event/1493443,2025-01-28 10:25:36.787850,HE,VJF,S,?HZ
smi:fi.isuh/event/1493443,2025-01-28 10:25:21.672670,HE,KAF,P,?HZ
smi:fi.isuh/event/1493443,2025-01-28 10:25:37.569410,HE,KAF,S,?HZ
smi:fi.isuh/event/1493443,2025-01-28 10:25:22.423620,HE,FIA1,P,?HZ
smi:fi.isuh/event/1493443,2025-01-28 10:25:38.618090,HE,FIA1,S,?HZ
smi:fi.isuh/event/1493443,2025-01-28 10:25:22.423620,HE,FIA0,P,?HZ
smi:fi.isuh/event/1493443,2025-01-28 10:25:38.618090,HE,FIA0,S,?HZ
smi:fi.isuh/event/1493443,2025-01-28 10:25:28.235330,HE,SUF,P,BHZ
smi:fi.isuh/event/1493443,2025-01-28 10:25:49.362490,HE,SUF,S,BHZ
smi:fi.isuh/event/1493443,2025-01-28 10:25:29.120600,HE,LOVF,P,CZ
smi:fi.isuh/event/1493443,2025-01-28 10:25:50.908960,HE,LOVF,S,CZ
smi:fi.isuh/event/1493443,2025-01-28 10:25:29.998520,HE,PVF,P,CZ
smi:fi.isuh/event/1493443,2025-01-28 10:25:52.744610,HE,PVF,S,CZ
smi:fi.isuh/event/1493443,2025-01-28 10:25:31.062010,HE,JOF,P,BHZ
smi:fi.isuh/event/1493443,2025-01-28 10:25:53.553100,HE,JOF,S,BHZ
smi:fi.isuh/event/1493443,2025-01-28 10:25:31.645350,HE,NIF,P,BHZ
smi:fi.isuh/event/1493443,2025-01-28 10:25:54.957910,HE,NIF,S,BHZ
smi:fi.isuh/event/1493443,2025-01-28 10:25:33.162400,HE,KEF,P,?HZ
smi:fi.isuh/event/1493443,2025-01-28 10:25:57.166660,HE,KEF,S,?HZ
smi:fi.isuh/event/1493443,2025-01-28 10:25:36.419940,HE,TRE03,P,CZ
smi:fi.isuh/event/1493443,2025-01-28 10:26:05.510680,HE,TRE03,S,CZ
smi:fi.isuh/event/1493446,2025-01-28 10:53:13.709420,HE,FIA0,P,?HZ
smi:fi.isuh/event/1493446,2025-01-28 10:53:15.690680,HE,FIA0,S,?HZ
smi:fi.isuh/event/1493446,2025-01-28 10:53:13.703390,HE,FIA1,P,?HZ
smi:fi.isuh/event/1493446,2025-01-28 10:53:15.832350,HE,FIA1,S,?HZ
smi:fi.isuh/event/1493446,2025-01-28 10:53:23.443020,HE,KAF,P,?HZ
smi:fi.isuh/event/1493446,2025-01-28 10:53:32.854740,HE,KAF,S,?HZ
smi:fi.isuh/event/1493446,2025-01-28 10:53:23.814430,HE,KY02,P,CZ
smi:fi.isuh/event/1493446,2025-01-28 10:53:33.333370,HE,KY02,S,CZ
smi:fi.isuh/event/1493446,2025-01-28 10:53:25.225760,HE,TRE03,P,CZ
smi:fi.isuh/event/1493446,2025-01-28 10:53:35.996500,HE,TRE03,S,CZ
smi:fi.isuh/event/1493446,2025-01-28 10:53:26.042860,HE,KY17,P,CZ
smi:fi.isuh/event/1493446,2025-01-28 10:53:35.549090,HE,KY17,S,CZ
smi:fi.isuh/event/1493446,2025-01-28 10:53:26.339980,HE,KEF,P,?HZ
smi:fi.isuh/event/1493446,2025-01-28 10:53:37.224400,HE,KEF,S,?HZ
smi:fi.isuh/event/1493446,2025-01-28 10:53:28.571640,HE,PVF,P,CZ
smi:fi.isuh/event/1493446,2025-01-28 10:53:40.628400,HE,PVF,S,CZ
smi:fi.isuh/event/1493446,2025-01-28 10:53:30.544930,HE,LOVF,P,CZ
smi:fi.isuh/event/1493446,2025-01-28 10:53:43.542370,HE,LOVF,S,CZ
smi:fi.isuh/event/1493446,2025-01-28 10:53:33.923950,HE,SUF,P,BHZ
smi:fi.isuh/event/1493446,2025-01-28 10:53:50.633940,HE,SUF,S,BHZ
smi:fi.isuh/event/1493446,2025-01-28 10:53:33.680660,HE,VJF,P,?HZ
smi:fi.isuh/event/1493446,2025-01-28 10:53:50.877660,HE,VJF,S,?HZ
smi:fi.isuh/event/1493446,2025-01-28 10:53:55.944700,HE,MEF,S,BHZ
smi:fi.isuh/event/1493446,2025-01-28 10:53:56.172710,HE,HEL5,S,BHZ
smi:fi.isuh/event/1493446,2025-01-28 10:53:38.814220,HE,RUF,P,BHZ
smi:fi.isuh/event/1493446,2025-01-28 10:53:57.901410,HE,RUF,S,BHZ
smi:fi.isuh/event/1493446,2025-01-28 10:53:43.788460,HE,KPF,P,BHZ
smi:fi.isuh/event/1493446,2025-01-28 10:54:07.180070,HE,KPF,S,BHZ
smi:fi.isuh/event/1493446,2025-01-28 10:53:44.471200,HE,ALAJF,P,?HZ
smi:fi.isuh/event/1493446,2025-01-28 10:54:08.562120,HE,ALAJF,S,?HZ
smi:fi.isuh/event/1493446,2025-01-28 10:53:46.418220,HE,RAF,P,BHZ
smi:fi.isuh/event/1493446,2025-01-28 10:54:12.342700,HE,RAF,S,BHZ
smi:fi.isuh/event/1493456,2025-01-28 11:49:53.131640,FN,RANF,P,?HZ
smi:fi.isuh/event/1493456,2025-01-28 11:49:55.087130,FN,RANF,S,?HZ
smi:fi.isuh/event/1493456,2025-01-28 11:50:04.893710,HE,KU2,P,SHZ
smi:fi.isuh/event/1493456,2025-01-28 11:50:15.723750,HE,KU2,S,SHZ
smi:fi.isuh/event/1493456,2025-01-28 11:50:07.290200,HE,TOF,P,BHZ
smi:fi.isuh/event/1493456,2025-01-28 11:50:19.369920,HE,TOF,S,BHZ
smi:fi.isuh/event/1493456,2025-01-28 11:50:11.517760,FN,OLKF,P,BHZ
smi:fi.isuh/event/1493456,2025-01-28 11:50:26.230110,FN,OLKF,S,BHZ
smi:fi.isuh/event/1493456,2025-01-28 11:50:14.817170,HE,KU6,P,BHZ
smi:fi.isuh/event/1493456,2025-01-28 11:50:31.995670,HE,KU6,S,BHZ
smi:fi.isuh/event/1493456,2025-01-28 11:50:15.493440,HE,KU1,P,SHZ
smi:fi.isuh/event/1493456,2025-01-28 11:50:32.304470,HE,KU1,S,SHZ
smi:fi.isuh/event/1493456,2025-01-28 11:50:17.627060,FN,KLF,P,BHZ
smi:fi.isuh/event/1493456,2025-01-28 11:50:37.282920,FN,KLF,S,BHZ
smi:fi.isuh/event/1493456,2025-01-28 11:50:38.340020,HE,OBF3,S,BHZ
smi:fi.isuh/event/1493456,2025-01-28 11:50:25.917420,HE,VRF,P,BHZ
smi:fi.isuh/event/1493456,2025-01-28 11:50:50.973090,HE,VRF,S,BHZ
smi:fi.isuh/event/1493426,2025-01-28 12:04:13.060000,HE,KORF,P,BHZ
smi:fi.isuh/event/1493426,2025-01-28 12:04:19.200000,HE,KORF,S,BHZ
smi:fi.isuh/event/1493426,2025-01-28 12:04:19.180000,HE,RAF,P,BHZ
smi:fi.isuh/event/1493426,2025-01-28 12:04:29.260000,HE,RAF,S,BHZ
smi:fi.isuh/event/1493426,2025-01-28 12:04:47.030000,UP,AAL,S,BHZ
smi:fi.isuh/event/1493426,2025-01-28 12:04:31.290000,HE,ECKF,P,BHZ
smi:fi.isuh/event/1493426,2025-01-28 12:04:52.520000,HE,ECKF,S,BHZ
smi:fi.isuh/event/1493426,2025-01-28 12:04:32.930000,HE,KPF,P,BHZ
smi:fi.isuh/event/1493426,2025-01-28 12:04:53.580000,HE,KPF,S,BHZ
smi:fi.isuh/event/1493426,2025-01-28 12:05:03.260000,HE,PVF,S,BHZ
smi:fi.isuh/event/1493426,2025-01-28 12:04:45.400000,HE,FIA0,P,SHZ
smi:fi.isuh/event/1493426,2025-01-28 12:05:14.600000,HE,FIA0,S,SHZ
smi:fi.isuh/event/1493426,2025-01-28 12:05:15.160000,HE,KEF,S,BHZ
smi:fi.isuh/event/1493426,2025-01-28 12:05:27.360000,HE,KAF,S,BHZ
smi:fi.isuh/event/1493464,2025-01-28 12:09:43.230000,HE,VRF,P,BHZ
smi:fi.isuh/event/1493464,2025-01-28 12:10:03.480000,HE,VRF,S,BHZ
smi:fi.isuh/event/1493464,2025-01-28 12:09:52.330000,FN,RAJF,P,BHZ
smi:fi.isuh/event/1493464,2025-01-28 12:10:21.120000,FN,RAJF,S,BHZ
smi:fi.isuh/event/1493464,2025-01-28 12:09:53.400000,FN,OLKF,P,BHZ
smi:fi.isuh/event/1493464,2025-01-28 12:10:21.720000,FN,OLKF,S,BHZ
smi:fi.isuh/event/1493464,2025-01-28 12:10:23.040000,HE,KU6,S,BHZ
smi:fi.isuh/event/1493464,2025-01-28 12:10:06.680000,HE,KEV,P,BHZ
smi:fi.isuh/event/1493464,2025-01-28 12:10:10.120000,FN,RANF,P,BHZ
smi:fi.isuh/event/1493464,2025-01-28 12:10:52.160000,FN,RANF,S,BHZ
smi:fi.isuh/event/1493432,2025-01-28 12:33:43.298520,HE,PVF,P,CZ
smi:fi.isuh/event/1493432,2025-01-28 12:33:44.680980,HE,PVF,S,CZ
smi:fi.isuh/event/1493432,2025-01-28 12:33:43.306200,HE,LOVF,P,CZ
smi:fi.isuh/event/1493432,2025-01-28 12:33:45.054970,HE,LOVF,S,CZ
smi:fi.isuh/event/1493432,2025-01-28 12:33:57.500120,HE,VUOS,S,BHZ
smi:fi.isuh/event/1493432,2025-01-28 12:33:51.941840,HE,KY02,P,CZ
smi:fi.isuh/event/1493432,2025-01-28 12:34:00.263390,HE,KY02,S,CZ
smi:fi.isuh/event/1493432,2025-01-28 12:33:53.720740,HE,LAUT,P,BHZ
smi:fi.isuh/event/1493432,2025-01-28 12:34:02.171440,HE,LAUT,S,BHZ
smi:fi.isuh/event/1493432,2025-01-28 12:33:53.127490,HE,KY17,P,CZ
smi:fi.isuh/event/1493432,2025-01-28 12:34:02.455870,HE,KY17,S,CZ
smi:fi.isuh/event/1493432,2025-01-28 12:33:53.349280,HE,NUR,P,SHZ
smi:fi.isuh/event/1493432,2025-01-28 12:34:01.707120,HE,NUR,S,SHZ
smi:fi.isuh/event/1493432,2025-01-28 12:33:54.306010,HE,HEL5,P,BHZ
smi:fi.isuh/event/1493432,2025-01-28 12:34:03.814720,HE,HEL5,S,BHZ
smi:fi.isuh/event/1493432,2025-01-28 12:33:54.742250,HE,VJF,P,?HZ
smi:fi.isuh/event/1493432,2025-01-28 12:34:03.814720,HE,VJF,S,?HE
smi:fi.isuh/event/1493432,2025-01-28 12:34:04.430000,HE,VJF,S,?HZ
smi:fi.isuh/event/1493432,2025-01-28 12:33:56.655700,HE,MEF,P,BHZ
smi:fi.isuh/event/1493432,2025-01-28 12:34:07.133450,HE,MEF,S,BHZ
smi:fi.isuh/event/1493432,2025-01-28 12:33:58.652940,HE,FIA0,P,?HZ
smi:fi.isuh/event/1493432,2025-01-28 12:34:10.556700,HE,FIA0,S,?HZ
smi:fi.isuh/event/1493432,2025-01-28 12:33:58.535460,HE,FIA1,P,?HZ
smi:fi.isuh/event/1493432,2025-01-28 12:34:10.818020,HE,FIA1,S,?HZ
smi:fi.isuh/event/1493432,2025-01-28 12:34:10.292360,HE,KAF,P,?HZ
smi:fi.isuh/event/1493432,2025-01-28 12:34:31.531530,HE,KAF,S,?HZ
smi:fi.isuh/event/1493432,2025-01-28 12:34:11.770640,HE,RUF,P,BHZ
smi:fi.isuh/event/1493432,2025-01-28 12:34:33.035110,HE,RUF,S,BHZ
smi:fi.isuh/event/1493432,2025-01-28 12:34:12.723040,HE,KEF,P,?HZ
smi:fi.isuh/event/1493432,2025-01-28 12:34:36.100360,HE,KEF,S,?HZ
smi:fi.isuh/event/1493427,2025-01-28 13:36:09.060000,HE,TOF,P,BHZ
smi:fi.isuh/event/1493427,2025-01-28 13:36:23.120000,HE,TOF,S,BHZ
smi:fi.isuh/event/1493427,2025-01-28 13:36:18.360000,HE,OBF3,P,BHZ
smi:fi.isuh/event/1493427,2025-01-28 13:36:43.040000,HE,OBF3,S,BHZ
smi:fi.isuh/event/1493427,2025-01-28 13:36:19.180000,FN,KLF,P,BHZ
smi:fi.isuh/event/1493427,2025-01-28 13:36:40.440000,FN,KLF,S,BHZ
smi:fi.isuh/event/1493427,2025-01-28 13:36:19.880000,HE,OBF8,P,BHZ
smi:fi.isuh/event/1493427,2025-01-28 13:36:42.820000,HE,OBF8,S,BHZ
smi:fi.isuh/event/1493427,2025-01-28 13:36:20.580000,HE,OBF0,P,BHZ
smi:fi.isuh/event/1493427,2025-01-28 13:36:44.980000,HE,OBF0,S,BHZ
smi:fi.isuh/event/1493427,2025-01-28 13:36:24.380000,HE,OUF,P,BHZ
smi:fi.isuh/event/1493427,2025-01-28 13:36:50.900000,HE,OUF,S,BHZ
smi:fi.isuh/event/1493427,2025-01-28 13:36:25.320000,FN,RANF,P,BHZ
smi:fi.isuh/event/1493427,2025-01-28 13:36:52.480000,FN,RANF,S,BHZ
smi:fi.isuh/event/1493427,2025-01-28 13:36:34.280000,HE,KU2,P,BHZ
smi:fi.isuh/event/1493427,2025-01-28 13:37:07.260000,HE,KU2,S,BHZ
smi:fi.isuh/event/1493427,2025-01-28 13:36:34.030000,HE,HEF,P,BHZ
smi:fi.isuh/event/1493427,2025-01-28 13:37:08.560000,HE,HEF,S,BHZ
smi:fi.isuh/event/1493427,2025-01-28 13:36:37.380000,HE,VAF,P,BHZ
smi:fi.isuh/event/1493427,2025-01-28 13:36:39.640000,FN,OLKF,P,BHZ
smi:fi.isuh/event/1493427,2025-01-28 13:37:18.600000,FN,OLKF,S,BHZ
smi:fi.isuh/event/1493427,2025-01-28 13:36:41.880000,HE,KU1,P,BHZ
smi:fi.isuh/event/1493427,2025-01-28 13:37:21.460000,HE,KU1,S,BHZ
smi:fi.isuh/event/1493427,2025-01-28 13:37:27.600000,HE,KIF,S,BHZ
smi:fi.isuh/event/1493427,2025-01-28 13:36:43.480000,HE,KU6,P,BHZ
smi:fi.isuh/event/1493427,2025-01-28 13:37:23.160000,HE,KU6,S,BHZ
smi:fi.isuh/event/1493427,2025-01-28 13:36:54.580000,HE,NIF,P,BHZ
smi:fi.isuh/event/1493427,2025-01-28 13:36:50.590000,HE,SUF,P,BHZ
smi:fi.isuh/event/1493433,2025-01-28 15:30:48.920960,HE,HEL1,P,BHZ
smi:fi.isuh/event/1493433,2025-01-28 15:30:50.448400,HE,HEL1,S,BHZ
smi:fi.isuh/event/1493433,2025-01-28 15:30:48.965950,HE,HEL5,P,BHZ
smi:fi.isuh/event/1493433,2025-01-28 15:30:50.505720,HE,HEL5,S,BHZ
smi:fi.isuh/event/1493433,2025-01-28 15:30:48.941300,HE,LAUT,P,BHZ
smi:fi.isuh/event/1493433,2025-01-28 15:30:50.614940,HE,LAUT,S,BHZ
smi:fi.isuh/event/1493433,2025-01-28 15:30:48.965950,HE,KUNI,P,BHZ
smi:fi.isuh/event/1493433,2025-01-28 15:30:50.683720,HE,KUNI,S,BHZ
smi:fi.isuh/event/1493433,2025-01-28 15:30:49.491320,HE,MEF,P,BHZ
smi:fi.isuh/event/1493433,2025-01-28 15:30:51.597330,HE,MEF,S,BHZ
smi:fi.isuh/event/1493433,2025-01-28 15:30:51.184650,HE,VUOS,P,BHZ
smi:fi.isuh/event/1493433,2025-01-28 15:30:54.396550,HE,VUOS,S,BHZ
smi:fi.isuh/event/1493433,2025-01-28 15:30:51.963290,HE,NUR,P,SHZ
smi:fi.isuh/event/1493433,2025-01-28 15:30:55.749230,HE,NUR,S,SHZ
smi:fi.isuh/event/1493506,2025-01-28 20:05:36.920000,HE,VRF,P,BHZ
smi:fi.isuh/event/1493506,2025-01-28 20:05:57.920000,HE,VRF,S,BHZ
smi:fi.isuh/event/1493506,2025-01-28 20:05:47.020000,FN,RAJF,P,BHZ
smi:fi.isuh/event/1493506,2025-01-28 20:06:15.160000,FN,RAJF,S,BHZ
smi:fi.isuh/event/1493506,2025-01-28 20:05:47.460000,FN,OLKF,P,BHZ
smi:fi.isuh/event/1493506,2025-01-28 20:06:15.320000,FN,OLKF,S,BHZ
smi:fi.isuh/event/1493506,2025-01-28 20:05:48.800000,HE,KU6,P,BHZ
smi:fi.isuh/event/1493506,2025-01-28 20:06:16.840000,HE,KU6,S,BHZ
smi:fi.isuh/event/1493506,2025-01-28 20:06:00.510000,HE,KEV,P,BHZ
smi:fi.isuh/event/1493507,2025-01-28 20:07:10.980000,HE,VRF,P,BHZ
smi:fi.isuh/event/1493507,2025-01-28 20:07:31.320000,HE,VRF,S,BHZ
smi:fi.isuh/event/1493507,2025-01-28 20:07:48.600000,FN,RAJF,S,BHZ
smi:fi.isuh/event/1493507,2025-01-28 20:07:21.380000,FN,OLKF,P,BHZ
smi:fi.isuh/event/1493507,2025-01-28 20:07:49.560000,FN,OLKF,S,BHZ
smi:fi.isuh/event/1493507,2025-01-28 20:07:34.310000,HE,KEV,P,BHZ
smi:fi.isuh/event/1493507,2025-01-28 20:08:13.040000,HE,KEV,S,BHZ
smi:fi.isuh/event/1493508,2025-01-28 20:13:37.100000,HE,VRF,P,BHZ
smi:fi.isuh/event/1493508,2025-01-28 20:13:55.580000,HE,VRF,S,BHZ
smi:fi.isuh/event/1493508,2025-01-28 20:13:46.520000,FN,OLKF,P,BHZ
smi:fi.isuh/event/1493508,2025-01-28 20:14:15.640000,FN,OLKF,S,BHZ
smi:fi.isuh/event/1493508,2025-01-28 20:13:47.680000,HE,KU6,P,BHZ
smi:fi.isuh/event/1493508,2025-01-28 20:14:15.960000,HE,KU6,S,BHZ
smi:fi.isuh/event/1493508,2025-01-28 20:14:13.800000,FN,RAJF,S,BHZ
smi:fi.isuh/event/1493508,2025-01-28 20:14:03.520000,FN,RANF,P,BHZ
smi:fi.isuh/event/1493508,2025-01-28 20:14:46.640000,FN,RANF,S,BHZ
smi:fi.isuh/event/1493508,2025-01-28 20:13:59.840000,HE,KEV,P,BHZ
smi:fi.isuh/event/1493508,2025-01-28 20:14:38.480000,HE,KEV,S,BHZ
smi:fi.isuh/event/1493508,2025-01-28 20:14:54.680000,HE,HEF,S,BHZ
smi:fi.isuh/event/1493493,2025-01-28 20:24:19.360000,HE,KIF,S,BHZ
smi:fi.isuh/event/1493493,2025-01-28 20:24:07.020000,HE,HEF,P,BHZ
smi:fi.isuh/event/1493493,2025-01-28 20:24:27.880000,HE,HEF,S,BHZ
smi:fi.isuh/event/1493493,2025-01-28 20:24:08.960000,FN,KLF,P,BHZ
smi:fi.isuh/event/1493493,2025-01-28 20:24:29.960000,FN,KLF,S,BHZ
smi:fi.isuh/event/1493493,2025-01-28 20:24:22.080000,HE,TOF,P,BHZ
smi:fi.isuh/event/1493493,2025-01-28 20:24:53.340000,HE,TOF,S,BHZ
smi:fi.isuh/event/1493493,2025-01-28 20:25:19.040000,FN,RAJF,S,BHZ
smi:fi.isuh/event/1493493,2025-01-28 20:25:10.500000,HE,KEV,S,BHZ
smi:fi.isuh/event/1493493,2025-01-28 20:25:31.330000,HE,VRF,S,BHZ
smi:fi.isuh/event/1493648,2025-01-29 04:45:17.060600,HE,HEF,P,BHZ
smi:fi.isuh/event/1493648,2025-01-29 04:45:27.415330,HE,HEF,S,BHZ
smi:fi.isuh/event/1493648,2025-01-29 04:45:18.421380,FN,KLF,P,BHZ
smi:fi.isuh/event/1493648,2025-01-29 04:45:29.490860,FN,KLF,S,BHZ
smi:fi.isuh/event/1493648,2025-01-29 04:45:25.109190,FN,RAJF,P,?HZ
smi:fi.isuh/event/1493648,2025-01-29 04:45:40.790950,FN,RAJF,S,?HZ
smi:fi.isuh/event/1493648,2025-01-29 04:45:27.645940,FN,KMNF,P,?HZ
smi:fi.isuh/event/1493648,2025-01-29 04:45:45.172620,FN,KMNF,S,?HZ
smi:fi.isuh/event/1493648,2025-01-29 04:45:31.566390,HE,VRF,P,BHZ
smi:fi.isuh/event/1493648,2025-01-29 04:45:52.552280,HE,VRF,S,BHZ
smi:fi.isuh/event/1493648,2025-01-29 04:45:36.178670,HE,TOF,P,BHZ
smi:fi.isuh/event/1493648,2025-01-29 04:46:00.393160,HE,TOF,S,BHZ
smi:fi.isuh/event/1493648,2025-01-29 04:45:36.981390,HE,KEV,P,?HZ
smi:fi.isuh/event/1493648,2025-01-29 04:46:01.887300,HE,KEV,S,?HZ
smi:fi.isuh/event/1493648,2025-01-29 04:45:37.817560,FN,RANF,P,?HZ
smi:fi.isuh/event/1493648,2025-01-29 04:46:03.160530,FN,RANF,S,?HZ
smi:fi.isuh/event/1493656,2025-01-29 08:24:55.541150,HE,VJF,P,?HZ
smi:fi.isuh/event/1493656,2025-01-29 08:25:14.511900,HE,VJF,S,?HZ
smi:fi.isuh/event/1493656,2025-01-29 08:24:59.705460,HE,LOVF,P,CZ
smi:fi.isuh/event/1493656,2025-01-29 08:25:21.452420,HE,LOVF,S,CZ
smi:fi.isuh/event/1493656,2025-01-29 08:25:03.407070,HE,PVF,P,CZ
smi:fi.isuh/event/1493656,2025-01-29 08:25:27.698890,HE,PVF,S,CZ
smi:fi.isuh/event/1493656,2025-01-29 08:25:03.175720,HE,KY17,P,CZ
smi:fi.isuh/event/1493656,2025-01-29 08:25:28.058400,HE,KY17,S,CZ
smi:fi.isuh/event/1493656,2025-01-29 08:25:04.563820,HE,VUOS,P,BHZ
smi:fi.isuh/event/1493656,2025-01-29 08:25:29.549690,HE,VUOS,S,BHZ
smi:fi.isuh/event/1493656,2025-01-29 08:25:05.951930,HE,LAUT,P,BHZ
smi:fi.isuh/event/1493656,2025-01-29 08:25:32.325900,HE,LAUT,S,BHZ
smi:fi.isuh/event/1493656,2025-01-29 08:25:32.325900,HE,HEL1,S,BHZ
smi:fi.isuh/event/1493656,2025-01-29 08:25:08.265430,HE,RUF,P,BHZ
smi:fi.isuh/event/1493656,2025-01-29 08:25:36.952910,HE,RUF,S,BHZ
smi:fi.isuh/event/1493656,2025-01-29 08:25:09.190830,HE,MEF,P,BHZ
smi:fi.isuh/event/1493656,2025-01-29 08:25:39.729120,HE,MEF,S,BHZ
smi:fi.isuh/event/1493656,2025-01-29 08:25:12.661090,HE,FIA0,P,?HZ
smi:fi.isuh/event/1493656,2025-01-29 08:25:44.124780,HE,FIA0,S,?HZ
smi:fi.isuh/event/1493656,2025-01-29 08:25:12.661090,HE,FIA1,P,?HZ
smi:fi.isuh/event/1493656,2025-01-29 08:25:44.124780,HE,FIA1,S,?HZ
smi:fi.isuh/event/1493655,2025-01-29 09:02:25.330000,HE,TOF,P,BHZ
smi:fi.isuh/event/1493655,2025-01-29 09:02:39.720000,HE,TOF,S,BHZ
smi:fi.isuh/event/1493655,2025-01-29 09:02:33.990000,HE,OBF3,P,BHZ
smi:fi.isuh/event/1493655,2025-01-29 09:02:36.120000,FN,KLF,P,BHZ
smi:fi.isuh/event/1493655,2025-01-29 09:02:59.640000,FN,KLF,S,BHZ
smi:fi.isuh/event/1493655,2025-01-29 09:02:42.040000,FN,RANF,P,BHZ
smi:fi.isuh/event/1493655,2025-01-29 09:03:08.360000,FN,RANF,S,BHZ
smi:fi.isuh/event/1493655,2025-01-29 09:03:28.680000,HE,HEF,S,BHZ
smi:fi.isuh/event/1493655,2025-01-29 09:03:41.000000,FN,OLKF,S,BHZ
smi:fi.isuh/event/1493655,2025-01-29 09:02:58.390000,HE,KU1,P,BHZ
smi:fi.isuh/event/1493657,2025-01-29 10:16:36.460000,HE,NIF,P,BHZ
smi:fi.isuh/event/1493657,2025-01-29 10:16:40.520000,HE,NIF,S,BHZ
smi:fi.isuh/event/1493657,2025-01-29 10:16:49.170000,HE,SUF,P,BHZ
smi:fi.isuh/event/1493657,2025-01-29 10:16:54.780000,HE,RMF,P,BHZ
smi:fi.isuh/event/1493657,2025-01-29 10:16:55.230000,HE,OUF,P,BHZ
smi:fi.isuh/event/1493657,2025-01-29 10:17:12.980000,HE,OUF,S,BHZ
smi:fi.isuh/event/1493657,2025-01-29 10:16:59.180000,HE,KAF,P,BHZ
smi:fi.isuh/event/1493657,2025-01-29 10:17:01.140000,HE,OBF3,P,BHZ
smi:fi.isuh/event/1493657,2025-01-29 10:17:23.480000,HE,OBF3,S,BHZ
smi:fi.isuh/event/1493657,2025-01-29 10:17:03.680000,HE,KEF,P,BHZ
smi:fi.isuh/event/1493657,2025-01-29 10:17:05.930000,HE,JOF,P,BHZ
smi:fi.isuh/event/1493657,2025-01-29 10:17:30.500000,HE,JOF,S,BHZ
smi:fi.isuh/event/1493657,2025-01-29 10:17:09.280000,HE,KU2,P,BHZ
smi:fi.isuh/event/1493657,2025-01-29 10:17:35.940000,HE,KU2,S,BHZ
smi:fi.isuh/event/1493657,2025-01-29 10:17:10.680000,HE,VAF,P,BHZ
smi:fi.isuh/event/1493657,2025-01-29 10:17:36.600000,HE,VAF,S,BHZ
smi:fi.isuh/event/1493657,2025-01-29 10:17:37.780000,HE,KU1,S,BHZ
smi:fi.isuh/event/1493657,2025-01-29 10:17:42.200000,HE,RUF,S,BHZ
smi:fi.isuh/event/1493657,2025-01-29 10:17:43.120000,FN,RANF,S,BHZ
smi:fi.isuh/event/1493658,2025-01-29 10:26:41.045060,HE,FIA1,P,?HZ
smi:fi.isuh/event/1493658,2025-01-29 10:26:45.269690,HE,FIA1,S,?HZ
smi:fi.isuh/event/1493658,2025-01-29 10:26:41.045060,HE,FIA0,P,?HZ
smi:fi.isuh/event/1493658,2025-01-29 10:26:45.269690,HE,FIA0,S,?HZ
smi:fi.isuh/event/1493658,2025-01-29 10:26:42.415210,HE,KY02,P,CZ
smi:fi.isuh/event/1493658,2025-01-29 10:26:47.489520,HE,KY02,S,CZ
smi:fi.isuh/event/1493658,2025-01-29 10:26:43.443530,HE,KY17,P,CZ
smi:fi.isuh/event/1493658,2025-01-29 10:26:49.307580,HE,KY17,S,CN
smi:fi.isuh/event/1493658,2025-01-29 10:26:49.947210,HE,KAF,P,?HZ
smi:fi.isuh/event/1493658,2025-01-29 10:27:00.457250,HE,KAF,S,?HZ
smi:fi.isuh/event/1493658,2025-01-29 10:26:51.684900,HE,PVF,P,CZ
smi:fi.isuh/event/1493658,2025-01-29 10:27:03.316280,HE,PVF,S,CZ
smi:fi.isuh/event/1493658,2025-01-29 10:26:51.684900,HE,VJF,P,?HZ
smi:fi.isuh/event/1493658,2025-01-29 10:27:03.622600,HE,VJF,S,?HZ
smi:fi.isuh/event/1493658,2025-01-29 10:26:52.108810,HE,LOVF,P,CZ
smi:fi.isuh/event/1493658,2025-01-29 10:27:04.363910,HE,LOVF,S,CZ
smi:fi.isuh/event/1493658,2025-01-29 10:26:55.052330,HE,RUF,P,BHZ
smi:fi.isuh/event/1493658,2025-01-29 10:27:09.207450,HE,RUF,S,BHZ
smi:fi.isuh/event/1493658,2025-01-29 10:26:56.908740,HE,KEF,P,?HZ
smi:fi.isuh/event/1493658,2025-01-29 10:27:12.688210,HE,KEF,S,?HZ
smi:fi.isuh/event/1493658,2025-01-29 10:26:57.604900,HE,TRE03,P,CZ
smi:fi.isuh/event/1493658,2025-01-29 10:27:13.152320,HE,TRE03,S,CZ
smi:fi.isuh/event/1493658,2025-01-29 10:27:00.621560,HE,VUOS,P,BHZ
smi:fi.isuh/event/1493658,2025-01-29 10:27:18.025390,HE,VUOS,S,BHZ
smi:fi.isuh/event/1493658,2025-01-29 10:27:00.841400,HE,SUF,P,BHZ
smi:fi.isuh/event/1493658,2025-01-29 10:27:19.069620,HE,SUF,S,BHZ
smi:fi.isuh/event/1493658,2025-01-29 10:27:12.840880,HE,NIF,P,BHZ
smi:fi.isuh/event/1493658,2025-01-29 10:27:40.687000,HE,NIF,S,BHZ
smi:fi.isuh/event/1493658,2025-01-29 10:27:13.665270,HE,ALAJF,P,?HZ
smi:fi.isuh/event/1493658,2025-01-29 10:27:41.877790,HE,ALAJF,S,?HZ
smi:fi.isuh/event/1493658,2025-01-29 10:27:14.212020,HE,KPF,P,BHZ
smi:fi.isuh/event/1493658,2025-01-29 10:27:45.407410,HE,KPF,S,BHZ
smi:fi.isuh/event/1493658,2025-01-29 10:27:17.561290,HE,RAF,P,BHZ
smi:fi.isuh/event/1493658,2025-01-29 10:27:49.584330,HE,RAF,S,BHZ
smi:fi.isuh/event/1493659,2025-01-29 10:30:25.440000,HE,KPF,P,BHZ
smi:fi.isuh/event/1493659,2025-01-29 10:30:29.820000,HE,KPF,S,BHZ
smi:fi.isuh/event/1493659,2025-01-29 10:30:26.480000,HE,RAF,P,BHZ
smi:fi.isuh/event/1493659,2025-01-29 10:30:32.720000,HE,RAF,S,BHZ
smi:fi.isuh/event/1493659,2025-01-29 10:30:39.470000,HE,TRE03,P,BHZ
smi:fi.isuh/event/1493659,2025-01-29 10:30:42.890000,HE,KORF,P,BHZ
smi:fi.isuh/event/1493659,2025-01-29 10:31:01.660000,HE,KORF,S,BHZ
smi:fi.isuh/event/1493659,2025-01-29 10:31:09.440000,UP,AAL,S,BHZ
smi:fi.isuh/event/1493659,2025-01-29 10:30:47.280000,HE,KEF,P,BHZ
smi:fi.isuh/event/1493659,2025-01-29 10:31:09.780000,HE,KEF,S,BHZ
smi:fi.isuh/event/1493659,2025-01-29 10:31:09.620000,HE,NUR,S,BHZ
smi:fi.isuh/event/1493659,2025-01-29 10:30:49.230000,HE,VAF,P,BHZ
smi:fi.isuh/event/1493659,2025-01-29 10:31:09.840000,HE,VAF,S,BHZ
smi:fi.isuh/event/1493659,2025-01-29 10:30:54.600000,HE,FIA0,P,SHZ
smi:fi.isuh/event/1493659,2025-01-29 10:31:31.320000,HE,SUF,S,BHZ
smi:fi.isuh/event/1493777,2025-01-29 11:16:21.768490,HE,KIF,P,BHN
smi:fi.isuh/event/1493777,2025-01-29 11:16:29.220890,HE,KIF,S,BHZ
smi:fi.isuh/event/1493777,2025-01-29 11:16:42.961730,HE,HEF,P,BHZ
smi:fi.isuh/event/1493777,2025-01-29 11:17:06.057540,HE,HEF,S,BHZ
smi:fi.isuh/event/1493777,2025-01-29 11:16:57.041150,FN,KLF,P,BHZ
smi:fi.isuh/event/1493777,2025-01-29 11:17:30.609840,FN,KLF,S,BHZ
smi:fi.isuh/event/1493780,2025-01-29 11:32:18.224270,HE,VJF,P,?HZ
smi:fi.isuh/event/1493780,2025-01-29 11:32:35.482130,HE,VJF,S,?HZ
smi:fi.isuh/event/1493780,2025-01-29 11:32:20.127550,HE,LOVF,P,CZ
smi:fi.isuh/event/1493780,2025-01-29 11:32:38.912800,HE,LOVF,S,CZ
smi:fi.isuh/event/1493780,2025-01-29 11:32:23.981200,HE,PVF,P,CZ
smi:fi.isuh/event/1493780,2025-01-29 11:32:45.115820,HE,PVF,S,CZ
smi:fi.isuh/event/1493780,2025-01-29 11:32:25.428870,HE,KY17,P,CZ
smi:fi.isuh/event/1493780,2025-01-29 11:32:47.948180,HE,KY17,S,CZ
smi:fi.isuh/event/1493780,2025-01-29 11:32:25.693550,HE,LAUT,P,BHZ
smi:fi.isuh/event/1493780,2025-01-29 11:32:48.189460,HE,LAUT,S,BHZ
smi:fi.isuh/event/1493780,2025-01-29 11:32:26.389300,HE,HEL5,P,BHZ
smi:fi.isuh/event/1493780,2025-01-29 11:32:49.580960,HE,HEL5,S,BHZ
smi:fi.isuh/event/1493780,2025-01-29 11:32:26.635260,HE,KUNI,P,BHZ
smi:fi.isuh/event/1493780,2025-01-29 11:32:49.349190,HE,KUNI,S,BHZ
smi:fi.isuh/event/1493780,2025-01-29 11:32:29.771880,HE,MEF,P,BHZ
smi:fi.isuh/event/1493780,2025-01-29 11:32:55.106110,HE,MEF,S,BHZ
smi:fi.isuh/event/1493780,2025-01-29 11:32:31.219550,HE,NUR,P,SHZ
smi:fi.isuh/event/1493780,2025-01-29 11:32:56.312500,HE,NUR,S,SHZ
smi:fi.isuh/event/1493780,2025-01-29 11:32:33.471480,HE,RUF,P,BHZ
smi:fi.isuh/event/1493780,2025-01-29 11:33:03.631280,HE,RUF,S,BHZ
smi:fi.isuh/event/1493780,2025-01-29 11:32:34.597450,HE,FIA0,P,?HZ
smi:fi.isuh/event/1493780,2025-01-29 11:33:04.113840,HE,FIA0,S,?HZ
smi:fi.isuh/event/1493780,2025-01-29 11:32:34.597450,HE,FIA1,P,?HZ
smi:fi.isuh/event/1493780,2025-01-29 11:33:04.113840,HE,FIA1,S,?HZ
smi:fi.isuh/event/1493780,2025-01-29 11:32:36.205970,HE,TVF,P,BHZ
smi:fi.isuh/event/1493780,2025-01-29 11:33:07.089600,HE,TVF,S,BHZ
smi:fi.isuh/event/1493660,2025-01-29 11:56:58.880000,HE,VAF,P,BHZ
smi:fi.isuh/event/1493660,2025-01-29 11:57:06.520000,HE,VAF,S,BHZ
smi:fi.isuh/event/1493660,2025-01-29 11:56:59.480000,HE,KPF,P,BHZ
smi:fi.isuh/event/1493660,2025-01-29 11:57:07.880000,HE,KPF,S,BHZ
smi:fi.isuh/event/1493660,2025-01-29 11:57:09.980000,HE,KEF,P,BHZ
smi:fi.isuh/event/1493660,2025-01-29 11:57:26.040000,HE,KEF,S,BHZ
smi:fi.isuh/event/1493660,2025-01-29 11:57:10.180000,HE,TRE03,P,BHZ
smi:fi.isuh/event/1493660,2025-01-29 11:57:14.880000,HE,RAF,P,BHZ
smi:fi.isuh/event/1493660,2025-01-29 11:57:34.160000,HE,RAF,S,BHZ
smi:fi.isuh/event/1493660,2025-01-29 11:57:19.680000,HE,SUF,P,BHZ
smi:fi.isuh/event/1493660,2025-01-29 11:57:43.260000,HE,SUF,S,BHZ
smi:fi.isuh/event/1493660,2025-01-29 11:57:21.830000,HE,KAF,P,BHZ
smi:fi.isuh/event/1493660,2025-01-29 11:57:46.080000,HE,KAF,S,BHZ
smi:fi.isuh/event/1493660,2025-01-29 11:57:23.900000,HE,FIA0,P,SHZ
smi:fi.isuh/event/1493660,2025-01-29 11:57:50.800000,HE,FIA0,S,SHZ
smi:fi.isuh/event/1493660,2025-01-29 11:57:26.880000,HE,OUF,P,BHZ
smi:fi.isuh/event/1493660,2025-01-29 11:57:55.120000,HE,OUF,S,BHZ
smi:fi.isuh/event/1493660,2025-01-29 11:57:28.000000,HE,NUR,P,BHZ
smi:fi.isuh/event/1493660,2025-01-29 11:57:30.180000,HE,KORF,P,BHZ
smi:fi.isuh/event/1493660,2025-01-29 11:58:02.300000,HE,KORF,S,BHZ
smi:fi.isuh/event/1493660,2025-01-29 11:58:03.240000,HE,MEF,S,BHZ
smi:fi.isuh/event/1493660,2025-01-29 11:58:05.800000,UP,AAL,S,BHZ
smi:fi.isuh/event/1493660,2025-01-29 11:58:06.020000,HE,PVF,S,BHZ
smi:fi.isuh/event/1493660,2025-01-29 11:58:08.400000,HE,HEL5,S,BHZ
smi:fi.isuh/event/1493660,2025-01-29 11:57:31.870000,HE,NIF,P,BHZ
smi:fi.isuh/event/1493660,2025-01-29 11:58:55.840000,HE,JOF,S,BHZ
smi:fi.isuh/event/1493667,2025-01-29 12:03:51.720000,HE,VRF,P,BHZ
smi:fi.isuh/event/1493667,2025-01-29 12:03:57.740000,HE,VRF,S,BHZ
smi:fi.isuh/event/1493667,2025-01-29 12:04:07.080000,FN,RAJF,P,BHZ
smi:fi.isuh/event/1493667,2025-01-29 12:04:24.040000,FN,RAJF,S,BHZ
smi:fi.isuh/event/1493667,2025-01-29 12:04:09.220000,FN,OLKF,P,BHZ
smi:fi.isuh/event/1493667,2025-01-29 12:04:27.000000,FN,OLKF,S,BHZ
smi:fi.isuh/event/1493667,2025-01-29 12:04:13.160000,HE,KU6,P,BHZ
smi:fi.isuh/event/1493667,2025-01-29 12:04:33.600000,HE,KU6,S,BHZ
smi:fi.isuh/event/1493667,2025-01-29 12:04:21.580000,HE,KU1,P,BHZ
smi:fi.isuh/event/1493667,2025-01-29 12:04:22.140000,HE,KU2,P,BHZ
smi:fi.isuh/event/1493667,2025-01-29 12:04:22.720000,FN,RANF,P,BHZ
smi:fi.isuh/event/1493667,2025-01-29 12:04:50.760000,FN,RANF,S,BHZ
smi:fi.isuh/event/1493667,2025-01-29 12:04:27.680000,FN,KLF,P,BHZ
smi:fi.isuh/event/1493667,2025-01-29 12:05:02.640000,FN,KLF,S,BHZ
smi:fi.isuh/event/1493667,2025-01-29 12:04:27.980000,HE,KEV,P,BHZ
smi:fi.isuh/event/1493667,2025-01-29 12:05:00.040000,HE,KEV,S,BHZ
smi:fi.isuh/event/1493667,2025-01-29 12:04:29.580000,HE,HEF,P,BHZ
smi:fi.isuh/event/1493667,2025-01-29 12:05:06.440000,HE,HEF,S,BHZ
smi:fi.isuh/event/1493667,2025-01-29 12:04:31.280000,HE,TOF,P,BHZ
smi:fi.isuh/event/1493667,2025-01-29 12:05:12.240000,HE,TOF,S,BHZ
smi:fi.isuh/event/1493667,2025-01-29 12:04:38.980000,HE,RMF,P,BHZ
smi:fi.isuh/event/1493667,2025-01-29 12:04:42.680000,HE,OBF3,P,BHZ
smi:fi.isuh/event/1493667,2025-01-29 12:04:46.280000,HE,KIF,P,BHZ
smi:fi.isuh/event/1493667,2025-01-29 12:04:47.980000,HE,OUF,P,BHZ
smi:fi.isuh/event/1493781,2025-01-29 12:12:32.475310,HE,TOF,P,BHZ
smi:fi.isuh/event/1493781,2025-01-29 12:12:46.428910,HE,TOF,S,BHZ
smi:fi.isuh/event/1493781,2025-01-29 12:12:41.119740,HE,OBF3,P,BHZ
smi:fi.isuh/event/1493781,2025-01-29 12:13:02.577630,HE,OBF3,S,BHZ
smi:fi.isuh/event/1493781,2025-01-29 12:12:41.893990,FN,KLF,P,BHZ
smi:fi.isuh/event/1493781,2025-01-29 12:13:03.904920,FN,KLF,S,BHZ
smi:fi.isuh/event/1493781,2025-01-29 12:13:05.121600,HE,OBF0,S,BHZ
smi:fi.isuh/event/1493781,2025-01-29 12:12:46.871340,HE,OUF,P,BHZ
smi:fi.isuh/event/1493781,2025-01-29 12:13:11.979280,HE,OUF,S,BHZ
smi:fi.isuh/event/1493781,2025-01-29 12:12:48.641060,FN,RANF,P,?HZ
smi:fi.isuh/event/1493781,2025-01-29 12:13:16.182370,FN,RANF,S,?HZ
smi:fi.isuh/event/1494194,2025-01-29 12:55:18.131840,HE,FIA0,P,?HZ
smi:fi.isuh/event/1494194,2025-01-29 12:55:23.083030,HE,FIA0,S,?HZ
smi:fi.isuh/event/1494194,2025-01-29 12:55:18.131840,HE,FIA1,P,?HZ
smi:fi.isuh/event/1494194,2025-01-29 12:55:23.083030,HE,FIA1,S,?HZ
smi:fi.isuh/event/1494194,2025-01-29 12:55:19.672410,HE,KY02,P,CZ
smi:fi.isuh/event/1494194,2025-01-29 12:55:25.266790,HE,KY02,S,CZ
smi:fi.isuh/event/1494194,2025-01-29 12:55:21.217520,HE,PVF,P,CZ
smi:fi.isuh/event/1494194,2025-01-29 12:55:28.436940,HE,PVF,S,CZ
smi:fi.isuh/event/1494194,2025-01-29 12:55:22.229840,HE,KY17,P,CZ
smi:fi.isuh/event/1494194,2025-01-29 12:55:29.597270,HE,KY17,S,CZ
smi:fi.isuh/event/1494194,2025-01-29 12:55:23.790220,HE,LOVF,P,CZ
smi:fi.isuh/event/1494194,2025-01-29 12:55:32.323940,HE,LOVF,S,CZ
smi:fi.isuh/event/1494194,2025-01-29 12:55:29.051940,HE,VJF,P,?HZ
smi:fi.isuh/event/1494194,2025-01-29 12:55:41.594620,HE,VJF,S,?HZ
smi:fi.isuh/event/1494194,2025-01-29 12:55:29.098710,HE,VUOS,P,BHZ
smi:fi.isuh/event/1494194,2025-01-29 12:55:41.839080,HE,VUOS,S,BHZ
smi:fi.isuh/event/1494194,2025-01-29 12:55:29.364130,HE,TRE03,P,CZ
smi:fi.isuh/event/1494194,2025-01-29 12:55:42.139960,HE,TRE03,S,CZ
smi:fi.isuh/event/1494194,2025-01-29 12:55:30.779730,HE,KAF,P,?HZ
smi:fi.isuh/event/1494194,2025-01-29 12:55:44.212230,HE,KAF,S,?HZ
smi:fi.isuh/event/1494194,2025-01-29 12:55:32.163230,HE,MEF,P,BHZ
smi:fi.isuh/event/1494194,2025-01-29 12:55:47.158780,HE,MEF,S,BHZ
smi:fi.isuh/event/1494194,2025-01-29 12:55:33.433970,HE,KEF,P,?HZ
smi:fi.isuh/event/1494194,2025-01-29 12:55:48.902100,HE,KEF,S,?HZ
smi:fi.isuh/event/1494194,2025-01-29 12:55:38.830940,HE,RUF,P,BHZ
smi:fi.isuh/event/1494194,2025-01-29 12:55:58.263440,HE,RUF,S,BHZ
smi:fi.isuh/event/1494194,2025-01-29 12:55:41.139940,HE,SUF,P,BHZ
smi:fi.isuh/event/1494194,2025-01-29 12:56:02.517040,HE,SUF,S,BHZ
smi:fi.isuh/event/1494194,2025-01-29 12:55:43.648480,HE,TVF,P,BHZ
smi:fi.isuh/event/1494194,2025-01-29 12:56:06.945180,HE,TVF,S,BHN
smi:fi.isuh/event/1494194,2025-01-29 12:55:46.702350,HE,KPF,P,BHZ
smi:fi.isuh/event/1494194,2025-01-29 12:56:12.660260,HE,KPF,S,BHZ
smi:fi.isuh/event/1494194,2025-01-29 12:55:50.628760,HE,ALAJF,P,?HZ
smi:fi.isuh/event/1494194,2025-01-29 12:56:19.640530,HE,ALAJF,S,?HZ
smi:fi.isuh/event/1494194,2025-01-29 12:55:51.937560,HE,KORF,P,CZ
smi:fi.isuh/event/1494194,2025-01-29 12:56:23.894140,HE,KORF,S,CZ
smi:fi.isuh/event/1494194,2025-01-29 12:55:54.888610,HE,NIF,P,BHZ
smi:fi.isuh/event/1494194,2025-01-29 12:56:27.820550,HE,NIF,S,BHZ
smi:fi.isuh/event/1494196,2025-01-29 13:14:34.079660,HE,FIA1,P,?HZ
smi:fi.isuh/event/1494196,2025-01-29 13:14:40.000920,HE,FIA1,S,?HZ
smi:fi.isuh/event/1494196,2025-01-29 13:14:34.079660,HE,FIA0,P,?HZ
smi:fi.isuh/event/1494196,2025-01-29 13:14:40.000920,HE,FIA0,S,?HZ
smi:fi.isuh/event/1494196,2025-01-29 13:14:37.002110,HE,KAF,P,?HZ
smi:fi.isuh/event/1494196,2025-01-29 13:14:45.033220,HE,KAF,S,?HZ
smi:fi.isuh/event/1494196,2025-01-29 13:14:37.668510,HE,KY02,P,CZ
smi:fi.isuh/event/1494196,2025-01-29 13:14:45.856020,HE,KY02,S,CZ
smi:fi.isuh/event/1494196,2025-01-29 13:14:38.001710,HE,KY17,P,CZ
smi:fi.isuh/event/1494196,2025-01-29 13:14:46.524550,HE,KY17,S,CZ
smi:fi.isuh/event/1494196,2025-01-29 13:14:43.645590,HE,RUF,P,BHZ
smi:fi.isuh/event/1494196,2025-01-29 13:14:55.804450,HE,RUF,S,BHZ
smi:fi.isuh/event/1494196,2025-01-29 13:14:45.598890,HE,VJF,P,?HZ
smi:fi.isuh/event/1494196,2025-01-29 13:15:00.049360,HE,VJF,S,?HZ
smi:fi.isuh/event/1494196,2025-01-29 13:14:46.942610,HE,KEF,P,?HZ
smi:fi.isuh/event/1494196,2025-01-29 13:15:01.739030,HE,KEF,S,?HZ
smi:fi.isuh/event/1494196,2025-01-29 13:14:47.161910,HE,PVF,P,CZ
smi:fi.isuh/event/1494196,2025-01-29 13:15:02.557320,HE,PVF,S,CZ
smi:fi.isuh/event/1494196,2025-01-29 13:14:47.831140,HE,SUF,P,BHZ
smi:fi.isuh/event/1494196,2025-01-29 13:15:02.825190,HE,SUF,S,BHZ
smi:fi.isuh/event/1494196,2025-01-29 13:14:47.497380,HE,LOVF,P,CZ
smi:fi.isuh/event/1494196,2025-01-29 13:15:03.201460,HE,LOVF,S,CZ
smi:fi.isuh/event/1494196,2025-01-29 13:14:49.770000,HE,TRE03,P,CZ
smi:fi.isuh/event/1494196,2025-01-29 13:15:06.315010,HE,TRE03,S,CZ
smi:fi.isuh/event/1493652,2025-01-29 15:00:44.110000,HE,TVF,P,BHZ
smi:fi.isuh/event/1493652,2025-01-29 15:00:47.578740,HE,TVF,S,BHZ
smi:fi.isuh/event/1493652,2025-01-29 15:00:49.690110,HE,MEF,P,BHZ
smi:fi.isuh/event/1493652,2025-01-29 15:00:57.318610,HE,MEF,S,BHZ
smi:fi.isuh/event/1493652,2025-01-29 15:00:52.838720,HE,HEL5,P,BHZ
smi:fi.isuh/event/1493652,2025-01-29 15:01:02.164000,HE,HEL5,S,BHZ
smi:fi.isuh/event/1493652,2025-01-29 15:00:53.608180,HE,NUR,P,SHZ
smi:fi.isuh/event/1493652,2025-01-29 15:01:03.811850,HE,NUR,S,SHZ
smi:fi.isuh/event/1493652,2025-01-29 15:00:53.777960,HE,LAUT,P,BHZ
smi:fi.isuh/event/1493652,2025-01-29 15:01:04.275650,HE,LAUT,S,BHZ
smi:fi.isuh/event/1493652,2025-01-29 15:00:54.247580,HE,HEL1,P,BHZ
smi:fi.isuh/event/1493652,2025-01-29 15:01:04.507560,HE,HEL1,S,BHZ
smi:fi.isuh/event/1493652,2025-01-29 15:00:54.299490,HE,KUNI,P,BHZ
smi:fi.isuh/event/1493652,2025-01-29 15:01:05.293890,HE,KUNI,S,BHZ
smi:fi.isuh/event/1493652,2025-01-29 15:00:54.999590,HE,KORF,P,CZ
smi:fi.isuh/event/1493652,2025-01-29 15:01:06.130870,HE,KORF,S,CZ
smi:fi.isuh/event/1493652,2025-01-29 15:00:56.358660,HE,VUOS,P,BHZ
smi:fi.isuh/event/1493652,2025-01-29 15:01:08.981770,HE,VUOS,S,BHZ
smi:fi.isuh/event/1493652,2025-01-29 15:01:00.042000,HE,RAF,P,BHZ
smi:fi.isuh/event/1493652,2025-01-29 15:01:14.885120,HE,RAF,S,BHZ
smi:fi.isuh/event/1493652,2025-01-29 15:01:03.749590,HE,PVF,P,CZ
smi:fi.isuh/event/1493652,2025-01-29 15:01:21.485870,HE,PVF,S,CZ
smi:fi.isuh/event/1493652,2025-01-29 15:01:06.757500,HE,LOVF,P,CZ
smi:fi.isuh/event/1493652,2025-01-29 15:01:27.176190,HE,LOVF,S,CZ
smi:fi.isuh/event/1493652,2025-01-29 15:01:07.311230,HE,TRE03,P,CZ
smi:fi.isuh/event/1493652,2025-01-29 15:01:28.075990,HE,TRE03,S,CZ
smi:fi.isuh/event/1493652,2025-01-29 15:01:07.986080,UP,AAL,P,BHZ
smi:fi.isuh/event/1493652,2025-01-29 15:01:29.321030,UP,AAL,S,BHZ
smi:fi.isuh/event/1493652,2025-01-29 15:01:11.579920,HE,KPF,P,BHZ
smi:fi.isuh/event/1493652,2025-01-29 15:01:34.625690,HE,KPF,S,BHZ
smi:fi.isuh/event/1493652,2025-01-29 15:01:12.108820,HE,ECKF,P,CZ
smi:fi.isuh/event/1493652,2025-01-29 15:01:36.377640,HE,ECKF,S,CZ
smi:fi.isuh/event/1493652,2025-01-29 15:01:13.222800,HE,FIA0,P,?HZ
smi:fi.isuh/event/1493652,2025-01-29 15:01:37.730330,HE,FIA0,S,?HZ
smi:fi.isuh/event/1493652,2025-01-29 15:01:13.222800,HE,FIA1,P,?HZ
smi:fi.isuh/event/1493652,2025-01-29 15:01:37.730330,HE,FIA1,S,?HZ
smi:fi.isuh/event/1493652,2025-01-29 15:01:17.725950,HE,KEF,P,?HZ
smi:fi.isuh/event/1493652,2025-01-29 15:01:46.945550,HE,KEF,S,?HZ
smi:fi.isuh/event/1493652,2025-01-29 15:01:22.827780,HE,KAF,P,?HZ
smi:fi.isuh/event/1493652,2025-01-29 15:01:54.598300,HE,KAF,S,?HZ
smi:fi.isuh/event/1494275,2025-01-30 09:04:57.843100,HE,HEL5,P,BHZ
smi:fi.isuh/event/1494275,2025-01-30 09:04:59.186860,HE,HEL5,S,BHZ
smi:fi.isuh/event/1494275,2025-01-30 09:04:57.901530,HE,MEF,P,BHZ
smi:fi.isuh/event/1494275,2025-01-30 09:04:59.347530,HE,MEF,S,BHZ
smi:fi.isuh/event/1494275,2025-01-30 09:04:58.784390,HE,LAUT,P,BHZ
smi:fi.isuh/event/1494275,2025-01-30 09:05:00.884270,HE,LAUT,S,BHZ
smi:fi.isuh/event/1494275,2025-01-30 09:04:59.100980,HE,HEL1,P,BHZ
smi:fi.isuh/event/1494275,2025-01-30 09:05:01.408120,HE,HEL1,S,BHZ
smi:fi.isuh/event/1494275,2025-01-30 09:04:59.376830,HE,RSUO,P,BHZ
smi:fi.isuh/event/1494275,2025-01-30 09:05:01.737550,HE,RSUO,S,BHZ
smi:fi.isuh/event/1494275,2025-01-30 09:04:59.916140,HE,KUNI,P,BHZ
smi:fi.isuh/event/1494275,2025-01-30 09:05:02.915760,HE,KUNI,S,BHZ
smi:fi.isuh/event/1494275,2025-01-30 09:05:01.156590,HE,VUOS,P,BHZ
smi:fi.isuh/event/1494275,2025-01-30 09:05:05.091120,HE,VUOS,S,BHZ
smi:fi.isuh/event/1494275,2025-01-30 09:05:02.610520,HE,NUR,P,SHZ
smi:fi.isuh/event/1494275,2025-01-30 09:05:07.422960,HE,NUR,S,SHZ
smi:fi.isuh/event/1494275,2025-01-30 09:05:09.059680,HE,TVF,P,BHZ
smi:fi.isuh/event/1494275,2025-01-30 09:05:18.484110,HE,TVF,S,BHZ
smi:fi.isuh/event/1494275,2025-01-30 09:05:09.755390,HE,PVF,P,CZ
smi:fi.isuh/event/1494275,2025-01-30 09:05:19.594120,HE,PVF,S,CZ
smi:fi.isuh/event/1494275,2025-01-30 09:05:12.207590,HE,LOVF,P,CZ
smi:fi.isuh/event/1494275,2025-01-30 09:05:24.054710,HE,LOVF,S,CZ
smi:fi.isuh/event/1494246,2025-01-30 09:38:33.930000,HE,OUF,P,BHZ
smi:fi.isuh/event/1494246,2025-01-30 09:38:40.440000,HE,OUF,S,BHZ
smi:fi.isuh/event/1494246,2025-01-30 09:38:37.560000,HE,OBF0,P,BHZ
smi:fi.isuh/event/1494246,2025-01-30 09:38:47.140000,HE,OBF0,S,BHZ
smi:fi.isuh/event/1494246,2025-01-30 09:38:39.540000,HE,OBF8,P,BHZ
smi:fi.isuh/event/1494246,2025-01-30 09:38:42.580000,HE,OBF3,P,BHZ
smi:fi.isuh/event/1494246,2025-01-30 09:38:57.140000,HE,OBF3,S,BHZ
smi:fi.isuh/event/1494246,2025-01-30 09:38:49.080000,HE,VAF,P,BHZ
smi:fi.isuh/event/1494246,2025-01-30 09:39:07.040000,HE,VAF,S,BHZ
smi:fi.isuh/event/1494246,2025-01-30 09:38:50.180000,HE,SUF,P,BHZ
smi:fi.isuh/event/1494246,2025-01-30 09:38:49.550000,HE,KJNF,P,BHZ
smi:fi.isuh/event/1494246,2025-01-30 09:39:06.920000,HE,KJNF,S,BHZ
smi:fi.isuh/event/1494246,2025-01-30 09:38:51.780000,HE,NIF,P,BHZ
smi:fi.isuh/event/1494246,2025-01-30 09:39:11.700000,HE,NIF,S,BHZ
smi:fi.isuh/event/1494246,2025-01-30 09:38:56.880000,HE,KEF,P,BHZ
smi:fi.isuh/event/1494246,2025-01-30 09:39:19.960000,HE,KEF,S,BHZ
smi:fi.isuh/event/1494246,2025-01-30 09:38:59.980000,HE,KAF,P,BHZ
smi:fi.isuh/event/1494246,2025-01-30 09:39:25.860000,HE,KAF,S,BHZ
smi:fi.isuh/event/1494246,2025-01-30 09:39:33.000000,HE,TOF,S,BHZ
smi:fi.isuh/event/1494246,2025-01-30 09:39:36.600000,HE,TRE03,S,BHZ
smi:fi.isuh/event/1494246,2025-01-30 09:39:06.650000,HE,RMF,P,BHZ
smi:fi.isuh/event/1494246,2025-01-30 09:39:37.080000,HE,RMF,S,BHZ
smi:fi.isuh/event/1494246,2025-01-30 09:39:35.560000,FN,RANF,S,BHZ
smi:fi.isuh/event/1494246,2025-01-30 09:39:08.580000,HE,KPF,P,BHZ
smi:fi.isuh/event/1494246,2025-01-30 09:39:39.760000,HE,KPF,S,BHZ
smi:fi.isuh/event/1494246,2025-01-30 09:39:37.820000,HE,KU2,S,BHZ
smi:fi.isuh/event/1494246,2025-01-30 09:39:10.800000,HE,FIA0,P,SHZ
smi:fi.isuh/event/1493736,2025-01-30 09:56:27.040000,HE,JOF,P,BHZ
smi:fi.isuh/event/1493736,2025-01-30 09:56:36.840000,HE,JOF,S,BHZ
smi:fi.isuh/event/1493736,2025-01-30 09:56:49.880000,HE,RUF,P,BHZ
smi:fi.isuh/event/1493736,2025-01-30 09:57:15.320000,HE,RUF,S,BHZ
smi:fi.isuh/event/1493736,2025-01-30 09:56:50.950000,HE,RMF,P,BHZ
smi:fi.isuh/event/1493736,2025-01-30 09:57:19.760000,HE,RMF,S,BHZ
smi:fi.isuh/event/1493736,2025-01-30 09:56:55.540000,HE,NIF,P,BHZ
smi:fi.isuh/event/1493736,2025-01-30 09:57:26.160000,HE,NIF,S,BHZ
smi:fi.isuh/event/1493736,2025-01-30 09:57:41.160000,HE,KAF,S,BHZ
smi:fi.isuh/event/1493736,2025-01-30 09:57:43.100000,HE,SUF,S,BHZ
smi:fi.isuh/event/1493736,2025-01-30 09:57:08.800000,HE,FIA0,P,SHZ
smi:fi.isuh/event/1493736,2025-01-30 09:57:50.300000,HE,FIA0,S,SHZ
smi:fi.isuh/event/1493736,2025-01-30 09:57:06.370000,HE,KU1,P,BHZ
smi:fi.isuh/event/1493736,2025-01-30 09:57:59.880000,HE,KEF,S,BHZ
smi:fi.isuh/event/1493736,2025-01-30 09:57:11.280000,HE,KU6,P,BHZ
smi:fi.isuh/event/1493736,2025-01-30 09:58:10.280000,HE,KU6,S,BHZ
smi:fi.isuh/event/1493736,2025-01-30 09:57:12.780000,HE,KU2,P,BHZ
smi:fi.isuh/event/1493736,2025-01-30 09:58:17.760000,HE,OUF,S,BHZ
smi:fi.isuh/event/1493738,2025-01-30 10:59:50.980000,HE,RUF,P,BHZ
smi:fi.isuh/event/1493738,2025-01-30 10:59:56.280000,HE,RUF,S,BHZ
smi:fi.isuh/event/1493738,2025-01-30 11:00:07.180000,HE,KY17,P,BHZ
smi:fi.isuh/event/1493738,2025-01-30 11:00:07.680000,HE,KAF,P,BHZ
smi:fi.isuh/event/1493738,2025-01-30 11:00:24.980000,HE,KAF,S,BHZ
smi:fi.isuh/event/1493738,2025-01-30 11:00:10.700000,HE,FIA0,P,SHZ
smi:fi.isuh/event/1493738,2025-01-30 11:00:33.000000,HE,FIA0,S,SHZ
smi:fi.isuh/event/1493738,2025-01-30 11:00:10.140000,HE,VJF,P,BHZ
smi:fi.isuh/event/1493738,2025-01-30 11:00:29.400000,HE,VJF,S,BHZ
smi:fi.isuh/event/1493738,2025-01-30 11:00:12.030000,HE,JOF,P,BHZ
smi:fi.isuh/event/1493738,2025-01-30 11:00:13.200000,HE,SUF,P,BHZ
smi:fi.isuh/event/1493738,2025-01-30 11:00:35.040000,HE,SUF,S,BHZ
smi:fi.isuh/event/1493738,2025-01-30 11:00:35.020000,HE,NIF,S,BHZ
smi:fi.isuh/event/1493738,2025-01-30 11:00:18.980000,HE,PVF,P,BHZ
smi:fi.isuh/event/1493738,2025-01-30 11:00:46.800000,HE,PVF,S,BHZ
smi:fi.isuh/event/1493738,2025-01-30 11:00:19.900000,HE,KEF,P,BHZ
smi:fi.isuh/event/1493738,2025-01-30 11:00:46.640000,HE,KEF,S,BHZ
smi:fi.isuh/event/1493738,2025-01-30 11:00:55.580000,HE,TRE03,S,BHZ
smi:fi.isuh/event/1493738,2025-01-30 11:00:58.980000,HE,RMF,S,BHZ
smi:fi.isuh/event/1494361,2025-01-30 11:32:01.813240,HE,KORF,P,CZ
smi:fi.isuh/event/1494361,2025-01-30 11:32:09.184910,HE,KORF,S,CZ
smi:fi.isuh/event/1494361,2025-01-30 11:32:01.813240,HE,RAF,P,BHZ
smi:fi.isuh/event/1494361,2025-01-30 11:32:09.348510,HE,RAF,S,BHZ
smi:fi.isuh/event/1494361,2025-01-30 11:32:06.803620,HE,TVF,P,BHZ
smi:fi.isuh/event/1494361,2025-01-30 11:32:17.183710,HE,TVF,S,BHZ
smi:fi.isuh/event/1494361,2025-01-30 11:32:11.257750,HE,MEF,P,BHZ
smi:fi.isuh/event/1494361,2025-01-30 11:32:25.239320,HE,MEF,S,BHZ
smi:fi.isuh/event/1494361,2025-01-30 11:32:13.069000,UP,AAL,P,BHZ
smi:fi.isuh/event/1494361,2025-01-30 11:32:28.361360,UP,AAL,S,BHZ
smi:fi.isuh/event/1494361,2025-01-30 11:32:15.389510,HE,KPF,P,BHZ
smi:fi.isuh/event/1494361,2025-01-30 11:32:32.549360,HE,KPF,S,BHZ
smi:fi.isuh/event/1494361,2025-01-30 11:32:16.749150,HE,ECKF,P,CZ
smi:fi.isuh/event/1494361,2025-01-30 11:32:35.113850,HE,ECKF,S,CZ
smi:fi.isuh/event/1494361,2025-01-30 11:32:17.710020,HE,TRE03,P,CZ
smi:fi.isuh/event/1494361,2025-01-30 11:32:36.274100,HE,TRE03,S,CZ
smi:fi.isuh/event/1494361,2025-01-30 11:32:36.812620,HE,VUOS,S,BHZ
smi:fi.isuh/event/1494361,2025-01-30 11:32:45.788190,HE,PVF,S,CZ
smi:fi.isuh/event/1494361,2025-01-30 11:32:27.688210,HE,FIA0,P,?HZ
smi:fi.isuh/event/1494361,2025-01-30 11:32:53.909980,HE,FIA0,S,?HZ
smi:fi.isuh/event/1494361,2025-01-30 11:32:27.739340,HE,FIA1,P,?HZ
smi:fi.isuh/event/1494361,2025-01-30 11:32:53.909980,HE,FIA1,S,?HZ
smi:fi.isuh/event/1494361,2025-01-30 11:32:27.739340,HE,KEF,P,?HZ
smi:fi.isuh/event/1494361,2025-01-30 11:32:54.072730,HE,KEF,S,?HZ
smi:fi.isuh/event/1494373,2025-01-30 12:04:09.895060,HE,KORF,P,CZ
smi:fi.isuh/event/1494373,2025-01-30 12:04:15.656520,HE,KORF,S,CZ
smi:fi.isuh/event/1494373,2025-01-30 12:04:14.128920,HE,TVF,P,BHZ
smi:fi.isuh/event/1494373,2025-01-30 12:04:22.683060,HE,TVF,S,BHZ
smi:fi.isuh/event/1494373,2025-01-30 12:04:16.453390,HE,RAF,P,BHZ
smi:fi.isuh/event/1494373,2025-01-30 12:04:26.498440,HE,RAF,S,BHZ
smi:fi.isuh/event/1494373,2025-01-30 12:04:22.789030,UP,AAL,P,BHZ
smi:fi.isuh/event/1494373,2025-01-30 12:04:37.158610,UP,AAL,S,BHZ
smi:fi.isuh/event/1494373,2025-01-30 12:04:27.192610,HE,ECKF,P,CZ
smi:fi.isuh/event/1494373,2025-01-30 12:04:44.575160,HE,ECKF,S,CZ
smi:fi.isuh/event/1494373,2025-01-30 12:04:29.973820,HE,KPF,P,BHZ
smi:fi.isuh/event/1494373,2025-01-30 12:04:50.369340,HE,KPF,S,BHZ
smi:fi.isuh/event/1494358,2025-01-30 12:05:41.520000,HE,TOF,P,BHZ
smi:fi.isuh/event/1494358,2025-01-30 12:05:55.520000,HE,TOF,S,BHZ
smi:fi.isuh/event/1494358,2025-01-30 12:05:50.080000,HE,OBF3,P,BHZ
smi:fi.isuh/event/1494358,2025-01-30 12:06:12.980000,HE,OBF3,S,BHZ
smi:fi.isuh/event/1494358,2025-01-30 12:05:51.880000,HE,OBF8,P,BHZ
smi:fi.isuh/event/1494358,2025-01-30 12:06:14.980000,HE,OBF8,S,BHZ
smi:fi.isuh/event/1494358,2025-01-30 12:05:52.430000,FN,KLF,P,BHZ
smi:fi.isuh/event/1494358,2025-01-30 12:06:14.920000,FN,KLF,S,BHZ
smi:fi.isuh/event/1494358,2025-01-30 12:05:52.160000,HE,OBF0,P,BHZ
smi:fi.isuh/event/1494358,2025-01-30 12:06:15.300000,HE,OBF0,S,BHZ
smi:fi.isuh/event/1494358,2025-01-30 12:05:55.880000,HE,OUF,P,BHZ
smi:fi.isuh/event/1494358,2025-01-30 12:06:22.200000,HE,OUF,S,BHZ
smi:fi.isuh/event/1494358,2025-01-30 12:05:57.680000,FN,RANF,P,BHZ
smi:fi.isuh/event/1494358,2025-01-30 12:06:25.160000,FN,RANF,S,BHZ
smi:fi.isuh/event/1494358,2025-01-30 12:06:07.860000,HE,KU2,P,BHZ
smi:fi.isuh/event/1494358,2025-01-30 12:06:45.600000,HE,HEF,S,BHZ
smi:fi.isuh/event/1494358,2025-01-30 12:06:09.030000,HE,VAF,P,BHZ
smi:fi.isuh/event/1494358,2025-01-30 12:06:47.080000,HE,VAF,S,BHZ
smi:fi.isuh/event/1494358,2025-01-30 12:06:15.160000,HE,KJNF,P,BHZ
smi:fi.isuh/event/1494358,2025-01-30 12:06:10.580000,FN,OLKF,P,BHZ
smi:fi.isuh/event/1494358,2025-01-30 12:06:22.200000,HE,SUF,P,BHZ
smi:fi.isuh/event/1494358,2025-01-30 12:06:58.880000,HE,VRF,S,BHZ
smi:fi.isuh/event/1494358,2025-01-30 12:07:15.200000,FN,RAJF,S,BHZ
smi:fi.isuh/event/1493739,2025-01-30 12:07:43.280000,HE,KY17,P,BHZ
smi:fi.isuh/event/1493739,2025-01-30 12:07:48.220000,HE,KY17,S,BHZ
smi:fi.isuh/event/1493739,2025-01-30 12:07:45.180000,HE,PVF,P,BHZ
smi:fi.isuh/event/1493739,2025-01-30 12:07:51.440000,HE,PVF,S,BHZ
smi:fi.isuh/event/1493739,2025-01-30 12:07:45.900000,HE,FIA0,P,SHZ
smi:fi.isuh/event/1493739,2025-01-30 12:07:54.200000,HE,FIA0,S,SHZ
smi:fi.isuh/event/1493739,2025-01-30 12:07:49.980000,HE,VJF,P,BHZ
smi:fi.isuh/event/1493739,2025-01-30 12:08:00.480000,HE,VJF,S,BHZ
smi:fi.isuh/event/1493739,2025-01-30 12:07:54.020000,HE,NUR,P,BHZ
smi:fi.isuh/event/1493739,2025-01-30 12:07:54.280000,HE,VUOS,P,BHZ
smi:fi.isuh/event/1493739,2025-01-30 12:07:54.600000,HE,KUNI,P,BHZ
smi:fi.isuh/event/1493739,2025-01-30 12:07:56.900000,HE,LAUT,P,BHZ
smi:fi.isuh/event/1493739,2025-01-30 12:07:58.080000,HE,HEL5,P,BHZ
smi:fi.isuh/event/1493739,2025-01-30 12:07:58.080000,HE,KAF,P,BHZ
smi:fi.isuh/event/1493739,2025-01-30 12:08:13.560000,HE,KAF,S,BHZ
smi:fi.isuh/event/1493739,2025-01-30 12:07:58.830000,HE,MEF,P,BHZ
smi:fi.isuh/event/1493739,2025-01-30 12:07:59.610000,HE,TRE03,P,BHZ
smi:fi.isuh/event/1493739,2025-01-30 12:08:01.260000,HE,RUF,P,BHZ
smi:fi.isuh/event/1493739,2025-01-30 12:08:02.680000,HE,KEF,P,BHZ
smi:fi.isuh/event/1493739,2025-01-30 12:08:21.220000,HE,KEF,S,BHZ
smi:fi.isuh/event/1493739,2025-01-30 12:08:33.280000,HE,SUF,S,BHZ
smi:fi.isuh/event/1493739,2025-01-30 12:08:17.030000,HE,RAF,P,BHZ
smi:fi.isuh/event/1493739,2025-01-30 12:08:47.160000,HE,RAF,S,BHZ
smi:fi.isuh/event/1493739,2025-01-30 12:08:17.660000,HE,KPF,P,BHZ
smi:fi.isuh/event/1493739,2025-01-30 12:08:46.580000,HE,KPF,S,BHZ
smi:fi.isuh/event/1493739,2025-01-30 12:08:22.740000,HE,KORF,P,BHZ
smi:fi.isuh/event/1493739,2025-01-30 12:08:54.520000,HE,NIF,S,BHZ
smi:fi.isuh/event/1494359,2025-01-30 12:30:48.880000,HE,TRE03,P,BHZ
smi:fi.isuh/event/1494359,2025-01-30 12:30:53.960000,HE,TRE03,S,BHZ
smi:fi.isuh/event/1494359,2025-01-30 12:30:57.230000,HE,KPF,P,BHZ
smi:fi.isuh/event/1494359,2025-01-30 12:30:59.830000,HE,KEF,P,BHZ
smi:fi.isuh/event/1494359,2025-01-30 12:31:01.530000,HE,RAF,P,BHZ
smi:fi.isuh/event/1494359,2025-01-30 12:31:05.400000,HE,FIA0,P,SHZ
smi:fi.isuh/event/1494359,2025-01-30 12:31:08.980000,HE,KAF,P,BHZ
smi:fi.isuh/event/1494359,2025-01-30 12:31:12.830000,HE,VAF,P,BHZ
smi:fi.isuh/event/1494359,2025-01-30 12:31:34.740000,HE,VAF,S,BHZ
smi:fi.isuh/event/1494359,2025-01-30 12:31:15.090000,HE,SUF,P,BHZ
smi:fi.isuh/event/1494359,2025-01-30 12:31:16.420000,HE,KY17,P,BHZ
smi:fi.isuh/event/1494359,2025-01-30 12:31:47.180000,HE,VJF,S,BHZ
smi:fi.isuh/event/1494359,2025-01-30 12:31:26.260000,HE,ECKF,P,BHZ
smi:fi.isuh/event/1494359,2025-01-30 12:32:05.460000,HE,OBF8,S,BHZ
smi:fi.isuh/event/1494360,2025-01-30 13:03:26.130000,HE,TOF,P,BHZ
smi:fi.isuh/event/1494360,2025-01-30 13:03:47.320000,HE,TOF,S,BHZ
smi:fi.isuh/event/1494360,2025-01-30 13:03:28.660000,HE,OBF0,P,BHZ
smi:fi.isuh/event/1494360,2025-01-30 13:03:27.870000,HE,OBF3,P,BHZ
smi:fi.isuh/event/1494360,2025-01-30 13:03:50.420000,HE,OBF3,S,BHZ
smi:fi.isuh/event/1494360,2025-01-30 13:03:32.330000,HE,OUF,P,BHZ
smi:fi.isuh/event/1494360,2025-01-30 13:03:56.800000,HE,OUF,S,BHZ
smi:fi.isuh/event/1494360,2025-01-30 13:03:38.340000,FN,KLF,P,BHZ
smi:fi.isuh/event/1494360,2025-01-30 13:04:05.920000,FN,KLF,S,BHZ
smi:fi.isuh/event/1494360,2025-01-30 13:03:41.040000,FN,RANF,P,BHZ
smi:fi.isuh/event/1494360,2025-01-30 13:04:12.400000,FN,RANF,S,BHZ
smi:fi.isuh/event/1494360,2025-01-30 13:04:38.480000,HE,HEF,S,BHZ
smi:fi.isuh/event/1494360,2025-01-30 13:04:31.380000,HE,SUF,S,BHZ
smi:fi.isuh/event/1494360,2025-01-30 13:03:56.170000,HE,KU1,P,BHZ
smi:fi.isuh/event/1494360,2025-01-30 13:04:47.360000,HE,KAF,S,BHZ
smi:fi.isuh/event/1493741,2025-01-30 13:14:36.730000,HE,TRE03,P,BHZ
smi:fi.isuh/event/1493741,2025-01-30 13:14:40.940000,HE,TRE03,S,BHZ
smi:fi.isuh/event/1493741,2025-01-30 13:14:44.080000,HE,KPF,P,BHZ
smi:fi.isuh/event/1493741,2025-01-30 13:14:54.500000,HE,KPF,S,BHZ
smi:fi.isuh/event/1493741,2025-01-30 13:14:46.680000,HE,KEF,P,BHZ
smi:fi.isuh/event/1493741,2025-01-30 13:14:57.960000,HE,KEF,S,BHZ
smi:fi.isuh/event/1493741,2025-01-30 13:14:49.680000,HE,RAF,P,BHZ
smi:fi.isuh/event/1493741,2025-01-30 13:15:03.840000,HE,RAF,S,BHZ
smi:fi.isuh/event/1493741,2025-01-30 13:14:53.500000,HE,FIA0,P,SHZ
smi:fi.isuh/event/1493741,2025-01-30 13:15:16.100000,HE,FIA0,S,SHZ
smi:fi.isuh/event/1493741,2025-01-30 13:14:56.730000,HE,KAF,P,BHZ
smi:fi.isuh/event/1493741,2025-01-30 13:15:16.480000,HE,KAF,S,BHZ
smi:fi.isuh/event/1493741,2025-01-30 13:14:57.680000,HE,MEF,P,BHZ
smi:fi.isuh/event/1493741,2025-01-30 13:15:17.280000,HE,MEF,S,BHZ
smi:fi.isuh/event/1493741,2025-01-30 13:14:58.980000,HE,VAF,P,BHZ
smi:fi.isuh/event/1493741,2025-01-30 13:15:19.360000,HE,VAF,S,BHZ
smi:fi.isuh/event/1493741,2025-01-30 13:15:00.090000,HE,PVF,P,BHZ
smi:fi.isuh/event/1493741,2025-01-30 13:15:24.380000,HE,PVF,S,BHZ
smi:fi.isuh/event/1493741,2025-01-30 13:15:21.780000,HE,HEL5,S,BHZ
smi:fi.isuh/event/1493741,2025-01-30 13:15:01.280000,HE,SUF,P,BHZ
smi:fi.isuh/event/1493741,2025-01-30 13:15:23.740000,HE,SUF,S,BHZ
smi:fi.isuh/event/1493741,2025-01-30 13:15:03.580000,HE,TVF,P,BHZ
smi:fi.isuh/event/1493741,2025-01-30 13:15:27.280000,HE,TVF,S,BHZ
smi:fi.isuh/event/1493741,2025-01-30 13:15:03.480000,HE,KORF,P,BHZ
smi:fi.isuh/event/1493741,2025-01-30 13:15:28.560000,HE,KORF,S,BHZ
smi:fi.isuh/event/1493741,2025-01-30 13:15:30.040000,HE,KY17,S,BHZ
smi:fi.isuh/event/1493741,2025-01-30 13:15:39.920000,UP,AAL,S,BHZ
smi:fi.isuh/event/1493741,2025-01-30 13:15:44.020000,HE,ECKF,S,BHZ
smi:fi.isuh/event/1493741,2025-01-30 13:15:54.660000,HE,NIF,S,BHZ
smi:fi.isuh/event/1494240,2025-01-30 13:18:23.930820,HE,ECKF,P,CZ
smi:fi.isuh/event/1494240,2025-01-30 13:18:45.859160,HE,ECKF,S,CZ
smi:fi.isuh/event/1494240,2025-01-30 13:18:27.838840,UP,AAL,P,BHZ
smi:fi.isuh/event/1494240,2025-01-30 13:18:52.694390,UP,AAL,S,BHZ
smi:fi.isuh/event/1494240,2025-01-30 13:18:40.540050,HE,KORF,P,CZ
smi:fi.isuh/event/1494240,2025-01-30 13:19:14.631480,HE,KORF,S,CZ
smi:fi.isuh/event/1494364,2025-01-30 14:30:43.417180,HE,TVF,P,BHZ
smi:fi.isuh/event/1494364,2025-01-30 14:30:51.700660,HE,TVF,S,BHZ
smi:fi.isuh/event/1494364,2025-01-30 14:30:44.012910,HE,KORF,P,CZ
smi:fi.isuh/event/1494364,2025-01-30 14:30:52.669290,HE,KORF,S,CZ
smi:fi.isuh/event/1494364,2025-01-30 14:30:45.561810,HE,RAF,P,BHZ
smi:fi.isuh/event/1494364,2025-01-30 14:30:55.361570,HE,RAF,S,BHZ
smi:fi.isuh/event/1494364,2025-01-30 14:30:47.484170,HE,MEF,P,BHZ
smi:fi.isuh/event/1494364,2025-01-30 14:30:58.889850,HE,MEF,S,BHZ
smi:fi.isuh/event/1494364,2025-01-30 14:30:49.578160,HE,NUR,P,SHZ
smi:fi.isuh/event/1494364,2025-01-30 14:31:01.904670,HE,NUR,S,SHZ
smi:fi.isuh/event/1494364,2025-01-30 14:30:54.019760,HE,VUOS,P,BHZ
smi:fi.isuh/event/1494364,2025-01-30 14:31:09.895100,HE,VUOS,S,BHZ
smi:fi.isuh/event/1494364,2025-01-30 14:30:56.570760,UP,AAL,P,BHZ
smi:fi.isuh/event/1494364,2025-01-30 14:31:13.822520,UP,AAL,S,BHZ
smi:fi.isuh/event/1494364,2025-01-30 14:30:57.266480,HE,TRE03,P,CZ
smi:fi.isuh/event/1494364,2025-01-30 14:31:15.553540,HE,TRE03,S,CZ
smi:fi.isuh/event/1494364,2025-01-30 14:30:57.962210,HE,KPF,P,BHZ
smi:fi.isuh/event/1494364,2025-01-30 14:31:16.771670,HE,KPF,S,BHZ
smi:fi.isuh/event/1494364,2025-01-30 14:30:59.668980,HE,PVF,P,CZ
smi:fi.isuh/event/1494364,2025-01-30 14:31:20.297110,HE,PVF,S,CZ
smi:fi.isuh/event/1494364,2025-01-30 14:31:00.049390,HE,ECKF,P,CZ
smi:fi.isuh/event/1494364,2025-01-30 14:31:20.921210,HE,ECKF,S,CE
smi:fi.isuh/event/1494364,2025-01-30 14:31:26.487030,HE,LOVF,S,CZ
smi:fi.isuh/event/1494364,2025-01-30 14:31:06.079030,HE,FIA0,P,?HZ
smi:fi.isuh/event/1494364,2025-01-30 14:31:31.125210,HE,FIA0,S,?HZ
smi:fi.isuh/event/1494364,2025-01-30 14:31:06.079030,HE,FIA1,P,?HE
smi:fi.isuh/event/1494364,2025-01-30 14:31:31.125210,HE,FIA1,S,?HZ
smi:fi.isuh/event/1494364,2025-01-30 14:31:07.470480,HE,KEF,P,?HZ
smi:fi.isuh/event/1494364,2025-01-30 14:31:34.603850,HE,KEF,S,?HZ
smi:fi.isuh/event/1494365,2025-01-30 14:38:01.501930,HE,HEL5,P,BHZ
smi:fi.isuh/event/1494365,2025-01-30 14:38:02.880950,HE,HEL5,S,BHZ
smi:fi.isuh/event/1494365,2025-01-30 14:38:01.602840,HE,MEF,P,BHZ
smi:fi.isuh/event/1494365,2025-01-30 14:38:02.981850,HE,MEF,S,BHZ
smi:fi.isuh/event/1494365,2025-01-30 14:38:02.510970,HE,LAUT,P,BHZ
smi:fi.isuh/event/1494365,2025-01-30 14:38:04.629940,HE,LAUT,S,BHZ
smi:fi.isuh/event/1494365,2025-01-30 14:38:02.813680,HE,HEL1,P,BHZ
smi:fi.isuh/event/1494365,2025-01-30 14:38:05.134460,HE,HEL1,S,BHZ
smi:fi.isuh/event/1494365,2025-01-30 14:38:03.183660,HE,RSUO,P,BHZ
smi:fi.isuh/event/1494365,2025-01-30 14:38:05.706240,HE,RSUO,S,BHZ
smi:fi.isuh/event/1494365,2025-01-30 14:38:03.703290,HE,KUNI,P,BHZ
smi:fi.isuh/event/1494365,2025-01-30 14:38:06.521380,HE,KUNI,S,BHZ
smi:fi.isuh/event/1494365,2025-01-30 14:38:05.195220,HE,VUOS,P,BHZ
smi:fi.isuh/event/1494365,2025-01-30 14:38:08.952680,HE,VUOS,S,BHZ
smi:fi.isuh/event/1494365,2025-01-30 14:38:06.355610,HE,NUR,P,SHZ
smi:fi.isuh/event/1494365,2025-01-30 14:38:11.218200,HE,NUR,S,SHZ
smi:fi.isuh/event/1494365,2025-01-30 14:38:12.710130,HE,TVF,P,BHZ
smi:fi.isuh/event/1494365,2025-01-30 14:38:22.159020,HE,TVF,S,BHZ
smi:fi.isuh/event/1494365,2025-01-30 14:38:13.649490,HE,PVF,P,CZ
smi:fi.isuh/event/1494365,2025-01-30 14:38:23.540430,HE,PVF,S,CZ
smi:fi.isuh/event/1494365,2025-01-30 14:38:15.946950,HE,LOVF,P,CZ
smi:fi.isuh/event/1494365,2025-01-30 14:38:28.215620,HE,LOVF,S,CZ
smi:fi.isuh/event/1494365,2025-01-30 14:38:25.900780,HE,KY17,P,CZ
smi:fi.isuh/event/1494365,2025-01-30 14:38:44.882500,HE,KY17,S,CZ
smi:fi.isuh/event/1494365,2025-01-30 14:38:26.299610,HE,TRE03,P,CZ
smi:fi.isuh/event/1494365,2025-01-30 14:38:45.499370,HE,TRE03,S,CZ
smi:fi.isuh/event/1494365,2025-01-30 14:38:26.500660,HE,FIA0,P,?HZ
smi:fi.isuh/event/1494365,2025-01-30 14:38:46.001980,HE,FIA0,S,?HZ
smi:fi.isuh/event/1494365,2025-01-30 14:38:26.500660,HE,FIA1,P,?HN
smi:fi.isuh/event/1494365,2025-01-30 14:38:46.001980,HE,FIA1,S,?HN
smi:fi.isuh/event/1494365,2025-01-30 14:38:27.194120,HE,KORF,P,CZ
smi:fi.isuh/event/1494365,2025-01-30 14:38:46.906680,HE,KORF,S,CZ
smi:fi.isuh/event/1494365,2025-01-30 14:38:27.289690,HE,VJF,P,?HZ
smi:fi.isuh/event/1494365,2025-01-30 14:38:47.509810,HE,VJF,S,?HZ
smi:fi.isuh/event/1494365,2025-01-30 14:38:28.863890,HE,RAF,P,BHZ
smi:fi.isuh/event/1494365,2025-01-30 14:38:49.980540,HE,RAF,S,BHZ
smi:fi.isuh/event/1494365,2025-01-30 14:38:35.361320,HE,KEF,P,?HZ
smi:fi.isuh/event/1494365,2025-01-30 14:39:02.279240,HE,KEF,S,?HZ
smi:fi.isuh/event/1494365,2025-01-30 14:39:03.903600,HE,KPF,S,BHZ
smi:fi.isuh/event/1493992,2025-01-31 08:17:20.980000,HE,OBF3,P,BHZ
smi:fi.isuh/event/1493992,2025-01-31 08:17:24.720000,HE,OBF0,P,BHZ
smi:fi.isuh/event/1493992,2025-01-31 08:17:28.880000,HE,OBF0,S,BHZ
smi:fi.isuh/event/1493992,2025-01-31 08:17:25.380000,HE,OUF,P,BHZ
smi:fi.isuh/event/1493992,2025-01-31 08:17:30.440000,HE,OUF,S,BHZ
smi:fi.isuh/event/1493992,2025-01-31 08:17:41.440000,HE,OBF8,S,BHZ
smi:fi.isuh/event/1493992,2025-01-31 08:17:43.900000,HE,KJNF,P,BHZ
smi:fi.isuh/event/1493992,2025-01-31 08:18:01.820000,HE,KJNF,S,BHZ
smi:fi.isuh/event/1493992,2025-01-31 08:17:44.680000,HE,TOF,P,BHZ
smi:fi.isuh/event/1493992,2025-01-31 08:18:03.280000,HE,TOF,S,BHZ
smi:fi.isuh/event/1493992,2025-01-31 08:17:47.630000,FN,RANF,P,BHZ
smi:fi.isuh/event/1493992,2025-01-31 08:18:08.680000,FN,RANF,S,BHZ
smi:fi.isuh/event/1493992,2025-01-31 08:17:51.280000,HE,KU2,P,BHZ
smi:fi.isuh/event/1493992,2025-01-31 08:18:14.940000,HE,KU2,S,BHZ
smi:fi.isuh/event/1493992,2025-01-31 08:17:53.780000,HE,VAF,P,BHZ
smi:fi.isuh/event/1493992,2025-01-31 08:18:19.200000,HE,VAF,S,BHZ
smi:fi.isuh/event/1493992,2025-01-31 08:17:53.000000,HE,NIF,P,BHZ
smi:fi.isuh/event/1493992,2025-01-31 08:18:18.340000,HE,NIF,S,BHZ
smi:fi.isuh/event/1493992,2025-01-31 08:17:56.540000,HE,SUF,P,BHZ
smi:fi.isuh/event/1493992,2025-01-31 08:18:24.940000,HE,SUF,S,BHZ
smi:fi.isuh/event/1493992,2025-01-31 08:17:58.080000,HE,KU1,P,BHZ
smi:fi.isuh/event/1493992,2025-01-31 08:18:27.180000,HE,KU1,S,BHZ
smi:fi.isuh/event/1493992,2025-01-31 08:18:00.180000,HE,RMF,P,BHZ
smi:fi.isuh/event/1493992,2025-01-31 08:18:30.420000,HE,RMF,S,BHZ
smi:fi.isuh/event/1493992,2025-01-31 08:18:04.140000,FN,OLKF,P,BHZ
smi:fi.isuh/event/1493992,2025-01-31 08:18:35.920000,FN,OLKF,S,BHZ
smi:fi.isuh/event/1493992,2025-01-31 08:18:03.680000,HE,KU6,P,BHZ
smi:fi.isuh/event/1493992,2025-01-31 08:18:35.880000,HE,KU6,S,BHZ
smi:fi.isuh/event/1493992,2025-01-31 08:18:02.780000,FN,KLF,P,BHZ
smi:fi.isuh/event/1493992,2025-01-31 08:18:37.140000,HE,KEF,S,BHZ
smi:fi.isuh/event/1493992,2025-01-31 08:18:06.380000,HE,KAF,P,BHZ
smi:fi.isuh/event/1493992,2025-01-31 08:18:41.240000,HE,KAF,S,BHZ
smi:fi.isuh/event/1493993,2025-01-31 08:59:46.090000,HE,VUOS,P,BHZ
smi:fi.isuh/event/1493993,2025-01-31 08:59:47.080000,HE,VUOS,S,BHZ
smi:fi.isuh/event/1493993,2025-01-31 08:59:46.080000,HE,HEL1,P,BHZ
smi:fi.isuh/event/1493993,2025-01-31 08:59:46.960000,HE,HEL1,S,BHZ
smi:fi.isuh/event/1493993,2025-01-31 08:59:46.340000,HE,LAUT,P,BHZ
smi:fi.isuh/event/1493993,2025-01-31 08:59:47.440000,HE,LAUT,S,BHZ
smi:fi.isuh/event/1493993,2025-01-31 08:59:46.940000,HE,KUNI,P,BHZ
smi:fi.isuh/event/1493993,2025-01-31 08:59:48.500000,HE,KUNI,S,BHZ
smi:fi.isuh/event/1493993,2025-01-31 08:59:47.630000,HE,HEL5,P,BHZ
smi:fi.isuh/event/1493993,2025-01-31 09:00:46.830000,HE,JOF,P,BHZ
smi:fi.isuh/event/1493943,2025-01-31 09:02:05.240000,HE,VJF,P,BHZ
smi:fi.isuh/event/1493943,2025-01-31 09:02:08.160000,HE,VJF,S,BHZ
smi:fi.isuh/event/1493943,2025-01-31 09:02:07.240000,HE,KY17,P,BHZ
smi:fi.isuh/event/1493943,2025-01-31 09:02:11.080000,HE,KY17,S,BHZ
smi:fi.isuh/event/1493943,2025-01-31 09:02:14.880000,HE,PVF,P,BHZ
smi:fi.isuh/event/1493943,2025-01-31 09:02:24.580000,HE,PVF,S,BHZ
smi:fi.isuh/event/1493943,2025-01-31 09:02:19.400000,HE,FIA0,P,SHZ
smi:fi.isuh/event/1493943,2025-01-31 09:02:33.000000,HE,FIA0,S,SHZ
smi:fi.isuh/event/1493943,2025-01-31 09:02:21.830000,HE,RUF,P,BHZ
smi:fi.isuh/event/1493943,2025-01-31 09:02:36.880000,HE,RUF,S,BHZ
smi:fi.isuh/event/1493943,2025-01-31 09:02:23.110000,HE,VUOS,P,BHZ
smi:fi.isuh/event/1493943,2025-01-31 09:02:42.840000,HE,VUOS,S,BHZ
smi:fi.isuh/event/1493943,2025-01-31 09:02:24.680000,HE,KUNI,P,BHZ
smi:fi.isuh/event/1493943,2025-01-31 09:02:41.320000,HE,KUNI,S,BHZ
smi:fi.isuh/event/1493943,2025-01-31 09:02:25.890000,HE,LAUT,P,BHZ
smi:fi.isuh/event/1493943,2025-01-31 09:02:27.350000,HE,HEL5,P,BHZ
smi:fi.isuh/event/1493943,2025-01-31 09:02:29.280000,HE,KAF,P,BHZ
smi:fi.isuh/event/1493943,2025-01-31 09:02:50.320000,HE,KAF,S,BHZ
smi:fi.isuh/event/1493943,2025-01-31 09:02:29.430000,HE,MEF,P,BHZ
smi:fi.isuh/event/1493943,2025-01-31 09:02:51.920000,HE,MEF,S,BHZ
smi:fi.isuh/event/1493943,2025-01-31 09:02:34.210000,HE,TRE03,P,BHZ
smi:fi.isuh/event/1493943,2025-01-31 09:02:58.280000,HE,TRE03,S,BHZ
smi:fi.isuh/event/1493943,2025-01-31 09:02:35.780000,HE,KEF,P,BHZ
smi:fi.isuh/event/1493943,2025-01-31 09:03:02.320000,HE,KEF,S,BHZ
smi:fi.isuh/event/1493943,2025-01-31 09:02:40.270000,HE,SUF,P,BHZ
smi:fi.isuh/event/1493943,2025-01-31 09:03:08.340000,HE,SUF,S,BHZ
smi:fi.isuh/event/1493943,2025-01-31 09:03:10.020000,HE,TVF,S,BHZ
smi:fi.isuh/event/1493943,2025-01-31 09:03:30.800000,HE,JOF,S,BHZ
smi:fi.isuh/event/1494091,2025-01-31 09:19:05.462660,HE,KU1,P,SHZ
smi:fi.isuh/event/1494091,2025-01-31 09:19:10.994920,HE,KU1,S,SHZ
smi:fi.isuh/event/1494091,2025-01-31 09:19:11.619270,HE,KU2,P,SHZ
smi:fi.isuh/event/1494091,2025-01-31 09:19:13.997440,HE,KU6,P,BHZ
smi:fi.isuh/event/1494091,2025-01-31 09:19:25.404800,HE,KU6,S,BHZ
smi:fi.isuh/event/1494091,2025-01-31 09:19:14.712620,HE,RMF,P,BHZ
smi:fi.isuh/event/1494091,2025-01-31 09:19:26.427810,HE,RMF,S,BHZ
smi:fi.isuh/event/1494091,2025-01-31 09:19:19.153420,FN,OLKF,P,BHZ
smi:fi.isuh/event/1494091,2025-01-31 09:19:34.345010,FN,OLKF,S,BHZ
smi:fi.isuh/event/1494091,2025-01-31 09:19:19.384720,HE,KJNF,P,CZ
smi:fi.isuh/event/1494091,2025-01-31 09:19:34.548260,HE,KJNF,S,CZ
smi:fi.isuh/event/1494091,2025-01-31 09:19:23.085390,FN,RANF,P,?HZ
smi:fi.isuh/event/1494091,2025-01-31 09:19:42.252160,FN,RANF,S,?HZ
smi:fi.isuh/event/1494091,2025-01-31 09:19:31.116390,HE,NIF,P,BHZ
smi:fi.isuh/event/1494091,2025-01-31 09:19:56.149600,HE,NIF,S,BHZ
smi:fi.isuh/event/1493994,2025-01-31 09:26:02.380000,HE,HEL5,P,BHZ
smi:fi.isuh/event/1493994,2025-01-31 09:26:02.560000,HE,MEF,P,BHZ
smi:fi.isuh/event/1493994,2025-01-31 09:26:03.480000,HE,LAUT,P,BHZ
smi:fi.isuh/event/1493994,2025-01-31 09:26:05.380000,HE,LAUT,S,BHZ
smi:fi.isuh/event/1493994,2025-01-31 09:26:03.800000,HE,HEL1,P,BHZ
smi:fi.isuh/event/1493994,2025-01-31 09:26:05.940000,HE,HEL1,S,BHZ
smi:fi.isuh/event/1493994,2025-01-31 09:26:04.660000,HE,KUNI,P,BHZ
smi:fi.isuh/event/1493994,2025-01-31 09:26:07.880000,HE,KUNI,S,BHZ
smi:fi.isuh/event/1493994,2025-01-31 09:26:06.200000,HE,VUOS,P,BHZ
smi:fi.isuh/event/1493994,2025-01-31 09:26:10.600000,HE,VUOS,S,BHZ
smi:fi.isuh/event/1493994,2025-01-31 09:26:07.440000,HE,NUR,P,BHZ
smi:fi.isuh/event/1493994,2025-01-31 09:26:14.920000,HE,PVF,P,BHZ
smi:fi.isuh/event/1493994,2025-01-31 09:26:28.400000,HE,FIA0,P,SHZ
smi:fi.isuh/event/1493994,2025-01-31 09:26:51.800000,HE,FIA0,S,SHZ
smi:fi.isuh/event/1493994,2025-01-31 09:26:30.780000,HE,RAF,P,BHZ
smi:fi.isuh/event/1494096,2025-01-31 11:10:24.261770,HE,TOF,P,BHZ
smi:fi.isuh/event/1494096,2025-01-31 11:10:42.846710,HE,TOF,S,BHZ
smi:fi.isuh/event/1494096,2025-01-31 11:10:29.685130,HE,OBF3,P,BHZ
smi:fi.isuh/event/1494096,2025-01-31 11:10:53.215030,HE,OBF3,S,BHZ
smi:fi.isuh/event/1494096,2025-01-31 11:10:33.927980,HE,OUF,P,BHZ
smi:fi.isuh/event/1494096,2025-01-31 11:10:59.230050,HE,OUF,S,BHZ
smi:fi.isuh/event/1494096,2025-01-31 11:10:33.927980,FN,KLF,P,BHZ
smi:fi.isuh/event/1494096,2025-01-31 11:11:00.569980,FN,KLF,S,BHZ
smi:fi.isuh/event/1493995,2025-01-31 11:16:54.380000,HE,TOF,P,BHZ
smi:fi.isuh/event/1493995,2025-01-31 11:17:03.540000,HE,TOF,S,BHZ
smi:fi.isuh/event/1493995,2025-01-31 11:16:55.530000,HE,OBF3,P,BHZ
smi:fi.isuh/event/1493995,2025-01-31 11:17:05.800000,HE,OBF3,S,BHZ
smi:fi.isuh/event/1493995,2025-01-31 11:16:55.780000,FN,RANF,P,BHZ
smi:fi.isuh/event/1493995,2025-01-31 11:17:06.660000,FN,RANF,S,BHZ
smi:fi.isuh/event/1493995,2025-01-31 11:17:02.760000,HE,OBF0,P,BHZ
smi:fi.isuh/event/1493995,2025-01-31 11:17:18.040000,HE,OBF0,S,BHZ
smi:fi.isuh/event/1493995,2025-01-31 11:17:03.280000,HE,OUF,P,BHZ
smi:fi.isuh/event/1493995,2025-01-31 11:17:19.140000,HE,OUF,S,BHZ
smi:fi.isuh/event/1493995,2025-01-31 11:17:04.080000,HE,KU2,P,BHZ
smi:fi.isuh/event/1493995,2025-01-31 11:17:20.140000,HE,KU2,S,BHZ
smi:fi.isuh/event/1493995,2025-01-31 11:17:13.580000,HE,KU1,P,BHZ
smi:fi.isuh/event/1493995,2025-01-31 11:17:37.160000,HE,KU1,S,BHZ
smi:fi.isuh/event/1493995,2025-01-31 11:17:14.080000,FN,KLF,P,BHZ
smi:fi.isuh/event/1493995,2025-01-31 11:17:38.000000,FN,KLF,S,BHZ
smi:fi.isuh/event/1493995,2025-01-31 11:17:15.380000,FN,OLKF,P,BHZ
smi:fi.isuh/event/1493995,2025-01-31 11:17:40.080000,FN,OLKF,S,BHZ
smi:fi.isuh/event/1493995,2025-01-31 11:17:16.880000,HE,KU6,P,BHZ
smi:fi.isuh/event/1493995,2025-01-31 11:17:42.640000,HE,KU6,S,BHZ
smi:fi.isuh/event/1493995,2025-01-31 11:17:53.940000,HE,RMF,S,BHZ
smi:fi.isuh/event/1493995,2025-01-31 11:18:05.660000,HE,VAF,S,BHZ
smi:fi.isuh/event/1493997,2025-01-31 11:30:15.960000,HE,MEF,P,BHZ
smi:fi.isuh/event/1493997,2025-01-31 11:30:17.580000,HE,MEF,S,BHZ
smi:fi.isuh/event/1493997,2025-01-31 11:30:19.320000,HE,NUR,P,BHZ
smi:fi.isuh/event/1493997,2025-01-31 11:30:22.960000,HE,NUR,S,BHZ
smi:fi.isuh/event/1493997,2025-01-31 11:30:19.660000,HE,HEL5,P,BHZ
smi:fi.isuh/event/1493997,2025-01-31 11:30:20.000000,HE,KUNI,P,BHZ
smi:fi.isuh/event/1493997,2025-01-31 11:30:25.160000,HE,KUNI,S,BHZ
smi:fi.isuh/event/1493997,2025-01-31 11:30:20.130000,HE,LAUT,P,BHZ
smi:fi.isuh/event/1493997,2025-01-31 11:30:20.200000,HE,HEL1,P,BHZ
smi:fi.isuh/event/1493997,2025-01-31 11:30:22.640000,HE,VUOS,P,BHZ
smi:fi.isuh/event/1493997,2025-01-31 11:30:36.680000,HE,TVF,S,BHZ
smi:fi.isuh/event/1493997,2025-01-31 11:30:29.310000,HE,PVF,P,BHZ
smi:fi.isuh/event/1493997,2025-01-31 11:30:40.180000,HE,PVF,S,BHZ
smi:fi.isuh/event/1493997,2025-01-31 11:30:39.540000,HE,TRE03,P,BHZ
smi:fi.isuh/event/1493997,2025-01-31 11:30:56.880000,HE,TRE03,S,BHZ
smi:fi.isuh/event/1493997,2025-01-31 11:30:42.000000,HE,FIA0,P,SHZ
smi:fi.isuh/event/1493997,2025-01-31 11:30:41.980000,HE,RAF,P,BHZ
smi:fi.isuh/event/1493997,2025-01-31 11:30:44.760000,HE,VJF,P,BHZ
smi:fi.isuh/event/1493997,2025-01-31 11:31:07.780000,HE,VJF,S,BHZ
smi:fi.isuh/event/1493997,2025-01-31 11:31:13.660000,HE,KEF,S,BHZ
smi:fi.isuh/event/1494092,2025-01-31 11:46:08.309880,HE,KEV,P,?HZ
smi:fi.isuh/event/1494092,2025-01-31 11:46:19.567710,HE,KEV,S,?HZ
smi:fi.isuh/event/1494092,2025-01-31 11:46:18.253740,FN,KMNF,P,?HZ
smi:fi.isuh/event/1494092,2025-01-31 11:46:36.623070,FN,KMNF,S,?HZ
smi:fi.isuh/event/1494092,2025-01-31 11:46:27.969870,FN,RAJF,P,?HZ
smi:fi.isuh/event/1494092,2025-01-31 11:46:53.452090,FN,RAJF,S,?HZ
smi:fi.isuh/event/1494093,2025-01-31 12:40:30.020410,HE,ECKF,P,CZ
smi:fi.isuh/event/1494093,2025-01-31 12:40:43.120430,HE,ECKF,S,CZ
smi:fi.isuh/event/1494093,2025-01-31 12:40:33.269880,UP,AAL,P,BHZ
smi:fi.isuh/event/1494093,2025-01-31 12:40:48.781570,UP,AAL,S,BHZ
smi:fi.isuh/event/1494093,2025-01-31 12:40:45.314230,HE,KORF,P,CZ
smi:fi.isuh/event/1494093,2025-01-31 12:41:10.379370,HE,KORF,S,CZ
smi:fi.isuh/event/1494094,2025-01-31 12:56:53.929900,HE,MEF,P,BHZ
smi:fi.isuh/event/1494094,2025-01-31 12:56:55.078340,HE,MEF,S,BHZ
smi:fi.isuh/event/1494094,2025-01-31 12:56:55.175780,HE,HEL5,P,BHZ
smi:fi.isuh/event/1494094,2025-01-31 12:56:57.031130,HE,HEL5,S,BHZ
smi:fi.isuh/event/1494094,2025-01-31 12:56:55.522000,HE,LAUT,P,BHZ
smi:fi.isuh/event/1494094,2025-01-31 12:56:57.865990,HE,LAUT,S,BHZ
smi:fi.isuh/event/1494094,2025-01-31 12:56:55.522000,HE,HEL1,P,BHZ
smi:fi.isuh/event/1494094,2025-01-31 12:56:57.907210,HE,HEL1,S,BHZ
smi:fi.isuh/event/1494094,2025-01-31 12:56:55.600460,HE,RSUO,P,BHZ
smi:fi.isuh/event/1494094,2025-01-31 12:56:58.058490,HE,RSUO,S,BHZ
smi:fi.isuh/event/1494094,2025-01-31 12:56:55.627700,HE,KUNI,P,BHZ
smi:fi.isuh/event/1494094,2025-01-31 12:56:58.130290,HE,KUNI,S,BHZ
smi:fi.isuh/event/1494094,2025-01-31 12:56:57.736710,HE,VUOS,P,BHZ
smi:fi.isuh/event/1494094,2025-01-31 12:57:01.606890,HE,VUOS,S,BHZ
smi:fi.isuh/event/1494094,2025-01-31 12:57:05.603360,HE,PVF,P,CZ
smi:fi.isuh/event/1494094,2025-01-31 12:57:14.970480,HE,PVF,S,CZ
smi:fi.isuh/event/1494094,2025-01-31 12:57:06.559940,HE,TVF,P,BHZ
smi:fi.isuh/event/1494094,2025-01-31 12:57:16.411480,HE,TVF,S,BHZ
smi:fi.isuh/event/1494094,2025-01-31 12:57:08.486890,HE,LOVF,P,CZ
smi:fi.isuh/event/1494094,2025-01-31 12:57:20.204980,HE,LOVF,S,CZ
smi:fi.isuh/event/1494094,2025-01-31 12:57:16.426030,HE,KY02,P,CZ
smi:fi.isuh/event/1494094,2025-01-31 12:57:33.781740,HE,KY02,S,CZ
smi:fi.isuh/event/1494094,2025-01-31 12:57:18.108700,HE,TRE03,P,CZ
smi:fi.isuh/event/1494094,2025-01-31 12:57:36.574550,HE,TRE03,S,CZ
smi:fi.isuh/event/1494094,2025-01-31 12:57:18.294060,HE,KY17,P,CZ
smi:fi.isuh/event/1494094,2025-01-31 12:57:37.060260,HE,KY17,S,CZ
smi:fi.isuh/event/1494094,2025-01-31 12:57:18.494210,HE,FIA0,P,?HZ
smi:fi.isuh/event/1494094,2025-01-31 12:57:36.817410,HE,FIA0,S,?HZ
smi:fi.isuh/event/1494094,2025-01-31 12:57:18.494210,HE,FIA1,P,?HZ
smi:fi.isuh/event/1494094,2025-01-31 12:57:37.242400,HE,FIA1,S,?HZ
smi:fi.isuh/event/1494094,2025-01-31 12:57:19.761800,HE,VJF,P,?HZ
smi:fi.isuh/event/1494094,2025-01-31 12:57:39.721440,HE,VJF,S,?HZ
smi:fi.isuh/event/1494094,2025-01-31 12:57:20.162100,HE,KORF,P,CZ
smi:fi.isuh/event/1494094,2025-01-31 12:57:42.160180,HE,KORF,S,CZ
smi:fi.isuh/event/1494094,2025-01-31 12:57:21.429690,HE,RAF,P,BHZ
smi:fi.isuh/event/1494094,2025-01-31 12:57:42.038750,HE,RAF,S,BHZ
smi:fi.isuh/event/1494094,2025-01-31 12:57:27.434080,HE,KEF,P,?HZ
smi:fi.isuh/event/1494094,2025-01-31 12:57:52.757230,HE,KEF,S,?HZ
smi:fi.isuh/event/1494094,2025-01-31 12:57:28.368090,HE,KPF,P,BHZ
smi:fi.isuh/event/1494094,2025-01-31 12:57:55.064340,HE,KPF,S,BHZ
smi:fi.isuh/event/1494094,2025-01-31 12:57:29.902550,HE,KAF,P,?HZ
smi:fi.isuh/event/1494094,2025-01-31 12:57:55.792900,HE,KAF,S,?HZ
smi:fi.isuh/event/1494095,2025-01-31 13:24:48.147380,HE,RAF,P,BHZ
smi:fi.isuh/event/1494095,2025-01-31 13:24:53.616300,HE,RAF,S,BHZ
smi:fi.isuh/event/1494095,2025-01-31 13:24:53.270500,HE,KPF,P,BHZ
smi:fi.isuh/event/1494095,2025-01-31 13:25:02.412770,HE,KPF,S,BHZ
smi:fi.isuh/event/1494095,2025-01-31 13:24:57.557200,HE,TRE03,P,CZ
smi:fi.isuh/event/1494095,2025-01-31 13:25:09.932510,HE,TRE03,S,CZ
smi:fi.isuh/event/1494095,2025-01-31 13:25:02.262120,HE,KORF,P,CZ
smi:fi.isuh/event/1494095,2025-01-31 13:25:17.653060,HE,KORF,S,CZ
smi:fi.isuh/event/1494095,2025-01-31 13:25:06.079710,HE,TVF,P,BHZ
smi:fi.isuh/event/1494095,2025-01-31 13:25:24.359320,HE,TVF,S,BHZ
smi:fi.isuh/event/1494095,2025-01-31 13:25:07.589850,HE,KEF,P,?HZ
smi:fi.isuh/event/1494095,2025-01-31 13:25:26.969660,HE,KEF,S,?HZ
smi:fi.isuh/event/1494095,2025-01-31 13:25:09.685770,UP,AAL,P,BHZ
smi:fi.isuh/event/1494095,2025-01-31 13:25:30.443050,UP,AAL,S,BHZ
smi:fi.isuh/event/1494095,2025-01-31 13:25:12.161130,HE,FIA0,P,?HZ
smi:fi.isuh/event/1494095,2025-01-31 13:25:34.745620,HE,FIA0,S,?HZ
smi:fi.isuh/event/1494095,2025-01-31 13:25:12.161130,HE,FIA1,P,?HZ
smi:fi.isuh/event/1494095,2025-01-31 13:25:34.839610,HE,FIA1,S,?HZ
smi:fi.isuh/event/1494095,2025-01-31 13:25:11.616890,HE,ECKF,P,CZ
smi:fi.isuh/event/1494095,2025-01-31 13:25:35.121590,HE,ECKF,S,CZ
smi:fi.isuh/event/1494095,2025-01-31 13:25:11.784690,HE,PVF,P,CZ
smi:fi.isuh/event/1494095,2025-01-31 13:25:34.651620,HE,PVF,S,CZ
smi:fi.isuh/event/1494095,2025-01-31 13:25:14.398990,HE,VAF,P,BHZ
smi:fi.isuh/event/1494095,2025-01-31 13:25:38.646360,HE,VAF,S,BHZ
smi:fi.isuh/event/1494095,2025-01-31 13:25:16.147320,HE,LOVF,P,CZ
smi:fi.isuh/event/1494095,2025-01-31 13:25:41.748150,HE,LOVF,S,CZ
smi:fi.isuh/event/1494095,2025-01-31 13:25:16.399010,HE,KAF,P,?HZ
smi:fi.isuh/event/1494095,2025-01-31 13:25:43.769010,HE,KAF,S,?HZ
smi:fi.isuh/event/1494095,2025-01-31 13:25:17.909150,HE,ALAJF,P,?HZ
smi:fi.isuh/event/1494095,2025-01-31 13:25:45.131920,HE,ALAJF,S,?HZ
smi:fi.isuh/event/1494003,2025-01-31 19:04:23.920000,HE,VRF,P,BHZ
smi:fi.isuh/event/1494003,2025-01-31 19:04:42.920000,HE,VRF,S,BHZ
smi:fi.isuh/event/1494003,2025-01-31 19:04:33.840000,FN,OLKF,P,BHZ
smi:fi.isuh/event/1494003,2025-01-31 19:05:02.120000,FN,OLKF,S,BHZ
smi:fi.isuh/event/1494003,2025-01-31 19:04:33.140000,FN,RAJF,P,BHZ
smi:fi.isuh/event/1494003,2025-01-31 19:05:00.720000,FN,RAJF,S,BHZ
smi:fi.isuh/event/1494003,2025-01-31 19:04:34.860000,HE,KU6,P,BHZ
smi:fi.isuh/event/1494003,2025-01-31 19:05:04.400000,HE,KU6,S,BHZ
smi:fi.isuh/event/1494003,2025-01-31 19:04:42.750000,HE,KU2,P,BHZ
smi:fi.isuh/event/1494003,2025-01-31 19:05:33.720000,FN,RANF,S,BHZ
smi:fi.isuh/event/1494003,2025-01-31 19:05:24.940000,HE,KEV,S,BHZ
smi:fi.isuh/event/1494003,2025-01-31 19:05:53.040000,FN,KLF,S,BHZ
smi:fi.isuh/event/1494004,2025-01-31 20:15:24.280000,HE,VRF,P,BHZ
smi:fi.isuh/event/1494004,2025-01-31 20:15:43.800000,HE,VRF,S,BHZ
smi:fi.isuh/event/1494004,2025-01-31 20:15:33.680000,FN,RAJF,P,BHZ
smi:fi.isuh/event/1494004,2025-01-31 20:16:01.440000,FN,RAJF,S,BHZ
smi:fi.isuh/event/1494004,2025-01-31 20:16:04.960000,HE,KU6,S,BHZ
smi:fi.isuh/event/1494004,2025-01-31 20:15:47.710000,HE,KEV,P,BHZ
smi:fi.isuh/event/1494004,2025-01-31 20:16:25.720000,HE,KEV,S,BHZ
smi:fi.isuh/event/1494004,2025-01-31 20:16:32.880000,FN,RANF,S,BHZ
smi:fi.isuh/event/1494004,2025-01-31 20:16:41.300000,HE,HEF,S,BHZ
smi:fi.isuh/event/1494012,2025-01-31 20:23:09.980000,HE,VRF,P,BHZ
smi:fi.isuh/event/1494012,2025-01-31 20:23:30.120000,HE,VRF,S,BHZ
smi:fi.isuh/event/1494012,2025-01-31 20:23:20.480000,FN,OLKF,P,BHZ
smi:fi.isuh/event/1494012,2025-01-31 20:23:48.760000,FN,OLKF,S,BHZ
smi:fi.isuh/event/1494012,2025-01-31 20:23:19.880000,FN,RAJF,P,BHZ
smi:fi.isuh/event/1494012,2025-01-31 20:23:46.980000,FN,RAJF,S,BHZ
smi:fi.isuh/event/1494012,2025-01-31 20:23:21.440000,HE,KU6,P,BHZ
smi:fi.isuh/event/1494012,2025-01-31 20:23:50.560000,HE,KU6,S,BHZ
smi:fi.isuh/event/1494012,2025-01-31 20:24:12.750000,HE,KU2,S,BHZ
smi:fi.isuh/event/1494012,2025-01-31 20:24:18.240000,FN,RANF,S,BHZ
smi:fi.isuh/event/1494012,2025-01-31 20:23:33.880000,HE,KEV,P,BHZ
smi:fi.isuh/event/1494012,2025-01-31 20:24:12.280000,HE,KEV,S,BHZ
smi:fi.isuh/event/1493977,2025-02-01 16:00:54.780000,FN,RAJF,P,BHZ
smi:fi.isuh/event/1493977,2025-02-01 16:01:15.200000,FN,RAJF,S,BHZ
smi:fi.isuh/event/1493977,2025-02-01 16:00:56.140000,HE,KEV,P,BHZ
smi:fi.isuh/event/1493977,2025-02-01 16:01:14.160000,HE,KEV,S,BHZ
smi:fi.isuh/event/1493977,2025-02-01 16:01:25.360000,HE,VRF,S,BHZ
smi:fi.isuh/event/1493977,2025-02-01 16:01:31.180000,HE,KIF,P,BHZ
smi:fi.isuh/event/1493978,2025-02-01 16:02:13.930000,FN,RAJF,P,BHZ
smi:fi.isuh/event/1493978,2025-02-01 16:02:34.560000,FN,RAJF,S,BHZ
smi:fi.isuh/event/1493978,2025-02-01 16:02:15.560000,HE,KEV,P,BHZ
smi:fi.isuh/event/1493978,2025-02-01 16:02:33.060000,HE,KEV,S,BHZ
smi:fi.isuh/event/1493978,2025-02-01 16:02:43.760000,HE,VRF,S,BHZ
smi:fi.isuh/event/1493978,2025-02-01 16:03:12.800000,HE,HEF,S,BHZ
smi:fi.isuh/event/1493978,2025-02-01 16:02:47.830000,HE,KIF,P,BHZ
smi:fi.isuh/event/1493980,2025-02-01 20:14:01.880000,HE,VRF,P,BHZ
smi:fi.isuh/event/1493980,2025-02-01 20:14:21.480000,HE,VRF,S,BHZ
smi:fi.isuh/event/1493980,2025-02-01 20:14:12.320000,FN,OLKF,P,BHZ
smi:fi.isuh/event/1493980,2025-02-01 20:14:40.600000,FN,OLKF,S,BHZ
smi:fi.isuh/event/1493980,2025-02-01 20:14:11.980000,FN,RAJF,P,BHZ
smi:fi.isuh/event/1493980,2025-02-01 20:14:38.020000,FN,RAJF,S,BHZ
smi:fi.isuh/event/1493980,2025-02-01 20:14:13.420000,HE,KU6,P,BHZ
smi:fi.isuh/event/1493980,2025-02-01 20:14:42.660000,HE,KU6,S,BHZ
smi:fi.isuh/event/1493980,2025-02-01 20:15:12.320000,FN,RANF,S,BHZ
smi:fi.isuh/event/1493980,2025-02-01 20:14:25.980000,HE,KEV,P,BHZ
smi:fi.isuh/event/1493980,2025-02-01 20:15:03.640000,HE,KEV,S,BHZ
smi:fi.isuh/event/1493980,2025-02-01 20:15:27.560000,FN,KLF,S,BHZ
smi:fi.isuh/event/1493980,2025-02-01 20:15:18.720000,HE,HEF,S,BHZ
smi:fi.isuh/event/1493981,2025-02-01 22:16:57.040000,HE,VRF,P,BHZ
smi:fi.isuh/event/1493981,2025-02-01 22:17:18.920000,HE,VRF,S,BHZ
smi:fi.isuh/event/1493981,2025-02-01 22:17:07.480000,FN,OLKF,P,BHZ
smi:fi.isuh/event/1493981,2025-02-01 22:17:36.880000,FN,OLKF,S,BHZ
smi:fi.isuh/event/1493981,2025-02-01 22:17:07.280000,FN,RAJF,P,BHZ
smi:fi.isuh/event/1493981,2025-02-01 22:17:35.840000,FN,RAJF,S,BHZ
smi:fi.isuh/event/1493981,2025-02-01 22:17:38.320000,HE,KU6,S,BHZ
smi:fi.isuh/event/1493981,2025-02-01 22:18:00.000000,HE,KEV,S,BHZ
smi:fi.isuh/event/1493981,2025-02-01 22:18:06.880000,FN,RANF,S,BHZ
smi:fi.isuh/event/1493981,2025-02-01 22:18:28.760000,HE,HEF,S,BHZ
smi:fi.isuh/event/1493945,2025-02-02 10:38:19.480000,FN,RAJF,P,BHZ
smi:fi.isuh/event/1493945,2025-02-02 10:38:27.440000,FN,RAJF,S,BHZ
smi:fi.isuh/event/1493945,2025-02-02 10:38:21.080000,HE,VRF,P,BHZ
smi:fi.isuh/event/1493945,2025-02-02 10:38:33.920000,HE,VRF,S,BHZ
smi:fi.isuh/event/1493945,2025-02-02 10:38:25.430000,FN,KLF,P,BHZ
smi:fi.isuh/event/1493945,2025-02-02 10:38:42.600000,FN,KLF,S,BHZ
smi:fi.isuh/event/1493945,2025-02-02 10:38:28.820000,HE,HEF,P,BHZ
smi:fi.isuh/event/1493945,2025-02-02 10:38:48.560000,HE,HEF,S,BHZ
smi:fi.isuh/event/1493945,2025-02-02 10:38:33.480000,FN,OLKF,P,BHZ
smi:fi.isuh/event/1493945,2025-02-02 10:38:55.620000,FN,OLKF,S,BHZ
smi:fi.isuh/event/1493945,2025-02-02 10:38:33.480000,FN,RANF,P,BHZ
smi:fi.isuh/event/1493945,2025-02-02 10:38:55.120000,FN,RANF,S,BHZ
smi:fi.isuh/event/1493945,2025-02-02 10:38:36.980000,HE,TOF,P,BHZ
smi:fi.isuh/event/1493945,2025-02-02 10:39:02.160000,HE,TOF,S,BHZ
smi:fi.isuh/event/1493945,2025-02-02 10:38:38.800000,HE,KEV,P,BHZ
smi:fi.isuh/event/1493945,2025-02-02 10:39:05.960000,HE,KEV,S,BHZ
smi:fi.isuh/event/1493945,2025-02-02 10:38:39.180000,HE,KU6,P,BHZ
smi:fi.isuh/event/1493945,2025-02-02 10:39:06.120000,HE,KU6,S,BHZ
smi:fi.isuh/event/1493945,2025-02-02 10:38:39.580000,HE,KU2,P,BHZ
smi:fi.isuh/event/1493945,2025-02-02 10:39:06.980000,HE,KU2,S,BHZ
smi:fi.isuh/event/1493945,2025-02-02 10:38:42.580000,HE,KU1,P,BHZ
smi:fi.isuh/event/1493945,2025-02-02 10:39:15.610000,HE,KU1,S,BHZ
smi:fi.isuh/event/1493945,2025-02-02 10:38:48.180000,HE,KIF,P,BHZ
smi:fi.isuh/event/1493950,2025-02-02 15:12:33.722670,HE,ECKF,P,CZ
smi:fi.isuh/event/1493950,2025-02-02 15:12:55.038670,HE,ECKF,S,CZ
smi:fi.isuh/event/1493950,2025-02-02 15:12:37.477880,UP,AAL,P,BHZ
smi:fi.isuh/event/1493950,2025-02-02 15:13:01.820960,UP,AAL,S,BHZ
smi:fi.isuh/event/1493946,2025-02-02 16:39:09.900000,HE,HEF,P,BHZ
smi:fi.isuh/event/1493946,2025-02-02 16:39:17.880000,HE,HEF,S,BHZ
smi:fi.isuh/event/1493946,2025-02-02 16:39:10.980000,FN,KLF,P,BHZ
smi:fi.isuh/event/1493946,2025-02-02 16:39:22.720000,FN,KLF,S,BHZ
smi:fi.isuh/event/1493946,2025-02-02 16:39:17.630000,FN,RAJF,P,BHZ
smi:fi.isuh/event/1493946,2025-02-02 16:39:37.320000,FN,RAJF,S,BHZ
smi:fi.isuh/event/1493946,2025-02-02 16:39:24.480000,HE,VRF,P,BHZ
smi:fi.isuh/event/1493946,2025-02-02 16:39:29.960000,HE,KEV,P,BHZ
smi:fi.isuh/event/1493946,2025-02-02 16:39:55.040000,HE,KEV,S,BHZ
smi:fi.isuh/event/1493946,2025-02-02 16:39:56.600000,FN,RANF,S,BHZ
smi:fi.isuh/event/1493957,2025-02-02 20:05:33.180000,HE,VRF,P,BHZ
smi:fi.isuh/event/1493957,2025-02-02 20:05:54.280000,HE,VRF,S,BHZ
smi:fi.isuh/event/1493957,2025-02-02 20:05:43.320000,FN,OLKF,P,BHZ
smi:fi.isuh/event/1493957,2025-02-02 20:06:11.920000,FN,OLKF,S,BHZ
smi:fi.isuh/event/1493957,2025-02-02 20:05:42.580000,FN,RAJF,P,BHZ
smi:fi.isuh/event/1493957,2025-02-02 20:06:10.200000,FN,RAJF,S,BHZ
smi:fi.isuh/event/1493957,2025-02-02 20:05:44.120000,HE,KU6,P,BHZ
smi:fi.isuh/event/1493957,2025-02-02 20:06:13.240000,HE,KU6,S,BHZ
smi:fi.isuh/event/1493957,2025-02-02 20:06:41.640000,FN,RANF,S,BHZ
smi:fi.isuh/event/1493957,2025-02-02 20:05:56.980000,HE,KEV,P,BHZ
smi:fi.isuh/event/1493957,2025-02-02 20:06:39.000000,HE,KEV,S,BHZ
smi:fi.isuh/event/1493957,2025-02-02 20:07:02.960000,FN,KLF,S,BHZ
smi:fi.isuh/event/1493949,2025-02-02 23:07:43.680000,FN,KLF,P,BHZ
smi:fi.isuh/event/1493949,2025-02-02 23:08:02.680000,FN,KLF,S,BHZ
smi:fi.isuh/event/1493949,2025-02-02 23:07:50.930000,HE,HEF,P,BHZ
smi:fi.isuh/event/1493949,2025-02-02 23:08:12.380000,HE,HEF,S,BHZ
smi:fi.isuh/event/1493949,2025-02-02 23:07:52.980000,HE,TOF,P,BHZ
smi:fi.isuh/event/1493949,2025-02-02 23:08:18.280000,HE,TOF,S,BHZ
smi:fi.isuh/event/1493949,2025-02-02 23:07:53.580000,HE,KIF,P,BHZ
smi:fi.isuh/event/1493949,2025-02-02 23:08:19.200000,HE,KIF,S,BHZ
smi:fi.isuh/event/1494074,2025-02-03 04:09:34.180000,HE,VRF,P,BHZ
smi:fi.isuh/event/1494074,2025-02-03 04:09:53.800000,HE,VRF,S,BHZ
smi:fi.isuh/event/1494074,2025-02-03 04:09:44.080000,FN,RAJF,P,BHZ
smi:fi.isuh/event/1494074,2025-02-03 04:10:11.280000,FN,RAJF,S,BHZ
smi:fi.isuh/event/1494074,2025-02-03 04:09:44.840000,FN,OLKF,P,BHZ
smi:fi.isuh/event/1494074,2025-02-03 04:10:12.880000,FN,OLKF,S,BHZ
smi:fi.isuh/event/1494074,2025-02-03 04:09:45.960000,HE,KU6,P,BHZ
smi:fi.isuh/event/1494074,2025-02-03 04:10:14.800000,HE,KU6,S,BHZ
smi:fi.isuh/event/1494074,2025-02-03 04:10:24.140000,HE,KU1,S,BHZ
smi:fi.isuh/event/1494074,2025-02-03 04:10:36.680000,HE,KU2,S,BHZ
smi:fi.isuh/event/1494074,2025-02-03 04:09:57.980000,HE,KEV,P,BHZ
smi:fi.isuh/event/1494074,2025-02-03 04:10:36.200000,HE,KEV,S,BHZ
smi:fi.isuh/event/1494074,2025-02-03 04:10:42.880000,FN,RANF,S,BHZ
smi:fi.isuh/event/1494074,2025-02-03 04:10:51.420000,HE,HEF,S,BHZ
smi:fi.isuh/event/1494066,2025-02-03 06:26:09.890000,HE,RMF,P,BHZ
smi:fi.isuh/event/1494066,2025-02-03 06:26:17.080000,HE,RMF,S,BHZ
smi:fi.isuh/event/1494066,2025-02-03 06:26:17.660000,HE,KU1,P,BHZ
smi:fi.isuh/event/1494066,2025-02-03 06:26:30.080000,HE,KU1,S,BHZ
smi:fi.isuh/event/1494066,2025-02-03 06:26:42.180000,HE,KU6,S,BHZ
smi:fi.isuh/event/1494066,2025-02-03 06:26:25.680000,HE,KU2,P,BHZ
smi:fi.isuh/event/1494066,2025-02-03 06:26:44.380000,HE,KU2,S,BHZ
smi:fi.isuh/event/1494066,2025-02-03 06:26:52.600000,FN,OLKF,S,BHZ
smi:fi.isuh/event/1494066,2025-02-03 06:26:54.520000,HE,JOF,S,BHZ
smi:fi.isuh/event/1494066,2025-02-03 06:27:04.000000,FN,RANF,S,BHZ
smi:fi.isuh/event/1494079,2025-02-03 10:37:02.880000,HE,VRF,P,BHZ
smi:fi.isuh/event/1494079,2025-02-03 10:37:22.200000,HE,VRF,S,BHZ
smi:fi.isuh/event/1494079,2025-02-03 10:37:12.700000,FN,RAJF,P,BHZ
smi:fi.isuh/event/1494079,2025-02-03 10:37:39.920000,FN,RAJF,S,BHZ
smi:fi.isuh/event/1494079,2025-02-03 10:37:13.280000,FN,OLKF,P,BHZ
smi:fi.isuh/event/1494079,2025-02-03 10:37:41.920000,FN,OLKF,S,BHZ
smi:fi.isuh/event/1494079,2025-02-03 10:37:14.340000,HE,KU6,P,BHZ
smi:fi.isuh/event/1494079,2025-02-03 10:37:43.960000,HE,KU6,S,BHZ
smi:fi.isuh/event/1494079,2025-02-03 10:37:26.720000,HE,KEV,P,BHZ
smi:fi.isuh/event/1494079,2025-02-03 10:38:04.730000,HE,KEV,S,BHZ
smi:fi.isuh/event/1494079,2025-02-03 10:38:12.200000,FN,RANF,S,BHZ
smi:fi.isuh/event/1494079,2025-02-03 10:38:32.280000,FN,KLF,S,BHZ
smi:fi.isuh/event/1494079,2025-02-03 10:37:43.730000,HE,HEF,P,BHZ
smi:fi.isuh/event/1494079,2025-02-03 10:38:20.040000,HE,HEF,S,BHZ
smi:fi.isuh/event/1494079,2025-02-03 10:38:41.360000,HE,TOF,S,BHZ
smi:fi.isuh/event/1494081,2025-02-03 12:08:51.380000,HE,VRF,P,BHZ
smi:fi.isuh/event/1494081,2025-02-03 12:09:10.540000,HE,VRF,S,BHZ
smi:fi.isuh/event/1494081,2025-02-03 12:09:01.760000,FN,RAJF,P,BHZ
smi:fi.isuh/event/1494081,2025-02-03 12:09:28.220000,FN,RAJF,S,BHZ
smi:fi.isuh/event/1494081,2025-02-03 12:09:02.040000,FN,OLKF,P,BHZ
smi:fi.isuh/event/1494081,2025-02-03 12:09:30.040000,FN,OLKF,S,BHZ
smi:fi.isuh/event/1494081,2025-02-03 12:09:31.560000,HE,KU6,S,BHZ
smi:fi.isuh/event/1494081,2025-02-03 12:09:53.340000,HE,KEV,S,BHZ
smi:fi.isuh/event/1494081,2025-02-03 12:10:01.640000,FN,RANF,S,BHZ
smi:fi.isuh/event/1494084,2025-02-03 13:07:23.630000,HE,VRF,P,BHZ
smi:fi.isuh/event/1494084,2025-02-03 13:07:25.580000,HE,VRF,S,BHZ
smi:fi.isuh/event/1494084,2025-02-03 13:07:41.400000,FN,RAJF,P,BHZ
smi:fi.isuh/event/1494084,2025-02-03 13:07:54.840000,FN,RAJF,S,BHZ
smi:fi.isuh/event/1494084,2025-02-03 13:07:41.440000,FN,OLKF,P,BHZ
smi:fi.isuh/event/1494084,2025-02-03 13:07:57.960000,FN,OLKF,S,BHZ
smi:fi.isuh/event/1494084,2025-02-03 13:07:45.260000,HE,KU6,P,BHZ
smi:fi.isuh/event/1494084,2025-02-03 13:08:05.000000,HE,KU6,S,BHZ
smi:fi.isuh/event/1494084,2025-02-03 13:07:53.340000,HE,KU1,P,BHZ
smi:fi.isuh/event/1494084,2025-02-03 13:07:53.520000,HE,KU2,P,BHZ
smi:fi.isuh/event/1494084,2025-02-03 13:08:22.060000,HE,KU2,S,BHZ
smi:fi.isuh/event/1494084,2025-02-03 13:07:54.380000,FN,RANF,P,BHZ
smi:fi.isuh/event/1494084,2025-02-03 13:08:21.680000,FN,RANF,S,BHZ
smi:fi.isuh/event/1494084,2025-02-03 13:07:59.520000,FN,KLF,P,BHZ
smi:fi.isuh/event/1494084,2025-02-03 13:08:33.400000,FN,KLF,S,BHZ
smi:fi.isuh/event/1494084,2025-02-03 13:07:59.940000,HE,KEV,P,BHZ
smi:fi.isuh/event/1494084,2025-02-03 13:08:33.480000,HE,KEV,S,BHZ
smi:fi.isuh/event/1494084,2025-02-03 13:08:04.520000,HE,HEF,P,BHZ
smi:fi.isuh/event/1494084,2025-02-03 13:08:37.920000,HE,HEF,S,BHZ
smi:fi.isuh/event/1494084,2025-02-03 13:08:05.540000,HE,TOF,P,BHZ
smi:fi.isuh/event/1494084,2025-02-03 13:08:43.200000,HE,TOF,S,BHZ
smi:fi.isuh/event/1494084,2025-02-03 13:08:14.170000,HE,OBF3,P,BHZ
smi:fi.isuh/event/1494462,2025-02-03 14:29:08.005550,HE,HEL5,P,BHZ
smi:fi.isuh/event/1494462,2025-02-03 14:29:09.415660,HE,HEL5,S,BHZ
smi:fi.isuh/event/1494462,2025-02-03 14:29:08.155410,HE,MEF,P,BHZ
smi:fi.isuh/event/1494462,2025-02-03 14:29:09.387890,HE,MEF,S,BHZ
smi:fi.isuh/event/1494462,2025-02-03 14:29:09.107110,HE,LAUT,P,BHZ
smi:fi.isuh/event/1494462,2025-02-03 14:29:11.156070,HE,LAUT,S,BHZ
smi:fi.isuh/event/1494462,2025-02-03 14:29:09.351500,HE,HEL1,P,BHZ
smi:fi.isuh/event/1494462,2025-02-03 14:29:11.714820,HE,HEL1,S,BHZ
smi:fi.isuh/event/1494462,2025-02-03 14:29:09.351500,HE,RSUO,P,BHZ
smi:fi.isuh/event/1494462,2025-02-03 14:29:12.409000,HE,RSUO,S,BHZ
smi:fi.isuh/event/1494462,2025-02-03 14:29:10.164960,HE,KUNI,P,BHZ
smi:fi.isuh/event/1494462,2025-02-03 14:29:13.297830,HE,KUNI,S,BHZ
smi:fi.isuh/event/1494462,2025-02-03 14:29:11.807190,HE,VUOS,P,BHZ
smi:fi.isuh/event/1494462,2025-02-03 14:29:15.834480,HE,VUOS,S,BHZ
smi:fi.isuh/event/1494462,2025-02-03 14:29:12.957840,HE,NUR,P,SHZ
smi:fi.isuh/event/1494462,2025-02-03 14:29:17.887970,HE,NUR,S,SHZ
smi:fi.isuh/event/1494070,2025-02-03 15:00:06.381620,HE,HEL1,S,BHZ
smi:fi.isuh/event/1494070,2025-02-03 15:00:05.008670,HE,RSUO,P,BHZ
smi:fi.isuh/event/1494070,2025-02-03 15:00:06.305510,HE,RSUO,S,BHZ
smi:fi.isuh/event/1494070,2025-02-03 15:00:05.083490,HE,LAUT,P,BHZ
smi:fi.isuh/event/1494070,2025-02-03 15:00:06.505030,HE,LAUT,S,BHZ
smi:fi.isuh/event/1494070,2025-02-03 15:00:05.008670,HE,KUNI,P,BHZ
smi:fi.isuh/event/1494070,2025-02-03 15:00:07.028760,HE,KUNI,S,BHZ
smi:fi.isuh/event/1494070,2025-02-03 15:00:05.083490,HE,HEL5,P,BHZ
smi:fi.isuh/event/1494070,2025-02-03 15:00:06.779360,HE,HEL5,S,BHZ
smi:fi.isuh/event/1494070,2025-02-03 15:00:05.563350,HE,MEF,P,BHZ
smi:fi.isuh/event/1494070,2025-02-03 15:00:07.504750,HE,MEF,S,BHZ
smi:fi.isuh/event/1494070,2025-02-03 15:00:07.317920,HE,VUOS,P,BHZ
smi:fi.isuh/event/1494070,2025-02-03 15:00:10.362260,HE,VUOS,S,BHZ
smi:fi.isuh/event/1494070,2025-02-03 15:00:07.940550,HE,NUR,P,SHZ
smi:fi.isuh/event/1494070,2025-02-03 15:00:11.715200,HE,NUR,S,SHZ
smi:fi.isuh/event/1494086,2025-02-03 18:17:33.380000,HE,VRF,P,BHZ
smi:fi.isuh/event/1494086,2025-02-03 18:17:55.640000,HE,VRF,S,BHZ
smi:fi.isuh/event/1494086,2025-02-03 18:17:42.980000,FN,RAJF,P,BHZ
smi:fi.isuh/event/1494086,2025-02-03 18:18:12.680000,FN,RAJF,S,BHZ
smi:fi.isuh/event/1494086,2025-02-03 18:17:43.380000,FN,OLKF,P,BHZ
smi:fi.isuh/event/1494086,2025-02-03 18:18:13.440000,FN,OLKF,S,BHZ
smi:fi.isuh/event/1494086,2025-02-03 18:17:44.760000,HE,KU6,P,BHZ
smi:fi.isuh/event/1494086,2025-02-03 18:18:14.440000,HE,KU6,S,BHZ
smi:fi.isuh/event/1494086,2025-02-03 18:17:56.640000,HE,KEV,P,BHZ
smi:fi.isuh/event/1494086,2025-02-03 18:18:36.960000,HE,KEV,S,BHZ
smi:fi.isuh/event/1494086,2025-02-03 18:18:43.440000,FN,RANF,S,BHZ
smi:fi.isuh/event/1494086,2025-02-03 18:19:05.520000,FN,KLF,S,BHZ
smi:fi.isuh/event/1494083,2025-02-03 19:38:04.760000,HE,VRF,S,BHZ
smi:fi.isuh/event/1494083,2025-02-03 19:37:54.120000,FN,OLKF,P,BHZ
smi:fi.isuh/event/1494083,2025-02-03 19:38:23.120000,FN,OLKF,S,BHZ
smi:fi.isuh/event/1494083,2025-02-03 19:37:55.040000,HE,KU6,P,BHZ
smi:fi.isuh/event/1494083,2025-02-03 19:38:24.720000,HE,KU6,S,BHZ
smi:fi.isuh/event/1494083,2025-02-03 19:38:21.740000,FN,RAJF,S,BHZ
smi:fi.isuh/event/1494083,2025-02-03 19:38:07.880000,HE,KEV,P,BHZ
smi:fi.isuh/event/1494083,2025-02-03 19:38:46.280000,HE,KEV,S,BHZ
smi:fi.isuh/event/1494083,2025-02-03 19:38:17.400000,HE,TOF,P,BHZ
smi:fi.isuh/event/1494085,2025-02-03 19:57:58.480000,HE,VRF,P,BHZ
smi:fi.isuh/event/1494085,2025-02-03 19:58:20.640000,HE,VRF,S,BHZ
smi:fi.isuh/event/1494085,2025-02-03 19:58:08.720000,FN,RAJF,P,BHZ
smi:fi.isuh/event/1494085,2025-02-03 19:58:37.280000,FN,RAJF,S,BHZ
smi:fi.isuh/event/1494085,2025-02-03 19:58:08.480000,FN,OLKF,P,BHZ
smi:fi.isuh/event/1494085,2025-02-03 19:58:39.000000,FN,OLKF,S,BHZ
smi:fi.isuh/event/1494085,2025-02-03 19:58:40.640000,HE,KU6,S,BHZ
smi:fi.isuh/event/1494085,2025-02-03 19:59:01.200000,HE,KEV,S,BHZ
smi:fi.isuh/event/1494082,2025-02-03 23:20:59.710000,HE,KJNF,P,BHZ
smi:fi.isuh/event/1494082,2025-02-03 23:21:02.940000,HE,KJNF,S,BHZ
smi:fi.isuh/event/1494082,2025-02-03 23:21:26.080000,HE,OBF0,P,BHZ
smi:fi.isuh/event/1494082,2025-02-03 23:21:56.000000,FN,RANF,S,BHZ
smi:fi.isuh/event/1494082,2025-02-03 23:21:40.840000,HE,TOF,P,BHZ
smi:fi.isuh/event/1494082,2025-02-03 23:22:05.340000,HE,TOF,S,BHZ
smi:fi.isuh/event/1494082,2025-02-03 23:21:50.920000,FN,KLF,P,BHZ
smi:fi.isuh/event/1494222,2025-02-04 02:44:30.680000,HE,KIF,P,BHZ
smi:fi.isuh/event/1494222,2025-02-04 02:44:49.480000,HE,KIF,S,BHZ
smi:fi.isuh/event/1494222,2025-02-04 02:44:33.840000,HE,HEF,P,BHZ
smi:fi.isuh/event/1494222,2025-02-04 02:44:52.040000,HE,HEF,S,BHZ
smi:fi.isuh/event/1494222,2025-02-04 02:44:35.640000,FN,KLF,P,BHZ
smi:fi.isuh/event/1494222,2025-02-04 02:44:56.360000,FN,KLF,S,BHZ
smi:fi.isuh/event/1494222,2025-02-04 02:44:48.960000,HE,TOF,P,BHZ
smi:fi.isuh/event/1494222,2025-02-04 02:45:21.440000,HE,TOF,S,BHZ
smi:fi.isuh/event/1494222,2025-02-04 02:45:41.320000,FN,RAJF,S,BHZ
smi:fi.isuh/event/1494222,2025-02-04 02:45:42.280000,HE,KEV,S,BHZ
smi:fi.isuh/event/1494237,2025-02-04 04:05:32.480000,HE,VRF,P,BHZ
smi:fi.isuh/event/1494237,2025-02-04 04:05:51.880000,HE,VRF,S,BHZ
smi:fi.isuh/event/1494237,2025-02-04 04:05:41.780000,FN,RAJF,P,BHZ
smi:fi.isuh/event/1494237,2025-02-04 04:06:09.640000,FN,RAJF,S,BHZ
smi:fi.isuh/event/1494237,2025-02-04 04:05:43.080000,FN,OLKF,P,BHZ
smi:fi.isuh/event/1494237,2025-02-04 04:06:12.480000,FN,OLKF,S,BHZ
smi:fi.isuh/event/1494237,2025-02-04 04:05:46.520000,HE,KU6,P,BHZ
smi:fi.isuh/event/1494237,2025-02-04 04:06:13.400000,HE,KU6,S,BHZ
smi:fi.isuh/event/1494237,2025-02-04 04:05:56.160000,HE,KEV,P,BHZ
smi:fi.isuh/event/1494237,2025-02-04 04:06:30.320000,HE,KEV,S,BHZ
smi:fi.isuh/event/1494237,2025-02-04 04:06:32.960000,FN,RANF,S,BHZ
smi:fi.isuh/event/1494237,2025-02-04 04:06:48.320000,HE,HEF,S,BHZ
smi:fi.isuh/event/1494237,2025-02-04 04:06:50.960000,HE,TOF,S,BHZ
smi:fi.isuh/event/1494201,2025-02-04 08:59:50.897370,HE,HEL1,P,BHZ
smi:fi.isuh/event/1494201,2025-02-04 08:59:52.408260,HE,HEL1,S,BHZ
smi:fi.isuh/event/1494201,2025-02-04 08:59:51.012900,HE,KUNI,P,BHZ
smi:fi.isuh/event/1494201,2025-02-04 08:59:52.861070,HE,KUNI,S,BHZ
smi:fi.isuh/event/1494201,2025-02-04 08:59:51.019650,HE,LAUT,P,BHZ
smi:fi.isuh/event/1494201,2025-02-04 08:59:52.665040,HE,LAUT,S,BHZ
smi:fi.isuh/event/1494201,2025-02-04 08:59:51.048070,HE,HEL5,P,BHZ
smi:fi.isuh/event/1494201,2025-02-04 08:59:52.799600,HE,HEL5,S,BHZ
smi:fi.isuh/event/1494201,2025-02-04 08:59:51.538480,HE,MEF,P,BHZ
smi:fi.isuh/event/1494201,2025-02-04 08:59:53.810230,HE,MEF,S,BHZ
smi:fi.isuh/event/1494201,2025-02-04 08:59:56.212690,HE,VUOS,S,BHZ
smi:fi.isuh/event/1494201,2025-02-04 08:59:53.868180,HE,NUR,P,SHZ
smi:fi.isuh/event/1494201,2025-02-04 08:59:57.325340,HE,NUR,S,SHZ
smi:fi.isuh/event/1494239,2025-02-04 09:25:40.538940,HE,MEF,P,BHZ
smi:fi.isuh/event/1494239,2025-02-04 09:25:42.065380,HE,MEF,S,BHZ
smi:fi.isuh/event/1494239,2025-02-04 09:25:40.455580,HE,HEL5,P,BHZ
smi:fi.isuh/event/1494239,2025-02-04 09:25:41.945740,HE,HEL5,S,BHZ
smi:fi.isuh/event/1494239,2025-02-04 09:25:41.442320,HE,LAUT,P,BHZ
smi:fi.isuh/event/1494239,2025-02-04 09:25:43.604350,HE,LAUT,S,BHZ
smi:fi.isuh/event/1494239,2025-02-04 09:25:41.734090,HE,HEL1,P,BHZ
smi:fi.isuh/event/1494239,2025-02-04 09:25:44.061110,HE,HEL1,S,BHZ
smi:fi.isuh/event/1494239,2025-02-04 09:25:42.173150,HE,RSUO,P,BHZ
smi:fi.isuh/event/1494239,2025-02-04 09:25:44.731040,HE,RSUO,S,BHZ
smi:fi.isuh/event/1494239,2025-02-04 09:25:42.621280,HE,KUNI,P,BHZ
smi:fi.isuh/event/1494239,2025-02-04 09:25:45.633980,HE,KUNI,S,BHZ
smi:fi.isuh/event/1494239,2025-02-04 09:25:44.268220,HE,VUOS,P,BHZ
smi:fi.isuh/event/1494239,2025-02-04 09:25:48.245000,HE,VUOS,S,BHZ
smi:fi.isuh/event/1494239,2025-02-04 09:25:45.352800,HE,NUR,P,SHZ
smi:fi.isuh/event/1494239,2025-02-04 09:25:50.012450,HE,NUR,S,SHZ
smi:fi.isuh/event/1494571,2025-02-04 10:09:27.250130,HE,VUOS,P,BHZ
smi:fi.isuh/event/1494571,2025-02-04 10:09:28.412620,HE,VUOS,S,BHZ
smi:fi.isuh/event/1494571,2025-02-04 10:09:27.131400,HE,RSUO,P,BHZ
smi:fi.isuh/event/1494571,2025-02-04 10:09:28.155330,HE,RSUO,S,BHZ
smi:fi.isuh/event/1494571,2025-02-04 10:09:27.288260,HE,HEL1,P,BHZ
smi:fi.isuh/event/1494571,2025-02-04 10:09:28.179730,HE,HEL1,S,BHZ
smi:fi.isuh/event/1494571,2025-02-04 10:09:27.525500,HE,LAUT,P,BHZ
smi:fi.isuh/event/1494571,2025-02-04 10:09:28.675790,HE,LAUT,S,BHZ
smi:fi.isuh/event/1494571,2025-02-04 10:09:28.076680,HE,KUNI,P,BHZ
smi:fi.isuh/event/1494571,2025-02-04 10:09:29.610390,HE,KUNI,S,BHZ
smi:fi.isuh/event/1494247,2025-02-04 11:34:30.932700,HE,KY02,P,CZ
smi:fi.isuh/event/1494247,2025-02-04 11:34:33.014380,HE,KY02,S,CZ
smi:fi.isuh/event/1494247,2025-02-04 11:34:35.548940,HE,LOVF,P,CZ
smi:fi.isuh/event/1494247,2025-02-04 11:34:41.039200,HE,LOVF,S,CZ
smi:fi.isuh/event/1494247,2025-02-04 11:34:36.976900,HE,PVF,P,CZ
smi:fi.isuh/event/1494247,2025-02-04 11:34:43.058040,HE,PVF,S,CZ
smi:fi.isuh/event/1494247,2025-02-04 11:34:37.247720,HE,VJF,P,?HZ
smi:fi.isuh/event/1494247,2025-02-04 11:34:43.587370,HE,VJF,S,?HZ
smi:fi.isuh/event/1494247,2025-02-04 11:34:40.918470,HE,FIA0,P,?HZ
smi:fi.isuh/event/1494247,2025-02-04 11:34:49.502210,HE,FIA0,S,?HZ
smi:fi.isuh/event/1494247,2025-02-04 11:34:40.954540,HE,FIA1,P,?HZ
smi:fi.isuh/event/1494247,2025-02-04 11:34:49.285810,HE,FIA1,S,?HZ
smi:fi.isuh/event/1494247,2025-02-04 11:34:46.007250,HE,VUOS,P,BHZ
smi:fi.isuh/event/1494247,2025-02-04 11:34:58.890190,HE,VUOS,S,BHZ
smi:fi.isuh/event/1494247,2025-02-04 11:34:46.911280,HE,KUNI,P,BHZ
smi:fi.isuh/event/1494247,2025-02-04 11:34:59.462070,HE,KUNI,S,BHZ
smi:fi.isuh/event/1494247,2025-02-04 11:34:47.038700,HE,NUR,P,SHZ
smi:fi.isuh/event/1494247,2025-02-04 11:35:00.166110,HE,NUR,S,SHZ
smi:fi.isuh/event/1494247,2025-02-04 11:35:01.993610,HE,HEL1,S,BHZ
smi:fi.isuh/event/1494247,2025-02-04 11:34:48.222400,HE,LAUT,P,BHZ
smi:fi.isuh/event/1494247,2025-02-04 11:35:02.768270,HE,LAUT,S,BHZ
smi:fi.isuh/event/1494247,2025-02-04 11:34:50.155070,HE,RUF,P,BHZ
smi:fi.isuh/event/1494247,2025-02-04 11:35:07.040490,HE,RUF,S,BHZ
smi:fi.isuh/event/1494247,2025-02-04 11:34:51.579140,HE,MEF,P,BHZ
smi:fi.isuh/event/1494247,2025-02-04 11:35:08.057680,HE,MEF,S,BHZ
smi:fi.isuh/event/1494247,2025-02-04 11:34:52.087740,HE,KAF,P,?HZ
smi:fi.isuh/event/1494247,2025-02-04 11:35:08.769720,HE,KAF,S,?HZ
smi:fi.isuh/event/1494247,2025-02-04 11:34:54.497260,HE,TRE03,P,CZ
smi:fi.isuh/event/1494247,2025-02-04 11:35:13.622230,HE,TRE03,S,CZ
smi:fi.isuh/event/1494247,2025-02-04 11:34:57.442580,HE,KEF,P,?HZ
smi:fi.isuh/event/1494247,2025-02-04 11:35:18.375180,HE,KEF,S,?HZ
smi:fi.isuh/event/1494247,2025-02-04 11:35:02.367010,HE,SUF,P,BHZ
smi:fi.isuh/event/1494247,2025-02-04 11:35:26.317280,HE,SUF,S,BHZ
smi:fi.isuh/event/1494247,2025-02-04 11:35:27.918010,HE,TVF,S,BHZ
smi:fi.isuh/event/1494310,2025-02-04 11:45:46.361890,HE,RAF,P,BHZ
smi:fi.isuh/event/1494310,2025-02-04 11:45:53.187220,HE,RAF,S,BHZ
smi:fi.isuh/event/1494310,2025-02-04 11:45:46.535140,HE,KORF,P,CZ
smi:fi.isuh/event/1494310,2025-02-04 11:45:53.974310,HE,KORF,S,CZ
smi:fi.isuh/event/1494310,2025-02-04 11:45:52.692970,HE,TVF,P,BHZ
smi:fi.isuh/event/1494310,2025-02-04 11:46:03.999440,HE,TVF,S,BHZ
smi:fi.isuh/event/1494310,2025-02-04 11:46:13.504880,UP,AAL,S,BHZ
smi:fi.isuh/event/1494310,2025-02-04 11:46:14.537360,HE,MEF,S,BHZ
smi:fi.isuh/event/1494310,2025-02-04 11:46:15.697510,HE,NUR,S,SHZ
smi:fi.isuh/event/1494310,2025-02-04 11:46:00.247720,HE,KPF,P,BHZ
smi:fi.isuh/event/1494310,2025-02-04 11:46:17.431260,HE,KPF,S,BHZ
smi:fi.isuh/event/1494310,2025-02-04 11:46:01.101660,HE,ECKF,P,CZ
smi:fi.isuh/event/1494310,2025-02-04 11:46:19.044030,HE,ECKF,S,CZ
smi:fi.isuh/event/1494310,2025-02-04 11:46:19.740340,HE,HEL5,S,BHZ
smi:fi.isuh/event/1494310,2025-02-04 11:46:03.686760,HE,TRE03,P,CZ
smi:fi.isuh/event/1494310,2025-02-04 11:46:23.385530,HE,TRE03,S,CZ
smi:fi.isuh/event/1494310,2025-02-04 11:46:24.396450,HE,VUOS,S,BHZ
smi:fi.isuh/event/1494310,2025-02-04 11:46:10.133980,HE,PVF,P,CZ
smi:fi.isuh/event/1494310,2025-02-04 11:46:33.974340,HE,PVF,S,CZ
smi:fi.isuh/event/1494310,2025-02-04 11:46:40.580700,HE,LOVF,S,CZ
smi:fi.isuh/event/1494310,2025-02-04 11:46:41.442400,HE,KEF,S,?HZ
smi:fi.isuh/event/1494310,2025-02-04 11:46:42.878570,HE,FIA0,S,?HZ
smi:fi.isuh/event/1494310,2025-02-04 11:46:43.453040,HE,FIA1,S,?HZ
smi:fi.isuh/event/1494493,2025-02-04 12:00:32.219440,HE,NUR,P,SHZ
smi:fi.isuh/event/1494493,2025-02-04 12:00:34.046660,HE,NUR,S,SHZ
smi:fi.isuh/event/1494493,2025-02-04 12:00:32.681440,HE,KUNI,P,BHZ
smi:fi.isuh/event/1494493,2025-02-04 12:00:35.142380,HE,KUNI,S,BHZ
smi:fi.isuh/event/1494493,2025-02-04 12:00:33.788840,HE,RSUO,P,BHZ
smi:fi.isuh/event/1494493,2025-02-04 12:00:36.572490,HE,RSUO,S,BHZ
smi:fi.isuh/event/1494493,2025-02-04 12:00:34.355740,HE,HEL1,P,BHZ
smi:fi.isuh/event/1494493,2025-02-04 12:00:37.838430,HE,HEL1,S,BHZ
smi:fi.isuh/event/1494493,2025-02-04 12:00:34.815140,HE,LAUT,P,BHZ
smi:fi.isuh/event/1494493,2025-02-04 12:00:38.016220,HE,LAUT,S,BHZ
smi:fi.isuh/event/1494493,2025-02-04 12:00:34.935180,HE,VUOS,P,BHZ
smi:fi.isuh/event/1494493,2025-02-04 12:00:38.624470,HE,VUOS,S,BHZ
smi:fi.isuh/event/1494494,2025-02-04 12:05:44.730000,HE,VRF,P,BHZ
smi:fi.isuh/event/1494494,2025-02-04 12:06:03.280000,HE,VRF,S,BHZ
smi:fi.isuh/event/1494494,2025-02-04 12:05:53.580000,FN,RAJF,P,BHZ
smi:fi.isuh/event/1494494,2025-02-04 12:06:21.200000,FN,RAJF,S,BHZ
smi:fi.isuh/event/1494494,2025-02-04 12:05:54.930000,FN,OLKF,P,BHZ
smi:fi.isuh/event/1494494,2025-02-04 12:06:22.920000,FN,OLKF,S,BHZ
smi:fi.isuh/event/1494494,2025-02-04 12:06:25.640000,HE,KU6,S,BHZ
smi:fi.isuh/event/1494494,2025-02-04 12:06:37.260000,HE,KU2,S,BHZ
smi:fi.isuh/event/1494494,2025-02-04 12:06:14.260000,HE,KEV,P,BHZ
smi:fi.isuh/event/1494497,2025-02-04 12:39:34.174640,HE,MEF,P,BHZ
smi:fi.isuh/event/1494497,2025-02-04 12:39:35.729440,HE,MEF,S,BHZ
smi:fi.isuh/event/1494497,2025-02-04 12:39:35.710710,HE,HEL5,P,BHZ
smi:fi.isuh/event/1494497,2025-02-04 12:39:38.277080,HE,HEL5,S,BHZ
smi:fi.isuh/event/1494497,2025-02-04 12:39:36.771360,HE,LAUT,P,BHZ
smi:fi.isuh/event/1494497,2025-02-04 12:39:40.081870,HE,LAUT,S,BHZ
smi:fi.isuh/event/1494497,2025-02-04 12:39:37.196190,HE,HEL1,P,BHZ
smi:fi.isuh/event/1494497,2025-02-04 12:39:40.913420,HE,HEL1,S,BHZ
smi:fi.isuh/event/1494497,2025-02-04 12:39:37.688830,HE,RSUO,P,BHZ
smi:fi.isuh/event/1494497,2025-02-04 12:39:41.406070,HE,RSUO,S,BHZ
smi:fi.isuh/event/1494497,2025-02-04 12:39:38.134320,HE,KUNI,P,BHZ
smi:fi.isuh/event/1494497,2025-02-04 12:39:42.202520,HE,KUNI,S,BHZ
smi:fi.isuh/event/1494497,2025-02-04 12:39:39.500720,HE,VUOS,P,BHZ
smi:fi.isuh/event/1494497,2025-02-04 12:39:45.043700,HE,VUOS,S,BHZ
smi:fi.isuh/event/1494497,2025-02-04 12:39:40.038370,HE,NUR,P,SHZ
smi:fi.isuh/event/1494497,2025-02-04 12:39:45.365960,HE,NUR,S,SHZ
smi:fi.isuh/event/1494197,2025-02-04 12:45:57.386760,HE,KPF,P,BHZ
smi:fi.isuh/event/1494197,2025-02-04 12:46:06.610950,HE,KPF,S,BHZ
smi:fi.isuh/event/1494197,2025-02-04 12:46:01.020210,HE,VAF,P,BHZ
smi:fi.isuh/event/1494197,2025-02-04 12:46:12.854860,HE,VAF,S,BHZ
smi:fi.isuh/event/1494197,2025-02-04 12:46:11.090040,HE,RAF,P,BHZ
smi:fi.isuh/event/1494197,2025-02-04 12:46:28.945820,HE,RAF,S,BHZ
smi:fi.isuh/event/1494197,2025-02-04 12:46:11.061060,HE,ALAJF,P,?HZ
smi:fi.isuh/event/1494197,2025-02-04 12:46:29.478730,HE,ALAJF,S,?HZ
smi:fi.isuh/event/1494197,2025-02-04 12:46:13.280060,HE,TRE03,P,CZ
smi:fi.isuh/event/1494197,2025-02-04 12:46:33.361970,HE,TRE03,S,CZ
smi:fi.isuh/event/1494197,2025-02-04 12:46:14.611450,HE,KEF,P,?HZ
smi:fi.isuh/event/1494197,2025-02-04 12:46:36.024770,HE,KEF,S,?HZ
smi:fi.isuh/event/1494197,2025-02-04 12:46:24.193150,HE,SUF,P,BHZ
smi:fi.isuh/event/1494197,2025-02-04 12:46:51.495240,HE,SUF,S,BHZ
smi:fi.isuh/event/1494197,2025-02-04 12:46:53.867360,HE,KORF,S,CZ
smi:fi.isuh/event/1494568,2025-02-04 12:59:39.538730,HE,NIF,P,BHZ
smi:fi.isuh/event/1494568,2025-02-04 12:59:44.986620,HE,NIF,S,BHZ
smi:fi.isuh/event/1494568,2025-02-04 12:59:45.049680,HE,SUF,P,BHZ
smi:fi.isuh/event/1494568,2025-02-04 12:59:55.611800,HE,SUF,S,BHZ
smi:fi.isuh/event/1494568,2025-02-04 12:59:51.125780,HE,KAF,P,?HZ
smi:fi.isuh/event/1494568,2025-02-04 13:00:04.461780,HE,KAF,S,?HZ
smi:fi.isuh/event/1494568,2025-02-04 12:59:59.102280,HE,KEF,P,?HZ
smi:fi.isuh/event/1494568,2025-02-04 13:00:19.442390,HE,KEF,S,?HZ
smi:fi.isuh/event/1494568,2025-02-04 13:00:00.046650,HE,RMF,P,BHZ
smi:fi.isuh/event/1494568,2025-02-04 13:00:20.841340,HE,RMF,S,BHZ
smi:fi.isuh/event/1494568,2025-02-04 13:00:00.167580,HE,JOF,P,BHZ
smi:fi.isuh/event/1494568,2025-02-04 13:00:21.561550,HE,JOF,S,BHZ
smi:fi.isuh/event/1494568,2025-02-04 13:00:00.382670,HE,RUF,P,BHZ
smi:fi.isuh/event/1494568,2025-02-04 13:00:22.058250,HE,RUF,S,BHZ
smi:fi.isuh/event/1494568,2025-02-04 13:00:01.528310,HE,ALAJF,P,?HZ
smi:fi.isuh/event/1494568,2025-02-04 13:00:23.260470,HE,ALAJF,S,?HZ
smi:fi.isuh/event/1494568,2025-02-04 13:00:01.627860,HE,FIA1,P,?HZ
smi:fi.isuh/event/1494568,2025-02-04 13:00:23.923450,HE,FIA1,S,?HZ
smi:fi.isuh/event/1494568,2025-02-04 13:00:02.026950,HE,FIA0,P,?HZ
smi:fi.isuh/event/1494568,2025-02-04 13:00:23.923450,HE,FIA0,S,?HZ
smi:fi.isuh/event/1494568,2025-02-04 13:00:30.388910,HE,OUF,S,BHZ
smi:fi.isuh/event/1494200,2025-02-04 13:55:42.360000,HE,RMF,P,BHZ
smi:fi.isuh/event/1494200,2025-02-04 13:55:51.480000,HE,RMF,S,BHZ
smi:fi.isuh/event/1494200,2025-02-04 13:55:47.680000,HE,KU1,P,BHZ
smi:fi.isuh/event/1494200,2025-02-04 13:55:59.580000,HE,KU1,S,BHZ
smi:fi.isuh/event/1494200,2025-02-04 13:55:54.400000,HE,KU6,P,BHZ
smi:fi.isuh/event/1494200,2025-02-04 13:56:08.580000,HE,KU6,S,BHZ
smi:fi.isuh/event/1494200,2025-02-04 13:55:56.180000,HE,KU2,P,BHZ
smi:fi.isuh/event/1494200,2025-02-04 13:56:14.000000,HE,KU2,S,BHZ
smi:fi.isuh/event/1494200,2025-02-04 13:56:00.680000,FN,OLKF,P,BHZ
smi:fi.isuh/event/1494200,2025-02-04 13:56:21.880000,FN,OLKF,S,BHZ
smi:fi.isuh/event/1494200,2025-02-04 13:56:29.080000,HE,NIF,S,BHZ
smi:fi.isuh/event/1494200,2025-02-04 13:56:29.560000,HE,JOF,S,BHZ
smi:fi.isuh/event/1494200,2025-02-04 13:56:07.680000,FN,RANF,P,BHZ
smi:fi.isuh/event/1494200,2025-02-04 13:56:33.160000,FN,RANF,S,BHZ
smi:fi.isuh/event/1494200,2025-02-04 13:56:48.680000,HE,OBF3,S,BHZ
smi:fi.isuh/event/1494200,2025-02-04 13:56:59.580000,HE,SUF,S,BHZ
smi:fi.isuh/event/1494200,2025-02-04 13:56:59.440000,HE,TOF,S,BHZ
smi:fi.isuh/event/1494200,2025-02-04 13:57:02.760000,HE,VRF,S,BHZ
smi:fi.isuh/event/1494200,2025-02-04 13:57:34.080000,HE,VAF,S,BHZ
smi:fi.isuh/event/1494567,2025-02-04 14:27:34.041490,HE,HEL5,P,BHZ
smi:fi.isuh/event/1494567,2025-02-04 14:27:35.667380,HE,HEL5,S,BHZ
smi:fi.isuh/event/1494567,2025-02-04 14:27:34.130910,HE,MEF,P,BHZ
smi:fi.isuh/event/1494567,2025-02-04 14:27:35.635750,HE,MEF,S,BHZ
smi:fi.isuh/event/1494567,2025-02-04 14:27:35.074240,HE,LAUT,P,BHZ
smi:fi.isuh/event/1494567,2025-02-04 14:27:36.871070,HE,LAUT,S,BHZ
smi:fi.isuh/event/1494567,2025-02-04 14:27:35.264080,HE,HEL1,P,BHZ
smi:fi.isuh/event/1494567,2025-02-04 14:27:37.372970,HE,HEL1,S,BHZ
smi:fi.isuh/event/1494567,2025-02-04 14:27:35.785630,HE,RSUO,P,BHZ
smi:fi.isuh/event/1494567,2025-02-04 14:27:38.212000,HE,RSUO,S,BHZ
smi:fi.isuh/event/1494567,2025-02-04 14:27:36.123400,HE,KUNI,P,BHZ
smi:fi.isuh/event/1494567,2025-02-04 14:27:39.286200,HE,KUNI,S,BHZ
smi:fi.isuh/event/1494567,2025-02-04 14:27:38.217400,HE,VUOS,P,BHZ
smi:fi.isuh/event/1494567,2025-02-04 14:27:41.532890,HE,VUOS,S,BHZ
smi:fi.isuh/event/1494567,2025-02-04 14:27:38.949300,HE,NUR,P,SHZ
smi:fi.isuh/event/1494567,2025-02-04 14:27:44.018210,HE,NUR,S,SHZ
smi:fi.isuh/event/1494251,2025-02-04 16:02:43.980000,FN,RAJF,P,BHZ
smi:fi.isuh/event/1494251,2025-02-04 16:02:59.840000,FN,RAJF,S,BHZ
smi:fi.isuh/event/1494251,2025-02-04 16:02:45.600000,HE,KEV,P,BHZ
smi:fi.isuh/event/1494251,2025-02-04 16:03:02.960000,HE,KEV,S,BHZ
smi:fi.isuh/event/1494251,2025-02-04 16:03:15.680000,HE,VRF,S,BHZ
smi:fi.isuh/event/1494251,2025-02-04 16:03:43.400000,HE,HEF,S,BHZ
smi:fi.isuh/event/1494250,2025-02-04 16:21:52.580000,FN,RAJF,P,BHZ
smi:fi.isuh/event/1494250,2025-02-04 16:22:09.000000,FN,RAJF,S,BHZ
smi:fi.isuh/event/1494250,2025-02-04 16:21:54.200000,HE,KEV,P,BHZ
smi:fi.isuh/event/1494250,2025-02-04 16:22:11.700000,HE,KEV,S,BHZ
smi:fi.isuh/event/1494250,2025-02-04 16:22:00.880000,HE,VRF,P,BHZ
smi:fi.isuh/event/1494250,2025-02-04 16:22:22.640000,HE,VRF,S,BHZ
smi:fi.isuh/event/1494250,2025-02-04 16:22:17.280000,HE,HEF,P,BHZ
smi:fi.isuh/event/1494250,2025-02-04 16:22:51.720000,HE,HEF,S,BHZ
smi:fi.isuh/event/1494250,2025-02-04 16:23:18.120000,HE,KIF,S,BHZ
smi:fi.isuh/event/1494249,2025-02-04 20:05:34.230000,HE,VRF,P,BHZ
smi:fi.isuh/event/1494249,2025-02-04 20:05:44.000000,FN,OLKF,P,BHZ
smi:fi.isuh/event/1494249,2025-02-04 20:06:13.260000,FN,OLKF,S,BHZ
smi:fi.isuh/event/1494249,2025-02-04 20:05:44.840000,HE,KU6,P,BHZ
smi:fi.isuh/event/1494249,2025-02-04 20:06:14.800000,HE,KU6,S,BHZ
smi:fi.isuh/event/1494249,2025-02-04 20:05:42.830000,FN,RAJF,P,BHZ
smi:fi.isuh/event/1494249,2025-02-04 20:06:11.000000,FN,RAJF,S,BHZ
smi:fi.isuh/event/1494249,2025-02-04 20:06:42.360000,HE,KEV,S,BHZ
smi:fi.isuh/event/1494249,2025-02-04 20:06:53.680000,HE,HEF,S,BHZ
smi:fi.isuh/event/1494248,2025-02-04 20:23:46.250000,HE,KEV,P,BHZ
smi:fi.isuh/event/1494248,2025-02-04 20:23:58.360000,HE,KEV,S,BHZ
smi:fi.isuh/event/1494248,2025-02-04 20:24:06.680000,FN,RAJF,P,BHZ
smi:fi.isuh/event/1494248,2025-02-04 20:24:31.560000,FN,RAJF,S,BHZ
smi:fi.isuh/event/1494248,2025-02-04 20:25:19.520000,FN,KLF,S,BHZ
smi:fi.isuh/event/1494402,2025-02-05 00:52:43.420640,HE,OBF0,P,BHZ
smi:fi.isuh/event/1494402,2025-02-05 00:53:05.156950,HE,OBF0,S,BHZ
smi:fi.isuh/event/1494402,2025-02-05 00:52:45.691640,HE,OBF3,P,BHZ
smi:fi.isuh/event/1494402,2025-02-05 00:53:08.548990,HE,OBF3,S,BHZ
smi:fi.isuh/event/1494402,2025-02-05 00:52:47.248860,HE,OUF,P,BHZ
smi:fi.isuh/event/1494402,2025-02-05 00:53:11.677830,HE,OUF,S,BHZ
smi:fi.isuh/event/1494402,2025-02-05 00:52:48.611430,HE,TOF,P,BHZ
smi:fi.isuh/event/1494402,2025-02-05 00:53:13.916340,HE,TOF,S,BHZ
smi:fi.isuh/event/1494402,2025-02-05 00:52:50.460640,HE,VAF,P,BHZ
smi:fi.isuh/event/1494402,2025-02-05 00:53:17.225450,HE,VAF,S,BHZ
smi:fi.isuh/event/1494402,2025-02-05 00:53:23.415590,HE,ALAJF,S,?HZ
smi:fi.isuh/event/1494492,2025-02-05 10:53:25.094070,HE,NUR,P,SHZ
smi:fi.isuh/event/1494492,2025-02-05 10:53:25.721890,HE,NUR,S,SHZ
smi:fi.isuh/event/1494492,2025-02-05 10:53:30.204400,HE,KUNI,P,BHZ
smi:fi.isuh/event/1494492,2025-02-05 10:53:34.656110,HE,KUNI,S,BHZ
smi:fi.isuh/event/1494492,2025-02-05 10:53:31.032620,HE,MEF,P,BHZ
smi:fi.isuh/event/1494492,2025-02-05 10:53:35.887280,HE,MEF,S,BHZ
smi:fi.isuh/event/1494492,2025-02-05 10:53:32.576930,HE,VUOS,P,BHZ
smi:fi.isuh/event/1494492,2025-02-05 10:53:38.486660,HE,VUOS,S,BHZ
smi:fi.isuh/event/1494492,2025-02-05 10:53:35.130630,HE,PVF,P,CE
smi:fi.isuh/event/1494492,2025-02-05 10:53:43.104720,HE,PVF,S,CZ
smi:fi.isuh/event/1494492,2025-02-05 10:53:42.318810,HE,TVF,P,BHZ
smi:fi.isuh/event/1494492,2025-02-05 10:53:55.321060,HE,TVF,S,BHZ
smi:fi.isuh/event/1494492,2025-02-05 10:53:46.385810,HE,KY17,P,CZ
smi:fi.isuh/event/1494492,2025-02-05 10:54:02.653810,HE,KY17,S,CZ
smi:fi.isuh/event/1494492,2025-02-05 10:53:49.979910,HE,VJF,P,?HZ
smi:fi.isuh/event/1494492,2025-02-05 10:54:08.676200,HE,VJF,S,?HZ
smi:fi.isuh/event/1494492,2025-02-05 10:54:14.577320,HE,KORF,S,CZ
smi:fi.isuh/event/1494492,2025-02-05 10:54:17.890220,HE,KAF,S,?HZ
smi:fi.isuh/event/1494492,2025-02-05 10:53:55.735170,HE,KPF,P,BHZ
smi:fi.isuh/event/1494492,2025-02-05 10:54:18.638070,HE,KPF,S,BHZ
smi:fi.isuh/event/1494492,2025-02-05 10:54:03.051450,HE,RUF,P,BHZ
smi:fi.isuh/event/1494492,2025-02-05 10:54:32.932640,HE,RUF,S,BHZ
smi:fi.isuh/event/1494492,2025-02-05 10:54:03.126720,HE,SUF,P,BHZ
smi:fi.isuh/event/1494492,2025-02-05 10:54:33.045400,HE,SUF,S,BHZ
smi:fi.isuh/event/1494356,2025-02-05 11:59:51.760000,HE,VRF,P,BHZ
smi:fi.isuh/event/1494356,2025-02-05 11:59:56.940000,HE,VRF,S,BHZ
smi:fi.isuh/event/1494356,2025-02-05 12:00:06.920000,FN,RAJF,P,BHZ
smi:fi.isuh/event/1494356,2025-02-05 12:00:23.160000,FN,RAJF,S,BHZ
smi:fi.isuh/event/1494356,2025-02-05 12:00:09.200000,FN,OLKF,P,BHZ
smi:fi.isuh/event/1494356,2025-02-05 12:00:26.000000,FN,OLKF,S,BHZ
smi:fi.isuh/event/1494356,2025-02-05 12:00:13.680000,HE,KU6,P,BHZ
smi:fi.isuh/event/1494356,2025-02-05 12:00:33.560000,HE,KU6,S,BHZ
smi:fi.isuh/event/1494356,2025-02-05 12:00:21.620000,HE,KU1,P,BHZ
smi:fi.isuh/event/1494356,2025-02-05 12:00:21.820000,HE,KU2,P,BHZ
smi:fi.isuh/event/1494356,2025-02-05 12:00:22.680000,FN,RANF,P,BHZ
smi:fi.isuh/event/1494356,2025-02-05 12:00:50.120000,FN,RANF,S,BHZ
smi:fi.isuh/event/1494356,2025-02-05 12:00:27.480000,FN,KLF,P,BHZ
smi:fi.isuh/event/1494356,2025-02-05 12:01:02.200000,FN,KLF,S,BHZ
smi:fi.isuh/event/1494356,2025-02-05 12:00:27.660000,HE,KEV,P,BHZ
smi:fi.isuh/event/1494356,2025-02-05 12:01:02.040000,HE,KEV,S,BHZ
smi:fi.isuh/event/1494356,2025-02-05 12:00:29.680000,HE,HEF,P,BHZ
smi:fi.isuh/event/1494356,2025-02-05 12:01:06.480000,HE,HEF,S,BHZ
smi:fi.isuh/event/1494356,2025-02-05 12:00:31.430000,HE,TOF,P,BHZ
smi:fi.isuh/event/1494356,2025-02-05 12:01:07.120000,HE,TOF,S,BHZ
smi:fi.isuh/event/1494356,2025-02-05 12:00:46.480000,HE,KIF,P,BHZ
smi:fi.isuh/event/1494408,2025-02-05 12:15:19.680000,HE,OUF,P,BHZ
smi:fi.isuh/event/1494408,2025-02-05 12:15:24.160000,HE,OUF,S,BHZ
smi:fi.isuh/event/1494408,2025-02-05 12:15:22.780000,HE,OBF0,P,BHZ
smi:fi.isuh/event/1494408,2025-02-05 12:15:30.360000,HE,OBF0,S,BHZ
smi:fi.isuh/event/1494408,2025-02-05 12:15:33.770000,HE,OBF8,P,BHZ
smi:fi.isuh/event/1494408,2025-02-05 12:15:40.420000,HE,NIF,P,BHZ
smi:fi.isuh/event/1494408,2025-02-05 12:15:42.120000,FN,RANF,P,BHZ
smi:fi.isuh/event/1494408,2025-02-05 12:16:02.880000,FN,RANF,S,BHZ
smi:fi.isuh/event/1494408,2025-02-05 12:15:43.380000,HE,TOF,P,BHZ
smi:fi.isuh/event/1494408,2025-02-05 12:16:06.480000,HE,TOF,S,BHZ
smi:fi.isuh/event/1494408,2025-02-05 12:15:43.280000,HE,KU2,P,BHZ
smi:fi.isuh/event/1494408,2025-02-05 12:15:45.980000,HE,SUF,P,BHZ
smi:fi.isuh/event/1494408,2025-02-05 12:16:10.060000,HE,SUF,S,BHZ
smi:fi.isuh/event/1494408,2025-02-05 12:15:47.930000,HE,VAF,P,BHZ
smi:fi.isuh/event/1494408,2025-02-05 12:16:13.560000,HE,VAF,S,BHZ
smi:fi.isuh/event/1494408,2025-02-05 12:15:49.010000,HE,KU1,P,BHZ
smi:fi.isuh/event/1494408,2025-02-05 12:16:24.480000,HE,KEF,S,BHZ
smi:fi.isuh/event/1494408,2025-02-05 12:16:25.640000,HE,KU6,S,BHZ
smi:fi.isuh/event/1494408,2025-02-05 12:15:55.830000,HE,KAF,P,BHZ
smi:fi.isuh/event/1494408,2025-02-05 12:16:26.760000,HE,KAF,S,BHZ
smi:fi.isuh/event/1494408,2025-02-05 12:16:26.920000,FN,OLKF,S,BHZ
smi:fi.isuh/event/1494408,2025-02-05 12:16:58.930000,HE,RAF,S,BHZ
smi:fi.isuh/event/1494408,2025-02-05 12:16:16.000000,HE,KUNI,P,BHZ
smi:fi.isuh/event/1494496,2025-02-05 12:33:04.305690,HE,ECKF,P,CZ
smi:fi.isuh/event/1494496,2025-02-05 12:33:10.964320,HE,ECKF,S,CZ
smi:fi.isuh/event/1494496,2025-02-05 12:33:07.924510,UP,AAL,P,BHZ
smi:fi.isuh/event/1494496,2025-02-05 12:33:17.834750,UP,AAL,S,BHZ
smi:fi.isuh/event/1494496,2025-02-05 12:33:21.531280,HE,KORF,P,CZ
smi:fi.isuh/event/1494496,2025-02-05 12:33:40.638650,HE,KORF,S,CZ
smi:fi.isuh/event/1494496,2025-02-05 12:33:27.668850,HE,RAF,P,BHZ
smi:fi.isuh/event/1494496,2025-02-05 12:33:51.373660,HE,RAF,S,BHZ
smi:fi.isuh/event/1494496,2025-02-05 12:34:04.388060,HE,TVF,S,BHZ
smi:fi.isuh/event/1494496,2025-02-05 12:33:36.500060,HE,KPF,P,BHZ
smi:fi.isuh/event/1494496,2025-02-05 12:34:06.712060,HE,KPF,S,BHZ
smi:fi.isuh/event/1494499,2025-02-05 12:57:56.586340,HE,RUF,P,BHZ
smi:fi.isuh/event/1494499,2025-02-05 12:57:58.705130,HE,RUF,S,BHZ
smi:fi.isuh/event/1494499,2025-02-05 12:58:10.576200,HE,KY17,P,CZ
smi:fi.isuh/event/1494499,2025-02-05 12:58:23.113070,HE,KY17,S,CZ
smi:fi.isuh/event/1494499,2025-02-05 12:58:10.756200,HE,VJF,P,?HZ
smi:fi.isuh/event/1494499,2025-02-05 12:58:23.316200,HE,VJF,S,?HZ
smi:fi.isuh/event/1494499,2025-02-05 12:58:12.703020,HE,KY02,P,CZ
smi:fi.isuh/event/1494499,2025-02-05 12:58:27.084410,HE,KY02,S,CZ
smi:fi.isuh/event/1494499,2025-02-05 12:58:18.273280,HE,FIA1,P,?HZ
smi:fi.isuh/event/1494499,2025-02-05 12:58:36.503200,HE,FIA1,S,?HZ
smi:fi.isuh/event/1494499,2025-02-05 12:58:18.273280,HE,FIA0,P,?HZ
smi:fi.isuh/event/1494499,2025-02-05 12:58:36.503200,HE,FIA0,S,?HZ
smi:fi.isuh/event/1494499,2025-02-05 12:58:20.795000,HE,KAF,P,?HZ
smi:fi.isuh/event/1494499,2025-02-05 12:58:40.366210,HE,KAF,S,?HZ
smi:fi.isuh/event/1494499,2025-02-05 12:58:22.575860,HE,PVF,P,CZ
smi:fi.isuh/event/1494499,2025-02-05 12:58:44.357160,HE,PVF,S,CZ
smi:fi.isuh/event/1494499,2025-02-05 12:58:28.107390,HE,SUF,P,BHZ
smi:fi.isuh/event/1494499,2025-02-05 12:58:53.599220,HE,SUF,S,BHZ
smi:fi.isuh/event/1494499,2025-02-05 12:58:31.052660,HE,KEF,P,?HZ
smi:fi.isuh/event/1494499,2025-02-05 12:58:58.677270,HE,KEF,S,?HZ
smi:fi.isuh/event/1494407,2025-02-05 13:00:45.234400,HE,MEF,P,BHZ
smi:fi.isuh/event/1494407,2025-02-05 13:00:46.553290,HE,MEF,S,BHN
smi:fi.isuh/event/1494407,2025-02-05 13:00:48.194690,HE,NUR,P,SHZ
smi:fi.isuh/event/1494407,2025-02-05 13:00:52.139560,HE,NUR,S,SHZ
smi:fi.isuh/event/1494407,2025-02-05 13:00:52.061020,HE,HEL5,S,BHZ
smi:fi.isuh/event/1494407,2025-02-05 13:00:48.909020,HE,KUNI,P,BHZ
smi:fi.isuh/event/1494407,2025-02-05 13:00:52.881440,HE,KUNI,S,BHZ
smi:fi.isuh/event/1494407,2025-02-05 13:00:53.358890,HE,HEL1,S,BHZ
smi:fi.isuh/event/1494407,2025-02-05 13:00:49.167910,HE,LAUT,P,BHZ
smi:fi.isuh/event/1494407,2025-02-05 13:00:53.310320,HE,LAUT,S,BHZ
smi:fi.isuh/event/1494407,2025-02-05 13:00:56.780580,HE,VUOS,S,BHZ
smi:fi.isuh/event/1494407,2025-02-05 13:00:56.548520,HE,TVF,P,BHZ
smi:fi.isuh/event/1494407,2025-02-05 13:01:05.366460,HE,TVF,S,BHZ
smi:fi.isuh/event/1494407,2025-02-05 13:00:57.940830,HE,PVF,P,CZ
smi:fi.isuh/event/1494407,2025-02-05 13:01:08.151080,HE,PVF,S,CZ
smi:fi.isuh/event/1494407,2025-02-05 13:01:09.311330,HE,FIA0,P,?HZ
smi:fi.isuh/event/1494407,2025-02-05 13:01:27.875420,HE,FIA0,S,?HZ
smi:fi.isuh/event/1494407,2025-02-05 13:01:09.311330,HE,FIA1,P,?HZ
smi:fi.isuh/event/1494407,2025-02-05 13:01:27.875420,HE,FIA1,S,?HZ
smi:fi.isuh/event/1494503,2025-02-05 13:13:38.279260,HE,NIF,P,BHZ
smi:fi.isuh/event/1494503,2025-02-05 13:13:43.515270,HE,NIF,S,BHZ
smi:fi.isuh/event/1494503,2025-02-05 13:13:49.630190,HE,RMF,P,BHZ
smi:fi.isuh/event/1494503,2025-02-05 13:14:02.840930,HE,RMF,S,BHZ
smi:fi.isuh/event/1494503,2025-02-05 13:13:54.033770,HE,JOF,P,BHZ
smi:fi.isuh/event/1494503,2025-02-05 13:14:10.257490,HE,JOF,S,BHZ
smi:fi.isuh/event/1494503,2025-02-05 13:13:55.192610,HE,SUF,P,BHZ
smi:fi.isuh/event/1494503,2025-02-05 13:14:11.752360,HE,SUF,S,BHZ
smi:fi.isuh/event/1494503,2025-02-05 13:14:00.625820,HE,KAF,P,?HZ
smi:fi.isuh/event/1494503,2025-02-05 13:14:22.224390,HE,KAF,S,?HZ
smi:fi.isuh/event/1494503,2025-02-05 13:14:30.171910,HE,RUF,S,BHZ
smi:fi.isuh/event/1494503,2025-02-05 13:14:06.609840,HE,OUF,P,BHZ
smi:fi.isuh/event/1494503,2025-02-05 13:14:32.509420,HE,OUF,S,BHZ
smi:fi.isuh/event/1494503,2025-02-05 13:14:34.593060,HE,ALAJF,S,?HZ
smi:fi.isuh/event/1494503,2025-02-05 13:14:08.099050,HE,KEF,P,?HZ
smi:fi.isuh/event/1494503,2025-02-05 13:14:35.011260,HE,KEF,S,?HZ
smi:fi.isuh/event/1494503,2025-02-05 13:14:38.069570,HE,KU1,S,SHZ
smi:fi.isuh/event/1494509,2025-02-05 14:05:09.824320,HE,PVF,P,CZ
smi:fi.isuh/event/1494509,2025-02-05 14:05:14.505970,HE,PVF,S,CZ
smi:fi.isuh/event/1494509,2025-02-05 14:05:13.224670,HE,LOVF,P,CZ
smi:fi.isuh/event/1494509,2025-02-05 14:05:20.175350,HE,LOVF,S,CZ
smi:fi.isuh/event/1494509,2025-02-05 14:05:13.421790,HE,KY02,P,CZ
smi:fi.isuh/event/1494509,2025-02-05 14:05:20.546870,HE,KY02,S,CZ
smi:fi.isuh/event/1494509,2025-02-05 14:05:14.456680,HE,FIA0,P,?HZ
smi:fi.isuh/event/1494509,2025-02-05 14:05:21.940080,HE,FIA0,S,?HZ
smi:fi.isuh/event/1494509,2025-02-05 14:05:14.456680,HE,FIA1,P,?HZ
smi:fi.isuh/event/1494509,2025-02-05 14:05:21.940080,HE,FIA1,S,?HZ
smi:fi.isuh/event/1494509,2025-02-05 14:05:14.788300,HE,NUR,P,SHZ
smi:fi.isuh/event/1494509,2025-02-05 14:05:22.961760,HE,NUR,S,SHZ
smi:fi.isuh/event/1494509,2025-02-05 14:05:15.787260,HE,KY17,P,CZ
smi:fi.isuh/event/1494509,2025-02-05 14:05:24.559190,HE,KY17,S,CZ
smi:fi.isuh/event/1494509,2025-02-05 14:05:17.010320,HE,VUOS,P,BHZ
smi:fi.isuh/event/1494509,2025-02-05 14:05:26.711050,HE,VUOS,S,BHZ
smi:fi.isuh/event/1494509,2025-02-05 14:05:21.104150,HE,VJF,P,?HZ
smi:fi.isuh/event/1494509,2025-02-05 14:05:33.735870,HE,VJF,S,?HZ
smi:fi.isuh/event/1494509,2025-02-05 14:05:22.195710,HE,TRE03,P,CZ
smi:fi.isuh/event/1494509,2025-02-05 14:05:35.720150,HE,TRE03,S,CZ
smi:fi.isuh/event/1494509,2025-02-05 14:05:26.745990,HE,KAF,P,?HZ
smi:fi.isuh/event/1494509,2025-02-05 14:05:43.023890,HE,KAF,S,?HZ
smi:fi.isuh/event/1494509,2025-02-05 14:05:28.136350,HE,KEF,P,?HZ
smi:fi.isuh/event/1494509,2025-02-05 14:05:45.515890,HE,KEF,S,?HZ
smi:fi.isuh/event/1494509,2025-02-05 14:05:33.483920,HE,RUF,P,BHZ
smi:fi.isuh/event/1494509,2025-02-05 14:05:54.833310,HE,RUF,S,BHZ
smi:fi.isuh/event/1494509,2025-02-05 14:05:36.656340,HE,SUF,P,BHZ
smi:fi.isuh/event/1494509,2025-02-05 14:06:00.634780,HE,SUF,S,BHZ
smi:fi.isuh/event/1494509,2025-02-05 14:05:37.551060,HE,RAF,P,BHZ
smi:fi.isuh/event/1494509,2025-02-05 14:06:02.259190,HE,RAF,S,BHZ
smi:fi.isuh/event/1494509,2025-02-05 14:05:38.357150,HE,KPF,P,BHN
smi:fi.isuh/event/1494509,2025-02-05 14:06:04.115660,HE,KPF,S,BHZ
smi:fi.isuh/event/1494509,2025-02-05 14:05:41.605980,HE,KORF,P,CZ
smi:fi.isuh/event/1494509,2025-02-05 14:06:09.453000,HE,KORF,S,CZ
smi:fi.isuh/event/1494504,2025-02-05 14:31:51.200000,HE,MEF,P,BHZ
smi:fi.isuh/event/1494504,2025-02-05 14:31:51.280000,HE,HEL5,P,BHZ
smi:fi.isuh/event/1494504,2025-02-05 14:31:52.380000,HE,LAUT,P,BHZ
smi:fi.isuh/event/1494504,2025-02-05 14:31:53.880000,HE,LAUT,S,BHZ
smi:fi.isuh/event/1494504,2025-02-05 14:31:52.650000,HE,HEL1,P,BHZ
smi:fi.isuh/event/1494504,2025-02-05 14:31:54.890000,HE,HEL1,S,BHZ
smi:fi.isuh/event/1494504,2025-02-05 14:31:53.470000,HE,KUNI,P,BHZ
smi:fi.isuh/event/1494504,2025-02-05 14:31:56.380000,HE,KUNI,S,BHZ
smi:fi.isuh/event/1494504,2025-02-05 14:31:55.000000,HE,VUOS,P,BHZ
smi:fi.isuh/event/1494504,2025-02-05 14:31:58.800000,HE,VUOS,S,BHZ
smi:fi.isuh/event/1494504,2025-02-05 14:32:01.500000,HE,NUR,P,BHZ
smi:fi.isuh/event/1494504,2025-02-05 14:32:03.830000,HE,PVF,P,BHZ
smi:fi.isuh/event/1494504,2025-02-05 14:32:13.740000,HE,PVF,S,BHZ
smi:fi.isuh/event/1494504,2025-02-05 14:32:16.860000,HE,KY17,P,BHZ
smi:fi.isuh/event/1494504,2025-02-05 14:32:38.720000,HE,KY17,S,BHZ
smi:fi.isuh/event/1494504,2025-02-05 14:32:16.980000,HE,TRE03,P,BHZ
smi:fi.isuh/event/1494504,2025-02-05 14:32:18.400000,HE,FIA0,P,SHZ
smi:fi.isuh/event/1494504,2025-02-05 14:32:39.500000,HE,FIA0,S,SHZ
smi:fi.isuh/event/1494504,2025-02-05 14:32:40.600000,HE,VJF,S,BHZ
smi:fi.isuh/event/1494504,2025-02-05 14:32:17.100000,HE,KORF,P,BHZ
smi:fi.isuh/event/1494504,2025-02-05 14:32:41.300000,HE,KORF,S,BHZ
smi:fi.isuh/event/1494504,2025-02-05 14:32:19.830000,HE,RAF,P,BHZ
smi:fi.isuh/event/1494504,2025-02-05 14:32:40.400000,HE,RAF,S,BHZ
smi:fi.isuh/event/1494504,2025-02-05 14:32:53.480000,HE,KEF,S,BHZ
smi:fi.isuh/event/1494504,2025-02-05 14:32:53.800000,HE,KPF,S,BHZ
smi:fi.isuh/event/1494504,2025-02-05 14:32:59.600000,UP,AAL,S,BHZ
smi:fi.isuh/event/1494717,2025-02-06 08:48:39.107160,HE,NIF,P,BHN
smi:fi.isuh/event/1494717,2025-02-06 08:48:46.967930,HE,NIF,S,BHN
smi:fi.isuh/event/1494717,2025-02-06 08:48:46.291800,HE,SUF,P,BHZ
smi:fi.isuh/event/1494717,2025-02-06 08:48:59.360640,HE,SUF,S,BHZ
smi:fi.isuh/event/1494717,2025-02-06 08:48:47.598890,HE,OUF,P,BHZ
smi:fi.isuh/event/1494717,2025-02-06 08:49:01.137240,HE,OUF,S,BHZ
smi:fi.isuh/event/1494717,2025-02-06 08:48:51.464660,HE,ALAJF,P,?HZ
smi:fi.isuh/event/1494717,2025-02-06 08:49:08.144930,HE,ALAJF,S,?HZ
smi:fi.isuh/event/1494717,2025-02-06 08:48:52.170900,HE,OBF0,P,BHZ
smi:fi.isuh/event/1494717,2025-02-06 08:49:09.237580,HE,OBF0,S,BHZ
smi:fi.isuh/event/1494717,2025-02-06 08:48:53.516050,HE,OBF3,P,BHZ
smi:fi.isuh/event/1494717,2025-02-06 08:49:11.796820,HE,OBF3,S,BHZ
smi:fi.isuh/event/1494717,2025-02-06 08:48:55.786720,HE,RMF,P,BHZ
smi:fi.isuh/event/1494717,2025-02-06 08:49:15.806440,HE,RMF,S,BHZ
smi:fi.isuh/event/1494717,2025-02-06 08:48:55.708750,HE,OBF8,P,BHZ
smi:fi.isuh/event/1494717,2025-02-06 08:49:16.040910,HE,OBF8,S,BHZ
smi:fi.isuh/event/1494717,2025-02-06 08:48:56.709380,HE,KAF,P,?HZ
smi:fi.isuh/event/1494717,2025-02-06 08:49:17.521410,HE,KAF,S,?HZ
smi:fi.isuh/event/1494717,2025-02-06 08:48:58.867140,HE,KEF,P,?HZ
smi:fi.isuh/event/1494717,2025-02-06 08:49:21.469400,HE,KEF,S,?HZ
smi:fi.isuh/event/1494717,2025-02-06 08:49:01.619240,HE,VAF,P,BHZ
smi:fi.isuh/event/1494717,2025-02-06 08:49:26.206990,HE,VAF,S,BHZ
smi:fi.isuh/event/1494717,2025-02-06 08:49:05.796580,HE,KU2,P,SHZ
smi:fi.isuh/event/1494717,2025-02-06 08:49:32.909910,HE,KU2,S,SHZ
smi:fi.isuh/event/1494717,2025-02-06 08:49:36.188730,HE,JOF,S,BHZ
smi:fi.isuh/event/1494717,2025-02-06 08:49:07.804380,HE,KU1,P,SHZ
smi:fi.isuh/event/1494717,2025-02-06 08:49:36.373070,HE,KU1,S,SHZ
smi:fi.isuh/event/1494717,2025-02-06 08:49:08.003480,HE,FIA1,P,?HZ
smi:fi.isuh/event/1494717,2025-02-06 08:49:37.034850,HE,FIA1,S,?HZ
smi:fi.isuh/event/1494717,2025-02-06 08:49:08.003480,HE,FIA0,P,?HZ
smi:fi.isuh/event/1494717,2025-02-06 08:49:37.034850,HE,FIA0,S,?HZ
smi:fi.isuh/event/1494717,2025-02-06 08:49:08.849320,FN,RANF,P,?HZ
smi:fi.isuh/event/1494717,2025-02-06 08:49:36.655680,FN,RANF,S,?HZ
smi:fi.isuh/event/1494695,2025-02-06 09:02:40.580000,HE,TOF,P,BHZ
smi:fi.isuh/event/1494695,2025-02-06 09:02:54.600000,HE,TOF,S,BHZ
smi:fi.isuh/event/1494695,2025-02-06 09:02:49.610000,HE,OBF3,P,BHZ
smi:fi.isuh/event/1494695,2025-02-06 09:03:11.680000,HE,OBF3,S,BHZ
smi:fi.isuh/event/1494695,2025-02-06 09:02:50.740000,HE,OBF8,P,BHZ
smi:fi.isuh/event/1494695,2025-02-06 09:03:13.420000,HE,OBF8,S,BHZ
smi:fi.isuh/event/1494695,2025-02-06 09:02:51.580000,HE,OBF0,P,BHZ
smi:fi.isuh/event/1494695,2025-02-06 09:03:14.480000,HE,OBF0,S,BHZ
smi:fi.isuh/event/1494695,2025-02-06 09:02:51.880000,FN,KLF,P,BHZ
smi:fi.isuh/event/1494695,2025-02-06 09:03:14.280000,FN,KLF,S,BHZ
smi:fi.isuh/event/1494695,2025-02-06 09:02:55.280000,HE,OUF,P,BHZ
smi:fi.isuh/event/1494695,2025-02-06 09:02:57.680000,FN,RANF,P,BHZ
smi:fi.isuh/event/1494695,2025-02-06 09:03:24.560000,FN,RANF,S,BHZ
smi:fi.isuh/event/1494695,2025-02-06 09:03:40.230000,HE,KU2,S,BHZ
smi:fi.isuh/event/1494695,2025-02-06 09:03:44.480000,HE,HEF,S,BHZ
smi:fi.isuh/event/1494695,2025-02-06 09:03:08.330000,HE,VAF,P,BHZ
smi:fi.isuh/event/1494695,2025-02-06 09:03:46.860000,HE,VAF,S,BHZ
smi:fi.isuh/event/1494695,2025-02-06 09:03:09.490000,HE,KJNF,P,BHZ
smi:fi.isuh/event/1494695,2025-02-06 09:03:48.350000,HE,KJNF,S,BHZ
smi:fi.isuh/event/1494695,2025-02-06 09:03:12.280000,FN,OLKF,P,BHZ
smi:fi.isuh/event/1494695,2025-02-06 09:03:50.600000,FN,OLKF,S,BHZ
smi:fi.isuh/event/1494695,2025-02-06 09:03:53.540000,HE,KU1,S,BHZ
smi:fi.isuh/event/1494695,2025-02-06 09:03:55.600000,HE,KU6,S,BHZ
smi:fi.isuh/event/1494695,2025-02-06 09:04:13.120000,FN,RAJF,S,BHZ
smi:fi.isuh/event/1494464,2025-02-06 10:51:08.280000,HE,RMF,P,BHZ
smi:fi.isuh/event/1494464,2025-02-06 10:51:16.560000,HE,RMF,S,BHZ
smi:fi.isuh/event/1494464,2025-02-06 10:51:12.680000,HE,KU1,P,BHZ
smi:fi.isuh/event/1494464,2025-02-06 10:51:24.480000,HE,KU1,S,BHZ
smi:fi.isuh/event/1494464,2025-02-06 10:51:19.520000,HE,KU6,P,BHZ
smi:fi.isuh/event/1494464,2025-02-06 10:51:35.760000,HE,KU6,S,BHZ
smi:fi.isuh/event/1494464,2025-02-06 10:51:21.080000,HE,KU2,P,BHZ
smi:fi.isuh/event/1494464,2025-02-06 10:51:38.940000,HE,KU2,S,BHZ
smi:fi.isuh/event/1494464,2025-02-06 10:51:19.800000,HE,KJNF,P,BHZ
smi:fi.isuh/event/1494464,2025-02-06 10:51:25.440000,FN,OLKF,P,BHZ
smi:fi.isuh/event/1494464,2025-02-06 10:51:46.720000,FN,OLKF,S,BHZ
smi:fi.isuh/event/1494464,2025-02-06 10:51:29.980000,HE,NIF,P,BHZ
smi:fi.isuh/event/1494464,2025-02-06 10:51:53.740000,HE,NIF,S,BHZ
smi:fi.isuh/event/1494464,2025-02-06 10:51:54.640000,HE,JOF,S,BHZ
smi:fi.isuh/event/1494464,2025-02-06 10:51:32.640000,FN,RANF,P,BHZ
smi:fi.isuh/event/1494464,2025-02-06 10:51:58.120000,FN,RANF,S,BHZ
smi:fi.isuh/event/1494464,2025-02-06 10:52:13.560000,HE,OBF3,S,BHZ
smi:fi.isuh/event/1494464,2025-02-06 10:52:14.840000,HE,OUF,S,BHZ
smi:fi.isuh/event/1494464,2025-02-06 10:52:20.080000,HE,OBF0,S,BHZ
smi:fi.isuh/event/1494464,2025-02-06 10:51:46.300000,HE,SUF,P,BHZ
smi:fi.isuh/event/1494464,2025-02-06 10:52:24.100000,HE,SUF,S,BHZ
smi:fi.isuh/event/1494464,2025-02-06 10:52:24.000000,HE,TOF,S,BHZ
smi:fi.isuh/event/1494464,2025-02-06 10:52:27.360000,HE,VRF,S,BHZ
smi:fi.isuh/event/1494464,2025-02-06 10:52:49.840000,FN,KLF,S,BHZ
smi:fi.isuh/event/1494718,2025-02-06 10:59:01.580000,HE,VJF,P,BHZ
smi:fi.isuh/event/1494718,2025-02-06 10:59:06.640000,HE,VJF,S,BHZ
smi:fi.isuh/event/1494718,2025-02-06 10:59:03.380000,HE,KY17,P,BHZ
smi:fi.isuh/event/1494718,2025-02-06 10:59:09.680000,HE,KY17,S,BHZ
smi:fi.isuh/event/1494718,2025-02-06 10:59:03.780000,HE,PVF,P,BHZ
smi:fi.isuh/event/1494718,2025-02-06 10:59:10.420000,HE,PVF,S,BHZ
smi:fi.isuh/event/1494718,2025-02-06 10:59:23.460000,HE,VUOS,S,BHZ
smi:fi.isuh/event/1494718,2025-02-06 10:59:13.150000,HE,KUNI,P,BHZ
smi:fi.isuh/event/1494718,2025-02-06 10:59:26.320000,HE,KUNI,S,BHZ
smi:fi.isuh/event/1494718,2025-02-06 10:59:13.400000,HE,FIA0,P,SHZ
smi:fi.isuh/event/1494718,2025-02-06 10:59:30.600000,HE,FIA0,S,SHZ
smi:fi.isuh/event/1494718,2025-02-06 10:59:14.310000,HE,LAUT,P,BHZ
smi:fi.isuh/event/1494718,2025-02-06 10:59:28.080000,HE,LAUT,S,BHZ
smi:fi.isuh/event/1494718,2025-02-06 10:59:14.730000,HE,NUR,P,BHZ
smi:fi.isuh/event/1494718,2025-02-06 10:59:29.030000,HE,NUR,S,BHZ
smi:fi.isuh/event/1494718,2025-02-06 10:59:15.380000,HE,HEL5,P,BHZ
smi:fi.isuh/event/1494718,2025-02-06 10:59:30.380000,HE,HEL5,S,BHZ
smi:fi.isuh/event/1494718,2025-02-06 10:59:17.560000,HE,MEF,P,BHZ
smi:fi.isuh/event/1494718,2025-02-06 10:59:34.480000,HE,MEF,S,BHZ
smi:fi.isuh/event/1494718,2025-02-06 10:59:19.780000,HE,RUF,P,BHZ
smi:fi.isuh/event/1494718,2025-02-06 10:59:41.180000,HE,RUF,S,BHZ
smi:fi.isuh/event/1494718,2025-02-06 10:59:24.760000,HE,KAF,P,BHZ
smi:fi.isuh/event/1494718,2025-02-06 10:59:46.880000,HE,KAF,S,BHZ
smi:fi.isuh/event/1494718,2025-02-06 10:59:25.780000,HE,TRE03,P,BHZ
smi:fi.isuh/event/1494718,2025-02-06 10:59:48.580000,HE,TRE03,S,BHZ
smi:fi.isuh/event/1494718,2025-02-06 10:59:29.300000,HE,TVF,P,BHZ
smi:fi.isuh/event/1494718,2025-02-06 10:59:54.080000,HE,TVF,S,BHZ
smi:fi.isuh/event/1494718,2025-02-06 10:59:56.080000,HE,KEF,S,BHZ
smi:fi.isuh/event/1494718,2025-02-06 10:59:34.680000,HE,SUF,P,BHZ
smi:fi.isuh/event/1494718,2025-02-06 11:00:04.780000,HE,SUF,S,BHZ
smi:fi.isuh/event/1494718,2025-02-06 11:00:12.080000,HE,RAF,S,BHZ
smi:fi.isuh/event/1494718,2025-02-06 10:59:41.380000,HE,KPF,P,BHZ
smi:fi.isuh/event/1494718,2025-02-06 11:00:15.980000,HE,KPF,S,BHZ
smi:fi.isuh/event/1494718,2025-02-06 10:59:40.980000,HE,KORF,P,BHZ
smi:fi.isuh/event/1494718,2025-02-06 11:00:14.860000,HE,KORF,S,BHZ
smi:fi.isuh/event/1494718,2025-02-06 11:00:32.560000,HE,JOF,S,BHZ
smi:fi.isuh/event/1494715,2025-02-06 11:41:19.280000,HE,NIF,P,BHZ
smi:fi.isuh/event/1494715,2025-02-06 11:41:29.480000,HE,SUF,P,BHZ
smi:fi.isuh/event/1494715,2025-02-06 11:41:42.900000,HE,SUF,S,BHZ
smi:fi.isuh/event/1494715,2025-02-06 11:41:35.580000,HE,KJNF,P,BHZ
smi:fi.isuh/event/1494715,2025-02-06 11:41:51.080000,HE,KJNF,S,BHZ
smi:fi.isuh/event/1494715,2025-02-06 11:41:36.280000,HE,KAF,P,BHZ
smi:fi.isuh/event/1494715,2025-02-06 11:41:53.280000,HE,KAF,S,BHZ
smi:fi.isuh/event/1494715,2025-02-06 11:41:41.260000,HE,RMF,P,BHZ
smi:fi.isuh/event/1494715,2025-02-06 11:42:02.780000,HE,RMF,S,BHZ
smi:fi.isuh/event/1494715,2025-02-06 11:41:44.230000,HE,KEF,P,BHZ
smi:fi.isuh/event/1494715,2025-02-06 11:42:05.880000,HE,KEF,S,BHZ
smi:fi.isuh/event/1494715,2025-02-06 11:41:44.040000,HE,JOF,P,BHZ
smi:fi.isuh/event/1494715,2025-02-06 11:42:05.520000,HE,JOF,S,BHZ
smi:fi.isuh/event/1494715,2025-02-06 11:41:46.280000,HE,RUF,P,BHZ
smi:fi.isuh/event/1494715,2025-02-06 11:41:47.440000,HE,OUF,P,BHZ
smi:fi.isuh/event/1494715,2025-02-06 11:42:12.360000,HE,OUF,S,BHZ
smi:fi.isuh/event/1494715,2025-02-06 11:41:47.600000,HE,FIA0,P,SHZ
smi:fi.isuh/event/1494715,2025-02-06 11:42:12.300000,HE,FIA0,S,SHZ
smi:fi.isuh/event/1494715,2025-02-06 11:41:51.480000,HE,OBF0,P,BHZ
smi:fi.isuh/event/1494715,2025-02-06 11:41:52.980000,HE,OBF3,P,BHZ
smi:fi.isuh/event/1494715,2025-02-06 11:41:53.980000,HE,KY17,P,BHZ
smi:fi.isuh/event/1494715,2025-02-06 11:41:54.240000,HE,TRE03,P,BHZ
smi:fi.isuh/event/1494715,2025-02-06 11:41:54.460000,HE,OBF8,P,BHZ
smi:fi.isuh/event/1494715,2025-02-06 11:41:55.160000,HE,VAF,P,BHZ
smi:fi.isuh/event/1494715,2025-02-06 11:42:25.880000,HE,VAF,S,BHZ
smi:fi.isuh/event/1494715,2025-02-06 11:41:58.780000,HE,VJF,P,BHZ
smi:fi.isuh/event/1494715,2025-02-06 11:42:33.600000,HE,VJF,S,BHZ
smi:fi.isuh/event/1494715,2025-02-06 11:41:59.000000,HE,KU1,P,BHZ
smi:fi.isuh/event/1494715,2025-02-06 11:42:33.720000,HE,KU1,S,BHZ
smi:fi.isuh/event/1494715,2025-02-06 11:41:59.620000,HE,KU2,P,BHZ
smi:fi.isuh/event/1494715,2025-02-06 11:42:35.880000,HE,KU2,S,BHZ
smi:fi.isuh/event/1494715,2025-02-06 11:42:01.960000,HE,PVF,P,BHZ
smi:fi.isuh/event/1494715,2025-02-06 11:42:38.680000,HE,PVF,S,BHZ
smi:fi.isuh/event/1494715,2025-02-06 11:42:04.440000,HE,KPF,P,BHZ
smi:fi.isuh/event/1494715,2025-02-06 11:42:04.280000,FN,RANF,P,BHZ
smi:fi.isuh/event/1494715,2025-02-06 11:42:40.600000,FN,RANF,S,BHZ
smi:fi.isuh/event/1494715,2025-02-06 11:42:06.940000,HE,NUR,P,BHZ
smi:fi.isuh/event/1494715,2025-02-06 11:42:47.340000,HE,NUR,S,BHZ
smi:fi.isuh/event/1494715,2025-02-06 11:42:07.620000,HE,KU6,P,BHZ
smi:fi.isuh/event/1494715,2025-02-06 11:42:45.560000,HE,KU6,S,BHZ
smi:fi.isuh/event/1494715,2025-02-06 11:42:53.280000,HE,VUOS,S,BHZ
smi:fi.isuh/event/1494715,2025-02-06 11:42:09.280000,FN,OLKF,P,BHZ
smi:fi.isuh/event/1494715,2025-02-06 11:42:52.720000,FN,OLKF,S,BHZ
smi:fi.isuh/event/1494715,2025-02-06 11:42:13.960000,HE,MEF,P,BHZ
smi:fi.isuh/event/1494715,2025-02-06 11:42:09.760000,HE,TOF,P,BHZ
smi:fi.isuh/event/1494715,2025-02-06 11:42:12.760000,HE,RAF,P,BHZ
smi:fi.isuh/event/1494715,2025-02-06 11:42:27.620000,HE,KORF,P,BHZ
smi:fi.isuh/event/1494720,2025-02-06 11:55:35.451740,HE,VAF,P,BHZ
smi:fi.isuh/event/1494720,2025-02-06 11:55:42.483360,HE,VAF,S,BHZ
smi:fi.isuh/event/1494720,2025-02-06 11:55:47.142600,HE,ALAJF,P,?HZ
smi:fi.isuh/event/1494720,2025-02-06 11:56:01.671940,HE,ALAJF,S,?HZ
smi:fi.isuh/event/1494720,2025-02-06 11:55:51.226930,HE,KPF,P,BHZ
smi:fi.isuh/event/1494720,2025-02-06 11:56:08.455810,HE,KPF,S,BHZ
smi:fi.isuh/event/1494720,2025-02-06 11:55:52.626780,HE,OBF8,P,BHE
smi:fi.isuh/event/1494720,2025-02-06 11:56:11.249110,HE,OBF8,S,BHZ
smi:fi.isuh/event/1494720,2025-02-06 11:55:58.486840,HE,OBF0,P,BHZ
smi:fi.isuh/event/1494720,2025-02-06 11:56:21.681750,HE,OBF0,S,BHZ
smi:fi.isuh/event/1494720,2025-02-06 11:55:59.087600,HE,KEF,P,?HZ
smi:fi.isuh/event/1494720,2025-02-06 11:56:22.723470,HE,KEF,S,?HZ
smi:fi.isuh/event/1494720,2025-02-06 11:55:59.398430,HE,OUF,P,BHZ
smi:fi.isuh/event/1494720,2025-02-06 11:56:23.302360,HE,OUF,S,BHZ
smi:fi.isuh/event/1494720,2025-02-06 11:56:27.353870,HE,TRE03,S,CZ
smi:fi.isuh/event/1494720,2025-02-06 11:56:03.956380,HE,SUF,P,BHZ
smi:fi.isuh/event/1494720,2025-02-06 11:56:31.911830,HE,SUF,S,BHZ
smi:fi.isuh/event/1494720,2025-02-06 11:56:04.564110,HE,RAF,P,BHZ
smi:fi.isuh/event/1494720,2025-02-06 11:56:32.924700,HE,RAF,S,BHZ
smi:fi.isuh/event/1494708,2025-02-06 12:05:39.153460,HE,ECKF,P,CZ
smi:fi.isuh/event/1494708,2025-02-06 12:05:54.260790,HE,ECKF,S,CZ
smi:fi.isuh/event/1494708,2025-02-06 12:05:42.015920,UP,AAL,P,BHZ
smi:fi.isuh/event/1494708,2025-02-06 12:05:59.183240,UP,AAL,S,BHZ
smi:fi.isuh/event/1494708,2025-02-06 12:05:53.646270,HE,KORF,P,CZ
smi:fi.isuh/event/1494708,2025-02-06 12:06:20.173800,HE,KORF,S,CZ
smi:fi.isuh/event/1494719,2025-02-06 12:37:24.400000,HE,KEF,P,BHZ
smi:fi.isuh/event/1494719,2025-02-06 12:37:30.280000,HE,KEF,S,BHZ
smi:fi.isuh/event/1494719,2025-02-06 12:37:27.880000,HE,SUF,P,BHZ
smi:fi.isuh/event/1494719,2025-02-06 12:37:36.400000,HE,SUF,S,BHZ
smi:fi.isuh/event/1494719,2025-02-06 12:37:32.080000,HE,KAF,P,BHZ
smi:fi.isuh/event/1494719,2025-02-06 12:37:43.720000,HE,KAF,S,BHZ
smi:fi.isuh/event/1494719,2025-02-06 12:37:35.600000,HE,TRE03,P,BHZ
smi:fi.isuh/event/1494719,2025-02-06 12:37:49.580000,HE,TRE03,S,BHZ
smi:fi.isuh/event/1494719,2025-02-06 12:37:36.480000,HE,VAF,P,BHZ
smi:fi.isuh/event/1494719,2025-02-06 12:37:51.580000,HE,VAF,S,BHZ
smi:fi.isuh/event/1494719,2025-02-06 12:37:40.400000,HE,FIA0,P,SHZ
smi:fi.isuh/event/1494719,2025-02-06 12:37:58.300000,HE,FIA0,S,SHZ
smi:fi.isuh/event/1494719,2025-02-06 12:37:43.780000,HE,KPF,P,BHZ
smi:fi.isuh/event/1494719,2025-02-06 12:38:04.400000,HE,KPF,S,BHZ
smi:fi.isuh/event/1494719,2025-02-06 12:37:45.120000,HE,NIF,P,BHZ
smi:fi.isuh/event/1494719,2025-02-06 12:38:06.140000,HE,NIF,S,BHZ
smi:fi.isuh/event/1494719,2025-02-06 12:37:51.580000,HE,OBF0,P,BHZ
smi:fi.isuh/event/1494719,2025-02-06 12:38:17.220000,HE,OBF0,S,BHZ
smi:fi.isuh/event/1494719,2025-02-06 12:38:18.980000,HE,KY17,S,BHZ
smi:fi.isuh/event/1494719,2025-02-06 12:38:23.680000,HE,PVF,S,BHZ
smi:fi.isuh/event/1494719,2025-02-06 12:37:54.680000,HE,RAF,P,BHZ
smi:fi.isuh/event/1494719,2025-02-06 12:38:23.160000,HE,RAF,S,BHZ
smi:fi.isuh/event/1494719,2025-02-06 12:38:27.920000,HE,RUF,S,BHZ
smi:fi.isuh/event/1494707,2025-02-06 13:00:54.520000,HE,MEF,P,BHZ
smi:fi.isuh/event/1494707,2025-02-06 13:00:55.980000,HE,HEL5,P,BHZ
smi:fi.isuh/event/1494707,2025-02-06 13:00:57.740000,HE,HEL5,S,BHZ
smi:fi.isuh/event/1494707,2025-02-06 13:00:56.280000,HE,LAUT,P,BHZ
smi:fi.isuh/event/1494707,2025-02-06 13:00:58.780000,HE,LAUT,S,BHZ
smi:fi.isuh/event/1494707,2025-02-06 13:00:56.340000,HE,HEL1,P,BHZ
smi:fi.isuh/event/1494707,2025-02-06 13:00:58.680000,HE,HEL1,S,BHZ
smi:fi.isuh/event/1494707,2025-02-06 13:00:56.380000,HE,KUNI,P,BHZ
smi:fi.isuh/event/1494707,2025-02-06 13:00:58.860000,HE,KUNI,S,BHZ
smi:fi.isuh/event/1494707,2025-02-06 13:00:58.640000,HE,VUOS,P,BHZ
smi:fi.isuh/event/1494707,2025-02-06 13:01:02.540000,HE,VUOS,S,BHZ
smi:fi.isuh/event/1494707,2025-02-06 13:00:58.080000,HE,NUR,P,BHZ
smi:fi.isuh/event/1494707,2025-02-06 13:01:01.700000,HE,NUR,S,BHZ
smi:fi.isuh/event/1494707,2025-02-06 13:01:06.580000,HE,PVF,P,BHZ
smi:fi.isuh/event/1494707,2025-02-06 13:01:07.780000,HE,TVF,P,BHZ
smi:fi.isuh/event/1494707,2025-02-06 13:01:19.180000,HE,TRE03,P,BHZ
smi:fi.isuh/event/1494707,2025-02-06 13:01:37.680000,HE,TRE03,S,BHZ
smi:fi.isuh/event/1494707,2025-02-06 13:01:19.580000,HE,KY17,P,BHZ
smi:fi.isuh/event/1494707,2025-02-06 13:01:41.880000,HE,KY17,S,BHZ
smi:fi.isuh/event/1494707,2025-02-06 13:01:19.400000,HE,FIA0,P,SHZ
smi:fi.isuh/event/1494707,2025-02-06 13:01:42.100000,HE,FIA0,S,SHZ
smi:fi.isuh/event/1494707,2025-02-06 13:01:20.680000,HE,VJF,P,BHZ
smi:fi.isuh/event/1494707,2025-02-06 13:01:21.180000,HE,KORF,P,BHZ
smi:fi.isuh/event/1494707,2025-02-06 13:01:22.780000,HE,RAF,P,BHZ
smi:fi.isuh/event/1494707,2025-02-06 13:01:46.380000,HE,RAF,S,BHZ
smi:fi.isuh/event/1494707,2025-02-06 13:01:28.680000,HE,KEF,P,BHZ
smi:fi.isuh/event/1494707,2025-02-06 13:01:54.440000,HE,KEF,S,BHZ
smi:fi.isuh/event/1494707,2025-02-06 13:01:30.180000,HE,KPF,P,BHZ
smi:fi.isuh/event/1494707,2025-02-06 13:01:30.680000,HE,KAF,P,BHZ
smi:fi.isuh/event/1494707,2025-02-06 13:01:58.080000,HE,KAF,S,BHZ
smi:fi.isuh/event/1494707,2025-02-06 13:02:13.600000,HE,SUF,S,BHZ
smi:fi.isuh/event/1494707,2025-02-06 13:02:22.240000,HE,VAF,S,BHZ
smi:fi.isuh/event/1494701,2025-02-06 13:33:23.912860,HE,VAF,P,BHZ
smi:fi.isuh/event/1494701,2025-02-06 13:33:47.250520,HE,VAF,S,BHZ
smi:fi.isuh/event/1494701,2025-02-06 13:33:29.426710,HE,KPF,P,BHZ
smi:fi.isuh/event/1494701,2025-02-06 13:33:56.426600,HE,KPF,S,BHZ
smi:fi.isuh/event/1494701,2025-02-06 13:33:31.406040,HE,OBF8,P,BHZ
smi:fi.isuh/event/1494701,2025-02-06 13:34:01.987860,HE,OBF8,S,BHZ
smi:fi.isuh/event/1494701,2025-02-06 13:33:33.996170,HE,ALAJF,P,?HZ
smi:fi.isuh/event/1494701,2025-02-06 13:34:02.636680,HE,ALAJF,S,?HZ
smi:fi.isuh/event/1494701,2025-02-06 13:33:37.348740,HE,RAF,P,BHZ
smi:fi.isuh/event/1494701,2025-02-06 13:34:10.413470,HE,RAF,S,BHZ
smi:fi.isuh/event/1494721,2025-02-06 13:50:50.184630,HE,KORF,P,CZ
smi:fi.isuh/event/1494721,2025-02-06 13:50:57.701060,HE,KORF,S,CZ
smi:fi.isuh/event/1494721,2025-02-06 13:50:51.409910,HE,RAF,P,BHZ
smi:fi.isuh/event/1494721,2025-02-06 13:50:59.949180,HE,RAF,S,BHZ
smi:fi.isuh/event/1494721,2025-02-06 13:50:53.325680,HE,TVF,P,BHZ
smi:fi.isuh/event/1494721,2025-02-06 13:51:02.543950,HE,TVF,S,BHZ
smi:fi.isuh/event/1494721,2025-02-06 13:50:57.891040,HE,MEF,P,BHZ
smi:fi.isuh/event/1494721,2025-02-06 13:51:10.732740,HE,MEF,S,BHZ
smi:fi.isuh/event/1494721,2025-02-06 13:51:01.831090,UP,AAL,P,BHN
smi:fi.isuh/event/1494721,2025-02-06 13:51:18.034970,UP,AAL,S,BHZ
smi:fi.isuh/event/1494721,2025-02-06 13:51:04.691340,HE,KPF,P,BHZ
smi:fi.isuh/event/1494721,2025-02-06 13:51:22.758710,HE,KPF,S,BHZ
smi:fi.isuh/event/1494721,2025-02-06 13:51:06.002900,HE,ECKF,P,CZ
smi:fi.isuh/event/1494721,2025-02-06 13:51:24.776050,HE,ECKF,S,CZ
smi:fi.isuh/event/1494721,2025-02-06 13:51:05.836300,HE,TRE03,P,CZ
smi:fi.isuh/event/1494721,2025-02-06 13:51:24.776050,HE,TRE03,S,CZ
smi:fi.isuh/event/1494721,2025-02-06 13:51:10.174710,HE,PVF,P,CZ
smi:fi.isuh/event/1494721,2025-02-06 13:51:32.192610,HE,PVF,S,CZ
smi:fi.isuh/event/1494721,2025-02-06 13:51:15.831760,HE,FIA0,P,?HZ
smi:fi.isuh/event/1494721,2025-02-06 13:51:41.962250,HE,FIA0,S,?HZ
smi:fi.isuh/event/1494721,2025-02-06 13:51:15.831760,HE,FIA1,P,?HZ
smi:fi.isuh/event/1494721,2025-02-06 13:51:41.962250,HE,FIA1,S,?HZ
smi:fi.isuh/event/1494721,2025-02-06 13:51:16.432430,HE,KEF,P,?HZ
smi:fi.isuh/event/1494721,2025-02-06 13:51:43.332460,HE,KEF,S,?HZ
smi:fi.isuh/event/1494721,2025-02-06 13:51:55.126240,HE,KAF,S,?HZ
smi:fi.isuh/event/1494724,2025-02-06 14:02:00.999150,HE,MEF,P,BHZ
smi:fi.isuh/event/1494724,2025-02-06 14:02:02.456260,HE,MEF,S,BHZ
smi:fi.isuh/event/1494724,2025-02-06 14:02:04.413570,HE,HEL5,P,BHZ
smi:fi.isuh/event/1494724,2025-02-06 14:02:08.017430,HE,HEL5,S,BHZ
smi:fi.isuh/event/1494724,2025-02-06 14:02:04.078540,HE,NUR,P,SHZ
smi:fi.isuh/event/1494724,2025-02-06 14:02:07.700870,HE,NUR,S,SHZ
smi:fi.isuh/event/1494724,2025-02-06 14:02:04.775150,HE,KUNI,P,BHN
smi:fi.isuh/event/1494724,2025-02-06 14:02:08.536800,HE,KUNI,S,BHN
smi:fi.isuh/event/1494724,2025-02-06 14:02:04.821590,HE,LAUT,P,BHZ
smi:fi.isuh/event/1494724,2025-02-06 14:02:08.815440,HE,LAUT,S,BHZ
smi:fi.isuh/event/1494724,2025-02-06 14:02:04.868030,HE,HEL1,P,BHZ
smi:fi.isuh/event/1494724,2025-02-06 14:02:09.001200,HE,HEL1,S,BHZ
smi:fi.isuh/event/1494724,2025-02-06 14:02:07.307620,HE,VUOS,P,BHZ
smi:fi.isuh/event/1494724,2025-02-06 14:02:12.587740,HE,VUOS,S,BHZ
smi:fi.isuh/event/1494724,2025-02-06 14:02:12.196620,HE,TVF,P,BHZ
smi:fi.isuh/event/1494724,2025-02-06 14:02:21.061990,HE,TVF,S,BHZ
smi:fi.isuh/event/1494724,2025-02-06 14:02:13.859520,HE,PVF,P,CZ
smi:fi.isuh/event/1494724,2025-02-06 14:02:24.302150,HE,PVF,S,CZ
smi:fi.isuh/event/1494724,2025-02-06 14:02:17.159180,HE,LOVF,P,CZ
smi:fi.isuh/event/1494724,2025-02-06 14:02:30.038570,HE,LOVF,S,CZ
smi:fi.isuh/event/1494724,2025-02-06 14:02:40.314190,HE,TRE03,S,CZ
smi:fi.isuh/event/1494724,2025-02-06 14:02:43.372420,HE,KORF,S,CZ
smi:fi.isuh/event/1494724,2025-02-06 14:02:25.462440,HE,FIA0,P,?HZ
smi:fi.isuh/event/1494724,2025-02-06 14:02:43.904140,HE,FIA0,S,?HZ
smi:fi.isuh/event/1494724,2025-02-06 14:02:25.462440,HE,FIA1,P,?HN
smi:fi.isuh/event/1494724,2025-02-06 14:02:43.904140,HE,FIA1,S,?HZ
smi:fi.isuh/event/1494724,2025-02-06 14:02:44.435860,HE,RAF,S,BHZ
smi:fi.isuh/event/1494724,2025-02-06 14:02:49.364480,HE,VJF,S,?HZ
smi:fi.isuh/event/1494725,2025-02-06 17:01:44.318520,HE,TOF,P,BHZ
smi:fi.isuh/event/1494725,2025-02-06 17:01:48.332300,HE,TOF,S,BHZ
smi:fi.isuh/event/1494725,2025-02-06 17:01:54.112500,FN,RANF,P,?HZ
smi:fi.isuh/event/1494725,2025-02-06 17:02:05.923080,FN,RANF,S,?HZ
smi:fi.isuh/event/1494725,2025-02-06 17:02:01.405150,HE,OBF0,P,BHZ
smi:fi.isuh/event/1494725,2025-02-06 17:02:17.623120,HE,OBF0,S,BHZ
smi:fi.isuh/event/1494725,2025-02-06 17:02:04.235130,HE,KU2,P,SHZ
smi:fi.isuh/event/1494725,2025-02-06 17:02:23.230770,HE,KU2,S,SHZ
smi:fi.isuh/event/1494725,2025-02-06 17:02:04.769230,FN,KLF,P,BHZ
smi:fi.isuh/event/1494725,2025-02-06 17:02:23.923080,FN,KLF,S,BHZ
smi:fi.isuh/event/1494725,2025-02-06 17:02:38.796510,FN,OLKF,S,BHZ
smi:fi.isuh/event/1494725,2025-02-06 17:02:39.470120,HE,KU1,S,SHZ
smi:fi.isuh/event/1494784,2025-02-07 06:58:23.600000,FN,KLF,P,BHZ
smi:fi.isuh/event/1494784,2025-02-07 06:58:28.500000,FN,KLF,S,BHZ
smi:fi.isuh/event/1494784,2025-02-07 06:58:36.580000,HE,HEF,P,BHZ
smi:fi.isuh/event/1494784,2025-02-07 06:58:50.640000,HE,HEF,S,BHZ
smi:fi.isuh/event/1494784,2025-02-07 06:58:44.030000,HE,TOF,P,BHZ
smi:fi.isuh/event/1494784,2025-02-07 06:59:02.600000,HE,TOF,S,BHZ
smi:fi.isuh/event/1494784,2025-02-07 06:58:52.200000,HE,KIF,P,BHZ
smi:fi.isuh/event/1494784,2025-02-07 06:59:16.920000,HE,KIF,S,BHZ
smi:fi.isuh/event/1494784,2025-02-07 06:58:53.320000,FN,RANF,P,BHZ
smi:fi.isuh/event/1494784,2025-02-07 06:59:19.880000,FN,RANF,S,BHZ
smi:fi.isuh/event/1494784,2025-02-07 06:58:55.180000,FN,RAJF,P,BHZ
smi:fi.isuh/event/1494784,2025-02-07 06:59:23.840000,FN,RAJF,S,BHZ
smi:fi.isuh/event/1494784,2025-02-07 06:58:59.680000,HE,VRF,P,BHZ
smi:fi.isuh/event/1494784,2025-02-07 06:59:31.920000,HE,VRF,S,BHZ
smi:fi.isuh/event/1494784,2025-02-07 06:59:02.280000,HE,KU2,P,BHZ
smi:fi.isuh/event/1494784,2025-02-07 06:59:02.580000,FN,OLKF,P,BHZ
smi:fi.isuh/event/1494784,2025-02-07 06:59:39.280000,FN,OLKF,S,BHZ
smi:fi.isuh/event/1494784,2025-02-07 06:59:04.680000,HE,OBF3,P,BHZ
smi:fi.isuh/event/1494784,2025-02-07 06:59:03.120000,HE,KEV,P,BHZ
smi:fi.isuh/event/1494784,2025-02-07 06:59:40.360000,HE,KEV,S,BHZ
smi:fi.isuh/event/1494784,2025-02-07 06:59:07.080000,HE,KU6,P,BHZ
smi:fi.isuh/event/1494784,2025-02-07 06:59:48.520000,HE,KU6,S,BHZ
smi:fi.isuh/event/1494784,2025-02-07 06:59:09.180000,HE,KU1,P,BHZ
smi:fi.isuh/event/1494784,2025-02-07 06:59:46.940000,HE,KU1,S,BHZ
smi:fi.isuh/event/1494784,2025-02-07 06:59:10.880000,HE,OUF,P,BHZ
smi:fi.isuh/event/1494777,2025-02-07 08:20:07.480000,HE,KAF,P,BHZ
smi:fi.isuh/event/1494777,2025-02-07 08:20:13.280000,HE,SUF,P,BHZ
smi:fi.isuh/event/1494777,2025-02-07 08:20:19.600000,HE,SUF,S,BHZ
smi:fi.isuh/event/1494777,2025-02-07 08:20:15.000000,HE,KEF,P,BHZ
smi:fi.isuh/event/1494777,2025-02-07 08:20:22.840000,HE,KEF,S,BHZ
smi:fi.isuh/event/1494777,2025-02-07 08:20:19.400000,HE,FIA0,P,SHZ
smi:fi.isuh/event/1494777,2025-02-07 08:20:31.400000,HE,FIA0,S,SHZ
smi:fi.isuh/event/1494777,2025-02-07 08:20:24.280000,HE,TRE03,P,BHZ
smi:fi.isuh/event/1494777,2025-02-07 08:20:39.320000,HE,TRE03,S,BHZ
smi:fi.isuh/event/1494777,2025-02-07 08:20:30.180000,HE,NIF,P,BHZ
smi:fi.isuh/event/1494777,2025-02-07 08:20:48.560000,HE,NIF,S,BHZ
smi:fi.isuh/event/1494777,2025-02-07 08:20:49.180000,HE,KY17,S,BHZ
smi:fi.isuh/event/1494777,2025-02-07 08:20:33.660000,HE,RUF,P,BHZ
smi:fi.isuh/event/1494777,2025-02-07 08:20:56.260000,HE,RUF,S,BHZ
smi:fi.isuh/event/1494777,2025-02-07 08:20:35.730000,HE,PVF,P,BHZ
smi:fi.isuh/event/1494777,2025-02-07 08:20:36.680000,HE,VAF,P,BHZ
smi:fi.isuh/event/1494777,2025-02-07 08:21:00.440000,HE,VAF,S,BHZ
smi:fi.isuh/event/1494777,2025-02-07 08:20:39.480000,HE,KPF,P,BHZ
smi:fi.isuh/event/1494777,2025-02-07 08:21:04.900000,HE,KPF,S,BHZ
smi:fi.isuh/event/1494777,2025-02-07 08:21:19.040000,HE,OBF0,S,BHZ
smi:fi.isuh/event/1494777,2025-02-07 08:21:19.240000,HE,RAF,S,BHZ
smi:fi.isuh/event/1494777,2025-02-07 08:20:49.380000,HE,JOF,P,BHZ
smi:fi.isuh/event/1494777,2025-02-07 08:21:21.120000,HE,JOF,S,BHZ
smi:fi.isuh/event/1494777,2025-02-07 08:21:25.020000,HE,RMF,S,BHZ
smi:fi.isuh/event/1494777,2025-02-07 08:21:29.180000,HE,TVF,S,BHZ
smi:fi.isuh/event/1494777,2025-02-07 08:22:03.120000,FN,RANF,S,BHZ
smi:fi.isuh/event/1494777,2025-02-07 08:21:10.080000,HE,KU6,P,BHZ
smi:fi.isuh/event/1494776,2025-02-07 09:15:52.580000,HE,KY17,P,BHZ
smi:fi.isuh/event/1494776,2025-02-07 09:15:54.650000,HE,KY17,S,BHZ
smi:fi.isuh/event/1494776,2025-02-07 09:15:59.680000,HE,VJF,P,BHZ
smi:fi.isuh/event/1494776,2025-02-07 09:16:07.240000,HE,VJF,S,BHZ
smi:fi.isuh/event/1494776,2025-02-07 09:16:00.770000,HE,PVF,P,BHZ
smi:fi.isuh/event/1494776,2025-02-07 09:16:08.440000,HE,PVF,S,BHZ
smi:fi.isuh/event/1494776,2025-02-07 09:16:01.900000,HE,FIA0,P,SHZ
smi:fi.isuh/event/1494776,2025-02-07 09:16:13.500000,HE,FIA0,S,SHZ
smi:fi.isuh/event/1494776,2025-02-07 09:16:10.140000,HE,VUOS,P,BHZ
smi:fi.isuh/event/1494776,2025-02-07 09:16:10.680000,HE,KUNI,P,BHZ
smi:fi.isuh/event/1494776,2025-02-07 09:16:11.380000,HE,RUF,P,BHZ
smi:fi.isuh/event/1494776,2025-02-07 09:16:30.980000,HE,RUF,S,BHZ
smi:fi.isuh/event/1494776,2025-02-07 09:16:28.080000,HE,LAUT,S,BHZ
smi:fi.isuh/event/1494776,2025-02-07 09:16:12.780000,HE,KAF,P,BHZ
smi:fi.isuh/event/1494776,2025-02-07 09:16:30.080000,HE,KAF,S,BHZ
smi:fi.isuh/event/1494776,2025-02-07 09:16:15.330000,HE,MEF,P,BHZ
smi:fi.isuh/event/1494776,2025-02-07 09:16:33.400000,HE,MEF,S,BHZ
smi:fi.isuh/event/1494776,2025-02-07 09:16:16.870000,HE,TRE03,P,BHZ
smi:fi.isuh/event/1494776,2025-02-07 09:16:36.080000,HE,TRE03,S,BHZ
smi:fi.isuh/event/1494776,2025-02-07 09:16:19.180000,HE,KEF,P,BHZ
smi:fi.isuh/event/1494776,2025-02-07 09:16:39.920000,HE,KEF,S,BHZ
smi:fi.isuh/event/1494776,2025-02-07 09:16:23.670000,HE,SUF,P,BHZ
smi:fi.isuh/event/1494776,2025-02-07 09:16:48.200000,HE,SUF,S,BHZ
smi:fi.isuh/event/1494776,2025-02-07 09:16:27.280000,HE,TVF,P,BHZ
smi:fi.isuh/event/1494776,2025-02-07 09:16:54.680000,HE,TVF,S,BHZ
smi:fi.isuh/event/1494776,2025-02-07 09:16:33.780000,HE,RAF,P,BHZ
smi:fi.isuh/event/1494776,2025-02-07 09:17:05.960000,HE,RAF,S,BHZ
smi:fi.isuh/event/1494776,2025-02-07 09:17:06.800000,HE,KPF,S,BHZ
smi:fi.isuh/event/1494776,2025-02-07 09:17:08.040000,HE,NIF,S,BHZ
smi:fi.isuh/event/1494776,2025-02-07 09:17:18.180000,HE,VAF,S,BHZ
smi:fi.isuh/event/1494776,2025-02-07 09:17:18.320000,HE,JOF,S,BHZ
smi:fi.isuh/event/1494772,2025-02-07 09:44:50.090000,HE,OBF3,P,BHZ
smi:fi.isuh/event/1494772,2025-02-07 09:44:48.380000,HE,TOF,P,BHZ
smi:fi.isuh/event/1494772,2025-02-07 09:44:59.160000,HE,TOF,S,BHZ
smi:fi.isuh/event/1494772,2025-02-07 09:44:49.380000,FN,RANF,P,BHZ
smi:fi.isuh/event/1494772,2025-02-07 09:44:59.760000,FN,RANF,S,BHZ
smi:fi.isuh/event/1494772,2025-02-07 09:44:57.080000,HE,OBF0,P,BHZ
smi:fi.isuh/event/1494772,2025-02-07 09:45:15.420000,HE,OBF0,S,BHZ
smi:fi.isuh/event/1494772,2025-02-07 09:44:58.480000,HE,OUF,P,BHZ
smi:fi.isuh/event/1494772,2025-02-07 09:44:57.980000,HE,KU2,P,BHZ
smi:fi.isuh/event/1494772,2025-02-07 09:45:14.360000,HE,KU2,S,BHZ
smi:fi.isuh/event/1494772,2025-02-07 09:45:30.460000,HE,KU1,S,BHZ
smi:fi.isuh/event/1494772,2025-02-07 09:45:08.680000,FN,KLF,P,BHZ
smi:fi.isuh/event/1494772,2025-02-07 09:45:33.180000,FN,KLF,S,BHZ
smi:fi.isuh/event/1494772,2025-02-07 09:45:10.480000,FN,OLKF,P,BHZ
smi:fi.isuh/event/1494772,2025-02-07 09:45:34.120000,FN,OLKF,S,BHZ
smi:fi.isuh/event/1494772,2025-02-07 09:45:49.500000,HE,NIF,S,BHZ
smi:fi.isuh/event/1494772,2025-02-07 09:45:32.130000,HE,JOF,P,BHZ
smi:fi.isuh/event/1494783,2025-02-07 11:40:10.880000,HE,NIF,P,BHZ
smi:fi.isuh/event/1494783,2025-02-07 11:40:22.080000,HE,SUF,P,BHZ
smi:fi.isuh/event/1494783,2025-02-07 11:40:35.760000,HE,SUF,S,BHZ
smi:fi.isuh/event/1494783,2025-02-07 11:40:26.780000,HE,KJNF,P,BHZ
smi:fi.isuh/event/1494783,2025-02-07 11:40:42.080000,HE,KJNF,S,BHZ
smi:fi.isuh/event/1494783,2025-02-07 11:40:29.080000,HE,KAF,P,BHZ
smi:fi.isuh/event/1494783,2025-02-07 11:40:48.280000,HE,KAF,S,BHZ
smi:fi.isuh/event/1494783,2025-02-07 11:40:32.980000,HE,RMF,P,BHZ
smi:fi.isuh/event/1494783,2025-02-07 11:40:36.430000,HE,JOF,P,BHZ
smi:fi.isuh/event/1494783,2025-02-07 11:40:59.160000,HE,JOF,S,BHZ
smi:fi.isuh/event/1494783,2025-02-07 11:40:37.080000,HE,KEF,P,BHZ
smi:fi.isuh/event/1494783,2025-02-07 11:40:59.320000,HE,KEF,S,BHZ
smi:fi.isuh/event/1494783,2025-02-07 11:40:39.080000,HE,RUF,P,BHZ
smi:fi.isuh/event/1494783,2025-02-07 11:40:39.680000,HE,OUF,P,BHZ
smi:fi.isuh/event/1494783,2025-02-07 11:41:05.420000,HE,OUF,S,BHZ
smi:fi.isuh/event/1494783,2025-02-07 11:40:40.600000,HE,FIA0,P,SHZ
smi:fi.isuh/event/1494783,2025-02-07 11:40:44.080000,HE,OBF0,P,BHZ
smi:fi.isuh/event/1494783,2025-02-07 11:40:45.040000,HE,OBF3,P,BHZ
smi:fi.isuh/event/1494783,2025-02-07 11:40:46.840000,HE,KY17,P,BHZ
smi:fi.isuh/event/1494783,2025-02-07 11:40:47.280000,HE,TRE03,P,BHZ
smi:fi.isuh/event/1494783,2025-02-07 11:41:18.380000,HE,TRE03,S,BHZ
smi:fi.isuh/event/1494783,2025-02-07 11:40:47.040000,HE,OBF8,P,BHZ
smi:fi.isuh/event/1494783,2025-02-07 11:40:47.780000,HE,VAF,P,BHZ
smi:fi.isuh/event/1494783,2025-02-07 11:41:18.000000,HE,VAF,S,BHZ
smi:fi.isuh/event/1494783,2025-02-07 11:40:50.840000,HE,KU1,P,BHZ
smi:fi.isuh/event/1494783,2025-02-07 11:41:23.300000,HE,KU1,S,BHZ
smi:fi.isuh/event/1494783,2025-02-07 11:40:51.580000,HE,KU2,P,BHZ
smi:fi.isuh/event/1494783,2025-02-07 11:41:26.160000,HE,KU2,S,BHZ
smi:fi.isuh/event/1494783,2025-02-07 11:40:52.180000,HE,VJF,P,BHZ
smi:fi.isuh/event/1494783,2025-02-07 11:41:26.960000,HE,VJF,S,BHZ
smi:fi.isuh/event/1494783,2025-02-07 11:40:55.580000,HE,PVF,P,BHZ
smi:fi.isuh/event/1494783,2025-02-07 11:41:27.080000,HE,PVF,S,BHZ
smi:fi.isuh/event/1494783,2025-02-07 11:40:55.680000,FN,RANF,P,BHZ
smi:fi.isuh/event/1494783,2025-02-07 11:41:34.760000,FN,RANF,S,BHZ
smi:fi.isuh/event/1494783,2025-02-07 11:40:57.580000,HE,KPF,P,BHZ
smi:fi.isuh/event/1494783,2025-02-07 11:41:35.460000,HE,KPF,S,BHZ
smi:fi.isuh/event/1494783,2025-02-07 11:40:59.080000,HE,KU6,P,BHZ
smi:fi.isuh/event/1494783,2025-02-07 11:41:43.800000,FN,OLKF,S,BHZ
smi:fi.isuh/event/1494783,2025-02-07 11:41:48.380000,HE,RAF,S,BHZ
smi:fi.isuh/event/1494783,2025-02-07 11:41:50.680000,HE,TVF,S,BHZ
smi:fi.isuh/event/1494723,2025-02-07 11:41:19.780000,HE,KUNI,P,BHZ
smi:fi.isuh/event/1494723,2025-02-07 11:41:21.280000,HE,NUR,P,BHZ
smi:fi.isuh/event/1494723,2025-02-07 11:41:23.760000,HE,NUR,S,BHZ
smi:fi.isuh/event/1494723,2025-02-07 11:41:21.580000,HE,HEL1,P,BHZ
smi:fi.isuh/event/1494723,2025-02-07 11:41:24.640000,HE,HEL1,S,BHZ
smi:fi.isuh/event/1494723,2025-02-07 11:41:21.680000,HE,LAUT,P,BHZ
smi:fi.isuh/event/1494723,2025-02-07 11:41:25.480000,HE,LAUT,S,BHZ
smi:fi.isuh/event/1494723,2025-02-07 11:41:21.880000,HE,VUOS,P,BHZ
smi:fi.isuh/event/1494723,2025-02-07 11:41:24.940000,HE,VUOS,S,BHZ
smi:fi.isuh/event/1494723,2025-02-07 11:41:22.880000,HE,HEL5,P,BHZ
smi:fi.isuh/event/1494723,2025-02-07 11:41:26.000000,HE,HEL5,S,BHZ
smi:fi.isuh/event/1494723,2025-02-07 11:41:23.240000,HE,MEF,P,BHZ
smi:fi.isuh/event/1494723,2025-02-07 11:41:27.440000,HE,MEF,S,BHZ
smi:fi.isuh/event/1494723,2025-02-07 11:41:27.080000,HE,PVF,P,BHZ
smi:fi.isuh/event/1494723,2025-02-07 11:41:33.100000,HE,PVF,S,BHZ
smi:fi.isuh/event/1494723,2025-02-07 11:41:35.920000,HE,TVF,P,BHZ
smi:fi.isuh/event/1494723,2025-02-07 11:41:49.080000,HE,TVF,S,BHZ
smi:fi.isuh/event/1494723,2025-02-07 11:42:00.680000,HE,KY17,S,BHZ
smi:fi.isuh/event/1494723,2025-02-07 11:41:42.800000,HE,FIA0,P,SHZ
smi:fi.isuh/event/1494723,2025-02-07 11:41:56.500000,HE,FIA0,S,SHZ
smi:fi.isuh/event/1494723,2025-02-07 11:42:00.560000,HE,VJF,S,BHZ
smi:fi.isuh/event/1494723,2025-02-07 11:41:48.240000,HE,RAF,P,BHZ
smi:fi.isuh/event/1494723,2025-02-07 11:42:10.640000,HE,RAF,S,BHZ
smi:fi.isuh/event/1494723,2025-02-07 11:41:49.100000,HE,KORF,P,BHZ
smi:fi.isuh/event/1494723,2025-02-07 11:42:12.360000,HE,KORF,S,BHZ
smi:fi.isuh/event/1494723,2025-02-07 11:42:15.720000,HE,KEF,S,BHZ
smi:fi.isuh/event/1494723,2025-02-07 11:41:52.080000,HE,KAF,P,BHZ
smi:fi.isuh/event/1494723,2025-02-07 11:42:17.000000,HE,KAF,S,BHZ
smi:fi.isuh/event/1494723,2025-02-07 11:42:33.900000,HE,SUF,S,BHZ
smi:fi.isuh/event/1494723,2025-02-07 11:42:33.320000,UP,AAL,S,BHZ
smi:fi.isuh/event/1494723,2025-02-07 11:42:39.700000,HE,ECKF,S,BHZ
smi:fi.isuh/event/1494723,2025-02-07 11:42:44.520000,HE,VAF,S,BHZ
smi:fi.isuh/event/1494722,2025-02-07 12:04:11.650460,HE,KORF,P,CZ
smi:fi.isuh/event/1494722,2025-02-07 12:04:17.003230,HE,KORF,S,CZ
smi:fi.isuh/event/1494722,2025-02-07 12:04:16.530280,HE,TVF,P,BHZ
smi:fi.isuh/event/1494722,2025-02-07 12:04:24.839680,HE,TVF,S,BHZ
smi:fi.isuh/event/1494722,2025-02-07 12:04:18.252960,HE,RAF,P,BHZ
smi:fi.isuh/event/1494722,2025-02-07 12:04:28.036210,HE,RAF,S,BHZ
smi:fi.isuh/event/1494722,2025-02-07 12:04:37.808260,HE,MEF,S,BHZ
smi:fi.isuh/event/1494722,2025-02-07 12:04:38.974960,UP,AAL,S,BHZ
smi:fi.isuh/event/1494722,2025-02-07 12:04:28.741780,HE,ECKF,P,CZ
smi:fi.isuh/event/1494722,2025-02-07 12:04:46.163050,HE,ECKF,S,CZ
smi:fi.isuh/event/1494722,2025-02-07 12:04:32.003830,HE,KPF,P,BHZ
smi:fi.isuh/event/1494722,2025-02-07 12:04:52.311300,HE,KPF,S,BHZ
smi:fi.isuh/event/1494722,2025-02-07 12:05:00.189480,HE,PVF,S,CZ
smi:fi.isuh/event/1494722,2025-02-07 12:05:06.701310,HE,LOVF,S,CZ
smi:fi.isuh/event/1494722,2025-02-07 12:05:12.010040,HE,FIA0,S,?HZ
smi:fi.isuh/event/1494722,2025-02-07 12:05:12.010040,HE,FIA1,S,?HZ
smi:fi.isuh/event/1494704,2025-02-07 12:08:59.280000,HE,VRF,P,BHZ
smi:fi.isuh/event/1494704,2025-02-07 12:09:20.840000,HE,VRF,S,BHZ
smi:fi.isuh/event/1494704,2025-02-07 12:09:09.480000,FN,RAJF,P,BHZ
smi:fi.isuh/event/1494704,2025-02-07 12:09:38.760000,FN,RAJF,S,BHZ
smi:fi.isuh/event/1494704,2025-02-07 12:09:09.820000,FN,OLKF,P,BHZ
smi:fi.isuh/event/1494704,2025-02-07 12:09:38.240000,FN,OLKF,S,BHZ
smi:fi.isuh/event/1494704,2025-02-07 12:09:39.240000,HE,KU6,S,BHZ
smi:fi.isuh/event/1494704,2025-02-07 12:09:55.300000,HE,KU2,S,BHZ
smi:fi.isuh/event/1494704,2025-02-07 12:09:23.310000,HE,KEV,P,BHZ
smi:fi.isuh/event/1494704,2025-02-07 12:10:02.480000,HE,KEV,S,BHZ
smi:fi.isuh/event/1494704,2025-02-07 12:10:09.120000,FN,RANF,S,BHZ
smi:fi.isuh/event/1494704,2025-02-07 12:09:35.380000,HE,HEF,P,BHZ
smi:fi.isuh/event/1494702,2025-02-07 12:17:44.900000,HE,FIA0,P,SHZ
smi:fi.isuh/event/1494702,2025-02-07 12:17:53.800000,HE,FIA0,S,SHZ
smi:fi.isuh/event/1494702,2025-02-07 12:17:45.730000,HE,KAF,P,BHZ
smi:fi.isuh/event/1494702,2025-02-07 12:17:55.240000,HE,KAF,S,BHZ
smi:fi.isuh/event/1494702,2025-02-07 12:17:46.770000,HE,KY17,P,BHZ
smi:fi.isuh/event/1494702,2025-02-07 12:17:57.620000,HE,KY17,S,BHZ
smi:fi.isuh/event/1494702,2025-02-07 12:17:48.380000,HE,RUF,P,BHZ
smi:fi.isuh/event/1494702,2025-02-07 12:17:58.960000,HE,RUF,S,BHZ
smi:fi.isuh/event/1494702,2025-02-07 12:17:53.880000,HE,VJF,P,BHZ
smi:fi.isuh/event/1494702,2025-02-07 12:18:08.980000,HE,VJF,S,BHZ
smi:fi.isuh/event/1494702,2025-02-07 12:17:55.480000,HE,SUF,P,BHZ
smi:fi.isuh/event/1494702,2025-02-07 12:18:12.480000,HE,SUF,S,BHZ
smi:fi.isuh/event/1494702,2025-02-07 12:17:56.780000,HE,KEF,P,BHZ
smi:fi.isuh/event/1494702,2025-02-07 12:18:14.520000,HE,KEF,S,BHZ
smi:fi.isuh/event/1494702,2025-02-07 12:17:57.180000,HE,PVF,P,BHZ
smi:fi.isuh/event/1494702,2025-02-07 12:18:00.880000,HE,TRE03,P,BHZ
smi:fi.isuh/event/1494702,2025-02-07 12:18:21.980000,HE,TRE03,S,BHZ
smi:fi.isuh/event/1494702,2025-02-07 12:18:05.680000,HE,NIF,P,BHZ
smi:fi.isuh/event/1494702,2025-02-07 12:18:29.380000,HE,NIF,S,BHZ
smi:fi.isuh/event/1494702,2025-02-07 12:18:06.060000,HE,VUOS,P,BHZ
smi:fi.isuh/event/1494702,2025-02-07 12:18:31.420000,HE,VUOS,S,BHZ
smi:fi.isuh/event/1494702,2025-02-07 12:18:06.760000,HE,KUNI,P,BHZ
smi:fi.isuh/event/1494702,2025-02-07 12:18:09.480000,HE,HEL5,P,BHZ
smi:fi.isuh/event/1494702,2025-02-07 12:18:36.960000,HE,HEL5,S,BHZ
smi:fi.isuh/event/1494702,2025-02-07 12:18:10.280000,HE,MEF,P,BHZ
smi:fi.isuh/event/1494702,2025-02-07 12:18:37.680000,HE,MEF,S,BHZ
smi:fi.isuh/event/1494702,2025-02-07 12:18:45.260000,HE,JOF,S,BHZ
smi:fi.isuh/event/1494702,2025-02-07 12:18:51.000000,HE,KPF,S,BHZ
smi:fi.isuh/event/1494702,2025-02-07 12:18:52.720000,HE,VAF,S,BHZ
smi:fi.isuh/event/1494702,2025-02-07 12:18:57.900000,HE,TVF,S,BHZ
smi:fi.isuh/event/1494702,2025-02-07 12:18:58.080000,HE,RAF,S,BHZ
smi:fi.isuh/event/1494702,2025-02-07 12:19:13.680000,HE,KORF,S,BHZ
smi:fi.isuh/event/1494700,2025-02-07 13:06:34.980000,HE,TOF,P,BHZ
smi:fi.isuh/event/1494700,2025-02-07 13:06:48.280000,HE,TOF,S,BHZ
smi:fi.isuh/event/1494700,2025-02-07 13:06:42.580000,HE,OBF3,P,BHZ
smi:fi.isuh/event/1494700,2025-02-07 13:07:04.480000,HE,OBF3,S,BHZ
smi:fi.isuh/event/1494700,2025-02-07 13:06:43.880000,HE,OBF8,P,BHZ
smi:fi.isuh/event/1494700,2025-02-07 13:06:44.330000,HE,OBF0,P,BHZ
smi:fi.isuh/event/1494700,2025-02-07 13:07:06.860000,HE,OBF0,S,BHZ
smi:fi.isuh/event/1494700,2025-02-07 13:06:48.040000,FN,KLF,P,BHZ
smi:fi.isuh/event/1494700,2025-02-07 13:07:11.560000,FN,KLF,S,BHZ
smi:fi.isuh/event/1494700,2025-02-07 13:06:48.330000,HE,OUF,P,BHZ
smi:fi.isuh/event/1494700,2025-02-07 13:07:13.000000,HE,OUF,S,BHZ
smi:fi.isuh/event/1494700,2025-02-07 13:06:51.720000,FN,RANF,P,BHZ
smi:fi.isuh/event/1494700,2025-02-07 13:07:17.200000,FN,RANF,S,BHZ
smi:fi.isuh/event/1494700,2025-02-07 13:07:01.680000,HE,KU2,P,BHZ
smi:fi.isuh/event/1494700,2025-02-07 13:07:35.400000,HE,KU2,S,BHZ
smi:fi.isuh/event/1494700,2025-02-07 13:07:02.730000,HE,VAF,P,BHZ
smi:fi.isuh/event/1494700,2025-02-07 13:07:39.160000,HE,VAF,S,BHZ
smi:fi.isuh/event/1494700,2025-02-07 13:07:03.280000,HE,HEF,P,BHZ
smi:fi.isuh/event/1494700,2025-02-07 13:07:06.680000,FN,OLKF,P,BHZ
smi:fi.isuh/event/1494700,2025-02-07 13:07:50.640000,FN,OLKF,S,BHZ
smi:fi.isuh/event/1494700,2025-02-07 13:07:07.660000,HE,KU1,P,BHZ
smi:fi.isuh/event/1494700,2025-02-07 13:07:09.280000,HE,KU6,P,BHZ
smi:fi.isuh/event/1494700,2025-02-07 13:07:48.600000,HE,KU6,S,BHZ
smi:fi.isuh/event/1494700,2025-02-07 13:07:57.780000,HE,KIF,S,BHZ
smi:fi.isuh/event/1494700,2025-02-07 13:07:15.080000,HE,SUF,P,BHZ
smi:fi.isuh/event/1494700,2025-02-07 13:07:15.180000,FN,RAJF,P,BHZ
smi:fi.isuh/event/1494700,2025-02-07 13:07:59.020000,FN,RAJF,S,BHZ
smi:fi.isuh/event/1494700,2025-02-07 13:07:17.680000,HE,KEF,P,BHZ
smi:fi.isuh/event/1494782,2025-02-07 13:10:58.040000,HE,VRF,P,BHZ
smi:fi.isuh/event/1494782,2025-02-07 13:11:03.380000,HE,VRF,S,BHZ
smi:fi.isuh/event/1494782,2025-02-07 13:11:13.380000,FN,RAJF,P,BHZ
smi:fi.isuh/event/1494782,2025-02-07 13:11:29.040000,FN,RAJF,S,BHZ
smi:fi.isuh/event/1494782,2025-02-07 13:11:15.920000,FN,OLKF,P,BHZ
smi:fi.isuh/event/1494782,2025-02-07 13:11:33.840000,FN,OLKF,S,BHZ
smi:fi.isuh/event/1494782,2025-02-07 13:11:19.860000,HE,KU6,P,BHZ
smi:fi.isuh/event/1494782,2025-02-07 13:11:39.880000,HE,KU6,S,BHZ
smi:fi.isuh/event/1494782,2025-02-07 13:11:28.080000,HE,KU1,P,BHZ
smi:fi.isuh/event/1494782,2025-02-07 13:11:28.560000,HE,KU2,P,BHZ
smi:fi.isuh/event/1494782,2025-02-07 13:11:28.840000,FN,RANF,P,BHZ
smi:fi.isuh/event/1494782,2025-02-07 13:11:57.400000,FN,RANF,S,BHZ
smi:fi.isuh/event/1494782,2025-02-07 13:11:34.860000,HE,KEV,P,BHZ
smi:fi.isuh/event/1494782,2025-02-07 13:12:09.080000,HE,KEV,S,BHZ
smi:fi.isuh/event/1494782,2025-02-07 13:11:33.780000,FN,KLF,P,BHZ
smi:fi.isuh/event/1494782,2025-02-07 13:12:08.860000,FN,KLF,S,BHZ
smi:fi.isuh/event/1494782,2025-02-07 13:11:37.580000,HE,HEF,P,BHZ
smi:fi.isuh/event/1494782,2025-02-07 13:12:12.840000,HE,HEF,S,BHZ
smi:fi.isuh/event/1494782,2025-02-07 13:11:37.780000,HE,TOF,P,BHZ
smi:fi.isuh/event/1494782,2025-02-07 13:12:18.280000,HE,TOF,S,BHZ
smi:fi.isuh/event/1494782,2025-02-07 13:11:45.560000,HE,RMF,P,BHZ
smi:fi.isuh/event/1494782,2025-02-07 13:12:29.180000,HE,RMF,S,BHZ
smi:fi.isuh/event/1494782,2025-02-07 13:12:32.180000,HE,OBF3,S,BHZ
smi:fi.isuh/event/1494782,2025-02-07 13:12:37.180000,HE,OBF0,S,BHZ
smi:fi.isuh/event/1494781,2025-02-07 13:11:41.980000,HE,VRF,P,BHZ
smi:fi.isuh/event/1494781,2025-02-07 13:11:46.640000,HE,VRF,S,BHZ
smi:fi.isuh/event/1494781,2025-02-07 13:12:00.120000,FN,RAJF,P,BHZ
smi:fi.isuh/event/1494781,2025-02-07 13:12:13.280000,FN,RAJF,S,BHZ
smi:fi.isuh/event/1494781,2025-02-07 13:12:16.400000,FN,OLKF,S,BHZ
smi:fi.isuh/event/1494781,2025-02-07 13:12:03.400000,HE,KU6,P,BHZ
smi:fi.isuh/event/1494781,2025-02-07 13:12:24.520000,HE,KU6,S,BHZ
smi:fi.isuh/event/1494781,2025-02-07 13:12:12.000000,HE,KU1,P,BHZ
smi:fi.isuh/event/1494781,2025-02-07 13:12:12.800000,FN,RANF,P,BHZ
smi:fi.isuh/event/1494781,2025-02-07 13:12:41.080000,FN,RANF,S,BHZ
smi:fi.isuh/event/1494781,2025-02-07 13:12:52.120000,FN,KLF,S,BHZ
smi:fi.isuh/event/1494781,2025-02-07 13:12:20.560000,HE,KEV,P,BHZ
smi:fi.isuh/event/1494781,2025-02-07 13:12:51.920000,HE,KEV,S,BHZ
smi:fi.isuh/event/1494781,2025-02-07 13:12:56.240000,HE,HEF,S,BHZ
smi:fi.isuh/event/1494781,2025-02-07 13:13:02.120000,HE,TOF,S,BHZ
smi:fi.isuh/event/1494781,2025-02-07 13:12:29.180000,HE,RMF,P,BHZ
smi:fi.isuh/event/1494781,2025-02-07 13:12:32.180000,HE,OBF3,P,BHZ
smi:fi.isuh/event/1494781,2025-02-07 13:12:37.180000,HE,OBF0,P,BHZ
smi:fi.isuh/event/1494780,2025-02-07 16:03:21.430000,FN,RAJF,P,BHZ
smi:fi.isuh/event/1494780,2025-02-07 16:03:37.640000,FN,RAJF,S,BHZ
smi:fi.isuh/event/1494780,2025-02-07 16:03:22.600000,HE,KEV,P,BHZ
smi:fi.isuh/event/1494780,2025-02-07 16:03:39.960000,HE,KEV,S,BHZ
smi:fi.isuh/event/1494780,2025-02-07 16:03:51.080000,HE,VRF,S,BHZ
smi:fi.isuh/event/1494780,2025-02-07 16:03:47.230000,HE,HEF,P,BHZ
smi:fi.isuh/event/1494780,2025-02-07 16:04:20.820000,HE,HEF,S,BHZ
smi:fi.isuh/event/1494912,2025-02-08 09:18:47.580000,HE,RUF,P,BHZ
smi:fi.isuh/event/1494912,2025-02-08 09:18:59.220000,HE,RUF,S,BHZ
smi:fi.isuh/event/1494912,2025-02-08 09:18:51.100000,HE,JOF,P,BHZ
smi:fi.isuh/event/1494912,2025-02-08 09:19:05.240000,HE,JOF,S,BHZ
smi:fi.isuh/event/1494912,2025-02-08 09:19:05.680000,HE,KY17,P,BHZ
smi:fi.isuh/event/1494912,2025-02-08 09:19:30.840000,HE,KY17,S,BHZ
smi:fi.isuh/event/1494912,2025-02-08 09:19:06.380000,HE,NIF,P,BHZ
smi:fi.isuh/event/1494912,2025-02-08 09:19:32.320000,HE,NIF,S,BHZ
smi:fi.isuh/event/1494912,2025-02-08 09:19:06.420000,HE,VJF,P,BHZ
smi:fi.isuh/event/1494912,2025-02-08 09:19:32.580000,HE,VJF,S,BHZ
smi:fi.isuh/event/1494912,2025-02-08 09:19:07.040000,HE,KAF,P,BHZ
smi:fi.isuh/event/1494912,2025-02-08 09:19:33.360000,HE,KAF,S,BHZ
smi:fi.isuh/event/1494912,2025-02-08 09:19:09.500000,HE,FIA0,P,SHZ
smi:fi.isuh/event/1494912,2025-02-08 09:19:37.700000,HE,FIA0,S,SHZ
smi:fi.isuh/event/1494912,2025-02-08 09:19:10.940000,HE,SUF,P,BHZ
smi:fi.isuh/event/1494912,2025-02-08 09:19:41.720000,HE,SUF,S,BHZ
smi:fi.isuh/event/1494912,2025-02-08 09:19:12.580000,HE,RMF,P,BHZ
smi:fi.isuh/event/1494912,2025-02-08 09:19:42.700000,HE,RMF,S,BHZ
smi:fi.isuh/event/1494912,2025-02-08 09:19:17.640000,HE,KEF,P,BHZ
smi:fi.isuh/event/1494912,2025-02-08 09:19:53.480000,HE,KEF,S,BHZ
smi:fi.isuh/event/1494912,2025-02-08 09:19:52.500000,HE,KJNF,S,BHZ
smi:fi.isuh/event/1494912,2025-02-08 09:20:21.120000,HE,OUF,S,BHZ
smi:fi.isuh/event/1494912,2025-02-08 09:20:37.640000,HE,KU6,S,BHZ
smi:fi.isuh/event/1494920,2025-02-08 09:58:44.585820,HE,JOF,P,BHZ
smi:fi.isuh/event/1494920,2025-02-08 09:58:45.801770,HE,JOF,S,BHZ
smi:fi.isuh/event/1494920,2025-02-08 09:59:07.878490,HE,RMF,P,BHZ
smi:fi.isuh/event/1494920,2025-02-08 09:59:25.503580,HE,RMF,S,BHZ
smi:fi.isuh/event/1494920,2025-02-08 09:59:12.516670,HE,NIF,P,BHZ
smi:fi.isuh/event/1494920,2025-02-08 09:59:33.327500,HE,NIF,S,BHZ
smi:fi.isuh/event/1494920,2025-02-08 09:59:16.874720,HE,RUF,P,BHZ
smi:fi.isuh/event/1494920,2025-02-08 09:59:41.969130,HE,RUF,S,BHZ
smi:fi.isuh/event/1494920,2025-02-08 09:59:19.394510,HE,KJNF,P,CZ
smi:fi.isuh/event/1494920,2025-02-08 09:59:46.143490,HE,KJNF,S,CZ
smi:fi.isuh/event/1494920,2025-02-08 09:59:25.026990,HE,SUF,P,BHZ
smi:fi.isuh/event/1494920,2025-02-08 09:59:55.560990,HE,SUF,S,BHZ
smi:fi.isuh/event/1494920,2025-02-08 09:59:26.431220,HE,KAF,P,?HZ
smi:fi.isuh/event/1494920,2025-02-08 09:59:58.229000,HE,KAF,S,?HZ
smi:fi.isuh/event/1494920,2025-02-08 10:00:04.232400,HE,KU1,S,SHZ
smi:fi.isuh/event/1494909,2025-02-08 13:07:15.880000,HE,VRF,P,BHZ
smi:fi.isuh/event/1494909,2025-02-08 13:07:19.900000,HE,VRF,S,BHZ
smi:fi.isuh/event/1494909,2025-02-08 13:07:30.980000,FN,RAJF,P,BHZ
smi:fi.isuh/event/1494909,2025-02-08 13:07:49.880000,FN,RAJF,S,BHZ
smi:fi.isuh/event/1494909,2025-02-08 13:07:33.580000,FN,OLKF,P,BHZ
smi:fi.isuh/event/1494909,2025-02-08 13:07:54.400000,FN,OLKF,S,BHZ
smi:fi.isuh/event/1494909,2025-02-08 13:07:37.580000,HE,KU6,P,BHZ
smi:fi.isuh/event/1494909,2025-02-08 13:08:02.040000,HE,KU6,S,BHZ
smi:fi.isuh/event/1494909,2025-02-08 13:07:45.920000,HE,KU1,P,BHZ
smi:fi.isuh/event/1494909,2025-02-08 13:07:46.680000,HE,KU2,P,BHZ
smi:fi.isuh/event/1494909,2025-02-08 13:07:47.180000,FN,RANF,P,BHZ
smi:fi.isuh/event/1494909,2025-02-08 13:08:16.960000,FN,RANF,S,BHZ
smi:fi.isuh/event/1494909,2025-02-08 13:07:51.580000,FN,KLF,P,BHZ
smi:fi.isuh/event/1494909,2025-02-08 13:08:26.440000,FN,KLF,S,BHZ
smi:fi.isuh/event/1494909,2025-02-08 13:07:52.500000,HE,KEV,P,BHZ
smi:fi.isuh/event/1494909,2025-02-08 13:08:26.240000,HE,KEV,S,BHZ
smi:fi.isuh/event/1494909,2025-02-08 13:07:55.380000,HE,HEF,P,BHZ
smi:fi.isuh/event/1494909,2025-02-08 13:08:30.400000,HE,HEF,S,BHZ
smi:fi.isuh/event/1494909,2025-02-08 13:07:55.480000,HE,TOF,P,BHZ
smi:fi.isuh/event/1494909,2025-02-08 13:08:08.660000,HE,RMF,P,BHZ
smi:fi.isuh/event/1494909,2025-02-08 13:08:07.980000,HE,OBF3,P,BHZ
smi:fi.isuh/event/1494909,2025-02-08 13:08:10.980000,HE,KIF,P,BHZ
smi:fi.isuh/event/1494923,2025-02-08 20:15:38.060000,HE,VRF,P,BHZ
smi:fi.isuh/event/1494923,2025-02-08 20:15:57.520000,HE,VRF,S,BHZ
smi:fi.isuh/event/1494923,2025-02-08 20:15:48.200000,FN,OLKF,P,BHZ
smi:fi.isuh/event/1494923,2025-02-08 20:16:16.080000,FN,OLKF,S,BHZ
smi:fi.isuh/event/1494923,2025-02-08 20:15:48.920000,HE,KU6,P,BHZ
smi:fi.isuh/event/1494923,2025-02-08 20:16:17.760000,HE,KU6,S,BHZ
smi:fi.isuh/event/1494923,2025-02-08 20:15:47.280000,FN,RAJF,P,BHZ
smi:fi.isuh/event/1494923,2025-02-08 20:16:14.640000,FN,RAJF,S,BHZ
smi:fi.isuh/event/1494923,2025-02-08 20:16:04.640000,FN,RANF,P,BHZ
smi:fi.isuh/event/1494923,2025-02-08 20:16:46.080000,FN,RANF,S,BHZ
smi:fi.isuh/event/1494923,2025-02-08 20:16:01.430000,HE,KEV,P,BHZ
smi:fi.isuh/event/1494923,2025-02-08 20:16:50.360000,HE,KEV,S,BHZ
smi:fi.isuh/event/1494923,2025-02-08 20:16:15.880000,HE,HEF,P,BHZ
smi:fi.isuh/event/1494923,2025-02-08 20:17:11.040000,HE,HEF,S,BHZ
smi:fi.isuh/event/1495285,2025-02-08 23:06:52.707060,HE,VJF,P,?HZ
smi:fi.isuh/event/1495285,2025-02-08 23:07:05.506690,HE,VJF,S,?HZ
smi:fi.isuh/event/1495285,2025-02-08 23:07:00.432090,HE,LOVF,P,CZ
smi:fi.isuh/event/1495285,2025-02-08 23:07:17.676830,HE,LOVF,S,CZ
smi:fi.isuh/event/1495285,2025-02-08 23:07:00.729260,HE,KY17,P,CZ
smi:fi.isuh/event/1495285,2025-02-08 23:07:20.019200,HE,KY17,S,CZ
smi:fi.isuh/event/1495285,2025-02-08 23:07:03.639140,HE,PVF,P,CZ
smi:fi.isuh/event/1495285,2025-02-08 23:07:24.815510,HE,PVF,S,CZ
smi:fi.isuh/event/1495285,2025-02-08 23:07:11.945460,HE,FIA0,P,?HZ
smi:fi.isuh/event/1495285,2025-02-08 23:07:40.439120,HE,FIA0,S,?HZ
smi:fi.isuh/event/1495285,2025-02-08 23:07:13.050940,HE,MEF,P,BHZ
smi:fi.isuh/event/1495285,2025-02-08 23:07:40.748840,HE,MEF,S,BHZ
smi:fi.isuh/event/1495284,2025-02-08 23:15:06.971450,HE,VJF,P,?HZ
smi:fi.isuh/event/1495284,2025-02-08 23:15:19.949460,HE,VJF,S,?HZ
smi:fi.isuh/event/1495284,2025-02-08 23:15:15.457240,HE,LOVF,P,CZ
smi:fi.isuh/event/1495284,2025-02-08 23:15:33.507020,HE,LOVF,S,CZ
smi:fi.isuh/event/1495284,2025-02-08 23:15:14.576800,HE,KY17,P,CZ
smi:fi.isuh/event/1495284,2025-02-08 23:15:34.079870,HE,KY17,S,CZ
smi:fi.isuh/event/1495284,2025-02-08 23:15:17.877010,HE,PVF,P,CZ
smi:fi.isuh/event/1495284,2025-02-08 23:15:38.996880,HE,PVF,S,CZ
smi:fi.isuh/event/1495284,2025-02-08 23:15:44.338710,HE,VUOS,S,BHZ
smi:fi.isuh/event/1495284,2025-02-08 23:15:48.478980,HE,KUNI,S,BHZ
smi:fi.isuh/event/1495284,2025-02-08 23:15:54.482350,HE,FIA0,S,?HZ
smi:fi.isuh/event/1495284,2025-02-08 23:15:53.086010,HE,NUR,S,SHZ
smi:fi.isuh/event/1495284,2025-02-08 23:15:54.327200,HE,MEF,S,BHZ
smi:fi.isuh/event/1495283,2025-02-08 23:20:51.134590,HE,VJF,P,?HZ
smi:fi.isuh/event/1495283,2025-02-08 23:21:03.514000,HE,VJF,S,?HZ
smi:fi.isuh/event/1495283,2025-02-08 23:20:57.514900,HE,LOVF,P,CZ
smi:fi.isuh/event/1495283,2025-02-08 23:21:14.747830,HE,LOVF,S,CZ
smi:fi.isuh/event/1495283,2025-02-08 23:20:58.792690,HE,KY17,P,CZ
smi:fi.isuh/event/1495283,2025-02-08 23:21:18.140190,HE,KY17,S,CZ
smi:fi.isuh/event/1495283,2025-02-08 23:21:02.060640,HE,PVF,P,CZ
smi:fi.isuh/event/1495283,2025-02-08 23:21:22.360990,HE,PVF,S,CZ
smi:fi.isuh/event/1495283,2025-02-08 23:21:05.307430,HE,RUF,P,BHZ
smi:fi.isuh/event/1495283,2025-02-08 23:21:28.287190,HE,RUF,S,BHZ
smi:fi.isuh/event/1495283,2025-02-08 23:21:05.149820,HE,VUOS,P,BHZ
smi:fi.isuh/event/1495283,2025-02-08 23:21:25.513220,HE,VUOS,S,BHZ
smi:fi.isuh/event/1495283,2025-02-08 23:21:07.315820,HE,RSUO,P,BHZ
smi:fi.isuh/event/1495283,2025-02-08 23:21:07.315820,HE,LAUT,P,BHZ
smi:fi.isuh/event/1495283,2025-02-08 23:21:30.765950,HE,LAUT,S,BHZ
smi:fi.isuh/event/1495283,2025-02-08 23:21:07.401410,HE,KUNI,P,BHZ
smi:fi.isuh/event/1495283,2025-02-08 23:21:31.878550,HE,KUNI,S,BHZ
smi:fi.isuh/event/1495283,2025-02-08 23:21:08.599590,HE,HEL5,P,BHZ
smi:fi.isuh/event/1495283,2025-02-08 23:21:33.333490,HE,HEL5,S,BHZ
smi:fi.isuh/event/1495283,2025-02-08 23:21:10.739200,HE,NUR,P,SHZ
smi:fi.isuh/event/1495283,2025-02-08 23:21:37.184790,HE,NUR,S,SHZ
smi:fi.isuh/event/1495283,2025-02-08 23:21:10.140110,HE,FIA0,P,?HZ
smi:fi.isuh/event/1495283,2025-02-08 23:21:38.810890,HE,FIA0,S,?HZ
smi:fi.isuh/event/1495283,2025-02-08 23:21:10.311280,HE,FIA1,P,?HZ
smi:fi.isuh/event/1495283,2025-02-08 23:21:38.725310,HE,FIA1,S,?HZ
smi:fi.isuh/event/1495283,2025-02-08 23:21:10.995950,HE,MEF,P,BHZ
smi:fi.isuh/event/1495283,2025-02-08 23:21:37.869460,HE,MEF,S,BHZ
smi:fi.isuh/event/1494810,2025-02-09 01:51:46.190000,HE,RMF,P,BHZ
smi:fi.isuh/event/1494810,2025-02-09 01:51:54.080000,HE,RMF,S,BHZ
smi:fi.isuh/event/1494810,2025-02-09 01:51:50.480000,HE,KU1,P,BHZ
smi:fi.isuh/event/1494810,2025-02-09 01:52:05.920000,HE,KU1,S,BHZ
smi:fi.isuh/event/1494810,2025-02-09 01:52:13.800000,HE,KU6,S,BHZ
smi:fi.isuh/event/1494810,2025-02-09 01:51:58.980000,HE,KU2,P,BHZ
smi:fi.isuh/event/1494810,2025-02-09 01:52:16.900000,HE,KU2,S,BHZ
smi:fi.isuh/event/1494810,2025-02-09 01:52:18.500000,HE,KJNF,S,BHZ
smi:fi.isuh/event/1494810,2025-02-09 01:52:03.360000,FN,OLKF,P,BHZ
smi:fi.isuh/event/1494810,2025-02-09 01:52:24.780000,FN,OLKF,S,BHZ
smi:fi.isuh/event/1494810,2025-02-09 01:52:31.780000,HE,NIF,S,BHZ
smi:fi.isuh/event/1494810,2025-02-09 01:52:32.520000,HE,JOF,S,BHZ
smi:fi.isuh/event/1494810,2025-02-09 01:52:36.120000,FN,RANF,S,BHZ
smi:fi.isuh/event/1494810,2025-02-09 01:52:51.360000,HE,OBF3,S,BHZ
smi:fi.isuh/event/1494810,2025-02-09 01:52:53.080000,HE,OUF,S,BHZ
smi:fi.isuh/event/1494810,2025-02-09 01:52:58.020000,HE,OBF0,S,BHZ
smi:fi.isuh/event/1494817,2025-02-09 02:41:01.340000,HE,RMF,P,BHZ
smi:fi.isuh/event/1494817,2025-02-09 02:41:05.860000,HE,KJNF,P,BHZ
smi:fi.isuh/event/1494817,2025-02-09 02:41:06.970000,HE,NIF,P,BHZ
smi:fi.isuh/event/1494817,2025-02-09 02:41:17.460000,HE,NIF,S,BHZ
smi:fi.isuh/event/1494817,2025-02-09 02:41:20.330000,HE,JOF,P,BHZ
smi:fi.isuh/event/1494817,2025-02-09 02:41:40.800000,HE,JOF,S,BHZ
smi:fi.isuh/event/1494817,2025-02-09 02:41:23.160000,HE,KU1,P,BHZ
smi:fi.isuh/event/1494817,2025-02-09 02:41:25.580000,HE,SUF,P,BHZ
smi:fi.isuh/event/1494817,2025-02-09 02:41:49.880000,HE,SUF,S,BHZ
smi:fi.isuh/event/1494817,2025-02-09 02:41:30.780000,HE,OBF3,P,BHZ
smi:fi.isuh/event/1494817,2025-02-09 02:42:03.360000,FN,RANF,S,BHZ
smi:fi.isuh/event/1494817,2025-02-09 02:42:12.080000,HE,KEF,S,BHZ
smi:fi.isuh/event/1494817,2025-02-09 02:42:49.560000,HE,VRF,S,BHZ
smi:fi.isuh/event/1494816,2025-02-09 16:06:34.460000,FN,RAJF,P,BHZ
smi:fi.isuh/event/1494816,2025-02-09 16:06:51.680000,FN,RAJF,S,BHZ
smi:fi.isuh/event/1494816,2025-02-09 16:06:36.510000,HE,KEV,P,BHZ
smi:fi.isuh/event/1494816,2025-02-09 16:06:53.780000,HE,KEV,S,BHZ
smi:fi.isuh/event/1494816,2025-02-09 16:06:41.820000,HE,VRF,P,BHZ
smi:fi.isuh/event/1494816,2025-02-09 16:07:05.200000,HE,VRF,S,BHZ
smi:fi.isuh/event/1494816,2025-02-09 16:07:33.800000,HE,HEF,S,BHZ
smi:fi.isuh/event/1494816,2025-02-09 16:08:05.140000,HE,KU2,S,BHZ
smi:fi.isuh/event/1494908,2025-02-10 10:04:52.560000,HE,HEL5,P,BHZ
smi:fi.isuh/event/1494908,2025-02-10 10:04:53.860000,HE,HEL5,S,BHZ
smi:fi.isuh/event/1494908,2025-02-10 10:04:52.830000,HE,LAUT,P,BHZ
smi:fi.isuh/event/1494908,2025-02-10 10:04:54.340000,HE,LAUT,S,BHZ
smi:fi.isuh/event/1494908,2025-02-10 10:04:52.850000,HE,HEL1,P,BHZ
smi:fi.isuh/event/1494908,2025-02-10 10:04:53.530000,HE,MEF,P,BHZ
smi:fi.isuh/event/1494908,2025-02-10 10:04:53.530000,HE,KUNI,P,BHZ
smi:fi.isuh/event/1494908,2025-02-10 10:04:55.470000,HE,KUNI,S,BHZ
smi:fi.isuh/event/1494908,2025-02-10 10:04:55.320000,HE,VUOS,P,BHZ
smi:fi.isuh/event/1494963,2025-02-10 11:28:25.480000,HE,KORF,P,BHZ
smi:fi.isuh/event/1494963,2025-02-10 11:28:32.440000,HE,KORF,S,BHZ
smi:fi.isuh/event/1494963,2025-02-10 11:28:25.580000,HE,RAF,P,BHZ
smi:fi.isuh/event/1494963,2025-02-10 11:28:32.680000,HE,RAF,S,BHZ
smi:fi.isuh/event/1494963,2025-02-10 11:28:48.980000,HE,TVF,S,BHZ
smi:fi.isuh/event/1494963,2025-02-10 11:28:38.080000,HE,MEF,P,BHZ
smi:fi.isuh/event/1494963,2025-02-10 11:28:36.840000,UP,AAL,P,BHZ
smi:fi.isuh/event/1494963,2025-02-10 11:28:56.080000,UP,AAL,S,BHZ
smi:fi.isuh/event/1494963,2025-02-10 11:28:39.910000,HE,KPF,P,BHZ
smi:fi.isuh/event/1494963,2025-02-10 11:28:40.090000,HE,ECKF,P,BHZ
smi:fi.isuh/event/1494963,2025-02-10 11:28:57.740000,HE,ECKF,S,BHZ
smi:fi.isuh/event/1494963,2025-02-10 11:28:43.380000,HE,TRE03,P,BHZ
smi:fi.isuh/event/1494963,2025-02-10 11:28:45.280000,HE,VUOS,P,BHZ
smi:fi.isuh/event/1494963,2025-02-10 11:28:53.920000,HE,KEF,P,BHZ
smi:fi.isuh/event/1494963,2025-02-10 11:28:51.400000,HE,FIA0,P,SHZ
smi:fi.isuh/event/1494963,2025-02-10 11:29:01.880000,HE,VAF,P,BHZ
smi:fi.isuh/event/1494904,2025-02-10 13:31:16.280000,FN,KLF,P,BHZ
smi:fi.isuh/event/1494904,2025-02-10 13:31:21.460000,FN,KLF,S,BHZ
smi:fi.isuh/event/1494904,2025-02-10 13:31:28.920000,HE,HEF,P,BHZ
smi:fi.isuh/event/1494904,2025-02-10 13:31:34.940000,HE,HEF,S,BHZ
smi:fi.isuh/event/1494904,2025-02-10 13:31:36.200000,HE,TOF,P,BHZ
smi:fi.isuh/event/1494904,2025-02-10 13:31:54.680000,HE,TOF,S,BHZ
smi:fi.isuh/event/1494904,2025-02-10 13:31:42.840000,HE,KIF,P,BHZ
smi:fi.isuh/event/1494904,2025-02-10 13:31:45.840000,FN,RANF,P,BHZ
smi:fi.isuh/event/1494904,2025-02-10 13:32:11.600000,FN,RANF,S,BHZ
smi:fi.isuh/event/1494904,2025-02-10 13:31:47.930000,FN,RAJF,P,BHZ
smi:fi.isuh/event/1494904,2025-02-10 13:31:52.780000,HE,VRF,P,BHZ
smi:fi.isuh/event/1494904,2025-02-10 13:32:24.600000,HE,VRF,S,BHZ
smi:fi.isuh/event/1494904,2025-02-10 13:31:55.280000,HE,KU2,P,BHZ
smi:fi.isuh/event/1494904,2025-02-10 13:31:55.640000,HE,KEV,P,BHZ
smi:fi.isuh/event/1494904,2025-02-10 13:32:30.720000,HE,KEV,S,BHZ
smi:fi.isuh/event/1494904,2025-02-10 13:31:55.180000,FN,OLKF,P,BHZ
smi:fi.isuh/event/1494904,2025-02-10 13:32:31.840000,FN,OLKF,S,BHZ
smi:fi.isuh/event/1494904,2025-02-10 13:31:56.240000,HE,OBF3,P,BHZ
smi:fi.isuh/event/1494904,2025-02-10 13:31:59.730000,HE,KU6,P,BHZ
smi:fi.isuh/event/1494904,2025-02-10 13:32:37.280000,HE,KU6,S,BHZ
smi:fi.isuh/event/1494904,2025-02-10 13:32:01.680000,HE,KU1,P,BHZ
smi:fi.isuh/event/1494904,2025-02-10 13:32:41.160000,HE,KU1,S,BHZ
smi:fi.isuh/event/1494904,2025-02-10 13:32:02.780000,HE,OBF8,P,BHZ
smi:fi.isuh/event/1494904,2025-02-10 13:32:02.880000,HE,OUF,P,BHZ
smi:fi.isuh/event/1494904,2025-02-10 13:32:40.520000,HE,OUF,S,BHZ
smi:fi.isuh/event/1494904,2025-02-10 13:32:57.370000,HE,KJNF,S,BHZ
smi:fi.isuh/event/1494958,2025-02-10 14:29:07.334580,HE,HEL5,P,BHZ
smi:fi.isuh/event/1494958,2025-02-10 14:29:08.783260,HE,HEL5,S,BHZ
smi:fi.isuh/event/1494958,2025-02-10 14:29:07.430640,HE,MEF,P,BHZ
smi:fi.isuh/event/1494958,2025-02-10 14:29:08.940920,HE,MEF,S,BHZ
smi:fi.isuh/event/1494958,2025-02-10 14:29:08.368180,HE,LAUT,P,BHZ
smi:fi.isuh/event/1494958,2025-02-10 14:29:10.028750,HE,LAUT,S,BHZ
smi:fi.isuh/event/1494958,2025-02-10 14:29:08.650010,HE,HEL1,P,BHZ
smi:fi.isuh/event/1494958,2025-02-10 14:29:10.769740,HE,HEL1,S,BHZ
smi:fi.isuh/event/1494958,2025-02-10 14:29:09.062700,HE,RSUO,P,BHZ
smi:fi.isuh/event/1494958,2025-02-10 14:29:11.353080,HE,RSUO,S,BHZ
smi:fi.isuh/event/1494958,2025-02-10 14:29:09.498960,HE,KUNI,P,BHZ
smi:fi.isuh/event/1494958,2025-02-10 14:29:12.488210,HE,KUNI,S,BHZ
smi:fi.isuh/event/1494958,2025-02-10 14:29:11.069290,HE,VUOS,P,BHZ
smi:fi.isuh/event/1494958,2025-02-10 14:29:14.994970,HE,VUOS,S,BHZ
smi:fi.isuh/event/1494958,2025-02-10 14:29:12.246170,HE,NUR,P,SHZ
smi:fi.isuh/event/1494958,2025-02-10 14:29:17.226090,HE,NUR,S,SHZ
smi:fi.isuh/event/1494958,2025-02-10 14:29:18.709530,HE,TVF,P,BHZ
smi:fi.isuh/event/1494958,2025-02-10 14:29:27.577410,HE,TVF,S,BHZ
smi:fi.isuh/event/1494958,2025-02-10 14:29:18.955340,HE,PVF,P,CZ
smi:fi.isuh/event/1494958,2025-02-10 14:29:29.294000,HE,PVF,S,CZ
smi:fi.isuh/event/1494958,2025-02-10 14:29:22.342050,HE,LOVF,P,CZ
smi:fi.isuh/event/1494958,2025-02-10 14:29:33.718890,HE,LOVF,S,CZ
smi:fi.isuh/event/1494958,2025-02-10 14:29:31.894540,HE,KY17,P,CZ
smi:fi.isuh/event/1494958,2025-02-10 14:29:50.966010,HE,KY17,S,CZ
smi:fi.isuh/event/1494958,2025-02-10 14:29:32.119650,HE,TRE03,P,CZ
smi:fi.isuh/event/1494958,2025-02-10 14:29:51.502450,HE,TRE03,S,CZ
smi:fi.isuh/event/1494958,2025-02-10 14:29:32.564850,HE,FIA0,P,?HZ
smi:fi.isuh/event/1494958,2025-02-10 14:29:52.038880,HE,FIA0,S,?HZ
smi:fi.isuh/event/1494958,2025-02-10 14:29:32.564850,HE,FIA1,P,?HZ
smi:fi.isuh/event/1494958,2025-02-10 14:29:52.038880,HE,FIA1,S,?HZ
smi:fi.isuh/event/1494958,2025-02-10 14:29:52.575320,HE,KORF,S,CZ
smi:fi.isuh/event/1494958,2025-02-10 14:29:53.326330,HE,VJF,S,?HZ
smi:fi.isuh/event/1494958,2025-02-10 14:29:55.579360,HE,RAF,S,BHZ
smi:fi.isuh/event/1494914,2025-02-10 16:02:14.430000,FN,RAJF,P,BHZ
smi:fi.isuh/event/1494914,2025-02-10 16:02:29.480000,FN,RAJF,S,BHZ
smi:fi.isuh/event/1494914,2025-02-10 16:02:15.480000,HE,KEV,P,BHZ
smi:fi.isuh/event/1494914,2025-02-10 16:02:32.840000,HE,KEV,S,BHZ
smi:fi.isuh/event/1494914,2025-02-10 16:03:12.880000,HE,HEF,S,BHZ
smi:fi.isuh/event/1495046,2025-02-11 04:46:52.620000,HE,HEF,P,BHZ
smi:fi.isuh/event/1495046,2025-02-11 04:46:54.880000,FN,KLF,P,BHZ
smi:fi.isuh/event/1495046,2025-02-11 04:47:05.800000,FN,KLF,S,BHZ
smi:fi.isuh/event/1495046,2025-02-11 04:47:19.040000,FN,RAJF,S,BHZ
smi:fi.isuh/event/1495046,2025-02-11 04:47:29.320000,HE,VRF,S,BHZ
smi:fi.isuh/event/1495046,2025-02-11 04:47:37.200000,HE,TOF,S,BHZ
smi:fi.isuh/event/1495046,2025-02-11 04:47:12.980000,HE,KEV,P,BHZ
smi:fi.isuh/event/1495046,2025-02-11 04:47:38.280000,HE,KEV,S,BHZ
smi:fi.isuh/event/1495046,2025-02-11 04:47:13.360000,FN,RANF,P,BHZ
smi:fi.isuh/event/1495046,2025-02-11 04:47:40.240000,FN,RANF,S,BHZ
smi:fi.isuh/event/1495049,2025-02-11 09:15:10.100000,HE,HEL5,P,BHZ
smi:fi.isuh/event/1495049,2025-02-11 09:15:11.860000,HE,HEL5,S,BHZ
smi:fi.isuh/event/1495049,2025-02-11 09:15:10.320000,HE,HEL1,P,BHZ
smi:fi.isuh/event/1495049,2025-02-11 09:15:10.090000,HE,LAUT,P,BHZ
smi:fi.isuh/event/1495049,2025-02-11 09:15:10.390000,HE,KUNI,P,BHZ
smi:fi.isuh/event/1495049,2025-02-11 09:15:11.900000,HE,KUNI,S,BHZ
smi:fi.isuh/event/1495049,2025-02-11 09:15:10.680000,HE,MEF,P,BHZ
smi:fi.isuh/event/1495049,2025-02-11 09:15:12.080000,HE,MEF,S,BHZ
smi:fi.isuh/event/1495049,2025-02-11 09:15:13.060000,HE,NUR,P,BHZ
smi:fi.isuh/event/1495049,2025-02-11 09:15:17.560000,HE,NUR,S,BHZ
smi:fi.isuh/event/1495155,2025-02-11 09:31:28.780000,HE,HEL5,P,BHZ
smi:fi.isuh/event/1495155,2025-02-11 09:31:28.640000,HE,MEF,P,BHZ
smi:fi.isuh/event/1495155,2025-02-11 09:31:30.530000,HE,MEF,S,BHZ
smi:fi.isuh/event/1495155,2025-02-11 09:31:29.870000,HE,LAUT,P,BHZ
smi:fi.isuh/event/1495155,2025-02-11 09:31:31.880000,HE,LAUT,S,BHZ
smi:fi.isuh/event/1495155,2025-02-11 09:31:30.090000,HE,HEL1,P,BHZ
smi:fi.isuh/event/1495155,2025-02-11 09:31:32.320000,HE,HEL1,S,BHZ
smi:fi.isuh/event/1495155,2025-02-11 09:31:30.990000,HE,KUNI,P,BHZ
smi:fi.isuh/event/1495155,2025-02-11 09:31:34.000000,HE,KUNI,S,BHZ
smi:fi.isuh/event/1495155,2025-02-11 09:31:32.540000,HE,VUOS,P,BHZ
smi:fi.isuh/event/1495155,2025-02-11 09:31:33.740000,HE,NUR,P,BHZ
smi:fi.isuh/event/1495155,2025-02-11 09:31:41.290000,HE,PVF,P,BHZ
smi:fi.isuh/event/1495155,2025-02-11 09:32:13.080000,HE,KY17,S,BHZ
smi:fi.isuh/event/1495155,2025-02-11 09:31:55.400000,HE,FIA0,P,SHZ
smi:fi.isuh/event/1495155,2025-02-11 09:32:17.500000,HE,FIA0,S,SHZ
smi:fi.isuh/event/1495155,2025-02-11 09:32:17.940000,HE,VJF,S,BHZ
smi:fi.isuh/event/1495124,2025-02-11 11:56:32.300000,HE,KY17,P,BHZ
smi:fi.isuh/event/1495124,2025-02-11 11:56:35.380000,HE,KY17,S,BHZ
smi:fi.isuh/event/1495124,2025-02-11 11:56:35.180000,HE,VJF,P,BHZ
smi:fi.isuh/event/1495124,2025-02-11 11:56:40.780000,HE,VJF,S,BHZ
smi:fi.isuh/event/1495124,2025-02-11 11:56:37.780000,HE,PVF,P,BHZ
smi:fi.isuh/event/1495124,2025-02-11 11:56:44.560000,HE,PVF,S,BHZ
smi:fi.isuh/event/1495124,2025-02-11 11:56:42.900000,HE,FIA0,P,SHZ
smi:fi.isuh/event/1495124,2025-02-11 11:56:55.200000,HE,FIA0,S,SHZ
smi:fi.isuh/event/1495124,2025-02-11 11:56:46.540000,HE,VUOS,P,BHZ
smi:fi.isuh/event/1495124,2025-02-11 11:56:47.900000,HE,KUNI,P,BHZ
smi:fi.isuh/event/1495124,2025-02-11 11:56:48.340000,HE,NUR,P,BHZ
smi:fi.isuh/event/1495124,2025-02-11 11:56:49.580000,HE,LAUT,P,BHZ
smi:fi.isuh/event/1495124,2025-02-11 11:56:50.480000,HE,RUF,P,BHZ
smi:fi.isuh/event/1495124,2025-02-11 11:57:09.840000,HE,RUF,S,BHZ
smi:fi.isuh/event/1495124,2025-02-11 11:56:50.770000,HE,HEL5,P,BHZ
smi:fi.isuh/event/1495124,2025-02-11 11:56:52.430000,HE,MEF,P,BHZ
smi:fi.isuh/event/1495124,2025-02-11 11:57:14.200000,HE,MEF,S,BHZ
smi:fi.isuh/event/1495124,2025-02-11 11:56:53.730000,HE,KAF,P,BHZ
smi:fi.isuh/event/1495124,2025-02-11 11:57:12.920000,HE,KAF,S,BHZ
smi:fi.isuh/event/1495124,2025-02-11 11:56:56.820000,HE,TRE03,P,BHZ
smi:fi.isuh/event/1495124,2025-02-11 11:57:17.880000,HE,TRE03,S,BHZ
smi:fi.isuh/event/1495124,2025-02-11 11:56:59.480000,HE,KEF,P,BHZ
smi:fi.isuh/event/1495124,2025-02-11 11:57:23.240000,HE,KEF,S,BHZ
smi:fi.isuh/event/1495124,2025-02-11 11:57:31.580000,HE,TVF,S,BHZ
smi:fi.isuh/event/1495124,2025-02-11 11:57:05.860000,HE,SUF,P,BHZ
smi:fi.isuh/event/1495124,2025-02-11 11:57:31.340000,HE,SUF,S,BHZ
smi:fi.isuh/event/1495124,2025-02-11 11:57:11.830000,HE,RAF,P,BHZ
smi:fi.isuh/event/1495124,2025-02-11 11:57:45.360000,HE,RAF,S,BHZ
smi:fi.isuh/event/1495124,2025-02-11 11:57:13.020000,HE,KPF,P,BHZ
smi:fi.isuh/event/1495124,2025-02-11 11:57:46.920000,HE,KPF,S,BHZ
smi:fi.isuh/event/1495124,2025-02-11 11:57:50.920000,HE,NIF,S,BHZ
smi:fi.isuh/event/1495124,2025-02-11 11:57:52.330000,HE,VAF,S,BHZ
smi:fi.isuh/event/1495124,2025-02-11 11:58:04.050000,HE,KJNF,S,BHZ
smi:fi.isuh/event/1495124,2025-02-11 11:58:19.160000,HE,OUF,S,BHZ
smi:fi.isuh/event/1495124,2025-02-11 11:58:12.960000,HE,OBF0,S,BHZ
smi:fi.isuh/event/1495124,2025-02-11 11:58:21.930000,HE,OBF3,S,BHZ
smi:fi.isuh/event/1495047,2025-02-11 12:04:13.530000,HE,KORF,P,BHZ
smi:fi.isuh/event/1495047,2025-02-11 12:04:19.240000,HE,KORF,S,BHZ
smi:fi.isuh/event/1495047,2025-02-11 12:04:20.030000,HE,RAF,P,BHZ
smi:fi.isuh/event/1495047,2025-02-11 12:04:30.200000,HE,RAF,S,BHZ
smi:fi.isuh/event/1495047,2025-02-11 12:04:31.240000,HE,ECKF,P,BHZ
smi:fi.isuh/event/1495047,2025-02-11 12:04:34.810000,HE,KPF,P,BHZ
smi:fi.isuh/event/1495047,2025-02-11 12:04:54.700000,HE,KPF,S,BHZ
smi:fi.isuh/event/1495047,2025-02-11 12:05:16.400000,HE,FIA0,S,SHZ
smi:fi.isuh/event/1495047,2025-02-11 12:05:17.940000,HE,KEF,S,BHZ
smi:fi.isuh/event/1495055,2025-02-11 12:15:08.480000,HE,NIF,P,BHZ
smi:fi.isuh/event/1495055,2025-02-11 12:15:13.080000,HE,NIF,S,BHZ
smi:fi.isuh/event/1495055,2025-02-11 12:15:16.280000,HE,SUF,P,BHZ
smi:fi.isuh/event/1495055,2025-02-11 12:15:25.940000,HE,SUF,S,BHZ
smi:fi.isuh/event/1495055,2025-02-11 12:15:22.680000,HE,KAF,P,BHZ
smi:fi.isuh/event/1495055,2025-02-11 12:15:51.980000,HE,KEF,S,BHZ
smi:fi.isuh/event/1495055,2025-02-11 12:15:30.400000,HE,RMF,P,BHZ
smi:fi.isuh/event/1495055,2025-02-11 12:15:52.080000,HE,RMF,S,BHZ
smi:fi.isuh/event/1495055,2025-02-11 12:15:32.730000,HE,JOF,P,BHZ
smi:fi.isuh/event/1495055,2025-02-11 12:15:53.760000,HE,JOF,S,BHZ
smi:fi.isuh/event/1495055,2025-02-11 12:15:33.770000,HE,RUF,P,BHZ
smi:fi.isuh/event/1495055,2025-02-11 12:15:56.220000,HE,RUF,S,BHZ
smi:fi.isuh/event/1495055,2025-02-11 12:15:33.900000,HE,FIA0,P,SHZ
smi:fi.isuh/event/1495055,2025-02-11 12:15:58.000000,HE,FIA0,S,SHZ
smi:fi.isuh/event/1495055,2025-02-11 12:15:36.130000,HE,OUF,P,BHZ
smi:fi.isuh/event/1495055,2025-02-11 12:16:00.640000,HE,OUF,S,BHZ
smi:fi.isuh/event/1495055,2025-02-11 12:16:08.380000,HE,OBF0,S,BHZ
smi:fi.isuh/event/1495055,2025-02-11 12:16:09.380000,HE,KY17,S,BHZ
smi:fi.isuh/event/1495055,2025-02-11 12:16:09.780000,HE,TRE03,S,BHZ
smi:fi.isuh/event/1495055,2025-02-11 12:15:42.780000,HE,VAF,P,BHZ
smi:fi.isuh/event/1495055,2025-02-11 12:16:12.460000,HE,VAF,S,BHZ
smi:fi.isuh/event/1495055,2025-02-11 12:15:42.480000,HE,OBF8,P,BHZ
smi:fi.isuh/event/1495055,2025-02-11 12:16:12.840000,HE,OBF8,S,BHZ
smi:fi.isuh/event/1495055,2025-02-11 12:15:45.640000,HE,KU2,P,BHZ
smi:fi.isuh/event/1495055,2025-02-11 12:16:28.380000,HE,KPF,S,BHZ
smi:fi.isuh/event/1495061,2025-02-11 13:28:48.120000,HE,MEF,P,BHZ
smi:fi.isuh/event/1495061,2025-02-11 13:28:50.180000,HE,HEL5,P,BHZ
smi:fi.isuh/event/1495061,2025-02-11 13:28:50.040000,HE,LAUT,P,BHZ
smi:fi.isuh/event/1495061,2025-02-11 13:28:50.840000,HE,LAUT,S,BHZ
smi:fi.isuh/event/1495061,2025-02-11 13:28:50.280000,HE,HEL1,P,BHZ
smi:fi.isuh/event/1495061,2025-02-11 13:28:53.060000,HE,HEL1,S,BHZ
smi:fi.isuh/event/1495061,2025-02-11 13:28:50.280000,HE,KUNI,P,BHZ
smi:fi.isuh/event/1495061,2025-02-11 13:28:53.580000,HE,KUNI,S,BHZ
smi:fi.isuh/event/1495061,2025-02-11 13:28:52.680000,HE,VUOS,P,BHZ
smi:fi.isuh/event/1495061,2025-02-11 13:28:56.980000,HE,VUOS,S,BHZ
smi:fi.isuh/event/1495061,2025-02-11 13:28:52.480000,HE,NUR,P,BHZ
smi:fi.isuh/event/1495061,2025-02-11 13:28:55.420000,HE,NUR,S,BHZ
smi:fi.isuh/event/1495061,2025-02-11 13:29:00.380000,HE,PVF,P,BHZ
smi:fi.isuh/event/1495061,2025-02-11 13:29:10.660000,HE,PVF,S,BHZ
smi:fi.isuh/event/1495061,2025-02-11 13:29:01.620000,HE,TVF,P,BHZ
smi:fi.isuh/event/1495061,2025-02-11 13:29:11.820000,HE,TVF,S,BHZ
smi:fi.isuh/event/1495061,2025-02-11 13:29:13.680000,HE,TRE03,P,BHZ
smi:fi.isuh/event/1495061,2025-02-11 13:29:31.280000,HE,TRE03,S,BHZ
smi:fi.isuh/event/1495061,2025-02-11 13:29:32.380000,HE,KY17,S,BHZ
smi:fi.isuh/event/1495061,2025-02-11 13:29:14.100000,HE,FIA0,P,SHZ
smi:fi.isuh/event/1495061,2025-02-11 13:29:33.800000,HE,FIA0,S,SHZ
smi:fi.isuh/event/1495061,2025-02-11 13:29:14.680000,HE,VJF,P,BHZ
smi:fi.isuh/event/1495061,2025-02-11 13:29:36.820000,HE,VJF,S,BHZ
smi:fi.isuh/event/1495061,2025-02-11 13:29:15.580000,HE,KORF,P,BHZ
smi:fi.isuh/event/1495061,2025-02-11 13:29:16.680000,HE,RAF,P,BHZ
smi:fi.isuh/event/1495061,2025-02-11 13:29:23.380000,HE,KEF,P,BHZ
smi:fi.isuh/event/1495061,2025-02-11 13:29:48.200000,HE,KEF,S,BHZ
smi:fi.isuh/event/1495061,2025-02-11 13:29:23.880000,HE,KPF,P,BHZ
smi:fi.isuh/event/1495061,2025-02-11 13:29:52.080000,HE,KAF,S,BHZ
smi:fi.isuh/event/1495061,2025-02-11 13:29:58.480000,UP,AAL,S,BHZ
smi:fi.isuh/event/1495061,2025-02-11 13:30:05.280000,HE,ECKF,S,BHZ
smi:fi.isuh/event/1495061,2025-02-11 13:30:06.740000,HE,SUF,S,BHZ
smi:fi.isuh/event/1495061,2025-02-11 13:30:15.960000,HE,VAF,S,BHZ
smi:fi.isuh/event/1495114,2025-02-11 14:11:05.048100,HE,TRE03,P,CZ
smi:fi.isuh/event/1495114,2025-02-11 14:11:11.682940,HE,TRE03,S,CZ
smi:fi.isuh/event/1495114,2025-02-11 14:11:11.534770,HE,RAF,P,BHZ
smi:fi.isuh/event/1495114,2025-02-11 14:11:22.471200,HE,RAF,S,BHZ
smi:fi.isuh/event/1495114,2025-02-11 14:11:12.025350,HE,KPF,P,BHZ
smi:fi.isuh/event/1495114,2025-02-11 14:11:23.118490,HE,KPF,S,BHZ
smi:fi.isuh/event/1495114,2025-02-11 14:11:25.563830,HE,NUR,S,SHZ
smi:fi.isuh/event/1495114,2025-02-11 14:11:16.214010,HE,KEF,P,?HZ
smi:fi.isuh/event/1495114,2025-02-11 14:11:30.742200,HE,KEF,S,?HZ
smi:fi.isuh/event/1495114,2025-02-11 14:11:16.934070,HE,MEF,P,BHZ
smi:fi.isuh/event/1495114,2025-02-11 14:11:31.605260,HE,MEF,S,BHZ
smi:fi.isuh/event/1495114,2025-02-11 14:11:18.978440,HE,FIA0,P,?HZ
smi:fi.isuh/event/1495114,2025-02-11 14:11:35.723560,HE,FIA0,S,?HZ
smi:fi.isuh/event/1495114,2025-02-11 14:11:18.978440,HE,FIA1,P,?HZ
smi:fi.isuh/event/1495114,2025-02-11 14:11:35.725830,HE,FIA1,S,?HZ
smi:fi.isuh/event/1495114,2025-02-11 14:11:36.621020,HE,LAUT,S,BHZ
smi:fi.isuh/event/1495114,2025-02-11 14:11:36.621020,HE,HEL5,S,BHZ
smi:fi.isuh/event/1495114,2025-02-11 14:11:36.690000,HE,HEL5,S,BHZ
smi:fi.isuh/event/1495114,2025-02-11 14:11:38.677000,HE,PVF,S,CZ
smi:fi.isuh/event/1495114,2025-02-11 14:11:40.083720,HE,TVF,S,BHZ
smi:fi.isuh/event/1495114,2025-02-11 14:11:23.285940,HE,KORF,P,CZ
smi:fi.isuh/event/1495114,2025-02-11 14:11:42.464330,HE,KORF,S,CZ
smi:fi.isuh/event/1495114,2025-02-11 14:11:24.787480,HE,KAF,P,?HZ
smi:fi.isuh/event/1495114,2025-02-11 14:11:45.277770,HE,KAF,S,?HZ
smi:fi.isuh/event/1495114,2025-02-11 14:11:25.052710,HE,LOVF,P,CZ
smi:fi.isuh/event/1495114,2025-02-11 14:11:45.927030,HE,LOVF,S,CZ
smi:fi.isuh/event/1495114,2025-02-11 14:11:50.583220,HE,KY17,S,CZ
smi:fi.isuh/event/1495114,2025-02-11 14:11:29.048860,HE,VAF,P,BHZ
smi:fi.isuh/event/1495114,2025-02-11 14:11:52.527800,HE,VAF,S,BHZ
smi:fi.isuh/event/1495114,2025-02-11 14:11:29.896280,HE,ALAJF,P,?HZ
smi:fi.isuh/event/1495114,2025-02-11 14:11:54.259150,HE,ALAJF,S,?HZ
smi:fi.isuh/event/1495114,2025-02-11 14:11:30.972890,HE,SUF,P,BHZ
smi:fi.isuh/event/1495114,2025-02-11 14:11:55.557670,HE,SUF,S,BHZ
smi:fi.isuh/event/1495114,2025-02-11 14:11:31.680000,UP,AAL,P,BHZ
smi:fi.isuh/event/1495114,2025-02-11 14:11:57.397230,UP,AAL,S,BHZ
smi:fi.isuh/event/1495052,2025-02-11 14:26:57.916770,HE,ECKF,P,CZ
smi:fi.isuh/event/1495052,2025-02-11 14:27:16.704310,HE,ECKF,S,CZ
smi:fi.isuh/event/1495052,2025-02-11 14:26:59.807720,UP,AAL,P,BHZ
smi:fi.isuh/event/1495052,2025-02-11 14:27:20.465580,UP,AAL,S,BHZ
smi:fi.isuh/event/1495052,2025-02-11 14:27:10.424400,HE,KORF,P,CZ
smi:fi.isuh/event/1495052,2025-02-11 14:27:37.053570,HE,KORF,S,CZ
smi:fi.isuh/event/1495052,2025-02-11 14:27:51.564480,HE,RAF,S,BHZ
smi:fi.isuh/event/1495105,2025-02-12 04:41:09.666890,HE,HEF,P,BHZ
smi:fi.isuh/event/1495105,2025-02-12 04:41:20.365490,HE,HEF,S,BHZ
smi:fi.isuh/event/1495105,2025-02-12 04:41:11.483640,FN,KLF,P,BHZ
smi:fi.isuh/event/1495105,2025-02-12 04:41:23.555010,FN,KLF,S,BHZ
smi:fi.isuh/event/1495105,2025-02-12 04:41:32.010860,FN,RAJF,S,?HZ
smi:fi.isuh/event/1495105,2025-02-12 04:41:19.032730,FN,KMNF,P,?HZ
smi:fi.isuh/event/1495105,2025-02-12 04:41:37.107130,FN,KMNF,S,?HZ
smi:fi.isuh/event/1495105,2025-02-12 04:41:43.835370,HE,VRF,S,BHZ
smi:fi.isuh/event/1495105,2025-02-12 04:41:29.026510,HE,KEV,P,?HZ
smi:fi.isuh/event/1495105,2025-02-12 04:41:53.408480,HE,KEV,S,?HZ
smi:fi.isuh/event/1495102,2025-02-12 06:18:51.360000,HE,VRF,P,BHZ
smi:fi.isuh/event/1495102,2025-02-12 06:19:13.000000,HE,VRF,S,BHZ
smi:fi.isuh/event/1495102,2025-02-12 06:19:01.260000,FN,RAJF,P,BHZ
smi:fi.isuh/event/1495102,2025-02-12 06:19:30.240000,FN,RAJF,S,BHZ
smi:fi.isuh/event/1495102,2025-02-12 06:19:01.160000,FN,OLKF,P,BHZ
smi:fi.isuh/event/1495102,2025-02-12 06:19:31.120000,FN,OLKF,S,BHZ
smi:fi.isuh/event/1495102,2025-02-12 06:19:30.130000,HE,KU6,S,BHZ
smi:fi.isuh/event/1495102,2025-02-12 06:20:05.160000,HE,HEF,S,BHZ
smi:fi.isuh/event/1495111,2025-02-12 10:25:41.316740,HE,HEL5,P,BHZ
smi:fi.isuh/event/1495111,2025-02-12 10:25:42.875640,HE,HEL5,S,BHZ
smi:fi.isuh/event/1495111,2025-02-12 10:25:41.760720,HE,LAUT,P,BHZ
smi:fi.isuh/event/1495111,2025-02-12 10:25:42.853460,HE,LAUT,S,BHZ
smi:fi.isuh/event/1495111,2025-02-12 10:25:41.635840,HE,HEL1,P,BHZ
smi:fi.isuh/event/1495111,2025-02-12 10:25:43.165670,HE,HEL1,S,BHZ
smi:fi.isuh/event/1495111,2025-02-12 10:25:42.010490,HE,MEF,P,BHZ
smi:fi.isuh/event/1495111,2025-02-12 10:25:43.384210,HE,MEF,S,BHZ
smi:fi.isuh/event/1495111,2025-02-12 10:25:42.041710,HE,RSUO,P,BHZ
smi:fi.isuh/event/1495111,2025-02-12 10:25:43.696420,HE,RSUO,S,BHZ
smi:fi.isuh/event/1495111,2025-02-12 10:25:42.322700,HE,KUNI,P,BHZ
smi:fi.isuh/event/1495111,2025-02-12 10:25:44.227180,HE,KUNI,S,BHZ
smi:fi.isuh/event/1495111,2025-02-12 10:25:44.251300,HE,VUOS,P,BHZ
smi:fi.isuh/event/1495111,2025-02-12 10:25:47.319140,HE,VUOS,S,BHZ
smi:fi.isuh/event/1495112,2025-02-12 10:39:16.346060,HE,NIF,P,BHZ
smi:fi.isuh/event/1495112,2025-02-12 10:39:20.666880,HE,NIF,S,BHZ
smi:fi.isuh/event/1495112,2025-02-12 10:39:29.040300,HE,SUF,P,BHZ
smi:fi.isuh/event/1495112,2025-02-12 10:39:42.499030,HE,SUF,S,BHZ
smi:fi.isuh/event/1495112,2025-02-12 10:39:34.532460,HE,RMF,P,BHZ
smi:fi.isuh/event/1495112,2025-02-12 10:39:50.766630,HE,RMF,S,BHZ
smi:fi.isuh/event/1495112,2025-02-12 10:39:35.097830,HE,OUF,P,BHZ
smi:fi.isuh/event/1495112,2025-02-12 10:39:52.785810,HE,OUF,S,BHZ
smi:fi.isuh/event/1495112,2025-02-12 10:39:38.086210,HE,ALAJF,P,?HZ
smi:fi.isuh/event/1495112,2025-02-12 10:39:57.874130,HE,ALAJF,S,?HZ
smi:fi.isuh/event/1495112,2025-02-12 10:39:38.813110,HE,KAF,P,?HZ
smi:fi.isuh/event/1495112,2025-02-12 10:39:58.957570,HE,KAF,S,?HZ
smi:fi.isuh/event/1495112,2025-02-12 10:39:39.943850,HE,OBF0,P,BHZ
smi:fi.isuh/event/1495112,2025-02-12 10:40:00.458670,HE,OBF0,S,BHZ
smi:fi.isuh/event/1495112,2025-02-12 10:39:40.428450,HE,OBF3,P,BHZ
smi:fi.isuh/event/1495112,2025-02-12 10:40:02.074010,HE,OBF3,S,BHZ
smi:fi.isuh/event/1495112,2025-02-12 10:39:43.013000,HE,KEF,P,?HZ
smi:fi.isuh/event/1495112,2025-02-12 10:40:06.273900,HE,KEF,S,?HZ
smi:fi.isuh/event/1495112,2025-02-12 10:40:07.397510,HE,OBF8,S,BHZ
smi:fi.isuh/event/1495112,2025-02-12 10:40:10.271870,HE,JOF,S,BHZ
smi:fi.isuh/event/1495112,2025-02-12 10:40:15.158270,HE,KU2,S,SHZ
smi:fi.isuh/event/1495112,2025-02-12 10:40:15.733140,HE,VAF,S,BHZ
smi:fi.isuh/event/1495113,2025-02-12 11:26:10.071980,HE,NUR,P,SHZ
smi:fi.isuh/event/1495113,2025-02-12 11:26:11.704540,HE,NUR,S,SHZ
smi:fi.isuh/event/1495113,2025-02-12 11:26:10.523380,HE,KUNI,P,BHZ
smi:fi.isuh/event/1495113,2025-02-12 11:26:12.435380,HE,KUNI,S,BHZ
smi:fi.isuh/event/1495113,2025-02-12 11:26:11.685290,HE,RSUO,P,BHZ
smi:fi.isuh/event/1495113,2025-02-12 11:26:14.633750,HE,RSUO,S,BHZ
smi:fi.isuh/event/1495113,2025-02-12 11:26:12.207410,HE,HEL1,P,BHZ
smi:fi.isuh/event/1495113,2025-02-12 11:26:15.539780,HE,HEL1,S,BHZ
smi:fi.isuh/event/1495113,2025-02-12 11:26:12.646040,HE,LAUT,P,BHZ
smi:fi.isuh/event/1495113,2025-02-12 11:26:16.257000,HE,LAUT,S,BHZ
smi:fi.isuh/event/1495113,2025-02-12 11:26:12.736890,HE,VUOS,P,BHZ
smi:fi.isuh/event/1495113,2025-02-12 11:26:16.484100,HE,VUOS,S,BHZ
smi:fi.isuh/event/1495109,2025-02-12 11:28:43.558270,HE,TRE03,P,CZ
smi:fi.isuh/event/1495109,2025-02-12 11:28:44.769250,HE,TRE03,S,CZ
smi:fi.isuh/event/1495109,2025-02-12 11:28:54.003410,HE,KEF,P,?HZ
smi:fi.isuh/event/1495109,2025-02-12 11:29:03.445440,HE,KEF,S,?HZ
smi:fi.isuh/event/1495109,2025-02-12 11:28:57.573390,HE,KPF,P,BHZ
smi:fi.isuh/event/1495109,2025-02-12 11:29:10.215590,HE,KPF,S,BHZ
smi:fi.isuh/event/1495109,2025-02-12 11:28:59.615840,HE,FIA0,P,?HZ
smi:fi.isuh/event/1495109,2025-02-12 11:29:13.785350,HE,FIA0,S,?HZ
smi:fi.isuh/event/1495109,2025-02-12 11:28:59.743500,HE,FIA1,P,?HZ
smi:fi.isuh/event/1495109,2025-02-12 11:29:13.785350,HE,FIA1,S,?HZ
smi:fi.isuh/event/1495109,2025-02-12 11:29:16.849030,HE,NUR,S,SHZ
smi:fi.isuh/event/1495109,2025-02-12 11:29:02.807170,HE,RAF,P,BHZ
smi:fi.isuh/event/1495109,2025-02-12 11:29:18.891480,HE,RAF,S,BHZ
smi:fi.isuh/event/1495109,2025-02-12 11:29:03.828400,HE,KAF,P,?HZ
smi:fi.isuh/event/1495109,2025-02-12 11:29:20.423320,HE,KAF,S,?HZ
smi:fi.isuh/event/1495109,2025-02-12 11:29:06.509120,HE,MEF,P,BHZ
smi:fi.isuh/event/1495109,2025-02-12 11:29:24.635880,HE,MEF,S,BHZ
smi:fi.isuh/event/1495109,2025-02-12 11:29:06.381460,HE,PVF,P,CZ
smi:fi.isuh/event/1495109,2025-02-12 11:29:25.274140,HE,PVF,S,CZ
smi:fi.isuh/event/1495109,2025-02-12 11:29:24.763530,HE,KUNI,S,BHZ
smi:fi.isuh/event/1495109,2025-02-12 11:29:28.337820,HE,LAUT,S,BHZ
smi:fi.isuh/event/1495109,2025-02-12 11:29:08.714810,HE,VUOS,P,BHZ
smi:fi.isuh/event/1495109,2025-02-12 11:29:28.976090,HE,VUOS,S,BHZ
smi:fi.isuh/event/1495109,2025-02-12 11:29:08.806880,HE,SUF,P,BHZ
smi:fi.isuh/event/1495109,2025-02-12 11:29:29.122300,HE,SUF,S,BHZ
smi:fi.isuh/event/1495109,2025-02-12 11:29:08.423920,HE,HEL5,P,BHZ
smi:fi.isuh/event/1495109,2025-02-12 11:29:28.593130,HE,HEL5,S,BHZ
smi:fi.isuh/event/1495109,2025-02-12 11:29:09.189840,HE,ALAJF,P,?HZ
smi:fi.isuh/event/1495109,2025-02-12 11:29:29.346910,HE,ALAJF,S,?HZ
smi:fi.isuh/event/1495109,2025-02-12 11:29:09.828100,HE,VAF,P,BHZ
smi:fi.isuh/event/1495109,2025-02-12 11:29:30.195440,HE,VAF,S,BHZ
smi:fi.isuh/event/1495109,2025-02-12 11:29:10.721670,HE,LOVF,P,CZ
smi:fi.isuh/event/1495109,2025-02-12 11:29:31.018540,HE,LOVF,S,CZ
smi:fi.isuh/event/1495109,2025-02-12 11:29:32.377010,HE,KY17,S,CZ
smi:fi.isuh/event/1495109,2025-02-12 11:29:12.794530,HE,TVF,P,BHZ
smi:fi.isuh/event/1495109,2025-02-12 11:29:36.072190,HE,TVF,S,BHZ
smi:fi.isuh/event/1495109,2025-02-12 11:29:15.469210,HE,KORF,P,CZ
smi:fi.isuh/event/1495109,2025-02-12 11:29:39.445810,HE,KORF,S,CZ
smi:fi.isuh/event/1495109,2025-02-12 11:29:44.413070,HE,VJF,S,?HZ
smi:fi.isuh/event/1495115,2025-02-12 11:30:23.051360,HE,FIA1,P,?HZ
smi:fi.isuh/event/1495115,2025-02-12 11:30:29.575220,HE,FIA1,S,?HZ
smi:fi.isuh/event/1495115,2025-02-12 11:30:23.102330,HE,FIA0,P,?HZ
smi:fi.isuh/event/1495115,2025-02-12 11:30:29.718620,HE,FIA0,S,?HZ
smi:fi.isuh/event/1495115,2025-02-12 11:30:24.732430,HE,KAF,P,?HZ
smi:fi.isuh/event/1495115,2025-02-12 11:30:33.042750,HE,KAF,S,?HZ
smi:fi.isuh/event/1495115,2025-02-12 11:30:26.626220,HE,KY02,P,CZ
smi:fi.isuh/event/1495115,2025-02-12 11:30:35.265680,HE,KY02,S,CZ
smi:fi.isuh/event/1495115,2025-02-12 11:30:31.261040,HE,RUF,P,BHZ
smi:fi.isuh/event/1495115,2025-02-12 11:30:43.241470,HE,RUF,S,BHZ
smi:fi.isuh/event/1495115,2025-02-12 11:30:34.354310,HE,VJF,P,?HZ
smi:fi.isuh/event/1495115,2025-02-12 11:30:48.671250,HE,VJF,S,?HZ
smi:fi.isuh/event/1495115,2025-02-12 11:30:35.615110,HE,KEF,P,?HZ
smi:fi.isuh/event/1495115,2025-02-12 11:30:50.834790,HE,KEF,S,?HZ
smi:fi.isuh/event/1495115,2025-02-12 11:30:35.525050,HE,SUF,P,BHZ
smi:fi.isuh/event/1495115,2025-02-12 11:30:51.104960,HE,SUF,S,BHZ
smi:fi.isuh/event/1495115,2025-02-12 11:30:36.188930,HE,PVF,P,CZ
smi:fi.isuh/event/1495115,2025-02-12 11:30:51.699510,HE,PVF,S,CZ
smi:fi.isuh/event/1495115,2025-02-12 11:30:36.551750,HE,LOVF,P,CZ
smi:fi.isuh/event/1495115,2025-02-12 11:30:52.788620,HE,LOVF,S,CZ
smi:fi.isuh/event/1495115,2025-02-12 11:30:38.513140,HE,TRE03,P,CZ
smi:fi.isuh/event/1495115,2025-02-12 11:30:56.157890,HE,TRE03,S,CZ
smi:fi.isuh/event/1495115,2025-02-12 11:31:03.654670,HE,NUR,S,SHZ
smi:fi.isuh/event/1495115,2025-02-12 11:30:46.759540,HE,NIF,P,BHZ
smi:fi.isuh/event/1495115,2025-02-12 11:31:10.042910,HE,NIF,S,BHZ
smi:fi.isuh/event/1495116,2025-02-12 11:35:26.540000,HE,KIF,P,BHZ
smi:fi.isuh/event/1495116,2025-02-12 11:35:42.200000,HE,KIF,S,BHZ
smi:fi.isuh/event/1495116,2025-02-12 11:35:29.720000,HE,HEF,P,BHZ
smi:fi.isuh/event/1495116,2025-02-12 11:35:48.480000,HE,HEF,S,BHZ
smi:fi.isuh/event/1495116,2025-02-12 11:35:33.080000,FN,KLF,P,BHZ
smi:fi.isuh/event/1495116,2025-02-12 11:35:54.000000,FN,KLF,S,BHZ
smi:fi.isuh/event/1495116,2025-02-12 11:35:46.040000,HE,TOF,P,BHZ
smi:fi.isuh/event/1495116,2025-02-12 11:36:18.520000,HE,TOF,S,BHZ
smi:fi.isuh/event/1495116,2025-02-12 11:36:40.680000,FN,RAJF,S,BHZ
smi:fi.isuh/event/1495116,2025-02-12 11:36:33.600000,HE,KEV,S,BHZ
smi:fi.isuh/event/1495116,2025-02-12 11:36:42.600000,FN,RANF,S,BHZ
smi:fi.isuh/event/1495116,2025-02-12 11:36:54.510000,HE,OBF3,S,BHZ
smi:fi.isuh/event/1495116,2025-02-12 11:36:59.660000,HE,OBF0,S,BHZ
smi:fi.isuh/event/1495116,2025-02-12 11:36:53.500000,HE,OBF8,S,BHZ
smi:fi.isuh/event/1495116,2025-02-12 11:37:08.160000,FN,OLKF,S,BHZ
smi:fi.isuh/event/1495116,2025-02-12 11:36:52.020000,HE,OUF,S,BHZ
smi:fi.isuh/event/1495119,2025-02-12 11:36:46.678630,HE,OUF,P,BHZ
smi:fi.isuh/event/1495119,2025-02-12 11:36:52.047040,HE,OUF,S,BHZ
smi:fi.isuh/event/1495119,2025-02-12 11:36:50.684500,HE,OBF0,P,BHZ
smi:fi.isuh/event/1495119,2025-02-12 11:36:59.813530,HE,OBF0,S,BHZ
smi:fi.isuh/event/1495119,2025-02-12 11:36:53.174270,HE,OBF8,P,BHZ
smi:fi.isuh/event/1495119,2025-02-12 11:37:04.664180,HE,OBF8,S,BHZ
smi:fi.isuh/event/1495119,2025-02-12 11:36:54.387590,HE,OBF3,P,BHZ
smi:fi.isuh/event/1495119,2025-02-12 11:37:05.792710,HE,OBF3,S,BHZ
smi:fi.isuh/event/1495119,2025-02-12 11:36:56.328880,HE,ALAJF,P,?HZ
smi:fi.isuh/event/1495119,2025-02-12 11:37:10.061140,HE,ALAJF,S,?HZ
smi:fi.isuh/event/1495119,2025-02-12 11:37:02.395440,HE,NIF,P,BHZ
smi:fi.isuh/event/1495119,2025-02-12 11:37:19.543350,HE,NIF,S,BHZ
smi:fi.isuh/event/1495119,2025-02-12 11:37:03.123420,HE,SUF,P,BHZ
smi:fi.isuh/event/1495119,2025-02-12 11:37:19.973520,HE,SUF,S,BHZ
smi:fi.isuh/event/1495119,2025-02-12 11:37:04.983830,HE,VAF,P,BHZ
smi:fi.isuh/event/1495119,2025-02-12 11:37:24.065260,HE,VAF,S,BHZ
smi:fi.isuh/event/1495119,2025-02-12 11:37:10.875210,HE,KEF,P,?HZ
smi:fi.isuh/event/1495119,2025-02-12 11:37:34.400890,HE,KEF,S,?HZ
smi:fi.isuh/event/1495119,2025-02-12 11:37:13.091610,HE,KAF,P,?HZ
smi:fi.isuh/event/1495119,2025-02-12 11:37:38.342750,HE,KAF,S,?HZ
smi:fi.isuh/event/1495104,2025-02-12 11:54:12.380000,HE,RUF,P,BHZ
smi:fi.isuh/event/1495104,2025-02-12 11:54:19.520000,HE,RUF,S,BHZ
smi:fi.isuh/event/1495104,2025-02-12 11:54:13.080000,HE,VJF,P,BHZ
smi:fi.isuh/event/1495104,2025-02-12 11:54:21.380000,HE,VJF,S,BHZ
smi:fi.isuh/event/1495104,2025-02-12 11:54:12.920000,HE,KY17,P,BHZ
smi:fi.isuh/event/1495104,2025-02-12 11:54:20.660000,HE,KY17,S,BHZ
smi:fi.isuh/event/1495104,2025-02-12 11:54:22.800000,HE,FIA0,P,SHZ
smi:fi.isuh/event/1495104,2025-02-12 11:54:37.900000,HE,FIA0,S,SHZ
smi:fi.isuh/event/1495104,2025-02-12 11:54:24.280000,HE,PVF,P,BHZ
smi:fi.isuh/event/1495104,2025-02-12 11:54:41.400000,HE,PVF,S,BHZ
smi:fi.isuh/event/1495104,2025-02-12 11:54:28.380000,HE,KAF,P,BHZ
smi:fi.isuh/event/1495104,2025-02-12 11:54:47.680000,HE,KAF,S,BHZ
smi:fi.isuh/event/1495104,2025-02-12 11:54:38.180000,HE,SUF,P,BHZ
smi:fi.isuh/event/1495104,2025-02-12 11:55:04.780000,HE,SUF,S,BHZ
smi:fi.isuh/event/1495104,2025-02-12 11:55:04.640000,HE,KEF,S,BHZ
smi:fi.isuh/event/1495104,2025-02-12 11:54:38.970000,HE,TRE03,P,BHZ
smi:fi.isuh/event/1495104,2025-02-12 11:55:06.380000,HE,TRE03,S,BHZ
smi:fi.isuh/event/1495104,2025-02-12 11:55:06.380000,HE,MEF,S,BHZ
smi:fi.isuh/event/1495104,2025-02-12 11:55:15.760000,HE,JOF,S,BHZ
smi:fi.isuh/event/1495107,2025-02-12 11:59:24.471810,HE,RUF,P,BHZ
smi:fi.isuh/event/1495107,2025-02-12 11:59:29.660150,HE,RUF,S,BHZ
smi:fi.isuh/event/1495107,2025-02-12 11:59:40.538940,HE,KY17,P,CZ
smi:fi.isuh/event/1495107,2025-02-12 11:59:57.906600,HE,KY17,S,CZ
smi:fi.isuh/event/1495107,2025-02-12 11:59:40.916230,HE,KAF,P,?HZ
smi:fi.isuh/event/1495107,2025-02-12 11:59:58.346090,HE,KAF,S,?HZ
smi:fi.isuh/event/1495107,2025-02-12 11:59:43.595900,HE,FIA1,P,?HZ
smi:fi.isuh/event/1495107,2025-02-12 12:00:03.387790,HE,FIA1,S,?HZ
smi:fi.isuh/event/1495107,2025-02-12 11:59:44.085290,HE,FIA0,P,?HZ
smi:fi.isuh/event/1495107,2025-02-12 12:00:03.387790,HE,FIA0,S,?HZ
smi:fi.isuh/event/1495107,2025-02-12 11:59:44.085290,HE,VJF,P,?HZ
smi:fi.isuh/event/1495107,2025-02-12 12:00:02.811590,HE,VJF,S,?HZ
smi:fi.isuh/event/1495107,2025-02-12 11:59:45.237680,HE,JOF,P,BHZ
smi:fi.isuh/event/1495107,2025-02-12 12:00:04.972320,HE,JOF,S,BHZ
smi:fi.isuh/event/1495107,2025-02-12 11:59:46.246020,HE,SUF,P,BHZ
smi:fi.isuh/event/1495107,2025-02-12 12:00:08.141390,HE,SUF,S,BHZ
smi:fi.isuh/event/1495107,2025-02-12 12:00:08.573530,HE,NIF,S,BHZ
smi:fi.isuh/event/1495107,2025-02-12 11:59:50.999620,HE,LOVF,P,CZ
smi:fi.isuh/event/1495107,2025-02-12 12:00:15.775960,HE,LOVF,S,CZ
smi:fi.isuh/event/1495107,2025-02-12 12:00:19.089070,HE,PVF,S,CZ
smi:fi.isuh/event/1495107,2025-02-12 11:59:53.016300,HE,KEF,P,?HZ
smi:fi.isuh/event/1495107,2025-02-12 12:00:19.089070,HE,KEF,S,?HZ
smi:fi.isuh/event/1495122,2025-02-12 13:27:08.200000,HE,VRF,P,BHZ
smi:fi.isuh/event/1495122,2025-02-12 13:27:27.800000,HE,VRF,S,BHZ
smi:fi.isuh/event/1495122,2025-02-12 13:27:15.720000,FN,RAJF,P,BHZ
smi:fi.isuh/event/1495122,2025-02-12 13:27:41.340000,FN,RAJF,S,BHZ
smi:fi.isuh/event/1495122,2025-02-12 13:27:22.480000,FN,OLKF,P,BHZ
smi:fi.isuh/event/1495122,2025-02-12 13:27:53.680000,FN,OLKF,S,BHZ
smi:fi.isuh/event/1495122,2025-02-12 13:27:24.580000,HE,KU6,P,BHZ
smi:fi.isuh/event/1495122,2025-02-12 13:27:58.400000,HE,KU6,S,BHZ
smi:fi.isuh/event/1495122,2025-02-12 13:27:29.120000,HE,KEV,P,BHZ
smi:fi.isuh/event/1495122,2025-02-12 13:28:04.960000,HE,KEV,S,BHZ
smi:fi.isuh/event/1495122,2025-02-12 13:27:31.480000,HE,KU1,P,BHZ
smi:fi.isuh/event/1495122,2025-02-12 13:27:34.320000,HE,KU2,P,BHZ
smi:fi.isuh/event/1495122,2025-02-12 13:27:34.840000,FN,RANF,P,BHZ
smi:fi.isuh/event/1495122,2025-02-12 13:28:14.400000,FN,RANF,S,BHZ
smi:fi.isuh/event/1495122,2025-02-12 13:27:38.600000,HE,HEF,P,BHZ
smi:fi.isuh/event/1495122,2025-02-12 13:27:39.680000,FN,KLF,P,BHZ
smi:fi.isuh/event/1495122,2025-02-12 13:28:26.080000,FN,KLF,S,BHZ
smi:fi.isuh/event/1495122,2025-02-12 13:27:56.000000,HE,TOF,P,BHZ
smi:fi.isuh/event/1495122,2025-02-12 13:28:31.840000,HE,TOF,S,BHZ
smi:fi.isuh/event/1495122,2025-02-12 13:27:46.060000,HE,RMF,P,BHZ
smi:fi.isuh/event/1495125,2025-02-12 14:27:24.973130,HE,HEL5,P,BHZ
smi:fi.isuh/event/1495125,2025-02-12 14:27:26.349710,HE,HEL5,S,BHZ
smi:fi.isuh/event/1495125,2025-02-12 14:27:24.973130,HE,MEF,P,BHZ
smi:fi.isuh/event/1495125,2025-02-12 14:27:26.613710,HE,MEF,S,BHZ
smi:fi.isuh/event/1495125,2025-02-12 14:27:26.030500,HE,LAUT,P,BHZ
smi:fi.isuh/event/1495125,2025-02-12 14:27:28.123650,HE,LAUT,S,BHZ
smi:fi.isuh/event/1495125,2025-02-12 14:27:26.272080,HE,HEL1,P,BHZ
smi:fi.isuh/event/1495125,2025-02-12 14:27:28.628810,HE,HEL1,S,BHZ
smi:fi.isuh/event/1495125,2025-02-12 14:27:26.188580,HE,RSUO,P,BHZ
smi:fi.isuh/event/1495125,2025-02-12 14:27:29.165510,HE,RSUO,S,BHZ
smi:fi.isuh/event/1495125,2025-02-12 14:27:27.100800,HE,KUNI,P,BHZ
smi:fi.isuh/event/1495125,2025-02-12 14:27:29.930800,HE,KUNI,S,BHZ
smi:fi.isuh/event/1495125,2025-02-12 14:27:29.008100,HE,VUOS,P,BHZ
smi:fi.isuh/event/1495125,2025-02-12 14:27:33.047790,HE,VUOS,S,BHZ
smi:fi.isuh/event/1495125,2025-02-12 14:27:29.999210,HE,NUR,P,SHZ
smi:fi.isuh/event/1495125,2025-02-12 14:27:34.925610,HE,NUR,S,SHZ
smi:fi.isuh/event/1495128,2025-02-12 15:14:15.489630,HE,MEF,P,BHZ
smi:fi.isuh/event/1495128,2025-02-12 15:14:16.663700,HE,MEF,S,BHZ
smi:fi.isuh/event/1495128,2025-02-12 15:14:18.646310,HE,NUR,P,SHZ
smi:fi.isuh/event/1495128,2025-02-12 15:14:22.319720,HE,NUR,S,SHZ
smi:fi.isuh/event/1495128,2025-02-12 15:14:18.990870,HE,HEL5,P,BHZ
smi:fi.isuh/event/1495128,2025-02-12 15:14:22.480220,HE,HEL5,S,BHZ
smi:fi.isuh/event/1495128,2025-02-12 15:14:19.341280,HE,KUNI,P,BHZ
smi:fi.isuh/event/1495128,2025-02-12 15:14:23.110080,HE,KUNI,S,BHZ
smi:fi.isuh/event/1495128,2025-02-12 15:14:19.512590,HE,LAUT,P,BHZ
smi:fi.isuh/event/1495128,2025-02-12 15:14:23.483890,HE,LAUT,S,BHZ
smi:fi.isuh/event/1495128,2025-02-12 15:14:19.512590,HE,HEL1,P,BHZ
smi:fi.isuh/event/1495128,2025-02-12 15:14:23.566910,HE,HEL1,S,BHZ
smi:fi.isuh/event/1495128,2025-02-12 15:14:19.512590,HE,RSUO,P,BHZ
smi:fi.isuh/event/1495128,2025-02-12 15:14:23.652560,HE,RSUO,S,BHZ
smi:fi.isuh/event/1495126,2025-02-12 20:06:56.580000,HE,VRF,P,BHZ
smi:fi.isuh/event/1495126,2025-02-12 20:07:16.340000,HE,VRF,S,BHZ
smi:fi.isuh/event/1495126,2025-02-12 20:07:34.080000,FN,RAJF,S,BHZ
smi:fi.isuh/event/1495126,2025-02-12 20:07:07.480000,FN,OLKF,P,BHZ
smi:fi.isuh/event/1495126,2025-02-12 20:07:35.680000,FN,OLKF,S,BHZ
smi:fi.isuh/event/1495126,2025-02-12 20:07:37.640000,HE,KU6,S,BHZ
smi:fi.isuh/event/1495126,2025-02-12 20:07:57.820000,HE,KU2,S,BHZ
smi:fi.isuh/event/1495126,2025-02-12 20:07:20.770000,HE,KEV,P,BHZ
smi:fi.isuh/event/1495126,2025-02-12 20:07:59.340000,HE,KEV,S,BHZ
smi:fi.isuh/event/1495126,2025-02-12 20:08:08.440000,FN,RANF,S,BHZ
smi:fi.isuh/event/1495229,2025-02-13 07:50:30.080000,HE,VRF,P,BHZ
smi:fi.isuh/event/1495229,2025-02-13 07:50:49.680000,HE,VRF,S,BHZ
smi:fi.isuh/event/1495229,2025-02-13 07:50:39.680000,FN,RAJF,P,BHZ
smi:fi.isuh/event/1495229,2025-02-13 07:51:07.320000,FN,RAJF,S,BHZ
smi:fi.isuh/event/1495229,2025-02-13 07:50:40.200000,FN,OLKF,P,BHZ
smi:fi.isuh/event/1495229,2025-02-13 07:51:08.760000,FN,OLKF,S,BHZ
smi:fi.isuh/event/1495229,2025-02-13 07:50:41.280000,HE,KU6,P,BHZ
smi:fi.isuh/event/1495229,2025-02-13 07:51:10.920000,HE,KU6,S,BHZ
smi:fi.isuh/event/1495229,2025-02-13 07:50:53.600000,HE,KEV,P,BHZ
smi:fi.isuh/event/1495229,2025-02-13 07:51:31.600000,HE,KEV,S,BHZ
smi:fi.isuh/event/1495229,2025-02-13 07:51:39.200000,FN,RANF,S,BHZ
smi:fi.isuh/event/1495229,2025-02-13 07:51:59.280000,FN,KLF,S,BHZ
smi:fi.isuh/event/1495229,2025-02-13 07:51:15.360000,HE,TOF,P,BHZ
smi:fi.isuh/event/1495488,2025-02-13 09:16:18.750930,HE,OUF,P,BHZ
smi:fi.isuh/event/1495488,2025-02-13 09:16:24.148320,HE,OUF,S,BHZ
smi:fi.isuh/event/1495488,2025-02-13 09:16:22.826440,HE,OBF0,P,BHZ
smi:fi.isuh/event/1495488,2025-02-13 09:16:31.501290,HE,OBF0,S,BHZ
smi:fi.isuh/event/1495488,2025-02-13 09:16:25.558660,HE,OBF8,P,BHZ
smi:fi.isuh/event/1495488,2025-02-13 09:16:36.458340,HE,OBF8,S,BHZ
smi:fi.isuh/event/1495488,2025-02-13 09:16:26.213760,HE,OBF3,P,BHZ
smi:fi.isuh/event/1495488,2025-02-13 09:16:38.110700,HE,OBF3,S,BHZ
smi:fi.isuh/event/1495488,2025-02-13 09:16:28.361820,HE,ALAJF,P,?HZ
smi:fi.isuh/event/1495488,2025-02-13 09:16:40.837080,HE,ALAJF,S,?HZ
smi:fi.isuh/event/1495488,2025-02-13 09:16:34.191120,HE,NIF,P,BHZ
smi:fi.isuh/event/1495488,2025-02-13 09:16:51.894430,HE,NIF,S,BHZ
smi:fi.isuh/event/1495488,2025-02-13 09:16:35.116780,HE,SUF,P,BHZ
smi:fi.isuh/event/1495488,2025-02-13 09:16:52.308810,HE,SUF,S,BHZ
smi:fi.isuh/event/1495488,2025-02-13 09:16:36.968110,HE,VAF,P,BHZ
smi:fi.isuh/event/1495488,2025-02-13 09:16:56.175620,HE,VAF,S,BHZ
smi:fi.isuh/event/1495488,2025-02-13 09:16:43.100630,HE,KEF,P,?HZ
smi:fi.isuh/event/1495488,2025-02-13 09:17:06.126500,HE,KEF,S,?HZ
smi:fi.isuh/event/1495488,2025-02-13 09:16:44.836250,HE,KAF,P,?HZ
smi:fi.isuh/event/1495488,2025-02-13 09:17:09.395520,HE,KAF,S,?HZ
smi:fi.isuh/event/1495488,2025-02-13 09:17:17.285280,HE,TOF,S,BHZ
smi:fi.isuh/event/1495488,2025-02-13 09:17:16.709990,HE,KU2,S,SHZ
smi:fi.isuh/event/1495485,2025-02-13 10:55:22.074170,HE,NUR,P,SHZ
smi:fi.isuh/event/1495485,2025-02-13 10:55:24.616440,HE,NUR,S,SHZ
smi:fi.isuh/event/1495485,2025-02-13 10:55:26.407320,HE,KUNI,P,BHZ
smi:fi.isuh/event/1495485,2025-02-13 10:55:31.740160,HE,KUNI,S,BHZ
smi:fi.isuh/event/1495485,2025-02-13 10:55:34.551270,HE,HEL1,S,BHZ
smi:fi.isuh/event/1495485,2025-02-13 10:55:27.580910,HE,MEF,P,BHZ
smi:fi.isuh/event/1495485,2025-02-13 10:55:34.551270,HE,MEF,S,BHZ
smi:fi.isuh/event/1495485,2025-02-13 10:55:28.101080,HE,VUOS,P,BHZ
smi:fi.isuh/event/1495485,2025-02-13 10:55:35.071450,HE,VUOS,S,BHZ
smi:fi.isuh/event/1495485,2025-02-13 10:55:29.024420,HE,PVF,P,CZ
smi:fi.isuh/event/1495485,2025-02-13 10:55:36.156790,HE,PVF,S,CZ
smi:fi.isuh/event/1495485,2025-02-13 10:55:29.024420,HE,HEL5,P,BHZ
smi:fi.isuh/event/1495485,2025-02-13 10:55:36.553030,HE,HEL5,S,BHZ
smi:fi.isuh/event/1495485,2025-02-13 10:55:33.184970,HE,LOVF,P,CZ
smi:fi.isuh/event/1495485,2025-02-13 10:55:42.349590,HE,LOVF,S,CZ
smi:fi.isuh/event/1495485,2025-02-13 10:55:37.444580,HE,FIA0,P,?HZ
smi:fi.isuh/event/1495485,2025-02-13 10:55:50.916820,HE,FIA0,S,?HZ
smi:fi.isuh/event/1495485,2025-02-13 10:55:37.444580,HE,FIA1,P,?HZ
smi:fi.isuh/event/1495485,2025-02-13 10:55:50.520580,HE,FIA1,S,?HZ
smi:fi.isuh/event/1495485,2025-02-13 10:55:37.642700,HE,TRE03,P,CZ
smi:fi.isuh/event/1495485,2025-02-13 10:55:50.718700,HE,TRE03,S,CZ
smi:fi.isuh/event/1495485,2025-02-13 10:55:37.840820,HE,KY02,P,CZ
smi:fi.isuh/event/1495485,2025-02-13 10:55:51.610250,HE,KY02,S,CZ
smi:fi.isuh/event/1495485,2025-02-13 10:55:39.921090,HE,TVF,P,BHZ
smi:fi.isuh/event/1495485,2025-02-13 10:55:54.089580,HE,TVF,S,BHZ
smi:fi.isuh/event/1495485,2025-02-13 10:55:40.020150,HE,KY17,P,CZ
smi:fi.isuh/event/1495485,2025-02-13 10:55:55.275490,HE,KY17,S,CZ
smi:fi.isuh/event/1495485,2025-02-13 10:55:43.586340,HE,VJF,P,?HZ
smi:fi.isuh/event/1495485,2025-02-13 10:56:01.683060,HE,VJF,S,?HZ
smi:fi.isuh/event/1495485,2025-02-13 10:55:46.924980,HE,KEF,P,?HZ
smi:fi.isuh/event/1495485,2025-02-13 10:56:06.352980,HE,KEF,S,?HZ
smi:fi.isuh/event/1495485,2025-02-13 10:55:46.924980,HE,RAF,P,BHZ
smi:fi.isuh/event/1495485,2025-02-13 10:56:07.046840,HE,RAF,S,BHZ
smi:fi.isuh/event/1495485,2025-02-13 10:55:48.297340,HE,KAF,P,?HZ
smi:fi.isuh/event/1495485,2025-02-13 10:56:10.125030,HE,KAF,S,?HZ
smi:fi.isuh/event/1495485,2025-02-13 10:55:50.646890,HE,KORF,P,CZ
smi:fi.isuh/event/1495485,2025-02-13 10:56:12.917140,HE,KORF,S,CZ
smi:fi.isuh/event/1495485,2025-02-13 10:55:51.061520,HE,KPF,P,BHZ
smi:fi.isuh/event/1495485,2025-02-13 10:56:14.142430,HE,KPF,S,BHZ
smi:fi.isuh/event/1495282,2025-02-13 11:30:07.305650,HE,MEF,P,BHZ
smi:fi.isuh/event/1495282,2025-02-13 11:30:08.644110,HE,MEF,S,BHZ
smi:fi.isuh/event/1495282,2025-02-13 11:30:10.374940,HE,NUR,P,SHZ
smi:fi.isuh/event/1495282,2025-02-13 11:30:14.333660,HE,NUR,S,SHZ
smi:fi.isuh/event/1495282,2025-02-13 11:30:10.626450,HE,HEL5,P,BHZ
smi:fi.isuh/event/1495282,2025-02-13 11:30:14.402030,HE,HEL5,S,BHZ
smi:fi.isuh/event/1495282,2025-02-13 11:30:11.038980,HE,KUNI,P,BHZ
smi:fi.isuh/event/1495282,2025-02-13 11:30:15.414510,HE,KUNI,S,BHZ
smi:fi.isuh/event/1495282,2025-02-13 11:30:11.364520,HE,LAUT,P,BHZ
smi:fi.isuh/event/1495282,2025-02-13 11:30:15.454740,HE,LAUT,S,BHZ
smi:fi.isuh/event/1495282,2025-02-13 11:30:11.364520,HE,HEL1,P,BHZ
smi:fi.isuh/event/1495282,2025-02-13 11:30:15.586690,HE,HEL1,S,BHZ
smi:fi.isuh/event/1495282,2025-02-13 11:30:13.805460,HE,VUOS,P,BHZ
smi:fi.isuh/event/1495282,2025-02-13 11:30:19.215120,HE,VUOS,S,BHZ
smi:fi.isuh/event/1495248,2025-02-13 11:42:27.780000,HE,NIF,P,BHZ
smi:fi.isuh/event/1495248,2025-02-13 11:42:30.370000,HE,NIF,S,BHZ
smi:fi.isuh/event/1495248,2025-02-13 11:42:38.280000,HE,SUF,P,BHZ
smi:fi.isuh/event/1495248,2025-02-13 11:42:43.360000,HE,KJNF,P,BHZ
smi:fi.isuh/event/1495248,2025-02-13 11:42:59.880000,HE,KJNF,S,BHZ
smi:fi.isuh/event/1495248,2025-02-13 11:42:44.980000,HE,KAF,P,BHZ
smi:fi.isuh/event/1495248,2025-02-13 11:43:02.280000,HE,KAF,S,BHZ
smi:fi.isuh/event/1495248,2025-02-13 11:42:49.780000,HE,RMF,P,BHZ
smi:fi.isuh/event/1495248,2025-02-13 11:43:10.880000,HE,RMF,S,BHZ
smi:fi.isuh/event/1495248,2025-02-13 11:42:52.900000,HE,KEF,P,BHZ
smi:fi.isuh/event/1495248,2025-02-13 11:43:15.000000,HE,KEF,S,BHZ
smi:fi.isuh/event/1495248,2025-02-13 11:42:52.640000,HE,JOF,P,BHZ
smi:fi.isuh/event/1495248,2025-02-13 11:43:14.480000,HE,JOF,S,BHZ
smi:fi.isuh/event/1495248,2025-02-13 11:42:55.060000,HE,RUF,P,BHZ
smi:fi.isuh/event/1495248,2025-02-13 11:43:19.540000,HE,RUF,S,BHZ
smi:fi.isuh/event/1495248,2025-02-13 11:42:55.920000,HE,OUF,P,BHZ
smi:fi.isuh/event/1495248,2025-02-13 11:42:56.400000,HE,FIA0,P,SHZ
smi:fi.isuh/event/1495248,2025-02-13 11:43:21.000000,HE,FIA0,S,SHZ
smi:fi.isuh/event/1495248,2025-02-13 11:42:59.980000,HE,OBF0,P,BHZ
smi:fi.isuh/event/1495248,2025-02-13 11:43:01.360000,HE,OBF3,P,BHZ
smi:fi.isuh/event/1495248,2025-02-13 11:43:02.580000,HE,KY17,P,BHZ
smi:fi.isuh/event/1495248,2025-02-13 11:43:32.880000,HE,KY17,S,BHZ
smi:fi.isuh/event/1495248,2025-02-13 11:43:02.880000,HE,TRE03,P,BHZ
smi:fi.isuh/event/1495248,2025-02-13 11:43:02.680000,HE,OBF8,P,BHZ
smi:fi.isuh/event/1495248,2025-02-13 11:43:03.920000,HE,VAF,P,BHZ
smi:fi.isuh/event/1495248,2025-02-13 11:43:34.720000,HE,VAF,S,BHZ
smi:fi.isuh/event/1495248,2025-02-13 11:43:07.580000,HE,KU1,P,BHZ
smi:fi.isuh/event/1495248,2025-02-13 11:43:08.000000,HE,KU2,P,BHZ
smi:fi.isuh/event/1495248,2025-02-13 11:43:07.680000,HE,VJF,P,BHZ
smi:fi.isuh/event/1495248,2025-02-13 11:43:43.660000,HE,VJF,S,BHZ
smi:fi.isuh/event/1495248,2025-02-13 11:43:10.760000,HE,PVF,P,BHZ
smi:fi.isuh/event/1495248,2025-02-13 11:43:48.120000,HE,PVF,S,BHZ
smi:fi.isuh/event/1495248,2025-02-13 11:43:12.180000,FN,RANF,P,BHZ
smi:fi.isuh/event/1495248,2025-02-13 11:43:50.480000,FN,RANF,S,BHZ
smi:fi.isuh/event/1495248,2025-02-13 11:43:13.080000,HE,KPF,P,BHZ
smi:fi.isuh/event/1495248,2025-02-13 11:43:14.280000,HE,KU6,P,BHZ
smi:fi.isuh/event/1495248,2025-02-13 11:43:56.040000,HE,KU6,S,BHZ
smi:fi.isuh/event/1495248,2025-02-13 11:43:18.680000,FN,OLKF,P,BHZ
smi:fi.isuh/event/1495248,2025-02-13 11:44:02.480000,FN,OLKF,S,BHZ
smi:fi.isuh/event/1495248,2025-02-13 11:43:18.080000,HE,TOF,P,BHZ
smi:fi.isuh/event/1495248,2025-02-13 11:43:58.680000,HE,TOF,S,BHZ
smi:fi.isuh/event/1495248,2025-02-13 11:43:21.480000,HE,RAF,P,BHZ
smi:fi.isuh/event/1495248,2025-02-13 11:43:36.120000,HE,KORF,P,BHZ
smi:fi.isuh/event/1495281,2025-02-13 12:04:09.272000,HE,NIF,P,BHZ
smi:fi.isuh/event/1495281,2025-02-13 12:04:16.452490,HE,NIF,S,BHZ
smi:fi.isuh/event/1495281,2025-02-13 12:04:11.070470,HE,SUF,P,BHZ
smi:fi.isuh/event/1495281,2025-02-13 12:04:18.698990,HE,SUF,S,BHZ
smi:fi.isuh/event/1495281,2025-02-13 12:04:16.114090,HE,KAF,P,?HZ
smi:fi.isuh/event/1495281,2025-02-13 12:04:28.566030,HE,KAF,S,?HZ
smi:fi.isuh/event/1495281,2025-02-13 12:04:24.683170,HE,KJNF,P,CZ
smi:fi.isuh/event/1495281,2025-02-13 12:04:42.624680,HE,KJNF,S,CZ
smi:fi.isuh/event/1495281,2025-02-13 12:04:24.683170,HE,KEF,P,?HZ
smi:fi.isuh/event/1495281,2025-02-13 12:04:43.829700,HE,KEF,S,?HZ
smi:fi.isuh/event/1495281,2025-02-13 12:04:27.494900,HE,FIA1,P,?HZ
smi:fi.isuh/event/1495281,2025-02-13 12:04:47.846460,HE,FIA1,S,?HZ
smi:fi.isuh/event/1495281,2025-02-13 12:04:27.494900,HE,FIA0,P,?HZ
smi:fi.isuh/event/1495281,2025-02-13 12:04:48.515920,HE,FIA0,S,?HZ
smi:fi.isuh/event/1495281,2025-02-13 12:04:27.361000,HE,RUF,P,BHZ
smi:fi.isuh/event/1495281,2025-02-13 12:04:48.515920,HE,RUF,S,BHZ
smi:fi.isuh/event/1495281,2025-02-13 12:04:28.298250,HE,ALAJF,P,?HZ
smi:fi.isuh/event/1495281,2025-02-13 12:04:49.587050,HE,ALAJF,S,?HZ
smi:fi.isuh/event/1495281,2025-02-13 12:04:30.208800,HE,JOF,P,BHZ
smi:fi.isuh/event/1495281,2025-02-13 12:04:52.151640,HE,JOF,S,BHZ
smi:fi.isuh/event/1495281,2025-02-13 12:04:30.208800,HE,RMF,P,BHZ
smi:fi.isuh/event/1495281,2025-02-13 12:04:53.004970,HE,RMF,S,BHZ
smi:fi.isuh/event/1495281,2025-02-13 12:04:34.352320,HE,OUF,P,BHZ
smi:fi.isuh/event/1495281,2025-02-13 12:04:59.432640,HE,OUF,S,BHZ
smi:fi.isuh/event/1495281,2025-02-13 12:04:34.262960,HE,TRE03,P,CZ
smi:fi.isuh/event/1495281,2025-02-13 12:04:59.574740,HE,TRE03,S,CZ
smi:fi.isuh/event/1495281,2025-02-13 12:05:04.831720,HE,OBF0,S,BHZ
smi:fi.isuh/event/1495281,2025-02-13 12:05:05.391470,HE,VAF,S,BHZ
smi:fi.isuh/event/1495279,2025-02-13 12:20:15.520000,HE,KIF,P,BHZ
smi:fi.isuh/event/1495279,2025-02-13 12:20:31.160000,HE,KIF,S,BHZ
smi:fi.isuh/event/1495279,2025-02-13 12:20:18.930000,HE,HEF,P,BHZ
smi:fi.isuh/event/1495279,2025-02-13 12:20:37.440000,HE,HEF,S,BHZ
smi:fi.isuh/event/1495279,2025-02-13 12:20:21.880000,FN,KLF,P,BHZ
smi:fi.isuh/event/1495279,2025-02-13 12:20:43.440000,FN,KLF,S,BHZ
smi:fi.isuh/event/1495279,2025-02-13 12:20:34.880000,HE,TOF,P,BHZ
smi:fi.isuh/event/1495279,2025-02-13 12:21:06.800000,HE,TOF,S,BHZ
smi:fi.isuh/event/1495279,2025-02-13 12:20:43.400000,FN,RAJF,P,BHZ
smi:fi.isuh/event/1495279,2025-02-13 12:21:26.560000,FN,RAJF,S,BHZ
smi:fi.isuh/event/1495279,2025-02-13 12:20:45.460000,HE,KEV,P,BHZ
smi:fi.isuh/event/1495279,2025-02-13 12:21:22.840000,HE,KEV,S,BHZ
smi:fi.isuh/event/1495279,2025-02-13 12:20:46.280000,FN,RANF,P,BHZ
smi:fi.isuh/event/1495279,2025-02-13 12:21:30.560000,FN,RANF,S,BHZ
smi:fi.isuh/event/1495279,2025-02-13 12:21:48.160000,HE,OBF8,S,BHZ
smi:fi.isuh/event/1495279,2025-02-13 12:20:55.760000,FN,OLKF,P,BHZ
smi:fi.isuh/event/1495279,2025-02-13 12:21:52.760000,FN,OLKF,S,BHZ
smi:fi.isuh/event/1495237,2025-02-13 12:35:20.544260,HE,PVF,P,CZ
smi:fi.isuh/event/1495237,2025-02-13 12:35:22.211290,HE,PVF,S,CZ
smi:fi.isuh/event/1495237,2025-02-13 12:35:21.126720,HE,LOVF,P,CZ
smi:fi.isuh/event/1495237,2025-02-13 12:35:22.994600,HE,LOVF,S,CZ
smi:fi.isuh/event/1495237,2025-02-13 12:35:28.588300,HE,VUOS,P,BHZ
smi:fi.isuh/event/1495237,2025-02-13 12:35:34.938090,HE,VUOS,S,BHZ
smi:fi.isuh/event/1495237,2025-02-13 12:35:29.819730,HE,KY02,P,CZ
smi:fi.isuh/event/1495237,2025-02-13 12:35:38.009110,HE,KY02,S,CZ
smi:fi.isuh/event/1495237,2025-02-13 12:35:32.302890,HE,VJF,P,?HZ
smi:fi.isuh/event/1495237,2025-02-13 12:35:42.610460,HE,VJF,S,?HZ
smi:fi.isuh/event/1495237,2025-02-13 12:35:34.410710,HE,MEF,P,BHZ
smi:fi.isuh/event/1495237,2025-02-13 12:35:44.986930,HE,MEF,S,BHZ
smi:fi.isuh/event/1495237,2025-02-13 12:35:36.506000,HE,FIA0,P,?HZ
smi:fi.isuh/event/1495237,2025-02-13 12:35:49.130000,HE,FIA0,S,?HZ
smi:fi.isuh/event/1495237,2025-02-13 12:35:36.506000,HE,FIA1,P,?HZ
smi:fi.isuh/event/1495237,2025-02-13 12:35:49.077730,HE,FIA1,S,?HZ
smi:fi.isuh/event/1495237,2025-02-13 12:36:05.837030,HE,TVF,S,BHZ
smi:fi.isuh/event/1495237,2025-02-13 12:35:47.857970,HE,KAF,P,?HZ
smi:fi.isuh/event/1495237,2025-02-13 12:36:09.432840,HE,KAF,S,?HZ
smi:fi.isuh/event/1495237,2025-02-13 12:35:49.367130,HE,RUF,P,BHZ
smi:fi.isuh/event/1495237,2025-02-13 12:36:11.354060,HE,RUF,S,BHZ
smi:fi.isuh/event/1495237,2025-02-13 12:35:50.678130,HE,KEF,P,?HZ
smi:fi.isuh/event/1495237,2025-02-13 12:36:13.300480,HE,KEF,S,?HZ
smi:fi.isuh/event/1495233,2025-02-13 13:46:53.645440,HE,VJF,P,?HZ
smi:fi.isuh/event/1495233,2025-02-13 13:46:57.794940,HE,VJF,S,?HZ
smi:fi.isuh/event/1495233,2025-02-13 13:46:57.464860,HE,KY17,P,CZ
smi:fi.isuh/event/1495233,2025-02-13 13:47:04.844360,HE,KY17,S,CZ
smi:fi.isuh/event/1495233,2025-02-13 13:46:59.751800,HE,KY02,P,CZ
smi:fi.isuh/event/1495233,2025-02-13 13:47:08.923130,HE,KY02,S,CZ
smi:fi.isuh/event/1495233,2025-02-13 13:47:02.841430,HE,RUF,P,BHZ
smi:fi.isuh/event/1495233,2025-02-13 13:47:14.381450,HE,RUF,S,BHZ
smi:fi.isuh/event/1495233,2025-02-13 13:47:03.827750,HE,LOVF,P,CZ
smi:fi.isuh/event/1495233,2025-02-13 13:47:16.354100,HE,LOVF,S,CZ
smi:fi.isuh/event/1495233,2025-02-13 13:47:07.262380,HE,PVF,P,CZ
smi:fi.isuh/event/1495233,2025-02-13 13:47:21.976170,HE,PVF,S,CZ
smi:fi.isuh/event/1495233,2025-02-13 13:47:09.682120,HE,FIA1,P,?HZ
smi:fi.isuh/event/1495233,2025-02-13 13:47:25.625580,HE,FIA1,S,?HZ
smi:fi.isuh/event/1495233,2025-02-13 13:47:10.293170,HE,FIA0,P,?HZ
smi:fi.isuh/event/1495233,2025-02-13 13:47:25.625580,HE,FIA0,S,?HZ
smi:fi.isuh/event/1495233,2025-02-13 13:47:35.686110,HE,VUOS,S,BHZ
smi:fi.isuh/event/1495233,2025-02-13 13:47:17.586580,HE,KAF,P,?HZ
smi:fi.isuh/event/1495233,2025-02-13 13:47:38.559000,HE,KAF,S,?HZ
smi:fi.isuh/event/1495233,2025-02-13 13:47:45.605620,HE,MEF,S,BHZ
smi:fi.isuh/event/1495233,2025-02-13 13:47:52.248180,HE,TRE03,S,CZ
smi:fi.isuh/event/1495233,2025-02-13 13:47:53.111220,HE,KEF,S,?HZ
smi:fi.isuh/event/1495233,2025-02-13 13:47:56.275680,HE,SUF,S,BHZ
smi:fi.isuh/event/1495276,2025-02-13 15:08:16.821230,HE,HEL5,P,BHZ
smi:fi.isuh/event/1495276,2025-02-13 15:08:18.339640,HE,HEL5,S,BHZ
smi:fi.isuh/event/1495276,2025-02-13 15:08:16.943960,HE,MEF,P,BHZ
smi:fi.isuh/event/1495276,2025-02-13 15:08:18.409840,HE,MEF,S,BHZ
smi:fi.isuh/event/1495276,2025-02-13 15:08:17.823810,HE,LAUT,P,BHZ
smi:fi.isuh/event/1495276,2025-02-13 15:08:19.958930,HE,LAUT,S,BHZ
smi:fi.isuh/event/1495276,2025-02-13 15:08:18.147130,HE,HEL1,P,BHZ
smi:fi.isuh/event/1495276,2025-02-13 15:08:20.330660,HE,HEL1,S,BHZ
smi:fi.isuh/event/1495276,2025-02-13 15:08:18.433070,HE,RSUO,P,BHZ
smi:fi.isuh/event/1495276,2025-02-13 15:08:21.032510,HE,RSUO,S,BHZ
smi:fi.isuh/event/1495276,2025-02-13 15:08:18.935860,HE,KUNI,P,BHZ
smi:fi.isuh/event/1495276,2025-02-13 15:08:21.809910,HE,KUNI,S,BHZ
smi:fi.isuh/event/1495276,2025-02-13 15:08:20.595520,HE,VUOS,P,BHZ
smi:fi.isuh/event/1495276,2025-02-13 15:08:24.724440,HE,VUOS,S,BHZ
smi:fi.isuh/event/1495276,2025-02-13 15:08:21.688470,HE,NUR,P,SHZ
smi:fi.isuh/event/1495276,2025-02-13 15:08:26.788900,HE,NUR,S,SHZ
smi:fi.isuh/event/1495247,2025-02-13 16:00:36.580000,FN,RAJF,P,BHZ
smi:fi.isuh/event/1495247,2025-02-13 16:00:52.440000,FN,RAJF,S,BHZ
smi:fi.isuh/event/1495247,2025-02-13 16:00:38.360000,HE,KEV,P,BHZ
smi:fi.isuh/event/1495247,2025-02-13 16:00:55.780000,HE,KEV,S,BHZ
smi:fi.isuh/event/1495247,2025-02-13 16:00:45.180000,HE,VRF,P,BHZ
smi:fi.isuh/event/1495247,2025-02-13 16:01:07.200000,HE,VRF,S,BHZ
smi:fi.isuh/event/1495247,2025-02-13 16:01:35.960000,HE,HEF,S,BHZ
smi:fi.isuh/event/1495247,2025-02-13 16:01:09.280000,HE,KIF,P,BHZ
smi:fi.isuh/event/1495246,2025-02-13 16:08:06.280000,FN,RAJF,P,BHZ
smi:fi.isuh/event/1495246,2025-02-13 16:08:22.000000,FN,RAJF,S,BHZ
smi:fi.isuh/event/1495246,2025-02-13 16:08:08.000000,HE,KEV,P,BHZ
smi:fi.isuh/event/1495246,2025-02-13 16:08:25.220000,HE,KEV,S,BHZ
smi:fi.isuh/event/1495246,2025-02-13 16:08:37.400000,HE,VRF,S,BHZ
smi:fi.isuh/event/1495246,2025-02-13 16:09:05.320000,HE,HEF,S,BHZ
smi:fi.isuh/event/1495246,2025-02-13 16:08:37.730000,HE,KU6,P,BHZ
smi:fi.isuh/event/1495246,2025-02-13 16:09:32.360000,HE,KIF,S,BHZ
smi:fi.isuh/event/1495245,2025-02-13 16:41:08.160000,HE,HEF,P,BHZ
smi:fi.isuh/event/1495245,2025-02-13 16:41:20.480000,HE,HEF,S,BHZ
smi:fi.isuh/event/1495245,2025-02-13 16:41:09.220000,FN,KLF,P,BHZ
smi:fi.isuh/event/1495245,2025-02-13 16:41:21.960000,FN,KLF,S,BHZ
smi:fi.isuh/event/1495245,2025-02-13 16:41:20.480000,HE,VRF,P,BHZ
smi:fi.isuh/event/1495245,2025-02-13 16:41:51.280000,HE,TOF,S,BHZ
smi:fi.isuh/event/1495245,2025-02-13 16:41:25.960000,HE,KEV,P,BHZ
smi:fi.isuh/event/1495245,2025-02-13 16:41:51.040000,HE,KEV,S,BHZ
smi:fi.isuh/event/1495245,2025-02-13 16:41:26.640000,FN,RANF,P,BHZ
smi:fi.isuh/event/1495245,2025-02-13 16:41:52.400000,FN,RANF,S,BHZ
smi:fi.isuh/event/1495245,2025-02-13 16:41:57.920000,HE,KIF,S,BHZ
smi:fi.isuh/event/1495245,2025-02-13 16:41:59.650000,HE,KU2,S,BHZ
smi:fi.isuh/event/1495245,2025-02-13 16:42:10.120000,HE,KU6,S,BHZ
smi:fi.isuh/event/1495244,2025-02-13 22:51:23.560000,HE,VRF,P,BHZ
smi:fi.isuh/event/1495244,2025-02-13 22:51:44.280000,HE,VRF,S,BHZ
smi:fi.isuh/event/1495244,2025-02-13 22:51:33.520000,FN,OLKF,P,BHZ
smi:fi.isuh/event/1495244,2025-02-13 22:52:03.200000,FN,OLKF,S,BHZ
smi:fi.isuh/event/1495244,2025-02-13 22:51:34.000000,HE,KU6,P,BHZ
smi:fi.isuh/event/1495244,2025-02-13 22:52:04.240000,HE,KU6,S,BHZ
smi:fi.isuh/event/1495244,2025-02-13 22:51:34.200000,FN,RAJF,P,BHZ
smi:fi.isuh/event/1495244,2025-02-13 22:52:01.920000,FN,RAJF,S,BHZ
smi:fi.isuh/event/1495244,2025-02-13 22:51:49.960000,FN,RANF,P,BHZ
smi:fi.isuh/event/1495244,2025-02-13 22:52:33.640000,FN,RANF,S,BHZ
smi:fi.isuh/event/1495244,2025-02-13 22:51:47.140000,HE,KEV,P,BHZ
smi:fi.isuh/event/1495244,2025-02-13 22:52:25.640000,HE,KEV,S,BHZ
smi:fi.isuh/event/1495244,2025-02-13 22:52:56.480000,HE,HEF,S,BHZ
smi:fi.isuh/event/1495244,2025-02-13 22:52:07.960000,HE,TOF,P,BHZ
smi:fi.isuh/event/1495500,2025-02-14 09:47:09.480000,HE,NIF,P,BHZ
smi:fi.isuh/event/1495500,2025-02-14 09:47:17.400000,HE,NIF,S,BHZ
smi:fi.isuh/event/1495500,2025-02-14 09:47:11.480000,HE,SUF,P,BHZ
smi:fi.isuh/event/1495500,2025-02-14 09:47:20.240000,HE,SUF,S,BHZ
smi:fi.isuh/event/1495500,2025-02-14 09:47:16.480000,HE,KAF,P,BHZ
smi:fi.isuh/event/1495500,2025-02-14 09:47:29.080000,HE,KAF,S,BHZ
smi:fi.isuh/event/1495500,2025-02-14 09:47:24.880000,HE,KJNF,P,BHZ
smi:fi.isuh/event/1495500,2025-02-14 09:47:25.380000,HE,KEF,P,BHZ
smi:fi.isuh/event/1495500,2025-02-14 09:47:44.320000,HE,KEF,S,BHZ
smi:fi.isuh/event/1495500,2025-02-14 09:47:27.900000,HE,FIA0,P,SHZ
smi:fi.isuh/event/1495500,2025-02-14 09:47:27.680000,HE,RUF,P,BHZ
smi:fi.isuh/event/1495500,2025-02-14 09:47:30.700000,HE,JOF,P,BHZ
smi:fi.isuh/event/1495500,2025-02-14 09:47:53.480000,HE,JOF,S,BHZ
smi:fi.isuh/event/1495500,2025-02-14 09:47:30.680000,HE,RMF,P,BHZ
smi:fi.isuh/event/1495500,2025-02-14 09:47:34.680000,HE,KY17,P,BHZ
smi:fi.isuh/event/1495500,2025-02-14 09:47:34.980000,HE,OUF,P,BHZ
smi:fi.isuh/event/1495500,2025-02-14 09:48:01.320000,HE,OUF,S,BHZ
smi:fi.isuh/event/1495500,2025-02-14 09:47:35.080000,HE,TRE03,P,BHZ
smi:fi.isuh/event/1495500,2025-02-14 09:48:03.100000,HE,TRE03,S,BHZ
smi:fi.isuh/event/1495500,2025-02-14 09:47:39.280000,HE,OBF0,P,BHZ
smi:fi.isuh/event/1495500,2025-02-14 09:48:08.980000,HE,OBF0,S,BHZ
smi:fi.isuh/event/1495500,2025-02-14 09:47:39.580000,HE,VAF,P,BHZ
smi:fi.isuh/event/1495500,2025-02-14 09:48:08.930000,HE,VAF,S,BHZ
smi:fi.isuh/event/1495500,2025-02-14 09:47:41.360000,HE,OBF3,P,BHZ
smi:fi.isuh/event/1495500,2025-02-14 09:48:12.460000,HE,OBF3,S,BHZ
smi:fi.isuh/event/1495500,2025-02-14 09:47:41.160000,HE,OBF8,P,BHZ
smi:fi.isuh/event/1495500,2025-02-14 09:48:12.980000,HE,OBF8,S,BHZ
smi:fi.isuh/event/1495500,2025-02-14 09:47:46.880000,HE,KPF,P,BHZ
smi:fi.isuh/event/1495500,2025-02-14 09:48:22.580000,HE,KPF,S,BHZ
smi:fi.isuh/event/1495500,2025-02-14 09:47:48.680000,HE,KU1,P,BHZ
smi:fi.isuh/event/1495500,2025-02-14 09:47:48.680000,HE,KU2,P,BHZ
smi:fi.isuh/event/1495500,2025-02-14 09:48:35.240000,FN,RANF,S,BHZ
smi:fi.isuh/event/1495501,2025-02-14 09:50:54.380000,HE,OUF,P,BHZ
smi:fi.isuh/event/1495501,2025-02-14 09:51:05.200000,HE,OUF,S,BHZ
smi:fi.isuh/event/1495501,2025-02-14 09:51:05.580000,HE,OBF8,S,BHZ
smi:fi.isuh/event/1495501,2025-02-14 09:50:56.750000,HE,OBF0,P,BHZ
smi:fi.isuh/event/1495501,2025-02-14 09:50:57.130000,HE,VAF,P,BHZ
smi:fi.isuh/event/1495501,2025-02-14 09:51:11.980000,HE,VAF,S,BHZ
smi:fi.isuh/event/1495501,2025-02-14 09:51:02.620000,HE,OBF3,P,BHZ
smi:fi.isuh/event/1495501,2025-02-14 09:51:03.240000,HE,SUF,P,BHZ
smi:fi.isuh/event/1495501,2025-02-14 09:51:07.480000,HE,KEF,P,BHZ
smi:fi.isuh/event/1495501,2025-02-14 09:51:09.770000,HE,NIF,P,BHZ
smi:fi.isuh/event/1495501,2025-02-14 09:51:12.930000,HE,KAF,P,BHZ
smi:fi.isuh/event/1495501,2025-02-14 09:51:36.880000,HE,KAF,S,BHZ
smi:fi.isuh/event/1495501,2025-02-14 09:51:17.490000,HE,KPF,P,BHZ
smi:fi.isuh/event/1495501,2025-02-14 09:51:45.640000,HE,KPF,S,BHZ
smi:fi.isuh/event/1495501,2025-02-14 09:51:55.600000,HE,TOF,S,BHZ
smi:fi.isuh/event/1495501,2025-02-14 09:52:20.980000,HE,KU6,S,BHZ
smi:fi.isuh/event/1495525,2025-02-14 10:31:14.000000,HE,OBF8,P,BHZ
smi:fi.isuh/event/1495525,2025-02-14 10:31:29.680000,HE,OBF8,S,BHZ
smi:fi.isuh/event/1495525,2025-02-14 10:31:19.080000,HE,OBF0,P,BHZ
smi:fi.isuh/event/1495525,2025-02-14 10:31:37.260000,HE,OBF0,S,BHZ
smi:fi.isuh/event/1495525,2025-02-14 10:31:22.180000,HE,OBF3,P,BHZ
smi:fi.isuh/event/1495525,2025-02-14 10:31:43.040000,HE,OBF3,S,BHZ
smi:fi.isuh/event/1495525,2025-02-14 10:31:22.760000,HE,OUF,P,BHZ
smi:fi.isuh/event/1495525,2025-02-14 10:31:44.880000,HE,OUF,S,BHZ
smi:fi.isuh/event/1495525,2025-02-14 10:31:27.520000,HE,VAF,P,BHZ
smi:fi.isuh/event/1495525,2025-02-14 10:31:51.600000,HE,VAF,S,BHZ
smi:fi.isuh/event/1495525,2025-02-14 10:31:27.880000,HE,TOF,P,BHZ
smi:fi.isuh/event/1495525,2025-02-14 10:31:53.360000,HE,TOF,S,BHZ
smi:fi.isuh/event/1495525,2025-02-14 10:31:39.230000,FN,RANF,P,BHZ
smi:fi.isuh/event/1495525,2025-02-14 10:32:16.400000,FN,RANF,S,BHZ
smi:fi.isuh/event/1495525,2025-02-14 10:31:40.680000,FN,KLF,P,BHZ
smi:fi.isuh/event/1495525,2025-02-14 10:32:14.000000,FN,KLF,S,BHZ
smi:fi.isuh/event/1495525,2025-02-14 10:32:29.200000,HE,KEF,S,BHZ
smi:fi.isuh/event/1495525,2025-02-14 10:32:33.920000,HE,NIF,S,BHZ
smi:fi.isuh/event/1495525,2025-02-14 10:32:43.800000,HE,KAF,S,BHZ
smi:fi.isuh/event/1495525,2025-02-14 10:32:37.640000,FN,OLKF,S,BHZ
smi:fi.isuh/event/1495525,2025-02-14 10:32:38.040000,HE,HEF,S,BHZ
smi:fi.isuh/event/1495525,2025-02-14 10:32:56.000000,HE,KU6,S,BHZ
smi:fi.isuh/event/1495525,2025-02-14 10:32:59.000000,HE,FIA0,S,SHZ
smi:fi.isuh/event/1495526,2025-02-14 11:06:36.980000,HE,HEL5,P,BHZ
smi:fi.isuh/event/1495526,2025-02-14 11:06:37.080000,HE,MEF,P,BHZ
smi:fi.isuh/event/1495526,2025-02-14 11:06:38.030000,HE,LAUT,P,BHZ
smi:fi.isuh/event/1495526,2025-02-14 11:06:39.680000,HE,LAUT,S,BHZ
smi:fi.isuh/event/1495526,2025-02-14 11:06:38.320000,HE,HEL1,P,BHZ
smi:fi.isuh/event/1495526,2025-02-14 11:06:40.540000,HE,HEL1,S,BHZ
smi:fi.isuh/event/1495526,2025-02-14 11:06:39.210000,HE,KUNI,P,BHZ
smi:fi.isuh/event/1495526,2025-02-14 11:06:42.240000,HE,KUNI,S,BHZ
smi:fi.isuh/event/1495526,2025-02-14 11:06:40.740000,HE,VUOS,P,BHZ
smi:fi.isuh/event/1495526,2025-02-14 11:06:44.880000,HE,VUOS,S,BHZ
smi:fi.isuh/event/1495526,2025-02-14 11:06:41.970000,HE,NUR,P,BHZ
smi:fi.isuh/event/1495526,2025-02-14 11:06:47.900000,HE,NUR,S,BHZ
smi:fi.isuh/event/1495526,2025-02-14 11:06:48.540000,HE,TVF,P,BHZ
smi:fi.isuh/event/1495526,2025-02-14 11:06:49.460000,HE,PVF,P,BHZ
smi:fi.isuh/event/1495526,2025-02-14 11:07:00.280000,HE,PVF,S,BHZ
smi:fi.isuh/event/1495526,2025-02-14 11:07:01.920000,HE,KY17,P,BHZ
smi:fi.isuh/event/1495526,2025-02-14 11:07:24.560000,HE,KY17,S,BHZ
smi:fi.isuh/event/1495526,2025-02-14 11:07:02.800000,HE,TRE03,P,BHZ
smi:fi.isuh/event/1495526,2025-02-14 11:07:02.980000,HE,KORF,P,BHZ
smi:fi.isuh/event/1495526,2025-02-14 11:07:02.900000,HE,FIA0,P,SHZ
smi:fi.isuh/event/1495526,2025-02-14 11:07:25.300000,HE,FIA0,S,SHZ
smi:fi.isuh/event/1495526,2025-02-14 11:07:04.660000,HE,VJF,P,BHZ
smi:fi.isuh/event/1495526,2025-02-14 11:07:26.520000,HE,VJF,S,BHZ
smi:fi.isuh/event/1495526,2025-02-14 11:07:05.480000,HE,RAF,P,BHZ
smi:fi.isuh/event/1495526,2025-02-14 11:07:26.120000,HE,RAF,S,BHZ
smi:fi.isuh/event/1495526,2025-02-14 11:07:13.830000,HE,KPF,P,BHZ
smi:fi.isuh/event/1495526,2025-02-14 11:07:41.480000,HE,KPF,S,BHZ
smi:fi.isuh/event/1495526,2025-02-14 11:07:45.400000,UP,AAL,S,BHZ
smi:fi.isuh/event/1495526,2025-02-14 11:07:52.380000,HE,ECKF,S,BHZ
smi:fi.isuh/event/1495534,2025-02-14 11:56:11.002580,HE,VJF,P,?HZ
smi:fi.isuh/event/1495534,2025-02-14 11:56:28.672860,HE,VJF,S,?HZ
smi:fi.isuh/event/1495534,2025-02-14 11:56:13.546860,HE,LOVF,P,CZ
smi:fi.isuh/event/1495534,2025-02-14 11:56:32.638370,HE,LOVF,S,CZ
smi:fi.isuh/event/1495534,2025-02-14 11:56:17.493920,HE,PVF,P,CZ
smi:fi.isuh/event/1495534,2025-02-14 11:56:38.764490,HE,PVF,S,CZ
smi:fi.isuh/event/1495534,2025-02-14 11:56:17.623330,HE,VUOS,P,BHZ
smi:fi.isuh/event/1495534,2025-02-14 11:56:39.502580,HE,VUOS,S,BHZ
smi:fi.isuh/event/1495534,2025-02-14 11:56:18.464510,HE,KY17,P,CZ
smi:fi.isuh/event/1495534,2025-02-14 11:56:42.381120,HE,KY17,S,CZ
smi:fi.isuh/event/1495534,2025-02-14 11:56:19.521040,HE,LAUT,P,BHZ
smi:fi.isuh/event/1495534,2025-02-14 11:56:42.217040,HE,LAUT,S,BHZ
smi:fi.isuh/event/1495534,2025-02-14 11:56:19.920940,HE,HEL1,P,BHZ
smi:fi.isuh/event/1495534,2025-02-14 11:56:42.823510,HE,HEL1,S,BHZ
smi:fi.isuh/event/1495534,2025-02-14 11:56:20.211570,HE,KUNI,P,BHZ
smi:fi.isuh/event/1495534,2025-02-14 11:56:43.488250,HE,KUNI,S,BHZ
smi:fi.isuh/event/1495534,2025-02-14 11:56:23.511570,HE,MEF,P,BHZ
smi:fi.isuh/event/1495534,2025-02-14 11:56:49.319140,HE,MEF,S,BHZ
smi:fi.isuh/event/1495535,2025-02-14 12:26:18.711040,HE,HEL5,P,BHZ
smi:fi.isuh/event/1495535,2025-02-14 12:26:20.036650,HE,HEL5,S,BHZ
smi:fi.isuh/event/1495535,2025-02-14 12:26:19.068410,HE,LAUT,P,BHZ
smi:fi.isuh/event/1495535,2025-02-14 12:26:20.628990,HE,LAUT,S,BHZ
smi:fi.isuh/event/1495535,2025-02-14 12:26:19.109720,HE,HEL1,P,BHZ
smi:fi.isuh/event/1495535,2025-02-14 12:26:20.764200,HE,HEL1,S,BHZ
smi:fi.isuh/event/1495535,2025-02-14 12:26:19.178670,HE,MEF,P,BHZ
smi:fi.isuh/event/1495535,2025-02-14 12:26:20.846830,HE,MEF,S,BHZ
smi:fi.isuh/event/1495535,2025-02-14 12:26:19.339210,HE,RSUO,P,BHZ
smi:fi.isuh/event/1495535,2025-02-14 12:26:21.169840,HE,RSUO,S,BHZ
smi:fi.isuh/event/1495535,2025-02-14 12:26:19.626480,HE,KUNI,P,BHZ
smi:fi.isuh/event/1495535,2025-02-14 12:26:21.637230,HE,KUNI,S,BHZ
smi:fi.isuh/event/1495535,2025-02-14 12:26:21.310240,HE,VUOS,P,BHZ
smi:fi.isuh/event/1495535,2025-02-14 12:26:24.887620,HE,VUOS,S,BHZ
smi:fi.isuh/event/1495535,2025-02-14 12:26:22.565400,HE,NUR,P,SHZ
smi:fi.isuh/event/1495535,2025-02-14 12:26:26.650270,HE,NUR,S,SHZ
smi:fi.isuh/event/1495538,2025-02-14 12:30:42.833260,HE,HEL5,P,BHZ
smi:fi.isuh/event/1495538,2025-02-14 12:30:44.288310,HE,HEL5,S,BHZ
smi:fi.isuh/event/1495538,2025-02-14 12:30:42.970730,HE,MEF,P,BHZ
smi:fi.isuh/event/1495538,2025-02-14 12:30:44.429720,HE,MEF,S,BHZ
smi:fi.isuh/event/1495538,2025-02-14 12:30:43.897860,HE,LAUT,P,BHZ
smi:fi.isuh/event/1495538,2025-02-14 12:30:45.911950,HE,LAUT,S,BHZ
smi:fi.isuh/event/1495538,2025-02-14 12:30:44.149150,HE,HEL1,P,BHZ
smi:fi.isuh/event/1495538,2025-02-14 12:30:46.458030,HE,HEL1,S,BHZ
smi:fi.isuh/event/1495538,2025-02-14 12:30:44.532820,HE,RSUO,P,BHZ
smi:fi.isuh/event/1495538,2025-02-14 12:30:46.926100,HE,RSUO,S,BHZ
smi:fi.isuh/event/1495538,2025-02-14 12:30:44.870340,HE,KUNI,P,BHZ
smi:fi.isuh/event/1495538,2025-02-14 12:30:48.030070,HE,KUNI,S,BHZ
smi:fi.isuh/event/1495538,2025-02-14 12:30:46.653720,HE,VUOS,P,BHZ
smi:fi.isuh/event/1495538,2025-02-14 12:30:50.173620,HE,VUOS,S,BHZ
smi:fi.isuh/event/1495486,2025-02-14 13:07:57.080000,HE,VRF,P,BHZ
smi:fi.isuh/event/1495486,2025-02-14 13:08:01.640000,HE,VRF,S,BHZ
smi:fi.isuh/event/1495486,2025-02-14 13:08:12.280000,FN,RAJF,P,BHZ
smi:fi.isuh/event/1495486,2025-02-14 13:08:27.600000,FN,RAJF,S,BHZ
smi:fi.isuh/event/1495486,2025-02-14 13:08:31.400000,FN,OLKF,S,BHZ
smi:fi.isuh/event/1495486,2025-02-14 13:08:18.960000,HE,KU6,P,BHZ
smi:fi.isuh/event/1495486,2025-02-14 13:08:38.280000,HE,KU6,S,BHZ
smi:fi.isuh/event/1495486,2025-02-14 13:08:55.680000,FN,RANF,S,BHZ
smi:fi.isuh/event/1495486,2025-02-14 13:09:07.120000,FN,KLF,S,BHZ
smi:fi.isuh/event/1495486,2025-02-14 13:09:07.240000,HE,KEV,S,BHZ
smi:fi.isuh/event/1495486,2025-02-14 13:09:11.680000,HE,HEF,S,BHZ
smi:fi.isuh/event/1495530,2025-02-14 13:17:58.080000,HE,VRF,P,BHZ
smi:fi.isuh/event/1495530,2025-02-14 13:18:02.840000,HE,VRF,S,BHZ
smi:fi.isuh/event/1495530,2025-02-14 13:18:13.480000,FN,RAJF,P,BHZ
smi:fi.isuh/event/1495530,2025-02-14 13:18:28.520000,FN,RAJF,S,BHZ
smi:fi.isuh/event/1495530,2025-02-14 13:18:15.400000,FN,OLKF,P,BHZ
smi:fi.isuh/event/1495530,2025-02-14 13:18:32.760000,FN,OLKF,S,BHZ
smi:fi.isuh/event/1495530,2025-02-14 13:18:19.600000,HE,KU6,P,BHZ
smi:fi.isuh/event/1495530,2025-02-14 13:18:40.600000,HE,KU6,S,BHZ
smi:fi.isuh/event/1495530,2025-02-14 13:18:27.780000,HE,KU1,P,BHZ
smi:fi.isuh/event/1495530,2025-02-14 13:18:56.120000,HE,KU1,S,BHZ
smi:fi.isuh/event/1495530,2025-02-14 13:18:28.120000,HE,KU2,P,BHZ
smi:fi.isuh/event/1495530,2025-02-14 13:18:29.160000,FN,RANF,P,BHZ
smi:fi.isuh/event/1495530,2025-02-14 13:18:56.880000,FN,RANF,S,BHZ
smi:fi.isuh/event/1495530,2025-02-14 13:18:33.930000,FN,KLF,P,BHZ
smi:fi.isuh/event/1495530,2025-02-14 13:19:08.760000,FN,KLF,S,BHZ
smi:fi.isuh/event/1495530,2025-02-14 13:18:34.260000,HE,KEV,P,BHZ
smi:fi.isuh/event/1495530,2025-02-14 13:19:07.440000,HE,KEV,S,BHZ
smi:fi.isuh/event/1495530,2025-02-14 13:18:35.780000,HE,HEF,P,BHZ
smi:fi.isuh/event/1495530,2025-02-14 13:19:12.880000,HE,HEF,S,BHZ
smi:fi.isuh/event/1495530,2025-02-14 13:18:37.780000,HE,TOF,P,BHZ
smi:fi.isuh/event/1495530,2025-02-14 13:19:19.640000,HE,TOF,S,BHZ
smi:fi.isuh/event/1495530,2025-02-14 13:18:45.180000,HE,RMF,P,BHZ
smi:fi.isuh/event/1495530,2025-02-14 13:18:48.880000,HE,OBF3,P,BHZ
smi:fi.isuh/event/1495530,2025-02-14 13:18:52.840000,HE,KIF,P,BHZ
smi:fi.isuh/event/1495530,2025-02-14 13:18:53.280000,HE,OUF,P,BHZ
smi:fi.isuh/event/1495483,2025-02-14 16:00:41.580000,FN,RAJF,P,BHZ
smi:fi.isuh/event/1495483,2025-02-14 16:00:58.040000,FN,RAJF,S,BHZ
smi:fi.isuh/event/1495483,2025-02-14 16:00:43.280000,HE,KEV,P,BHZ
smi:fi.isuh/event/1495483,2025-02-14 16:01:02.320000,HE,KEV,S,BHZ
smi:fi.isuh/event/1495483,2025-02-14 16:01:11.520000,HE,VRF,S,BHZ
smi:fi.isuh/event/1495483,2025-02-14 16:01:41.200000,HE,HEF,S,BHZ
smi:fi.isuh/event/1495483,2025-02-14 16:01:53.000000,FN,OLKF,S,BHZ
smi:fi.isuh/event/1495483,2025-02-14 16:01:59.320000,FN,KLF,S,BHZ
smi:fi.isuh/event/1495483,2025-02-14 16:01:12.530000,HE,KU6,P,BHZ
smi:fi.isuh/event/1495483,2025-02-14 16:01:53.780000,HE,KU6,S,BHZ
smi:fi.isuh/event/1495483,2025-02-14 16:01:59.920000,FN,RANF,S,BHZ
smi:fi.isuh/event/1495531,2025-02-14 20:05:34.680000,HE,VRF,P,BHZ
smi:fi.isuh/event/1495531,2025-02-14 20:05:54.840000,HE,VRF,S,BHZ
smi:fi.isuh/event/1495531,2025-02-14 20:05:45.040000,FN,OLKF,P,BHZ
smi:fi.isuh/event/1495531,2025-02-14 20:06:13.040000,FN,OLKF,S,BHZ
smi:fi.isuh/event/1495531,2025-02-14 20:05:44.480000,FN,RAJF,P,BHZ
smi:fi.isuh/event/1495531,2025-02-14 20:06:12.020000,FN,RAJF,S,BHZ
smi:fi.isuh/event/1495531,2025-02-14 20:05:45.920000,HE,KU6,P,BHZ
smi:fi.isuh/event/1495531,2025-02-14 20:06:15.320000,HE,KU6,S,BHZ
smi:fi.isuh/event/1495531,2025-02-14 20:06:34.700000,HE,KU2,S,BHZ
smi:fi.isuh/event/1495531,2025-02-14 20:06:06.680000,HE,KEV,P,BHZ
smi:fi.isuh/event/1495531,2025-02-14 20:06:43.640000,HE,KEV,S,BHZ
smi:fi.isuh/event/1495531,2025-02-14 20:07:05.880000,HE,HEF,S,BHZ
smi:fi.isuh/event/1495532,2025-02-14 20:07:16.800000,HE,VRF,S,BHZ
smi:fi.isuh/event/1495532,2025-02-14 20:07:07.480000,FN,OLKF,P,BHZ
smi:fi.isuh/event/1495532,2025-02-14 20:07:35.160000,FN,OLKF,S,BHZ
smi:fi.isuh/event/1495532,2025-02-14 20:07:34.180000,FN,RAJF,S,BHZ
smi:fi.isuh/event/1495532,2025-02-14 20:07:08.180000,HE,KU6,P,BHZ
smi:fi.isuh/event/1495532,2025-02-14 20:07:37.000000,HE,KU6,S,BHZ
smi:fi.isuh/event/1495532,2025-02-14 20:07:58.940000,HE,KU2,S,BHZ
smi:fi.isuh/event/1495532,2025-02-14 20:08:05.320000,FN,RANF,S,BHZ
smi:fi.isuh/event/1495532,2025-02-14 20:07:59.420000,HE,KEV,S,BHZ
smi:fi.isuh/event/1495532,2025-02-14 20:08:25.840000,FN,KLF,S,BHZ
smi:fi.isuh/event/1495587,2025-02-15 15:12:49.180000,HE,ECKF,P,BHZ
smi:fi.isuh/event/1495587,2025-02-15 15:13:10.580000,HE,ECKF,S,BHZ
smi:fi.isuh/event/1495587,2025-02-15 15:12:52.240000,UP,AAL,P,BHZ
smi:fi.isuh/event/1495587,2025-02-15 15:13:17.850000,UP,AAL,S,BHZ
smi:fi.isuh/event/1495587,2025-02-15 15:13:05.780000,HE,KORF,P,BHZ
smi:fi.isuh/event/1495587,2025-02-15 15:13:40.040000,HE,KORF,S,BHZ
smi:fi.isuh/event/1495588,2025-02-15 16:00:12.280000,FN,RAJF,P,BHZ
smi:fi.isuh/event/1495588,2025-02-15 16:00:28.840000,FN,RAJF,S,BHZ
smi:fi.isuh/event/1495588,2025-02-15 16:00:14.380000,HE,KEV,P,BHZ
smi:fi.isuh/event/1495588,2025-02-15 16:00:31.840000,HE,KEV,S,BHZ
smi:fi.isuh/event/1495588,2025-02-15 16:00:21.080000,HE,VRF,P,BHZ
smi:fi.isuh/event/1495588,2025-02-15 16:00:42.360000,HE,VRF,S,BHZ
smi:fi.isuh/event/1495588,2025-02-15 16:01:12.520000,HE,HEF,S,BHZ
smi:fi.isuh/event/1495590,2025-02-15 16:22:29.380000,FN,RAJF,P,BHZ
smi:fi.isuh/event/1495590,2025-02-15 16:22:45.220000,FN,RAJF,S,BHZ
smi:fi.isuh/event/1495590,2025-02-15 16:22:31.140000,HE,KEV,P,BHZ
smi:fi.isuh/event/1495590,2025-02-15 16:22:48.960000,HE,KEV,S,BHZ
smi:fi.isuh/event/1495590,2025-02-15 16:22:37.720000,HE,VRF,P,BHZ
smi:fi.isuh/event/1495590,2025-02-15 16:23:00.120000,HE,VRF,S,BHZ
smi:fi.isuh/event/1495590,2025-02-15 16:23:28.840000,HE,HEF,S,BHZ
smi:fi.isuh/event/1495590,2025-02-15 16:23:50.680000,HE,KIF,S,BHZ
smi:fi.isuh/event/1495589,2025-02-15 20:17:33.920000,HE,VRF,P,BHZ
smi:fi.isuh/event/1495589,2025-02-15 20:17:54.080000,HE,VRF,S,BHZ
smi:fi.isuh/event/1495589,2025-02-15 20:17:44.220000,FN,OLKF,P,BHZ
smi:fi.isuh/event/1495589,2025-02-15 20:18:13.640000,FN,OLKF,S,BHZ
smi:fi.isuh/event/1495589,2025-02-15 20:17:42.580000,FN,RAJF,P,BHZ
smi:fi.isuh/event/1495589,2025-02-15 20:18:12.200000,FN,RAJF,S,BHZ
smi:fi.isuh/event/1495589,2025-02-15 20:17:44.400000,HE,KU6,P,BHZ
smi:fi.isuh/event/1495589,2025-02-15 20:18:13.800000,HE,KU6,S,BHZ
smi:fi.isuh/event/1495589,2025-02-15 20:17:58.700000,HE,KU2,P,BHZ
smi:fi.isuh/event/1495589,2025-02-15 20:18:00.800000,FN,RANF,P,BHZ
smi:fi.isuh/event/1495589,2025-02-15 20:18:44.760000,FN,RANF,S,BHZ
smi:fi.isuh/event/1495589,2025-02-15 20:17:57.260000,HE,KEV,P,BHZ
smi:fi.isuh/event/1495589,2025-02-15 20:18:37.100000,HE,KEV,S,BHZ
smi:fi.isuh/event/1495446,2025-02-16 00:43:21.280000,HE,VRF,P,BHZ
smi:fi.isuh/event/1495446,2025-02-16 00:43:40.120000,HE,VRF,S,BHZ
smi:fi.isuh/event/1495446,2025-02-16 00:43:30.000000,FN,OLKF,P,BHZ
smi:fi.isuh/event/1495446,2025-02-16 00:43:58.120000,FN,OLKF,S,BHZ
smi:fi.isuh/event/1495446,2025-02-16 00:43:30.000000,HE,KU6,P,BHZ
smi:fi.isuh/event/1495446,2025-02-16 00:43:58.840000,HE,KU6,S,BHZ
smi:fi.isuh/event/1495446,2025-02-16 00:43:57.360000,FN,RAJF,S,BHZ
smi:fi.isuh/event/1495446,2025-02-16 00:43:46.280000,FN,RANF,P,BHZ
smi:fi.isuh/event/1495446,2025-02-16 00:44:28.000000,FN,RANF,S,BHZ
smi:fi.isuh/event/1495446,2025-02-16 00:44:22.900000,HE,KEV,S,BHZ
smi:fi.isuh/event/1495436,2025-02-16 04:40:56.780000,HE,HEF,P,BHZ
smi:fi.isuh/event/1495436,2025-02-16 04:41:08.500000,HE,HEF,S,BHZ
smi:fi.isuh/event/1495436,2025-02-16 04:40:58.340000,FN,KLF,P,BHZ
smi:fi.isuh/event/1495436,2025-02-16 04:41:10.520000,FN,KLF,S,BHZ
smi:fi.isuh/event/1495436,2025-02-16 04:41:25.880000,FN,RAJF,S,BHZ
smi:fi.isuh/event/1495436,2025-02-16 04:41:12.280000,HE,VRF,P,BHZ
smi:fi.isuh/event/1495436,2025-02-16 04:41:33.380000,HE,VRF,S,BHZ
smi:fi.isuh/event/1495436,2025-02-16 04:41:17.780000,HE,TOF,P,BHZ
smi:fi.isuh/event/1495436,2025-02-16 04:41:42.880000,HE,TOF,S,BHZ
smi:fi.isuh/event/1495436,2025-02-16 04:41:18.060000,HE,KEV,P,BHZ
smi:fi.isuh/event/1495436,2025-02-16 04:41:43.420000,HE,KEV,S,BHZ
smi:fi.isuh/event/1495436,2025-02-16 04:41:18.280000,FN,RANF,P,BHZ
smi:fi.isuh/event/1495436,2025-02-16 04:41:44.720000,FN,RANF,S,BHZ
smi:fi.isuh/event/1495436,2025-02-16 04:41:19.580000,HE,KIF,P,BHZ
smi:fi.isuh/event/1495436,2025-02-16 04:41:45.760000,HE,KIF,S,BHZ
smi:fi.isuh/event/1495436,2025-02-16 04:41:23.400000,FN,OLKF,P,BHZ
smi:fi.isuh/event/1495436,2025-02-16 04:41:53.200000,FN,OLKF,S,BHZ
smi:fi.isuh/event/1495436,2025-02-16 04:41:27.520000,HE,KU2,P,BHZ
smi:fi.isuh/event/1495436,2025-02-16 04:41:27.280000,HE,KU6,P,BHZ
smi:fi.isuh/event/1495436,2025-02-16 04:42:03.200000,HE,KU6,S,BHZ
smi:fi.isuh/event/1495449,2025-02-16 13:18:33.345270,HE,TRE03,S,CZ
smi:fi.isuh/event/1495449,2025-02-16 13:18:52.115570,HE,KEF,S,?HZ
smi:fi.isuh/event/1495449,2025-02-16 13:18:39.070300,HE,KPF,P,BHZ
smi:fi.isuh/event/1495449,2025-02-16 13:18:53.136910,HE,KPF,S,BHZ
smi:fi.isuh/event/1495449,2025-02-16 13:18:59.260000,HE,NUR,S,SHZ
smi:fi.isuh/event/1495449,2025-02-16 13:18:59.821450,HE,RAF,S,BHZ
smi:fi.isuh/event/1495449,2025-02-16 13:18:59.808210,HE,FIA0,S,?HZ
smi:fi.isuh/event/1495449,2025-02-16 13:18:59.821450,HE,FIA1,S,?HZ
smi:fi.isuh/event/1495449,2025-02-16 13:19:07.509760,HE,KAF,S,?HZ
smi:fi.isuh/event/1495447,2025-02-16 15:31:19.250000,HE,ECKF,P,BHZ
smi:fi.isuh/event/1495447,2025-02-16 15:31:41.780000,HE,ECKF,S,BHZ
smi:fi.isuh/event/1495447,2025-02-16 15:31:24.260000,UP,AAL,P,BHZ
smi:fi.isuh/event/1495447,2025-02-16 15:31:48.560000,UP,AAL,S,BHZ
smi:fi.isuh/event/1495447,2025-02-16 15:32:11.520000,HE,KORF,S,BHZ
smi:fi.isuh/event/1495447,2025-02-16 15:32:15.220000,HE,RAF,S,BHZ
smi:fi.isuh/event/1495448,2025-02-16 16:03:09.580000,FN,RAJF,P,BHZ
smi:fi.isuh/event/1495448,2025-02-16 16:03:25.280000,FN,RAJF,S,BHZ
smi:fi.isuh/event/1495448,2025-02-16 16:03:11.180000,HE,KEV,P,BHZ
smi:fi.isuh/event/1495448,2025-02-16 16:03:28.920000,HE,KEV,S,BHZ
smi:fi.isuh/event/1495448,2025-02-16 16:03:19.040000,HE,VRF,P,BHZ
smi:fi.isuh/event/1495448,2025-02-16 16:03:39.760000,HE,VRF,S,BHZ
smi:fi.isuh/event/1495448,2025-02-16 16:04:08.800000,HE,HEF,S,BHZ
smi:fi.isuh/event/1495448,2025-02-16 16:04:27.480000,FN,KLF,S,BHZ
smi:fi.isuh/event/1495448,2025-02-16 16:04:29.630000,HE,KIF,S,BHZ
smi:fi.isuh/event/1495437,2025-02-16 19:49:08.420000,HE,RMF,P,BHZ
smi:fi.isuh/event/1495437,2025-02-16 19:49:16.580000,HE,RMF,S,BHZ
smi:fi.isuh/event/1495437,2025-02-16 19:49:12.780000,HE,KU1,P,BHZ
smi:fi.isuh/event/1495437,2025-02-16 19:49:24.080000,HE,KU1,S,BHZ
smi:fi.isuh/event/1495437,2025-02-16 19:49:19.560000,HE,KU6,P,BHZ
smi:fi.isuh/event/1495437,2025-02-16 19:49:35.940000,HE,KU6,S,BHZ
smi:fi.isuh/event/1495437,2025-02-16 19:49:21.280000,HE,KU2,P,BHZ
smi:fi.isuh/event/1495437,2025-02-16 19:49:39.100000,HE,KU2,S,BHZ
smi:fi.isuh/event/1495437,2025-02-16 19:49:22.680000,HE,KJNF,P,BHZ
smi:fi.isuh/event/1495437,2025-02-16 19:49:40.800000,HE,KJNF,S,BHZ
smi:fi.isuh/event/1495437,2025-02-16 19:49:25.720000,FN,OLKF,P,BHZ
smi:fi.isuh/event/1495437,2025-02-16 19:49:46.720000,FN,OLKF,S,BHZ
smi:fi.isuh/event/1495437,2025-02-16 19:49:30.080000,HE,NIF,P,BHZ
smi:fi.isuh/event/1495437,2025-02-16 19:49:53.920000,HE,NIF,S,BHZ
smi:fi.isuh/event/1495437,2025-02-16 19:49:30.360000,HE,JOF,P,BHZ
smi:fi.isuh/event/1495437,2025-02-16 19:49:54.720000,HE,JOF,S,BHZ
smi:fi.isuh/event/1495437,2025-02-16 19:49:32.920000,FN,RANF,P,BHZ
smi:fi.isuh/event/1495437,2025-02-16 19:49:58.120000,FN,RANF,S,BHZ
smi:fi.isuh/event/1495437,2025-02-16 19:50:13.580000,HE,OBF3,S,BHZ
smi:fi.isuh/event/1495437,2025-02-16 19:50:15.000000,HE,OUF,S,BHZ
smi:fi.isuh/event/1495437,2025-02-16 19:50:20.240000,HE,OBF0,S,BHZ
smi:fi.isuh/event/1495437,2025-02-16 19:50:24.620000,HE,SUF,S,BHZ
smi:fi.isuh/event/1495437,2025-02-16 19:50:24.040000,HE,TOF,S,BHZ
smi:fi.isuh/event/1495437,2025-02-16 19:50:27.960000,HE,VRF,S,BHZ
smi:fi.isuh/event/1495437,2025-02-16 19:50:37.960000,HE,KAF,S,BHZ
smi:fi.isuh/event/1495437,2025-02-16 19:50:49.840000,FN,KLF,S,BHZ
smi:fi.isuh/event/1495437,2025-02-16 19:50:58.760000,HE,VAF,S,BHZ
smi:fi.isuh/event/1495438,2025-02-16 20:05:34.980000,HE,VRF,P,BHZ
smi:fi.isuh/event/1495438,2025-02-16 20:05:55.960000,HE,VRF,S,BHZ
smi:fi.isuh/event/1495438,2025-02-16 20:05:44.680000,FN,RAJF,P,BHZ
smi:fi.isuh/event/1495438,2025-02-16 20:05:45.280000,FN,OLKF,P,BHZ
smi:fi.isuh/event/1495438,2025-02-16 20:06:14.240000,FN,OLKF,S,BHZ
smi:fi.isuh/event/1495438,2025-02-16 20:05:49.120000,HE,KU6,P,BHZ
smi:fi.isuh/event/1495438,2025-02-16 20:06:15.160000,HE,KU6,S,BHZ
smi:fi.isuh/event/1495438,2025-02-16 20:05:58.420000,HE,KEV,P,BHZ
smi:fi.isuh/event/1495439,2025-02-16 23:50:13.580000,HE,OBF8,P,BHZ
smi:fi.isuh/event/1495439,2025-02-16 23:50:17.780000,HE,OBF0,P,BHZ
smi:fi.isuh/event/1495439,2025-02-16 23:50:41.220000,HE,OBF0,S,BHZ
smi:fi.isuh/event/1495439,2025-02-16 23:50:47.380000,HE,OBF3,S,BHZ
smi:fi.isuh/event/1495439,2025-02-16 23:50:52.900000,HE,VAF,S,BHZ
smi:fi.isuh/event/1495653,2025-02-17 02:33:36.920000,HE,KIF,P,BHZ
smi:fi.isuh/event/1495653,2025-02-17 02:33:52.280000,HE,KIF,S,BHZ
smi:fi.isuh/event/1495653,2025-02-17 02:33:40.180000,HE,HEF,P,BHZ
smi:fi.isuh/event/1495653,2025-02-17 02:34:02.580000,HE,HEF,S,BHZ
smi:fi.isuh/event/1495653,2025-02-17 02:33:43.000000,FN,KLF,P,BHZ
smi:fi.isuh/event/1495653,2025-02-17 02:34:05.800000,FN,KLF,S,BHZ
smi:fi.isuh/event/1495653,2025-02-17 02:33:56.240000,HE,TOF,P,BHZ
smi:fi.isuh/event/1495653,2025-02-17 02:34:28.160000,HE,TOF,S,BHZ
smi:fi.isuh/event/1495655,2025-02-17 04:19:20.180000,HE,VRF,P,BHZ
smi:fi.isuh/event/1495655,2025-02-17 04:19:40.380000,HE,VRF,S,BHZ
smi:fi.isuh/event/1495655,2025-02-17 04:19:29.380000,FN,RAJF,P,BHZ
smi:fi.isuh/event/1495655,2025-02-17 04:19:57.520000,FN,RAJF,S,BHZ
smi:fi.isuh/event/1495655,2025-02-17 04:19:30.440000,FN,OLKF,P,BHZ
smi:fi.isuh/event/1495655,2025-02-17 04:19:58.680000,FN,OLKF,S,BHZ
smi:fi.isuh/event/1495655,2025-02-17 04:19:32.040000,HE,KU6,P,BHZ
smi:fi.isuh/event/1495655,2025-02-17 04:20:00.880000,HE,KU6,S,BHZ
smi:fi.isuh/event/1495655,2025-02-17 04:19:43.660000,HE,KEV,P,BHZ
smi:fi.isuh/event/1495655,2025-02-17 04:20:30.640000,FN,RANF,S,BHZ
smi:fi.isuh/event/1495655,2025-02-17 04:20:49.160000,FN,KLF,S,BHZ
smi:fi.isuh/event/1495657,2025-02-17 11:42:25.950630,HE,SUF,P,BHZ
smi:fi.isuh/event/1495657,2025-02-17 11:42:30.126700,HE,SUF,S,BHZ
smi:fi.isuh/event/1495657,2025-02-17 11:42:32.307810,HE,NIF,P,BHZ
smi:fi.isuh/event/1495657,2025-02-17 11:42:41.222510,HE,NIF,S,BHZ
smi:fi.isuh/event/1495657,2025-02-17 11:42:35.770810,HE,KAF,P,?HZ
smi:fi.isuh/event/1495657,2025-02-17 11:42:46.824290,HE,KAF,S,?HZ
smi:fi.isuh/event/1495657,2025-02-17 11:42:40.599060,HE,KEF,P,?HZ
smi:fi.isuh/event/1495657,2025-02-17 11:42:54.778650,HE,KEF,S,?HZ
smi:fi.isuh/event/1495657,2025-02-17 11:42:40.884110,HE,ALAJF,P,?HZ
smi:fi.isuh/event/1495657,2025-02-17 11:42:56.097690,HE,ALAJF,S,?HZ
smi:fi.isuh/event/1495657,2025-02-17 11:43:07.748710,HE,FIA1,S,?HZ
smi:fi.isuh/event/1495657,2025-02-17 11:43:07.748710,HE,FIA0,S,?HZ
smi:fi.isuh/event/1495657,2025-02-17 11:42:48.675650,HE,OUF,P,BHZ
smi:fi.isuh/event/1495657,2025-02-17 11:43:10.043410,HE,OUF,S,BHZ
smi:fi.isuh/event/1495657,2025-02-17 11:42:51.868710,HE,VAF,P,BHZ
smi:fi.isuh/event/1495657,2025-02-17 11:43:14.812700,HE,VAF,S,BHZ
smi:fi.isuh/event/1495657,2025-02-17 11:43:16.579180,HE,OBF0,S,BHZ
smi:fi.isuh/event/1495657,2025-02-17 11:43:17.622230,HE,RUF,S,BHZ
smi:fi.isuh/event/1495657,2025-02-17 11:43:20.552690,HE,OBF8,S,BHZ
smi:fi.isuh/event/1495652,2025-02-17 12:04:15.180000,HE,KORF,P,BHZ
smi:fi.isuh/event/1495652,2025-02-17 12:04:19.940000,HE,KORF,S,BHZ
smi:fi.isuh/event/1495652,2025-02-17 12:04:19.130000,HE,RAF,P,BHZ
smi:fi.isuh/event/1495652,2025-02-17 12:04:29.320000,HE,RAF,S,BHZ
smi:fi.isuh/event/1495652,2025-02-17 12:04:47.160000,UP,AAL,S,BHZ
smi:fi.isuh/event/1495652,2025-02-17 12:04:30.640000,HE,ECKF,P,BHZ
smi:fi.isuh/event/1495652,2025-02-17 12:04:51.760000,HE,ECKF,S,BHZ
smi:fi.isuh/event/1495652,2025-02-17 12:04:34.480000,HE,KPF,P,BHZ
smi:fi.isuh/event/1495652,2025-02-17 12:04:53.680000,HE,KPF,S,BHZ
smi:fi.isuh/event/1495652,2025-02-17 12:04:38.080000,HE,PVF,P,BHZ
smi:fi.isuh/event/1495652,2025-02-17 12:05:02.380000,HE,PVF,S,BHZ
smi:fi.isuh/event/1495652,2025-02-17 12:04:44.400000,HE,FIA0,P,SHZ
smi:fi.isuh/event/1495652,2025-02-17 12:05:13.100000,HE,FIA0,S,SHZ
smi:fi.isuh/event/1495652,2025-02-17 12:05:15.200000,HE,KEF,S,BHZ
smi:fi.isuh/event/1495652,2025-02-17 12:05:18.440000,HE,KY17,S,BHZ
smi:fi.isuh/event/1495652,2025-02-17 12:05:26.700000,HE,KAF,S,BHZ
smi:fi.isuh/event/1495652,2025-02-17 12:05:29.880000,HE,VAF,S,BHZ
smi:fi.isuh/event/1495652,2025-02-17 12:05:37.100000,HE,SUF,S,BHZ
smi:fi.isuh/event/1495659,2025-02-17 12:05:36.680000,HE,VRF,P,BHZ
smi:fi.isuh/event/1495659,2025-02-17 12:05:56.360000,HE,VRF,S,BHZ
smi:fi.isuh/event/1495659,2025-02-17 12:05:46.680000,FN,RAJF,P,BHZ
smi:fi.isuh/event/1495659,2025-02-17 12:06:14.360000,FN,RAJF,S,BHZ
smi:fi.isuh/event/1495659,2025-02-17 12:05:46.880000,FN,OLKF,P,BHZ
smi:fi.isuh/event/1495659,2025-02-17 12:06:14.640000,FN,OLKF,S,BHZ
smi:fi.isuh/event/1495659,2025-02-17 12:05:47.700000,HE,KU6,P,BHZ
smi:fi.isuh/event/1495659,2025-02-17 12:06:17.000000,HE,KU6,S,BHZ
smi:fi.isuh/event/1495659,2025-02-17 12:06:00.020000,HE,KEV,P,BHZ
smi:fi.isuh/event/1495659,2025-02-17 12:06:44.680000,HE,KEV,S,BHZ
smi:fi.isuh/event/1495660,2025-02-17 12:14:27.940000,HE,VRF,P,BHZ
smi:fi.isuh/event/1495660,2025-02-17 12:14:48.800000,HE,VRF,S,BHZ
smi:fi.isuh/event/1495660,2025-02-17 12:14:37.740000,FN,RAJF,P,BHZ
smi:fi.isuh/event/1495660,2025-02-17 12:15:06.100000,FN,RAJF,S,BHZ
smi:fi.isuh/event/1495660,2025-02-17 12:14:37.920000,FN,OLKF,P,BHZ
smi:fi.isuh/event/1495660,2025-02-17 12:15:06.840000,FN,OLKF,S,BHZ
smi:fi.isuh/event/1495660,2025-02-17 12:14:38.240000,HE,KU6,P,BHZ
smi:fi.isuh/event/1495660,2025-02-17 12:15:07.640000,HE,KU6,S,BHZ
smi:fi.isuh/event/1495660,2025-02-17 12:14:51.520000,HE,KEV,P,BHZ
smi:fi.isuh/event/1495660,2025-02-17 12:15:30.100000,HE,KEV,S,BHZ
smi:fi.isuh/event/1495660,2025-02-17 12:14:54.560000,FN,RANF,P,BHZ
smi:fi.isuh/event/1495660,2025-02-17 12:15:36.560000,FN,RANF,S,BHZ
smi:fi.isuh/event/1495660,2025-02-17 12:15:07.960000,FN,KLF,P,BHZ
smi:fi.isuh/event/1495660,2025-02-17 12:15:45.340000,HE,HEF,S,BHZ
smi:fi.isuh/event/1495660,2025-02-17 12:15:12.200000,HE,TOF,P,BHZ
smi:fi.isuh/event/1495660,2025-02-17 12:16:07.600000,HE,TOF,S,BHZ
smi:fi.isuh/event/1495671,2025-02-17 15:25:56.520000,HE,KEV,P,BHZ
smi:fi.isuh/event/1495671,2025-02-17 15:26:08.280000,HE,KEV,S,BHZ
smi:fi.isuh/event/1495671,2025-02-17 15:26:16.120000,FN,RAJF,P,BHZ
smi:fi.isuh/event/1495671,2025-02-17 15:26:41.320000,FN,RAJF,S,BHZ
smi:fi.isuh/event/1495671,2025-02-17 15:26:26.630000,HE,HEF,P,BHZ
smi:fi.isuh/event/1495671,2025-02-17 15:27:01.640000,HE,HEF,S,BHZ
smi:fi.isuh/event/1495671,2025-02-17 15:26:29.400000,HE,VRF,P,BHZ
smi:fi.isuh/event/1495671,2025-02-17 15:27:03.840000,HE,VRF,S,BHZ
smi:fi.isuh/event/1495671,2025-02-17 15:27:32.280000,FN,KLF,S,BHZ
smi:fi.isuh/event/1495671,2025-02-17 15:27:49.640000,FN,OLKF,S,BHZ
smi:fi.isuh/event/1495667,2025-02-17 15:28:22.712410,HE,MEF,P,BHZ
smi:fi.isuh/event/1495667,2025-02-17 15:28:23.831360,HE,MEF,S,BHZ
smi:fi.isuh/event/1495667,2025-02-17 15:28:23.933150,HE,HEL5,P,BHZ
smi:fi.isuh/event/1495667,2025-02-17 15:28:26.251120,HE,HEL5,S,BHZ
smi:fi.isuh/event/1495667,2025-02-17 15:28:24.230080,HE,HEL1,P,BHZ
smi:fi.isuh/event/1495667,2025-02-17 15:28:26.819590,HE,HEL1,S,BHZ
smi:fi.isuh/event/1495667,2025-02-17 15:28:24.263080,HE,LAUT,P,BHZ
smi:fi.isuh/event/1495667,2025-02-17 15:28:26.802300,HE,LAUT,S,BHZ
smi:fi.isuh/event/1495667,2025-02-17 15:28:24.428040,HE,KUNI,P,BHZ
smi:fi.isuh/event/1495667,2025-02-17 15:28:26.828610,HE,KUNI,S,BHZ
smi:fi.isuh/event/1495667,2025-02-17 15:28:24.395050,HE,RSUO,P,BHZ
smi:fi.isuh/event/1495667,2025-02-17 15:28:26.945100,HE,RSUO,S,BHZ
smi:fi.isuh/event/1495667,2025-02-17 15:28:26.044700,HE,NUR,P,SHZ
smi:fi.isuh/event/1495667,2025-02-17 15:28:29.409070,HE,NUR,S,SHZ
smi:fi.isuh/event/1495667,2025-02-17 15:28:26.638570,HE,VUOS,P,BHZ
smi:fi.isuh/event/1495667,2025-02-17 15:28:30.366780,HE,VUOS,S,BHZ
smi:fi.isuh/event/1495669,2025-02-17 18:13:25.480000,HE,VRF,P,BHZ
smi:fi.isuh/event/1495669,2025-02-17 18:13:46.640000,HE,VRF,S,BHZ
smi:fi.isuh/event/1495669,2025-02-17 18:13:34.680000,FN,RAJF,P,BHZ
smi:fi.isuh/event/1495669,2025-02-17 18:14:03.240000,FN,RAJF,S,BHZ
smi:fi.isuh/event/1495669,2025-02-17 18:13:34.720000,FN,OLKF,P,BHZ
smi:fi.isuh/event/1495669,2025-02-17 18:14:04.400000,FN,OLKF,S,BHZ
smi:fi.isuh/event/1495669,2025-02-17 18:13:35.080000,HE,KU6,P,BHZ
smi:fi.isuh/event/1495669,2025-02-17 18:14:05.320000,HE,KU6,S,BHZ
smi:fi.isuh/event/1495669,2025-02-17 18:14:27.040000,HE,KEV,S,BHZ
smi:fi.isuh/event/1495669,2025-02-17 18:14:34.560000,FN,RANF,S,BHZ
smi:fi.isuh/event/1495669,2025-02-17 18:14:52.780000,HE,HEF,S,BHZ
smi:fi.isuh/event/1495666,2025-02-17 20:05:34.840000,HE,VRF,P,BHZ
smi:fi.isuh/event/1495666,2025-02-17 20:05:55.000000,HE,VRF,S,BHZ
smi:fi.isuh/event/1495666,2025-02-17 20:05:45.140000,FN,OLKF,P,BHZ
smi:fi.isuh/event/1495666,2025-02-17 20:05:44.380000,FN,RAJF,P,BHZ
smi:fi.isuh/event/1495666,2025-02-17 20:06:12.000000,FN,RAJF,S,BHZ
smi:fi.isuh/event/1495666,2025-02-17 20:05:45.680000,HE,KU6,P,BHZ
smi:fi.isuh/event/1495666,2025-02-17 20:06:15.680000,HE,KU6,S,BHZ
smi:fi.isuh/event/1495666,2025-02-17 20:05:53.320000,HE,KU1,P,BHZ
smi:fi.isuh/event/1495666,2025-02-17 20:05:57.780000,HE,KU2,P,BHZ
smi:fi.isuh/event/1495666,2025-02-17 20:05:58.880000,FN,RANF,P,BHZ
smi:fi.isuh/event/1495666,2025-02-17 20:06:43.720000,FN,RANF,S,BHZ
smi:fi.isuh/event/1495666,2025-02-17 20:05:59.140000,HE,KEV,P,BHZ
smi:fi.isuh/event/1495666,2025-02-17 20:06:37.640000,HE,KEV,S,BHZ
smi:fi.isuh/event/1495666,2025-02-17 20:06:05.660000,HE,RMF,P,BHZ
smi:fi.isuh/event/1495666,2025-02-17 20:06:14.440000,FN,KLF,P,BHZ
smi:fi.isuh/event/1495666,2025-02-17 20:06:50.560000,FN,KLF,S,BHZ
smi:fi.isuh/event/1495666,2025-02-17 20:06:16.040000,HE,HEF,P,BHZ
smi:fi.isuh/event/1495666,2025-02-17 20:06:51.880000,HE,HEF,S,BHZ
smi:fi.isuh/event/1495666,2025-02-17 20:06:19.520000,HE,TOF,P,BHZ
smi:fi.isuh/event/1495666,2025-02-17 20:06:56.760000,HE,TOF,S,BHZ
smi:fi.isuh/event/1495670,2025-02-17 23:13:15.120000,FN,KLF,P,BHZ
smi:fi.isuh/event/1495670,2025-02-17 23:13:32.720000,FN,KLF,S,BHZ
smi:fi.isuh/event/1495670,2025-02-17 23:13:21.980000,HE,HEF,P,BHZ
smi:fi.isuh/event/1495670,2025-02-17 23:13:44.640000,HE,HEF,S,BHZ
smi:fi.isuh/event/1495670,2025-02-17 23:13:24.960000,HE,TOF,P,BHZ
smi:fi.isuh/event/1495670,2025-02-17 23:13:50.520000,HE,KIF,S,BHZ
smi:fi.isuh/event/1495757,2025-02-18 00:23:37.130000,HE,KIF,P,BHZ
smi:fi.isuh/event/1495757,2025-02-18 00:23:52.400000,HE,KIF,S,BHZ
smi:fi.isuh/event/1495757,2025-02-18 00:23:40.000000,HE,HEF,P,BHZ
smi:fi.isuh/event/1495757,2025-02-18 00:23:58.480000,HE,HEF,S,BHZ
smi:fi.isuh/event/1495757,2025-02-18 00:23:42.800000,FN,KLF,P,BHZ
smi:fi.isuh/event/1495757,2025-02-18 00:24:04.400000,FN,KLF,S,BHZ
smi:fi.isuh/event/1495757,2025-02-18 00:23:56.080000,HE,TOF,P,BHZ
smi:fi.isuh/event/1495757,2025-02-18 00:24:27.960000,HE,TOF,S,BHZ
smi:fi.isuh/event/1495757,2025-02-18 00:24:04.080000,FN,RAJF,P,BHZ
smi:fi.isuh/event/1495757,2025-02-18 00:24:47.480000,FN,RAJF,S,BHZ
smi:fi.isuh/event/1495757,2025-02-18 00:24:43.600000,HE,KEV,S,BHZ
smi:fi.isuh/event/1495757,2025-02-18 00:24:52.480000,FN,RANF,S,BHZ
smi:fi.isuh/event/1495757,2025-02-18 00:24:13.420000,HE,OBF0,P,BHZ
smi:fi.isuh/event/1495758,2025-02-18 01:55:26.260000,FN,KLF,P,BHZ
smi:fi.isuh/event/1495758,2025-02-18 01:55:44.520000,FN,KLF,S,BHZ
smi:fi.isuh/event/1495758,2025-02-18 01:55:57.360000,HE,HEF,S,BHZ
smi:fi.isuh/event/1495758,2025-02-18 01:55:36.520000,HE,TOF,P,BHZ
smi:fi.isuh/event/1495758,2025-02-18 01:56:02.000000,HE,TOF,S,BHZ
smi:fi.isuh/event/1495758,2025-02-18 01:56:53.840000,HE,VRF,S,BHZ
smi:fi.isuh/event/1495759,2025-02-18 04:04:19.440000,HE,VRF,P,BHZ
smi:fi.isuh/event/1495759,2025-02-18 04:04:38.480000,HE,VRF,S,BHZ
smi:fi.isuh/event/1495759,2025-02-18 04:04:29.320000,FN,RAJF,P,BHZ
smi:fi.isuh/event/1495759,2025-02-18 04:04:56.200000,FN,RAJF,S,BHZ
smi:fi.isuh/event/1495759,2025-02-18 04:04:29.800000,FN,OLKF,P,BHZ
smi:fi.isuh/event/1495759,2025-02-18 04:04:57.560000,FN,OLKF,S,BHZ
smi:fi.isuh/event/1495759,2025-02-18 04:04:30.060000,HE,KU6,P,BHZ
smi:fi.isuh/event/1495759,2025-02-18 04:04:59.320000,HE,KU6,S,BHZ
smi:fi.isuh/event/1495759,2025-02-18 04:04:42.430000,HE,KEV,P,BHZ
smi:fi.isuh/event/1495759,2025-02-18 04:05:28.800000,HE,KEV,S,BHZ
smi:fi.isuh/event/1495759,2025-02-18 04:05:36.780000,HE,HEF,S,BHZ
smi:fi.isuh/event/1495762,2025-02-18 08:04:27.800730,HE,NIF,P,BHZ
smi:fi.isuh/event/1495762,2025-02-18 08:04:36.604550,HE,NIF,S,BHZ
smi:fi.isuh/event/1495762,2025-02-18 08:04:33.915700,HE,SUF,P,BHZ
smi:fi.isuh/event/1495762,2025-02-18 08:04:46.481330,HE,SUF,S,BHZ
smi:fi.isuh/event/1495762,2025-02-18 08:04:35.290250,HE,OUF,P,BHZ
smi:fi.isuh/event/1495762,2025-02-18 08:04:48.095280,HE,OUF,S,BHZ
smi:fi.isuh/event/1495762,2025-02-18 08:04:38.401070,HE,ALAJF,P,?HZ
smi:fi.isuh/event/1495762,2025-02-18 08:04:54.244580,HE,ALAJF,S,?HZ
smi:fi.isuh/event/1495762,2025-02-18 08:04:39.341560,HE,OBF0,P,BHZ
smi:fi.isuh/event/1495762,2025-02-18 08:04:56.053200,HE,OBF0,S,BHZ
smi:fi.isuh/event/1495762,2025-02-18 08:04:40.860800,HE,OBF3,P,BHZ
smi:fi.isuh/event/1495762,2025-02-18 08:04:59.021960,HE,OBF3,S,BHZ
smi:fi.isuh/event/1495762,2025-02-18 08:04:44.405690,HE,KAF,P,?HZ
smi:fi.isuh/event/1495762,2025-02-18 08:05:05.313340,HE,KAF,S,?HZ
smi:fi.isuh/event/1495762,2025-02-18 08:04:44.946870,HE,RMF,P,BHZ
smi:fi.isuh/event/1495762,2025-02-18 08:05:06.049090,HE,RMF,S,BHZ
smi:fi.isuh/event/1495762,2025-02-18 08:04:46.291620,HE,KEF,P,?HZ
smi:fi.isuh/event/1495762,2025-02-18 08:05:08.146670,HE,KEF,S,?HZ
smi:fi.isuh/event/1495762,2025-02-18 08:04:49.084560,HE,VAF,P,BHZ
smi:fi.isuh/event/1495762,2025-02-18 08:05:12.825180,HE,VAF,S,BHZ
smi:fi.isuh/event/1495762,2025-02-18 08:04:53.513140,HE,KU2,P,SHZ
smi:fi.isuh/event/1495762,2025-02-18 08:05:20.937220,HE,KU2,S,SHZ
smi:fi.isuh/event/1495745,2025-02-18 09:05:45.014720,FN,RAJF,P,?HZ
smi:fi.isuh/event/1495745,2025-02-18 09:05:48.686910,FN,RAJF,S,?HZ
smi:fi.isuh/event/1495745,2025-02-18 09:05:50.145350,FN,KMNF,P,?HZ
smi:fi.isuh/event/1495745,2025-02-18 09:05:58.347800,FN,KMNF,S,?HZ
smi:fi.isuh/event/1495745,2025-02-18 09:06:00.078340,HE,VRF,P,BHZ
smi:fi.isuh/event/1495745,2025-02-18 09:06:14.597960,HE,VRF,S,BHZ
smi:fi.isuh/event/1495745,2025-02-18 09:06:00.698080,HE,KEV,P,?HZ
smi:fi.isuh/event/1495745,2025-02-18 09:06:16.191580,HE,KEV,S,?HZ
smi:fi.isuh/event/1495745,2025-02-18 09:06:06.152700,HE,HEF,P,BHZ
smi:fi.isuh/event/1495745,2025-02-18 09:06:24.880530,HE,HEF,S,BHZ
smi:fi.isuh/event/1495745,2025-02-18 09:06:13.624520,FN,KLF,P,BHZ
smi:fi.isuh/event/1495745,2025-02-18 09:06:38.974410,FN,KLF,S,BHZ
smi:fi.isuh/event/1495763,2025-02-18 09:30:39.412160,HE,HEL5,P,BHZ
smi:fi.isuh/event/1495763,2025-02-18 09:30:41.005720,HE,HEL5,S,BHZ
smi:fi.isuh/event/1495763,2025-02-18 09:30:39.537610,HE,MEF,P,BHZ
smi:fi.isuh/event/1495763,2025-02-18 09:30:41.042980,HE,MEF,S,BHZ
smi:fi.isuh/event/1495763,2025-02-18 09:30:40.394330,HE,LAUT,P,BHZ
smi:fi.isuh/event/1495763,2025-02-18 09:30:42.451680,HE,LAUT,S,BHZ
smi:fi.isuh/event/1495763,2025-02-18 09:30:40.607160,HE,HEL1,P,BHZ
smi:fi.isuh/event/1495763,2025-02-18 09:30:43.090160,HE,HEL1,S,BHZ
smi:fi.isuh/event/1495763,2025-02-18 09:30:41.103760,HE,RSUO,P,BHZ
smi:fi.isuh/event/1495763,2025-02-18 09:30:43.232050,HE,RSUO,S,BHZ
smi:fi.isuh/event/1495763,2025-02-18 09:30:41.742250,HE,KUNI,P,BHZ
smi:fi.isuh/event/1495763,2025-02-18 09:30:44.509020,HE,KUNI,S,BHZ
smi:fi.isuh/event/1495763,2025-02-18 09:30:43.232050,HE,VUOS,P,BHZ
smi:fi.isuh/event/1495763,2025-02-18 09:30:47.346740,HE,VUOS,S,BHZ
smi:fi.isuh/event/1495763,2025-02-18 09:30:44.367140,HE,NUR,P,SHZ
smi:fi.isuh/event/1495763,2025-02-18 09:30:49.262200,HE,NUR,S,SHZ
smi:fi.isuh/event/1495765,2025-02-18 11:24:02.200000,FN,KLF,P,BHZ
smi:fi.isuh/event/1495765,2025-02-18 11:24:20.680000,FN,KLF,S,BHZ
smi:fi.isuh/event/1495765,2025-02-18 11:24:08.800000,HE,HEF,P,BHZ
smi:fi.isuh/event/1495765,2025-02-18 11:24:30.130000,HE,HEF,S,BHZ
smi:fi.isuh/event/1495765,2025-02-18 11:24:11.360000,HE,TOF,P,BHZ
smi:fi.isuh/event/1495765,2025-02-18 11:24:36.280000,HE,TOF,S,BHZ
smi:fi.isuh/event/1495765,2025-02-18 11:24:12.280000,HE,KIF,P,BHZ
smi:fi.isuh/event/1495765,2025-02-18 11:25:01.840000,FN,RANF,S,BHZ
smi:fi.isuh/event/1495767,2025-02-18 11:41:11.923800,HE,KUNI,P,BHZ
smi:fi.isuh/event/1495767,2025-02-18 11:41:13.762740,HE,KUNI,S,BHZ
smi:fi.isuh/event/1495767,2025-02-18 11:41:13.451540,HE,NUR,P,SHZ
smi:fi.isuh/event/1495767,2025-02-18 11:41:16.082630,HE,NUR,S,SHZ
smi:fi.isuh/event/1495767,2025-02-18 11:41:13.677870,HE,HEL1,P,BHZ
smi:fi.isuh/event/1495767,2025-02-18 11:41:16.535300,HE,HEL1,S,BHZ
smi:fi.isuh/event/1495767,2025-02-18 11:41:14.045650,HE,VUOS,P,BHZ
smi:fi.isuh/event/1495767,2025-02-18 11:41:17.072830,HE,VUOS,S,BHZ
smi:fi.isuh/event/1495767,2025-02-18 11:41:14.114330,HE,LAUT,P,BHZ
smi:fi.isuh/event/1495767,2025-02-18 11:41:17.366110,HE,LAUT,S,BHZ
smi:fi.isuh/event/1495767,2025-02-18 11:41:15.045560,HE,HEL5,P,BHZ
smi:fi.isuh/event/1495767,2025-02-18 11:41:18.667850,HE,HEL5,S,BHZ
smi:fi.isuh/event/1495767,2025-02-18 11:41:15.602840,HE,MEF,P,BHZ
smi:fi.isuh/event/1495767,2025-02-18 11:41:19.875280,HE,MEF,S,BHZ
smi:fi.isuh/event/1495749,2025-02-18 11:59:13.749060,HE,TRE03,P,CZ
smi:fi.isuh/event/1495749,2025-02-18 11:59:18.459840,HE,TRE03,S,CZ
smi:fi.isuh/event/1495749,2025-02-18 11:59:20.628690,HE,KPF,P,BHZ
smi:fi.isuh/event/1495749,2025-02-18 11:59:30.174840,HE,KPF,S,BHZ
smi:fi.isuh/event/1495749,2025-02-18 11:59:24.011300,HE,KEF,P,?HZ
smi:fi.isuh/event/1495749,2025-02-18 11:59:35.850870,HE,KEF,S,?HZ
smi:fi.isuh/event/1495749,2025-02-18 11:59:24.762230,HE,RAF,P,BHZ
smi:fi.isuh/event/1495749,2025-02-18 11:59:37.809500,HE,RAF,S,BHZ
smi:fi.isuh/event/1495749,2025-02-18 11:59:28.704570,HE,NUR,P,SHZ
smi:fi.isuh/event/1495749,2025-02-18 11:59:42.972090,HE,NUR,S,SHZ
smi:fi.isuh/event/1495749,2025-02-18 11:59:29.575090,HE,FIA0,P,?HZ
smi:fi.isuh/event/1495749,2025-02-18 11:59:46.370920,HE,FIA0,S,?HZ
smi:fi.isuh/event/1495749,2025-02-18 11:59:29.778400,HE,FIA1,P,?HZ
smi:fi.isuh/event/1495749,2025-02-18 11:59:45.871530,HE,FIA1,S,?HZ
smi:fi.isuh/event/1495749,2025-02-18 11:59:32.989060,HE,KAF,P,?HZ
smi:fi.isuh/event/1495749,2025-02-18 11:59:52.746190,HE,KAF,S,?HZ
smi:fi.isuh/event/1495749,2025-02-18 11:59:35.587670,HE,VAF,P,BHZ
smi:fi.isuh/event/1495749,2025-02-18 11:59:55.983570,HE,VAF,S,BHZ
smi:fi.isuh/event/1495749,2025-02-18 11:59:37.044400,HE,ALAJF,P,?HZ
smi:fi.isuh/event/1495749,2025-02-18 11:59:57.902220,HE,ALAJF,S,?HZ
smi:fi.isuh/event/1495749,2025-02-18 11:59:37.458260,HE,TVF,P,BHZ
smi:fi.isuh/event/1495749,2025-02-18 11:59:59.310120,HE,TVF,S,BHZ
smi:fi.isuh/event/1495749,2025-02-18 11:59:37.893850,HE,KORF,P,CZ
smi:fi.isuh/event/1495749,2025-02-18 12:00:00.037010,HE,KORF,S,CZ
smi:fi.isuh/event/1495749,2025-02-18 11:59:38.109260,HE,SUF,P,BHZ
smi:fi.isuh/event/1495749,2025-02-18 12:00:00.733610,HE,SUF,S,BHZ
smi:fi.isuh/event/1495749,2025-02-18 11:59:38.610170,HE,LOVF,P,CZ
smi:fi.isuh/event/1495749,2025-02-18 12:00:00.393620,HE,LOVF,S,CZ
smi:fi.isuh/event/1495749,2025-02-18 11:59:39.484150,HE,KY17,P,CZ
smi:fi.isuh/event/1495749,2025-02-18 12:00:03.283540,HE,KY17,S,CZ
smi:fi.isuh/event/1495750,2025-02-18 12:04:11.810000,HE,KORF,P,BHZ
smi:fi.isuh/event/1495750,2025-02-18 12:04:17.460000,HE,KORF,S,BHZ
smi:fi.isuh/event/1495750,2025-02-18 12:04:18.380000,HE,RAF,P,BHZ
smi:fi.isuh/event/1495750,2025-02-18 12:04:28.280000,HE,RAF,S,BHZ
smi:fi.isuh/event/1495750,2025-02-18 12:04:40.480000,UP,AAL,S,BHZ
smi:fi.isuh/event/1495750,2025-02-18 12:04:30.310000,HE,ECKF,P,BHZ
smi:fi.isuh/event/1495750,2025-02-18 12:04:50.780000,HE,ECKF,S,BHZ
smi:fi.isuh/event/1495750,2025-02-18 12:05:15.020000,HE,KEF,S,BHZ
smi:fi.isuh/event/1495768,2025-02-18 12:06:08.980000,HE,VRF,P,BHZ
smi:fi.isuh/event/1495768,2025-02-18 12:06:29.280000,HE,VRF,S,BHZ
smi:fi.isuh/event/1495768,2025-02-18 12:06:18.130000,FN,RAJF,P,BHZ
smi:fi.isuh/event/1495768,2025-02-18 12:06:46.920000,FN,RAJF,S,BHZ
smi:fi.isuh/event/1495768,2025-02-18 12:06:20.080000,FN,OLKF,P,BHZ
smi:fi.isuh/event/1495768,2025-02-18 12:06:48.040000,FN,OLKF,S,BHZ
smi:fi.isuh/event/1495768,2025-02-18 12:06:20.980000,HE,KU6,P,BHZ
smi:fi.isuh/event/1495768,2025-02-18 12:06:50.880000,HE,KU6,S,BHZ
smi:fi.isuh/event/1495768,2025-02-18 12:06:32.640000,HE,KU2,P,BHZ
smi:fi.isuh/event/1495768,2025-02-18 12:06:33.040000,HE,KEV,P,BHZ
smi:fi.isuh/event/1495768,2025-02-18 12:07:11.960000,HE,KEV,S,BHZ
smi:fi.isuh/event/1495768,2025-02-18 12:06:36.340000,FN,RANF,P,BHZ
smi:fi.isuh/event/1495768,2025-02-18 12:07:18.680000,FN,RANF,S,BHZ
smi:fi.isuh/event/1495772,2025-02-18 13:36:56.685260,HE,KUNI,P,BHZ
smi:fi.isuh/event/1495772,2025-02-18 13:37:00.572620,HE,KUNI,S,BHZ
smi:fi.isuh/event/1495772,2025-02-18 13:36:57.030800,HE,PVF,P,CZ
smi:fi.isuh/event/1495772,2025-02-18 13:37:00.831780,HE,PVF,S,CZ
smi:fi.isuh/event/1495772,2025-02-18 13:36:57.117190,HE,VUOS,P,BHZ
smi:fi.isuh/event/1495772,2025-02-18 13:37:00.874970,HE,VUOS,S,BHZ
smi:fi.isuh/event/1495772,2025-02-18 13:36:57.333150,HE,NUR,P,SHZ
smi:fi.isuh/event/1495772,2025-02-18 13:37:01.782030,HE,NUR,S,SHZ
smi:fi.isuh/event/1495772,2025-02-18 13:36:58.412980,HE,HEL1,P,BHZ
smi:fi.isuh/event/1495772,2025-02-18 13:37:03.164200,HE,HEL1,S,BHZ
smi:fi.isuh/event/1495772,2025-02-18 13:36:58.931290,HE,LAUT,P,BHZ
smi:fi.isuh/event/1495772,2025-02-18 13:37:04.028060,HE,LAUT,S,BHZ
smi:fi.isuh/event/1495772,2025-02-18 13:36:59.905510,HE,HEL5,P,BHZ
smi:fi.isuh/event/1495772,2025-02-18 13:37:06.091600,HE,HEL5,S,BHZ
smi:fi.isuh/event/1495772,2025-02-18 13:37:01.003040,HE,LOVF,P,CZ
smi:fi.isuh/event/1495772,2025-02-18 13:37:07.588240,HE,LOVF,S,CZ
smi:fi.isuh/event/1495772,2025-02-18 13:37:01.003040,HE,MEF,P,BHZ
smi:fi.isuh/event/1495772,2025-02-18 13:37:07.599180,HE,MEF,S,BHZ
smi:fi.isuh/event/1495772,2025-02-18 13:37:07.987340,HE,KY02,P,CZ
smi:fi.isuh/event/1495772,2025-02-18 13:37:19.098350,HE,KY02,S,CZ
smi:fi.isuh/event/1495772,2025-02-18 13:37:09.583750,HE,KY17,P,CZ
smi:fi.isuh/event/1495772,2025-02-18 13:37:22.355040,HE,KY17,S,CZ
smi:fi.isuh/event/1495772,2025-02-18 13:37:10.681280,HE,FIA0,P,?HZ
smi:fi.isuh/event/1495772,2025-02-18 13:37:24.350550,HE,FIA0,S,?HZ
smi:fi.isuh/event/1495772,2025-02-18 13:37:10.880840,HE,FIA1,P,?HZ
smi:fi.isuh/event/1495772,2025-02-18 13:37:24.450330,HE,FIA1,S,?HZ
smi:fi.isuh/event/1495772,2025-02-18 13:37:11.878590,HE,VJF,P,?HZ
smi:fi.isuh/event/1495772,2025-02-18 13:37:26.844950,HE,VJF,S,?HZ
smi:fi.isuh/event/1495772,2025-02-18 13:37:13.774330,HE,TVF,P,BHZ
smi:fi.isuh/event/1495772,2025-02-18 13:37:28.817450,HE,TVF,S,BHZ
smi:fi.isuh/event/1495772,2025-02-18 13:37:14.772090,HE,TRE03,P,CZ
smi:fi.isuh/event/1495772,2025-02-18 13:37:30.761240,HE,TRE03,S,CZ
smi:fi.isuh/event/1495772,2025-02-18 13:37:22.613970,HE,KEF,P,?HZ
smi:fi.isuh/event/1495772,2025-02-18 13:37:44.532780,HE,KEF,S,?HZ
smi:fi.isuh/event/1495772,2025-02-18 13:37:22.285710,HE,KAF,P,?HZ
smi:fi.isuh/event/1495772,2025-02-18 13:37:44.553390,HE,KAF,S,?HZ
smi:fi.isuh/event/1495772,2025-02-18 13:37:24.159240,HE,RAF,P,BHZ
smi:fi.isuh/event/1495772,2025-02-18 13:37:47.512030,HE,RAF,S,BHZ
smi:fi.isuh/event/1495772,2025-02-18 13:37:25.936350,HE,KORF,P,CZ
smi:fi.isuh/event/1495772,2025-02-18 13:37:50.594230,HE,KORF,S,CZ
smi:fi.isuh/event/1495772,2025-02-18 13:37:52.820160,HE,RUF,S,BHZ
smi:fi.isuh/event/1495753,2025-02-18 14:29:50.033290,HE,HEL5,P,BHZ
smi:fi.isuh/event/1495753,2025-02-18 14:29:51.450230,HE,HEL5,S,BHZ
smi:fi.isuh/event/1495753,2025-02-18 14:29:50.120750,HE,MEF,P,BHZ
smi:fi.isuh/event/1495753,2025-02-18 14:29:51.537700,HE,MEF,S,BHZ
smi:fi.isuh/event/1495753,2025-02-18 14:29:51.050010,HE,LAUT,P,BHZ
smi:fi.isuh/event/1495753,2025-02-18 14:29:52.845660,HE,LAUT,S,BHZ
smi:fi.isuh/event/1495753,2025-02-18 14:29:51.315320,HE,HEL1,P,BHZ
smi:fi.isuh/event/1495753,2025-02-18 14:29:53.659950,HE,HEL1,S,BHZ
smi:fi.isuh/event/1495753,2025-02-18 14:29:52.140240,HE,KUNI,P,BHZ
smi:fi.isuh/event/1495753,2025-02-18 14:29:55.150790,HE,KUNI,S,BHZ
smi:fi.isuh/event/1495753,2025-02-18 14:29:53.813100,HE,VUOS,P,BHZ
smi:fi.isuh/event/1495753,2025-02-18 14:29:57.694850,HE,VUOS,S,BHZ
smi:fi.isuh/event/1495753,2025-02-18 14:29:54.851240,HE,NUR,P,SHZ
smi:fi.isuh/event/1495753,2025-02-18 14:29:59.906550,HE,NUR,S,SHZ
smi:fi.isuh/event/1495755,2025-02-18 15:56:36.474820,HE,MEF,P,BHZ
smi:fi.isuh/event/1495755,2025-02-18 15:56:37.590920,HE,MEF,S,BHZ
smi:fi.isuh/event/1495755,2025-02-18 15:56:39.486880,HE,NUR,P,SHZ
smi:fi.isuh/event/1495755,2025-02-18 15:56:43.147910,HE,NUR,S,SHZ
smi:fi.isuh/event/1495755,2025-02-18 15:56:39.768500,HE,HEL5,P,BHZ
smi:fi.isuh/event/1495755,2025-02-18 15:56:43.499930,HE,HEL5,S,BHZ
smi:fi.isuh/event/1495755,2025-02-18 15:56:40.261330,HE,KUNI,P,BHZ
smi:fi.isuh/event/1495755,2025-02-18 15:56:44.063170,HE,KUNI,S,BHZ
smi:fi.isuh/event/1495755,2025-02-18 15:56:40.261330,HE,LAUT,P,BHZ
smi:fi.isuh/event/1495755,2025-02-18 15:56:44.226650,HE,LAUT,S,BHZ
smi:fi.isuh/event/1495755,2025-02-18 15:56:44.696810,HE,HEL1,S,BHZ
smi:fi.isuh/event/1495755,2025-02-18 15:56:42.795890,HE,VUOS,P,BHZ
smi:fi.isuh/event/1495755,2025-02-18 15:56:48.146630,HE,VUOS,S,BHZ
smi:fi.isuh/event/1495752,2025-02-18 20:05:34.330000,HE,VRF,P,BHZ
smi:fi.isuh/event/1495752,2025-02-18 20:05:55.280000,HE,VRF,S,BHZ
smi:fi.isuh/event/1495752,2025-02-18 20:05:44.480000,FN,OLKF,P,BHZ
smi:fi.isuh/event/1495752,2025-02-18 20:06:12.760000,FN,OLKF,S,BHZ
smi:fi.isuh/event/1495752,2025-02-18 20:05:44.920000,HE,KU6,P,BHZ
smi:fi.isuh/event/1495752,2025-02-18 20:06:13.480000,HE,KU6,S,BHZ
smi:fi.isuh/event/1495752,2025-02-18 20:05:43.880000,FN,RAJF,P,BHZ
smi:fi.isuh/event/1495752,2025-02-18 20:06:12.440000,FN,RAJF,S,BHZ
smi:fi.isuh/event/1495752,2025-02-18 20:06:42.440000,FN,RANF,S,BHZ
smi:fi.isuh/event/1495752,2025-02-18 20:05:57.740000,HE,KEV,P,BHZ
smi:fi.isuh/event/1495752,2025-02-18 20:06:37.080000,HE,KEV,S,BHZ
smi:fi.isuh/event/1495777,2025-02-18 20:08:06.820000,HE,VRF,P,BHZ
smi:fi.isuh/event/1495777,2025-02-18 20:08:26.840000,HE,VRF,S,BHZ
smi:fi.isuh/event/1495777,2025-02-18 20:08:16.560000,FN,RAJF,P,BHZ
smi:fi.isuh/event/1495777,2025-02-18 20:08:44.180000,FN,RAJF,S,BHZ
smi:fi.isuh/event/1495777,2025-02-18 20:08:17.160000,FN,OLKF,P,BHZ
smi:fi.isuh/event/1495777,2025-02-18 20:08:45.360000,FN,OLKF,S,BHZ
smi:fi.isuh/event/1495777,2025-02-18 20:08:17.980000,HE,KU6,P,BHZ
smi:fi.isuh/event/1495777,2025-02-18 20:08:47.240000,HE,KU6,S,BHZ
smi:fi.isuh/event/1495777,2025-02-18 20:08:30.510000,HE,KEV,P,BHZ
smi:fi.isuh/event/1495777,2025-02-18 20:09:08.960000,HE,KEV,S,BHZ
smi:fi.isuh/event/1495777,2025-02-18 20:08:33.600000,FN,RANF,P,BHZ
smi:fi.isuh/event/1495777,2025-02-18 20:09:15.360000,FN,RANF,S,BHZ
smi:fi.isuh/event/1495751,2025-02-18 20:25:18.360000,HE,VRF,P,BHZ
smi:fi.isuh/event/1495751,2025-02-18 20:25:37.760000,HE,VRF,S,BHZ
smi:fi.isuh/event/1495751,2025-02-18 20:25:28.530000,FN,OLKF,P,BHZ
smi:fi.isuh/event/1495751,2025-02-18 20:25:56.360000,FN,OLKF,S,BHZ
smi:fi.isuh/event/1495751,2025-02-18 20:25:55.480000,FN,RAJF,S,BHZ
smi:fi.isuh/event/1495751,2025-02-18 20:25:29.560000,HE,KU6,P,BHZ
smi:fi.isuh/event/1495751,2025-02-18 20:25:58.120000,HE,KU6,S,BHZ
smi:fi.isuh/event/1495751,2025-02-18 20:26:25.680000,FN,RANF,S,BHZ
smi:fi.isuh/event/1495751,2025-02-18 20:25:41.630000,HE,KEV,P,BHZ
smi:fi.isuh/event/1495751,2025-02-18 20:26:27.040000,HE,KEV,S,BHZ
smi:fi.isuh/event/1495751,2025-02-18 20:26:47.080000,FN,KLF,S,BHZ
smi:fi.isuh/event/1495751,2025-02-18 20:26:36.700000,HE,HEF,S,BHZ
smi:fi.isuh/event/1495861,2025-02-19 00:05:32.120000,HE,VRF,P,BHZ
smi:fi.isuh/event/1495861,2025-02-19 00:05:53.400000,HE,VRF,S,BHZ
smi:fi.isuh/event/1495861,2025-02-19 00:05:42.200000,FN,OLKF,P,BHZ
smi:fi.isuh/event/1495861,2025-02-19 00:06:11.320000,FN,OLKF,S,BHZ
smi:fi.isuh/event/1495861,2025-02-19 00:05:41.600000,FN,RAJF,P,BHZ
smi:fi.isuh/event/1495861,2025-02-19 00:06:10.440000,FN,RAJF,S,BHZ
smi:fi.isuh/event/1495861,2025-02-19 00:05:42.800000,HE,KU6,P,BHZ
smi:fi.isuh/event/1495861,2025-02-19 00:06:12.760000,HE,KU6,S,BHZ
smi:fi.isuh/event/1495861,2025-02-19 00:05:50.020000,HE,KU1,P,BHZ
smi:fi.isuh/event/1495861,2025-02-19 00:05:53.560000,HE,KU2,P,BHZ
smi:fi.isuh/event/1495861,2025-02-19 00:05:55.680000,FN,RANF,P,BHZ
smi:fi.isuh/event/1495861,2025-02-19 00:06:41.040000,FN,RANF,S,BHZ
smi:fi.isuh/event/1495861,2025-02-19 00:05:55.800000,HE,KEV,P,BHZ
smi:fi.isuh/event/1495861,2025-02-19 00:06:35.420000,HE,KEV,S,BHZ
smi:fi.isuh/event/1495861,2025-02-19 00:06:03.300000,HE,RMF,P,BHZ
smi:fi.isuh/event/1495861,2025-02-19 00:06:03.060000,FN,KLF,P,BHZ
smi:fi.isuh/event/1495861,2025-02-19 00:06:59.360000,FN,KLF,S,BHZ
smi:fi.isuh/event/1495861,2025-02-19 00:06:04.160000,HE,HEF,P,BHZ
smi:fi.isuh/event/1495861,2025-02-19 00:06:50.220000,HE,HEF,S,BHZ
smi:fi.isuh/event/1495861,2025-02-19 00:06:06.720000,HE,TOF,P,BHZ
smi:fi.isuh/event/1495860,2025-02-19 00:40:31.800000,HE,VRF,P,BHZ
smi:fi.isuh/event/1495860,2025-02-19 00:40:51.400000,HE,VRF,S,BHZ
smi:fi.isuh/event/1495860,2025-02-19 00:40:42.400000,FN,OLKF,P,BHZ
smi:fi.isuh/event/1495860,2025-02-19 00:41:11.240000,FN,OLKF,S,BHZ
smi:fi.isuh/event/1495860,2025-02-19 00:40:42.920000,FN,RAJF,P,BHZ
smi:fi.isuh/event/1495860,2025-02-19 00:41:08.680000,FN,RAJF,S,BHZ
smi:fi.isuh/event/1495860,2025-02-19 00:40:43.400000,HE,KU6,P,BHZ
smi:fi.isuh/event/1495860,2025-02-19 00:41:12.720000,HE,KU6,S,BHZ
smi:fi.isuh/event/1495860,2025-02-19 00:41:40.920000,FN,RANF,S,BHZ
smi:fi.isuh/event/1495860,2025-02-19 00:40:55.880000,HE,KEV,P,BHZ
smi:fi.isuh/event/1495860,2025-02-19 00:41:33.400000,HE,KEV,S,BHZ
smi:fi.isuh/event/1495860,2025-02-19 00:41:57.400000,FN,KLF,S,BHZ
smi:fi.isuh/event/1495860,2025-02-19 00:41:13.360000,HE,HEF,P,BHZ
smi:fi.isuh/event/1495860,2025-02-19 00:42:03.200000,HE,HEF,S,BHZ
smi:fi.isuh/event/1495860,2025-02-19 00:42:07.760000,HE,KJNF,S,BHZ
smi:fi.isuh/event/1495858,2025-02-19 04:09:56.180000,HE,VRF,P,BHZ
smi:fi.isuh/event/1495858,2025-02-19 04:10:15.600000,HE,VRF,S,BHZ
smi:fi.isuh/event/1495858,2025-02-19 04:10:05.730000,FN,RAJF,P,BHZ
smi:fi.isuh/event/1495858,2025-02-19 04:10:33.280000,FN,RAJF,S,BHZ
smi:fi.isuh/event/1495858,2025-02-19 04:10:06.580000,FN,OLKF,P,BHZ
smi:fi.isuh/event/1495858,2025-02-19 04:10:34.720000,FN,OLKF,S,BHZ
smi:fi.isuh/event/1495858,2025-02-19 04:10:07.260000,HE,KU6,P,BHZ
smi:fi.isuh/event/1495858,2025-02-19 04:10:37.080000,HE,KU6,S,BHZ
smi:fi.isuh/event/1495858,2025-02-19 04:10:19.630000,HE,KEV,P,BHZ
smi:fi.isuh/event/1495858,2025-02-19 04:11:04.320000,FN,RANF,S,BHZ
smi:fi.isuh/event/1495858,2025-02-19 04:11:24.720000,FN,KLF,S,BHZ
smi:fi.isuh/event/1495858,2025-02-19 04:11:24.480000,HE,HEF,S,BHZ
smi:fi.isuh/event/1495854,2025-02-19 11:02:32.040000,HE,VJF,P,BHZ
smi:fi.isuh/event/1495854,2025-02-19 11:02:40.420000,HE,VJF,S,BHZ
smi:fi.isuh/event/1495854,2025-02-19 11:02:32.780000,HE,RUF,P,BHZ
smi:fi.isuh/event/1495854,2025-02-19 11:02:41.220000,HE,RUF,S,BHZ
smi:fi.isuh/event/1495854,2025-02-19 11:02:35.200000,HE,KY17,P,BHZ
smi:fi.isuh/event/1495854,2025-02-19 11:02:46.240000,HE,KY17,S,BHZ
smi:fi.isuh/event/1495854,2025-02-19 11:02:45.900000,HE,FIA0,P,SHZ
smi:fi.isuh/event/1495854,2025-02-19 11:02:45.580000,HE,PVF,P,BHZ
smi:fi.isuh/event/1495854,2025-02-19 11:03:07.240000,HE,PVF,S,BHZ
smi:fi.isuh/event/1495854,2025-02-19 11:02:52.280000,HE,KAF,P,BHZ
smi:fi.isuh/event/1495854,2025-02-19 11:03:14.680000,HE,KAF,S,BHZ
smi:fi.isuh/event/1495854,2025-02-19 11:02:54.140000,HE,VUOS,P,BHZ
smi:fi.isuh/event/1495854,2025-02-19 11:02:56.230000,HE,KUNI,P,BHZ
smi:fi.isuh/event/1495854,2025-02-19 11:03:23.080000,HE,NUR,S,BHZ
smi:fi.isuh/event/1495854,2025-02-19 11:02:58.060000,HE,HEL5,P,BHZ
smi:fi.isuh/event/1495854,2025-02-19 11:03:00.380000,HE,MEF,P,BHZ
smi:fi.isuh/event/1495854,2025-02-19 11:03:01.280000,HE,SUF,P,BHZ
smi:fi.isuh/event/1495854,2025-02-19 11:03:31.200000,HE,SUF,S,BHZ
smi:fi.isuh/event/1495854,2025-02-19 11:03:01.040000,HE,KEF,P,BHZ
smi:fi.isuh/event/1495854,2025-02-19 11:03:31.040000,HE,KEF,S,BHZ
smi:fi.isuh/event/1495854,2025-02-19 11:03:04.180000,HE,JOF,P,BHZ
smi:fi.isuh/event/1495854,2025-02-19 11:03:36.320000,HE,JOF,S,BHZ
smi:fi.isuh/event/1495854,2025-02-19 11:03:06.980000,HE,NIF,P,BHZ
smi:fi.isuh/event/1495854,2025-02-19 11:03:41.020000,HE,NIF,S,BHZ
smi:fi.isuh/event/1495854,2025-02-19 11:03:33.040000,HE,OUF,P,BHZ
smi:fi.isuh/event/1495854,2025-02-19 11:03:36.860000,HE,OBF0,P,BHZ
smi:fi.isuh/event/1495870,2025-02-19 11:02:50.834370,HE,KU2,P,SHZ
smi:fi.isuh/event/1495870,2025-02-19 11:02:56.297950,HE,KU2,S,SHZ
smi:fi.isuh/event/1495870,2025-02-19 11:02:55.015200,FN,RANF,P,?HZ
smi:fi.isuh/event/1495870,2025-02-19 11:03:03.519370,FN,RANF,S,?HZ
smi:fi.isuh/event/1495870,2025-02-19 11:02:59.093660,HE,KU1,P,SHZ
smi:fi.isuh/event/1495870,2025-02-19 11:03:09.920160,HE,KU1,S,SHZ
smi:fi.isuh/event/1495870,2025-02-19 11:03:04.408010,HE,KU6,P,BHZ
smi:fi.isuh/event/1495870,2025-02-19 11:03:18.986260,HE,KU6,S,BHZ
smi:fi.isuh/event/1495870,2025-02-19 11:03:05.056080,FN,OLKF,P,BHZ
smi:fi.isuh/event/1495870,2025-02-19 11:03:19.682920,FN,OLKF,S,BHZ
smi:fi.isuh/event/1495870,2025-02-19 11:03:07.046080,HE,OBF3,P,BHZ
smi:fi.isuh/event/1495870,2025-02-19 11:03:24.099770,HE,OBF3,S,BHZ
smi:fi.isuh/event/1495870,2025-02-19 11:03:09.541180,HE,TOF,P,BHZ
smi:fi.isuh/event/1495870,2025-02-19 11:03:28.416650,HE,TOF,S,BHZ
smi:fi.isuh/event/1495870,2025-02-19 11:03:11.797870,HE,OUF,P,BHZ
smi:fi.isuh/event/1495870,2025-02-19 11:03:31.943570,HE,OUF,S,BHZ
smi:fi.isuh/event/1495870,2025-02-19 11:03:11.797870,HE,RMF,P,BHZ
smi:fi.isuh/event/1495870,2025-02-19 11:03:32.527500,HE,RMF,S,BHZ
smi:fi.isuh/event/1495870,2025-02-19 11:03:13.023180,HE,OBF0,P,BHZ
smi:fi.isuh/event/1495870,2025-02-19 11:03:34.389000,HE,OBF0,S,BHZ
smi:fi.isuh/event/1495863,2025-02-19 11:30:03.503790,HE,MEF,P,BHZ
smi:fi.isuh/event/1495863,2025-02-19 11:30:04.750340,HE,MEF,S,BHZ
smi:fi.isuh/event/1495863,2025-02-19 11:30:06.683870,HE,NUR,P,SHZ
smi:fi.isuh/event/1495863,2025-02-19 11:30:09.813200,HE,NUR,S,SHZ
smi:fi.isuh/event/1495863,2025-02-19 11:30:06.787530,HE,HEL5,P,BHZ
smi:fi.isuh/event/1495863,2025-02-19 11:30:10.783750,HE,HEL5,S,BHZ
smi:fi.isuh/event/1495863,2025-02-19 11:30:07.424410,HE,KUNI,P,BHZ
smi:fi.isuh/event/1495863,2025-02-19 11:30:11.459280,HE,KUNI,S,BHZ
smi:fi.isuh/event/1495863,2025-02-19 11:30:07.445150,HE,LAUT,P,BHZ
smi:fi.isuh/event/1495863,2025-02-19 11:30:07.450000,HE,LAUT,P,BHZ
smi:fi.isuh/event/1495863,2025-02-19 11:30:11.536600,HE,LAUT,S,BHZ
smi:fi.isuh/event/1495863,2025-02-19 11:30:09.570460,HE,VUOS,P,BHZ
smi:fi.isuh/event/1495863,2025-02-19 11:30:15.329370,HE,VUOS,S,BHZ
smi:fi.isuh/event/1495865,2025-02-19 11:30:49.551220,HE,MEF,P,BHZ
smi:fi.isuh/event/1495865,2025-02-19 11:30:50.761220,HE,MEF,S,BHZ
smi:fi.isuh/event/1495865,2025-02-19 11:30:52.802310,HE,NUR,P,SHZ
smi:fi.isuh/event/1495865,2025-02-19 11:30:56.169980,HE,NUR,S,SHZ
smi:fi.isuh/event/1495865,2025-02-19 11:30:53.088560,HE,HEL5,P,BHZ
smi:fi.isuh/event/1495865,2025-02-19 11:30:57.054280,HE,HEL5,S,BHZ
smi:fi.isuh/event/1495865,2025-02-19 11:30:53.470820,HE,KUNI,P,BHZ
smi:fi.isuh/event/1495865,2025-02-19 11:30:57.476690,HE,KUNI,S,BHZ
smi:fi.isuh/event/1495865,2025-02-19 11:30:53.526240,HE,LAUT,P,BHZ
smi:fi.isuh/event/1495865,2025-02-19 11:30:57.841930,HE,LAUT,S,BHZ
smi:fi.isuh/event/1495865,2025-02-19 11:30:55.945470,HE,VUOS,P,BHZ
smi:fi.isuh/event/1495865,2025-02-19 11:31:02.156960,HE,VUOS,S,BHZ
smi:fi.isuh/event/1495872,2025-02-19 11:40:37.900000,HE,TVF,P,BHZ
smi:fi.isuh/event/1495872,2025-02-19 11:40:40.089500,HE,TVF,S,BHZ
smi:fi.isuh/event/1495872,2025-02-19 11:40:46.206650,HE,MEF,P,BHZ
smi:fi.isuh/event/1495872,2025-02-19 11:40:53.131630,HE,MEF,S,BHZ
smi:fi.isuh/event/1495872,2025-02-19 11:40:48.323480,HE,HEL5,P,BHZ
smi:fi.isuh/event/1495872,2025-02-19 11:40:56.860660,HE,HEL5,S,BHZ
smi:fi.isuh/event/1495872,2025-02-19 11:40:49.864090,HE,LAUT,P,BHZ
smi:fi.isuh/event/1495872,2025-02-19 11:40:59.543780,HE,LAUT,S,BHZ
smi:fi.isuh/event/1495872,2025-02-19 11:40:50.950970,HE,KUNI,P,BHZ
smi:fi.isuh/event/1495872,2025-02-19 11:41:00.946810,HE,KUNI,S,BHZ
smi:fi.isuh/event/1495872,2025-02-19 11:40:50.908700,HE,NUR,P,SHZ
smi:fi.isuh/event/1495872,2025-02-19 11:41:02.006080,HE,NUR,S,SHZ
smi:fi.isuh/event/1495872,2025-02-19 11:40:53.050110,HE,KORF,P,CZ
smi:fi.isuh/event/1495872,2025-02-19 11:41:06.211060,HE,KORF,S,CZ
smi:fi.isuh/event/1495872,2025-02-19 11:40:59.872870,HE,RAF,P,BHZ
smi:fi.isuh/event/1495872,2025-02-19 11:41:16.938390,HE,RAF,S,BHZ
smi:fi.isuh/event/1495872,2025-02-19 11:41:00.514430,HE,PVF,P,CZ
smi:fi.isuh/event/1495872,2025-02-19 11:41:18.221510,HE,PVF,S,CZ
smi:fi.isuh/event/1495872,2025-02-19 11:41:22.779070,HE,LOVF,S,CZ
smi:fi.isuh/event/1495872,2025-02-19 11:41:06.132780,HE,TRE03,P,CZ
smi:fi.isuh/event/1495872,2025-02-19 11:41:28.276650,HE,TRE03,S,CZ
smi:fi.isuh/event/1495853,2025-02-19 12:24:26.080000,HE,RAF,P,BHZ
smi:fi.isuh/event/1495853,2025-02-19 12:24:35.620000,HE,RAF,S,BHZ
smi:fi.isuh/event/1495853,2025-02-19 12:24:29.280000,HE,TVF,P,BHZ
smi:fi.isuh/event/1495853,2025-02-19 12:24:31.480000,HE,KORF,P,BHZ
smi:fi.isuh/event/1495853,2025-02-19 12:24:32.980000,HE,TRE03,P,BHZ
smi:fi.isuh/event/1495853,2025-02-19 12:24:47.380000,HE,TRE03,S,BHZ
smi:fi.isuh/event/1495853,2025-02-19 12:24:34.580000,HE,VUOS,P,BHZ
smi:fi.isuh/event/1495853,2025-02-19 12:24:35.340000,HE,KPF,P,BHZ
smi:fi.isuh/event/1495853,2025-02-19 12:24:38.580000,HE,PVF,P,BHZ
smi:fi.isuh/event/1495853,2025-02-19 12:24:42.300000,HE,FIA0,P,SHZ
smi:fi.isuh/event/1495853,2025-02-19 12:25:04.300000,HE,FIA0,S,SHZ
smi:fi.isuh/event/1495853,2025-02-19 12:24:44.580000,HE,KEF,P,BHZ
smi:fi.isuh/event/1495853,2025-02-19 12:25:06.660000,HE,KEF,S,BHZ
smi:fi.isuh/event/1495853,2025-02-19 12:24:45.220000,HE,ECKF,P,BHZ
smi:fi.isuh/event/1495853,2025-02-19 12:25:09.340000,HE,ECKF,S,BHZ
smi:fi.isuh/event/1495853,2025-02-19 12:24:47.980000,HE,KY17,P,BHZ
smi:fi.isuh/event/1495853,2025-02-19 12:25:13.980000,HE,KY17,S,BHZ
smi:fi.isuh/event/1495853,2025-02-19 12:24:51.280000,HE,KAF,P,BHZ
smi:fi.isuh/event/1495853,2025-02-19 12:25:18.040000,HE,KAF,S,BHZ
smi:fi.isuh/event/1495853,2025-02-19 12:25:18.430000,HE,VJF,S,BHZ
smi:fi.isuh/event/1495853,2025-02-19 12:25:25.880000,HE,VAF,S,BHZ
smi:fi.isuh/event/1495853,2025-02-19 12:25:28.760000,HE,SUF,S,BHZ
smi:fi.isuh/event/1495853,2025-02-19 12:25:47.600000,HE,NIF,S,BHZ
smi:fi.isuh/event/1495873,2025-02-19 12:45:26.483900,HE,TOF,P,BHZ
smi:fi.isuh/event/1495873,2025-02-19 12:45:35.907820,HE,TOF,S,BHZ
smi:fi.isuh/event/1495873,2025-02-19 12:45:27.964690,HE,OBF3,P,BHZ
smi:fi.isuh/event/1495873,2025-02-19 12:45:37.706570,HE,OBF3,S,BHZ
smi:fi.isuh/event/1495873,2025-02-19 12:45:27.877840,FN,RANF,P,?HZ
smi:fi.isuh/event/1495873,2025-02-19 12:45:37.855130,FN,RANF,S,?HZ
smi:fi.isuh/event/1495873,2025-02-19 12:45:34.720270,HE,OBF0,P,BHZ
smi:fi.isuh/event/1495873,2025-02-19 12:45:49.195390,HE,OBF0,S,BHZ
smi:fi.isuh/event/1495873,2025-02-19 12:45:35.262880,HE,OUF,P,BHZ
smi:fi.isuh/event/1495873,2025-02-19 12:45:50.633410,HE,OUF,S,BHZ
smi:fi.isuh/event/1495873,2025-02-19 12:45:35.736700,HE,KU2,P,SHZ
smi:fi.isuh/event/1495873,2025-02-19 12:45:51.131520,HE,KU2,S,SHZ
smi:fi.isuh/event/1495873,2025-02-19 12:45:45.082590,HE,KU1,P,SHZ
smi:fi.isuh/event/1495873,2025-02-19 12:46:07.557820,HE,KU1,S,SHZ
smi:fi.isuh/event/1495873,2025-02-19 12:45:46.046780,FN,KLF,P,BHZ
smi:fi.isuh/event/1495873,2025-02-19 12:46:09.573270,FN,KLF,S,BHZ
smi:fi.isuh/event/1495873,2025-02-19 12:45:46.805660,FN,OLKF,P,BHZ
smi:fi.isuh/event/1495873,2025-02-19 12:46:10.139100,FN,OLKF,S,BHZ
smi:fi.isuh/event/1495873,2025-02-19 12:45:48.096840,HE,KU6,P,BHZ
smi:fi.isuh/event/1495873,2025-02-19 12:46:12.998130,HE,KU6,S,BHZ
smi:fi.isuh/event/1495874,2025-02-19 13:41:20.451710,HE,ALAJF,P,?HZ
smi:fi.isuh/event/1495874,2025-02-19 13:41:27.128070,HE,ALAJF,S,?HZ
smi:fi.isuh/event/1495874,2025-02-19 13:41:23.393830,HE,OBF8,P,BHZ
smi:fi.isuh/event/1495874,2025-02-19 13:41:32.786000,HE,OBF8,S,BHZ
smi:fi.isuh/event/1495874,2025-02-19 13:41:25.374110,HE,VAF,P,BHZ
smi:fi.isuh/event/1495874,2025-02-19 13:41:35.903910,HE,VAF,S,BHZ
smi:fi.isuh/event/1495874,2025-02-19 13:41:25.770160,HE,OUF,P,BHZ
smi:fi.isuh/event/1495874,2025-02-19 13:41:36.237340,HE,OUF,S,BHZ
smi:fi.isuh/event/1495874,2025-02-19 13:41:26.675430,HE,OBF0,P,BHZ
smi:fi.isuh/event/1495874,2025-02-19 13:41:37.768220,HE,OBF0,S,BHZ
smi:fi.isuh/event/1495874,2025-02-19 13:41:33.380080,HE,OBF3,P,BHZ
smi:fi.isuh/event/1495874,2025-02-19 13:41:49.146060,HE,OBF3,S,BHZ
smi:fi.isuh/event/1495874,2025-02-19 13:41:36.561480,HE,SUF,P,BHZ
smi:fi.isuh/event/1495874,2025-02-19 13:41:54.772250,HE,SUF,S,BHZ
smi:fi.isuh/event/1495874,2025-02-19 13:41:39.121370,HE,KEF,P,?HZ
smi:fi.isuh/event/1495874,2025-02-19 13:41:59.814070,HE,KEF,S,?HZ
smi:fi.isuh/event/1495874,2025-02-19 13:41:43.057740,HE,NIF,P,BHZ
smi:fi.isuh/event/1495874,2025-02-19 13:42:06.179460,HE,NIF,S,BHZ
smi:fi.isuh/event/1495874,2025-02-19 13:41:45.006700,HE,KAF,P,?HZ
smi:fi.isuh/event/1495874,2025-02-19 13:42:09.635980,HE,KAF,S,?HZ
smi:fi.isuh/event/1495874,2025-02-19 13:41:46.135050,HE,KPF,P,BHZ
smi:fi.isuh/event/1495874,2025-02-19 13:42:11.467250,HE,KPF,S,BHZ
smi:fi.isuh/event/1496141,2025-02-19 13:55:36.534930,HE,MEF,P,BHZ
smi:fi.isuh/event/1496141,2025-02-19 13:55:37.746210,HE,MEF,S,BHZ
smi:fi.isuh/event/1496141,2025-02-19 13:55:37.746210,HE,HEL5,P,BHZ
smi:fi.isuh/event/1496141,2025-02-19 13:55:39.850800,HE,HEL5,S,BHZ
smi:fi.isuh/event/1496141,2025-02-19 13:55:38.109160,HE,LAUT,P,BHZ
smi:fi.isuh/event/1496141,2025-02-19 13:55:40.218080,HE,LAUT,S,BHZ
smi:fi.isuh/event/1496141,2025-02-19 13:55:38.109160,HE,HEL1,P,BHZ
smi:fi.isuh/event/1496141,2025-02-19 13:55:40.403670,HE,HEL1,S,BHZ
smi:fi.isuh/event/1496141,2025-02-19 13:55:38.237860,HE,KUNI,P,BHZ
smi:fi.isuh/event/1496141,2025-02-19 13:55:40.552480,HE,KUNI,S,BHZ
smi:fi.isuh/event/1496141,2025-02-19 13:55:39.928020,HE,NUR,P,SHZ
smi:fi.isuh/event/1496141,2025-02-19 13:55:43.457390,HE,NUR,S,SHZ
smi:fi.isuh/event/1496141,2025-02-19 13:55:44.188690,HE,VUOS,S,BHZ
smi:fi.isuh/event/1495862,2025-02-19 14:00:10.498020,HE,HEL1,P,BHZ
smi:fi.isuh/event/1495862,2025-02-19 14:00:12.064330,HE,HEL1,S,BHZ
smi:fi.isuh/event/1495862,2025-02-19 14:00:10.424050,HE,HEL5,P,BHZ
smi:fi.isuh/event/1495862,2025-02-19 14:00:12.064330,HE,HEL5,S,BHZ
smi:fi.isuh/event/1495862,2025-02-19 14:00:10.424050,HE,LAUT,P,BHZ
smi:fi.isuh/event/1495862,2025-02-19 14:00:12.150040,HE,LAUT,S,BHZ
smi:fi.isuh/event/1495862,2025-02-19 14:00:10.584110,HE,KUNI,P,BHZ
smi:fi.isuh/event/1495862,2025-02-19 14:00:12.297120,HE,KUNI,S,BHZ
smi:fi.isuh/event/1495862,2025-02-19 14:00:11.025340,HE,MEF,P,BHZ
smi:fi.isuh/event/1495862,2025-02-19 14:00:13.078950,HE,MEF,S,BHZ
smi:fi.isuh/event/1495862,2025-02-19 14:00:13.466170,HE,NUR,P,SHZ
smi:fi.isuh/event/1495862,2025-02-19 14:00:17.355050,HE,NUR,S,SHZ
smi:fi.isuh/event/1496140,2025-02-19 14:27:28.039120,HE,HEL5,P,BHZ
smi:fi.isuh/event/1496140,2025-02-19 14:27:29.407410,HE,HEL5,S,BHZ
smi:fi.isuh/event/1496140,2025-02-19 14:27:28.163520,HE,MEF,P,BHZ
smi:fi.isuh/event/1496140,2025-02-19 14:27:29.625100,HE,MEF,S,BHZ
smi:fi.isuh/event/1496140,2025-02-19 14:27:29.080910,HE,LAUT,P,BHZ
smi:fi.isuh/event/1496140,2025-02-19 14:27:31.201780,HE,LAUT,S,BHZ
smi:fi.isuh/event/1496140,2025-02-19 14:27:29.405040,HE,HEL1,P,BHZ
smi:fi.isuh/event/1496140,2025-02-19 14:27:31.723310,HE,HEL1,S,BHZ
smi:fi.isuh/event/1496140,2025-02-19 14:27:30.196730,HE,KUNI,P,BHZ
smi:fi.isuh/event/1496140,2025-02-19 14:27:33.147100,HE,KUNI,S,BHZ
smi:fi.isuh/event/1496140,2025-02-19 14:27:31.776220,HE,VUOS,P,BHZ
smi:fi.isuh/event/1496140,2025-02-19 14:27:35.263020,HE,VUOS,S,BHZ
smi:fi.isuh/event/1496140,2025-02-19 14:27:33.012130,HE,NUR,P,SHZ
smi:fi.isuh/event/1496140,2025-02-19 14:27:37.810210,HE,NUR,S,SHZ
smi:fi.isuh/event/1495866,2025-02-19 15:28:19.883800,HE,MEF,P,BHZ
smi:fi.isuh/event/1495866,2025-02-19 15:28:21.155280,HE,MEF,S,BHZ
smi:fi.isuh/event/1495866,2025-02-19 15:28:22.976230,HE,NUR,P,SHZ
smi:fi.isuh/event/1495866,2025-02-19 15:28:26.374020,HE,NUR,S,SHZ
smi:fi.isuh/event/1495866,2025-02-19 15:28:23.324720,HE,HEL5,P,BHZ
smi:fi.isuh/event/1495866,2025-02-19 15:28:26.949380,HE,HEL5,S,BHZ
smi:fi.isuh/event/1495866,2025-02-19 15:28:23.736400,HE,KUNI,P,BHZ
smi:fi.isuh/event/1495866,2025-02-19 15:28:28.067740,HE,KUNI,S,BHZ
smi:fi.isuh/event/1495866,2025-02-19 15:28:23.736400,HE,LAUT,P,BHZ
smi:fi.isuh/event/1495866,2025-02-19 15:28:27.815430,HE,LAUT,S,BHZ
smi:fi.isuh/event/1495866,2025-02-19 15:28:28.064290,HE,HEL1,S,BHZ
smi:fi.isuh/event/1495866,2025-02-19 15:28:30.903550,HE,VUOS,S,BHZ
smi:fi.isuh/event/1495859,2025-02-19 16:04:42.880000,FN,RAJF,P,BHZ
smi:fi.isuh/event/1495859,2025-02-19 16:05:03.240000,FN,RAJF,S,BHZ
smi:fi.isuh/event/1495859,2025-02-19 16:04:44.960000,HE,KEV,P,BHZ
smi:fi.isuh/event/1495859,2025-02-19 16:05:02.800000,HE,KEV,S,BHZ
smi:fi.isuh/event/1495859,2025-02-19 16:04:51.380000,HE,VRF,P,BHZ
smi:fi.isuh/event/1495859,2025-02-19 16:05:14.760000,HE,VRF,S,BHZ
smi:fi.isuh/event/1495859,2025-02-19 16:05:42.760000,HE,HEF,S,BHZ
smi:fi.isuh/event/1495971,2025-02-20 07:29:50.334030,HE,TRE03,P,CZ
smi:fi.isuh/event/1495971,2025-02-20 07:29:56.418620,HE,TRE03,S,CZ
smi:fi.isuh/event/1495971,2025-02-20 07:29:59.299680,HE,KPF,P,BHZ
smi:fi.isuh/event/1495971,2025-02-20 07:30:11.741810,HE,KPF,S,BHZ
smi:fi.isuh/event/1495971,2025-02-20 07:30:11.650320,HE,NUR,S,SHZ
smi:fi.isuh/event/1495971,2025-02-20 07:29:59.395490,HE,RAF,P,BHZ
smi:fi.isuh/event/1495971,2025-02-20 07:30:11.741810,HE,RAF,S,BHZ
smi:fi.isuh/event/1495971,2025-02-20 07:30:02.318730,HE,KEF,P,?HZ
smi:fi.isuh/event/1495971,2025-02-20 07:30:15.548760,HE,KEF,S,?HZ
smi:fi.isuh/event/1495971,2025-02-20 07:30:03.050620,HE,MEF,P,BHZ
smi:fi.isuh/event/1495971,2025-02-20 07:30:17.596920,HE,MEF,S,BHZ
smi:fi.isuh/event/1495971,2025-02-20 07:30:04.148450,HE,FIA0,P,?HZ
smi:fi.isuh/event/1495971,2025-02-20 07:30:19.609620,HE,FIA0,S,?HZ
smi:fi.isuh/event/1495971,2025-02-20 07:30:04.148450,HE,FIA1,P,?HZ
smi:fi.isuh/event/1495971,2025-02-20 07:30:19.445900,HE,FIA1,S,?HZ
smi:fi.isuh/event/1495971,2025-02-20 07:30:22.720150,HE,LAUT,S,BHZ
smi:fi.isuh/event/1495971,2025-02-20 07:30:05.978170,HE,HEL5,P,BHZ
smi:fi.isuh/event/1495971,2025-02-20 07:30:23.177580,HE,HEL5,S,BHZ
smi:fi.isuh/event/1495971,2025-02-20 07:30:07.076010,HE,PVF,P,CZ
smi:fi.isuh/event/1495971,2025-02-20 07:30:23.177580,HE,PVF,S,CZ
smi:fi.isuh/event/1495971,2025-02-20 07:30:09.820160,HE,KAF,P,?HZ
smi:fi.isuh/event/1495971,2025-02-20 07:30:30.094200,HE,KAF,S,?HZ
smi:fi.isuh/event/1495971,2025-02-20 07:30:10.589040,HE,LOVF,P,CZ
smi:fi.isuh/event/1495971,2025-02-20 07:30:31.015770,HE,LOVF,S,CZ
smi:fi.isuh/event/1495971,2025-02-20 07:30:11.234630,HE,KORF,P,CZ
smi:fi.isuh/event/1495971,2025-02-20 07:30:30.844690,HE,KORF,S,CZ
smi:fi.isuh/event/1495971,2025-02-20 07:30:13.385750,HE,KY17,P,CZ
smi:fi.isuh/event/1495971,2025-02-20 07:30:35.165950,HE,KY17,S,CZ
smi:fi.isuh/event/1495971,2025-02-20 07:30:15.124420,HE,VAF,P,BHZ
smi:fi.isuh/event/1495971,2025-02-20 07:30:38.581010,HE,VAF,S,BHZ
smi:fi.isuh/event/1495971,2025-02-20 07:30:16.303140,HE,ALAJF,P,?HZ
smi:fi.isuh/event/1495971,2025-02-20 07:30:39.995470,HE,ALAJF,S,?HZ
smi:fi.isuh/event/1495971,2025-02-20 07:30:16.303140,HE,SUF,P,BHZ
smi:fi.isuh/event/1495971,2025-02-20 07:30:40.272960,HE,SUF,S,BHZ
smi:fi.isuh/event/1495971,2025-02-20 07:30:44.828240,HE,VJF,S,?HZ
smi:fi.isuh/event/1495956,2025-02-20 08:21:16.506890,HE,KUNI,P,BHZ
smi:fi.isuh/event/1495956,2025-02-20 08:21:17.348560,HE,KUNI,S,BHZ
smi:fi.isuh/event/1495956,2025-02-20 08:21:16.661320,HE,HEL1,P,BHZ
smi:fi.isuh/event/1495956,2025-02-20 08:21:17.796200,HE,HEL1,S,BHZ
smi:fi.isuh/event/1495956,2025-02-20 08:21:16.968240,HE,VUOS,P,BHZ
smi:fi.isuh/event/1495956,2025-02-20 08:21:17.817000,HE,VUOS,S,BHZ
smi:fi.isuh/event/1495956,2025-02-20 08:21:17.142570,HE,LAUT,P,BHZ
smi:fi.isuh/event/1495956,2025-02-20 08:21:18.520760,HE,LAUT,S,BHZ
smi:fi.isuh/event/1495956,2025-02-20 08:21:18.482270,HE,HEL5,P,BHZ
smi:fi.isuh/event/1495956,2025-02-20 08:21:20.771470,HE,HEL5,S,BHZ
smi:fi.isuh/event/1495956,2025-02-20 08:21:24.766340,HE,MEF,S,BHZ
smi:fi.isuh/event/1495956,2025-02-20 08:21:25.420480,HE,NUR,S,SHZ
smi:fi.isuh/event/1495958,2025-02-20 09:14:45.975990,HE,HEL1,P,BHZ
smi:fi.isuh/event/1495958,2025-02-20 09:14:46.468050,HE,HEL1,S,BHZ
smi:fi.isuh/event/1495958,2025-02-20 09:14:46.482110,HE,LAUT,P,BHZ
smi:fi.isuh/event/1495958,2025-02-20 09:14:47.410000,HE,LAUT,S,BHZ
smi:fi.isuh/event/1495958,2025-02-20 09:14:46.594580,HE,KUNI,P,BHZ
smi:fi.isuh/event/1495958,2025-02-20 09:14:47.536520,HE,KUNI,S,BHZ
smi:fi.isuh/event/1495958,2025-02-20 09:14:47.508410,HE,VUOS,P,BHZ
smi:fi.isuh/event/1495958,2025-02-20 09:14:48.872110,HE,VUOS,S,BHZ
smi:fi.isuh/event/1495958,2025-02-20 09:14:47.685760,HE,HEL5,P,BHZ
smi:fi.isuh/event/1495958,2025-02-20 09:14:49.414820,HE,HEL5,S,BHZ
smi:fi.isuh/event/1495958,2025-02-20 09:14:53.501320,HE,MEF,S,BHZ
smi:fi.isuh/event/1495973,2025-02-20 09:21:02.173430,HE,RAF,P,BHZ
smi:fi.isuh/event/1495973,2025-02-20 09:21:07.415190,HE,RAF,S,BHZ
smi:fi.isuh/event/1495973,2025-02-20 09:21:05.874730,HE,KORF,P,CZ
smi:fi.isuh/event/1495973,2025-02-20 09:21:12.879700,HE,KORF,S,CZ
smi:fi.isuh/event/1495973,2025-02-20 09:21:13.353010,HE,TVF,P,BHZ
smi:fi.isuh/event/1495973,2025-02-20 09:21:26.331380,HE,TVF,S,BHZ
smi:fi.isuh/event/1495973,2025-02-20 09:21:15.246240,UP,AAL,P,BHZ
smi:fi.isuh/event/1495973,2025-02-20 09:21:28.932740,UP,AAL,S,BHZ
smi:fi.isuh/event/1495973,2025-02-20 09:21:16.612690,HE,KPF,P,BHZ
smi:fi.isuh/event/1495973,2025-02-20 09:21:31.883430,HE,KPF,S,BHZ
smi:fi.isuh/event/1495973,2025-02-20 09:21:17.927390,HE,MEF,P,BHZ
smi:fi.isuh/event/1495973,2025-02-20 09:21:33.906040,HE,MEF,S,BHZ
smi:fi.isuh/event/1495973,2025-02-20 09:21:18.230790,HE,ECKF,P,CZ
smi:fi.isuh/event/1495973,2025-02-20 09:21:35.524130,HE,ECKF,S,CZ
smi:fi.isuh/event/1495973,2025-02-20 09:21:18.837570,HE,NUR,P,SHZ
smi:fi.isuh/event/1495973,2025-02-20 09:21:36.232050,HE,NUR,S,SHZ
smi:fi.isuh/event/1495973,2025-02-20 09:21:21.254570,HE,TRE03,P,CZ
smi:fi.isuh/event/1495973,2025-02-20 09:21:39.987680,HE,TRE03,S,CZ
smi:fi.isuh/event/1495973,2025-02-20 09:21:21.254570,HE,HEL5,P,BHZ
smi:fi.isuh/event/1495973,2025-02-20 09:21:40.367410,HE,HEL5,S,BHZ
smi:fi.isuh/event/1495973,2025-02-20 09:21:45.539740,HE,VUOS,S,BHZ
smi:fi.isuh/event/1495973,2025-02-20 09:21:28.987080,HE,PVF,P,CZ
smi:fi.isuh/event/1495973,2025-02-20 09:21:53.667280,HE,PVF,S,CZ
smi:fi.isuh/event/1495973,2025-02-20 09:21:31.256370,HE,KEF,P,?HZ
smi:fi.isuh/event/1495973,2025-02-20 09:21:57.649540,HE,KEF,S,?HZ
smi:fi.isuh/event/1495973,2025-02-20 09:21:58.581070,HE,LOVF,S,CZ
smi:fi.isuh/event/1495960,2025-02-20 09:33:00.548380,HE,TRE03,P,CZ
smi:fi.isuh/event/1495960,2025-02-20 09:33:02.072400,HE,TRE03,S,CZ
smi:fi.isuh/event/1495960,2025-02-20 09:33:11.579590,HE,KEF,P,?HZ
smi:fi.isuh/event/1495960,2025-02-20 09:33:20.529670,HE,KEF,S,?HZ
smi:fi.isuh/event/1495960,2025-02-20 09:33:15.920710,HE,KPF,P,BHZ
smi:fi.isuh/event/1495960,2025-02-20 09:33:27.917380,HE,KPF,S,BHZ
smi:fi.isuh/event/1495960,2025-02-20 09:33:17.262000,HE,FIA0,P,?HZ
smi:fi.isuh/event/1495960,2025-02-20 09:33:30.207830,HE,FIA0,S,?HZ
smi:fi.isuh/event/1495960,2025-02-20 09:33:17.262000,HE,FIA1,P,?HZ
smi:fi.isuh/event/1495960,2025-02-20 09:33:30.642120,HE,FIA1,S,?HZ
smi:fi.isuh/event/1495960,2025-02-20 09:33:19.693870,HE,NUR,P,SHZ
smi:fi.isuh/event/1495960,2025-02-20 09:33:34.653690,HE,NUR,S,SHZ
smi:fi.isuh/event/1495960,2025-02-20 09:33:20.613190,HE,KAF,P,?HZ
smi:fi.isuh/event/1495960,2025-02-20 09:33:36.498310,HE,KAF,S,?HZ
smi:fi.isuh/event/1495960,2025-02-20 09:33:21.031060,HE,RAF,P,BHZ
smi:fi.isuh/event/1495960,2025-02-20 09:33:37.057620,HE,RAF,S,BHZ
smi:fi.isuh/event/1495960,2025-02-20 09:33:23.789010,HE,PVF,P,CZ
smi:fi.isuh/event/1495960,2025-02-20 09:33:41.757520,HE,PVF,S,CZ
smi:fi.isuh/event/1495960,2025-02-20 09:33:24.374040,HE,MEF,P,BHZ
smi:fi.isuh/event/1495960,2025-02-20 09:33:42.760410,HE,MEF,S,BHZ
smi:fi.isuh/event/1495960,2025-02-20 09:33:26.454540,HE,SUF,P,BHZ
smi:fi.isuh/event/1495960,2025-02-20 09:33:45.690760,HE,SUF,S,BHZ
smi:fi.isuh/event/1495960,2025-02-20 09:33:45.852190,HE,LAUT,S,BHZ
smi:fi.isuh/event/1495960,2025-02-20 09:33:46.157100,HE,VUOS,S,BHZ
smi:fi.isuh/event/1495960,2025-02-20 09:33:26.786250,HE,HEL5,P,BHZ
smi:fi.isuh/event/1495960,2025-02-20 09:33:46.329280,HE,HEL5,S,BHZ
smi:fi.isuh/event/1495960,2025-02-20 09:33:27.060990,HE,ALAJF,P,?HZ
smi:fi.isuh/event/1495960,2025-02-20 09:33:46.390270,HE,ALAJF,S,?HZ
smi:fi.isuh/event/1495960,2025-02-20 09:33:27.655830,HE,VAF,P,BHZ
smi:fi.isuh/event/1495960,2025-02-20 09:33:48.022390,HE,VAF,S,BHZ
smi:fi.isuh/event/1495960,2025-02-20 09:33:28.017840,HE,LOVF,P,CZ
smi:fi.isuh/event/1495960,2025-02-20 09:33:48.817290,HE,LOVF,S,CZ
smi:fi.isuh/event/1495960,2025-02-20 09:33:28.290420,HE,KY17,P,CZ
smi:fi.isuh/event/1495960,2025-02-20 09:33:48.866150,HE,KY17,S,CZ
smi:fi.isuh/event/1495960,2025-02-20 09:33:30.858500,HE,TVF,P,BHZ
smi:fi.isuh/event/1495960,2025-02-20 09:33:54.324320,HE,TVF,S,BHZ
smi:fi.isuh/event/1495960,2025-02-20 09:33:33.118470,HE,KORF,P,CZ
smi:fi.isuh/event/1495960,2025-02-20 09:33:57.969670,HE,KORF,S,CZ
smi:fi.isuh/event/1495960,2025-02-20 09:33:35.135920,HE,VJF,P,?HZ
smi:fi.isuh/event/1495960,2025-02-20 09:34:00.466090,HE,VJF,S,?HZ
smi:fi.isuh/event/1495976,2025-02-20 11:12:35.719910,HE,VAF,P,BHZ
smi:fi.isuh/event/1495976,2025-02-20 11:12:44.676680,HE,VAF,S,BHZ
smi:fi.isuh/event/1495976,2025-02-20 11:12:36.391670,HE,KEF,P,?HZ
smi:fi.isuh/event/1495976,2025-02-20 11:12:45.631780,HE,KEF,S,?HZ
smi:fi.isuh/event/1495976,2025-02-20 11:12:36.503620,HE,ALAJF,P,?HZ
smi:fi.isuh/event/1495976,2025-02-20 11:12:46.244120,HE,ALAJF,S,?HZ
smi:fi.isuh/event/1495976,2025-02-20 11:12:39.414320,HE,KPF,P,BHZ
smi:fi.isuh/event/1495976,2025-02-20 11:12:50.802600,HE,KPF,S,BHZ
smi:fi.isuh/event/1495976,2025-02-20 11:12:39.638500,HE,TRE03,P,CZ
smi:fi.isuh/event/1495976,2025-02-20 11:12:51.562200,HE,TRE03,S,CZ
smi:fi.isuh/event/1495976,2025-02-20 11:12:46.244120,HE,SUF,P,BHZ
smi:fi.isuh/event/1495976,2025-02-20 11:13:02.702190,HE,SUF,S,BHZ
smi:fi.isuh/event/1495976,2025-02-20 11:12:48.147430,HE,KAF,P,?HZ
smi:fi.isuh/event/1495976,2025-02-20 11:13:05.448430,HE,KAF,S,?HZ
smi:fi.isuh/event/1495976,2025-02-20 11:13:12.280980,HE,FIA0,S,?HZ
smi:fi.isuh/event/1495976,2025-02-20 11:13:12.757670,HE,FIA1,S,?HZ
smi:fi.isuh/event/1495976,2025-02-20 11:12:52.737780,HE,RAF,P,BHZ
smi:fi.isuh/event/1495976,2025-02-20 11:13:13.848630,HE,RAF,S,BHZ
smi:fi.isuh/event/1495976,2025-02-20 11:13:23.526690,HE,OUF,S,BHZ
smi:fi.isuh/event/1495976,2025-02-20 11:12:59.314550,HE,OBF0,P,BHZ
smi:fi.isuh/event/1495976,2025-02-20 11:13:25.516340,HE,OBF0,S,BHZ
smi:fi.isuh/event/1495978,2025-02-20 11:27:35.477120,HE,MEF,P,BHZ
smi:fi.isuh/event/1495978,2025-02-20 11:27:36.715410,HE,MEF,S,BHZ
smi:fi.isuh/event/1495978,2025-02-20 11:27:36.684740,HE,HEL5,P,BHZ
smi:fi.isuh/event/1495978,2025-02-20 11:27:38.974290,HE,HEL5,S,BHZ
smi:fi.isuh/event/1495978,2025-02-20 11:27:37.152500,HE,LAUT,P,BHZ
smi:fi.isuh/event/1495978,2025-02-20 11:27:39.540520,HE,LAUT,S,BHZ
smi:fi.isuh/event/1495978,2025-02-20 11:27:37.152500,HE,HEL1,P,BHZ
smi:fi.isuh/event/1495978,2025-02-20 11:27:39.614380,HE,HEL1,S,BHZ
smi:fi.isuh/event/1495978,2025-02-20 11:27:37.226350,HE,KUNI,P,BHZ
smi:fi.isuh/event/1495978,2025-02-20 11:27:39.762090,HE,KUNI,S,BHZ
smi:fi.isuh/event/1495978,2025-02-20 11:27:38.851200,HE,NUR,P,SHZ
smi:fi.isuh/event/1495978,2025-02-20 11:27:42.494780,HE,NUR,S,SHZ
smi:fi.isuh/event/1495978,2025-02-20 11:27:39.491930,HE,VUOS,P,BHZ
smi:fi.isuh/event/1495978,2025-02-20 11:27:43.644960,HE,VUOS,S,BHZ
smi:fi.isuh/event/1495979,2025-02-20 11:36:51.971220,HE,MEF,P,BHZ
smi:fi.isuh/event/1495979,2025-02-20 11:36:53.738680,HE,MEF,S,BHZ
smi:fi.isuh/event/1495979,2025-02-20 11:36:54.042110,HE,HEL5,P,BHZ
smi:fi.isuh/event/1495979,2025-02-20 11:36:57.597100,HE,HEL5,S,BHZ
smi:fi.isuh/event/1495979,2025-02-20 11:36:55.157350,HE,LAUT,P,BHZ
smi:fi.isuh/event/1495979,2025-02-20 11:36:59.323740,HE,LAUT,S,BHZ
smi:fi.isuh/event/1495979,2025-02-20 11:36:55.235960,HE,HEL1,P,BHZ
smi:fi.isuh/event/1495979,2025-02-20 11:37:00.031240,HE,HEL1,S,BHZ
smi:fi.isuh/event/1495979,2025-02-20 11:36:56.572350,HE,KUNI,P,BHZ
smi:fi.isuh/event/1495979,2025-02-20 11:37:01.603470,HE,KUNI,S,BHZ
smi:fi.isuh/event/1495979,2025-02-20 11:36:57.672910,HE,NUR,P,SHZ
smi:fi.isuh/event/1495979,2025-02-20 11:37:03.246090,HE,NUR,S,SHZ
smi:fi.isuh/event/1495979,2025-02-20 11:37:06.612330,HE,PVF,P,CZ
smi:fi.isuh/event/1495979,2025-02-20 11:37:17.339950,HE,PVF,S,CZ
smi:fi.isuh/event/1495979,2025-02-20 11:37:09.170000,HE,LOVF,P,CZ
smi:fi.isuh/event/1495979,2025-02-20 11:37:23.466440,HE,LOVF,S,CZ
smi:fi.isuh/event/1495979,2025-02-20 11:37:14.197660,HE,KORF,P,CZ
smi:fi.isuh/event/1495979,2025-02-20 11:37:32.548620,HE,KORF,S,CZ
smi:fi.isuh/event/1495979,2025-02-20 11:37:17.204110,HE,TRE03,P,CZ
smi:fi.isuh/event/1495979,2025-02-20 11:37:36.359730,HE,TRE03,S,CZ
smi:fi.isuh/event/1495979,2025-02-20 11:37:17.204110,HE,RAF,P,BHZ
smi:fi.isuh/event/1495979,2025-02-20 11:37:37.340660,HE,RAF,S,BHZ
smi:fi.isuh/event/1495979,2025-02-20 11:37:18.722340,HE,FIA0,P,?HZ
smi:fi.isuh/event/1495979,2025-02-20 11:37:39.817770,HE,FIA0,S,?HZ
smi:fi.isuh/event/1495979,2025-02-20 11:37:18.882150,HE,FIA1,P,?HZ
smi:fi.isuh/event/1495979,2025-02-20 11:37:39.338330,HE,FIA1,S,?HZ
smi:fi.isuh/event/1495979,2025-02-20 11:37:39.932710,HE,KY17,S,CZ
smi:fi.isuh/event/1495979,2025-02-20 11:37:20.320480,HE,VJF,P,?HZ
smi:fi.isuh/event/1495979,2025-02-20 11:37:42.341360,HE,VJF,S,?HZ
smi:fi.isuh/event/1495979,2025-02-20 11:37:25.280110,HE,KPF,P,BHZ
smi:fi.isuh/event/1495979,2025-02-20 11:37:51.127340,HE,KPF,S,BHZ
smi:fi.isuh/event/1495979,2025-02-20 11:37:26.008770,HE,KEF,P,?HZ
smi:fi.isuh/event/1495979,2025-02-20 11:37:52.783400,HE,KEF,S,?HZ
smi:fi.isuh/event/1495982,2025-02-20 11:47:06.344410,HE,TRE03,P,CZ
smi:fi.isuh/event/1495982,2025-02-20 11:47:11.288390,HE,TRE03,S,CZ
smi:fi.isuh/event/1495982,2025-02-20 11:47:07.810750,HE,KEF,P,?HZ
smi:fi.isuh/event/1495982,2025-02-20 11:47:13.205390,HE,KEF,S,?HZ
smi:fi.isuh/event/1495982,2025-02-20 11:47:18.691460,HE,KPF,P,BHZ
smi:fi.isuh/event/1495982,2025-02-20 11:47:31.941090,HE,KPF,S,BHZ
smi:fi.isuh/event/1495982,2025-02-20 11:47:19.298680,HE,KAF,P,?HZ
smi:fi.isuh/event/1495982,2025-02-20 11:47:32.712190,HE,KAF,S,?HZ
smi:fi.isuh/event/1495982,2025-02-20 11:47:19.643470,HE,FIA0,P,?HZ
smi:fi.isuh/event/1495982,2025-02-20 11:47:32.860540,HE,FIA0,S,?HZ
smi:fi.isuh/event/1495982,2025-02-20 11:47:19.643470,HE,FIA1,P,?HZ
smi:fi.isuh/event/1495982,2025-02-20 11:47:33.320260,HE,FIA1,S,?HZ
smi:fi.isuh/event/1495982,2025-02-20 11:47:22.516750,HE,ALAJF,P,?HZ
smi:fi.isuh/event/1495982,2025-02-20 11:47:37.687640,HE,ALAJF,S,?HZ
smi:fi.isuh/event/1495982,2025-02-20 11:47:22.861540,HE,SUF,P,BHZ
smi:fi.isuh/event/1495982,2025-02-20 11:47:38.559440,HE,SUF,S,BHZ
smi:fi.isuh/event/1495982,2025-02-20 11:47:24.700440,HE,VAF,P,BHZ
smi:fi.isuh/event/1495982,2025-02-20 11:47:41.337620,HE,VAF,S,BHZ
smi:fi.isuh/event/1495982,2025-02-20 11:47:46.767200,HE,NUR,S,SHZ
smi:fi.isuh/event/1495982,2025-02-20 11:47:26.999060,HE,RAF,P,BHZ
smi:fi.isuh/event/1495982,2025-02-20 11:47:46.652260,HE,RAF,S,BHZ
smi:fi.isuh/event/1495982,2025-02-20 11:47:30.264350,HE,PVF,P,CZ
smi:fi.isuh/event/1495982,2025-02-20 11:47:50.656950,HE,PVF,S,CZ
smi:fi.isuh/event/1495982,2025-02-20 11:47:54.390810,HE,MEF,S,BHZ
smi:fi.isuh/event/1495982,2025-02-20 11:47:33.372020,HE,LOVF,P,CZ
smi:fi.isuh/event/1495982,2025-02-20 11:47:56.722850,HE,LOVF,S,CZ
smi:fi.isuh/event/1495982,2025-02-20 11:47:56.929640,HE,VUOS,S,BHZ
smi:fi.isuh/event/1495982,2025-02-20 11:47:57.157570,HE,LAUT,S,BHZ
smi:fi.isuh/event/1495982,2025-02-20 11:47:57.898260,HE,HEL5,S,BHZ
smi:fi.isuh/event/1495982,2025-02-20 11:48:05.278420,HE,VJF,S,?HZ
smi:fi.isuh/event/1495982,2025-02-20 11:47:39.783140,HE,KORF,P,CZ
smi:fi.isuh/event/1495982,2025-02-20 11:48:07.482170,HE,KORF,S,CZ
smi:fi.isuh/event/1495968,2025-02-20 12:04:12.120000,HE,KORF,P,BHZ
smi:fi.isuh/event/1495968,2025-02-20 12:04:17.860000,HE,KORF,S,BHZ
smi:fi.isuh/event/1495968,2025-02-20 12:04:16.620000,HE,TVF,P,BHZ
smi:fi.isuh/event/1495968,2025-02-20 12:04:24.920000,HE,TVF,S,BHZ
smi:fi.isuh/event/1495968,2025-02-20 12:04:18.230000,HE,RAF,P,BHZ
smi:fi.isuh/event/1495968,2025-02-20 12:04:28.240000,HE,RAF,S,BHZ
smi:fi.isuh/event/1495968,2025-02-20 12:04:24.180000,HE,MEF,P,BHZ
smi:fi.isuh/event/1495968,2025-02-20 12:04:46.160000,UP,AAL,S,BHZ
smi:fi.isuh/event/1495968,2025-02-20 12:04:29.650000,HE,ECKF,P,BHZ
smi:fi.isuh/event/1495968,2025-02-20 12:04:51.380000,HE,ECKF,S,BHZ
smi:fi.isuh/event/1495968,2025-02-20 12:04:31.730000,HE,VUOS,P,BHZ
smi:fi.isuh/event/1495968,2025-02-20 12:04:32.030000,HE,KPF,P,BHZ
smi:fi.isuh/event/1495968,2025-02-20 12:04:52.780000,HE,KPF,S,BHZ
smi:fi.isuh/event/1495968,2025-02-20 12:04:34.180000,HE,TRE03,P,BHZ
smi:fi.isuh/event/1495968,2025-02-20 12:04:42.300000,HE,FIA0,P,SHZ
smi:fi.isuh/event/1495968,2025-02-20 12:05:14.000000,HE,KEF,S,BHZ
smi:fi.isuh/event/1495983,2025-02-20 12:14:08.758790,HE,TRE03,P,CZ
smi:fi.isuh/event/1495983,2025-02-20 12:14:16.832930,HE,TRE03,S,CZ
smi:fi.isuh/event/1495983,2025-02-20 12:14:09.154580,HE,NUR,P,SHZ
smi:fi.isuh/event/1495983,2025-02-20 12:14:17.152590,HE,NUR,S,SHZ
smi:fi.isuh/event/1495983,2025-02-20 12:14:09.249740,HE,FIA0,P,?HZ
smi:fi.isuh/event/1495983,2025-02-20 12:14:17.697620,HE,FIA0,S,?HZ
smi:fi.isuh/event/1495983,2025-02-20 12:14:09.431420,HE,FIA1,P,?HZ
smi:fi.isuh/event/1495983,2025-02-20 12:14:17.697620,HE,FIA1,S,?HZ
smi:fi.isuh/event/1495983,2025-02-20 12:14:11.339000,HE,PVF,P,CZ
smi:fi.isuh/event/1495983,2025-02-20 12:14:20.354830,HE,PVF,S,CZ
smi:fi.isuh/event/1495983,2025-02-20 12:14:14.064120,HE,KY02,P,CZ
smi:fi.isuh/event/1495983,2025-02-20 12:14:26.064820,HE,KY02,S,CZ
smi:fi.isuh/event/1495983,2025-02-20 12:14:14.972500,HE,LOVF,P,CZ
smi:fi.isuh/event/1495983,2025-02-20 12:14:26.797790,HE,LOVF,S,CZ
smi:fi.isuh/event/1495983,2025-02-20 12:14:14.790820,HE,MEF,P,BHZ
smi:fi.isuh/event/1495983,2025-02-20 12:14:27.417220,HE,MEF,S,BHZ
smi:fi.isuh/event/1495983,2025-02-20 12:14:16.153380,HE,HEL5,P,BHZ
smi:fi.isuh/event/1495983,2025-02-20 12:14:29.313560,HE,HEL5,S,BHZ
smi:fi.isuh/event/1495983,2025-02-20 12:14:16.920090,HE,KEF,P,?HZ
smi:fi.isuh/event/1495983,2025-02-20 12:14:30.703580,HE,KEF,S,?HZ
smi:fi.isuh/event/1495983,2025-02-20 12:14:19.151020,HE,KAF,P,?HZ
smi:fi.isuh/event/1495983,2025-02-20 12:14:34.798400,HE,KAF,S,?HZ
smi:fi.isuh/event/1495983,2025-02-20 12:14:22.966190,HE,VJF,P,?HZ
smi:fi.isuh/event/1495983,2025-02-20 12:14:41.315340,HE,VJF,S,?HZ
smi:fi.isuh/event/1495983,2025-02-20 12:14:25.600470,HE,TVF,P,BHZ
smi:fi.isuh/event/1495983,2025-02-20 12:14:45.560900,HE,TVF,S,BHZ
smi:fi.isuh/event/1495983,2025-02-20 12:14:25.866930,HE,RAF,P,BHZ
smi:fi.isuh/event/1495983,2025-02-20 12:14:45.798380,HE,RAF,S,BHZ
smi:fi.isuh/event/1495983,2025-02-20 12:14:25.600470,HE,KPF,P,BHZ
smi:fi.isuh/event/1495983,2025-02-20 12:14:45.990430,HE,KPF,S,BHZ
smi:fi.isuh/event/1495983,2025-02-20 12:14:28.399560,HE,SUF,P,BHZ
smi:fi.isuh/event/1495983,2025-02-20 12:14:50.419840,HE,SUF,S,BHZ
smi:fi.isuh/event/1495983,2025-02-20 12:14:32.415870,HE,RUF,P,BHZ
smi:fi.isuh/event/1495983,2025-02-20 12:14:57.406530,HE,RUF,S,BHZ
smi:fi.isuh/event/1495983,2025-02-20 12:14:32.957870,HE,KORF,P,CZ
smi:fi.isuh/event/1495983,2025-02-20 12:14:58.276840,HE,KORF,S,CZ
smi:fi.isuh/event/1495983,2025-02-20 12:14:34.365410,HE,ALAJF,P,?HZ
smi:fi.isuh/event/1495983,2025-02-20 12:15:00.417140,HE,ALAJF,S,?HZ
smi:fi.isuh/event/1495984,2025-02-20 12:41:46.394420,HE,HEL5,P,BHZ
smi:fi.isuh/event/1495984,2025-02-20 12:41:47.469810,HE,HEL5,S,BHZ
smi:fi.isuh/event/1495984,2025-02-20 12:41:46.687710,HE,LAUT,P,BHZ
smi:fi.isuh/event/1495984,2025-02-20 12:41:48.325240,HE,LAUT,S,BHZ
smi:fi.isuh/event/1495984,2025-02-20 12:41:46.785470,HE,HEL1,P,BHZ
smi:fi.isuh/event/1495984,2025-02-20 12:41:48.423000,HE,HEL1,S,BHZ
smi:fi.isuh/event/1495984,2025-02-20 12:41:46.932120,HE,MEF,P,BHZ
smi:fi.isuh/event/1495984,2025-02-20 12:41:48.642970,HE,MEF,S,BHZ
smi:fi.isuh/event/1495984,2025-02-20 12:41:47.298730,HE,KUNI,P,BHZ
smi:fi.isuh/event/1495984,2025-02-20 12:41:49.253990,HE,KUNI,S,BHZ
smi:fi.isuh/event/1495984,2025-02-20 12:41:49.107340,HE,VUOS,P,BHZ
smi:fi.isuh/event/1495984,2025-02-20 12:41:52.309080,HE,VUOS,S,BHZ
smi:fi.isuh/event/1495984,2025-02-20 12:41:54.152080,HE,NUR,S,SHZ
smi:fi.isuh/event/1495987,2025-02-20 13:17:12.093570,HE,ALAJF,P,?HZ
smi:fi.isuh/event/1495987,2025-02-20 13:17:12.384250,HE,ALAJF,S,?HZ
smi:fi.isuh/event/1495987,2025-02-20 13:17:23.525630,HE,VAF,P,BHZ
smi:fi.isuh/event/1495987,2025-02-20 13:17:31.520160,HE,VAF,S,BHZ
smi:fi.isuh/event/1495987,2025-02-20 13:17:31.072710,HE,KEF,P,?HZ
smi:fi.isuh/event/1495987,2025-02-20 13:17:44.620480,HE,KEF,S,?HZ
smi:fi.isuh/event/1495987,2025-02-20 13:17:31.120440,HE,SUF,P,BHZ
smi:fi.isuh/event/1495987,2025-02-20 13:17:44.555510,HE,SUF,S,BHZ
smi:fi.isuh/event/1495987,2025-02-20 13:17:34.851220,HE,OBF8,P,BHZ
smi:fi.isuh/event/1495987,2025-02-20 13:17:49.641090,HE,OBF8,S,BHZ
smi:fi.isuh/event/1495987,2025-02-20 13:17:34.981010,HE,OUF,P,BHZ
smi:fi.isuh/event/1495987,2025-02-20 13:17:51.741290,HE,OUF,S,BHZ
smi:fi.isuh/event/1495987,2025-02-20 13:17:37.211570,HE,OBF0,P,BHZ
smi:fi.isuh/event/1495987,2025-02-20 13:17:54.576450,HE,OBF0,S,BHZ
smi:fi.isuh/event/1495987,2025-02-20 13:17:57.367080,HE,KAF,S,?HZ
smi:fi.isuh/event/1495987,2025-02-20 13:17:59.291190,HE,TRE03,S,CZ
smi:fi.isuh/event/1495987,2025-02-20 13:18:01.202060,HE,KPF,S,BHZ
smi:fi.isuh/event/1495987,2025-02-20 13:18:04.648860,HE,OBF3,S,BHZ
smi:fi.isuh/event/1495987,2025-02-20 13:18:04.885760,HE,NIF,S,BHZ
smi:fi.isuh/event/1495987,2025-02-20 13:18:11.835730,HE,FIA1,S,?HZ
smi:fi.isuh/event/1495987,2025-02-20 13:18:11.590310,HE,FIA0,S,?HZ
smi:fi.isuh/event/1495957,2025-02-20 13:55:46.114410,HE,KY02,P,CZ
smi:fi.isuh/event/1495957,2025-02-20 13:55:48.160020,HE,KY02,S,CZ
smi:fi.isuh/event/1495957,2025-02-20 13:55:48.032170,HE,KY17,P,CZ
smi:fi.isuh/event/1495957,2025-02-20 13:55:50.972750,HE,KY17,S,CZ
smi:fi.isuh/event/1495957,2025-02-20 13:55:51.771820,HE,LOVF,P,CZ
smi:fi.isuh/event/1495957,2025-02-20 13:55:57.360940,HE,LOVF,S,CZ
smi:fi.isuh/event/1495957,2025-02-20 13:55:52.123410,HE,PVF,P,CZ
smi:fi.isuh/event/1495957,2025-02-20 13:55:58.324190,HE,PVF,S,CZ
smi:fi.isuh/event/1495957,2025-02-20 13:55:54.137060,HE,VJF,P,?HZ
smi:fi.isuh/event/1495957,2025-02-20 13:56:01.696230,HE,VJF,S,?HZ
smi:fi.isuh/event/1495957,2025-02-20 13:55:55.095950,HE,FIA0,P,?HZ
smi:fi.isuh/event/1495957,2025-02-20 13:56:03.118600,HE,FIA0,S,?HZ
smi:fi.isuh/event/1495957,2025-02-20 13:55:55.095950,HE,FIA1,P,?HZ
smi:fi.isuh/event/1495957,2025-02-20 13:56:03.310380,HE,FIA1,S,?HZ
smi:fi.isuh/event/1495957,2025-02-20 13:56:01.458920,HE,VUOS,P,BHZ
smi:fi.isuh/event/1495957,2025-02-20 13:56:13.897190,HE,VUOS,S,BHZ
smi:fi.isuh/event/1495957,2025-02-20 13:56:14.645940,HE,NUR,S,SHZ
smi:fi.isuh/event/1495957,2025-02-20 13:56:22.186560,HE,KAF,S,?HZ
smi:fi.isuh/event/1495957,2025-02-20 13:56:23.211530,HE,RUF,S,BHZ
smi:fi.isuh/event/1495957,2025-02-20 13:56:08.325080,HE,TRE03,P,CZ
smi:fi.isuh/event/1495957,2025-02-20 13:56:26.174130,HE,TRE03,S,CZ
smi:fi.isuh/event/1495957,2025-02-20 13:56:11.087920,HE,KEF,P,?HZ
smi:fi.isuh/event/1495957,2025-02-20 13:56:31.517530,HE,KEF,S,?HZ
smi:fi.isuh/event/1495957,2025-02-20 13:56:40.643340,HE,SUF,S,BHZ
smi:fi.isuh/event/1495962,2025-02-20 14:00:06.226040,HE,HEL1,P,BHZ
smi:fi.isuh/event/1495962,2025-02-20 14:00:07.476240,HE,HEL1,S,BHZ
smi:fi.isuh/event/1495962,2025-02-20 14:00:06.330220,HE,KUNI,P,BHZ
smi:fi.isuh/event/1495962,2025-02-20 14:00:07.803670,HE,KUNI,S,BHZ
smi:fi.isuh/event/1495962,2025-02-20 14:00:06.359990,HE,LAUT,P,BHZ
smi:fi.isuh/event/1495962,2025-02-20 14:00:07.610190,HE,LAUT,S,BHZ
smi:fi.isuh/event/1495962,2025-02-20 14:00:06.359990,HE,HEL5,P,BHZ
smi:fi.isuh/event/1495962,2025-02-20 14:00:07.714370,HE,HEL5,S,BHZ
smi:fi.isuh/event/1495962,2025-02-20 14:00:08.352060,HE,VUOS,P,BHZ
smi:fi.isuh/event/1495962,2025-02-20 14:00:11.584510,HE,VUOS,S,BHZ
smi:fi.isuh/event/1495962,2025-02-20 14:00:12.600420,HE,NUR,S,SHZ
smi:fi.isuh/event/1496158,2025-02-20 14:02:58.425630,HE,MEF,P,BHZ
smi:fi.isuh/event/1496158,2025-02-20 14:02:59.467410,HE,MEF,S,BHZ
smi:fi.isuh/event/1496158,2025-02-20 14:03:01.567920,HE,NUR,P,SHZ
smi:fi.isuh/event/1496158,2025-02-20 14:03:05.102270,HE,NUR,S,SHZ
smi:fi.isuh/event/1496158,2025-02-20 14:03:01.921780,HE,HEL5,P,BHZ
smi:fi.isuh/event/1496158,2025-02-20 14:03:05.452030,HE,HEL5,S,BHZ
smi:fi.isuh/event/1496158,2025-02-20 14:03:02.244810,HE,KUNI,P,BHZ
smi:fi.isuh/event/1496158,2025-02-20 14:03:06.236540,HE,KUNI,S,BHZ
smi:fi.isuh/event/1496158,2025-02-20 14:03:02.355650,HE,LAUT,P,BHZ
smi:fi.isuh/event/1496158,2025-02-20 14:03:06.361390,HE,LAUT,S,BHZ
smi:fi.isuh/event/1496158,2025-02-20 14:03:02.293550,HE,HEL1,P,BHZ
smi:fi.isuh/event/1496158,2025-02-20 14:03:06.392440,HE,HEL1,S,BHZ
smi:fi.isuh/event/1496158,2025-02-20 14:03:04.907970,HE,VUOS,P,BHZ
smi:fi.isuh/event/1496158,2025-02-20 14:03:10.179090,HE,VUOS,S,BHZ
smi:fi.isuh/event/1495991,2025-02-20 15:07:28.880000,HE,TOF,P,BHZ
smi:fi.isuh/event/1495991,2025-02-20 15:07:43.680000,HE,TOF,S,BHZ
smi:fi.isuh/event/1495991,2025-02-20 15:07:37.420000,HE,OBF3,P,BHZ
smi:fi.isuh/event/1495991,2025-02-20 15:08:00.020000,HE,OBF3,S,BHZ
smi:fi.isuh/event/1495991,2025-02-20 15:07:39.180000,HE,OBF8,P,BHZ
smi:fi.isuh/event/1495991,2025-02-20 15:07:39.680000,HE,OBF0,P,BHZ
smi:fi.isuh/event/1495991,2025-02-20 15:07:39.880000,FN,KLF,P,BHZ
smi:fi.isuh/event/1495991,2025-02-20 15:08:02.560000,FN,KLF,S,BHZ
smi:fi.isuh/event/1495991,2025-02-20 15:07:43.380000,HE,OUF,P,BHZ
smi:fi.isuh/event/1495991,2025-02-20 15:07:45.580000,FN,RANF,P,BHZ
smi:fi.isuh/event/1495991,2025-02-20 15:08:12.560000,FN,RANF,S,BHZ
smi:fi.isuh/event/1495991,2025-02-20 15:07:55.480000,HE,KU2,P,BHZ
smi:fi.isuh/event/1495991,2025-02-20 15:08:32.680000,HE,HEF,S,BHZ
smi:fi.isuh/event/1495991,2025-02-20 15:07:56.280000,HE,VAF,P,BHZ
smi:fi.isuh/event/1495991,2025-02-20 15:08:34.760000,HE,VAF,S,BHZ
smi:fi.isuh/event/1495991,2025-02-20 15:08:00.080000,FN,OLKF,P,BHZ
smi:fi.isuh/event/1495991,2025-02-20 15:08:38.840000,FN,OLKF,S,BHZ
smi:fi.isuh/event/1495991,2025-02-20 15:08:41.440000,HE,KU1,S,BHZ
smi:fi.isuh/event/1495991,2025-02-20 15:08:51.080000,HE,KIF,S,BHZ
smi:fi.isuh/event/1495991,2025-02-20 15:08:04.280000,HE,KU6,P,BHZ
smi:fi.isuh/event/1495991,2025-02-20 15:08:44.140000,HE,KU6,S,BHZ
smi:fi.isuh/event/1495991,2025-02-20 15:08:10.180000,HE,SUF,P,BHZ
smi:fi.isuh/event/1495991,2025-02-20 15:08:06.580000,HE,VRF,P,BHZ
smi:fi.isuh/event/1495991,2025-02-20 15:08:55.340000,HE,VRF,S,BHZ
smi:fi.isuh/event/1495991,2025-02-20 15:08:08.130000,FN,RAJF,P,BHZ
smi:fi.isuh/event/1495991,2025-02-20 15:08:17.280000,HE,KAF,P,BHZ
smi:fi.isuh/event/1496149,2025-02-20 15:29:56.588050,HE,HEL5,P,BHZ
smi:fi.isuh/event/1496149,2025-02-20 15:29:58.247960,HE,HEL5,S,BHZ
smi:fi.isuh/event/1496149,2025-02-20 15:29:56.696900,HE,MEF,P,BHZ
smi:fi.isuh/event/1496149,2025-02-20 15:29:58.329590,HE,MEF,S,BHZ
smi:fi.isuh/event/1496149,2025-02-20 15:29:57.703730,HE,LAUT,P,BHZ
smi:fi.isuh/event/1496149,2025-02-20 15:29:59.880650,HE,LAUT,S,BHZ
smi:fi.isuh/event/1496149,2025-02-20 15:29:57.921420,HE,HEL1,P,BHZ
smi:fi.isuh/event/1496149,2025-02-20 15:30:00.424880,HE,HEL1,S,BHZ
smi:fi.isuh/event/1496149,2025-02-20 15:29:58.819400,HE,KUNI,P,BHZ
smi:fi.isuh/event/1496149,2025-02-20 15:30:01.839880,HE,KUNI,S,BHZ
smi:fi.isuh/event/1496149,2025-02-20 15:30:00.560940,HE,VUOS,P,BHZ
smi:fi.isuh/event/1496149,2025-02-20 15:30:04.506610,HE,VUOS,S,BHZ
smi:fi.isuh/event/1496149,2025-02-20 15:30:01.676610,HE,NUR,P,SHZ
smi:fi.isuh/event/1496149,2025-02-20 15:30:06.629120,HE,NUR,S,SHZ
smi:fi.isuh/event/1496148,2025-02-20 15:55:58.703090,HE,MEF,P,BHZ
smi:fi.isuh/event/1496148,2025-02-20 15:55:59.723530,HE,MEF,S,BHZ
smi:fi.isuh/event/1496148,2025-02-20 15:56:01.823130,HE,NUR,P,SHZ
smi:fi.isuh/event/1496148,2025-02-20 15:56:05.928190,HE,NUR,S,SHZ
smi:fi.isuh/event/1496148,2025-02-20 15:56:02.165220,HE,HEL5,P,BHZ
smi:fi.isuh/event/1496148,2025-02-20 15:56:05.842670,HE,HEL5,S,BHZ
smi:fi.isuh/event/1496148,2025-02-20 15:56:02.421790,HE,KUNI,P,BHZ
smi:fi.isuh/event/1496148,2025-02-20 15:56:06.327300,HE,KUNI,S,BHZ
smi:fi.isuh/event/1496148,2025-02-20 15:56:02.678360,HE,LAUT,P,BHZ
smi:fi.isuh/event/1496148,2025-02-20 15:56:06.583860,HE,LAUT,S,BHZ
smi:fi.isuh/event/1496148,2025-02-20 15:56:02.678360,HE,HEL1,P,BHZ
smi:fi.isuh/event/1496148,2025-02-20 15:56:06.783410,HE,HEL1,S,BHZ
smi:fi.isuh/event/1496148,2025-02-20 15:56:04.927410,HE,VUOS,P,BHZ
smi:fi.isuh/event/1496148,2025-02-20 15:56:10.425010,HE,VUOS,S,BHZ
smi:fi.isuh/event/1495967,2025-02-20 19:04:24.000000,HE,VRF,P,BHZ
smi:fi.isuh/event/1495967,2025-02-20 19:04:44.440000,HE,VRF,S,BHZ
smi:fi.isuh/event/1495967,2025-02-20 19:04:33.960000,FN,OLKF,P,BHZ
smi:fi.isuh/event/1495967,2025-02-20 19:05:03.080000,FN,OLKF,S,BHZ
smi:fi.isuh/event/1495967,2025-02-20 19:04:34.240000,HE,KU6,P,BHZ
smi:fi.isuh/event/1495967,2025-02-20 19:05:03.640000,HE,KU6,S,BHZ
smi:fi.isuh/event/1495967,2025-02-20 19:04:36.160000,FN,RAJF,P,BHZ
smi:fi.isuh/event/1495967,2025-02-20 19:05:01.640000,FN,RAJF,S,BHZ
smi:fi.isuh/event/1495967,2025-02-20 19:04:47.360000,HE,KEV,P,BHZ
smi:fi.isuh/event/1495967,2025-02-20 19:05:26.560000,HE,KEV,S,BHZ
smi:fi.isuh/event/1495967,2025-02-20 19:05:56.360000,HE,HEF,S,BHZ
smi:fi.isuh/event/1495981,2025-02-20 20:05:51.520000,HE,VRF,P,BHZ
smi:fi.isuh/event/1495981,2025-02-20 20:06:11.720000,HE,VRF,S,BHZ
smi:fi.isuh/event/1495981,2025-02-20 20:06:01.840000,FN,RAJF,P,BHZ
smi:fi.isuh/event/1495981,2025-02-20 20:06:02.160000,FN,OLKF,P,BHZ
smi:fi.isuh/event/1495981,2025-02-20 20:06:30.980000,FN,OLKF,S,BHZ
smi:fi.isuh/event/1495981,2025-02-20 20:06:33.300000,HE,KU6,S,BHZ
smi:fi.isuh/event/1495981,2025-02-20 20:06:46.500000,HE,KU1,S,BHZ
smi:fi.isuh/event/1495981,2025-02-20 20:06:14.680000,HE,KU2,P,BHZ
smi:fi.isuh/event/1495981,2025-02-20 20:06:15.680000,HE,KEV,P,BHZ
smi:fi.isuh/event/1495981,2025-02-20 20:06:53.760000,HE,KEV,S,BHZ
smi:fi.isuh/event/1495981,2025-02-20 20:06:18.600000,FN,RANF,P,BHZ
smi:fi.isuh/event/1495981,2025-02-20 20:07:00.560000,FN,RANF,S,BHZ
smi:fi.isuh/event/1495981,2025-02-20 20:07:10.180000,HE,HEF,S,BHZ
smi:fi.isuh/event/1495966,2025-02-20 20:14:27.720000,HE,VRF,P,BHZ
smi:fi.isuh/event/1495966,2025-02-20 20:14:48.160000,HE,VRF,S,BHZ
smi:fi.isuh/event/1495966,2025-02-20 20:14:36.560000,FN,OLKF,P,BHZ
smi:fi.isuh/event/1495966,2025-02-20 20:15:06.160000,FN,OLKF,S,BHZ
smi:fi.isuh/event/1495966,2025-02-20 20:14:37.600000,HE,KU6,P,BHZ
smi:fi.isuh/event/1495966,2025-02-20 20:15:07.280000,HE,KU6,S,BHZ
smi:fi.isuh/event/1495966,2025-02-20 20:14:36.660000,FN,RAJF,P,BHZ
smi:fi.isuh/event/1495966,2025-02-20 20:15:05.630000,FN,RAJF,S,BHZ
smi:fi.isuh/event/1495966,2025-02-20 20:14:50.940000,HE,KU2,P,BHZ
smi:fi.isuh/event/1495966,2025-02-20 20:14:54.320000,FN,RANF,P,BHZ
smi:fi.isuh/event/1495966,2025-02-20 20:15:36.200000,FN,RANF,S,BHZ
smi:fi.isuh/event/1495966,2025-02-20 20:14:50.880000,HE,KEV,P,BHZ
smi:fi.isuh/event/1495966,2025-02-20 20:15:37.640000,HE,KEV,S,BHZ
smi:fi.isuh/event/1495966,2025-02-20 20:15:08.120000,FN,KLF,P,BHZ
smi:fi.isuh/event/1495966,2025-02-20 20:15:03.440000,HE,HEF,P,BHZ
smi:fi.isuh/event/1495966,2025-02-20 20:15:43.530000,HE,HEF,S,BHZ
smi:fi.isuh/event/1495966,2025-02-20 20:15:11.520000,HE,TOF,P,BHZ
smi:fi.isuh/event/1495954,2025-02-20 23:56:45.560000,HE,VRF,P,BHZ
smi:fi.isuh/event/1495954,2025-02-20 23:57:06.000000,HE,VRF,S,BHZ
smi:fi.isuh/event/1495954,2025-02-20 23:56:55.320000,FN,OLKF,P,BHZ
smi:fi.isuh/event/1495954,2025-02-20 23:57:24.200000,FN,OLKF,S,BHZ
smi:fi.isuh/event/1495954,2025-02-20 23:56:55.840000,HE,KU6,P,BHZ
smi:fi.isuh/event/1495954,2025-02-20 23:57:25.520000,HE,KU6,S,BHZ
smi:fi.isuh/event/1495954,2025-02-20 23:56:55.160000,FN,RAJF,P,BHZ
smi:fi.isuh/event/1495954,2025-02-20 23:57:23.320000,FN,RAJF,S,BHZ
smi:fi.isuh/event/1495954,2025-02-20 23:57:12.320000,FN,RANF,P,BHZ
smi:fi.isuh/event/1495954,2025-02-20 23:57:54.640000,FN,RANF,S,BHZ
smi:fi.isuh/event/1495954,2025-02-20 23:57:08.840000,HE,KEV,P,BHZ
smi:fi.isuh/event/1495954,2025-02-20 23:57:48.320000,HE,KEV,S,BHZ
smi:fi.isuh/event/1495954,2025-02-20 23:57:26.600000,FN,KLF,P,BHZ
smi:fi.isuh/event/1495954,2025-02-20 23:58:03.560000,HE,HEF,S,BHZ
smi:fi.isuh/event/1496435,2025-02-21 09:00:09.351040,HE,HEL5,P,BHZ
smi:fi.isuh/event/1496435,2025-02-21 09:00:10.867530,HE,HEL5,S,BHZ
smi:fi.isuh/event/1496435,2025-02-21 09:00:09.315960,HE,LAUT,P,BHZ
smi:fi.isuh/event/1496435,2025-02-21 09:00:11.054480,HE,LAUT,S,BHZ
smi:fi.isuh/event/1496435,2025-02-21 09:00:09.327140,HE,KUNI,P,BHZ
smi:fi.isuh/event/1496435,2025-02-21 09:00:11.039330,HE,KUNI,S,BHZ
smi:fi.isuh/event/1496435,2025-02-21 09:00:09.862160,HE,MEF,P,BHZ
smi:fi.isuh/event/1496435,2025-02-21 09:00:12.015090,HE,MEF,S,BHZ
smi:fi.isuh/event/1496435,2025-02-21 09:00:11.602670,HE,VUOS,P,BHZ
smi:fi.isuh/event/1496435,2025-02-21 09:00:14.688740,HE,VUOS,S,BHZ
smi:fi.isuh/event/1496435,2025-02-21 09:00:12.226620,HE,NUR,P,SHZ
smi:fi.isuh/event/1496435,2025-02-21 09:00:16.005870,HE,NUR,S,SHZ
smi:fi.isuh/event/1496435,2025-02-21 09:00:19.398450,HE,PVF,P,CZ
smi:fi.isuh/event/1496426,2025-02-21 09:11:37.565200,HE,TOF,P,BHZ
smi:fi.isuh/event/1496426,2025-02-21 09:12:04.719100,HE,TOF,S,BHZ
smi:fi.isuh/event/1496426,2025-02-21 09:11:38.209030,FN,KLF,P,BHZ
smi:fi.isuh/event/1496426,2025-02-21 09:12:05.768830,FN,KLF,S,BHZ
smi:fi.isuh/event/1496152,2025-02-21 10:00:45.680000,HE,HEL5,P,BHZ
smi:fi.isuh/event/1496152,2025-02-21 10:00:46.920000,HE,HEL5,S,BHZ
smi:fi.isuh/event/1496152,2025-02-21 10:00:45.320000,HE,MEF,P,BHZ
smi:fi.isuh/event/1496152,2025-02-21 10:00:47.380000,HE,MEF,S,BHZ
smi:fi.isuh/event/1496152,2025-02-21 10:00:46.700000,HE,LAUT,P,BHZ
smi:fi.isuh/event/1496152,2025-02-21 10:00:48.580000,HE,LAUT,S,BHZ
smi:fi.isuh/event/1496152,2025-02-21 10:00:47.030000,HE,HEL1,P,BHZ
smi:fi.isuh/event/1496152,2025-02-21 10:00:49.320000,HE,HEL1,S,BHZ
smi:fi.isuh/event/1496152,2025-02-21 10:00:47.880000,HE,KUNI,P,BHZ
smi:fi.isuh/event/1496152,2025-02-21 10:00:50.740000,HE,KUNI,S,BHZ
smi:fi.isuh/event/1496152,2025-02-21 10:00:49.590000,HE,VUOS,P,BHZ
smi:fi.isuh/event/1496152,2025-02-21 10:00:53.850000,HE,VUOS,S,BHZ
smi:fi.isuh/event/1496152,2025-02-21 10:00:50.600000,HE,NUR,P,BHZ
smi:fi.isuh/event/1496152,2025-02-21 10:00:56.580000,HE,NUR,S,BHZ
smi:fi.isuh/event/1496152,2025-02-21 10:00:57.250000,HE,TVF,P,BHZ
smi:fi.isuh/event/1496152,2025-02-21 10:00:58.120000,HE,PVF,P,BHZ
smi:fi.isuh/event/1496152,2025-02-21 10:01:08.320000,HE,PVF,S,BHZ
smi:fi.isuh/event/1496152,2025-02-21 10:01:11.320000,HE,KY17,P,BHZ
smi:fi.isuh/event/1496152,2025-02-21 10:01:12.800000,HE,FIA0,P,SHZ
smi:fi.isuh/event/1496152,2025-02-21 10:01:33.500000,HE,FIA0,S,SHZ
smi:fi.isuh/event/1496152,2025-02-21 10:01:35.040000,HE,VJF,S,BHZ
smi:fi.isuh/event/1496152,2025-02-21 10:01:13.220000,HE,KORF,P,BHZ
smi:fi.isuh/event/1496152,2025-02-21 10:01:36.460000,HE,KORF,S,BHZ
smi:fi.isuh/event/1496152,2025-02-21 10:01:13.780000,HE,RAF,P,BHZ
smi:fi.isuh/event/1496152,2025-02-21 10:01:35.640000,HE,RAF,S,BHZ
smi:fi.isuh/event/1496152,2025-02-21 10:01:21.820000,HE,KPF,P,BHZ
smi:fi.isuh/event/1496152,2025-02-21 10:01:50.580000,HE,KPF,S,BHZ
smi:fi.isuh/event/1496152,2025-02-21 10:01:54.200000,UP,AAL,S,BHZ
smi:fi.isuh/event/1496427,2025-02-21 10:59:25.800000,HE,KEV,P,BHZ
smi:fi.isuh/event/1496427,2025-02-21 10:59:37.280000,HE,KEV,S,BHZ
smi:fi.isuh/event/1496427,2025-02-21 10:59:45.360000,FN,RAJF,P,BHZ
smi:fi.isuh/event/1496427,2025-02-21 11:00:10.280000,FN,RAJF,S,BHZ
smi:fi.isuh/event/1496427,2025-02-21 10:59:57.400000,HE,HEF,P,BHZ
smi:fi.isuh/event/1496427,2025-02-21 11:00:30.720000,HE,HEF,S,BHZ
smi:fi.isuh/event/1496427,2025-02-21 11:00:33.040000,HE,VRF,S,BHZ
smi:fi.isuh/event/1496427,2025-02-21 11:01:02.040000,FN,KLF,S,BHZ
smi:fi.isuh/event/1496428,2025-02-21 11:36:13.980000,HE,NIF,P,BHZ
smi:fi.isuh/event/1496428,2025-02-21 11:36:20.080000,HE,NIF,S,BHZ
smi:fi.isuh/event/1496428,2025-02-21 11:36:25.130000,HE,SUF,P,BHZ
smi:fi.isuh/event/1496428,2025-02-21 11:36:30.270000,HE,KJNF,P,BHZ
smi:fi.isuh/event/1496428,2025-02-21 11:36:32.530000,HE,KAF,P,BHZ
smi:fi.isuh/event/1496428,2025-02-21 11:36:52.560000,HE,KAF,S,BHZ
smi:fi.isuh/event/1496428,2025-02-21 11:36:36.180000,HE,RMF,P,BHZ
smi:fi.isuh/event/1496428,2025-02-21 11:36:39.930000,HE,JOF,P,BHZ
smi:fi.isuh/event/1496428,2025-02-21 11:37:04.280000,HE,JOF,S,BHZ
smi:fi.isuh/event/1496428,2025-02-21 11:36:40.230000,HE,KEF,P,BHZ
smi:fi.isuh/event/1496428,2025-02-21 11:37:04.720000,HE,KEF,S,BHZ
smi:fi.isuh/event/1496428,2025-02-21 11:36:42.930000,HE,OUF,P,BHZ
smi:fi.isuh/event/1496428,2025-02-21 11:36:43.040000,HE,RUF,P,BHZ
smi:fi.isuh/event/1496428,2025-02-21 11:36:44.900000,HE,FIA0,P,SHZ
smi:fi.isuh/event/1496428,2025-02-21 11:37:11.000000,HE,FIA0,S,SHZ
smi:fi.isuh/event/1496428,2025-02-21 11:36:47.680000,HE,OBF0,P,BHZ
smi:fi.isuh/event/1496428,2025-02-21 11:36:48.780000,HE,OBF3,P,BHZ
smi:fi.isuh/event/1496428,2025-02-21 11:36:51.480000,HE,KY17,P,BHZ
smi:fi.isuh/event/1496428,2025-02-21 11:37:22.000000,HE,KY17,S,BHZ
smi:fi.isuh/event/1496428,2025-02-21 11:36:51.280000,HE,TRE03,P,BHZ
smi:fi.isuh/event/1496428,2025-02-21 11:36:51.680000,HE,VAF,P,BHZ
smi:fi.isuh/event/1496428,2025-02-21 11:37:21.720000,HE,VAF,S,BHZ
smi:fi.isuh/event/1496428,2025-02-21 11:36:55.080000,HE,KU1,P,BHZ
smi:fi.isuh/event/1496428,2025-02-21 11:36:54.880000,HE,KU2,P,BHZ
smi:fi.isuh/event/1496428,2025-02-21 11:36:56.560000,HE,VJF,P,BHZ
smi:fi.isuh/event/1496428,2025-02-21 11:37:31.700000,HE,VJF,S,BHZ
smi:fi.isuh/event/1496428,2025-02-21 11:37:03.720000,FN,RANF,P,BHZ
smi:fi.isuh/event/1496428,2025-02-21 11:37:40.680000,FN,RANF,S,BHZ
smi:fi.isuh/event/1496428,2025-02-21 11:37:01.780000,HE,KPF,P,BHZ
smi:fi.isuh/event/1496428,2025-02-21 11:37:40.420000,HE,KPF,S,BHZ
smi:fi.isuh/event/1496428,2025-02-21 11:37:03.180000,HE,KU6,P,BHZ
smi:fi.isuh/event/1496428,2025-02-21 11:37:51.350000,HE,HEL1,S,BHZ
smi:fi.isuh/event/1496428,2025-02-21 11:37:50.660000,HE,LAUT,S,BHZ
smi:fi.isuh/event/1496428,2025-02-21 11:37:50.730000,HE,MEF,S,BHZ
smi:fi.isuh/event/1496150,2025-02-21 11:54:11.380000,HE,RUF,P,BHZ
smi:fi.isuh/event/1496150,2025-02-21 11:54:18.680000,HE,RUF,S,BHZ
smi:fi.isuh/event/1496150,2025-02-21 11:54:11.680000,HE,KY17,P,BHZ
smi:fi.isuh/event/1496150,2025-02-21 11:54:19.580000,HE,KY17,S,BHZ
smi:fi.isuh/event/1496150,2025-02-21 11:54:11.880000,HE,VJF,P,BHZ
smi:fi.isuh/event/1496150,2025-02-21 11:54:20.140000,HE,VJF,S,BHZ
smi:fi.isuh/event/1496150,2025-02-21 11:54:21.300000,HE,FIA0,P,SHZ
smi:fi.isuh/event/1496150,2025-02-21 11:54:39.200000,HE,FIA0,S,SHZ
smi:fi.isuh/event/1496150,2025-02-21 11:54:23.080000,HE,PVF,P,BHZ
smi:fi.isuh/event/1496150,2025-02-21 11:54:40.320000,HE,PVF,S,BHZ
smi:fi.isuh/event/1496150,2025-02-21 11:54:27.780000,HE,KAF,P,BHZ
smi:fi.isuh/event/1496150,2025-02-21 11:54:46.240000,HE,KAF,S,BHZ
smi:fi.isuh/event/1496150,2025-02-21 11:54:33.330000,HE,VUOS,P,BHZ
smi:fi.isuh/event/1496150,2025-02-21 11:54:33.580000,HE,NUR,P,BHZ
smi:fi.isuh/event/1496150,2025-02-21 11:54:58.620000,HE,NUR,S,BHZ
smi:fi.isuh/event/1496150,2025-02-21 11:54:36.840000,HE,SUF,P,BHZ
smi:fi.isuh/event/1496150,2025-02-21 11:55:03.140000,HE,SUF,S,BHZ
smi:fi.isuh/event/1496150,2025-02-21 11:54:36.880000,HE,KEF,P,BHZ
smi:fi.isuh/event/1496150,2025-02-21 11:55:03.280000,HE,KEF,S,BHZ
smi:fi.isuh/event/1496150,2025-02-21 11:54:37.180000,HE,TRE03,P,BHZ
smi:fi.isuh/event/1496150,2025-02-21 11:55:05.280000,HE,TRE03,S,BHZ
smi:fi.isuh/event/1496150,2025-02-21 11:55:04.380000,HE,MEF,S,BHZ
smi:fi.isuh/event/1496150,2025-02-21 11:55:14.020000,HE,NIF,S,BHZ
smi:fi.isuh/event/1496150,2025-02-21 11:54:43.880000,HE,JOF,P,BHZ
smi:fi.isuh/event/1496150,2025-02-21 11:55:14.960000,HE,JOF,S,BHZ
smi:fi.isuh/event/1496159,2025-02-21 12:44:59.533510,HE,KORF,P,CZ
smi:fi.isuh/event/1496159,2025-02-21 12:45:06.890250,HE,KORF,S,CZ
smi:fi.isuh/event/1496159,2025-02-21 12:45:00.487090,HE,RAF,P,BHZ
smi:fi.isuh/event/1496159,2025-02-21 12:45:08.819150,HE,RAF,S,BHZ
smi:fi.isuh/event/1496159,2025-02-21 12:45:02.278240,HE,TVF,P,BHZ
smi:fi.isuh/event/1496159,2025-02-21 12:45:11.771430,HE,TVF,S,BHZ
smi:fi.isuh/event/1496159,2025-02-21 12:45:11.255870,UP,AAL,P,BHZ
smi:fi.isuh/event/1496159,2025-02-21 12:45:26.870030,UP,AAL,S,BHZ
smi:fi.isuh/event/1496159,2025-02-21 12:45:13.829220,HE,KPF,P,BHZ
smi:fi.isuh/event/1496159,2025-02-21 12:45:31.693350,HE,KPF,S,BHZ
smi:fi.isuh/event/1496159,2025-02-21 12:45:14.990390,HE,TRE03,P,CZ
smi:fi.isuh/event/1496159,2025-02-21 12:45:33.952670,HE,TRE03,S,CZ
smi:fi.isuh/event/1496159,2025-02-21 12:45:14.830670,HE,ECKF,P,CZ
smi:fi.isuh/event/1496159,2025-02-21 12:45:33.997140,HE,ECKF,S,CZ
smi:fi.isuh/event/1496159,2025-02-21 12:45:19.604130,HE,PVF,P,CZ
smi:fi.isuh/event/1496159,2025-02-21 12:45:41.676140,HE,PVF,S,CZ
smi:fi.isuh/event/1496159,2025-02-21 12:45:24.642790,HE,FIA0,P,?HZ
smi:fi.isuh/event/1496159,2025-02-21 12:45:51.634470,HE,FIA0,S,?HZ
smi:fi.isuh/event/1496159,2025-02-21 12:45:24.642790,HE,FIA1,P,?HZ
smi:fi.isuh/event/1496159,2025-02-21 12:45:51.634470,HE,FIA1,S,?HZ
smi:fi.isuh/event/1496159,2025-02-21 12:45:25.384120,HE,KEF,P,?HZ
smi:fi.isuh/event/1496159,2025-02-21 12:45:53.130300,HE,KEF,S,?HZ
smi:fi.isuh/event/1496164,2025-02-21 13:03:03.865450,HE,ALAJF,P,?HZ
smi:fi.isuh/event/1496164,2025-02-21 13:03:08.705830,HE,ALAJF,S,?HZ
smi:fi.isuh/event/1496164,2025-02-21 13:03:13.867200,HE,VAF,P,BHZ
smi:fi.isuh/event/1496164,2025-02-21 13:03:25.890190,HE,VAF,S,BHZ
smi:fi.isuh/event/1496164,2025-02-21 13:03:14.045070,HE,OUF,P,BHZ
smi:fi.isuh/event/1496164,2025-02-21 13:03:25.959580,HE,OUF,S,BHZ
smi:fi.isuh/event/1496164,2025-02-21 13:03:15.378420,HE,OBF8,P,BHZ
smi:fi.isuh/event/1496164,2025-02-21 13:03:15.831780,HE,SUF,P,BHZ
smi:fi.isuh/event/1496164,2025-02-21 13:03:29.226790,HE,SUF,S,BHZ
smi:fi.isuh/event/1496164,2025-02-21 13:03:16.587390,HE,OBF0,P,BHZ
smi:fi.isuh/event/1496164,2025-02-21 13:03:30.320180,HE,OBF0,S,BHZ
smi:fi.isuh/event/1496164,2025-02-21 13:03:20.448550,HE,KEF,P,?HZ
smi:fi.isuh/event/1496164,2025-02-21 13:03:36.944780,HE,KEF,S,?HZ
smi:fi.isuh/event/1496164,2025-02-21 13:03:22.027770,HE,OBF3,P,BHZ
smi:fi.isuh/event/1496164,2025-02-21 13:03:39.940880,HE,OBF3,S,BHZ
smi:fi.isuh/event/1496164,2025-02-21 13:03:23.740480,HE,NIF,P,BHZ
smi:fi.isuh/event/1496164,2025-02-21 13:03:43.034720,HE,NIF,S,BHZ
smi:fi.isuh/event/1496164,2025-02-21 13:03:25.251700,HE,KAF,P,?HZ
smi:fi.isuh/event/1496164,2025-02-21 13:03:45.463780,HE,KAF,S,?HZ
smi:fi.isuh/event/1496164,2025-02-21 13:03:25.503570,HE,KJNF,P,CZ
smi:fi.isuh/event/1496164,2025-02-21 13:03:46.454150,HE,KJNF,S,CZ
smi:fi.isuh/event/1496164,2025-02-21 13:03:30.236010,HE,TRE03,P,CZ
smi:fi.isuh/event/1496164,2025-02-21 13:03:53.672940,HE,TRE03,S,CZ
smi:fi.isuh/event/1496164,2025-02-21 13:03:32.696890,HE,KPF,P,BHZ
smi:fi.isuh/event/1496164,2025-02-21 13:03:57.933870,HE,KPF,S,BHZ
smi:fi.isuh/event/1496164,2025-02-21 13:03:34.273810,HE,FIA1,P,?HZ
smi:fi.isuh/event/1496164,2025-02-21 13:04:02.624770,HE,FIA1,S,?HZ
smi:fi.isuh/event/1496164,2025-02-21 13:03:34.273810,HE,FIA0,P,?HZ
smi:fi.isuh/event/1496164,2025-02-21 13:04:02.624770,HE,FIA0,S,?HZ
smi:fi.isuh/event/1496151,2025-02-21 13:12:19.160000,HE,VRF,P,BHZ
smi:fi.isuh/event/1496151,2025-02-21 13:12:24.200000,HE,VRF,S,BHZ
smi:fi.isuh/event/1496151,2025-02-21 13:12:34.580000,FN,RAJF,P,BHZ
smi:fi.isuh/event/1496151,2025-02-21 13:12:49.880000,FN,RAJF,S,BHZ
smi:fi.isuh/event/1496151,2025-02-21 13:12:36.480000,FN,OLKF,P,BHZ
smi:fi.isuh/event/1496151,2025-02-21 13:12:53.820000,FN,OLKF,S,BHZ
smi:fi.isuh/event/1496151,2025-02-21 13:12:40.830000,HE,KU6,P,BHZ
smi:fi.isuh/event/1496151,2025-02-21 13:13:02.520000,HE,KU6,S,BHZ
smi:fi.isuh/event/1496151,2025-02-21 13:12:49.180000,HE,KU1,P,BHZ
smi:fi.isuh/event/1496151,2025-02-21 13:13:15.820000,HE,KU1,S,BHZ
smi:fi.isuh/event/1496151,2025-02-21 13:12:50.180000,HE,KU2,P,BHZ
smi:fi.isuh/event/1496151,2025-02-21 13:13:16.860000,HE,KU2,S,BHZ
smi:fi.isuh/event/1496151,2025-02-21 13:12:50.520000,FN,RANF,P,BHZ
smi:fi.isuh/event/1496151,2025-02-21 13:13:17.220000,FN,RANF,S,BHZ
smi:fi.isuh/event/1496151,2025-02-21 13:12:55.030000,FN,KLF,P,BHZ
smi:fi.isuh/event/1496151,2025-02-21 13:13:29.520000,FN,KLF,S,BHZ
smi:fi.isuh/event/1496151,2025-02-21 13:12:55.410000,HE,KEV,P,BHZ
smi:fi.isuh/event/1496151,2025-02-21 13:13:27.020000,HE,KEV,S,BHZ
smi:fi.isuh/event/1496151,2025-02-21 13:13:00.080000,HE,HEF,P,BHZ
smi:fi.isuh/event/1496151,2025-02-21 13:13:33.480000,HE,HEF,S,BHZ
smi:fi.isuh/event/1496151,2025-02-21 13:13:38.960000,HE,TOF,S,BHZ
smi:fi.isuh/event/1496151,2025-02-21 13:14:13.760000,HE,KIF,S,BHZ
smi:fi.isuh/event/1496431,2025-02-21 13:19:15.160000,HE,VRF,P,BHZ
smi:fi.isuh/event/1496431,2025-02-21 13:19:20.340000,HE,VRF,S,BHZ
smi:fi.isuh/event/1496431,2025-02-21 13:19:30.630000,FN,RAJF,P,BHZ
smi:fi.isuh/event/1496431,2025-02-21 13:19:47.360000,FN,RAJF,S,BHZ
smi:fi.isuh/event/1496431,2025-02-21 13:19:32.720000,FN,OLKF,P,BHZ
smi:fi.isuh/event/1496431,2025-02-21 13:19:49.640000,FN,OLKF,S,BHZ
smi:fi.isuh/event/1496431,2025-02-21 13:19:37.030000,HE,KU6,P,BHZ
smi:fi.isuh/event/1496431,2025-02-21 13:19:57.200000,HE,KU6,S,BHZ
smi:fi.isuh/event/1496431,2025-02-21 13:19:45.180000,HE,KU1,P,BHZ
smi:fi.isuh/event/1496431,2025-02-21 13:19:45.560000,HE,KU2,P,BHZ
smi:fi.isuh/event/1496431,2025-02-21 13:19:45.980000,FN,RANF,P,BHZ
smi:fi.isuh/event/1496431,2025-02-21 13:20:13.920000,FN,RANF,S,BHZ
smi:fi.isuh/event/1496431,2025-02-21 13:19:50.980000,FN,KLF,P,BHZ
smi:fi.isuh/event/1496431,2025-02-21 13:20:25.360000,FN,KLF,S,BHZ
smi:fi.isuh/event/1496431,2025-02-21 13:19:51.560000,HE,KEV,P,BHZ
smi:fi.isuh/event/1496431,2025-02-21 13:20:24.560000,HE,KEV,S,BHZ
smi:fi.isuh/event/1496431,2025-02-21 13:19:54.330000,HE,HEF,P,BHZ
smi:fi.isuh/event/1496431,2025-02-21 13:20:30.680000,HE,HEF,S,BHZ
smi:fi.isuh/event/1496431,2025-02-21 13:19:54.800000,HE,TOF,P,BHZ
smi:fi.isuh/event/1496431,2025-02-21 13:20:35.120000,HE,TOF,S,BHZ
smi:fi.isuh/event/1496431,2025-02-21 13:20:03.760000,HE,RMF,P,BHZ
smi:fi.isuh/event/1496431,2025-02-21 13:20:41.840000,HE,RMF,S,BHZ
smi:fi.isuh/event/1496431,2025-02-21 13:20:06.580000,HE,OBF3,P,BHZ
smi:fi.isuh/event/1496431,2025-02-21 13:20:09.860000,HE,KIF,P,BHZ
smi:fi.isuh/event/1496431,2025-02-21 13:20:12.560000,HE,OBF0,P,BHZ
smi:fi.isuh/event/1496160,2025-02-21 14:15:22.874410,HE,FIA1,P,?HZ
smi:fi.isuh/event/1496160,2025-02-21 14:15:26.878110,HE,FIA1,S,?HZ
smi:fi.isuh/event/1496160,2025-02-21 14:15:22.874410,HE,FIA0,P,?HZ
smi:fi.isuh/event/1496160,2025-02-21 14:15:26.878110,HE,FIA0,S,?HZ
smi:fi.isuh/event/1496160,2025-02-21 14:15:24.093570,HE,KAF,P,?HZ
smi:fi.isuh/event/1496160,2025-02-21 14:15:28.966750,HE,KAF,S,?HZ
smi:fi.isuh/event/1496160,2025-02-21 14:15:30.920190,HE,KEF,P,?HZ
smi:fi.isuh/event/1496160,2025-02-21 14:15:40.886550,HE,KEF,S,?HZ
smi:fi.isuh/event/1496160,2025-02-21 14:15:32.864770,HE,KY02,P,CZ
smi:fi.isuh/event/1496160,2025-02-21 14:15:43.180160,HE,KY02,S,CZ
smi:fi.isuh/event/1496160,2025-02-21 14:15:34.268800,HE,KY17,P,CZ
smi:fi.isuh/event/1496160,2025-02-21 14:15:45.461090,HE,KY17,S,CZ
smi:fi.isuh/event/1496160,2025-02-21 14:15:34.607710,HE,TRE03,P,CZ
smi:fi.isuh/event/1496160,2025-02-21 14:15:47.054790,HE,TRE03,S,CZ
smi:fi.isuh/event/1496160,2025-02-21 14:15:35.479180,HE,SUF,P,BHZ
smi:fi.isuh/event/1496160,2025-02-21 14:15:47.670740,HE,SUF,S,BHZ
smi:fi.isuh/event/1496160,2025-02-21 14:15:39.331100,HE,PVF,P,CZ
smi:fi.isuh/event/1496160,2025-02-21 14:15:54.905660,HE,PVF,S,CZ
smi:fi.isuh/event/1496160,2025-02-21 14:15:41.041800,HE,LOVF,P,CZ
smi:fi.isuh/event/1496160,2025-02-21 14:15:57.689040,HE,LOVF,S,CZ
smi:fi.isuh/event/1496160,2025-02-21 14:15:43.811910,HE,RUF,P,BHZ
smi:fi.isuh/event/1496160,2025-02-21 14:15:59.276840,HE,RUF,S,BHZ
smi:fi.isuh/event/1496160,2025-02-21 14:15:42.378620,HE,VJF,P,?HZ
smi:fi.isuh/event/1496160,2025-02-21 14:16:00.514650,HE,VJF,S,?HZ
smi:fi.isuh/event/1496160,2025-02-21 14:16:01.984120,HE,NUR,S,SHZ
smi:fi.isuh/event/1496160,2025-02-21 14:16:10.417120,HE,ALAJF,S,?HZ
smi:fi.isuh/event/1496160,2025-02-21 14:15:50.319630,HE,NIF,P,BHZ
smi:fi.isuh/event/1496160,2025-02-21 14:16:13.688470,HE,NIF,S,BHZ
smi:fi.isuh/event/1496160,2025-02-21 14:16:17.568580,HE,KPF,S,BHZ
smi:fi.isuh/event/1496160,2025-02-21 14:16:21.807420,HE,VAF,S,BHZ
smi:fi.isuh/event/1496160,2025-02-21 14:16:26.773870,HE,RAF,S,BHZ
smi:fi.isuh/event/1496192,2025-02-21 15:04:51.574090,HE,RUF,P,BHZ
smi:fi.isuh/event/1496192,2025-02-21 15:04:58.838190,HE,RUF,S,BHZ
smi:fi.isuh/event/1496192,2025-02-21 15:05:08.347990,HE,JOF,P,BHZ
smi:fi.isuh/event/1496192,2025-02-21 15:05:28.355950,HE,JOF,S,BHZ
smi:fi.isuh/event/1496192,2025-02-21 15:05:09.428110,HE,VJF,P,?HZ
smi:fi.isuh/event/1496192,2025-02-21 15:05:30.287190,HE,VJF,S,?HZ
smi:fi.isuh/event/1496192,2025-02-21 15:05:09.428110,HE,KY17,P,CZ
smi:fi.isuh/event/1496192,2025-02-21 15:05:30.422390,HE,KY17,S,CZ
smi:fi.isuh/event/1496192,2025-02-21 15:05:15.567720,HE,KAF,P,?HZ
smi:fi.isuh/event/1496192,2025-02-21 15:05:39.728810,HE,KAF,S,?HZ
smi:fi.isuh/event/1496192,2025-02-21 15:05:15.679970,HE,FIA1,P,?HZ
smi:fi.isuh/event/1496192,2025-02-21 15:05:41.338170,HE,FIA1,S,?HZ
smi:fi.isuh/event/1496192,2025-02-21 15:05:15.679970,HE,FIA0,P,?HZ
smi:fi.isuh/event/1496192,2025-02-21 15:05:41.338170,HE,FIA0,S,?HZ
smi:fi.isuh/event/1496192,2025-02-21 15:05:18.987630,HE,LOVF,P,CZ
smi:fi.isuh/event/1496192,2025-02-21 15:05:46.712270,HE,LOVF,S,CZ
smi:fi.isuh/event/1496192,2025-02-21 15:05:19.490250,HE,NIF,P,BHZ
smi:fi.isuh/event/1496192,2025-02-21 15:05:46.112630,HE,NIF,S,BHZ
smi:fi.isuh/event/1496192,2025-02-21 15:05:20.399820,HE,SUF,P,BHZ
smi:fi.isuh/event/1496192,2025-02-21 15:05:48.961590,HE,SUF,S,BHZ
smi:fi.isuh/event/1496157,2025-02-21 16:26:24.280000,HE,TRE03,P,BHZ
smi:fi.isuh/event/1496157,2025-02-21 16:26:27.120000,HE,TRE03,S,BHZ
smi:fi.isuh/event/1496157,2025-02-21 16:26:34.630000,HE,KEF,P,BHZ
smi:fi.isuh/event/1496157,2025-02-21 16:26:45.920000,HE,KEF,S,BHZ
smi:fi.isuh/event/1496157,2025-02-21 16:26:35.100000,HE,FIA0,P,SHZ
smi:fi.isuh/event/1496157,2025-02-21 16:26:48.300000,HE,FIA0,S,SHZ
smi:fi.isuh/event/1496157,2025-02-21 16:26:40.980000,HE,KAF,P,BHZ
smi:fi.isuh/event/1496157,2025-02-21 16:26:41.180000,HE,PVF,P,BHZ
smi:fi.isuh/event/1496157,2025-02-21 16:26:42.630000,HE,KPF,P,BHZ
smi:fi.isuh/event/1496157,2025-02-21 16:26:45.080000,HE,RAF,P,BHZ
smi:fi.isuh/event/1496157,2025-02-21 16:27:03.660000,HE,RAF,S,BHZ
smi:fi.isuh/event/1496157,2025-02-21 16:26:45.170000,HE,KY17,P,BHZ
smi:fi.isuh/event/1496157,2025-02-21 16:27:03.980000,HE,KY17,S,BHZ
smi:fi.isuh/event/1496157,2025-02-21 16:26:48.280000,HE,SUF,P,BHZ
smi:fi.isuh/event/1496157,2025-02-21 16:27:08.440000,HE,SUF,S,BHZ
smi:fi.isuh/event/1496157,2025-02-21 16:26:52.890000,HE,VJF,P,BHZ
smi:fi.isuh/event/1496157,2025-02-21 16:27:16.280000,HE,VJF,S,BHZ
smi:fi.isuh/event/1496157,2025-02-21 16:26:53.780000,HE,VAF,P,BHZ
smi:fi.isuh/event/1496157,2025-02-21 16:27:17.900000,HE,VAF,S,BHZ
smi:fi.isuh/event/1496157,2025-02-21 16:26:56.120000,HE,KORF,P,BHZ
smi:fi.isuh/event/1496157,2025-02-21 16:27:23.080000,HE,KORF,S,BHZ
smi:fi.isuh/event/1496157,2025-02-21 16:26:59.580000,HE,RUF,P,BHZ
smi:fi.isuh/event/1496157,2025-02-21 16:27:28.120000,HE,RUF,S,BHZ
smi:fi.isuh/event/1496157,2025-02-21 16:27:04.980000,HE,NIF,P,BHZ
smi:fi.isuh/event/1496157,2025-02-21 16:27:37.680000,HE,NIF,S,BHZ
smi:fi.isuh/event/1496157,2025-02-21 16:27:38.720000,UP,AAL,S,BHZ
smi:fi.isuh/event/1496157,2025-02-21 16:27:42.660000,HE,ECKF,S,BHZ
smi:fi.isuh/event/1496196,2025-02-21 17:01:25.511510,HE,TOF,P,BHZ
smi:fi.isuh/event/1496196,2025-02-21 17:01:29.529570,HE,TOF,S,BHZ
smi:fi.isuh/event/1496196,2025-02-21 17:01:35.573090,FN,RANF,P,?HZ
smi:fi.isuh/event/1496196,2025-02-21 17:01:47.092870,FN,RANF,S,?HZ
smi:fi.isuh/event/1496196,2025-02-21 17:01:42.851930,HE,OBF0,P,BHZ
smi:fi.isuh/event/1496196,2025-02-21 17:01:45.278210,HE,KU2,P,SHZ
smi:fi.isuh/event/1496196,2025-02-21 17:01:46.151670,FN,KLF,P,BHZ
smi:fi.isuh/event/1496196,2025-02-21 17:02:05.317830,FN,KLF,S,BHZ
smi:fi.isuh/event/1496196,2025-02-21 17:01:54.983320,HE,KU1,P,SHZ
smi:fi.isuh/event/1496196,2025-02-21 17:02:20.714900,HE,KU1,S,SHZ
smi:fi.isuh/event/1496196,2025-02-21 17:01:56.827300,HE,KU6,P,BHZ
smi:fi.isuh/event/1496196,2025-02-21 17:02:24.236440,HE,KU6,S,BHZ
smi:fi.isuh/event/1496432,2025-02-21 20:05:26.280000,HE,VRF,P,BHZ
smi:fi.isuh/event/1496432,2025-02-21 20:05:45.800000,HE,VRF,S,BHZ
smi:fi.isuh/event/1496432,2025-02-21 20:05:36.440000,FN,OLKF,P,BHZ
smi:fi.isuh/event/1496432,2025-02-21 20:06:04.760000,FN,OLKF,S,BHZ
smi:fi.isuh/event/1496432,2025-02-21 20:05:35.280000,FN,RAJF,P,BHZ
smi:fi.isuh/event/1496432,2025-02-21 20:06:02.220000,FN,RAJF,S,BHZ
smi:fi.isuh/event/1496432,2025-02-21 20:05:37.220000,HE,KU6,P,BHZ
smi:fi.isuh/event/1496432,2025-02-21 20:06:06.760000,HE,KU6,S,BHZ
smi:fi.isuh/event/1496432,2025-02-21 20:05:45.240000,HE,KU1,P,BHZ
smi:fi.isuh/event/1496432,2025-02-21 20:06:28.380000,HE,KU2,S,BHZ
smi:fi.isuh/event/1496432,2025-02-21 20:06:34.920000,FN,RANF,S,BHZ
smi:fi.isuh/event/1496432,2025-02-21 20:05:49.740000,HE,KEV,P,BHZ
smi:fi.isuh/event/1496432,2025-02-21 20:06:28.100000,HE,KEV,S,BHZ
smi:fi.isuh/event/1496433,2025-02-21 20:15:21.960000,HE,VRF,P,BHZ
smi:fi.isuh/event/1496433,2025-02-21 20:15:42.120000,HE,VRF,S,BHZ
smi:fi.isuh/event/1496433,2025-02-21 20:15:32.360000,FN,OLKF,P,BHZ
smi:fi.isuh/event/1496433,2025-02-21 20:16:00.640000,FN,OLKF,S,BHZ
smi:fi.isuh/event/1496433,2025-02-21 20:15:31.180000,FN,RAJF,P,BHZ
smi:fi.isuh/event/1496433,2025-02-21 20:15:59.920000,FN,RAJF,S,BHZ
smi:fi.isuh/event/1496433,2025-02-21 20:15:33.360000,HE,KU6,P,BHZ
smi:fi.isuh/event/1496433,2025-02-21 20:16:02.600000,HE,KU6,S,BHZ
smi:fi.isuh/event/1496433,2025-02-21 20:16:30.240000,FN,RANF,S,BHZ
smi:fi.isuh/event/1496433,2025-02-21 20:15:45.900000,HE,KEV,P,BHZ
smi:fi.isuh/event/1496433,2025-02-21 20:16:24.120000,HE,KEV,S,BHZ
smi:fi.isuh/event/1496433,2025-02-21 20:16:51.520000,FN,KLF,S,BHZ
smi:fi.isuh/event/1496396,2025-02-22 10:34:30.080000,FN,KLF,P,BHZ
smi:fi.isuh/event/1496396,2025-02-22 10:34:34.760000,FN,KLF,S,BHZ
smi:fi.isuh/event/1496396,2025-02-22 10:34:42.840000,HE,HEF,P,BHZ
smi:fi.isuh/event/1496396,2025-02-22 10:34:57.120000,HE,HEF,S,BHZ
smi:fi.isuh/event/1496396,2025-02-22 10:34:50.360000,HE,TOF,P,BHZ
smi:fi.isuh/event/1496396,2025-02-22 10:35:08.280000,HE,TOF,S,BHZ
smi:fi.isuh/event/1496396,2025-02-22 10:34:57.720000,HE,KIF,P,BHZ
smi:fi.isuh/event/1496396,2025-02-22 10:35:22.360000,HE,KIF,S,BHZ
smi:fi.isuh/event/1496396,2025-02-22 10:34:59.440000,FN,RANF,P,BHZ
smi:fi.isuh/event/1496396,2025-02-22 10:35:24.920000,FN,RANF,S,BHZ
smi:fi.isuh/event/1496396,2025-02-22 10:35:01.530000,FN,RAJF,P,BHZ
smi:fi.isuh/event/1496396,2025-02-22 10:35:30.980000,FN,RAJF,S,BHZ
smi:fi.isuh/event/1496396,2025-02-22 10:35:06.580000,HE,VRF,P,BHZ
smi:fi.isuh/event/1496396,2025-02-22 10:35:38.200000,HE,VRF,S,BHZ
smi:fi.isuh/event/1496396,2025-02-22 10:35:10.500000,HE,KU2,P,BHZ
smi:fi.isuh/event/1496396,2025-02-22 10:35:10.880000,FN,OLKF,P,BHZ
smi:fi.isuh/event/1496396,2025-02-22 10:35:44.880000,FN,OLKF,S,BHZ
smi:fi.isuh/event/1496396,2025-02-22 10:35:11.150000,HE,OBF3,P,BHZ
smi:fi.isuh/event/1496396,2025-02-22 10:35:09.690000,HE,KEV,P,BHZ
smi:fi.isuh/event/1496396,2025-02-22 10:35:44.040000,HE,KEV,S,BHZ
smi:fi.isuh/event/1496396,2025-02-22 10:35:53.800000,HE,KU6,S,BHZ
smi:fi.isuh/event/1496396,2025-02-22 10:35:15.480000,HE,KU1,P,BHZ
smi:fi.isuh/event/1496397,2025-02-22 16:17:22.680000,FN,RAJF,P,BHZ
smi:fi.isuh/event/1496397,2025-02-22 16:17:38.240000,FN,RAJF,S,BHZ
smi:fi.isuh/event/1496397,2025-02-22 16:17:24.200000,HE,KEV,P,BHZ
smi:fi.isuh/event/1496397,2025-02-22 16:17:41.700000,HE,KEV,S,BHZ
smi:fi.isuh/event/1496397,2025-02-22 16:17:30.960000,HE,VRF,P,BHZ
smi:fi.isuh/event/1496397,2025-02-22 16:17:53.240000,HE,VRF,S,BHZ
smi:fi.isuh/event/1496397,2025-02-22 16:18:21.720000,HE,HEF,S,BHZ
smi:fi.isuh/event/1496397,2025-02-22 16:18:02.930000,HE,KIF,P,BHZ
smi:fi.isuh/event/1496399,2025-02-22 20:09:17.680000,HE,VRF,P,BHZ
smi:fi.isuh/event/1496399,2025-02-22 20:09:38.680000,HE,VRF,S,BHZ
smi:fi.isuh/event/1496399,2025-02-22 20:09:28.040000,FN,OLKF,P,BHZ
smi:fi.isuh/event/1496399,2025-02-22 20:09:56.880000,FN,OLKF,S,BHZ
smi:fi.isuh/event/1496399,2025-02-22 20:09:27.180000,FN,RAJF,P,BHZ
smi:fi.isuh/event/1496399,2025-02-22 20:09:55.840000,FN,RAJF,S,BHZ
smi:fi.isuh/event/1496399,2025-02-22 20:09:28.480000,HE,KU6,P,BHZ
smi:fi.isuh/event/1496399,2025-02-22 20:09:57.880000,HE,KU6,S,BHZ
smi:fi.isuh/event/1496399,2025-02-22 20:09:41.550000,HE,KEV,P,BHZ
smi:fi.isuh/event/1496399,2025-02-22 20:10:21.000000,HE,KEV,S,BHZ
smi:fi.isuh/event/1496399,2025-02-22 20:10:48.800000,HE,HEF,S,BHZ
smi:fi.isuh/event/1496401,2025-02-22 21:01:58.440000,HE,VRF,P,BHZ
smi:fi.isuh/event/1496401,2025-02-22 21:02:17.480000,HE,VRF,S,BHZ
smi:fi.isuh/event/1496401,2025-02-22 21:02:08.600000,FN,OLKF,P,BHZ
smi:fi.isuh/event/1496401,2025-02-22 21:02:37.120000,FN,OLKF,S,BHZ
smi:fi.isuh/event/1496401,2025-02-22 21:02:07.780000,FN,RAJF,P,BHZ
smi:fi.isuh/event/1496401,2025-02-22 21:02:35.240000,FN,RAJF,S,BHZ
smi:fi.isuh/event/1496401,2025-02-22 21:02:09.400000,HE,KU6,P,BHZ
smi:fi.isuh/event/1496401,2025-02-22 21:02:39.080000,HE,KU6,S,BHZ
smi:fi.isuh/event/1496401,2025-02-22 21:02:27.480000,FN,RANF,P,BHZ
smi:fi.isuh/event/1496401,2025-02-22 21:03:07.200000,FN,RANF,S,BHZ
smi:fi.isuh/event/1496401,2025-02-22 21:02:21.720000,HE,KEV,P,BHZ
smi:fi.isuh/event/1496401,2025-02-22 21:02:59.800000,HE,KEV,S,BHZ
smi:fi.isuh/event/1496401,2025-02-22 21:03:15.140000,HE,HEF,S,BHZ
smi:fi.isuh/event/1496484,2025-02-23 07:20:29.090000,HE,RUF,P,BHZ
smi:fi.isuh/event/1496484,2025-02-23 07:20:40.380000,HE,RUF,S,BHZ
smi:fi.isuh/event/1496484,2025-02-23 07:20:32.480000,HE,JOF,P,BHZ
smi:fi.isuh/event/1496484,2025-02-23 07:20:48.000000,HE,JOF,S,BHZ
smi:fi.isuh/event/1496484,2025-02-23 07:20:48.500000,HE,KY17,P,BHZ
smi:fi.isuh/event/1496484,2025-02-23 07:21:12.380000,HE,KY17,S,BHZ
smi:fi.isuh/event/1496484,2025-02-23 07:20:47.780000,HE,VJF,P,BHZ
smi:fi.isuh/event/1496484,2025-02-23 07:21:14.460000,HE,VJF,S,BHZ
smi:fi.isuh/event/1496484,2025-02-23 07:20:47.880000,HE,NIF,P,BHZ
smi:fi.isuh/event/1496484,2025-02-23 07:21:13.720000,HE,NIF,S,BHZ
smi:fi.isuh/event/1496484,2025-02-23 07:20:49.980000,HE,KAF,P,BHZ
smi:fi.isuh/event/1496484,2025-02-23 07:21:16.080000,HE,KAF,S,BHZ
smi:fi.isuh/event/1496484,2025-02-23 07:20:51.800000,HE,FIA0,P,SHZ
smi:fi.isuh/event/1496484,2025-02-23 07:21:19.400000,HE,FIA0,S,SHZ
smi:fi.isuh/event/1496484,2025-02-23 07:20:53.060000,HE,SUF,P,BHZ
smi:fi.isuh/event/1496484,2025-02-23 07:21:22.460000,HE,SUF,S,BHZ
smi:fi.isuh/event/1496484,2025-02-23 07:21:25.520000,HE,RMF,S,BHZ
smi:fi.isuh/event/1496484,2025-02-23 07:20:59.800000,HE,KEF,P,BHZ
smi:fi.isuh/event/1496484,2025-02-23 07:21:33.640000,HE,KEF,S,BHZ
smi:fi.isuh/event/1496484,2025-02-23 07:21:34.300000,HE,KJNF,S,BHZ
smi:fi.isuh/event/1496486,2025-02-23 16:01:13.940000,FN,RAJF,P,BHZ
smi:fi.isuh/event/1496486,2025-02-23 16:01:29.480000,FN,RAJF,S,BHZ
smi:fi.isuh/event/1496486,2025-02-23 16:01:15.600000,HE,KEV,P,BHZ
smi:fi.isuh/event/1496486,2025-02-23 16:01:33.100000,HE,KEV,S,BHZ
smi:fi.isuh/event/1496486,2025-02-23 16:01:22.240000,HE,VRF,P,BHZ
smi:fi.isuh/event/1496486,2025-02-23 16:01:40.440000,HE,VRF,S,BHZ
smi:fi.isuh/event/1496486,2025-02-23 16:02:11.360000,HE,HEF,S,BHZ
smi:fi.isuh/event/1496486,2025-02-23 16:01:47.600000,FN,OLKF,P,BHZ
smi:fi.isuh/event/1496486,2025-02-23 16:01:46.780000,HE,KIF,P,BHZ
smi:fi.isuh/event/1496487,2025-02-23 20:05:41.860000,HE,VRF,P,BHZ
smi:fi.isuh/event/1496487,2025-02-23 20:06:01.320000,HE,VRF,S,BHZ
smi:fi.isuh/event/1496487,2025-02-23 20:05:51.820000,FN,RAJF,P,BHZ
smi:fi.isuh/event/1496487,2025-02-23 20:06:17.980000,FN,RAJF,S,BHZ
smi:fi.isuh/event/1496487,2025-02-23 20:05:52.560000,FN,OLKF,P,BHZ
smi:fi.isuh/event/1496487,2025-02-23 20:06:21.080000,FN,OLKF,S,BHZ
smi:fi.isuh/event/1496487,2025-02-23 20:05:53.140000,HE,KU6,P,BHZ
smi:fi.isuh/event/1496487,2025-02-23 20:06:22.400000,HE,KU6,S,BHZ
smi:fi.isuh/event/1496487,2025-02-23 20:06:05.650000,HE,KEV,P,BHZ
smi:fi.isuh/event/1496487,2025-02-23 20:06:43.380000,HE,KEV,S,BHZ
smi:fi.isuh/event/1496487,2025-02-23 20:06:10.640000,FN,RANF,P,BHZ
smi:fi.isuh/event/1496487,2025-02-23 20:06:51.800000,FN,RANF,S,BHZ
smi:fi.isuh/event/1496487,2025-02-23 20:07:07.320000,FN,KLF,S,BHZ
smi:fi.isuh/event/1496487,2025-02-23 20:06:59.720000,HE,HEF,S,BHZ
smi:fi.isuh/event/1496475,2025-02-23 20:09:22.980000,HE,VRF,P,BHZ
smi:fi.isuh/event/1496475,2025-02-23 20:09:44.200000,HE,VRF,S,BHZ
smi:fi.isuh/event/1496475,2025-02-23 20:09:33.840000,FN,OLKF,P,BHZ
smi:fi.isuh/event/1496475,2025-02-23 20:10:01.840000,FN,OLKF,S,BHZ
smi:fi.isuh/event/1496475,2025-02-23 20:09:34.040000,HE,KU6,P,BHZ
smi:fi.isuh/event/1496475,2025-02-23 20:10:02.600000,HE,KU6,S,BHZ
smi:fi.isuh/event/1496475,2025-02-23 20:09:32.980000,FN,RAJF,P,BHZ
smi:fi.isuh/event/1496475,2025-02-23 20:10:01.520000,FN,RAJF,S,BHZ
smi:fi.isuh/event/1496475,2025-02-23 20:10:32.000000,FN,RANF,S,BHZ
smi:fi.isuh/event/1496475,2025-02-23 20:09:46.880000,HE,KEV,P,BHZ
smi:fi.isuh/event/1496475,2025-02-23 20:10:26.640000,HE,KEV,S,BHZ
smi:fi.isuh/event/1496268,2025-02-24 06:06:03.140000,HE,VRF,P,BHZ
smi:fi.isuh/event/1496268,2025-02-24 06:06:25.960000,HE,VRF,S,BHZ
smi:fi.isuh/event/1496268,2025-02-24 06:06:13.680000,FN,RAJF,P,BHZ
smi:fi.isuh/event/1496268,2025-02-24 06:06:42.800000,FN,RAJF,S,BHZ
smi:fi.isuh/event/1496268,2025-02-24 06:06:13.980000,FN,OLKF,P,BHZ
smi:fi.isuh/event/1496268,2025-02-24 06:06:43.560000,FN,OLKF,S,BHZ
smi:fi.isuh/event/1496268,2025-02-24 06:06:44.640000,HE,KU6,S,BHZ
smi:fi.isuh/event/1496268,2025-02-24 06:06:58.440000,HE,KU2,S,BHZ
smi:fi.isuh/event/1496268,2025-02-24 06:06:26.240000,HE,KEV,P,BHZ
smi:fi.isuh/event/1496268,2025-02-24 06:07:34.030000,HE,HEF,S,BHZ
smi:fi.isuh/event/1496702,2025-02-24 07:58:42.041840,HE,VAF,P,BHZ
smi:fi.isuh/event/1496702,2025-02-24 07:58:52.660410,HE,VAF,S,BHZ
smi:fi.isuh/event/1496702,2025-02-24 07:58:43.197600,HE,ALAJF,P,?HZ
smi:fi.isuh/event/1496702,2025-02-24 07:58:53.816170,HE,ALAJF,S,?HZ
smi:fi.isuh/event/1496702,2025-02-24 07:58:45.075710,HE,OBF0,P,BHZ
smi:fi.isuh/event/1496702,2025-02-24 07:58:55.622050,HE,OBF0,S,BHZ
smi:fi.isuh/event/1496702,2025-02-24 07:58:45.798070,HE,OUF,P,BHZ
smi:fi.isuh/event/1496702,2025-02-24 07:58:59.017110,HE,OUF,S,BHZ
smi:fi.isuh/event/1496702,2025-02-24 07:58:51.293550,HE,OBF3,P,BHZ
smi:fi.isuh/event/1496702,2025-02-24 07:59:08.483800,HE,OBF3,S,BHZ
smi:fi.isuh/event/1496702,2025-02-24 07:59:00.203710,HE,SUF,P,BHZ
smi:fi.isuh/event/1496702,2025-02-24 07:59:24.112480,HE,SUF,S,BHZ
smi:fi.isuh/event/1496702,2025-02-24 07:59:01.290470,HE,KEF,P,?HZ
smi:fi.isuh/event/1496702,2025-02-24 07:59:25.652060,HE,KEF,S,?HZ
smi:fi.isuh/event/1496702,2025-02-24 07:59:03.826250,HE,KPF,P,BHZ
smi:fi.isuh/event/1496702,2025-02-24 07:59:29.999110,HE,KPF,S,BHZ
smi:fi.isuh/event/1496705,2025-02-24 10:27:54.579520,HE,KJNF,P,CZ
smi:fi.isuh/event/1496705,2025-02-24 10:27:56.913580,HE,KJNF,S,CZ
smi:fi.isuh/event/1496705,2025-02-24 10:28:07.514500,HE,RMF,P,BHZ
smi:fi.isuh/event/1496705,2025-02-24 10:28:18.271850,HE,RMF,S,BHZ
smi:fi.isuh/event/1496705,2025-02-24 10:28:07.661580,HE,NIF,P,BHZ
smi:fi.isuh/event/1496705,2025-02-24 10:28:18.684780,HE,NIF,S,BHZ
smi:fi.isuh/event/1496705,2025-02-24 10:28:17.319190,HE,OUF,P,BHZ
smi:fi.isuh/event/1496705,2025-02-24 10:28:35.979160,HE,OUF,S,BHZ
smi:fi.isuh/event/1496705,2025-02-24 10:28:18.485440,HE,KU2,P,SHZ
smi:fi.isuh/event/1496705,2025-02-24 10:28:37.625520,HE,KU2,S,SHZ
smi:fi.isuh/event/1496705,2025-02-24 10:28:18.485440,HE,KU1,P,SHZ
smi:fi.isuh/event/1496705,2025-02-24 10:28:37.845160,HE,KU1,S,SHZ
smi:fi.isuh/event/1496705,2025-02-24 10:28:19.535070,HE,OBF3,P,BHZ
smi:fi.isuh/event/1496705,2025-02-24 10:28:38.778160,HE,OBF3,S,BHZ
smi:fi.isuh/event/1496705,2025-02-24 10:28:21.167810,HE,OBF0,P,BHZ
smi:fi.isuh/event/1496705,2025-02-24 10:28:42.743400,HE,OBF0,S,BHZ
smi:fi.isuh/event/1496705,2025-02-24 10:28:22.912000,HE,SUF,P,BHZ
smi:fi.isuh/event/1496705,2025-02-24 10:28:45.315840,HE,SUF,S,BHZ
smi:fi.isuh/event/1496705,2025-02-24 10:28:24.549930,FN,RANF,P,?HZ
smi:fi.isuh/event/1496705,2025-02-24 10:28:48.458020,FN,RANF,S,?HZ
smi:fi.isuh/event/1496705,2025-02-24 10:28:26.299300,HE,KU6,P,BHZ
smi:fi.isuh/event/1496705,2025-02-24 10:28:51.401930,HE,KU6,S,BHZ
smi:fi.isuh/event/1496705,2025-02-24 10:28:52.423260,HE,JOF,S,BHZ
smi:fi.isuh/event/1496705,2025-02-24 10:28:55.338880,HE,ALAJF,S,?HZ
smi:fi.isuh/event/1496705,2025-02-24 10:28:56.286560,FN,OLKF,S,BHZ
smi:fi.isuh/event/1496284,2025-02-24 11:08:55.866830,HE,KPF,P,BHZ
smi:fi.isuh/event/1496284,2025-02-24 11:08:58.225060,HE,KPF,S,BHZ
smi:fi.isuh/event/1496284,2025-02-24 11:09:07.682360,HE,RAF,P,BHZ
smi:fi.isuh/event/1496284,2025-02-24 11:09:18.471230,HE,RAF,S,BHZ
smi:fi.isuh/event/1496284,2025-02-24 11:09:08.683520,HE,TRE03,P,CZ
smi:fi.isuh/event/1496284,2025-02-24 11:09:19.938860,HE,TRE03,S,CZ
smi:fi.isuh/event/1496284,2025-02-24 11:09:14.841690,HE,KEF,P,?HZ
smi:fi.isuh/event/1496284,2025-02-24 11:09:30.502710,HE,KEF,S,?HZ
smi:fi.isuh/event/1496284,2025-02-24 11:09:15.928370,HE,VAF,P,BHZ
smi:fi.isuh/event/1496284,2025-02-24 11:09:32.342210,HE,VAF,S,BHZ
smi:fi.isuh/event/1496284,2025-02-24 11:09:20.543320,HE,ALAJF,P,?HZ
smi:fi.isuh/event/1496284,2025-02-24 11:09:40.523650,HE,ALAJF,S,?HZ
smi:fi.isuh/event/1496284,2025-02-24 11:09:22.889020,HE,NUR,P,SHZ
smi:fi.isuh/event/1496284,2025-02-24 11:09:43.985840,HE,NUR,S,SHZ
smi:fi.isuh/event/1496284,2025-02-24 11:09:23.585040,HE,KORF,P,CZ
smi:fi.isuh/event/1496284,2025-02-24 11:09:46.394600,HE,KORF,S,CZ
smi:fi.isuh/event/1496284,2025-02-24 11:09:24.487300,HE,FIA0,P,?HZ
smi:fi.isuh/event/1496284,2025-02-24 11:09:47.449320,HE,FIA0,S,?HZ
smi:fi.isuh/event/1496284,2025-02-24 11:09:24.487300,HE,FIA1,P,?HZ
smi:fi.isuh/event/1496284,2025-02-24 11:09:47.898940,HE,FIA1,S,?HZ
smi:fi.isuh/event/1496284,2025-02-24 11:09:49.379300,HE,MEF,S,BHZ
smi:fi.isuh/event/1496284,2025-02-24 11:09:25.782810,HE,KAF,P,?HZ
smi:fi.isuh/event/1496284,2025-02-24 11:09:50.001250,HE,KAF,S,?HZ
smi:fi.isuh/event/1496284,2025-02-24 11:09:28.090930,HE,SUF,P,BHZ
smi:fi.isuh/event/1496284,2025-02-24 11:09:53.386560,HE,SUF,S,BHZ
smi:fi.isuh/event/1496284,2025-02-24 11:09:27.675650,HE,TVF,P,BHZ
smi:fi.isuh/event/1496284,2025-02-24 11:09:53.191770,HE,TVF,S,BHZ
smi:fi.isuh/event/1496264,2025-02-24 11:45:52.980000,HE,NIF,P,BHZ
smi:fi.isuh/event/1496264,2025-02-24 11:45:57.080000,HE,NIF,S,BHZ
smi:fi.isuh/event/1496264,2025-02-24 11:46:03.280000,HE,SUF,P,BHZ
smi:fi.isuh/event/1496264,2025-02-24 11:46:14.880000,HE,SUF,S,BHZ
smi:fi.isuh/event/1496264,2025-02-24 11:46:09.580000,HE,KJNF,P,BHZ
smi:fi.isuh/event/1496264,2025-02-24 11:46:09.980000,HE,KAF,P,BHZ
smi:fi.isuh/event/1496264,2025-02-24 11:46:26.920000,HE,KAF,S,BHZ
smi:fi.isuh/event/1496264,2025-02-24 11:46:15.020000,HE,RMF,P,BHZ
smi:fi.isuh/event/1496264,2025-02-24 11:46:17.780000,HE,JOF,P,BHZ
smi:fi.isuh/event/1496264,2025-02-24 11:46:39.120000,HE,JOF,S,BHZ
smi:fi.isuh/event/1496264,2025-02-24 11:46:17.680000,HE,KEF,P,BHZ
smi:fi.isuh/event/1496264,2025-02-24 11:46:40.320000,HE,KEF,S,BHZ
smi:fi.isuh/event/1496264,2025-02-24 11:46:20.080000,HE,RUF,P,BHZ
smi:fi.isuh/event/1496264,2025-02-24 11:46:43.980000,HE,RUF,S,BHZ
smi:fi.isuh/event/1496264,2025-02-24 11:46:21.180000,HE,OUF,P,BHZ
smi:fi.isuh/event/1496264,2025-02-24 11:46:46.720000,HE,OUF,S,BHZ
smi:fi.isuh/event/1496264,2025-02-24 11:46:21.400000,HE,FIA0,P,SHZ
smi:fi.isuh/event/1496264,2025-02-24 11:46:45.400000,HE,FIA0,S,SHZ
smi:fi.isuh/event/1496264,2025-02-24 11:46:25.080000,HE,OBF0,P,BHZ
smi:fi.isuh/event/1496264,2025-02-24 11:46:26.780000,HE,OBF3,P,BHZ
smi:fi.isuh/event/1496264,2025-02-24 11:46:27.580000,HE,KY17,P,BHZ
smi:fi.isuh/event/1496264,2025-02-24 11:46:57.480000,HE,KY17,S,BHZ
smi:fi.isuh/event/1496264,2025-02-24 11:46:27.980000,HE,TRE03,P,BHZ
smi:fi.isuh/event/1496264,2025-02-24 11:46:57.200000,HE,TRE03,S,BHZ
smi:fi.isuh/event/1496264,2025-02-24 11:46:28.880000,HE,OBF8,P,BHZ
smi:fi.isuh/event/1496264,2025-02-24 11:46:28.960000,HE,VAF,P,BHZ
smi:fi.isuh/event/1496264,2025-02-24 11:46:59.760000,HE,VAF,S,BHZ
smi:fi.isuh/event/1496264,2025-02-24 11:46:32.880000,HE,KU1,P,BHZ
smi:fi.isuh/event/1496264,2025-02-24 11:47:06.340000,HE,KU1,S,BHZ
smi:fi.isuh/event/1496264,2025-02-24 11:46:32.500000,HE,VJF,P,BHZ
smi:fi.isuh/event/1496264,2025-02-24 11:47:08.020000,HE,VJF,S,BHZ
smi:fi.isuh/event/1496264,2025-02-24 11:46:33.580000,HE,KU2,P,BHZ
smi:fi.isuh/event/1496264,2025-02-24 11:47:07.640000,HE,KU2,S,BHZ
smi:fi.isuh/event/1496264,2025-02-24 11:46:37.520000,HE,PVF,P,BHZ
smi:fi.isuh/event/1496264,2025-02-24 11:47:12.160000,HE,PVF,S,BHZ
smi:fi.isuh/event/1496264,2025-02-24 11:46:38.580000,FN,RANF,P,BHZ
smi:fi.isuh/event/1496264,2025-02-24 11:47:15.920000,FN,RANF,S,BHZ
smi:fi.isuh/event/1496264,2025-02-24 11:46:38.280000,HE,KPF,P,BHZ
smi:fi.isuh/event/1496264,2025-02-24 11:46:39.480000,HE,KU6,P,BHZ
smi:fi.isuh/event/1496264,2025-02-24 11:47:19.840000,HE,KU6,S,BHZ
smi:fi.isuh/event/1496264,2025-02-24 11:46:44.080000,FN,OLKF,P,BHZ
smi:fi.isuh/event/1496264,2025-02-24 11:47:26.360000,FN,OLKF,S,BHZ
smi:fi.isuh/event/1496264,2025-02-24 11:46:43.180000,HE,TOF,P,BHZ
smi:fi.isuh/event/1496282,2025-02-24 12:01:01.282830,HE,MEF,P,BHZ
smi:fi.isuh/event/1496282,2025-02-24 12:01:02.523120,HE,MEF,S,BHZ
smi:fi.isuh/event/1496282,2025-02-24 12:01:02.492110,HE,HEL5,P,BHZ
smi:fi.isuh/event/1496282,2025-02-24 12:01:04.601670,HE,HEL5,S,BHZ
smi:fi.isuh/event/1496282,2025-02-24 12:01:02.840080,HE,HEL1,P,BHZ
smi:fi.isuh/event/1496282,2025-02-24 12:01:05.232360,HE,HEL1,S,BHZ
smi:fi.isuh/event/1496282,2025-02-24 12:01:02.840080,HE,LAUT,P,BHZ
smi:fi.isuh/event/1496282,2025-02-24 12:01:05.232360,HE,LAUT,S,BHZ
smi:fi.isuh/event/1496282,2025-02-24 12:01:02.970570,HE,KUNI,P,BHZ
smi:fi.isuh/event/1496282,2025-02-24 12:01:05.232360,HE,KUNI,S,BHZ
smi:fi.isuh/event/1496282,2025-02-24 12:01:04.681340,HE,NUR,P,SHZ
smi:fi.isuh/event/1496282,2025-02-24 12:01:08.129590,HE,NUR,S,SHZ
smi:fi.isuh/event/1496282,2025-02-24 12:01:05.053210,HE,VUOS,P,BHZ
smi:fi.isuh/event/1496282,2025-02-24 12:01:08.873330,HE,VUOS,S,BHZ
smi:fi.isuh/event/1496281,2025-02-24 12:10:15.902450,HE,NUR,P,SHZ
smi:fi.isuh/event/1496281,2025-02-24 12:10:17.589490,HE,NUR,S,SHZ
smi:fi.isuh/event/1496281,2025-02-24 12:10:16.486600,HE,KUNI,P,BHZ
smi:fi.isuh/event/1496281,2025-02-24 12:10:18.548110,HE,KUNI,S,BHZ
smi:fi.isuh/event/1496281,2025-02-24 12:10:18.035430,HE,HEL1,P,BHZ
smi:fi.isuh/event/1496281,2025-02-24 12:10:21.045410,HE,HEL1,S,BHZ
smi:fi.isuh/event/1496281,2025-02-24 12:10:18.531480,HE,LAUT,P,BHZ
smi:fi.isuh/event/1496281,2025-02-24 12:10:22.245900,HE,LAUT,S,BHZ
smi:fi.isuh/event/1496281,2025-02-24 12:10:18.698630,HE,VUOS,P,BHZ
smi:fi.isuh/event/1496281,2025-02-24 12:10:22.198820,HE,VUOS,S,BHZ
smi:fi.isuh/event/1496281,2025-02-24 12:10:19.196620,HE,HEL5,P,BHZ
smi:fi.isuh/event/1496281,2025-02-24 12:10:23.602090,HE,HEL5,S,BHZ
smi:fi.isuh/event/1496283,2025-02-24 12:58:59.434740,HE,KY02,P,CZ
smi:fi.isuh/event/1496283,2025-02-24 12:59:00.892010,HE,KY02,S,CZ
smi:fi.isuh/event/1496283,2025-02-24 12:59:00.978480,HE,KY17,P,CZ
smi:fi.isuh/event/1496283,2025-02-24 12:59:03.071180,HE,KY17,S,CZ
smi:fi.isuh/event/1496283,2025-02-24 12:59:07.239610,HE,VJF,P,?HZ
smi:fi.isuh/event/1496283,2025-02-24 12:59:13.826650,HE,VJF,S,?HZ
smi:fi.isuh/event/1496283,2025-02-24 12:59:07.526750,HE,PVF,P,CZ
smi:fi.isuh/event/1496283,2025-02-24 12:59:14.328340,HE,PVF,S,CZ
smi:fi.isuh/event/1496283,2025-02-24 12:59:09.825910,HE,FIA0,P,?HZ
smi:fi.isuh/event/1496283,2025-02-24 12:59:18.533610,HE,FIA0,S,?HZ
smi:fi.isuh/event/1496283,2025-02-24 12:59:09.826770,HE,FIA1,P,?HZ
smi:fi.isuh/event/1496283,2025-02-24 12:59:18.360830,HE,FIA1,S,?HZ
smi:fi.isuh/event/1496283,2025-02-24 12:59:19.425110,HE,RUF,P,BHZ
smi:fi.isuh/event/1496283,2025-02-24 12:59:34.697270,HE,RUF,S,BHZ
smi:fi.isuh/event/1496283,2025-02-24 12:59:37.121910,HE,KAF,S,?HZ
smi:fi.isuh/event/1496283,2025-02-24 12:59:38.929960,HE,MEF,S,BHZ
smi:fi.isuh/event/1496283,2025-02-24 12:59:23.855620,HE,TRE03,P,CZ
smi:fi.isuh/event/1496283,2025-02-24 12:59:42.117600,HE,TRE03,S,CZ
smi:fi.isuh/event/1496283,2025-02-24 12:59:26.111160,HE,KEF,P,?HZ
smi:fi.isuh/event/1496283,2025-02-24 12:59:46.742920,HE,KEF,S,?HZ
smi:fi.isuh/event/1496283,2025-02-24 12:59:55.291880,HE,SUF,S,BHZ
smi:fi.isuh/event/1496258,2025-02-24 13:37:07.554720,HE,OUF,P,BHZ
smi:fi.isuh/event/1496258,2025-02-24 13:37:17.087040,HE,OUF,S,BHZ
smi:fi.isuh/event/1496258,2025-02-24 13:37:07.809540,HE,ALAJF,P,?HZ
smi:fi.isuh/event/1496258,2025-02-24 13:37:17.221790,HE,ALAJF,S,?HZ
smi:fi.isuh/event/1496258,2025-02-24 13:37:11.210350,HE,OBF0,P,BHZ
smi:fi.isuh/event/1496258,2025-02-24 13:37:23.373170,HE,OBF0,S,BHZ
smi:fi.isuh/event/1496258,2025-02-24 13:37:13.514120,HE,SUF,P,BHZ
smi:fi.isuh/event/1496258,2025-02-24 13:37:26.972660,HE,SUF,S,BHZ
smi:fi.isuh/event/1496258,2025-02-24 13:37:15.649670,HE,OBF3,P,BHZ
smi:fi.isuh/event/1496258,2025-02-24 13:37:30.513400,HE,OBF3,S,BHZ
smi:fi.isuh/event/1496258,2025-02-24 13:37:16.062130,HE,NIF,P,BHZ
smi:fi.isuh/event/1496258,2025-02-24 13:37:32.065870,HE,NIF,S,BHZ
smi:fi.isuh/event/1496258,2025-02-24 13:37:17.768580,HE,VAF,P,BHZ
smi:fi.isuh/event/1496258,2025-02-24 13:37:34.395780,HE,VAF,S,BHZ
smi:fi.isuh/event/1496258,2025-02-24 13:37:21.621380,HE,KEF,P,?HZ
smi:fi.isuh/event/1496258,2025-02-24 13:37:41.254830,HE,KEF,S,?HZ
smi:fi.isuh/event/1496258,2025-02-24 13:37:23.948900,HE,KAF,P,?HZ
smi:fi.isuh/event/1496258,2025-02-24 13:37:44.753690,HE,KAF,S,?HZ
smi:fi.isuh/event/1496258,2025-02-24 13:37:31.051650,HE,TRE03,P,CZ
smi:fi.isuh/event/1496258,2025-02-24 13:37:57.563990,HE,TRE03,S,CZ
smi:fi.isuh/event/1496258,2025-02-24 13:37:31.951060,HE,RMF,P,BHZ
smi:fi.isuh/event/1496258,2025-02-24 13:38:00.048510,HE,RMF,S,BHZ
smi:fi.isuh/event/1496258,2025-02-24 13:37:34.290390,HE,FIA1,P,?HZ
smi:fi.isuh/event/1496258,2025-02-24 13:38:01.929070,HE,FIA1,S,?HZ
smi:fi.isuh/event/1496258,2025-02-24 13:37:34.290390,HE,FIA0,P,?HZ
smi:fi.isuh/event/1496258,2025-02-24 13:38:04.378610,HE,FIA0,S,?HZ
smi:fi.isuh/event/1496258,2025-02-24 13:38:05.290240,HE,KPF,S,BHZ
smi:fi.isuh/event/1496263,2025-02-24 14:13:43.680000,HE,VUOS,P,BHZ
smi:fi.isuh/event/1496263,2025-02-24 14:13:46.420000,HE,VUOS,S,BHZ
smi:fi.isuh/event/1496263,2025-02-24 14:13:44.380000,HE,KUNI,P,BHZ
smi:fi.isuh/event/1496263,2025-02-24 14:13:47.780000,HE,KUNI,S,BHZ
smi:fi.isuh/event/1496263,2025-02-24 14:13:45.480000,HE,PVF,P,BHZ
smi:fi.isuh/event/1496263,2025-02-24 14:13:49.680000,HE,PVF,S,BHZ
smi:fi.isuh/event/1496263,2025-02-24 14:13:45.760000,HE,HEL1,P,BHZ
smi:fi.isuh/event/1496263,2025-02-24 14:13:49.980000,HE,HEL1,S,BHZ
smi:fi.isuh/event/1496263,2025-02-24 14:13:46.120000,HE,LAUT,P,BHZ
smi:fi.isuh/event/1496263,2025-02-24 14:13:50.540000,HE,LAUT,S,BHZ
smi:fi.isuh/event/1496263,2025-02-24 14:13:46.870000,HE,NUR,P,BHZ
smi:fi.isuh/event/1496263,2025-02-24 14:13:51.900000,HE,NUR,S,BHZ
smi:fi.isuh/event/1496263,2025-02-24 14:13:47.460000,HE,HEL5,P,BHZ
smi:fi.isuh/event/1496263,2025-02-24 14:13:52.780000,HE,HEL5,S,BHZ
smi:fi.isuh/event/1496263,2025-02-24 14:13:49.330000,HE,MEF,P,BHZ
smi:fi.isuh/event/1496263,2025-02-24 14:13:55.980000,HE,MEF,S,BHZ
smi:fi.isuh/event/1496263,2025-02-24 14:13:58.240000,HE,KY17,P,BHZ
smi:fi.isuh/event/1496263,2025-02-24 14:14:12.060000,HE,KY17,S,BHZ
smi:fi.isuh/event/1496263,2025-02-24 14:13:59.870000,HE,VJF,P,BHZ
smi:fi.isuh/event/1496263,2025-02-24 14:14:19.680000,HE,VJF,S,BHZ
smi:fi.isuh/event/1496263,2025-02-24 14:14:00.800000,HE,FIA0,P,SHZ
smi:fi.isuh/event/1496263,2025-02-24 14:14:15.900000,HE,FIA0,S,SHZ
smi:fi.isuh/event/1496263,2025-02-24 14:14:01.780000,HE,TVF,P,BHZ
smi:fi.isuh/event/1496263,2025-02-24 14:14:17.380000,HE,TVF,S,BHZ
smi:fi.isuh/event/1496263,2025-02-24 14:14:05.380000,HE,TRE03,P,BHZ
smi:fi.isuh/event/1496263,2025-02-24 14:14:23.500000,HE,TRE03,S,BHZ
smi:fi.isuh/event/1496263,2025-02-24 14:14:12.980000,HE,KAF,P,BHZ
smi:fi.isuh/event/1496263,2025-02-24 14:14:36.780000,HE,KAF,S,BHZ
smi:fi.isuh/event/1496263,2025-02-24 14:14:13.280000,HE,KEF,P,BHZ
smi:fi.isuh/event/1496263,2025-02-24 14:14:37.660000,HE,KEF,S,BHZ
smi:fi.isuh/event/1496263,2025-02-24 14:14:14.280000,HE,RAF,P,BHZ
smi:fi.isuh/event/1496263,2025-02-24 14:14:39.500000,HE,RAF,S,BHZ
smi:fi.isuh/event/1496263,2025-02-24 14:14:15.180000,HE,KORF,P,BHZ
smi:fi.isuh/event/1496263,2025-02-24 14:14:40.500000,HE,KORF,S,BHZ
smi:fi.isuh/event/1496263,2025-02-24 14:14:16.630000,HE,RUF,P,BHZ
smi:fi.isuh/event/1496263,2025-02-24 14:14:48.100000,HE,KPF,S,BHZ
smi:fi.isuh/event/1496263,2025-02-24 14:14:53.760000,HE,SUF,S,BHZ
smi:fi.isuh/event/1496263,2025-02-24 14:14:40.820000,HE,KJNF,P,BHZ
smi:fi.isuh/event/1496263,2025-02-24 14:15:38.640000,HE,OBF8,S,BHZ
smi:fi.isuh/event/1496275,2025-02-24 15:42:23.835200,HE,HEL5,P,BHZ
smi:fi.isuh/event/1496275,2025-02-24 15:42:25.414690,HE,HEL5,S,BHZ
smi:fi.isuh/event/1496275,2025-02-24 15:42:23.954410,HE,MEF,P,BHZ
smi:fi.isuh/event/1496275,2025-02-24 15:42:25.414690,HE,MEF,S,BHZ
smi:fi.isuh/event/1496275,2025-02-24 15:42:24.901580,HE,LAUT,P,BHZ
smi:fi.isuh/event/1496275,2025-02-24 15:42:26.837400,HE,LAUT,S,BHZ
smi:fi.isuh/event/1496275,2025-02-24 15:42:25.176710,HE,HEL1,P,BHZ
smi:fi.isuh/event/1496275,2025-02-24 15:42:27.357420,HE,HEL1,S,BHZ
smi:fi.isuh/event/1496275,2025-02-24 15:42:26.011810,HE,KUNI,P,BHZ
smi:fi.isuh/event/1496275,2025-02-24 15:42:28.659630,HE,KUNI,S,BHZ
smi:fi.isuh/event/1496275,2025-02-24 15:42:27.553070,HE,VUOS,P,BHZ
smi:fi.isuh/event/1496275,2025-02-24 15:42:31.781680,HE,VUOS,S,BHZ
smi:fi.isuh/event/1496275,2025-02-24 15:42:28.659190,HE,NUR,P,SHZ
smi:fi.isuh/event/1496275,2025-02-24 15:42:33.467210,HE,NUR,S,SHZ
smi:fi.isuh/event/1496262,2025-02-24 16:04:00.160000,FN,RAJF,S,BHZ
smi:fi.isuh/event/1496262,2025-02-24 16:03:46.320000,HE,KEV,P,BHZ
smi:fi.isuh/event/1496262,2025-02-24 16:04:03.960000,HE,KEV,S,BHZ
smi:fi.isuh/event/1496262,2025-02-24 16:04:11.900000,HE,VRF,S,BHZ
smi:fi.isuh/event/1496262,2025-02-24 16:04:05.280000,HE,HEF,P,BHZ
smi:fi.isuh/event/1496262,2025-02-24 16:04:42.980000,HE,HEF,S,BHZ
smi:fi.isuh/event/1496262,2025-02-24 16:04:54.120000,HE,KU6,S,BHZ
smi:fi.isuh/event/1496262,2025-02-24 16:05:06.780000,HE,KIF,S,BHZ
smi:fi.isuh/event/1496261,2025-02-24 16:21:12.060000,HE,KEV,P,BHZ
smi:fi.isuh/event/1496261,2025-02-24 16:21:25.080000,HE,KEV,S,BHZ
smi:fi.isuh/event/1496261,2025-02-24 16:21:32.080000,FN,RAJF,P,BHZ
smi:fi.isuh/event/1496261,2025-02-24 16:21:57.320000,FN,RAJF,S,BHZ
smi:fi.isuh/event/1496261,2025-02-24 16:22:17.430000,HE,KIF,S,BHZ
smi:fi.isuh/event/1496255,2025-02-24 20:15:57.940000,HE,VRF,P,BHZ
smi:fi.isuh/event/1496255,2025-02-24 20:16:17.120000,HE,VRF,S,BHZ
smi:fi.isuh/event/1496255,2025-02-24 20:16:07.720000,FN,OLKF,P,BHZ
smi:fi.isuh/event/1496255,2025-02-24 20:16:36.560000,FN,OLKF,S,BHZ
smi:fi.isuh/event/1496255,2025-02-24 20:16:06.580000,FN,RAJF,P,BHZ
smi:fi.isuh/event/1496255,2025-02-24 20:16:35.400000,FN,RAJF,S,BHZ
smi:fi.isuh/event/1496255,2025-02-24 20:16:09.440000,HE,KU6,P,BHZ
smi:fi.isuh/event/1496255,2025-02-24 20:16:38.280000,HE,KU6,S,BHZ
smi:fi.isuh/event/1496255,2025-02-24 20:17:07.600000,FN,RANF,S,BHZ
smi:fi.isuh/event/1496255,2025-02-24 20:16:20.880000,HE,KEV,P,BHZ
smi:fi.isuh/event/1496255,2025-02-24 20:17:11.280000,HE,KEV,S,BHZ
smi:fi.isuh/event/1496265,2025-02-24 20:22:19.856440,HE,VJF,P,?HZ
smi:fi.isuh/event/1496265,2025-02-24 20:22:26.145330,HE,VJF,S,?HZ
smi:fi.isuh/event/1496265,2025-02-24 20:22:25.183300,HE,KY17,P,CZ
smi:fi.isuh/event/1496265,2025-02-24 20:22:35.829870,HE,KY17,S,CZ
smi:fi.isuh/event/1496265,2025-02-24 20:22:26.374430,HE,RUF,P,BHZ
smi:fi.isuh/event/1496265,2025-02-24 20:22:36.993010,HE,RUF,S,BHZ
smi:fi.isuh/event/1496265,2025-02-24 20:22:27.405370,HE,KY02,P,CZ
smi:fi.isuh/event/1496265,2025-02-24 20:22:39.771250,HE,KY02,S,CZ
smi:fi.isuh/event/1496265,2025-02-24 20:22:45.504280,HE,LOVF,S,CZ
smi:fi.isuh/event/1496265,2025-02-24 20:22:34.804740,HE,PVF,P,CZ
smi:fi.isuh/event/1496265,2025-02-24 20:22:51.525840,HE,PVF,S,CZ
smi:fi.isuh/event/1496265,2025-02-24 20:22:37.137490,HE,FIA1,P,?HZ
smi:fi.isuh/event/1496265,2025-02-24 20:22:56.194780,HE,FIA1,S,?HZ
smi:fi.isuh/event/1496265,2025-02-24 20:22:37.171940,HE,FIA0,P,?HZ
smi:fi.isuh/event/1496265,2025-02-24 20:22:56.194780,HE,FIA0,S,?HZ
smi:fi.isuh/event/1496265,2025-02-24 20:23:06.808840,HE,KUNI,S,BHZ
smi:fi.isuh/event/1496265,2025-02-24 20:22:43.534350,HE,KAF,P,?HZ
smi:fi.isuh/event/1496265,2025-02-24 20:23:07.657620,HE,KAF,S,?HZ
smi:fi.isuh/event/1496265,2025-02-24 20:23:07.622310,HE,HEL1,S,BHZ
smi:fi.isuh/event/1496265,2025-02-24 20:23:08.192470,HE,LAUT,S,BHZ
smi:fi.isuh/event/1496265,2025-02-24 20:22:44.850150,HE,NUR,P,SHZ
smi:fi.isuh/event/1496265,2025-02-24 20:23:09.349890,HE,NUR,S,SHZ
smi:fi.isuh/event/1496265,2025-02-24 20:23:10.129460,HE,HEL5,S,BHZ
smi:fi.isuh/event/1496265,2025-02-24 20:23:13.995470,HE,MEF,S,BHZ
smi:fi.isuh/event/1496368,2025-02-25 04:32:19.720000,HE,VRF,P,BHZ
smi:fi.isuh/event/1496368,2025-02-25 04:32:42.080000,HE,VRF,S,BHZ
smi:fi.isuh/event/1496368,2025-02-25 04:32:29.360000,FN,RAJF,P,BHZ
smi:fi.isuh/event/1496368,2025-02-25 04:32:58.160000,FN,RAJF,S,BHZ
smi:fi.isuh/event/1496368,2025-02-25 04:32:29.080000,FN,OLKF,P,BHZ
smi:fi.isuh/event/1496368,2025-02-25 04:32:59.320000,FN,OLKF,S,BHZ
smi:fi.isuh/event/1496368,2025-02-25 04:32:30.280000,HE,KU6,P,BHZ
smi:fi.isuh/event/1496368,2025-02-25 04:33:00.240000,HE,KU6,S,BHZ
smi:fi.isuh/event/1496368,2025-02-25 04:32:42.000000,HE,KEV,P,BHZ
smi:fi.isuh/event/1496368,2025-02-25 04:33:22.040000,HE,KEV,S,BHZ
smi:fi.isuh/event/1496368,2025-02-25 04:32:46.920000,FN,RANF,P,BHZ
smi:fi.isuh/event/1496368,2025-02-25 04:33:29.200000,FN,RANF,S,BHZ
smi:fi.isuh/event/1496368,2025-02-25 04:32:59.760000,FN,KLF,P,BHZ
smi:fi.isuh/event/1496368,2025-02-25 04:33:36.720000,FN,KLF,S,BHZ
smi:fi.isuh/event/1496368,2025-02-25 04:33:00.040000,HE,HEF,P,BHZ
smi:fi.isuh/event/1496368,2025-02-25 04:33:37.000000,HE,HEF,S,BHZ
smi:fi.isuh/event/1496369,2025-02-25 06:09:00.720000,FN,KLF,P,BHZ
smi:fi.isuh/event/1496369,2025-02-25 06:09:20.400000,FN,KLF,S,BHZ
smi:fi.isuh/event/1496369,2025-02-25 06:09:29.230000,HE,HEF,S,BHZ
smi:fi.isuh/event/1496369,2025-02-25 06:09:10.640000,HE,TOF,P,BHZ
smi:fi.isuh/event/1496369,2025-02-25 06:09:36.260000,HE,TOF,S,BHZ
smi:fi.isuh/event/1496369,2025-02-25 06:10:01.040000,FN,RANF,S,BHZ
smi:fi.isuh/event/1496369,2025-02-25 06:10:26.150000,HE,KJNF,S,BHZ
smi:fi.isuh/event/1496371,2025-02-25 10:10:07.280000,HE,RUF,P,BHZ
smi:fi.isuh/event/1496371,2025-02-25 10:10:12.880000,HE,RUF,S,BHZ
smi:fi.isuh/event/1496371,2025-02-25 10:10:21.440000,HE,VJF,P,BHZ
smi:fi.isuh/event/1496371,2025-02-25 10:10:42.160000,HE,VJF,S,BHZ
smi:fi.isuh/event/1496371,2025-02-25 10:10:22.940000,HE,KY17,P,BHZ
smi:fi.isuh/event/1496371,2025-02-25 10:10:30.700000,HE,FIA0,P,SHZ
smi:fi.isuh/event/1496371,2025-02-25 10:10:56.300000,HE,FIA0,S,SHZ
smi:fi.isuh/event/1496371,2025-02-25 10:10:33.720000,HE,KAF,P,BHZ
smi:fi.isuh/event/1496371,2025-02-25 10:10:58.120000,HE,KAF,S,BHZ
smi:fi.isuh/event/1496371,2025-02-25 10:10:58.560000,HE,JOF,S,BHZ
smi:fi.isuh/event/1496371,2025-02-25 10:10:34.600000,HE,PVF,P,BHZ
smi:fi.isuh/event/1496371,2025-02-25 10:11:10.140000,HE,SUF,S,BHZ
smi:fi.isuh/event/1496371,2025-02-25 10:11:12.560000,HE,NIF,S,BHZ
smi:fi.isuh/event/1496371,2025-02-25 10:10:43.060000,HE,KEF,P,BHZ
smi:fi.isuh/event/1496371,2025-02-25 10:11:16.440000,HE,KEF,S,BHZ
smi:fi.isuh/event/1496371,2025-02-25 10:11:30.620000,HE,RMF,S,BHZ
smi:fi.isuh/event/1496359,2025-02-25 10:17:51.637790,HE,NUR,P,SHZ
smi:fi.isuh/event/1496359,2025-02-25 10:17:57.876720,HE,NUR,S,SHZ
smi:fi.isuh/event/1496359,2025-02-25 10:17:54.179570,HE,TRE03,P,CZ
smi:fi.isuh/event/1496359,2025-02-25 10:18:02.613680,HE,TRE03,S,CZ
smi:fi.isuh/event/1496359,2025-02-25 10:17:56.467180,HE,KUNI,P,BHZ
smi:fi.isuh/event/1496359,2025-02-25 10:18:05.874810,HE,KUNI,S,BHZ
smi:fi.isuh/event/1496359,2025-02-25 10:17:56.285350,HE,PVF,P,CZ
smi:fi.isuh/event/1496359,2025-02-25 10:18:06.423770,HE,PVF,S,CZ
smi:fi.isuh/event/1496359,2025-02-25 10:17:56.850500,HE,MEF,P,BHZ
smi:fi.isuh/event/1496359,2025-02-25 10:18:07.009870,HE,MEF,S,BHZ
smi:fi.isuh/event/1496359,2025-02-25 10:17:57.503550,HE,FIA0,P,?HZ
smi:fi.isuh/event/1496359,2025-02-25 10:18:08.304090,HE,FIA0,S,?HZ
smi:fi.isuh/event/1496359,2025-02-25 10:17:57.503550,HE,FIA1,P,?HZ
smi:fi.isuh/event/1496359,2025-02-25 10:18:08.634500,HE,FIA1,S,?HZ
smi:fi.isuh/event/1496359,2025-02-25 10:18:09.019970,HE,VUOS,S,BHZ
smi:fi.isuh/event/1496359,2025-02-25 10:17:58.319860,HE,LAUT,P,BHZ
smi:fi.isuh/event/1496359,2025-02-25 10:18:08.677470,HE,LAUT,S,BHZ
smi:fi.isuh/event/1496359,2025-02-25 10:17:58.972900,HE,HEL5,P,BHZ
smi:fi.isuh/event/1496359,2025-02-25 10:18:09.889410,HE,HEL5,S,BHZ
smi:fi.isuh/event/1496359,2025-02-25 10:18:13.911350,HE,LOVF,S,CZ
smi:fi.isuh/event/1496359,2025-02-25 10:18:01.585090,HE,KY02,P,CZ
smi:fi.isuh/event/1496359,2025-02-25 10:18:15.625590,HE,KY02,S,CZ
smi:fi.isuh/event/1496359,2025-02-25 10:18:04.115650,HE,KEF,P,?HZ
smi:fi.isuh/event/1496359,2025-02-25 10:18:18.645940,HE,KEF,S,?HZ
smi:fi.isuh/event/1496359,2025-02-25 10:18:04.115650,HE,KY17,P,CZ
smi:fi.isuh/event/1496359,2025-02-25 10:18:19.391840,HE,KY17,S,CZ
smi:fi.isuh/event/1496359,2025-02-25 10:18:06.727830,HE,TVF,P,BHZ
smi:fi.isuh/event/1496359,2025-02-25 10:18:24.107740,HE,TVF,S,BHZ
smi:fi.isuh/event/1496359,2025-02-25 10:18:07.299250,HE,KAF,P,?HZ
smi:fi.isuh/event/1496359,2025-02-25 10:18:24.996940,HE,KAF,S,?HZ
smi:fi.isuh/event/1496359,2025-02-25 10:18:07.625770,HE,RAF,P,BHZ
smi:fi.isuh/event/1496359,2025-02-25 10:18:25.651070,HE,RAF,S,BHZ
smi:fi.isuh/event/1496359,2025-02-25 10:18:09.258390,HE,KPF,P,BHZ
smi:fi.isuh/event/1496359,2025-02-25 10:18:28.196740,HE,KPF,S,BHZ
smi:fi.isuh/event/1496359,2025-02-25 10:18:09.503280,HE,VJF,P,?HZ
smi:fi.isuh/event/1496359,2025-02-25 10:18:29.228140,HE,VJF,S,?HZ
smi:fi.isuh/event/1496359,2025-02-25 10:18:14.029480,HE,KORF,P,CZ
smi:fi.isuh/event/1496359,2025-02-25 10:18:37.213270,HE,KORF,S,CZ
smi:fi.isuh/event/1496359,2025-02-25 10:18:15.546770,HE,SUF,P,BHZ
smi:fi.isuh/event/1496359,2025-02-25 10:18:39.363320,HE,SUF,S,BHZ
smi:fi.isuh/event/1496359,2025-02-25 10:18:19.965200,HE,RUF,P,BHZ
smi:fi.isuh/event/1496359,2025-02-25 10:18:47.748510,HE,RUF,S,BHZ
smi:fi.isuh/event/1496359,2025-02-25 10:18:19.976820,HE,ALAJF,P,?HZ
smi:fi.isuh/event/1496359,2025-02-25 10:18:45.656020,HE,ALAJF,S,?HZ
smi:fi.isuh/event/1496360,2025-02-25 10:33:22.735200,HE,RUF,P,BHZ
smi:fi.isuh/event/1496360,2025-02-25 10:33:27.933900,HE,RUF,S,BHZ
smi:fi.isuh/event/1496360,2025-02-25 10:33:38.665180,HE,KY17,P,CZ
smi:fi.isuh/event/1496360,2025-02-25 10:33:55.142430,HE,KY17,S,CZ
smi:fi.isuh/event/1496360,2025-02-25 10:33:39.416740,HE,KAF,P,?HZ
smi:fi.isuh/event/1496360,2025-02-25 10:33:56.192450,HE,KAF,S,?HZ
smi:fi.isuh/event/1496360,2025-02-25 10:33:41.815250,HE,FIA1,P,?HZ
smi:fi.isuh/event/1496360,2025-02-25 10:34:00.064050,HE,FIA1,S,?HZ
smi:fi.isuh/event/1496360,2025-02-25 10:33:41.810930,HE,FIA0,P,?HZ
smi:fi.isuh/event/1496360,2025-02-25 10:34:00.216740,HE,FIA0,S,?HZ
smi:fi.isuh/event/1496360,2025-02-25 10:33:41.653700,HE,VJF,P,?HZ
smi:fi.isuh/event/1496360,2025-02-25 10:34:00.580200,HE,VJF,S,?HZ
smi:fi.isuh/event/1496360,2025-02-25 10:33:43.349890,HE,JOF,P,BHZ
smi:fi.isuh/event/1496360,2025-02-25 10:34:03.533090,HE,JOF,S,BHZ
smi:fi.isuh/event/1496360,2025-02-25 10:33:44.561450,HE,SUF,P,BHZ
smi:fi.isuh/event/1496360,2025-02-25 10:34:06.046490,HE,SUF,S,BHZ
smi:fi.isuh/event/1496360,2025-02-25 10:33:45.732410,HE,NIF,P,BHZ
smi:fi.isuh/event/1496360,2025-02-25 10:34:07.282020,HE,NIF,S,BHZ
smi:fi.isuh/event/1496360,2025-02-25 10:33:50.299420,HE,PVF,P,CZ
smi:fi.isuh/event/1496360,2025-02-25 10:34:16.528550,HE,PVF,S,CZ
smi:fi.isuh/event/1496360,2025-02-25 10:33:50.942350,HE,KEF,P,?HZ
smi:fi.isuh/event/1496360,2025-02-25 10:34:16.528550,HE,KEF,S,?HZ
smi:fi.isuh/event/1496383,2025-02-25 12:01:22.821290,HE,FIA0,P,?HZ
smi:fi.isuh/event/1496383,2025-02-25 12:01:27.279890,HE,FIA0,S,?HZ
smi:fi.isuh/event/1496383,2025-02-25 12:01:22.821290,HE,FIA1,P,?HZ
smi:fi.isuh/event/1496383,2025-02-25 12:01:27.567540,HE,FIA1,S,?HZ
smi:fi.isuh/event/1496383,2025-02-25 12:01:29.365360,HE,KY02,P,CZ
smi:fi.isuh/event/1496383,2025-02-25 12:01:37.716330,HE,KY02,S,CZ
smi:fi.isuh/event/1496383,2025-02-25 12:01:30.372140,HE,PVF,P,CZ
smi:fi.isuh/event/1496383,2025-02-25 12:01:39.198640,HE,PVF,S,CZ
smi:fi.isuh/event/1496383,2025-02-25 12:01:30.115590,HE,TRE03,P,CZ
smi:fi.isuh/event/1496383,2025-02-25 12:01:39.622990,HE,TRE03,S,CZ
smi:fi.isuh/event/1496383,2025-02-25 12:01:31.666570,HE,KY17,P,CZ
smi:fi.isuh/event/1496383,2025-02-25 12:01:41.535920,HE,KY17,S,CZ
smi:fi.isuh/event/1496383,2025-02-25 12:01:33.176740,HE,LOVF,P,CZ
smi:fi.isuh/event/1496383,2025-02-25 12:01:44.473550,HE,LOVF,S,CZ
smi:fi.isuh/event/1496383,2025-02-25 12:01:34.255440,HE,KAF,P,?HZ
smi:fi.isuh/event/1496383,2025-02-25 12:01:46.264890,HE,KAF,S,?HZ
smi:fi.isuh/event/1496383,2025-02-25 12:01:34.830740,HE,KEF,P,?HZ
smi:fi.isuh/event/1496383,2025-02-25 12:01:47.271670,HE,KEF,S,?HZ
smi:fi.isuh/event/1496383,2025-02-25 12:01:37.980870,HE,MEF,P,BHZ
smi:fi.isuh/event/1496383,2025-02-25 12:01:53.201780,HE,MEF,S,BHZ
smi:fi.isuh/event/1496383,2025-02-25 12:01:38.784220,HE,VJF,P,?HZ
smi:fi.isuh/event/1496383,2025-02-25 12:01:54.464900,HE,VJF,S,?HZ
smi:fi.isuh/event/1496383,2025-02-25 12:01:44.175310,HE,SUF,P,BHZ
smi:fi.isuh/event/1496383,2025-02-25 12:02:03.659820,HE,SUF,S,BHZ
smi:fi.isuh/event/1496383,2025-02-25 12:01:46.323410,HE,RUF,P,BHZ
smi:fi.isuh/event/1496383,2025-02-25 12:02:07.856250,HE,RUF,S,BHZ
smi:fi.isuh/event/1496383,2025-02-25 12:01:48.166800,HE,KPF,P,BHZ
smi:fi.isuh/event/1496383,2025-02-25 12:02:11.074190,HE,KPF,S,BHZ
smi:fi.isuh/event/1496383,2025-02-25 12:02:12.111200,HE,TVF,S,BHZ
smi:fi.isuh/event/1496383,2025-02-25 12:01:50.046900,HE,RAF,P,BHZ
smi:fi.isuh/event/1496383,2025-02-25 12:02:13.232870,HE,RAF,S,BHZ
smi:fi.isuh/event/1496383,2025-02-25 12:01:52.705740,HE,ALAJF,P,?HZ
smi:fi.isuh/event/1496383,2025-02-25 12:02:18.349260,HE,ALAJF,S,?HZ
smi:fi.isuh/event/1496383,2025-02-25 12:02:23.872300,HE,VAF,S,BHZ
smi:fi.isuh/event/1496383,2025-02-25 12:02:25.830790,HE,KORF,S,CZ
smi:fi.isuh/event/1496365,2025-02-25 12:02:10.270920,HE,NIF,P,BHZ
smi:fi.isuh/event/1496365,2025-02-25 12:02:21.898350,HE,NIF,S,BHZ
smi:fi.isuh/event/1496365,2025-02-25 12:02:12.412970,HE,JOF,P,BHZ
smi:fi.isuh/event/1496365,2025-02-25 12:02:24.772700,HE,JOF,S,BHZ
smi:fi.isuh/event/1496365,2025-02-25 12:02:38.661610,HE,RUF,S,BHZ
smi:fi.isuh/event/1496365,2025-02-25 12:02:20.597440,HE,RMF,P,BHZ
smi:fi.isuh/event/1496365,2025-02-25 12:02:38.844090,HE,RMF,S,BHZ
smi:fi.isuh/event/1496365,2025-02-25 12:02:39.719350,HE,SUF,S,BHZ
smi:fi.isuh/event/1496365,2025-02-25 12:02:22.760650,HE,KAF,P,?HZ
smi:fi.isuh/event/1496365,2025-02-25 12:02:42.125740,HE,KAF,S,?HZ
smi:fi.isuh/event/1496365,2025-02-25 12:02:32.139350,HE,KEF,P,?HZ
smi:fi.isuh/event/1496365,2025-02-25 12:02:59.124820,HE,KEF,S,?HZ
smi:fi.isuh/event/1496365,2025-02-25 12:03:07.334550,HE,ALAJF,S,?HZ
smi:fi.isuh/event/1496380,2025-02-25 12:05:18.080000,HE,VRF,P,BHZ
smi:fi.isuh/event/1496380,2025-02-25 12:05:37.720000,HE,VRF,S,BHZ
smi:fi.isuh/event/1496380,2025-02-25 12:05:27.580000,FN,RAJF,P,BHZ
smi:fi.isuh/event/1496380,2025-02-25 12:05:55.680000,FN,RAJF,S,BHZ
smi:fi.isuh/event/1496380,2025-02-25 12:05:28.580000,FN,OLKF,P,BHZ
smi:fi.isuh/event/1496380,2025-02-25 12:05:56.400000,FN,OLKF,S,BHZ
smi:fi.isuh/event/1496380,2025-02-25 12:05:37.630000,HE,KU2,P,BHZ
smi:fi.isuh/event/1496380,2025-02-25 12:06:21.680000,HE,KU2,S,BHZ
smi:fi.isuh/event/1496380,2025-02-25 12:05:41.400000,HE,KEV,P,BHZ
smi:fi.isuh/event/1496380,2025-02-25 12:06:47.320000,HE,HEF,S,BHZ
smi:fi.isuh/event/1496380,2025-02-25 12:06:50.720000,HE,TOF,S,BHZ
smi:fi.isuh/event/1496384,2025-02-25 12:19:00.940350,HE,KPF,P,BHZ
smi:fi.isuh/event/1496384,2025-02-25 12:19:04.547190,HE,KPF,S,BHZ
smi:fi.isuh/event/1496384,2025-02-25 12:19:07.363330,HE,RAF,P,BHZ
smi:fi.isuh/event/1496384,2025-02-25 12:19:16.067810,HE,RAF,S,BHZ
smi:fi.isuh/event/1496384,2025-02-25 12:19:18.051710,HE,TRE03,P,CZ
smi:fi.isuh/event/1496384,2025-02-25 12:19:34.177930,HE,TRE03,S,CZ
smi:fi.isuh/event/1496384,2025-02-25 12:19:22.832940,HE,VAF,P,BHZ
smi:fi.isuh/event/1496384,2025-02-25 12:19:42.544370,HE,VAF,S,BHZ
smi:fi.isuh/event/1496384,2025-02-25 12:19:23.468790,HE,KORF,P,CZ
smi:fi.isuh/event/1496384,2025-02-25 12:19:43.392180,HE,KORF,S,CZ
smi:fi.isuh/event/1496384,2025-02-25 12:19:25.058420,HE,KEF,P,?HZ
smi:fi.isuh/event/1496384,2025-02-25 12:19:46.147540,HE,KEF,S,?HZ
smi:fi.isuh/event/1496384,2025-02-25 12:19:26.118180,UP,AAL,P,BHZ
smi:fi.isuh/event/1496384,2025-02-25 12:19:47.883780,UP,AAL,S,BHZ
smi:fi.isuh/event/1496384,2025-02-25 12:19:27.071950,HE,ECKF,P,CZ
smi:fi.isuh/event/1496384,2025-02-25 12:19:49.750700,HE,ECKF,S,CZ
smi:fi.isuh/event/1496384,2025-02-25 12:19:28.977280,HE,NUR,P,SHZ
smi:fi.isuh/event/1496384,2025-02-25 12:19:52.506070,HE,NUR,S,SHZ
smi:fi.isuh/event/1496384,2025-02-25 12:19:29.721340,HE,ALAJF,P,?HZ
smi:fi.isuh/event/1496384,2025-02-25 12:19:53.400080,HE,ALAJF,S,?HZ
smi:fi.isuh/event/1496384,2025-02-25 12:19:55.643790,HE,MEF,S,BHZ
smi:fi.isuh/event/1496384,2025-02-25 12:19:55.821640,HE,TVF,S,BHZ
smi:fi.isuh/event/1496361,2025-02-25 12:32:22.240000,HE,VRF,P,BHZ
smi:fi.isuh/event/1496361,2025-02-25 12:32:27.140000,HE,VRF,S,BHZ
smi:fi.isuh/event/1496361,2025-02-25 12:32:37.380000,FN,RAJF,P,BHZ
smi:fi.isuh/event/1496361,2025-02-25 12:32:53.160000,FN,RAJF,S,BHZ
smi:fi.isuh/event/1496361,2025-02-25 12:32:39.480000,FN,OLKF,P,BHZ
smi:fi.isuh/event/1496361,2025-02-25 12:32:57.680000,FN,OLKF,S,BHZ
smi:fi.isuh/event/1496361,2025-02-25 12:32:45.500000,HE,KU6,P,BHZ
smi:fi.isuh/event/1496361,2025-02-25 12:32:52.380000,HE,KU1,P,BHZ
smi:fi.isuh/event/1496361,2025-02-25 12:32:53.080000,HE,KU2,P,BHZ
smi:fi.isuh/event/1496361,2025-02-25 12:32:53.240000,FN,RANF,P,BHZ
smi:fi.isuh/event/1496361,2025-02-25 12:33:20.960000,FN,RANF,S,BHZ
smi:fi.isuh/event/1496361,2025-02-25 12:32:57.780000,FN,KLF,P,BHZ
smi:fi.isuh/event/1496361,2025-02-25 12:33:32.680000,FN,KLF,S,BHZ
smi:fi.isuh/event/1496361,2025-02-25 12:32:58.380000,HE,KEV,P,BHZ
smi:fi.isuh/event/1496361,2025-02-25 12:33:32.040000,HE,KEV,S,BHZ
smi:fi.isuh/event/1496361,2025-02-25 12:33:00.780000,HE,HEF,P,BHZ
smi:fi.isuh/event/1496361,2025-02-25 12:33:37.240000,HE,HEF,S,BHZ
smi:fi.isuh/event/1496361,2025-02-25 12:33:10.750000,HE,RMF,P,BHZ
smi:fi.isuh/event/1496361,2025-02-25 12:33:17.100000,HE,KIF,P,BHZ
smi:fi.isuh/event/1496737,2025-02-25 13:20:44.551260,HE,OBF3,P,BHZ
smi:fi.isuh/event/1496737,2025-02-25 13:20:52.306590,HE,OBF3,S,BHZ
smi:fi.isuh/event/1496737,2025-02-25 13:20:46.379240,HE,OUF,P,BHZ
smi:fi.isuh/event/1496737,2025-02-25 13:20:55.800800,HE,OUF,S,BHZ
smi:fi.isuh/event/1496737,2025-02-25 13:20:48.997900,HE,OBF0,P,BHZ
smi:fi.isuh/event/1496737,2025-02-25 13:20:59.679220,HE,OBF0,S,BHZ
smi:fi.isuh/event/1496737,2025-02-25 13:20:55.547030,HE,OBF8,P,BHZ
smi:fi.isuh/event/1496737,2025-02-25 13:21:11.660470,HE,OBF8,S,BHZ
smi:fi.isuh/event/1496737,2025-02-25 13:20:55.885240,FN,RANF,P,?HZ
smi:fi.isuh/event/1496737,2025-02-25 13:21:12.489370,FN,RANF,S,?HZ
smi:fi.isuh/event/1496737,2025-02-25 13:20:55.885240,HE,KU2,P,SHZ
smi:fi.isuh/event/1496737,2025-02-25 13:21:12.488290,HE,KU2,S,SHZ
smi:fi.isuh/event/1496737,2025-02-25 13:20:59.733430,HE,TOF,P,BHZ
smi:fi.isuh/event/1496737,2025-02-25 13:21:19.561370,HE,TOF,S,BHZ
smi:fi.isuh/event/1496737,2025-02-25 13:21:00.646560,HE,NIF,P,BHZ
smi:fi.isuh/event/1496737,2025-02-25 13:21:20.865840,HE,NIF,S,BHZ
smi:fi.isuh/event/1496737,2025-02-25 13:21:02.146700,HE,KU1,P,SHZ
smi:fi.isuh/event/1496737,2025-02-25 13:21:23.605230,HE,KU1,S,SHZ
smi:fi.isuh/event/1496737,2025-02-25 13:21:03.615310,HE,RMF,P,BHZ
smi:fi.isuh/event/1496737,2025-02-25 13:21:25.866890,HE,RMF,S,BHZ
smi:fi.isuh/event/1496737,2025-02-25 13:21:30.191070,HE,ALAJF,S,?HZ
smi:fi.isuh/event/1496737,2025-02-25 13:21:33.858060,HE,KU6,S,BHZ
smi:fi.isuh/event/1496737,2025-02-25 13:21:35.246330,HE,SUF,S,BHZ
smi:fi.isuh/event/1496737,2025-02-25 13:21:08.408150,FN,OLKF,P,BHZ
smi:fi.isuh/event/1496737,2025-02-25 13:21:35.467480,FN,OLKF,S,BHZ
smi:fi.isuh/event/1496742,2025-02-25 13:48:41.166630,HE,TRE03,P,CZ
smi:fi.isuh/event/1496742,2025-02-25 13:48:46.277700,HE,TRE03,S,CZ
smi:fi.isuh/event/1496742,2025-02-25 13:48:50.769940,HE,KPF,P,BHZ
smi:fi.isuh/event/1496742,2025-02-25 13:49:02.602410,HE,KPF,S,BHZ
smi:fi.isuh/event/1496742,2025-02-25 13:48:52.238290,HE,RAF,P,BHZ
smi:fi.isuh/event/1496742,2025-02-25 13:49:05.135010,HE,RAF,S,BHZ
smi:fi.isuh/event/1496742,2025-02-25 13:48:52.407420,HE,KEF,P,?HZ
smi:fi.isuh/event/1496742,2025-02-25 13:49:05.304500,HE,KEF,S,?HZ
smi:fi.isuh/event/1496742,2025-02-25 13:48:55.438970,HE,FIA0,P,?HZ
smi:fi.isuh/event/1496742,2025-02-25 13:49:10.213110,HE,FIA0,S,?HZ
smi:fi.isuh/event/1496742,2025-02-25 13:48:55.350780,HE,FIA1,P,?HZ
smi:fi.isuh/event/1496742,2025-02-25 13:49:11.148080,HE,FIA1,S,?HZ
smi:fi.isuh/event/1496742,2025-02-25 13:48:56.320900,HE,MEF,P,BHZ
smi:fi.isuh/event/1496742,2025-02-25 13:49:11.148080,HE,MEF,S,BHZ
smi:fi.isuh/event/1496742,2025-02-25 13:48:58.992370,HE,PVF,P,CZ
smi:fi.isuh/event/1496742,2025-02-25 13:49:15.939820,HE,PVF,S,CZ
smi:fi.isuh/event/1496742,2025-02-25 13:49:00.746500,HE,KAF,P,?HZ
smi:fi.isuh/event/1496742,2025-02-25 13:49:19.652170,HE,KAF,S,?HZ
smi:fi.isuh/event/1496742,2025-02-25 13:49:21.829550,HE,TVF,S,BHZ
smi:fi.isuh/event/1496742,2025-02-25 13:49:02.616450,HE,LOVF,P,CZ
smi:fi.isuh/event/1496742,2025-02-25 13:49:22.718380,HE,LOVF,S,CZ
smi:fi.isuh/event/1496742,2025-02-25 13:49:04.018910,HE,KORF,P,CZ
smi:fi.isuh/event/1496742,2025-02-25 13:49:24.705200,HE,KORF,S,CZ
smi:fi.isuh/event/1496742,2025-02-25 13:49:04.603270,HE,KY17,P,CZ
smi:fi.isuh/event/1496742,2025-02-25 13:49:26.692020,HE,KY17,S,CZ
smi:fi.isuh/event/1496742,2025-02-25 13:49:06.343530,HE,VAF,P,BHZ
smi:fi.isuh/event/1496742,2025-02-25 13:49:28.684630,HE,VAF,S,BHZ
smi:fi.isuh/event/1496742,2025-02-25 13:49:06.590090,HE,ALAJF,P,?HZ
smi:fi.isuh/event/1496742,2025-02-25 13:49:29.730680,HE,ALAJF,S,?HZ
smi:fi.isuh/event/1496742,2025-02-25 13:49:30.275910,HE,SUF,S,BHZ
smi:fi.isuh/event/1496745,2025-02-25 15:53:35.446200,HE,HEL5,P,BHZ
smi:fi.isuh/event/1496745,2025-02-25 15:53:36.830980,HE,HEL5,S,BHZ
smi:fi.isuh/event/1496745,2025-02-25 15:53:35.583760,HE,MEF,P,BHZ
smi:fi.isuh/event/1496745,2025-02-25 15:53:37.372080,HE,MEF,S,BHZ
smi:fi.isuh/event/1496745,2025-02-25 15:53:36.487750,HE,LAUT,P,BHZ
smi:fi.isuh/event/1496745,2025-02-25 15:53:38.826320,HE,LAUT,S,BHZ
smi:fi.isuh/event/1496745,2025-02-25 15:53:36.693120,HE,HEL1,P,BHZ
smi:fi.isuh/event/1496745,2025-02-25 15:53:38.802130,HE,HEL1,S,BHZ
smi:fi.isuh/event/1496745,2025-02-25 15:53:37.214220,HE,RSUO,P,BHZ
smi:fi.isuh/event/1496745,2025-02-25 15:53:39.490600,HE,RSUO,S,BHZ
smi:fi.isuh/event/1496745,2025-02-25 15:53:37.680470,HE,KUNI,P,BHZ
smi:fi.isuh/event/1496745,2025-02-25 15:53:40.587650,HE,KUNI,S,BHZ
smi:fi.isuh/event/1496745,2025-02-25 15:53:39.245790,HE,VUOS,P,BHZ
smi:fi.isuh/event/1496745,2025-02-25 15:53:42.965520,HE,VUOS,S,BHZ
smi:fi.isuh/event/1496745,2025-02-25 15:53:45.109660,HE,NUR,S,SHZ
smi:fi.isuh/event/1496363,2025-02-25 16:44:40.280000,HE,HEF,P,BHZ
smi:fi.isuh/event/1496363,2025-02-25 16:44:51.480000,HE,HEF,S,BHZ
smi:fi.isuh/event/1496363,2025-02-25 16:44:41.980000,FN,KLF,P,BHZ
smi:fi.isuh/event/1496363,2025-02-25 16:44:54.280000,FN,KLF,S,BHZ
smi:fi.isuh/event/1496363,2025-02-25 16:44:49.740000,FN,RAJF,P,BHZ
smi:fi.isuh/event/1496363,2025-02-25 16:45:16.680000,HE,VRF,S,BHZ
smi:fi.isuh/event/1496363,2025-02-25 16:45:00.060000,HE,KEV,P,BHZ
smi:fi.isuh/event/1496363,2025-02-25 16:45:25.400000,HE,KEV,S,BHZ
smi:fi.isuh/event/1496363,2025-02-25 16:45:01.720000,FN,RANF,P,BHZ
smi:fi.isuh/event/1496363,2025-02-25 16:45:28.600000,FN,RANF,S,BHZ
smi:fi.isuh/event/1496363,2025-02-25 16:45:29.480000,HE,KIF,S,BHZ
smi:fi.isuh/event/1496363,2025-02-25 16:45:35.900000,FN,OLKF,S,BHZ
smi:fi.isuh/event/1496363,2025-02-25 16:46:07.610000,HE,KJNF,S,BHZ
smi:fi.isuh/event/1496377,2025-02-25 16:47:24.320000,FN,KLF,P,BHZ
smi:fi.isuh/event/1496377,2025-02-25 16:47:54.960000,HE,HEF,S,BHZ
smi:fi.isuh/event/1496377,2025-02-25 16:47:32.400000,HE,KIF,P,BHZ
smi:fi.isuh/event/1496377,2025-02-25 16:47:34.160000,HE,TOF,P,BHZ
smi:fi.isuh/event/1496377,2025-02-25 16:47:58.800000,HE,TOF,S,BHZ
smi:fi.isuh/event/1496377,2025-02-25 16:48:23.640000,FN,RANF,S,BHZ
smi:fi.isuh/event/1496377,2025-02-25 16:48:48.260000,HE,VRF,S,BHZ
smi:fi.isuh/event/1496404,2025-02-25 18:40:12.010000,HE,RSUO,P,BHZ
smi:fi.isuh/event/1496404,2025-02-25 18:40:12.190000,HE,RSUO,S,BHZ
smi:fi.isuh/event/1496404,2025-02-25 18:40:12.190000,HE,HEL1,P,BHZ
smi:fi.isuh/event/1496404,2025-02-25 18:40:12.576000,HE,HEL1,S,BHZ
smi:fi.isuh/event/1496404,2025-02-25 18:40:12.690000,HE,LAUT,P,BHZ
smi:fi.isuh/event/1496404,2025-02-25 18:40:13.380000,HE,LAUT,S,BHZ
smi:fi.isuh/event/1496404,2025-02-25 18:40:13.200000,HE,KUNI,P,BHZ
smi:fi.isuh/event/1496404,2025-02-25 18:40:13.980000,HE,KUNI,S,BHZ
smi:fi.isuh/event/1496404,2025-02-25 18:40:13.810000,HE,VUOS,P,BHZ
smi:fi.isuh/event/1496404,2025-02-25 18:40:15.270000,HE,VUOS,S,BHZ
smi:fi.isuh/event/1496406,2025-02-25 18:40:22.464800,HE,RSUO,P,BHZ
smi:fi.isuh/event/1496406,2025-02-25 18:40:22.588750,HE,RSUO,S,BHZ
smi:fi.isuh/event/1496406,2025-02-25 18:40:22.627360,HE,HEL1,P,BHZ
smi:fi.isuh/event/1496406,2025-02-25 18:40:22.918130,HE,HEL1,S,BHZ
smi:fi.isuh/event/1496406,2025-02-25 18:40:23.232630,HE,LAUT,P,BHZ
smi:fi.isuh/event/1496406,2025-02-25 18:40:23.777160,HE,LAUT,S,BHZ
smi:fi.isuh/event/1496406,2025-02-25 18:40:23.560210,HE,KUNI,P,BHZ
smi:fi.isuh/event/1496406,2025-02-25 18:40:24.678250,HE,KUNI,S,BHZ
smi:fi.isuh/event/1496406,2025-02-25 18:40:25.720020,HE,VUOS,S,BHZ
smi:fi.isuh/event/1496406,2025-02-25 18:40:25.804390,HE,HEL5,S,BHZ
smi:fi.isuh/event/1496358,2025-02-25 23:54:41.000000,HE,VRF,P,BHZ
smi:fi.isuh/event/1496358,2025-02-25 23:55:03.120000,HE,VRF,S,BHZ
smi:fi.isuh/event/1496358,2025-02-25 23:54:50.720000,FN,OLKF,P,BHZ
smi:fi.isuh/event/1496358,2025-02-25 23:55:20.440000,FN,OLKF,S,BHZ
smi:fi.isuh/event/1496358,2025-02-25 23:54:51.040000,HE,KU6,P,BHZ
smi:fi.isuh/event/1496358,2025-02-25 23:55:21.800000,HE,KU6,S,BHZ
smi:fi.isuh/event/1496358,2025-02-25 23:54:50.240000,FN,RAJF,P,BHZ
smi:fi.isuh/event/1496358,2025-02-25 23:55:19.560000,FN,RAJF,S,BHZ
smi:fi.isuh/event/1496358,2025-02-25 23:55:08.160000,FN,RANF,P,BHZ
smi:fi.isuh/event/1496358,2025-02-25 23:55:50.440000,FN,RANF,S,BHZ
smi:fi.isuh/event/1496358,2025-02-25 23:55:04.000000,HE,KEV,P,BHZ
smi:fi.isuh/event/1496358,2025-02-25 23:55:42.920000,HE,KEV,S,BHZ
smi:fi.isuh/event/1496358,2025-02-25 23:55:21.040000,HE,HEF,P,BHZ
smi:fi.isuh/event/1496358,2025-02-25 23:55:58.840000,HE,HEF,S,BHZ
smi:fi.isuh/event/1496358,2025-02-25 23:56:02.200000,HE,TOF,S,BHZ
smi:fi.isuh/event/1496587,2025-02-26 09:42:48.960000,HE,MEF,P,BHZ
smi:fi.isuh/event/1496587,2025-02-26 09:42:50.880000,HE,MEF,S,BHZ
smi:fi.isuh/event/1496587,2025-02-26 09:42:49.260000,HE,HEL5,P,BHZ
smi:fi.isuh/event/1496587,2025-02-26 09:42:50.380000,HE,LAUT,P,BHZ
smi:fi.isuh/event/1496587,2025-02-26 09:42:52.250000,HE,LAUT,S,BHZ
smi:fi.isuh/event/1496587,2025-02-26 09:42:50.700000,HE,HEL1,P,BHZ
smi:fi.isuh/event/1496587,2025-02-26 09:42:52.980000,HE,HEL1,S,BHZ
smi:fi.isuh/event/1496587,2025-02-26 09:42:51.600000,HE,KUNI,P,BHZ
smi:fi.isuh/event/1496587,2025-02-26 09:42:54.480000,HE,KUNI,S,BHZ
smi:fi.isuh/event/1496587,2025-02-26 09:42:53.620000,HE,VUOS,P,BHZ
smi:fi.isuh/event/1496587,2025-02-26 09:42:57.080000,HE,VUOS,S,BHZ
smi:fi.isuh/event/1496587,2025-02-26 09:42:54.320000,HE,NUR,P,BHZ
smi:fi.isuh/event/1496587,2025-02-26 09:43:00.880000,HE,TVF,P,BHZ
smi:fi.isuh/event/1496587,2025-02-26 09:43:02.080000,HE,PVF,P,BHZ
smi:fi.isuh/event/1496587,2025-02-26 09:43:11.940000,HE,PVF,S,BHZ
smi:fi.isuh/event/1496587,2025-02-26 09:43:15.660000,HE,KY17,P,BHZ
smi:fi.isuh/event/1496587,2025-02-26 09:43:33.680000,HE,KY17,S,BHZ
smi:fi.isuh/event/1496587,2025-02-26 09:43:16.600000,HE,FIA0,P,SHZ
smi:fi.isuh/event/1496587,2025-02-26 09:43:37.900000,HE,FIA0,S,SHZ
smi:fi.isuh/event/1496587,2025-02-26 09:43:15.630000,HE,KORF,P,BHZ
smi:fi.isuh/event/1496587,2025-02-26 09:43:36.260000,HE,VJF,S,BHZ
smi:fi.isuh/event/1496587,2025-02-26 09:43:17.430000,HE,RAF,P,BHZ
smi:fi.isuh/event/1496587,2025-02-26 09:43:51.000000,HE,KEF,S,BHZ
smi:fi.isuh/event/1496587,2025-02-26 09:43:54.960000,HE,KAF,S,BHZ
smi:fi.isuh/event/1496587,2025-02-26 09:43:25.400000,UP,AAL,P,BHZ
smi:fi.isuh/event/1496587,2025-02-26 09:44:05.180000,HE,ECKF,S,BHZ
smi:fi.isuh/event/1496588,2025-02-26 10:49:46.890000,HE,KORF,P,BHZ
smi:fi.isuh/event/1496588,2025-02-26 10:49:54.980000,HE,KORF,S,BHZ
smi:fi.isuh/event/1496588,2025-02-26 10:49:48.380000,HE,RAF,P,BHZ
smi:fi.isuh/event/1496588,2025-02-26 10:49:58.360000,HE,RAF,S,BHZ
smi:fi.isuh/event/1496588,2025-02-26 10:49:54.930000,HE,MEF,P,BHZ
smi:fi.isuh/event/1496588,2025-02-26 10:50:10.580000,HE,NUR,S,BHZ
smi:fi.isuh/event/1496588,2025-02-26 10:49:59.300000,UP,AAL,P,BHZ
smi:fi.isuh/event/1496588,2025-02-26 10:50:21.230000,UP,AAL,S,BHZ
smi:fi.isuh/event/1496588,2025-02-26 10:50:02.280000,HE,KPF,P,BHZ
smi:fi.isuh/event/1496588,2025-02-26 10:50:20.980000,HE,KPF,S,BHZ
smi:fi.isuh/event/1496588,2025-02-26 10:50:03.380000,HE,TRE03,P,BHZ
smi:fi.isuh/event/1496588,2025-02-26 10:50:23.060000,HE,TRE03,S,BHZ
smi:fi.isuh/event/1496588,2025-02-26 10:50:03.250000,HE,ECKF,P,BHZ
smi:fi.isuh/event/1496588,2025-02-26 10:50:22.340000,HE,ECKF,S,BHZ
smi:fi.isuh/event/1496588,2025-02-26 10:50:08.050000,HE,PVF,P,BHZ
smi:fi.isuh/event/1496588,2025-02-26 10:50:30.180000,HE,PVF,S,BHZ
smi:fi.isuh/event/1496588,2025-02-26 10:50:14.530000,HE,KEF,P,BHZ
smi:fi.isuh/event/1496588,2025-02-26 10:50:54.180000,HE,KAF,S,BHZ
smi:fi.isuh/event/1496588,2025-02-26 10:50:45.430000,HE,OBF8,P,BHZ
smi:fi.isuh/event/1496588,2025-02-26 10:51:30.040000,HE,OBF8,S,BHZ
smi:fi.isuh/event/1496589,2025-02-26 10:56:23.080000,HE,NIF,P,BHZ
smi:fi.isuh/event/1496589,2025-02-26 10:56:28.020000,HE,NIF,S,BHZ
smi:fi.isuh/event/1496589,2025-02-26 10:56:30.560000,HE,SUF,P,BHZ
smi:fi.isuh/event/1496589,2025-02-26 10:56:40.220000,HE,SUF,S,BHZ
smi:fi.isuh/event/1496589,2025-02-26 10:56:36.780000,HE,KAF,P,BHZ
smi:fi.isuh/event/1496589,2025-02-26 10:56:52.980000,HE,KAF,S,BHZ
smi:fi.isuh/event/1496589,2025-02-26 10:56:44.870000,HE,RMF,P,BHZ
smi:fi.isuh/event/1496589,2025-02-26 10:57:06.280000,HE,RMF,S,BHZ
smi:fi.isuh/event/1496589,2025-02-26 10:56:44.960000,HE,KEF,P,BHZ
smi:fi.isuh/event/1496589,2025-02-26 10:57:05.400000,HE,KEF,S,BHZ
smi:fi.isuh/event/1496589,2025-02-26 10:56:46.400000,HE,JOF,P,BHZ
smi:fi.isuh/event/1496589,2025-02-26 10:57:07.680000,HE,JOF,S,BHZ
smi:fi.isuh/event/1496589,2025-02-26 10:56:47.140000,HE,RUF,P,BHZ
smi:fi.isuh/event/1496589,2025-02-26 10:57:10.680000,HE,RUF,S,BHZ
smi:fi.isuh/event/1496589,2025-02-26 10:56:48.000000,HE,FIA0,P,SHZ
smi:fi.isuh/event/1496589,2025-02-26 10:57:13.100000,HE,FIA0,S,SHZ
smi:fi.isuh/event/1496589,2025-02-26 10:56:50.480000,HE,OUF,P,BHZ
smi:fi.isuh/event/1496589,2025-02-26 10:57:15.280000,HE,OUF,S,BHZ
smi:fi.isuh/event/1496589,2025-02-26 10:57:23.540000,HE,KY17,S,BHZ
smi:fi.isuh/event/1496589,2025-02-26 10:56:55.260000,HE,OBF0,P,BHZ
smi:fi.isuh/event/1496589,2025-02-26 10:57:23.480000,HE,OBF0,S,BHZ
smi:fi.isuh/event/1496589,2025-02-26 10:57:23.540000,HE,TRE03,S,BHZ
smi:fi.isuh/event/1496589,2025-02-26 10:56:56.940000,HE,OBF3,P,BHZ
smi:fi.isuh/event/1496589,2025-02-26 10:57:26.460000,HE,OBF3,S,BHZ
smi:fi.isuh/event/1496589,2025-02-26 10:56:56.960000,HE,VAF,P,BHZ
smi:fi.isuh/event/1496589,2025-02-26 10:57:26.640000,HE,VAF,S,BHZ
smi:fi.isuh/event/1496589,2025-02-26 10:56:57.180000,HE,OBF8,P,BHZ
smi:fi.isuh/event/1496589,2025-02-26 10:57:27.640000,HE,OBF8,S,BHZ
smi:fi.isuh/event/1496589,2025-02-26 10:57:02.880000,HE,KU1,P,BHZ
smi:fi.isuh/event/1496589,2025-02-26 10:57:37.760000,HE,KU1,S,BHZ
smi:fi.isuh/event/1496589,2025-02-26 10:57:03.820000,HE,KU2,P,BHZ
smi:fi.isuh/event/1496589,2025-02-26 10:57:37.540000,HE,KU2,S,BHZ
smi:fi.isuh/event/1496589,2025-02-26 10:57:46.080000,FN,RANF,S,BHZ
smi:fi.isuh/event/1496603,2025-02-26 11:38:08.580000,HE,NIF,P,BHZ
smi:fi.isuh/event/1496603,2025-02-26 11:38:12.380000,HE,NIF,S,BHZ
smi:fi.isuh/event/1496603,2025-02-26 11:38:29.180000,HE,SUF,S,BHZ
smi:fi.isuh/event/1496603,2025-02-26 11:38:25.630000,HE,KAF,P,BHZ
smi:fi.isuh/event/1496603,2025-02-26 11:38:41.920000,HE,KAF,S,BHZ
smi:fi.isuh/event/1496603,2025-02-26 11:38:53.380000,HE,RMF,S,BHZ
smi:fi.isuh/event/1496603,2025-02-26 11:38:33.280000,HE,JOF,P,BHZ
smi:fi.isuh/event/1496603,2025-02-26 11:38:55.120000,HE,JOF,S,BHZ
smi:fi.isuh/event/1496603,2025-02-26 11:38:54.640000,HE,KEF,S,BHZ
smi:fi.isuh/event/1496603,2025-02-26 11:38:58.880000,HE,RUF,S,BHZ
smi:fi.isuh/event/1496603,2025-02-26 11:38:36.940000,HE,OUF,P,BHZ
smi:fi.isuh/event/1496603,2025-02-26 11:38:59.780000,HE,OUF,S,BHZ
smi:fi.isuh/event/1496603,2025-02-26 11:39:00.600000,HE,FIA0,S,SHZ
smi:fi.isuh/event/1496603,2025-02-26 11:39:03.780000,HE,OBF0,S,BHZ
smi:fi.isuh/event/1496603,2025-02-26 11:39:05.580000,HE,OBF3,S,BHZ
smi:fi.isuh/event/1496603,2025-02-26 11:39:06.280000,HE,KY17,S,BHZ
smi:fi.isuh/event/1496603,2025-02-26 11:39:06.880000,HE,TRE03,S,BHZ
smi:fi.isuh/event/1496603,2025-02-26 11:39:12.780000,HE,VAF,S,BHZ
smi:fi.isuh/event/1496603,2025-02-26 11:39:31.120000,FN,RANF,S,BHZ
smi:fi.isuh/event/1496590,2025-02-26 12:14:39.180000,HE,TVF,P,BHZ
smi:fi.isuh/event/1496590,2025-02-26 12:14:46.100000,HE,TVF,S,BHZ
smi:fi.isuh/event/1496590,2025-02-26 12:14:40.380000,HE,MEF,P,BHZ
smi:fi.isuh/event/1496590,2025-02-26 12:14:48.800000,HE,MEF,S,BHZ
smi:fi.isuh/event/1496590,2025-02-26 12:14:44.440000,HE,HEL5,P,BHZ
smi:fi.isuh/event/1496590,2025-02-26 12:14:46.130000,HE,KORF,P,BHZ
smi:fi.isuh/event/1496590,2025-02-26 12:14:46.880000,HE,RAF,P,BHZ
smi:fi.isuh/event/1496590,2025-02-26 12:15:01.720000,HE,RAF,S,BHZ
smi:fi.isuh/event/1496590,2025-02-26 12:14:54.900000,HE,PVF,P,BHZ
smi:fi.isuh/event/1496590,2025-02-26 12:14:55.040000,HE,TRE03,P,BHZ
smi:fi.isuh/event/1496590,2025-02-26 12:15:20.280000,UP,AAL,S,BHZ
smi:fi.isuh/event/1496590,2025-02-26 12:15:02.680000,HE,ECKF,P,BHZ
smi:fi.isuh/event/1496590,2025-02-26 12:15:28.380000,HE,ECKF,S,BHZ
smi:fi.isuh/event/1496590,2025-02-26 12:15:52.660000,HE,SUF,S,BHZ
smi:fi.isuh/event/1496590,2025-02-26 12:16:13.780000,HE,OBF8,S,BHZ
smi:fi.isuh/event/1496591,2025-02-26 12:20:19.840000,HE,TOF,P,BHZ
smi:fi.isuh/event/1496591,2025-02-26 12:20:34.400000,HE,TOF,S,BHZ
smi:fi.isuh/event/1496591,2025-02-26 12:20:27.220000,HE,OBF3,P,BHZ
smi:fi.isuh/event/1496591,2025-02-26 12:20:29.060000,HE,OBF0,P,BHZ
smi:fi.isuh/event/1496591,2025-02-26 12:20:32.360000,FN,KLF,P,BHZ
smi:fi.isuh/event/1496591,2025-02-26 12:20:56.400000,FN,KLF,S,BHZ
smi:fi.isuh/event/1496591,2025-02-26 12:20:36.600000,FN,RANF,P,BHZ
smi:fi.isuh/event/1496591,2025-02-26 12:21:02.880000,FN,RANF,S,BHZ
smi:fi.isuh/event/1496591,2025-02-26 12:20:46.560000,HE,KU2,P,BHZ
smi:fi.isuh/event/1496591,2025-02-26 12:20:46.330000,HE,VAF,P,BHZ
smi:fi.isuh/event/1496591,2025-02-26 12:20:49.760000,HE,HEF,P,BHZ
smi:fi.isuh/event/1496591,2025-02-26 12:21:27.280000,HE,HEF,S,BHZ
smi:fi.isuh/event/1496591,2025-02-26 12:20:51.680000,FN,OLKF,P,BHZ
smi:fi.isuh/event/1496591,2025-02-26 12:21:30.000000,FN,OLKF,S,BHZ
smi:fi.isuh/event/1496591,2025-02-26 12:20:52.660000,HE,KU1,P,BHZ
smi:fi.isuh/event/1496591,2025-02-26 12:20:54.930000,HE,KU6,P,BHZ
smi:fi.isuh/event/1496591,2025-02-26 12:21:34.480000,HE,KU6,S,BHZ
smi:fi.isuh/event/1496591,2025-02-26 12:21:03.120000,HE,KIF,P,BHZ
smi:fi.isuh/event/1496591,2025-02-26 12:21:45.960000,HE,KIF,S,BHZ
smi:fi.isuh/event/1496591,2025-02-26 12:20:59.130000,HE,VRF,P,BHZ
smi:fi.isuh/event/1496591,2025-02-26 12:21:38.600000,HE,VRF,S,BHZ
smi:fi.isuh/event/1496591,2025-02-26 12:20:59.830000,FN,RAJF,P,BHZ
smi:fi.isuh/event/1496591,2025-02-26 12:21:56.680000,FN,RAJF,S,BHZ
smi:fi.isuh/event/1496640,2025-02-26 12:40:18.446880,HE,VJF,P,?HZ
smi:fi.isuh/event/1496640,2025-02-26 12:40:36.038930,HE,VJF,S,?HZ
smi:fi.isuh/event/1496640,2025-02-26 12:40:21.134990,HE,LOVF,P,CZ
smi:fi.isuh/event/1496640,2025-02-26 12:40:40.076830,HE,LOVF,S,CZ
smi:fi.isuh/event/1496640,2025-02-26 12:40:24.794590,HE,PVF,P,CZ
smi:fi.isuh/event/1496640,2025-02-26 12:40:46.448370,HE,PVF,S,CZ
smi:fi.isuh/event/1496640,2025-02-26 12:40:24.878840,HE,VUOS,P,BHZ
smi:fi.isuh/event/1496640,2025-02-26 12:40:46.936460,HE,VUOS,S,BHZ
smi:fi.isuh/event/1496640,2025-02-26 12:40:25.749060,HE,KY17,P,CZ
smi:fi.isuh/event/1496640,2025-02-26 12:40:49.259880,HE,KY17,S,CZ
smi:fi.isuh/event/1496640,2025-02-26 12:40:27.029070,HE,LAUT,P,BHZ
smi:fi.isuh/event/1496640,2025-02-26 12:40:49.898180,HE,LAUT,S,BHZ
smi:fi.isuh/event/1496640,2025-02-26 12:40:26.893750,HE,HEL1,P,BHZ
smi:fi.isuh/event/1496640,2025-02-26 12:40:49.930520,HE,HEL1,S,BHZ
smi:fi.isuh/event/1496640,2025-02-26 12:40:27.403540,HE,HEL5,P,BHZ
smi:fi.isuh/event/1496640,2025-02-26 12:40:51.251380,HE,HEL5,S,BHZ
smi:fi.isuh/event/1496640,2025-02-26 12:40:27.570350,HE,KUNI,P,BHZ
smi:fi.isuh/event/1496640,2025-02-26 12:40:51.048400,HE,KUNI,S,BHZ
smi:fi.isuh/event/1496640,2025-02-26 12:40:30.528670,HE,MEF,P,BHZ
smi:fi.isuh/event/1496640,2025-02-26 12:40:56.178740,HE,MEF,S,BHZ
smi:fi.isuh/event/1496640,2025-02-26 12:40:31.244850,HE,NUR,P,SHZ
smi:fi.isuh/event/1496640,2025-02-26 12:40:57.685190,HE,NUR,S,SHZ
smi:fi.isuh/event/1496640,2025-02-26 12:40:33.321460,HE,RUF,P,BHZ
smi:fi.isuh/event/1496640,2025-02-26 12:41:01.615290,HE,RUF,S,BHZ
smi:fi.isuh/event/1496640,2025-02-26 12:40:35.408710,HE,FIA0,P,?HZ
smi:fi.isuh/event/1496640,2025-02-26 12:41:05.112700,HE,FIA0,S,?HZ
smi:fi.isuh/event/1496640,2025-02-26 12:40:35.408710,HE,FIA1,P,?HZ
smi:fi.isuh/event/1496640,2025-02-26 12:41:05.112700,HE,FIA1,S,?HZ
smi:fi.isuh/event/1496640,2025-02-26 12:40:36.314510,HE,TVF,P,BHZ
smi:fi.isuh/event/1496640,2025-02-26 12:41:08.772400,HE,TVF,S,BHZ
smi:fi.isuh/event/1496639,2025-02-26 12:43:47.405970,HE,TRE03,P,CZ
smi:fi.isuh/event/1496639,2025-02-26 12:43:49.629910,HE,TRE03,S,CZ
smi:fi.isuh/event/1496639,2025-02-26 12:43:58.451540,HE,KEF,P,?HZ
smi:fi.isuh/event/1496639,2025-02-26 12:44:08.088620,HE,KEF,S,?HZ
smi:fi.isuh/event/1496639,2025-02-26 12:44:01.476730,HE,KPF,P,BHZ
smi:fi.isuh/event/1496639,2025-02-26 12:44:13.543380,HE,KPF,S,BHZ
smi:fi.isuh/event/1496639,2025-02-26 12:44:04.123300,HE,FIA0,P,?HZ
smi:fi.isuh/event/1496639,2025-02-26 12:44:17.488250,HE,FIA0,S,?HZ
smi:fi.isuh/event/1496639,2025-02-26 12:44:04.123300,HE,FIA1,P,?HZ
smi:fi.isuh/event/1496639,2025-02-26 12:44:17.488250,HE,FIA1,S,?HZ
smi:fi.isuh/event/1496639,2025-02-26 12:44:06.134220,HE,RAF,P,BHZ
smi:fi.isuh/event/1496639,2025-02-26 12:44:21.433120,HE,RAF,S,BHZ
smi:fi.isuh/event/1496639,2025-02-26 12:44:07.658740,HE,KAF,P,?HZ
smi:fi.isuh/event/1496639,2025-02-26 12:44:23.985680,HE,KAF,S,?HZ
smi:fi.isuh/event/1496639,2025-02-26 12:44:09.830570,HE,MEF,P,BHZ
smi:fi.isuh/event/1496639,2025-02-26 12:44:27.930550,HE,MEF,S,BHZ
smi:fi.isuh/event/1496639,2025-02-26 12:44:10.226360,HE,PVF,P,CZ
smi:fi.isuh/event/1496639,2025-02-26 12:44:28.520620,HE,PVF,S,CZ
smi:fi.isuh/event/1496639,2025-02-26 12:44:12.257870,HE,HEL5,P,BHZ
smi:fi.isuh/event/1496639,2025-02-26 12:44:31.875420,HE,HEL5,S,BHZ
smi:fi.isuh/event/1496639,2025-02-26 12:44:12.874210,HE,SUF,P,BHZ
smi:fi.isuh/event/1496639,2025-02-26 12:44:33.035670,HE,SUF,S,BHZ
smi:fi.isuh/event/1496639,2025-02-26 12:44:13.275400,HE,ALAJF,P,?HZ
smi:fi.isuh/event/1496639,2025-02-26 12:44:33.499770,HE,ALAJF,S,?HZ
smi:fi.isuh/event/1496639,2025-02-26 12:44:13.543380,HE,VAF,P,BHZ
smi:fi.isuh/event/1496639,2025-02-26 12:44:34.195930,HE,VAF,S,BHZ
smi:fi.isuh/event/1496639,2025-02-26 12:44:14.007490,HE,LOVF,P,CZ
smi:fi.isuh/event/1496639,2025-02-26 12:44:35.124130,HE,LOVF,S,CZ
smi:fi.isuh/event/1496639,2025-02-26 12:44:14.471590,HE,KY17,P,CZ
smi:fi.isuh/event/1496639,2025-02-26 12:44:35.820280,HE,KY17,S,CZ
smi:fi.isuh/event/1496639,2025-02-26 12:44:16.328000,HE,TVF,P,BHZ
smi:fi.isuh/event/1496639,2025-02-26 12:44:39.301050,HE,TVF,S,BHZ
smi:fi.isuh/event/1496639,2025-02-26 12:44:18.416460,HE,KORF,P,CZ
smi:fi.isuh/event/1496639,2025-02-26 12:44:42.781810,HE,KORF,S,CZ
smi:fi.isuh/event/1496639,2025-02-26 12:44:20.969020,HE,VJF,P,?HZ
smi:fi.isuh/event/1496639,2025-02-26 12:44:46.958730,HE,VJF,S,?HZ
smi:fi.isuh/event/1496639,2025-02-26 12:44:58.097180,HE,RUF,S,BHZ
smi:fi.isuh/event/1496639,2025-02-26 12:44:29.786960,HE,NIF,P,BHZ
smi:fi.isuh/event/1496639,2025-02-26 12:45:02.506150,HE,NIF,S,BHZ
smi:fi.isuh/event/1496594,2025-02-26 12:48:27.180000,HE,OBF3,P,BHZ
smi:fi.isuh/event/1496594,2025-02-26 12:48:36.320000,HE,OBF3,S,BHZ
smi:fi.isuh/event/1496594,2025-02-26 12:48:29.430000,HE,OUF,P,BHZ
smi:fi.isuh/event/1496594,2025-02-26 12:48:40.500000,HE,OUF,S,BHZ
smi:fi.isuh/event/1496594,2025-02-26 12:48:31.900000,HE,OBF0,P,BHZ
smi:fi.isuh/event/1496594,2025-02-26 12:48:44.240000,HE,OBF0,S,BHZ
smi:fi.isuh/event/1496594,2025-02-26 12:48:38.540000,FN,RANF,P,BHZ
smi:fi.isuh/event/1496594,2025-02-26 12:48:54.800000,FN,RANF,S,BHZ
smi:fi.isuh/event/1496594,2025-02-26 12:48:38.840000,HE,KU2,P,BHZ
smi:fi.isuh/event/1496594,2025-02-26 12:49:00.600000,HE,OBF8,S,BHZ
smi:fi.isuh/event/1496594,2025-02-26 12:48:43.240000,HE,TOF,P,BHZ
smi:fi.isuh/event/1496594,2025-02-26 12:49:03.680000,HE,TOF,S,BHZ
smi:fi.isuh/event/1496594,2025-02-26 12:48:45.860000,HE,NIF,P,BHZ
smi:fi.isuh/event/1496594,2025-02-26 12:49:09.120000,HE,KU1,S,BHZ
smi:fi.isuh/event/1496594,2025-02-26 12:48:46.380000,HE,RMF,P,BHZ
smi:fi.isuh/event/1496594,2025-02-26 12:49:08.080000,HE,RMF,S,BHZ
smi:fi.isuh/event/1496594,2025-02-26 12:49:18.260000,HE,KU6,S,BHZ
smi:fi.isuh/event/1496594,2025-02-26 12:48:52.240000,FN,OLKF,P,BHZ
smi:fi.isuh/event/1496594,2025-02-26 12:49:17.720000,FN,OLKF,S,BHZ
smi:fi.isuh/event/1496594,2025-02-26 12:49:22.500000,HE,SUF,S,BHZ
smi:fi.isuh/event/1496594,2025-02-26 12:49:28.000000,HE,VAF,S,BHZ
smi:fi.isuh/event/1496594,2025-02-26 12:49:35.640000,FN,KLF,S,BHZ
smi:fi.isuh/event/1496594,2025-02-26 12:49:37.120000,HE,KEF,S,BHZ
smi:fi.isuh/event/1496595,2025-02-26 13:00:34.560000,HE,MEF,P,BHZ
smi:fi.isuh/event/1496595,2025-02-26 13:00:35.910000,HE,HEL5,P,BHZ
smi:fi.isuh/event/1496595,2025-02-26 13:00:38.350000,HE,HEL5,S,BHZ
smi:fi.isuh/event/1496595,2025-02-26 13:00:36.380000,HE,KUNI,P,BHZ
smi:fi.isuh/event/1496595,2025-02-26 13:00:39.180000,HE,KUNI,S,BHZ
smi:fi.isuh/event/1496595,2025-02-26 13:00:36.480000,HE,HEL1,P,BHZ
smi:fi.isuh/event/1496595,2025-02-26 13:00:39.060000,HE,HEL1,S,BHZ
smi:fi.isuh/event/1496595,2025-02-26 13:00:36.180000,HE,LAUT,P,BHZ
smi:fi.isuh/event/1496595,2025-02-26 13:00:38.580000,HE,LAUT,S,BHZ
smi:fi.isuh/event/1496595,2025-02-26 13:00:38.060000,HE,NUR,P,BHZ
smi:fi.isuh/event/1496595,2025-02-26 13:00:41.680000,HE,NUR,S,BHZ
smi:fi.isuh/event/1496595,2025-02-26 13:00:38.620000,HE,VUOS,P,BHZ
smi:fi.isuh/event/1496595,2025-02-26 13:00:42.400000,HE,VUOS,S,BHZ
smi:fi.isuh/event/1496595,2025-02-26 13:00:46.720000,HE,PVF,P,BHZ
smi:fi.isuh/event/1496595,2025-02-26 13:00:47.580000,HE,TVF,P,BHZ
smi:fi.isuh/event/1496595,2025-02-26 13:00:57.520000,HE,TVF,S,BHZ
smi:fi.isuh/event/1496595,2025-02-26 13:00:59.180000,HE,TRE03,P,BHZ
smi:fi.isuh/event/1496595,2025-02-26 13:01:17.240000,HE,TRE03,S,BHZ
smi:fi.isuh/event/1496595,2025-02-26 13:00:59.680000,HE,KY17,P,BHZ
smi:fi.isuh/event/1496595,2025-02-26 13:01:18.380000,HE,KY17,S,BHZ
smi:fi.isuh/event/1496595,2025-02-26 13:01:01.100000,HE,FIA0,P,SHZ
smi:fi.isuh/event/1496595,2025-02-26 13:01:21.800000,HE,FIA0,S,SHZ
smi:fi.isuh/event/1496595,2025-02-26 13:01:01.080000,HE,VJF,P,BHZ
smi:fi.isuh/event/1496595,2025-02-26 13:01:21.520000,HE,VJF,S,BHZ
smi:fi.isuh/event/1496595,2025-02-26 13:01:01.060000,HE,KORF,P,BHZ
smi:fi.isuh/event/1496595,2025-02-26 13:01:21.220000,HE,KORF,S,BHZ
smi:fi.isuh/event/1496595,2025-02-26 13:01:02.180000,HE,RAF,P,BHZ
smi:fi.isuh/event/1496595,2025-02-26 13:01:23.480000,HE,RAF,S,BHZ
smi:fi.isuh/event/1496595,2025-02-26 13:01:34.280000,HE,KEF,S,BHZ
smi:fi.isuh/event/1496595,2025-02-26 13:01:09.640000,HE,KPF,P,BHZ
smi:fi.isuh/event/1496595,2025-02-26 13:01:37.080000,HE,KPF,S,BHZ
smi:fi.isuh/event/1496595,2025-02-26 13:01:10.780000,HE,KAF,P,BHZ
smi:fi.isuh/event/1496595,2025-02-26 13:01:37.800000,HE,KAF,S,BHZ
smi:fi.isuh/event/1496595,2025-02-26 13:01:43.230000,UP,AAL,S,BHZ
smi:fi.isuh/event/1496595,2025-02-26 13:01:50.100000,HE,ECKF,S,BHZ
smi:fi.isuh/event/1496595,2025-02-26 13:01:53.180000,HE,SUF,S,BHZ
smi:fi.isuh/event/1496595,2025-02-26 13:02:02.100000,HE,VAF,S,BHZ
smi:fi.isuh/event/1496596,2025-02-26 13:18:44.930000,HE,TOF,P,BHZ
smi:fi.isuh/event/1496596,2025-02-26 13:18:59.560000,HE,TOF,S,BHZ
smi:fi.isuh/event/1496596,2025-02-26 13:18:54.380000,HE,OBF3,P,BHZ
smi:fi.isuh/event/1496596,2025-02-26 13:19:17.900000,HE,OBF3,S,BHZ
smi:fi.isuh/event/1496596,2025-02-26 13:18:55.480000,FN,KLF,P,BHZ
smi:fi.isuh/event/1496596,2025-02-26 13:19:16.960000,FN,KLF,S,BHZ
smi:fi.isuh/event/1496596,2025-02-26 13:19:19.500000,HE,OBF8,S,BHZ
smi:fi.isuh/event/1496596,2025-02-26 13:18:56.680000,HE,OBF0,P,BHZ
smi:fi.isuh/event/1496596,2025-02-26 13:19:20.360000,HE,OBF0,S,BHZ
smi:fi.isuh/event/1496596,2025-02-26 13:19:00.460000,HE,OUF,P,BHZ
smi:fi.isuh/event/1496596,2025-02-26 13:19:01.600000,FN,RANF,P,BHZ
smi:fi.isuh/event/1496596,2025-02-26 13:19:28.640000,FN,RANF,S,BHZ
smi:fi.isuh/event/1496596,2025-02-26 13:19:10.210000,HE,KU2,P,BHZ
smi:fi.isuh/event/1496596,2025-02-26 13:19:48.180000,HE,KU2,S,BHZ
smi:fi.isuh/event/1496596,2025-02-26 13:19:46.480000,HE,HEF,S,BHZ
smi:fi.isuh/event/1496596,2025-02-26 13:19:16.400000,FN,OLKF,P,BHZ
smi:fi.isuh/event/1496596,2025-02-26 13:19:55.480000,FN,OLKF,S,BHZ
smi:fi.isuh/event/1496596,2025-02-26 13:19:18.230000,HE,KU1,P,BHZ
smi:fi.isuh/event/1496596,2025-02-26 13:19:58.200000,HE,KU1,S,BHZ
smi:fi.isuh/event/1496596,2025-02-26 13:19:26.750000,HE,SUF,P,BHZ
smi:fi.isuh/event/1496596,2025-02-26 13:20:22.290000,HE,KPF,S,BHZ
smi:fi.isuh/event/1496599,2025-02-26 13:34:07.534750,HE,RUF,P,BHZ
smi:fi.isuh/event/1496599,2025-02-26 13:34:11.260020,HE,RUF,S,BHZ
smi:fi.isuh/event/1496599,2025-02-26 13:34:16.362190,HE,VJF,P,?HZ
smi:fi.isuh/event/1496599,2025-02-26 13:34:27.339580,HE,VJF,S,?HZ
smi:fi.isuh/event/1496599,2025-02-26 13:34:16.671410,HE,KY17,P,CZ
smi:fi.isuh/event/1496599,2025-02-26 13:34:27.958020,HE,KY17,S,CZ
smi:fi.isuh/event/1496599,2025-02-26 13:34:18.835970,HE,KY02,P,CZ
smi:fi.isuh/event/1496599,2025-02-26 13:34:31.668690,HE,KY02,S,CZ
smi:fi.isuh/event/1496599,2025-02-26 13:34:25.252330,HE,FIA1,P,?HZ
smi:fi.isuh/event/1496599,2025-02-26 13:34:42.953170,HE,FIA1,S,?HZ
smi:fi.isuh/event/1496599,2025-02-26 13:34:25.252330,HE,FIA0,P,?HZ
smi:fi.isuh/event/1496599,2025-02-26 13:34:42.953170,HE,FIA0,S,?HZ
smi:fi.isuh/event/1496599,2025-02-26 13:34:26.721130,HE,LOVF,P,CZ
smi:fi.isuh/event/1496599,2025-02-26 13:34:44.583400,HE,LOVF,S,CZ
smi:fi.isuh/event/1496599,2025-02-26 13:34:28.731080,HE,PVF,P,CZ
smi:fi.isuh/event/1496599,2025-02-26 13:34:48.675910,HE,PVF,S,CZ
smi:fi.isuh/event/1496599,2025-02-26 13:34:29.224700,HE,KAF,P,?HZ
smi:fi.isuh/event/1496599,2025-02-26 13:34:49.057900,HE,KAF,S,?HZ
smi:fi.isuh/event/1496599,2025-02-26 13:34:37.253550,HE,SUF,P,BHZ
smi:fi.isuh/event/1496599,2025-02-26 13:35:03.595880,HE,SUF,S,BHZ
smi:fi.isuh/event/1496599,2025-02-26 13:34:38.902930,HE,KEF,P,?HZ
smi:fi.isuh/event/1496599,2025-02-26 13:35:06.735050,HE,KEF,S,?HZ
smi:fi.isuh/event/1496599,2025-02-26 13:35:09.625710,HE,TRE03,S,CZ
smi:fi.isuh/event/1496579,2025-02-26 13:42:56.899830,HE,KY02,P,CZ
smi:fi.isuh/event/1496579,2025-02-26 13:42:58.187930,HE,KY02,S,CZ
smi:fi.isuh/event/1496579,2025-02-26 13:42:58.087960,HE,KY17,P,CZ
smi:fi.isuh/event/1496579,2025-02-26 13:43:00.658000,HE,KY17,S,CZ
smi:fi.isuh/event/1496579,2025-02-26 13:43:03.937170,HE,LOVF,P,CZ
smi:fi.isuh/event/1496579,2025-02-26 13:43:10.298190,HE,LOVF,S,CZ
smi:fi.isuh/event/1496579,2025-02-26 13:43:04.448980,HE,VJF,P,?HZ
smi:fi.isuh/event/1496579,2025-02-26 13:43:11.299780,HE,VJF,S,?HZ
smi:fi.isuh/event/1496579,2025-02-26 13:43:05.143570,HE,PVF,P,CZ
smi:fi.isuh/event/1496579,2025-02-26 13:43:11.979840,HE,PVF,S,CZ
smi:fi.isuh/event/1496579,2025-02-26 13:43:07.157340,HE,FIA0,P,?HZ
smi:fi.isuh/event/1496579,2025-02-26 13:43:15.942170,HE,FIA0,S,?HZ
smi:fi.isuh/event/1496579,2025-02-26 13:43:07.157340,HE,FIA1,P,?HZ
smi:fi.isuh/event/1496579,2025-02-26 13:43:15.942170,HE,FIA1,S,?HZ
smi:fi.isuh/event/1496579,2025-02-26 13:43:17.013490,HE,RUF,P,BHZ
smi:fi.isuh/event/1496579,2025-02-26 13:43:32.511930,HE,RUF,S,BHZ
smi:fi.isuh/event/1496579,2025-02-26 13:43:18.080150,HE,KAF,P,?HZ
smi:fi.isuh/event/1496579,2025-02-26 13:43:34.274170,HE,KAF,S,?HZ
smi:fi.isuh/event/1496579,2025-02-26 13:43:36.124920,HE,MEF,S,BHZ
smi:fi.isuh/event/1496579,2025-02-26 13:43:23.632390,HE,KEF,P,?HZ
smi:fi.isuh/event/1496579,2025-02-26 13:43:44.221930,HE,KEF,S,?HZ
smi:fi.isuh/event/1496579,2025-02-26 13:43:52.781620,HE,SUF,S,BHZ
smi:fi.isuh/event/1496597,2025-02-26 14:05:55.520000,HE,VAF,P,BHZ
smi:fi.isuh/event/1496597,2025-02-26 14:06:12.600000,HE,VAF,S,BHZ
smi:fi.isuh/event/1496597,2025-02-26 14:05:57.880000,HE,OBF8,P,BHZ
smi:fi.isuh/event/1496597,2025-02-26 14:06:03.840000,HE,OBF0,P,BHZ
smi:fi.isuh/event/1496597,2025-02-26 14:06:28.180000,HE,OBF0,S,BHZ
smi:fi.isuh/event/1496597,2025-02-26 14:06:06.230000,HE,OUF,P,BHZ
smi:fi.isuh/event/1496597,2025-02-26 14:06:32.320000,HE,OUF,S,BHZ
smi:fi.isuh/event/1496597,2025-02-26 14:06:08.480000,HE,OBF3,P,BHZ
smi:fi.isuh/event/1496597,2025-02-26 14:06:36.580000,HE,OBF3,S,BHZ
smi:fi.isuh/event/1496597,2025-02-26 14:06:10.680000,HE,KPF,P,BHZ
smi:fi.isuh/event/1496597,2025-02-26 14:06:37.920000,HE,KPF,S,BHZ
smi:fi.isuh/event/1496597,2025-02-26 14:06:17.800000,HE,KEF,P,BHZ
smi:fi.isuh/event/1496597,2025-02-26 14:06:51.160000,HE,KEF,S,BHZ
smi:fi.isuh/event/1496597,2025-02-26 14:06:56.800000,HE,TOF,S,BHZ
smi:fi.isuh/event/1496597,2025-02-26 14:06:57.960000,HE,TRE03,S,BHZ
smi:fi.isuh/event/1496597,2025-02-26 14:06:22.180000,HE,RAF,P,BHZ
smi:fi.isuh/event/1496597,2025-02-26 14:06:59.280000,HE,RAF,S,BHZ
smi:fi.isuh/event/1496597,2025-02-26 14:07:07.860000,HE,KAF,S,BHZ
smi:fi.isuh/event/1496597,2025-02-26 14:07:08.160000,FN,RANF,S,BHZ
smi:fi.isuh/event/1496597,2025-02-26 14:06:36.200000,HE,FIA0,P,SHZ
smi:fi.isuh/event/1496597,2025-02-26 14:07:16.300000,HE,FIA0,S,SHZ
smi:fi.isuh/event/1496597,2025-02-26 14:07:14.480000,FN,KLF,S,BHZ
smi:fi.isuh/event/1496606,2025-02-26 15:30:08.145300,HE,HEL1,P,BHZ
smi:fi.isuh/event/1496606,2025-02-26 15:30:09.410130,HE,HEL1,S,BHZ
smi:fi.isuh/event/1496606,2025-02-26 15:30:08.216790,HE,KUNI,P,BHZ
smi:fi.isuh/event/1496606,2025-02-26 15:30:09.822340,HE,KUNI,S,BHZ
smi:fi.isuh/event/1496606,2025-02-26 15:30:07.953810,HE,LAUT,P,BHZ
smi:fi.isuh/event/1496606,2025-02-26 15:30:09.722620,HE,LAUT,S,BHZ
smi:fi.isuh/event/1496606,2025-02-26 15:30:08.247010,HE,HEL5,P,BHZ
smi:fi.isuh/event/1496606,2025-02-26 15:30:09.958220,HE,HEL5,S,BHZ
smi:fi.isuh/event/1496606,2025-02-26 15:30:08.751970,HE,MEF,P,BHZ
smi:fi.isuh/event/1496606,2025-02-26 15:30:10.600780,HE,MEF,S,BHZ
smi:fi.isuh/event/1496606,2025-02-26 15:30:10.145460,HE,VUOS,P,BHZ
smi:fi.isuh/event/1496606,2025-02-26 15:30:13.103070,HE,VUOS,S,BHZ
smi:fi.isuh/event/1496606,2025-02-26 15:30:10.859370,HE,NUR,P,SHZ
smi:fi.isuh/event/1496606,2025-02-26 15:30:14.632870,HE,NUR,S,SHZ
smi:fi.isuh/event/1496598,2025-02-26 15:46:01.980000,HE,HEL5,P,BHZ
smi:fi.isuh/event/1496598,2025-02-26 15:46:02.000000,HE,MEF,P,BHZ
smi:fi.isuh/event/1496598,2025-02-26 15:46:02.980000,HE,LAUT,P,BHZ
smi:fi.isuh/event/1496598,2025-02-26 15:46:04.800000,HE,LAUT,S,BHZ
smi:fi.isuh/event/1496598,2025-02-26 15:46:03.330000,HE,HEL1,P,BHZ
smi:fi.isuh/event/1496598,2025-02-26 15:46:05.580000,HE,HEL1,S,BHZ
smi:fi.isuh/event/1496598,2025-02-26 15:46:04.190000,HE,KUNI,P,BHZ
smi:fi.isuh/event/1496598,2025-02-26 15:46:07.240000,HE,KUNI,S,BHZ
smi:fi.isuh/event/1496598,2025-02-26 15:46:05.730000,HE,VUOS,P,BHZ
smi:fi.isuh/event/1496598,2025-02-26 15:46:09.940000,HE,VUOS,S,BHZ
smi:fi.isuh/event/1496598,2025-02-26 15:46:06.920000,HE,NUR,P,BHZ
smi:fi.isuh/event/1496598,2025-02-26 15:46:13.280000,HE,TVF,P,BHZ
smi:fi.isuh/event/1496598,2025-02-26 15:46:14.460000,HE,PVF,P,BHZ
smi:fi.isuh/event/1496598,2025-02-26 15:46:24.980000,HE,PVF,S,BHZ
smi:fi.isuh/event/1496598,2025-02-26 15:46:26.800000,HE,KY17,P,BHZ
smi:fi.isuh/event/1496598,2025-02-26 15:46:49.580000,HE,KY17,S,BHZ
smi:fi.isuh/event/1496598,2025-02-26 15:46:27.740000,HE,TRE03,P,BHZ
smi:fi.isuh/event/1496598,2025-02-26 15:46:28.100000,HE,FIA0,P,SHZ
smi:fi.isuh/event/1496598,2025-02-26 15:46:50.500000,HE,FIA0,S,SHZ
smi:fi.isuh/event/1496598,2025-02-26 15:46:28.540000,HE,VJF,P,BHZ
smi:fi.isuh/event/1496598,2025-02-26 15:46:51.560000,HE,VJF,S,BHZ
smi:fi.isuh/event/1496598,2025-02-26 15:46:52.320000,HE,RAF,S,BHZ
smi:fi.isuh/event/1496598,2025-02-26 15:47:10.120000,UP,AAL,S,BHZ
smi:fi.isuh/event/1496598,2025-02-26 15:47:17.480000,HE,ECKF,S,BHZ
smi:fi.isuh/event/1496600,2025-02-26 15:54:34.200000,HE,MEF,P,BHZ
smi:fi.isuh/event/1496600,2025-02-26 15:54:34.630000,HE,MEF,S,BHZ
smi:fi.isuh/event/1496600,2025-02-26 15:54:37.740000,HE,NUR,P,BHZ
smi:fi.isuh/event/1496600,2025-02-26 15:54:38.080000,HE,HEL5,P,BHZ
smi:fi.isuh/event/1496600,2025-02-26 15:54:41.700000,HE,HEL5,S,BHZ
smi:fi.isuh/event/1496600,2025-02-26 15:54:38.430000,HE,KUNI,P,BHZ
smi:fi.isuh/event/1496600,2025-02-26 15:54:38.610000,HE,LAUT,P,BHZ
smi:fi.isuh/event/1496600,2025-02-26 15:54:42.640000,HE,LAUT,S,BHZ
smi:fi.isuh/event/1496600,2025-02-26 15:54:38.720000,HE,HEL1,P,BHZ
smi:fi.isuh/event/1496600,2025-02-26 15:54:42.620000,HE,HEL1,S,BHZ
smi:fi.isuh/event/1496600,2025-02-26 15:54:40.980000,HE,VUOS,P,BHZ
smi:fi.isuh/event/1496600,2025-02-26 15:54:45.980000,HE,TVF,P,BHZ
smi:fi.isuh/event/1496600,2025-02-26 15:54:55.480000,HE,TVF,S,BHZ
smi:fi.isuh/event/1496600,2025-02-26 15:54:47.640000,HE,PVF,P,BHZ
smi:fi.isuh/event/1496600,2025-02-26 15:55:15.500000,HE,TRE03,S,BHZ
smi:fi.isuh/event/1496600,2025-02-26 15:54:59.280000,HE,KORF,P,BHZ
smi:fi.isuh/event/1496600,2025-02-26 15:54:59.100000,HE,FIA0,P,SHZ
smi:fi.isuh/event/1496600,2025-02-26 15:55:21.700000,HE,FIA0,S,SHZ
smi:fi.isuh/event/1496600,2025-02-26 15:54:59.830000,HE,RAF,P,BHZ
smi:fi.isuh/event/1496600,2025-02-26 15:55:00.470000,HE,KY17,P,BHZ
smi:fi.isuh/event/1496600,2025-02-26 15:55:02.380000,HE,VJF,P,BHZ
smi:fi.isuh/event/1496600,2025-02-26 15:55:26.300000,HE,VJF,S,BHZ
smi:fi.isuh/event/1496600,2025-02-26 15:55:07.890000,HE,KPF,P,BHZ
smi:fi.isuh/event/1496600,2025-02-26 15:55:32.560000,HE,KPF,S,BHZ
smi:fi.isuh/event/1496600,2025-02-26 15:55:32.360000,HE,KEF,S,BHZ
smi:fi.isuh/event/1496600,2025-02-26 15:55:38.580000,HE,KAF,S,BHZ
smi:fi.isuh/event/1496600,2025-02-26 15:55:40.080000,UP,AAL,S,BHZ
smi:fi.isuh/event/1496600,2025-02-26 15:55:46.800000,HE,ECKF,S,BHZ
smi:fi.isuh/event/1496784,2025-02-27 09:00:08.160000,HE,MEF,P,BHZ
smi:fi.isuh/event/1496784,2025-02-27 09:00:09.780000,HE,MEF,S,BHZ
smi:fi.isuh/event/1496784,2025-02-27 09:00:11.380000,HE,NUR,P,BHZ
smi:fi.isuh/event/1496784,2025-02-27 09:00:15.280000,HE,NUR,S,BHZ
smi:fi.isuh/event/1496784,2025-02-27 09:00:11.890000,HE,HEL5,P,BHZ
smi:fi.isuh/event/1496784,2025-02-27 09:00:15.680000,HE,HEL5,S,BHZ
smi:fi.isuh/event/1496784,2025-02-27 09:00:12.130000,HE,KUNI,P,BHZ
smi:fi.isuh/event/1496784,2025-02-27 09:00:12.300000,HE,LAUT,P,BHZ
smi:fi.isuh/event/1496784,2025-02-27 09:00:14.930000,HE,VUOS,P,BHZ
smi:fi.isuh/event/1496784,2025-02-27 09:00:28.820000,HE,TVF,S,BHZ
smi:fi.isuh/event/1496784,2025-02-27 09:00:21.580000,HE,PVF,P,BHZ
smi:fi.isuh/event/1496784,2025-02-27 09:00:34.700000,HE,FIA0,P,SHZ
smi:fi.isuh/event/1496784,2025-02-27 09:00:56.000000,HE,FIA0,S,SHZ
smi:fi.isuh/event/1496784,2025-02-27 09:01:05.720000,HE,KEF,S,BHZ
smi:fi.isuh/event/1496743,2025-02-27 09:13:59.880000,HE,SUF,P,BHZ
smi:fi.isuh/event/1496743,2025-02-27 09:14:02.820000,HE,SUF,S,BHZ
smi:fi.isuh/event/1496743,2025-02-27 09:14:03.280000,HE,KEF,P,BHZ
smi:fi.isuh/event/1496743,2025-02-27 09:14:09.720000,HE,KEF,S,BHZ
smi:fi.isuh/event/1496743,2025-02-27 09:14:04.280000,HE,KAF,P,BHZ
smi:fi.isuh/event/1496743,2025-02-27 09:14:11.840000,HE,KAF,S,BHZ
smi:fi.isuh/event/1496743,2025-02-27 09:14:14.900000,HE,FIA0,P,SHZ
smi:fi.isuh/event/1496743,2025-02-27 09:14:33.800000,HE,FIA0,S,SHZ
smi:fi.isuh/event/1496743,2025-02-27 09:14:15.280000,HE,TRE03,P,BHZ
smi:fi.isuh/event/1496743,2025-02-27 09:14:34.080000,HE,TRE03,S,BHZ
smi:fi.isuh/event/1496743,2025-02-27 09:14:18.780000,HE,NIF,P,BHZ
smi:fi.isuh/event/1496743,2025-02-27 09:14:37.240000,HE,NIF,S,BHZ
smi:fi.isuh/event/1496743,2025-02-27 09:14:20.320000,HE,VAF,P,BHZ
smi:fi.isuh/event/1496743,2025-02-27 09:14:39.640000,HE,VAF,S,BHZ
smi:fi.isuh/event/1496743,2025-02-27 09:14:26.380000,HE,KY17,P,BHZ
smi:fi.isuh/event/1496743,2025-02-27 09:14:26.380000,HE,KPF,P,BHZ
smi:fi.isuh/event/1496743,2025-02-27 09:14:50.520000,HE,KPF,S,BHZ
smi:fi.isuh/event/1496743,2025-02-27 09:14:28.680000,HE,OUF,P,BHZ
smi:fi.isuh/event/1496743,2025-02-27 09:14:53.880000,HE,OUF,S,BHZ
smi:fi.isuh/event/1496743,2025-02-27 09:14:29.480000,HE,RUF,P,BHZ
smi:fi.isuh/event/1496743,2025-02-27 09:14:55.420000,HE,RUF,S,BHZ
smi:fi.isuh/event/1496743,2025-02-27 09:14:30.780000,HE,PVF,P,BHZ
smi:fi.isuh/event/1496743,2025-02-27 09:14:32.020000,HE,OBF8,P,BHZ
smi:fi.isuh/event/1496743,2025-02-27 09:14:58.740000,HE,OBF8,S,BHZ
smi:fi.isuh/event/1496743,2025-02-27 09:14:31.580000,HE,OBF0,P,BHZ
smi:fi.isuh/event/1496743,2025-02-27 09:14:58.980000,HE,OBF0,S,BHZ
smi:fi.isuh/event/1496743,2025-02-27 09:14:59.920000,HE,NUR,S,BHZ
smi:fi.isuh/event/1496743,2025-02-27 09:15:03.880000,HE,VJF,S,BHZ
smi:fi.isuh/event/1496743,2025-02-27 09:15:07.240000,HE,OBF3,S,BHZ
smi:fi.isuh/event/1496743,2025-02-27 09:15:08.080000,HE,VUOS,S,BHZ
smi:fi.isuh/event/1496743,2025-02-27 09:14:36.180000,HE,RAF,P,BHZ
smi:fi.isuh/event/1496743,2025-02-27 09:15:07.400000,HE,RAF,S,BHZ
smi:fi.isuh/event/1496743,2025-02-27 09:15:09.160000,HE,MEF,S,BHZ
smi:fi.isuh/event/1496743,2025-02-27 09:15:09.760000,HE,LAUT,S,BHZ
smi:fi.isuh/event/1496743,2025-02-27 09:15:10.900000,HE,HEL5,S,BHZ
smi:fi.isuh/event/1496743,2025-02-27 09:14:39.480000,HE,RMF,P,BHZ
smi:fi.isuh/event/1496743,2025-02-27 09:15:13.140000,HE,RMF,S,BHZ
smi:fi.isuh/event/1496743,2025-02-27 09:14:42.380000,HE,JOF,P,BHZ
smi:fi.isuh/event/1496743,2025-02-27 09:15:15.000000,HE,JOF,S,BHZ
smi:fi.isuh/event/1496743,2025-02-27 09:15:22.600000,HE,TVF,S,BHZ
smi:fi.isuh/event/1496743,2025-02-27 09:15:29.940000,HE,KORF,S,BHZ
smi:fi.isuh/event/1496743,2025-02-27 09:14:50.280000,HE,KU2,P,BHZ
smi:fi.isuh/event/1496743,2025-02-27 09:14:51.980000,HE,KU1,P,BHZ
smi:fi.isuh/event/1496744,2025-02-27 10:01:55.130000,HE,KEF,P,BHZ
smi:fi.isuh/event/1496744,2025-02-27 10:01:56.780000,HE,KEF,S,BHZ
smi:fi.isuh/event/1496744,2025-02-27 10:02:01.680000,HE,KAF,P,BHZ
smi:fi.isuh/event/1496744,2025-02-27 10:02:09.960000,HE,KAF,S,BHZ
smi:fi.isuh/event/1496744,2025-02-27 10:02:02.480000,HE,TRE03,P,BHZ
smi:fi.isuh/event/1496744,2025-02-27 10:02:05.100000,HE,FIA0,P,SHZ
smi:fi.isuh/event/1496744,2025-02-27 10:02:16.100000,HE,FIA0,S,SHZ
smi:fi.isuh/event/1496744,2025-02-27 10:02:04.180000,HE,SUF,P,BHZ
smi:fi.isuh/event/1496744,2025-02-27 10:02:17.720000,HE,KY17,P,BHZ
smi:fi.isuh/event/1496744,2025-02-27 10:02:37.080000,HE,KY17,S,BHZ
smi:fi.isuh/event/1496744,2025-02-27 10:02:40.520000,HE,VAF,S,BHZ
smi:fi.isuh/event/1496744,2025-02-27 10:02:51.480000,HE,RAF,S,BHZ
smi:fi.isuh/event/1496744,2025-02-27 10:03:19.930000,HE,JOF,S,BHZ
smi:fi.isuh/event/1496706,2025-02-27 10:05:26.770140,HE,RMF,P,BHZ
smi:fi.isuh/event/1496706,2025-02-27 10:05:30.568750,HE,RMF,S,BHZ
smi:fi.isuh/event/1496706,2025-02-27 10:05:42.304300,HE,NIF,P,BHZ
smi:fi.isuh/event/1496706,2025-02-27 10:05:56.683130,HE,NIF,S,BHZ
smi:fi.isuh/event/1496706,2025-02-27 10:05:43.000050,HE,JOF,P,BHZ
smi:fi.isuh/event/1496706,2025-02-27 10:05:58.306540,HE,JOF,S,BHZ
smi:fi.isuh/event/1496706,2025-02-27 10:05:51.117130,HE,KU1,P,SHZ
smi:fi.isuh/event/1496706,2025-02-27 10:06:11.989630,HE,KU1,S,SHZ
smi:fi.isuh/event/1496706,2025-02-27 10:05:55.755460,HE,KU2,P,SHZ
smi:fi.isuh/event/1496706,2025-02-27 10:06:20.802460,HE,KU2,S,SHZ
smi:fi.isuh/event/1496706,2025-02-27 10:05:59.234210,HE,SUF,P,BHZ
smi:fi.isuh/event/1496706,2025-02-27 10:06:27.296120,HE,SUF,S,BHZ
smi:fi.isuh/event/1496706,2025-02-27 10:06:04.104460,HE,OUF,P,BHZ
smi:fi.isuh/event/1496706,2025-02-27 10:06:33.094040,HE,OUF,S,BHZ
smi:fi.isuh/event/1496706,2025-02-27 10:06:34.253620,FN,OLKF,S,BHZ
smi:fi.isuh/event/1496706,2025-02-27 10:06:36.572790,HE,OBF3,S,BHZ
smi:fi.isuh/event/1496706,2025-02-27 10:06:37.500460,FN,RANF,S,?HZ
smi:fi.isuh/event/1496747,2025-02-27 10:19:31.243700,HE,RUF,P,BHZ
smi:fi.isuh/event/1496747,2025-02-27 10:19:37.563610,HE,RUF,S,BHZ
smi:fi.isuh/event/1496747,2025-02-27 10:19:39.416820,HE,VJF,P,?HZ
smi:fi.isuh/event/1496747,2025-02-27 10:19:52.487550,HE,VJF,S,?HZ
smi:fi.isuh/event/1496747,2025-02-27 10:19:41.835560,HE,KY17,P,CZ
smi:fi.isuh/event/1496747,2025-02-27 10:19:57.134820,HE,KY17,S,CZ
smi:fi.isuh/event/1496747,2025-02-27 10:19:50.199880,HE,LOVF,P,CZ
smi:fi.isuh/event/1496747,2025-02-27 10:20:11.426990,HE,LOVF,S,CZ
smi:fi.isuh/event/1496747,2025-02-27 10:19:51.431800,HE,FIA1,P,?HZ
smi:fi.isuh/event/1496747,2025-02-27 10:20:13.231960,HE,FIA1,S,?HZ
smi:fi.isuh/event/1496747,2025-02-27 10:19:51.431800,HE,FIA0,P,?HZ
smi:fi.isuh/event/1496747,2025-02-27 10:20:13.231960,HE,FIA0,S,?HZ
smi:fi.isuh/event/1496747,2025-02-27 10:19:53.055220,HE,PVF,P,CZ
smi:fi.isuh/event/1496747,2025-02-27 10:20:16.246880,HE,PVF,S,CZ
smi:fi.isuh/event/1496747,2025-02-27 10:19:54.910550,HE,KAF,P,?HZ
smi:fi.isuh/event/1496747,2025-02-27 10:20:19.029880,HE,KAF,S,?HZ
smi:fi.isuh/event/1496747,2025-02-27 10:19:59.316970,HE,JOF,P,BHZ
smi:fi.isuh/event/1496747,2025-02-27 10:20:27.378880,HE,JOF,S,BHZ
smi:fi.isuh/event/1496747,2025-02-27 10:20:02.563800,HE,SUF,P,BHZ
smi:fi.isuh/event/1496747,2025-02-27 10:20:32.712960,HE,SUF,S,BHZ
smi:fi.isuh/event/1496747,2025-02-27 10:20:04.651050,HE,KEF,P,?HZ
smi:fi.isuh/event/1496747,2025-02-27 10:20:36.655540,HE,KEF,S,?HZ
smi:fi.isuh/event/1496747,2025-02-27 10:20:05.810630,HE,NIF,P,BHZ
smi:fi.isuh/event/1496747,2025-02-27 10:20:35.495960,HE,NIF,S,BHZ
smi:fi.isuh/event/1496749,2025-02-27 10:57:11.720000,HE,NUR,P,BHZ
smi:fi.isuh/event/1496749,2025-02-27 10:57:14.010000,HE,NUR,S,BHZ
smi:fi.isuh/event/1496749,2025-02-27 10:57:16.360000,HE,KUNI,P,BHZ
smi:fi.isuh/event/1496749,2025-02-27 10:57:17.580000,HE,MEF,P,BHZ
smi:fi.isuh/event/1496749,2025-02-27 10:57:24.120000,HE,MEF,S,BHZ
smi:fi.isuh/event/1496749,2025-02-27 10:57:18.280000,HE,VUOS,P,BHZ
smi:fi.isuh/event/1496749,2025-02-27 10:57:24.780000,HE,VUOS,S,BHZ
smi:fi.isuh/event/1496749,2025-02-27 10:57:18.560000,HE,LAUT,P,BHZ
smi:fi.isuh/event/1496749,2025-02-27 10:57:18.730000,HE,PVF,P,BHZ
smi:fi.isuh/event/1496749,2025-02-27 10:57:25.840000,HE,PVF,S,BHZ
smi:fi.isuh/event/1496749,2025-02-27 10:57:19.190000,HE,HEL5,P,BHZ
smi:fi.isuh/event/1496749,2025-02-27 10:57:27.100000,HE,FIA0,P,SHZ
smi:fi.isuh/event/1496749,2025-02-27 10:57:40.500000,HE,FIA0,S,SHZ
smi:fi.isuh/event/1496749,2025-02-27 10:57:27.380000,HE,TRE03,P,BHZ
smi:fi.isuh/event/1496749,2025-02-27 10:57:41.080000,HE,TRE03,S,BHZ
smi:fi.isuh/event/1496749,2025-02-27 10:57:29.580000,HE,TVF,P,BHZ
smi:fi.isuh/event/1496749,2025-02-27 10:57:44.580000,HE,TVF,S,BHZ
smi:fi.isuh/event/1496749,2025-02-27 10:57:29.680000,HE,KY17,P,BHZ
smi:fi.isuh/event/1496749,2025-02-27 10:57:44.940000,HE,KY17,S,BHZ
smi:fi.isuh/event/1496749,2025-02-27 10:57:33.780000,HE,VJF,P,BHZ
smi:fi.isuh/event/1496749,2025-02-27 10:57:52.020000,HE,VJF,S,BHZ
smi:fi.isuh/event/1496749,2025-02-27 10:57:36.520000,HE,KEF,P,BHZ
smi:fi.isuh/event/1496749,2025-02-27 10:57:56.400000,HE,KEF,S,BHZ
smi:fi.isuh/event/1496749,2025-02-27 10:57:36.980000,HE,RAF,P,BHZ
smi:fi.isuh/event/1496749,2025-02-27 10:57:56.520000,HE,RAF,S,BHZ
smi:fi.isuh/event/1496749,2025-02-27 10:57:38.680000,HE,KAF,P,BHZ
smi:fi.isuh/event/1496749,2025-02-27 10:58:01.280000,HE,KAF,S,BHZ
smi:fi.isuh/event/1496749,2025-02-27 10:57:40.640000,HE,KORF,P,BHZ
smi:fi.isuh/event/1496749,2025-02-27 10:58:03.580000,HE,KORF,S,BHZ
smi:fi.isuh/event/1496749,2025-02-27 10:57:41.240000,HE,KPF,P,BHZ
smi:fi.isuh/event/1496749,2025-02-27 10:58:04.120000,HE,KPF,S,BHZ
smi:fi.isuh/event/1496749,2025-02-27 10:57:48.090000,HE,RUF,P,BHZ
smi:fi.isuh/event/1496749,2025-02-27 10:58:16.460000,HE,RUF,S,BHZ
smi:fi.isuh/event/1496749,2025-02-27 10:57:48.280000,HE,SUF,P,BHZ
smi:fi.isuh/event/1496749,2025-02-27 10:58:16.540000,HE,SUF,S,BHZ
smi:fi.isuh/event/1496749,2025-02-27 10:58:23.880000,UP,AAL,S,BHZ
smi:fi.isuh/event/1496749,2025-02-27 10:58:28.140000,HE,VAF,S,BHZ
smi:fi.isuh/event/1496749,2025-02-27 10:58:30.000000,HE,ECKF,S,BHZ
smi:fi.isuh/event/1496741,2025-02-27 11:13:00.413230,HE,RAF,P,BHZ
smi:fi.isuh/event/1496741,2025-02-27 11:13:05.901700,HE,RAF,S,BHZ
smi:fi.isuh/event/1496741,2025-02-27 11:13:01.575470,HE,KORF,P,CZ
smi:fi.isuh/event/1496741,2025-02-27 11:13:08.080250,HE,KORF,S,CZ
smi:fi.isuh/event/1496741,2025-02-27 11:13:08.865090,UP,AAL,P,BHZ
smi:fi.isuh/event/1496741,2025-02-27 11:13:20.221690,UP,AAL,S,BHZ
smi:fi.isuh/event/1496741,2025-02-27 11:13:11.878060,HE,ECKF,P,CZ
smi:fi.isuh/event/1496741,2025-02-27 11:13:26.015870,HE,ECKF,S,CZ
smi:fi.isuh/event/1496741,2025-02-27 11:13:15.586340,HE,KPF,P,BHZ
smi:fi.isuh/event/1496741,2025-02-27 11:13:31.578290,HE,KPF,S,BHZ
smi:fi.isuh/event/1496750,2025-02-27 11:48:56.980000,HE,TOF,P,BHZ
smi:fi.isuh/event/1496750,2025-02-27 11:49:06.680000,HE,TOF,S,BHZ
smi:fi.isuh/event/1496750,2025-02-27 11:48:58.440000,HE,OBF3,P,BHZ
smi:fi.isuh/event/1496750,2025-02-27 11:49:08.560000,HE,OBF3,S,BHZ
smi:fi.isuh/event/1496750,2025-02-27 11:48:58.580000,FN,RANF,P,BHZ
smi:fi.isuh/event/1496750,2025-02-27 11:49:08.720000,FN,RANF,S,BHZ
smi:fi.isuh/event/1496750,2025-02-27 11:49:05.170000,HE,OBF0,P,BHZ
smi:fi.isuh/event/1496750,2025-02-27 11:49:20.240000,HE,OBF0,S,BHZ
smi:fi.isuh/event/1496750,2025-02-27 11:49:05.880000,HE,OUF,P,BHZ
smi:fi.isuh/event/1496750,2025-02-27 11:49:22.000000,HE,OUF,S,BHZ
smi:fi.isuh/event/1496750,2025-02-27 11:49:06.680000,HE,KU2,P,BHZ
smi:fi.isuh/event/1496750,2025-02-27 11:49:22.760000,HE,KU2,S,BHZ
smi:fi.isuh/event/1496750,2025-02-27 11:49:11.960000,HE,OBF8,P,BHZ
smi:fi.isuh/event/1496750,2025-02-27 11:49:16.230000,HE,KU1,P,BHZ
smi:fi.isuh/event/1496750,2025-02-27 11:49:39.080000,HE,KU1,S,BHZ
smi:fi.isuh/event/1496750,2025-02-27 11:49:17.080000,FN,KLF,P,BHZ
smi:fi.isuh/event/1496750,2025-02-27 11:49:40.320000,FN,KLF,S,BHZ
smi:fi.isuh/event/1496750,2025-02-27 11:49:18.040000,FN,OLKF,P,BHZ
smi:fi.isuh/event/1496750,2025-02-27 11:49:42.120000,FN,OLKF,S,BHZ
smi:fi.isuh/event/1496750,2025-02-27 11:49:19.930000,HE,KU6,P,BHZ
smi:fi.isuh/event/1496750,2025-02-27 11:49:44.440000,HE,KU6,S,BHZ
smi:fi.isuh/event/1496750,2025-02-27 11:49:26.180000,HE,RMF,P,BHZ
smi:fi.isuh/event/1496750,2025-02-27 11:49:56.840000,HE,RMF,S,BHZ
smi:fi.isuh/event/1496750,2025-02-27 11:49:26.780000,HE,NIF,P,BHZ
smi:fi.isuh/event/1496750,2025-02-27 11:49:57.120000,HE,NIF,S,BHZ
smi:fi.isuh/event/1496750,2025-02-27 11:49:31.330000,HE,VAF,P,BHZ
smi:fi.isuh/event/1496750,2025-02-27 11:50:34.880000,HE,JOF,S,BHZ
smi:fi.isuh/event/1496750,2025-02-27 11:50:48.800000,HE,FIA0,S,SHZ
smi:fi.isuh/event/1496785,2025-02-27 11:54:12.280000,HE,RUF,P,BHZ
smi:fi.isuh/event/1496785,2025-02-27 11:54:19.360000,HE,RUF,S,BHZ
smi:fi.isuh/event/1496785,2025-02-27 11:54:13.060000,HE,VJF,P,BHZ
smi:fi.isuh/event/1496785,2025-02-27 11:54:21.280000,HE,VJF,S,BHZ
smi:fi.isuh/event/1496785,2025-02-27 11:54:12.740000,HE,KY17,P,BHZ
smi:fi.isuh/event/1496785,2025-02-27 11:54:20.480000,HE,KY17,S,BHZ
smi:fi.isuh/event/1496785,2025-02-27 11:54:22.000000,HE,FIA0,P,SHZ
smi:fi.isuh/event/1496785,2025-02-27 11:54:42.900000,HE,FIA0,S,SHZ
smi:fi.isuh/event/1496785,2025-02-27 11:54:24.300000,HE,PVF,P,BHZ
smi:fi.isuh/event/1496785,2025-02-27 11:54:41.280000,HE,PVF,S,BHZ
smi:fi.isuh/event/1496785,2025-02-27 11:54:28.380000,HE,KAF,P,BHZ
smi:fi.isuh/event/1496785,2025-02-27 11:54:51.040000,HE,KAF,S,BHZ
smi:fi.isuh/event/1496785,2025-02-27 11:54:38.280000,HE,SUF,P,BHZ
smi:fi.isuh/event/1496785,2025-02-27 11:55:04.080000,HE,SUF,S,BHZ
smi:fi.isuh/event/1496785,2025-02-27 11:55:04.160000,HE,KEF,S,BHZ
smi:fi.isuh/event/1496785,2025-02-27 11:54:38.580000,HE,TRE03,P,BHZ
smi:fi.isuh/event/1496785,2025-02-27 11:55:06.080000,HE,TRE03,S,BHZ
smi:fi.isuh/event/1496785,2025-02-27 11:55:05.520000,HE,MEF,S,BHZ
smi:fi.isuh/event/1496785,2025-02-27 11:55:16.000000,HE,JOF,S,BHZ
smi:fi.isuh/event/1496785,2025-02-27 11:55:26.380000,HE,TVF,S,BHZ
smi:fi.isuh/event/1496752,2025-02-27 11:58:57.380000,HE,KORF,P,BHZ
smi:fi.isuh/event/1496752,2025-02-27 11:59:05.180000,HE,KORF,S,BHZ
smi:fi.isuh/event/1496752,2025-02-27 11:58:57.380000,HE,RAF,P,BHZ
smi:fi.isuh/event/1496752,2025-02-27 11:59:09.220000,UP,AAL,P,BHZ
smi:fi.isuh/event/1496752,2025-02-27 11:59:07.330000,HE,MEF,P,BHZ
smi:fi.isuh/event/1496752,2025-02-27 11:59:11.480000,HE,KPF,P,BHZ
smi:fi.isuh/event/1496752,2025-02-27 11:59:30.600000,HE,KPF,S,BHZ
smi:fi.isuh/event/1496752,2025-02-27 11:59:12.170000,HE,ECKF,P,BHZ
smi:fi.isuh/event/1496752,2025-02-27 11:59:14.040000,HE,TRE03,P,BHZ
smi:fi.isuh/event/1496752,2025-02-27 11:59:34.480000,HE,TRE03,S,BHZ
smi:fi.isuh/event/1496752,2025-02-27 11:59:13.830000,HE,VUOS,P,BHZ
smi:fi.isuh/event/1496752,2025-02-27 11:59:20.260000,HE,PVF,P,BHZ
smi:fi.isuh/event/1496752,2025-02-27 11:59:24.580000,HE,KEF,P,BHZ
smi:fi.isuh/event/1496752,2025-02-27 11:59:51.660000,HE,KEF,S,BHZ
smi:fi.isuh/event/1496752,2025-02-27 11:59:24.200000,HE,FIA0,P,SHZ
smi:fi.isuh/event/1496752,2025-02-27 11:59:51.700000,HE,FIA0,S,SHZ
smi:fi.isuh/event/1496752,2025-02-27 12:00:04.180000,HE,KAF,S,BHZ
smi:fi.isuh/event/1496752,2025-02-27 12:00:13.940000,HE,SUF,S,BHZ
smi:fi.isuh/event/1496754,2025-02-27 12:04:27.530000,HE,TOF,P,BHZ
smi:fi.isuh/event/1496754,2025-02-27 12:04:41.840000,HE,TOF,S,BHZ
smi:fi.isuh/event/1496754,2025-02-27 12:04:36.190000,HE,OBF3,P,BHZ
smi:fi.isuh/event/1496754,2025-02-27 12:04:58.680000,HE,OBF3,S,BHZ
smi:fi.isuh/event/1496754,2025-02-27 12:04:37.980000,HE,OBF8,P,BHZ
smi:fi.isuh/event/1496754,2025-02-27 12:05:00.700000,HE,OBF8,S,BHZ
smi:fi.isuh/event/1496754,2025-02-27 12:04:38.380000,HE,OBF0,P,BHZ
smi:fi.isuh/event/1496754,2025-02-27 12:04:38.520000,FN,KLF,P,BHZ
smi:fi.isuh/event/1496754,2025-02-27 12:05:00.640000,FN,KLF,S,BHZ
smi:fi.isuh/event/1496754,2025-02-27 12:04:41.920000,HE,OUF,P,BHZ
smi:fi.isuh/event/1496754,2025-02-27 12:04:44.280000,FN,RANF,P,BHZ
smi:fi.isuh/event/1496754,2025-02-27 12:05:11.440000,FN,RANF,S,BHZ
smi:fi.isuh/event/1496754,2025-02-27 12:04:53.980000,HE,KU2,P,BHZ
smi:fi.isuh/event/1496754,2025-02-27 12:05:26.020000,HE,KU2,S,BHZ
smi:fi.isuh/event/1496754,2025-02-27 12:05:31.040000,HE,HEF,S,BHZ
smi:fi.isuh/event/1496754,2025-02-27 12:04:55.330000,HE,VAF,P,BHZ
smi:fi.isuh/event/1496754,2025-02-27 12:05:33.200000,HE,VAF,S,BHZ
smi:fi.isuh/event/1496754,2025-02-27 12:04:59.630000,FN,OLKF,P,BHZ
smi:fi.isuh/event/1496754,2025-02-27 12:05:37.200000,FN,OLKF,S,BHZ
smi:fi.isuh/event/1496754,2025-02-27 12:05:00.760000,HE,KU1,P,BHZ
smi:fi.isuh/event/1496754,2025-02-27 12:05:40.460000,HE,KU1,S,BHZ
smi:fi.isuh/event/1496754,2025-02-27 12:05:08.120000,HE,KIF,P,BHZ
smi:fi.isuh/event/1496754,2025-02-27 12:05:49.080000,HE,KIF,S,BHZ
smi:fi.isuh/event/1496754,2025-02-27 12:05:08.310000,HE,SUF,P,BHZ
smi:fi.isuh/event/1496754,2025-02-27 12:05:05.830000,HE,VRF,P,BHZ
smi:fi.isuh/event/1496754,2025-02-27 12:05:50.360000,HE,VRF,S,BHZ
smi:fi.isuh/event/1496754,2025-02-27 12:05:06.530000,FN,RAJF,P,BHZ
smi:fi.isuh/event/1496755,2025-02-27 12:11:10.870000,HE,KJNF,P,BHZ
smi:fi.isuh/event/1496755,2025-02-27 12:11:11.780000,HE,NIF,P,BHZ
smi:fi.isuh/event/1496755,2025-02-27 12:11:19.180000,HE,NIF,S,BHZ
smi:fi.isuh/event/1496755,2025-02-27 12:11:22.580000,HE,OUF,P,BHZ
smi:fi.isuh/event/1496755,2025-02-27 12:11:23.180000,HE,SUF,P,BHZ
smi:fi.isuh/event/1496755,2025-02-27 12:11:38.580000,HE,SUF,S,BHZ
smi:fi.isuh/event/1496755,2025-02-27 12:11:26.080000,HE,RMF,P,BHZ
smi:fi.isuh/event/1496755,2025-02-27 12:11:43.960000,HE,RMF,S,BHZ
smi:fi.isuh/event/1496755,2025-02-27 12:11:27.220000,HE,OBF0,P,BHZ
smi:fi.isuh/event/1496755,2025-02-27 12:11:46.260000,HE,OBF0,S,BHZ
smi:fi.isuh/event/1496755,2025-02-27 12:11:27.080000,HE,OBF3,P,BHZ
smi:fi.isuh/event/1496755,2025-02-27 12:11:34.430000,HE,KAF,P,BHZ
smi:fi.isuh/event/1496755,2025-02-27 12:11:56.240000,HE,KAF,S,BHZ
smi:fi.isuh/event/1496755,2025-02-27 12:11:36.880000,HE,KU2,P,BHZ
smi:fi.isuh/event/1496755,2025-02-27 12:12:03.860000,HE,KU2,S,BHZ
smi:fi.isuh/event/1496755,2025-02-27 12:11:37.080000,HE,KEF,P,BHZ
smi:fi.isuh/event/1496755,2025-02-27 12:12:01.680000,HE,KEF,S,BHZ
smi:fi.isuh/event/1496755,2025-02-27 12:11:37.910000,HE,KU1,P,BHZ
smi:fi.isuh/event/1496755,2025-02-27 12:12:03.800000,HE,KU1,S,BHZ
smi:fi.isuh/event/1496755,2025-02-27 12:11:39.200000,HE,JOF,P,BHZ
smi:fi.isuh/event/1496755,2025-02-27 12:12:06.920000,HE,JOF,S,BHZ
smi:fi.isuh/event/1496755,2025-02-27 12:11:39.930000,HE,VAF,P,BHZ
smi:fi.isuh/event/1496755,2025-02-27 12:12:07.400000,HE,VAF,S,BHZ
smi:fi.isuh/event/1496755,2025-02-27 12:11:40.360000,FN,RANF,P,BHZ
smi:fi.isuh/event/1496755,2025-02-27 12:12:07.760000,FN,RANF,S,BHZ
smi:fi.isuh/event/1496755,2025-02-27 12:12:16.200000,HE,FIA0,S,SHZ
smi:fi.isuh/event/1496755,2025-02-27 12:11:45.430000,HE,KU6,P,BHZ
smi:fi.isuh/event/1496755,2025-02-27 12:12:16.960000,HE,KU6,S,BHZ
smi:fi.isuh/event/1496755,2025-02-27 12:12:17.840000,HE,TOF,S,BHZ
smi:fi.isuh/event/1496755,2025-02-27 12:12:20.560000,HE,RUF,S,BHZ
smi:fi.isuh/event/1496755,2025-02-27 12:12:22.000000,FN,OLKF,S,BHZ
smi:fi.isuh/event/1496755,2025-02-27 12:11:54.320000,HE,KPF,P,BHZ
smi:fi.isuh/event/1496755,2025-02-27 12:12:43.280000,FN,KLF,S,BHZ
smi:fi.isuh/event/1496757,2025-02-27 12:36:11.180000,HE,VJF,P,BHZ
smi:fi.isuh/event/1496757,2025-02-27 12:36:16.380000,HE,VJF,S,BHZ
smi:fi.isuh/event/1496757,2025-02-27 12:36:12.880000,HE,KY17,P,BHZ
smi:fi.isuh/event/1496757,2025-02-27 12:36:19.080000,HE,KY17,S,BHZ
smi:fi.isuh/event/1496757,2025-02-27 12:36:13.380000,HE,PVF,P,BHZ
smi:fi.isuh/event/1496757,2025-02-27 12:36:20.260000,HE,PVF,S,BHZ
smi:fi.isuh/event/1496757,2025-02-27 12:36:21.330000,HE,VUOS,P,BHZ
smi:fi.isuh/event/1496757,2025-02-27 12:36:33.280000,HE,VUOS,S,BHZ
smi:fi.isuh/event/1496757,2025-02-27 12:36:22.900000,HE,FIA0,P,SHZ
smi:fi.isuh/event/1496757,2025-02-27 12:36:37.200000,HE,FIA0,S,SHZ
smi:fi.isuh/event/1496757,2025-02-27 12:36:37.280000,HE,HEL1,S,BHZ
smi:fi.isuh/event/1496757,2025-02-27 12:36:38.790000,HE,NUR,S,BHZ
smi:fi.isuh/event/1496757,2025-02-27 12:36:25.180000,HE,HEL5,P,BHZ
smi:fi.isuh/event/1496757,2025-02-27 12:36:49.040000,HE,MEF,S,BHZ
smi:fi.isuh/event/1496757,2025-02-27 12:36:29.780000,HE,RUF,P,BHZ
smi:fi.isuh/event/1496757,2025-02-27 12:36:48.300000,HE,RUF,S,BHZ
smi:fi.isuh/event/1496757,2025-02-27 12:36:34.280000,HE,KAF,P,BHZ
smi:fi.isuh/event/1496757,2025-02-27 12:36:56.580000,HE,KAF,S,BHZ
smi:fi.isuh/event/1496757,2025-02-27 12:36:38.880000,HE,KEF,P,BHZ
smi:fi.isuh/event/1496757,2025-02-27 12:37:05.580000,HE,KEF,S,BHZ
smi:fi.isuh/event/1496757,2025-02-27 12:36:39.380000,HE,TVF,P,BHZ
smi:fi.isuh/event/1496757,2025-02-27 12:37:03.480000,HE,TVF,S,BHZ
smi:fi.isuh/event/1496757,2025-02-27 12:36:44.160000,HE,SUF,P,BHZ
smi:fi.isuh/event/1496757,2025-02-27 12:37:14.100000,HE,SUF,S,BHZ
smi:fi.isuh/event/1496757,2025-02-27 12:37:22.820000,HE,RAF,S,BHZ
smi:fi.isuh/event/1496757,2025-02-27 12:37:26.880000,HE,KPF,S,BHZ
smi:fi.isuh/event/1496757,2025-02-27 12:37:14.080000,HE,RMF,P,BHZ
smi:fi.isuh/event/1496711,2025-02-27 13:57:08.757580,HE,KY02,P,CZ
smi:fi.isuh/event/1496711,2025-02-27 13:57:10.019400,HE,KY02,S,CZ
smi:fi.isuh/event/1496711,2025-02-27 13:57:10.259750,HE,KY17,P,CZ
smi:fi.isuh/event/1496711,2025-02-27 13:57:12.603130,HE,KY17,S,CZ
smi:fi.isuh/event/1496711,2025-02-27 13:57:15.763840,HE,LOVF,P,CZ
smi:fi.isuh/event/1496711,2025-02-27 13:57:21.724120,HE,LOVF,S,CZ
smi:fi.isuh/event/1496711,2025-02-27 13:57:16.660410,HE,VJF,P,?HZ
smi:fi.isuh/event/1496711,2025-02-27 13:57:23.477270,HE,VJF,S,?HZ
smi:fi.isuh/event/1496711,2025-02-27 13:57:16.585950,HE,PVF,P,CZ
smi:fi.isuh/event/1496711,2025-02-27 13:57:23.573860,HE,PVF,S,CZ
smi:fi.isuh/event/1496711,2025-02-27 13:57:19.052270,HE,FIA0,P,?HZ
smi:fi.isuh/event/1496711,2025-02-27 13:57:27.411210,HE,FIA0,S,?HZ
smi:fi.isuh/event/1496711,2025-02-27 13:57:19.052270,HE,FIA1,P,?HZ
smi:fi.isuh/event/1496711,2025-02-27 13:57:27.411210,HE,FIA1,S,?HZ
smi:fi.isuh/event/1496711,2025-02-27 13:57:28.802660,HE,RUF,P,BHZ
smi:fi.isuh/event/1496711,2025-02-27 13:57:44.340580,HE,RUF,S,BHZ
smi:fi.isuh/event/1496711,2025-02-27 13:57:29.962210,HE,KAF,P,?HZ
smi:fi.isuh/event/1496711,2025-02-27 13:57:46.195850,HE,KAF,S,?HZ
smi:fi.isuh/event/1496711,2025-02-27 13:57:32.513210,HE,TRE03,P,CZ
smi:fi.isuh/event/1496711,2025-02-27 13:57:51.065940,HE,TRE03,S,CZ
smi:fi.isuh/event/1496711,2025-02-27 13:57:35.296120,HE,KEF,P,?HZ
smi:fi.isuh/event/1496711,2025-02-27 13:57:55.472210,HE,KEF,S,?HZ
smi:fi.isuh/event/1496770,2025-02-27 14:21:16.360000,FN,RAJF,P,BHZ
smi:fi.isuh/event/1496770,2025-02-27 14:21:20.280000,FN,RAJF,S,BHZ
smi:fi.isuh/event/1496770,2025-02-27 14:21:31.760000,HE,KEV,P,BHZ
smi:fi.isuh/event/1496770,2025-02-27 14:21:45.760000,HE,KEV,S,BHZ
smi:fi.isuh/event/1496770,2025-02-27 14:21:32.380000,HE,VRF,P,BHZ
smi:fi.isuh/event/1496770,2025-02-27 14:21:48.600000,HE,VRF,S,BHZ
smi:fi.isuh/event/1496770,2025-02-27 14:21:38.480000,HE,HEF,P,BHZ
smi:fi.isuh/event/1496770,2025-02-27 14:21:58.480000,HE,HEF,S,BHZ
smi:fi.isuh/event/1496770,2025-02-27 14:21:46.400000,FN,KLF,P,BHZ
smi:fi.isuh/event/1496770,2025-02-27 14:22:11.880000,FN,KLF,S,BHZ
smi:fi.isuh/event/1496770,2025-02-27 14:22:24.160000,FN,OLKF,S,BHZ
smi:fi.isuh/event/1496770,2025-02-27 14:22:28.040000,HE,KIF,S,BHZ
smi:fi.isuh/event/1496770,2025-02-27 14:22:30.520000,FN,RANF,S,BHZ
smi:fi.isuh/event/1496770,2025-02-27 14:22:34.840000,HE,KU6,S,BHZ
smi:fi.isuh/event/1496770,2025-02-27 14:22:37.640000,HE,TOF,S,BHZ
smi:fi.isuh/event/1496792,2025-02-27 14:30:25.087480,HE,ECKF,P,CZ
smi:fi.isuh/event/1496792,2025-02-27 14:30:37.460930,HE,ECKF,S,CZ
smi:fi.isuh/event/1496792,2025-02-27 14:30:29.033910,UP,AAL,P,BHZ
smi:fi.isuh/event/1496792,2025-02-27 14:30:43.974460,UP,AAL,S,BHZ
smi:fi.isuh/event/1496792,2025-02-27 14:30:41.799550,HE,KORF,P,CZ
smi:fi.isuh/event/1496792,2025-02-27 14:31:06.254570,HE,KORF,S,CZ
smi:fi.isuh/event/1496791,2025-02-27 15:42:18.958960,HE,HEL5,P,BHZ
smi:fi.isuh/event/1496791,2025-02-27 15:42:20.348950,HE,HEL5,S,BHZ
smi:fi.isuh/event/1496791,2025-02-27 15:42:18.958960,HE,MEF,P,BHZ
smi:fi.isuh/event/1496791,2025-02-27 15:42:20.558890,HE,MEF,S,BHZ
smi:fi.isuh/event/1496791,2025-02-27 15:42:19.894370,HE,LAUT,P,BHZ
smi:fi.isuh/event/1496791,2025-02-27 15:42:21.936800,HE,LAUT,S,BHZ
smi:fi.isuh/event/1496791,2025-02-27 15:42:20.200450,HE,HEL1,P,BHZ
smi:fi.isuh/event/1496791,2025-02-27 15:42:22.278630,HE,HEL1,S,BHZ
smi:fi.isuh/event/1496791,2025-02-27 15:42:20.662270,HE,RSUO,P,BHZ
smi:fi.isuh/event/1496791,2025-02-27 15:42:23.086810,HE,RSUO,S,BHZ
smi:fi.isuh/event/1496791,2025-02-27 15:42:21.037560,HE,KUNI,P,BHZ
smi:fi.isuh/event/1496791,2025-02-27 15:42:23.984770,HE,KUNI,S,BHZ
smi:fi.isuh/event/1496791,2025-02-27 15:42:22.479330,HE,VUOS,P,BHZ
smi:fi.isuh/event/1496791,2025-02-27 15:42:26.655680,HE,VUOS,S,BHZ
smi:fi.isuh/event/1496791,2025-02-27 15:42:23.945770,HE,NUR,P,SHZ
smi:fi.isuh/event/1496791,2025-02-27 15:42:28.687910,HE,NUR,S,SHZ
smi:fi.isuh/event/1496791,2025-02-27 15:42:29.354250,HE,TVF,P,BHZ
smi:fi.isuh/event/1496791,2025-02-27 15:42:38.480540,HE,TVF,S,BHZ
smi:fi.isuh/event/1496791,2025-02-27 15:42:31.059680,HE,PVF,P,CZ
smi:fi.isuh/event/1496791,2025-02-27 15:42:41.126340,HE,PVF,S,CZ
smi:fi.isuh/event/1496791,2025-02-27 15:42:33.378700,HE,LOVF,P,CZ
smi:fi.isuh/event/1496791,2025-02-27 15:42:45.346520,HE,LOVF,S,CZ
smi:fi.isuh/event/1497229,2025-02-28 07:57:59.840000,HE,RUF,P,BHZ
smi:fi.isuh/event/1497229,2025-02-28 07:58:07.220000,HE,RUF,S,BHZ
smi:fi.isuh/event/1497229,2025-02-28 07:58:03.940000,HE,VJF,P,BHZ
smi:fi.isuh/event/1497229,2025-02-28 07:58:14.980000,HE,VJF,S,BHZ
smi:fi.isuh/event/1497229,2025-02-28 07:58:06.780000,HE,KY17,P,BHZ
smi:fi.isuh/event/1497229,2025-02-28 07:58:20.580000,HE,KY17,S,BHZ
smi:fi.isuh/event/1497229,2025-02-28 07:58:16.400000,HE,FIA0,P,SHZ
smi:fi.isuh/event/1497229,2025-02-28 07:58:17.400000,HE,PVF,P,BHZ
smi:fi.isuh/event/1497229,2025-02-28 07:58:39.740000,HE,PVF,S,BHZ
smi:fi.isuh/event/1497229,2025-02-28 07:58:22.200000,HE,KAF,P,BHZ
smi:fi.isuh/event/1497229,2025-02-28 07:58:47.320000,HE,KAF,S,BHZ
smi:fi.isuh/event/1497229,2025-02-28 07:58:25.480000,HE,VUOS,P,BHZ
smi:fi.isuh/event/1497229,2025-02-28 07:58:53.180000,HE,VUOS,S,BHZ
smi:fi.isuh/event/1497229,2025-02-28 07:58:26.840000,HE,KUNI,P,BHZ
smi:fi.isuh/event/1497229,2025-02-28 07:58:57.340000,HE,KUNI,S,BHZ
smi:fi.isuh/event/1497229,2025-02-28 07:58:56.820000,HE,HEL1,S,BHZ
smi:fi.isuh/event/1497229,2025-02-28 07:58:56.320000,HE,LAUT,S,BHZ
smi:fi.isuh/event/1497229,2025-02-28 07:58:27.400000,HE,NUR,P,BHZ
smi:fi.isuh/event/1497229,2025-02-28 07:58:56.800000,HE,NUR,S,BHZ
smi:fi.isuh/event/1497229,2025-02-28 07:58:29.520000,HE,HEL5,P,BHZ
smi:fi.isuh/event/1497229,2025-02-28 07:59:00.160000,HE,HEL5,S,BHZ
smi:fi.isuh/event/1497229,2025-02-28 07:58:30.080000,HE,JOF,P,BHZ
smi:fi.isuh/event/1497229,2025-02-28 07:58:59.520000,HE,JOF,S,BHZ
smi:fi.isuh/event/1497229,2025-02-28 07:58:30.480000,HE,SUF,P,BHZ
smi:fi.isuh/event/1497229,2025-02-28 07:59:01.280000,HE,SUF,S,BHZ
smi:fi.isuh/event/1497229,2025-02-28 07:58:30.330000,HE,MEF,P,BHZ
smi:fi.isuh/event/1497229,2025-02-28 07:59:04.880000,HE,MEF,S,BHZ
smi:fi.isuh/event/1497229,2025-02-28 07:58:30.840000,HE,KEF,P,BHZ
smi:fi.isuh/event/1497229,2025-02-28 07:59:04.360000,HE,KEF,S,BHZ
smi:fi.isuh/event/1497229,2025-02-28 07:58:32.480000,HE,TRE03,P,BHZ
smi:fi.isuh/event/1497229,2025-02-28 07:59:06.880000,HE,TRE03,S,BHZ
smi:fi.isuh/event/1497229,2025-02-28 07:58:34.680000,HE,NIF,P,BHZ
smi:fi.isuh/event/1497229,2025-02-28 07:59:08.280000,HE,NIF,S,BHZ
smi:fi.isuh/event/1497229,2025-02-28 07:58:42.900000,HE,TVF,P,BHZ
smi:fi.isuh/event/1497229,2025-02-28 07:58:46.640000,HE,RMF,P,BHZ
smi:fi.isuh/event/1497229,2025-02-28 07:58:47.830000,HE,RAF,P,BHZ
smi:fi.isuh/event/1497229,2025-02-28 07:59:30.560000,HE,RAF,S,BHZ
smi:fi.isuh/event/1497229,2025-02-28 07:58:50.330000,HE,VAF,P,BHZ
smi:fi.isuh/event/1497229,2025-02-28 07:58:58.420000,HE,KORF,P,BHZ
smi:fi.isuh/event/1497229,2025-02-28 07:59:03.160000,HE,OUF,P,BHZ
smi:fi.isuh/event/1497229,2025-02-28 07:59:56.640000,HE,OUF,S,BHZ
smi:fi.isuh/event/1496942,2025-02-28 08:52:48.360000,HE,TRE03,P,BHZ
smi:fi.isuh/event/1496942,2025-02-28 08:52:52.780000,HE,TRE03,S,BHZ
smi:fi.isuh/event/1496942,2025-02-28 08:52:56.400000,HE,KPF,P,BHZ
smi:fi.isuh/event/1496942,2025-02-28 08:53:07.800000,HE,KPF,S,BHZ
smi:fi.isuh/event/1496942,2025-02-28 08:52:58.730000,HE,KEF,P,BHZ
smi:fi.isuh/event/1496942,2025-02-28 08:53:10.000000,HE,KEF,S,BHZ
smi:fi.isuh/event/1496942,2025-02-28 08:53:02.330000,HE,RAF,P,BHZ
smi:fi.isuh/event/1496942,2025-02-28 08:53:15.920000,HE,RAF,S,BHZ
smi:fi.isuh/event/1496942,2025-02-28 08:53:06.680000,HE,NUR,P,BHZ
smi:fi.isuh/event/1496942,2025-02-28 08:53:05.500000,HE,FIA0,P,SHZ
smi:fi.isuh/event/1496942,2025-02-28 08:53:23.600000,HE,FIA0,S,SHZ
smi:fi.isuh/event/1496942,2025-02-28 08:53:08.630000,HE,KAF,P,BHZ
smi:fi.isuh/event/1496942,2025-02-28 08:53:28.540000,HE,KAF,S,BHZ
smi:fi.isuh/event/1496942,2025-02-28 08:53:10.180000,HE,MEF,P,BHZ
smi:fi.isuh/event/1496942,2025-02-28 08:53:11.230000,HE,VAF,P,BHZ
smi:fi.isuh/event/1496942,2025-02-28 08:53:31.560000,HE,VAF,S,BHZ
smi:fi.isuh/event/1496942,2025-02-28 08:53:12.620000,HE,PVF,P,BHZ
smi:fi.isuh/event/1496942,2025-02-28 08:53:33.980000,HE,HEL5,S,BHZ
smi:fi.isuh/event/1496942,2025-02-28 08:53:35.900000,HE,SUF,S,BHZ
smi:fi.isuh/event/1496942,2025-02-28 08:53:15.680000,HE,KORF,P,BHZ
smi:fi.isuh/event/1496942,2025-02-28 08:53:41.380000,HE,KY17,S,BHZ
smi:fi.isuh/event/1496942,2025-02-28 08:53:52.680000,HE,VJF,S,BHZ
smi:fi.isuh/event/1496942,2025-02-28 08:53:51.880000,UP,AAL,S,BHZ
smi:fi.isuh/event/1496942,2025-02-28 08:53:56.660000,HE,ECKF,S,BHZ
smi:fi.isuh/event/1496942,2025-02-28 08:54:05.560000,HE,NIF,S,BHZ
smi:fi.isuh/event/1496942,2025-02-28 08:54:03.760000,HE,OBF8,S,BHZ
smi:fi.isuh/event/1497226,2025-02-28 08:55:55.785740,HE,KUNI,P,BHZ
smi:fi.isuh/event/1497226,2025-02-28 08:55:56.499420,HE,KUNI,S,BHZ
smi:fi.isuh/event/1497226,2025-02-28 08:55:56.809170,HE,RSUO,P,BHZ
smi:fi.isuh/event/1497226,2025-02-28 08:55:57.382460,HE,HEL1,P,BHZ
smi:fi.isuh/event/1497226,2025-02-28 08:55:59.151000,HE,HEL1,S,BHZ
smi:fi.isuh/event/1497226,2025-02-28 08:55:57.447460,HE,VUOS,P,BHZ
smi:fi.isuh/event/1497226,2025-02-28 08:55:59.166050,HE,VUOS,S,BHZ
smi:fi.isuh/event/1497226,2025-02-28 08:55:57.881990,HE,LAUT,P,BHZ
smi:fi.isuh/event/1497226,2025-02-28 08:56:00.015950,HE,LAUT,S,BHZ
smi:fi.isuh/event/1497226,2025-02-28 08:55:59.676870,HE,NUR,P,SHZ
smi:fi.isuh/event/1497226,2025-02-28 08:56:03.185080,HE,NUR,S,SHZ
smi:fi.isuh/event/1497226,2025-02-28 08:56:00.551990,HE,MEF,P,BHZ
smi:fi.isuh/event/1497226,2025-02-28 08:56:04.734000,HE,MEF,S,BHZ
smi:fi.isuh/event/1496944,2025-02-28 08:57:17.080000,HE,KEF,P,BHZ
smi:fi.isuh/event/1496944,2025-02-28 08:57:17.680000,HE,KEF,S,BHZ
smi:fi.isuh/event/1496944,2025-02-28 08:57:25.280000,HE,KAF,P,BHZ
smi:fi.isuh/event/1496944,2025-02-28 08:57:32.800000,HE,KAF,S,BHZ
smi:fi.isuh/event/1496944,2025-02-28 08:57:27.640000,HE,SUF,P,BHZ
smi:fi.isuh/event/1496944,2025-02-28 08:57:37.080000,HE,SUF,S,BHZ
smi:fi.isuh/event/1496944,2025-02-28 08:57:28.980000,HE,TRE03,P,BHZ
smi:fi.isuh/event/1496944,2025-02-28 08:57:39.140000,HE,TRE03,S,BHZ
smi:fi.isuh/event/1496944,2025-02-28 08:57:31.700000,HE,FIA0,P,SHZ
smi:fi.isuh/event/1496944,2025-02-28 08:57:44.600000,HE,FIA0,S,SHZ
smi:fi.isuh/event/1496944,2025-02-28 08:57:41.000000,HE,VAF,P,BHZ
smi:fi.isuh/event/1496944,2025-02-28 08:58:00.600000,HE,VAF,S,BHZ
smi:fi.isuh/event/1496944,2025-02-28 08:57:42.680000,HE,KPF,P,BHZ
smi:fi.isuh/event/1496944,2025-02-28 08:58:03.780000,HE,KPF,S,BHZ
smi:fi.isuh/event/1496944,2025-02-28 08:58:05.180000,HE,KY17,S,BHZ
smi:fi.isuh/event/1496944,2025-02-28 08:57:45.980000,HE,NIF,P,BHZ
smi:fi.isuh/event/1496944,2025-02-28 08:58:09.160000,HE,NIF,S,BHZ
smi:fi.isuh/event/1496944,2025-02-28 08:57:46.930000,HE,PVF,P,BHZ
smi:fi.isuh/event/1496944,2025-02-28 08:58:09.840000,HE,PVF,S,BHZ
smi:fi.isuh/event/1496944,2025-02-28 08:58:10.140000,HE,NUR,S,BHZ
smi:fi.isuh/event/1496944,2025-02-28 08:58:17.240000,HE,RUF,S,BHZ
smi:fi.isuh/event/1496944,2025-02-28 08:57:51.580000,HE,RAF,P,BHZ
smi:fi.isuh/event/1496944,2025-02-28 08:58:18.280000,HE,RAF,S,BHZ
smi:fi.isuh/event/1496944,2025-02-28 08:57:52.180000,HE,MEF,P,BHZ
smi:fi.isuh/event/1496944,2025-02-28 08:58:19.500000,HE,VJF,S,BHZ
smi:fi.isuh/event/1496944,2025-02-28 08:58:22.000000,HE,OUF,S,BHZ
smi:fi.isuh/event/1496944,2025-02-28 08:58:25.560000,HE,OBF8,S,BHZ
smi:fi.isuh/event/1496944,2025-02-28 08:58:27.080000,HE,OBF0,S,BHZ
smi:fi.isuh/event/1496944,2025-02-28 08:58:26.960000,HE,KJNF,S,BHZ
smi:fi.isuh/event/1496944,2025-02-28 08:58:33.920000,HE,TVF,S,BHZ
smi:fi.isuh/event/1496944,2025-02-28 08:58:43.520000,HE,JOF,S,BHZ
smi:fi.isuh/event/1497236,2025-02-28 09:00:11.477720,HE,MEF,P,BHZ
smi:fi.isuh/event/1497236,2025-02-28 09:00:12.937090,HE,MEF,S,BHZ
smi:fi.isuh/event/1497236,2025-02-28 09:00:15.114030,HE,HEL5,P,BHZ
smi:fi.isuh/event/1497236,2025-02-28 09:00:18.580100,HE,HEL5,S,BHZ
smi:fi.isuh/event/1497236,2025-02-28 09:00:15.004350,HE,NUR,P,SHZ
smi:fi.isuh/event/1497236,2025-02-28 09:00:15.504840,HE,KUNI,P,BHZ
smi:fi.isuh/event/1497236,2025-02-28 09:00:19.422940,HE,KUNI,S,BHZ
smi:fi.isuh/event/1497236,2025-02-28 09:00:15.453840,HE,LAUT,P,BHZ
smi:fi.isuh/event/1497236,2025-02-28 09:00:19.649960,HE,LAUT,S,BHZ
smi:fi.isuh/event/1497236,2025-02-28 09:00:15.695460,HE,HEL1,P,BHZ
smi:fi.isuh/event/1497236,2025-02-28 09:00:19.665270,HE,HEL1,S,BHZ
smi:fi.isuh/event/1497236,2025-02-28 09:00:17.893110,HE,VUOS,P,BHZ
smi:fi.isuh/event/1497236,2025-02-28 09:00:23.591900,HE,VUOS,S,BHZ
smi:fi.isuh/event/1497233,2025-02-28 09:00:32.203670,HE,HEL1,P,BHZ
smi:fi.isuh/event/1497233,2025-02-28 09:00:33.600940,HE,HEL1,S,BHZ
smi:fi.isuh/event/1497233,2025-02-28 09:00:32.257370,HE,RSUO,P,BHZ
smi:fi.isuh/event/1497233,2025-02-28 09:00:33.574880,HE,RSUO,S,BHZ
smi:fi.isuh/event/1497233,2025-02-28 09:00:32.257370,HE,KUNI,P,BHZ
smi:fi.isuh/event/1497233,2025-02-28 09:00:33.809450,HE,KUNI,S,BHZ
smi:fi.isuh/event/1497233,2025-02-28 09:00:32.284220,HE,LAUT,P,BHZ
smi:fi.isuh/event/1497233,2025-02-28 09:00:33.835520,HE,LAUT,S,BHZ
smi:fi.isuh/event/1497233,2025-02-28 09:00:32.236780,HE,HEL5,P,BHZ
smi:fi.isuh/event/1497233,2025-02-28 09:00:33.882140,HE,HEL5,S,BHZ
smi:fi.isuh/event/1497233,2025-02-28 09:00:32.769860,HE,MEF,P,BHZ
smi:fi.isuh/event/1497233,2025-02-28 09:00:34.820940,HE,MEF,S,BHZ
smi:fi.isuh/event/1497233,2025-02-28 09:00:35.052160,HE,NUR,P,SHZ
smi:fi.isuh/event/1497227,2025-02-28 09:59:20.152020,HE,KJNF,P,CZ
smi:fi.isuh/event/1497227,2025-02-28 09:59:23.400380,HE,KJNF,S,CZ
smi:fi.isuh/event/1497227,2025-02-28 09:59:29.490440,HE,NIF,P,BHZ
smi:fi.isuh/event/1497227,2025-02-28 09:59:39.620440,HE,NIF,S,BHZ
smi:fi.isuh/event/1497227,2025-02-28 09:59:35.779940,HE,OUF,P,BHZ
smi:fi.isuh/event/1497227,2025-02-28 09:59:49.924380,HE,OUF,S,BHZ
smi:fi.isuh/event/1497227,2025-02-28 09:59:37.660730,HE,RMF,P,BHZ
smi:fi.isuh/event/1497227,2025-02-28 09:59:53.217870,HE,RMF,S,BHZ
smi:fi.isuh/event/1497227,2025-02-28 09:59:39.246490,HE,OBF3,P,BHZ
smi:fi.isuh/event/1497227,2025-02-28 09:59:55.711520,HE,OBF3,S,BHZ
smi:fi.isuh/event/1497227,2025-02-28 09:59:40.125470,HE,OBF0,P,BHZ
smi:fi.isuh/event/1497227,2025-02-28 09:59:57.309070,HE,OBF0,S,BHZ
smi:fi.isuh/event/1497227,2025-02-28 09:59:42.302540,HE,SUF,P,BHZ
smi:fi.isuh/event/1497227,2025-02-28 10:00:01.094920,HE,SUF,S,BHZ
smi:fi.isuh/event/1497227,2025-02-28 09:59:46.577280,HE,KU2,P,SHZ
smi:fi.isuh/event/1497227,2025-02-28 10:00:07.571970,HE,KU2,S,SHZ
smi:fi.isuh/event/1497227,2025-02-28 09:59:47.374700,HE,KU1,P,SHZ
smi:fi.isuh/event/1497227,2025-02-28 10:00:10.771370,HE,KU1,S,SHZ
smi:fi.isuh/event/1497227,2025-02-28 09:59:50.099050,FN,RANF,P,?HZ
smi:fi.isuh/event/1497227,2025-02-28 10:00:14.582420,FN,RANF,S,?HZ
smi:fi.isuh/event/1497227,2025-02-28 09:59:51.869220,HE,KAF,P,?HZ
smi:fi.isuh/event/1497227,2025-02-28 10:00:18.487560,HE,KAF,S,?HZ
smi:fi.isuh/event/1497227,2025-02-28 09:59:55.459180,HE,KEF,P,?HZ
smi:fi.isuh/event/1497227,2025-02-28 10:00:22.863200,HE,KEF,S,?HZ
smi:fi.isuh/event/1497227,2025-02-28 09:59:55.840320,HE,VAF,P,BHZ
smi:fi.isuh/event/1497227,2025-02-28 10:00:24.933400,HE,VAF,S,BHZ
smi:fi.isuh/event/1497232,2025-02-28 10:38:40.929290,HE,JOF,P,BHZ
smi:fi.isuh/event/1497232,2025-02-28 10:38:42.052790,HE,JOF,S,BHZ
smi:fi.isuh/event/1497232,2025-02-28 10:39:04.655730,HE,RMF,P,BHZ
smi:fi.isuh/event/1497232,2025-02-28 10:39:23.097560,HE,RMF,S,BHZ
smi:fi.isuh/event/1497232,2025-02-28 10:39:09.038760,HE,NIF,P,BHZ
smi:fi.isuh/event/1497232,2025-02-28 10:39:30.599170,HE,NIF,S,BHZ
smi:fi.isuh/event/1497232,2025-02-28 10:39:13.752600,HE,RUF,P,BHN
smi:fi.isuh/event/1497232,2025-02-28 10:39:38.975910,HE,RUF,S,BHN
smi:fi.isuh/event/1497232,2025-02-28 10:39:44.185750,HE,KJNF,S,CZ
smi:fi.isuh/event/1497232,2025-02-28 10:39:23.137130,HE,SUF,P,BHZ
smi:fi.isuh/event/1497232,2025-02-28 10:39:52.118730,HE,SUF,S,BHZ
smi:fi.isuh/event/1497232,2025-02-28 10:39:23.233420,HE,KAF,P,?HZ
smi:fi.isuh/event/1497232,2025-02-28 10:39:55.267390,HE,KAF,S,?HZ
smi:fi.isuh/event/1497224,2025-02-28 10:43:18.078300,HE,RSUO,P,BHZ
smi:fi.isuh/event/1497224,2025-02-28 10:43:18.779140,HE,RSUO,S,BHZ
smi:fi.isuh/event/1497224,2025-02-28 10:43:18.431080,HE,KUNI,P,BHZ
smi:fi.isuh/event/1497224,2025-02-28 10:43:19.244220,HE,KUNI,S,BHZ
smi:fi.isuh/event/1497224,2025-02-28 10:43:18.589170,HE,HEL1,P,BHZ
smi:fi.isuh/event/1497224,2025-02-28 10:43:19.542710,HE,HEL1,S,BHZ
smi:fi.isuh/event/1497224,2025-02-28 10:43:18.873620,HE,VUOS,P,BHZ
smi:fi.isuh/event/1497224,2025-02-28 10:43:20.141140,HE,VUOS,S,BHZ
smi:fi.isuh/event/1497224,2025-02-28 10:43:19.105860,HE,LAUT,P,BHZ
smi:fi.isuh/event/1497224,2025-02-28 10:43:20.461730,HE,LAUT,S,BHZ
smi:fi.isuh/event/1497224,2025-02-28 10:43:20.384650,HE,HEL5,P,BHZ
smi:fi.isuh/event/1497224,2025-02-28 10:43:22.620360,HE,HEL5,S,BHZ
smi:fi.isuh/event/1497224,2025-02-28 10:43:22.786230,HE,MEF,P,BHZ
smi:fi.isuh/event/1497224,2025-02-28 10:43:26.749930,HE,MEF,S,BHZ
smi:fi.isuh/event/1497224,2025-02-28 10:43:23.759370,HE,NUR,P,SHZ
smi:fi.isuh/event/1497224,2025-02-28 10:43:28.113110,HE,NUR,S,SHZ
smi:fi.isuh/event/1497224,2025-02-28 10:43:27.290760,HE,PVF,P,CZ
smi:fi.isuh/event/1497224,2025-02-28 10:43:34.266000,HE,PVF,S,CZ
smi:fi.isuh/event/1496946,2025-02-28 10:52:09.700000,HE,NUR,P,BHZ
smi:fi.isuh/event/1496946,2025-02-28 10:52:11.800000,HE,NUR,S,BHZ
smi:fi.isuh/event/1496946,2025-02-28 10:52:14.070000,HE,KUNI,P,BHZ
smi:fi.isuh/event/1496946,2025-02-28 10:52:19.220000,HE,KUNI,S,BHZ
smi:fi.isuh/event/1496946,2025-02-28 10:52:15.480000,HE,MEF,P,BHZ
smi:fi.isuh/event/1496946,2025-02-28 10:52:21.560000,HE,MEF,S,BHZ
smi:fi.isuh/event/1496946,2025-02-28 10:52:15.890000,HE,VUOS,P,BHZ
smi:fi.isuh/event/1496946,2025-02-28 10:52:15.120000,HE,HEL5,P,BHZ
smi:fi.isuh/event/1496946,2025-02-28 10:52:16.570000,HE,PVF,P,BHZ
smi:fi.isuh/event/1496946,2025-02-28 10:52:23.940000,HE,PVF,S,BHZ
smi:fi.isuh/event/1496946,2025-02-28 10:52:25.300000,HE,FIA0,P,SHZ
smi:fi.isuh/event/1496946,2025-02-28 10:52:37.000000,HE,FIA0,S,SHZ
smi:fi.isuh/event/1496946,2025-02-28 10:52:25.580000,HE,TRE03,P,BHZ
smi:fi.isuh/event/1496946,2025-02-28 10:52:27.380000,HE,TVF,P,BHZ
smi:fi.isuh/event/1496946,2025-02-28 10:52:42.400000,HE,TVF,S,BHZ
smi:fi.isuh/event/1496946,2025-02-28 10:52:27.680000,HE,KY17,P,BHZ
smi:fi.isuh/event/1496946,2025-02-28 10:52:43.000000,HE,KY17,S,BHZ
smi:fi.isuh/event/1496946,2025-02-28 10:52:31.630000,HE,VJF,P,BHZ
smi:fi.isuh/event/1496946,2025-02-28 10:52:50.000000,HE,VJF,S,BHZ
smi:fi.isuh/event/1496946,2025-02-28 10:52:34.640000,HE,KEF,P,BHZ
smi:fi.isuh/event/1496946,2025-02-28 10:52:54.520000,HE,KEF,S,BHZ
smi:fi.isuh/event/1496946,2025-02-28 10:52:34.480000,HE,RAF,P,BHZ
smi:fi.isuh/event/1496946,2025-02-28 10:52:54.940000,HE,RAF,S,BHZ
smi:fi.isuh/event/1496946,2025-02-28 10:52:36.530000,HE,KAF,P,BHZ
smi:fi.isuh/event/1496946,2025-02-28 10:52:58.320000,HE,KAF,S,BHZ
smi:fi.isuh/event/1496946,2025-02-28 10:52:38.280000,HE,KORF,P,BHZ
smi:fi.isuh/event/1496946,2025-02-28 10:53:02.800000,HE,KORF,S,BHZ
smi:fi.isuh/event/1496946,2025-02-28 10:52:38.980000,HE,KPF,P,BHZ
smi:fi.isuh/event/1496946,2025-02-28 10:53:02.420000,HE,KPF,S,BHZ
smi:fi.isuh/event/1496946,2025-02-28 10:53:13.880000,HE,RUF,S,BHZ
smi:fi.isuh/event/1496946,2025-02-28 10:52:46.850000,HE,SUF,P,BHZ
smi:fi.isuh/event/1496946,2025-02-28 10:53:14.240000,HE,SUF,S,BHZ
smi:fi.isuh/event/1496946,2025-02-28 10:53:21.520000,UP,AAL,S,BHZ
smi:fi.isuh/event/1496946,2025-02-28 10:53:26.300000,HE,VAF,S,BHZ
smi:fi.isuh/event/1496946,2025-02-28 10:53:27.920000,HE,ECKF,S,BHZ
smi:fi.isuh/event/1496951,2025-02-28 11:36:32.980000,HE,NIF,P,BHZ
smi:fi.isuh/event/1496951,2025-02-28 11:36:37.380000,HE,NIF,S,BHZ
smi:fi.isuh/event/1496951,2025-02-28 11:36:44.160000,HE,SUF,P,BHZ
smi:fi.isuh/event/1496951,2025-02-28 11:36:56.180000,HE,SUF,S,BHZ
smi:fi.isuh/event/1496951,2025-02-28 11:36:49.780000,HE,KJNF,P,BHZ
smi:fi.isuh/event/1496951,2025-02-28 11:36:51.130000,HE,KAF,P,BHZ
smi:fi.isuh/event/1496951,2025-02-28 11:37:08.920000,HE,KAF,S,BHZ
smi:fi.isuh/event/1496951,2025-02-28 11:36:55.080000,HE,RMF,P,BHZ
smi:fi.isuh/event/1496951,2025-02-28 11:37:15.180000,HE,RMF,S,BHZ
smi:fi.isuh/event/1496951,2025-02-28 11:36:58.320000,HE,JOF,P,BHZ
smi:fi.isuh/event/1496951,2025-02-28 11:37:19.600000,HE,JOF,S,BHZ
smi:fi.isuh/event/1496951,2025-02-28 11:36:59.130000,HE,KEF,P,BHZ
smi:fi.isuh/event/1496951,2025-02-28 11:37:21.080000,HE,KEF,S,BHZ
smi:fi.isuh/event/1496951,2025-02-28 11:37:01.380000,HE,OUF,P,BHZ
smi:fi.isuh/event/1496951,2025-02-28 11:37:26.600000,HE,OUF,S,BHZ
smi:fi.isuh/event/1496951,2025-02-28 11:37:01.180000,HE,RUF,P,BHZ
smi:fi.isuh/event/1496951,2025-02-28 11:37:26.720000,HE,RUF,S,BHZ
smi:fi.isuh/event/1496951,2025-02-28 11:37:03.200000,HE,FIA0,P,SHZ
smi:fi.isuh/event/1496951,2025-02-28 11:37:27.300000,HE,FIA0,S,SHZ
smi:fi.isuh/event/1496951,2025-02-28 11:37:05.880000,HE,OBF0,P,BHZ
smi:fi.isuh/event/1496951,2025-02-28 11:37:06.980000,HE,OBF3,P,BHZ
smi:fi.isuh/event/1496951,2025-02-28 11:37:08.620000,HE,OBF8,P,BHZ
smi:fi.isuh/event/1496951,2025-02-28 11:37:39.400000,HE,OBF8,S,BHZ
smi:fi.isuh/event/1496951,2025-02-28 11:37:08.680000,HE,KY17,P,BHZ
smi:fi.isuh/event/1496951,2025-02-28 11:37:39.620000,HE,KY17,S,BHZ
smi:fi.isuh/event/1496951,2025-02-28 11:37:09.180000,HE,TRE03,P,BHZ
smi:fi.isuh/event/1496951,2025-02-28 11:37:40.180000,HE,TRE03,S,BHZ
smi:fi.isuh/event/1496951,2025-02-28 11:37:09.780000,HE,VAF,P,BHZ
smi:fi.isuh/event/1496951,2025-02-28 11:37:39.880000,HE,VAF,S,BHZ
smi:fi.isuh/event/1496951,2025-02-28 11:37:12.760000,HE,KU1,P,BHZ
smi:fi.isuh/event/1496951,2025-02-28 11:37:48.380000,HE,KU1,S,BHZ
smi:fi.isuh/event/1496951,2025-02-28 11:37:13.780000,HE,KU2,P,BHZ
smi:fi.isuh/event/1496951,2025-02-28 11:37:14.180000,HE,VJF,P,BHZ
smi:fi.isuh/event/1496951,2025-02-28 11:37:48.300000,HE,VJF,S,BHZ
smi:fi.isuh/event/1496951,2025-02-28 11:37:18.980000,HE,PVF,P,BHZ
smi:fi.isuh/event/1496951,2025-02-28 11:37:55.320000,HE,PVF,S,BHZ
smi:fi.isuh/event/1496951,2025-02-28 11:37:18.030000,FN,RANF,P,BHZ
smi:fi.isuh/event/1496951,2025-02-28 11:37:55.480000,FN,RANF,S,BHZ
smi:fi.isuh/event/1496951,2025-02-28 11:37:19.080000,HE,KPF,P,BHZ
smi:fi.isuh/event/1496951,2025-02-28 11:37:57.680000,HE,KPF,S,BHZ
smi:fi.isuh/event/1496951,2025-02-28 11:37:22.180000,HE,KU6,P,BHZ
smi:fi.isuh/event/1496951,2025-02-28 11:38:00.020000,HE,KU6,S,BHZ
smi:fi.isuh/event/1496951,2025-02-28 11:37:22.120000,HE,NUR,P,BHZ
smi:fi.isuh/event/1496951,2025-02-28 11:37:25.600000,FN,OLKF,P,BHZ
smi:fi.isuh/event/1496951,2025-02-28 11:38:05.520000,FN,OLKF,S,BHZ
smi:fi.isuh/event/1496951,2025-02-28 11:37:25.180000,HE,TOF,P,BHZ
smi:fi.isuh/event/1496951,2025-02-28 11:38:04.560000,HE,TOF,S,BHZ
smi:fi.isuh/event/1496951,2025-02-28 11:38:14.660000,HE,RAF,S,BHZ
smi:fi.isuh/event/1496948,2025-02-28 11:37:51.480000,HE,NIF,P,BHZ
smi:fi.isuh/event/1496948,2025-02-28 11:37:52.680000,HE,NIF,S,BHZ
smi:fi.isuh/event/1496948,2025-02-28 11:38:02.910000,HE,SUF,P,BHZ
smi:fi.isuh/event/1496948,2025-02-28 11:38:07.840000,HE,KJNF,P,BHZ
smi:fi.isuh/event/1496948,2025-02-28 11:38:11.080000,HE,KAF,P,BHZ
smi:fi.isuh/event/1496948,2025-02-28 11:38:28.520000,HE,KAF,S,BHZ
smi:fi.isuh/event/1496948,2025-02-28 11:38:13.920000,HE,RMF,P,BHZ
smi:fi.isuh/event/1496948,2025-02-28 11:38:40.240000,HE,KEF,S,BHZ
smi:fi.isuh/event/1496948,2025-02-28 11:38:40.460000,HE,JOF,S,BHZ
smi:fi.isuh/event/1496948,2025-02-28 11:38:24.200000,HE,FIA0,P,SHZ
smi:fi.isuh/event/1496948,2025-02-28 11:38:48.300000,HE,FIA0,S,SHZ
smi:fi.isuh/event/1496948,2025-02-28 11:38:58.480000,HE,TRE03,S,BHZ
smi:fi.isuh/event/1496948,2025-02-28 11:38:59.180000,HE,KY17,S,BHZ
smi:fi.isuh/event/1496948,2025-02-28 11:39:08.900000,HE,VJF,S,BHZ
smi:fi.isuh/event/1496948,2025-02-28 11:39:16.060000,HE,KPF,S,BHZ
smi:fi.isuh/event/1496948,2025-02-28 11:39:24.280000,FN,OLKF,S,BHZ
smi:fi.isuh/event/1496952,2025-02-28 12:04:11.680000,HE,KORF,P,BHZ
smi:fi.isuh/event/1496952,2025-02-28 12:04:17.520000,HE,KORF,S,BHZ
smi:fi.isuh/event/1496952,2025-02-28 12:04:18.280000,HE,RAF,P,BHZ
smi:fi.isuh/event/1496952,2025-02-28 12:04:28.260000,HE,RAF,S,BHZ
smi:fi.isuh/event/1496952,2025-02-28 12:04:45.880000,UP,AAL,S,BHZ
smi:fi.isuh/event/1496952,2025-02-28 12:04:29.620000,HE,ECKF,P,BHZ
smi:fi.isuh/event/1496952,2025-02-28 12:04:51.020000,HE,ECKF,S,BHZ
smi:fi.isuh/event/1496953,2025-02-28 12:42:54.780000,HE,RMF,P,BHZ
smi:fi.isuh/event/1496953,2025-02-28 12:43:02.180000,HE,KU1,P,BHZ
smi:fi.isuh/event/1496953,2025-02-28 12:43:09.580000,HE,KJNF,P,BHZ
smi:fi.isuh/event/1496953,2025-02-28 12:43:09.160000,HE,KU6,P,BHZ
smi:fi.isuh/event/1496953,2025-02-28 12:43:27.920000,HE,KU6,S,BHZ
smi:fi.isuh/event/1496953,2025-02-28 12:43:10.180000,HE,KU2,P,BHZ
smi:fi.isuh/event/1496953,2025-02-28 12:43:15.040000,FN,OLKF,P,BHZ
smi:fi.isuh/event/1496953,2025-02-28 12:43:39.260000,FN,OLKF,S,BHZ
smi:fi.isuh/event/1496953,2025-02-28 12:43:16.780000,HE,NIF,P,BHZ
smi:fi.isuh/event/1496953,2025-02-28 12:43:15.980000,HE,JOF,P,BHZ
smi:fi.isuh/event/1496953,2025-02-28 12:43:40.680000,HE,JOF,S,BHZ
smi:fi.isuh/event/1496953,2025-02-28 12:43:21.120000,FN,RANF,P,BHZ
smi:fi.isuh/event/1496953,2025-02-28 12:43:49.820000,FN,RANF,S,BHZ
smi:fi.isuh/event/1496953,2025-02-28 12:43:27.480000,HE,OBF3,P,BHZ
smi:fi.isuh/event/1496953,2025-02-28 12:43:28.130000,HE,OUF,P,BHZ
smi:fi.isuh/event/1496953,2025-02-28 12:44:03.360000,HE,OUF,S,BHZ
smi:fi.isuh/event/1496953,2025-02-28 12:43:30.880000,HE,OBF0,P,BHZ
smi:fi.isuh/event/1496953,2025-02-28 12:43:32.280000,HE,SUF,P,BHZ
smi:fi.isuh/event/1496953,2025-02-28 12:43:35.860000,HE,TOF,P,BHZ
smi:fi.isuh/event/1496953,2025-02-28 12:44:13.640000,HE,TOF,S,BHZ
smi:fi.isuh/event/1496953,2025-02-28 12:43:34.880000,HE,VRF,P,BHZ
smi:fi.isuh/event/1496953,2025-02-28 12:44:21.320000,HE,VRF,S,BHZ
smi:fi.isuh/event/1496953,2025-02-28 12:43:35.460000,HE,OBF8,P,BHZ
smi:fi.isuh/event/1496953,2025-02-28 12:43:39.480000,HE,KAF,P,BHZ
smi:fi.isuh/event/1496953,2025-02-28 12:43:39.320000,HE,RUF,P,BHZ
smi:fi.isuh/event/1496953,2025-02-28 12:43:43.960000,HE,KEF,P,BHZ
smi:fi.isuh/event/1496953,2025-02-28 12:43:44.080000,FN,KLF,P,BHZ
smi:fi.isuh/event/1496953,2025-02-28 12:43:49.000000,HE,FIA0,P,SHZ
smi:fi.isuh/event/1496953,2025-02-28 12:43:51.920000,HE,VAF,P,BHZ
smi:fi.isuh/event/1496953,2025-02-28 12:43:45.380000,FN,RAJF,P,BHZ
smi:fi.isuh/event/1496943,2025-02-28 12:47:30.027590,HE,ECKF,P,CZ
smi:fi.isuh/event/1496943,2025-02-28 12:47:44.945560,HE,ECKF,S,CZ
smi:fi.isuh/event/1496943,2025-02-28 12:47:32.555510,UP,AAL,P,BHZ
smi:fi.isuh/event/1496943,2025-02-28 12:47:49.898880,UP,AAL,S,BHZ
smi:fi.isuh/event/1496943,2025-02-28 12:47:44.103460,HE,KORF,P,CZ
smi:fi.isuh/event/1496943,2025-02-28 12:48:09.707510,HE,KORF,S,CZ
smi:fi.isuh/event/1496954,2025-02-28 13:15:14.130000,FN,KLF,P,BHZ
smi:fi.isuh/event/1496954,2025-02-28 13:15:20.060000,FN,KLF,S,BHZ
smi:fi.isuh/event/1496954,2025-02-28 13:15:26.680000,HE,HEF,P,BHZ
smi:fi.isuh/event/1496954,2025-02-28 13:15:41.240000,HE,HEF,S,BHZ
smi:fi.isuh/event/1496954,2025-02-28 13:15:34.080000,HE,TOF,P,BHZ
smi:fi.isuh/event/1496954,2025-02-28 13:15:53.080000,HE,TOF,S,BHZ
smi:fi.isuh/event/1496954,2025-02-28 13:15:42.120000,HE,KIF,P,BHZ
smi:fi.isuh/event/1496954,2025-02-28 13:16:08.160000,HE,KIF,S,BHZ
smi:fi.isuh/event/1496954,2025-02-28 13:15:43.800000,FN,RANF,P,BHZ
smi:fi.isuh/event/1496954,2025-02-28 13:16:09.560000,FN,RANF,S,BHZ
smi:fi.isuh/event/1496954,2025-02-28 13:15:45.530000,FN,RAJF,P,BHZ
smi:fi.isuh/event/1496954,2025-02-28 13:16:15.640000,FN,RAJF,S,BHZ
smi:fi.isuh/event/1496954,2025-02-28 13:15:50.880000,HE,VRF,P,BHZ
smi:fi.isuh/event/1496954,2025-02-28 13:16:22.200000,HE,VRF,S,BHZ
smi:fi.isuh/event/1496954,2025-02-28 13:15:53.180000,HE,KU2,P,BHZ
smi:fi.isuh/event/1496954,2025-02-28 13:16:29.400000,HE,KU2,S,BHZ
smi:fi.isuh/event/1496954,2025-02-28 13:15:53.380000,FN,OLKF,P,BHZ
smi:fi.isuh/event/1496954,2025-02-28 13:16:29.920000,FN,OLKF,S,BHZ
smi:fi.isuh/event/1496954,2025-02-28 13:15:54.680000,HE,OBF3,P,BHZ
smi:fi.isuh/event/1496954,2025-02-28 13:15:51.970000,HE,KEV,P,BHZ
smi:fi.isuh/event/1496954,2025-02-28 13:16:28.960000,HE,KEV,S,BHZ
smi:fi.isuh/event/1496954,2025-02-28 13:15:57.230000,HE,KU6,P,BHZ
smi:fi.isuh/event/1496954,2025-02-28 13:16:37.960000,HE,KU6,S,BHZ
smi:fi.isuh/event/1496954,2025-02-28 13:15:59.280000,HE,KU1,P,BHZ
smi:fi.isuh/event/1496954,2025-02-28 13:16:38.020000,HE,KU1,S,BHZ
smi:fi.isuh/event/1496954,2025-02-28 13:16:01.180000,HE,OUF,P,BHZ
smi:fi.isuh/event/1496955,2025-02-28 13:47:46.080000,HE,VRF,P,BHZ
smi:fi.isuh/event/1496955,2025-02-28 13:47:50.700000,HE,VRF,S,BHZ
smi:fi.isuh/event/1496955,2025-02-28 13:48:01.320000,FN,RAJF,P,BHZ
smi:fi.isuh/event/1496955,2025-02-28 13:48:19.800000,FN,RAJF,S,BHZ
smi:fi.isuh/event/1496955,2025-02-28 13:48:03.440000,FN,OLKF,P,BHZ
smi:fi.isuh/event/1496955,2025-02-28 13:48:21.360000,FN,OLKF,S,BHZ
smi:fi.isuh/event/1496955,2025-02-28 13:48:07.520000,HE,KU6,P,BHZ
smi:fi.isuh/event/1496955,2025-02-28 13:48:27.960000,HE,KU6,S,BHZ
smi:fi.isuh/event/1496955,2025-02-28 13:48:15.840000,HE,KU1,P,BHZ
smi:fi.isuh/event/1496955,2025-02-28 13:48:16.180000,HE,KU2,P,BHZ
smi:fi.isuh/event/1496955,2025-02-28 13:48:17.080000,FN,RANF,P,BHZ
smi:fi.isuh/event/1496955,2025-02-28 13:48:44.880000,FN,RANF,S,BHZ
smi:fi.isuh/event/1496955,2025-02-28 13:48:21.680000,FN,KLF,P,BHZ
smi:fi.isuh/event/1496955,2025-02-28 13:48:56.600000,FN,KLF,S,BHZ
smi:fi.isuh/event/1496955,2025-02-28 13:48:22.440000,HE,KEV,P,BHZ
smi:fi.isuh/event/1496955,2025-02-28 13:48:56.320000,HE,KEV,S,BHZ
smi:fi.isuh/event/1496955,2025-02-28 13:48:24.580000,HE,HEF,P,BHZ
smi:fi.isuh/event/1496955,2025-02-28 13:49:01.040000,HE,HEF,S,BHZ
smi:fi.isuh/event/1496955,2025-02-28 13:48:25.720000,HE,TOF,P,BHZ
smi:fi.isuh/event/1496955,2025-02-28 13:49:06.840000,HE,TOF,S,BHZ
smi:fi.isuh/event/1496955,2025-02-28 13:48:34.240000,HE,RMF,P,BHZ
smi:fi.isuh/event/1496955,2025-02-28 13:48:37.280000,HE,OBF3,P,BHZ
smi:fi.isuh/event/1496955,2025-02-28 13:48:40.480000,HE,KIF,P,BHZ
smi:fi.isuh/event/1496955,2025-02-28 13:48:43.000000,HE,OUF,P,BHZ
smi:fi.isuh/event/1496956,2025-02-28 16:09:30.780000,FN,RAJF,P,BHZ
smi:fi.isuh/event/1496956,2025-02-28 16:09:47.520000,FN,RAJF,S,BHZ
smi:fi.isuh/event/1496956,2025-02-28 16:09:32.580000,HE,KEV,P,BHZ
smi:fi.isuh/event/1496956,2025-02-28 16:09:49.940000,HE,KEV,S,BHZ
smi:fi.isuh/event/1496956,2025-02-28 16:09:39.280000,HE,VRF,P,BHZ
smi:fi.isuh/event/1496956,2025-02-28 16:10:01.680000,HE,VRF,S,BHZ
smi:fi.isuh/event/1496956,2025-02-28 16:10:30.660000,HE,HEF,S,BHZ
smi:fi.isuh/event/1496957,2025-02-28 20:09:10.380000,HE,VRF,P,BHZ
smi:fi.isuh/event/1496957,2025-02-28 20:09:31.640000,HE,VRF,S,BHZ
smi:fi.isuh/event/1496957,2025-02-28 20:09:20.820000,FN,OLKF,P,BHZ
smi:fi.isuh/event/1496957,2025-02-28 20:09:49.240000,FN,OLKF,S,BHZ
smi:fi.isuh/event/1496957,2025-02-28 20:09:19.880000,FN,RAJF,P,BHZ
smi:fi.isuh/event/1496957,2025-02-28 20:09:48.640000,FN,RAJF,S,BHZ
smi:fi.isuh/event/1496957,2025-02-28 20:09:21.200000,HE,KU6,P,BHZ
smi:fi.isuh/event/1496957,2025-02-28 20:09:50.040000,HE,KU6,S,BHZ
smi:fi.isuh/event/1496957,2025-02-28 20:10:20.680000,FN,RANF,S,BHZ
smi:fi.isuh/event/1496957,2025-02-28 20:09:33.900000,HE,KEV,P,BHZ
smi:fi.isuh/event/1496957,2025-02-28 20:10:12.960000,HE,KEV,S,BHZ
