file_name,network,station,instrument_type,station_lat,station_lon,station_elv,p_arrival_time,p_probability,s_arrival_time,s_probability,start_dt,end_dt
KUNI/HE.KUNI..HHZ__20250102T091759Z__20250102T091859Z.mseed,HE,KUNI,0,0,0,0,,,,,2025-01-02 09:17:59,2025-01-02 09:18:59
FIA1/HE.FIA1..HHZ__20250102T091918Z__20250102T092018Z.mseed,HE,FIA1,0,0,0,0,,,,,2025-01-02 09:19:18,2025-01-02 09:20:18
RUF/HE.RUF..HHN__20250102T092221Z__20250102T092321Z.mseed,HE,RUF ,0,0,0,0,2025-01-02 09:22:26.016000,0.013,,,2025-01-02 09:22:21,2025-01-02 09:23:21
KORF/HE.KORF..CHZ__20250102T093411Z__20250102T093511Z.mseed,HE,KORF,0,0,0,0,2025-01-02 09:34:15.312000,0.025,,,2025-01-02 09:34:11,2025-01-02 09:35:11
KY17/HE.KY17..CHN__20250102T093417Z__20250102T093517Z.mseed,HE,KY17,0,0,0,0,2025-01-02 09:34:21.372000,0.007,,,2025-01-02 09:34:17,2025-01-02 09:35:17
PVF/HE.PVF..CHN__20250102T094912Z__20250102T095012Z.mseed,HE,PVF ,0,0,0,0,2025-01-02 09:49:16.504000,0.002,,,2025-01-02 09:49:12,2025-01-02 09:50:12
FIB5/HE.FIB5..HHE__20250102T095629Z__20250102T095729Z.mseed,HE,FIB5,0,0,0,0,2025-01-02 09:56:33.870000,0.009,,,2025-01-02 09:56:29,2025-01-02 09:57:29
FIA0/HE.FIA0..HHZ__20250102T095950Z__20250102T100050Z.mseed,HE,FIA0,0,0,0,0,2025-01-02 09:59:54.440000,0.01,,,2025-01-02 09:59:50,2025-01-02 10:00:50
RAJF/FN.RAJF..HHZ__20250102T100056Z__20250102T100156Z.mseed,FN,RAJF,0,0,0,0,2025-01-02 10:01:00.550000,0.003,,,2025-01-02 10:00:56,2025-01-02 10:01:56
FIA3/HE.FIA3..HHZ__20250102T100441Z__20250102T100541Z.mseed,HE,FIA3,0,0,0,0,2025-01-02 10:04:45.530000,0.007,,,2025-01-02 10:04:41,2025-01-02 10:05:41
OUF/HE.OUF..HHN__20250102T100536Z__20250102T100636Z.mseed,HE,OUF ,0,0,0,0,2025-01-02 10:05:40.470000,0.008,,,2025-01-02 10:05:36,2025-01-02 10:06:36
FIA0/HE.FIA0..HHE__20250102T101859Z__20250102T101959Z.mseed,HE,FIA0,0,0,0,0,2025-01-02 10:19:03,0.001,,,2025-01-02 10:18:59,2025-01-02 10:19:59
FIC2/HE.FIC2..HHZ__20250102T103627Z__20250102T103727Z.mseed,HE,FIC2,0,0,0,0,2025-01-02 10:36:32.020000,0.111,,,2025-01-02 10:36:27,2025-01-02 10:37:27
OLKF/FN.OLKF..HHE__20250102T104312Z__20250102T104412Z.mseed,FN,OLKF,0,0,0,0,2025-01-02 10:43:16.630000,0.003,,,2025-01-02 10:43:12,2025-01-02 10:44:12
RAF/HE.RAF..HHN__20250102T105252Z__20250102T105352Z.mseed,HE,RAF ,0,0,0,0,2025-01-02 10:52:56.470000,0.002,,,2025-01-02 10:52:52,2025-01-02 10:53:52
FIA0/HE.FIA0..HHE__20250102T105632Z__20250102T105732Z.mseed,HE,FIA0,0,0,0,0,2025-01-02 10:56:36.720000,0.002,,,2025-01-02 10:56:32,2025-01-02 10:57:32
KLF/FN.KLF..HHN__20250102T112242Z__20250102T112342Z.mseed,FN,KLF ,0,0,0,0,2025-01-02 11:22:46.580000,0.003,,,2025-01-02 11:22:42,2025-01-02 11:23:42
MEF/HE.MEF..HHN__20250102T112313Z__20250102T112413Z.mseed,HE,MEF ,0,0,0,0,,,,,2025-01-02 11:23:13,2025-01-02 11:24:13
FIC3/HE.FIC3..HHN__20250102T113437Z__20250102T113537Z.mseed,HE,FIC3,0,0,0,0,2025-01-02 11:34:41.400000,0.006,,,2025-01-02 11:34:37,2025-01-02 11:35:37
KY17/HE.KY17..CHZ__20250102T114036Z__20250102T114136Z.mseed,HE,KY17,0,0,0,0,,,,,2025-01-02 11:40:36,2025-01-02 11:41:36
KLF/FN.KLF..BHZ__20250102T114251Z__20250102T114351Z.mseed,FN,KLF ,0,0,0,0,2025-01-02 11:42:55.260000,0.131,,,2025-01-02 11:42:51,2025-01-02 11:43:51
KLF/FN.KLF..BHZ__20250102T115128Z__20250102T115228Z.mseed,FN,KLF ,0,0,0,0,,,,,2025-01-02 11:51:28,2025-01-02 11:52:28
PVF/HE.PVF..CHZ__20250102T121007Z__20250102T121107Z.mseed,HE,PVF ,0,0,0,0,2025-01-02 12:10:11.200000,0.062,,,2025-01-02 12:10:07,2025-01-02 12:11:07
TVF/HE.TVF..HHN__20250102T122502Z__20250102T122602Z.mseed,HE,TVF ,0,0,0,0,,,,,2025-01-02 12:25:02,2025-01-02 12:26:02
RANF/FN.RANF..HHZ__20250102T122538Z__20250102T122638Z.mseed,FN,RANF,0,0,0,0,2025-01-02 12:25:42.730000,0.008,,,2025-01-02 12:25:38,2025-01-02 12:26:38
OBF3/HE.OBF3..HHZ__20250102T123150Z__20250102T123250Z.mseed,HE,OBF3,0,0,0,0,2025-01-02 12:31:54.768000,0.006,,,2025-01-02 12:31:50,2025-01-02 12:32:50
VAF/HE.VAF..HHZ__20250102T123601Z__20250102T123701Z.mseed,HE,VAF ,0,0,0,0,2025-01-02 12:36:05.630000,0.029,,,2025-01-02 12:36:01,2025-01-02 12:37:01
LOVF/HE.LOVF..CHN__20250102T124519Z__20250102T124619Z.mseed,HE,LOVF,0,0,0,0,2025-01-02 12:45:23.980000,0.002,,,2025-01-02 12:45:19,2025-01-02 12:46:19
HEL1/HE.HEL1..HHZ__20250102T132621Z__20250102T132721Z.mseed,HE,HEL1,0,0,0,0,,,,,2025-01-02 13:26:21,2025-01-02 13:27:21
RUF/HE.RUF..HHE__20250102T133106Z__20250102T133206Z.mseed,HE,RUF ,0,0,0,0,,,,,2025-01-02 13:31:06,2025-01-02 13:32:06
KU1/HE.KU1..SHE__20250102T133143Z__20250102T133243Z.mseed,HE,KU1 ,0,0,0,0,,,,,2025-01-02 13:31:43,2025-01-02 13:32:43
RMF/HE.RMF..HHE__20250102T134444Z__20250102T134544Z.mseed,HE,RMF ,0,0,0,0,,,,,2025-01-02 13:44:44,2025-01-02 13:45:44
KU2/HE.KU2..SHE__20250102T142931Z__20250102T143031Z.mseed,HE,KU2 ,0,0,0,0,,,,,2025-01-02 14:29:31,2025-01-02 14:30:31
HEL5/HE.HEL5..HHN__20250102T143348Z__20250102T143448Z.mseed,HE,HEL5,0,0,0,0,2025-01-02 14:33:52.496000,0.016,,,2025-01-02 14:33:48,2025-01-02 14:34:48
OBF0/HE.OBF0..SHN__20250102T150137Z__20250102T150237Z.mseed,HE,OBF0,0,0,0,0,2025-01-02 15:01:41.612000,0.01,,,2025-01-02 15:01:37,2025-01-02 15:02:37
VUOS/HE.VUOS..HHZ__20250102T150137Z__20250102T150237Z.mseed,HE,VUOS,0,0,0,0,,,,,2025-01-02 15:01:37,2025-01-02 15:02:37
OLKF/FN.OLKF..HHN__20250102T150824Z__20250102T150924Z.mseed,FN,OLKF,0,0,0,0,2025-01-02 15:08:28.130000,0.01,,,2025-01-02 15:08:24,2025-01-02 15:09:24
OBF8/HE.OBF8..HHZ__20250102T153310Z__20250102T153410Z.mseed,HE,OBF8,0,0,0,0,,,,,2025-01-02 15:33:10,2025-01-02 15:34:10
HEL5/HE.HEL5..HHN__20250102T154209Z__20250102T154309Z.mseed,HE,HEL5,0,0,0,0,,,,,2025-01-02 15:42:09,2025-01-02 15:43:09
KLF/FN.KLF..HHN__20250102T154738Z__20250102T154838Z.mseed,FN,KLF ,0,0,0,0,2025-01-02 15:47:42.780000,0.007,,,2025-01-02 15:47:38,2025-01-02 15:48:38
KPF/HE.KPF..HHN__20250102T155219Z__20250102T155319Z.mseed,HE,KPF ,0,0,0,0,2025-01-02 15:52:23.010000,0.016,,,2025-01-02 15:52:19,2025-01-02 15:53:19
FIC3/HE.FIC3..HHZ__20250102T155453Z__20250102T155553Z.mseed,HE,FIC3,0,0,0,0,2025-01-02 15:54:57.910000,0.001,,,2025-01-02 15:54:53,2025-01-02 15:55:53
MEF/HE.MEF..HHZ__20250102T160217Z__20250102T160317Z.mseed,HE,MEF ,0,0,0,0,,,,,2025-01-02 16:02:17,2025-01-02 16:03:17
OBF3/HE.OBF3..HHE__20250102T160658Z__20250102T160758Z.mseed,HE,OBF3,0,0,0,0,,,,,2025-01-02 16:06:58,2025-01-02 16:07:58
KU6/HE.KU6..HHZ__20250102T163814Z__20250102T163914Z.mseed,HE,KU6 ,0,0,0,0,2025-01-02 16:38:18.500000,0.012,,,2025-01-02 16:38:14,2025-01-02 16:39:14
FIB2/HE.FIB2..HHZ__20250102T163915Z__20250102T164015Z.mseed,HE,FIB2,0,0,0,0,2025-01-02 16:39:19.200000,0.003,,,2025-01-02 16:39:15,2025-01-02 16:40:15
KY17/HE.KY17..CHN__20250102T164900Z__20250102T165000Z.mseed,HE,KY17,0,0,0,0,2025-01-02 16:49:04.792000,0.003,,,2025-01-02 16:49:00,2025-01-02 16:50:00
OBF0/HE.OBF0..HHZ__20250102T165905Z__20250102T170005Z.mseed,HE,OBF0,0,0,0,0,2025-01-02 16:59:09.328000,0.074,,,2025-01-02 16:59:05,2025-01-02 17:00:05
FIC2/HE.FIC2..HHZ__20250102T170821Z__20250102T170921Z.mseed,HE,FIC2,0,0,0,0,2025-01-02 17:08:25.780000,0.005,,,2025-01-02 17:08:21,2025-01-02 17:09:21
FIB6/HE.FIB6..HHE__20250102T175049Z__20250102T175149Z.mseed,HE,FIB6,0,0,0,0,2025-01-02 17:50:53.340000,0.018,,,2025-01-02 17:50:49,2025-01-02 17:51:49
PVF/HE.PVF..CHE__20250102T180319Z__20250102T180419Z.mseed,HE,PVF ,0,0,0,0,2025-01-02 18:03:23.196000,0.006,,,2025-01-02 18:03:19,2025-01-02 18:04:19
FIC6/HE.FIC6..HHN__20250102T180912Z__20250102T181012Z.mseed,HE,FIC6,0,0,0,0,2025-01-02 18:09:16.850000,0.003,,,2025-01-02 18:09:12,2025-01-02 18:10:12
VRF/HE.VRF..HHN__20250102T182334Z__20250102T182434Z.mseed,HE,VRF ,0,0,0,0,2025-01-02 18:23:38.550000,0.011,,,2025-01-02 18:23:34,2025-01-02 18:24:34
FIA2/HE.FIA2..HHE__20250102T182427Z__20250102T182527Z.mseed,HE,FIA2,0,0,0,0,,,,,2025-01-02 18:24:27,2025-01-02 18:25:27
OLKF/FN.OLKF..BHN__20250102T183657Z__20250102T183757Z.mseed,FN,OLKF,0,0,0,0,,,,,2025-01-02 18:36:57,2025-01-02 18:37:57
AAL/UP.AAL..HHN__20250102T190128Z__20250102T190228Z.mseed,UP,AAL ,0,0,0,0,,,,,2025-01-02 19:01:28,2025-01-02 19:02:28
KPF/HE.KPF..HHZ__20250102T190339Z__20250102T190439Z.mseed,HE,KPF ,0,0,0,0,2025-01-02 19:03:43.578000,0.052,,,2025-01-02 19:03:39,2025-01-02 19:04:39
VUOS/HE.VUOS..HHN__20250102T191413Z__20250102T191513Z.mseed,HE,VUOS,0,0,0,0,2025-01-02 19:14:17.904000,0.002,,,2025-01-02 19:14:13,2025-01-02 19:15:13
FIB5/HE.FIB5..HHZ__20250102T191839Z__20250102T191939Z.mseed,HE,FIB5,0,0,0,0,2025-01-02 19:18:43.850000,0.007,,,2025-01-02 19:18:39,2025-01-02 19:19:39
SUF/HE.SUF..HHE__20250102T191956Z__20250102T192056Z.mseed,HE,SUF ,0,0,0,0,,,,,2025-01-02 19:19:56,2025-01-02 19:20:56
FIB2/HE.FIB2..HHE__20250102T193052Z__20250102T193152Z.mseed,HE,FIB2,0,0,0,0,2025-01-02 19:30:56.510000,0.002,,,2025-01-02 19:30:52,2025-01-02 19:31:52
FIB6/HE.FIB6..HHE__20250102T193314Z__20250102T193414Z.mseed,HE,FIB6,0,0,0,0,2025-01-02 19:33:18.800000,0.267,,,2025-01-02 19:33:14,2025-01-02 19:34:14
NUR/HE.NUR..HHE__20250102T194118Z__20250102T194218Z.mseed,HE,NUR ,0,0,0,0,,,,,2025-01-02 19:41:18,2025-01-02 19:42:18
OBF8/HE.OBF8..HHN__20250102T194626Z__20250102T194726Z.mseed,HE,OBF8,0,0,0,0,,,,,2025-01-02 19:46:26,2025-01-02 19:47:26
KJNF/HE.KJNF..CHE__20250102T194910Z__20250102T195010Z.mseed,HE,KJNF,0,0,0,0,2025-01-02 19:49:14.552000,0.009,,,2025-01-02 19:49:10,2025-01-02 19:50:10
HEL1/HE.HEL1..HHN__20250102T194922Z__20250102T195022Z.mseed,HE,HEL1,0,0,0,0,2025-01-02 19:49:26.744000,0.386,2025-01-02 19:49:38.204000,0.074,2025-01-02 19:49:22,2025-01-02 19:50:22
FIC4/HE.FIC4..HHZ__20250102T194949Z__20250102T195049Z.mseed,HE,FIC4,0,0,0,0,2025-01-02 19:49:54.010000,0.001,,,2025-01-02 19:49:49,2025-01-02 19:50:49
OBF3/HE.OBF3..HHN__20250102T195914Z__20250102T200014Z.mseed,HE,OBF3,0,0,0,0,2025-01-02 19:59:18.240000,0.009,,,2025-01-02 19:59:14,2025-01-02 20:00:14
LAUT/HE.LAUT..HHZ__20250102T200243Z__20250102T200343Z.mseed,HE,LAUT,0,0,0,0,,,,,2025-01-02 20:02:43,2025-01-02 20:03:43
FIA2/HE.FIA2..HHE__20250102T200431Z__20250102T200531Z.mseed,HE,FIA2,0,0,0,0,2025-01-02 20:04:35.750000,0.02,,,2025-01-02 20:04:31,2025-01-02 20:05:31
KLF/FN.KLF..BHN__20250102T201824Z__20250102T201924Z.mseed,FN,KLF ,0,0,0,0,,,,,2025-01-02 20:18:24,2025-01-02 20:19:24
KORF/HE.KORF..CHE__20250102T203630Z__20250102T203730Z.mseed,HE,KORF,0,0,0,0,2025-01-02 20:36:34.708000,0.131,,,2025-01-02 20:36:30,2025-01-02 20:37:30
NIF/HE.NIF..HHE__20250102T203931Z__20250102T204031Z.mseed,HE,NIF ,0,0,0,0,2025-01-02 20:39:35.372000,0.174,,,2025-01-02 20:39:31,2025-01-02 20:40:31
KEF/HE.KEF..HHN__20250102T204204Z__20250102T204304Z.mseed,HE,KEF ,0,0,0,0,2025-01-02 20:42:08.660000,0.03,,,2025-01-02 20:42:04,2025-01-02 20:43:04
SUF/HE.SUF..HHN__20250102T205053Z__20250102T205153Z.mseed,HE,SUF ,0,0,0,0,,,,,2025-01-02 20:50:53,2025-01-02 20:51:53
RMF/HE.RMF..HHN__20250102T205710Z__20250102T205810Z.mseed,HE,RMF ,0,0,0,0,2025-01-02 20:57:15.060000,0.001,,,2025-01-02 20:57:10,2025-01-02 20:58:10
OBF3/HE.OBF3..HHZ__20250102T213147Z__20250102T213247Z.mseed,HE,OBF3,0,0,0,0,2025-01-02 21:31:51.220000,0.01,,,2025-01-02 21:31:47,2025-01-02 21:32:47
FIB4/HE.FIB4..HHN__20250102T213153Z__20250102T213253Z.mseed,HE,FIB4,0,0,0,0,2025-01-02 21:31:57.509999,0.014,,,2025-01-02 21:31:53,2025-01-02 21:32:53
RAJF/FN.RAJF..HHN__20250102T213617Z__20250102T213717Z.mseed,FN,RAJF,0,0,0,0,2025-01-02 21:36:21.500000,0.033,,,2025-01-02 21:36:17,2025-01-02 21:37:17
KY02/HE.KY02..CHN__20250102T214654Z__20250102T214754Z.mseed,HE,KY02,0,0,0,0,,,,,2025-01-02 21:46:54,2025-01-02 21:47:54
KUNI/HE.KUNI..HHE__20250102T214751Z__20250102T214851Z.mseed,HE,KUNI,0,0,0,0,2025-01-02 21:47:55.880000,0.009,,,2025-01-02 21:47:51,2025-01-02 21:48:51
FIB4/HE.FIB4..HHZ__20250102T215029Z__20250102T215129Z.mseed,HE,FIB4,0,0,0,0,2025-01-02 21:50:33.880000,0.004,,,2025-01-02 21:50:29,2025-01-02 21:51:29
FIC3/HE.FIC3..HHN__20250102T215216Z__20250102T215316Z.mseed,HE,FIC3,0,0,0,0,2025-01-02 21:52:20.650000,0.012,,,2025-01-02 21:52:16,2025-01-02 21:53:16
VUOS/HE.VUOS..HHN__20250102T215550Z__20250102T215650Z.mseed,HE,VUOS,0,0,0,0,,,,,2025-01-02 21:55:50,2025-01-02 21:56:50
KU1/HE.KU1..SHZ__20250102T220945Z__20250102T221045Z.mseed,HE,KU1 ,0,0,0,0,2025-01-02 22:09:49.616000,0.013,,,2025-01-02 22:09:45,2025-01-02 22:10:45
KEV/HE.KEV..HHN__20250102T220946Z__20250102T221046Z.mseed,HE,KEV ,0,0,0,0,2025-01-02 22:09:50.210000,0.009,,,2025-01-02 22:09:46,2025-01-02 22:10:46
FIC6/HE.FIC6..HHN__20250102T221358Z__20250102T221458Z.mseed,HE,FIC6,0,0,0,0,2025-01-02 22:14:02.940000,0.003,,,2025-01-02 22:13:58,2025-01-02 22:14:58
FIC3/HE.FIC3..HHE__20250102T222724Z__20250102T222824Z.mseed,HE,FIC3,0,0,0,0,2025-01-02 22:27:28.130000,0.022,,,2025-01-02 22:27:24,2025-01-02 22:28:24
HEL2/HE.HEL2..HHN__20250102T223430Z__20250102T223530Z.mseed,HE,HEL2,0,0,0,0,,,,,2025-01-02 22:34:30,2025-01-02 22:35:30
KPF/HE.KPF..HHZ__20250102T223626Z__20250102T223726Z.mseed,HE,KPF ,0,0,0,0,2025-01-02 22:36:30.866000,0.004,,,2025-01-02 22:36:26,2025-01-02 22:37:26
KU2/HE.KU2..SHE__20250102T223729Z__20250102T223829Z.mseed,HE,KU2 ,0,0,0,0,,,,,2025-01-02 22:37:29,2025-01-02 22:38:29
JOF/HE.JOF..HHE__20250102T224913Z__20250102T225013Z.mseed,HE,JOF ,0,0,0,0,2025-01-02 22:49:17.980000,0.007,,,2025-01-02 22:49:13,2025-01-02 22:50:13
JOF/HE.JOF..HHN__20250102T225132Z__20250102T225232Z.mseed,HE,JOF ,0,0,0,0,2025-01-02 22:51:36.170000,0.073,,,2025-01-02 22:51:32,2025-01-02 22:52:32
FIA3/HE.FIA3..HHN__20250102T230638Z__20250102T230738Z.mseed,HE,FIA3,0,0,0,0,2025-01-02 23:06:42.930000,0.03,,,2025-01-02 23:06:38,2025-01-02 23:07:38
KORF/HE.KORF..CHE__20250102T231851Z__20250102T231951Z.mseed,HE,KORF,0,0,0,0,2025-01-02 23:18:55.278000,0.198,,,2025-01-02 23:18:51,2025-01-02 23:19:51
VAF/HE.VAF..HHE__20250102T232343Z__20250102T232443Z.mseed,HE,VAF ,0,0,0,0,2025-01-02 23:23:47.290000,0.006,,,2025-01-02 23:23:43,2025-01-02 23:24:43
FIB3/HE.FIB3..HHE__20250102T232829Z__20250102T232929Z.mseed,HE,FIB3,0,0,0,0,2025-01-02 23:28:33.850000,0.015,,,2025-01-02 23:28:29,2025-01-02 23:29:29
KPF/HE.KPF..HHE__20250102T233052Z__20250102T233152Z.mseed,HE,KPF ,0,0,0,0,2025-01-02 23:30:56.872000,0.005,,,2025-01-02 23:30:52,2025-01-02 23:31:52
RSUO/HE.RSUO..HHN__20250102T234241Z__20250102T234341Z.mseed,HE,RSUO,0,0,0,0,,,,,2025-01-02 23:42:41,2025-01-02 23:43:41
VJF/HE.VJF..HHN__20250102T234534Z__20250102T234634Z.mseed,HE,VJF ,0,0,0,0,,,,,2025-01-02 23:45:34,2025-01-02 23:46:34
LOVF/HE.LOVF..CHN__20250102T235218Z__20250102T235318Z.mseed,HE,LOVF,0,0,0,0,2025-01-02 23:52:22.384000,0.018,,,2025-01-02 23:52:18,2025-01-02 23:53:18
KU1/HE.KU1..SHN__20250103T002102Z__20250103T002202Z.mseed,HE,KU1 ,0,0,0,0,2025-01-03 00:21:06.512000,0.022,,,2025-01-03 00:21:02,2025-01-03 00:22:02
KEV/HE.KEV..HHN__20250103T002711Z__20250103T002811Z.mseed,HE,KEV ,0,0,0,0,2025-01-03 00:27:15.300000,0.04,,,2025-01-03 00:27:11,2025-01-03 00:28:11
KU6/HE.KU6..HHN__20250103T003310Z__20250103T003410Z.mseed,HE,KU6 ,0,0,0,0,2025-01-03 00:33:14.630000,0.064,,,2025-01-03 00:33:10,2025-01-03 00:34:10
KJNF/HE.KJNF..CHN__20250103T003947Z__20250103T004047Z.mseed,HE,KJNF,0,0,0,0,,,,,2025-01-03 00:39:47,2025-01-03 00:40:47
FIB3/HE.FIB3..HHE__20250103T004039Z__20250103T004139Z.mseed,HE,FIB3,0,0,0,0,,,,,2025-01-03 00:40:39,2025-01-03 00:41:39
KUNI/HE.KUNI..HHN__20250103T010611Z__20250103T010711Z.mseed,HE,KUNI,0,0,0,0,,,,,2025-01-03 01:06:11,2025-01-03 01:07:11
HEF/HE.HEF..HHE__20250103T011017Z__20250103T011117Z.mseed,HE,HEF ,0,0,0,0,2025-01-03 01:10:21.580000,0.158,,,2025-01-03 01:10:17,2025-01-03 01:11:17
FIA3/HE.FIA3..HHZ__20250103T011446Z__20250103T011546Z.mseed,HE,FIA3,0,0,0,0,2025-01-03 01:14:50.980000,0.005,,,2025-01-03 01:14:46,2025-01-03 01:15:46
FIB6/HE.FIB6..HHE__20250103T011525Z__20250103T011625Z.mseed,HE,FIB6,0,0,0,0,2025-01-03 01:15:29.940000,0.043,,,2025-01-03 01:15:25,2025-01-03 01:16:25
FIB1/HE.FIB1..HHZ__20250103T013041Z__20250103T013141Z.mseed,HE,FIB1,0,0,0,0,,,,,2025-01-03 01:30:41,2025-01-03 01:31:41
FIA0/HE.FIA0..HHN__20250103T014107Z__20250103T014207Z.mseed,HE,FIA0,0,0,0,0,2025-01-03 01:41:12.010000,0.056,,,2025-01-03 01:41:07,2025-01-03 01:42:07
AAL/UP.AAL..HHN__20250103T014354Z__20250103T014454Z.mseed,UP,AAL ,0,0,0,0,2025-01-03 01:43:58.880000,0.062,,,2025-01-03 01:43:54,2025-01-03 01:44:54
NUR/HE.NUR..HHN__20250103T015354Z__20250103T015454Z.mseed,HE,NUR ,0,0,0,0,,,,,2025-01-03 01:53:54,2025-01-03 01:54:54
KMNF/FN.KMNF..BHZ__20250103T015623Z__20250103T015723Z.mseed,FN,KMNF,0,0,0,0,2025-01-03 01:56:27.630000,0.013,,,2025-01-03 01:56:23,2025-01-03 01:57:23
KJNF/HE.KJNF..CHZ__20250103T020249Z__20250103T020349Z.mseed,HE,KJNF,0,0,0,0,2025-01-03 02:02:53.206000,0.035,,,2025-01-03 02:02:49,2025-01-03 02:03:49
FIA3/HE.FIA3..HHE__20250103T021225Z__20250103T021325Z.mseed,HE,FIA3,0,0,0,0,2025-01-03 02:12:29.620000,0.014,,,2025-01-03 02:12:25,2025-01-03 02:13:25
KORF/HE.KORF..CHZ__20250103T022852Z__20250103T022952Z.mseed,HE,KORF,0,0,0,0,,,,,2025-01-03 02:28:52,2025-01-03 02:29:52
HEF/HE.HEF..HHN__20250103T023615Z__20250103T023715Z.mseed,HE,HEF ,0,0,0,0,2025-01-03 02:36:19.850000,0.007,,,2025-01-03 02:36:15,2025-01-03 02:37:15
VUOS/HE.VUOS..HHN__20250103T024402Z__20250103T024502Z.mseed,HE,VUOS,0,0,0,0,2025-01-03 02:44:06.016000,0.036,,,2025-01-03 02:44:02,2025-01-03 02:45:02
HEL5/HE.HEL5..HHZ__20250103T030739Z__20250103T030839Z.mseed,HE,HEL5,0,0,0,0,,,,,2025-01-03 03:07:39,2025-01-03 03:08:39
KY17/HE.KY17..CHZ__20250103T031208Z__20250103T031308Z.mseed,HE,KY17,0,0,0,0,,,,,2025-01-03 03:12:08,2025-01-03 03:13:08
HEL2/HE.HEL2..HHN__20250103T031446Z__20250103T031546Z.mseed,HE,HEL2,0,0,0,0,,,,,2025-01-03 03:14:46,2025-01-03 03:15:46
FIC5/HE.FIC5..HHN__20250103T033258Z__20250103T033358Z.mseed,HE,FIC5,0,0,0,0,2025-01-03 03:33:02.130000,0.446,,,2025-01-03 03:32:58,2025-01-03 03:33:58
KY17/HE.KY17..CHZ__20250103T033937Z__20250103T034037Z.mseed,HE,KY17,0,0,0,0,,,,,2025-01-03 03:39:37,2025-01-03 03:40:37
FIA0/HE.FIA0..HHZ__20250103T034739Z__20250103T034839Z.mseed,HE,FIA0,0,0,0,0,2025-01-03 03:47:43.700000,0.03,,,2025-01-03 03:47:39,2025-01-03 03:48:39
FIB4/HE.FIB4..HHE__20250103T035747Z__20250103T035847Z.mseed,HE,FIB4,0,0,0,0,2025-01-03 03:57:51.660000,0.015,,,2025-01-03 03:57:47,2025-01-03 03:58:47
HEL5/HE.HEL5..HHN__20250103T035857Z__20250103T035957Z.mseed,HE,HEL5,0,0,0,0,,,,,2025-01-03 03:58:57,2025-01-03 03:59:57
OBF3/HE.OBF3..HHN__20250103T042342Z__20250103T042442Z.mseed,HE,OBF3,0,0,0,0,2025-01-03 04:23:46.776000,0.152,,,2025-01-03 04:23:42,2025-01-03 04:24:42
ALAJF/HE.ALAJF..HHN__20250103T043405Z__20250103T043505Z.mseed,HE,ALAJF,0,0,0,0,2025-01-03 04:34:09.256000,0.006,,,2025-01-03 04:34:05,2025-01-03 04:35:05
MEF/HE.MEF..HHN__20250103T045528Z__20250103T045628Z.mseed,HE,MEF ,0,0,0,0,,,,,2025-01-03 04:55:28,2025-01-03 04:56:28
FIA2/HE.FIA2..HHE__20250103T052805Z__20250103T052905Z.mseed,HE,FIA2,0,0,0,0,,,,,2025-01-03 05:28:05,2025-01-03 05:29:05
ECKF/HE.ECKF..CHN__20250103T054725Z__20250103T054825Z.mseed,HE,ECKF,0,0,0,0,,,,,2025-01-03 05:47:25,2025-01-03 05:48:25
KPF/HE.KPF..HHE__20250103T060941Z__20250103T061041Z.mseed,HE,KPF ,0,0,0,0,2025-01-03 06:09:45.588000,0.013,,,2025-01-03 06:09:41,2025-01-03 06:10:41
OBF0/HE.OBF0..SHN__20250103T063902Z__20250103T064002Z.mseed,HE,OBF0,0,0,0,0,2025-01-03 06:39:06.262000,0.044,,,2025-01-03 06:39:02,2025-01-03 06:40:02
KAF/HE.KAF..HHE__20250103T064751Z__20250103T064851Z.mseed,HE,KAF ,0,0,0,0,2025-01-03 06:47:55.210000,0.062,,,2025-01-03 06:47:51,2025-01-03 06:48:51
KLF/FN.KLF..BHZ__20250103T065334Z__20250103T065434Z.mseed,FN,KLF ,0,0,0,0,,,,,2025-01-03 06:53:34,2025-01-03 06:54:34
FIB6/HE.FIB6..HHZ__20250103T071701Z__20250103T071801Z.mseed,HE,FIB6,0,0,0,0,2025-01-03 07:17:05.170000,0.013,,,2025-01-03 07:17:01,2025-01-03 07:18:01
HEL2/HE.HEL2..HHE__20250103T073211Z__20250103T073311Z.mseed,HE,HEL2,0,0,0,0,,,,,2025-01-03 07:32:11,2025-01-03 07:33:11
KU6/HE.KU6..HHN__20250103T073234Z__20250103T073334Z.mseed,HE,KU6 ,0,0,0,0,,,,,2025-01-03 07:32:34,2025-01-03 07:33:34
RANF/FN.RANF..HHE__20250103T073748Z__20250103T073848Z.mseed,FN,RANF,0,0,0,0,2025-01-03 07:37:52.750000,0.033,,,2025-01-03 07:37:48,2025-01-03 07:38:48
KPF/HE.KPF..HHZ__20250103T075224Z__20250103T075324Z.mseed,HE,KPF ,0,0,0,0,2025-01-03 07:52:28.364000,0.06,,,2025-01-03 07:52:24,2025-01-03 07:53:24
TVF/HE.TVF..HHN__20250103T075405Z__20250103T075505Z.mseed,HE,TVF ,0,0,0,0,,,,,2025-01-03 07:54:05,2025-01-03 07:55:05
FIB4/HE.FIB4..HHE__20250103T080627Z__20250103T080727Z.mseed,HE,FIB4,0,0,0,0,2025-01-03 08:06:31.400000,0.006,,,2025-01-03 08:06:27,2025-01-03 08:07:27
FIA2/HE.FIA2..HHE__20250103T082517Z__20250103T082617Z.mseed,HE,FIA2,0,0,0,0,2025-01-03 08:25:21.370000,0.001,,,2025-01-03 08:25:17,2025-01-03 08:26:17
FIC3/HE.FIC3..HHZ__20250103T085357Z__20250103T085457Z.mseed,HE,FIC3,0,0,0,0,2025-01-03 08:54:01.100000,0.004,,,2025-01-03 08:53:57,2025-01-03 08:54:57
KPF/HE.KPF..HHE__20250103T085719Z__20250103T085819Z.mseed,HE,KPF ,0,0,0,0,2025-01-03 08:57:23.576000,0.016,,,2025-01-03 08:57:19,2025-01-03 08:58:19
KU1/HE.KU1..SHN__20250103T091538Z__20250103T091638Z.mseed,HE,KU1 ,0,0,0,0,,,,,2025-01-03 09:15:38,2025-01-03 09:16:38
TRE03/HE.TRE03..CHZ__20250103T092351Z__20250103T092451Z.mseed,HE,TRE03,0,0,0,0,2025-01-03 09:23:55.124000,0.007,,,2025-01-03 09:23:51,2025-01-03 09:24:51
FIC6/HE.FIC6..HHE__20250103T092648Z__20250103T092748Z.mseed,HE,FIC6,0,0,0,0,2025-01-03 09:26:52.480000,0.118,,,2025-01-03 09:26:48,2025-01-03 09:27:48
OBF3/HE.OBF3..HHE__20250103T093501Z__20250103T093601Z.mseed,HE,OBF3,0,0,0,0,2025-01-03 09:35:05.060000,0.006,,,2025-01-03 09:35:01,2025-01-03 09:36:01
KU1/HE.KU1..SHE__20250103T093835Z__20250103T093935Z.mseed,HE,KU1 ,0,0,0,0,,,,,2025-01-03 09:38:35,2025-01-03 09:39:35
MEF/HE.MEF..HHN__20250103T094038Z__20250103T094138Z.mseed,HE,MEF ,0,0,0,0,,,,,2025-01-03 09:40:38,2025-01-03 09:41:38
FIA1/HE.FIA1..HHN__20250103T094048Z__20250103T094148Z.mseed,HE,FIA1,0,0,0,0,2025-01-03 09:40:52.220000,0.427,,,2025-01-03 09:40:48,2025-01-03 09:41:48
FIA3/HE.FIA3..HHN__20250103T095530Z__20250103T095630Z.mseed,HE,FIA3,0,0,0,0,2025-01-03 09:55:34.880000,0.027,,,2025-01-03 09:55:30,2025-01-03 09:56:30
FIC4/HE.FIC4..HHZ__20250103T101146Z__20250103T101246Z.mseed,HE,FIC4,0,0,0,0,,,,,2025-01-03 10:11:46,2025-01-03 10:12:46
RMF/HE.RMF..HHZ__20250103T102001Z__20250103T102101Z.mseed,HE,RMF ,0,0,0,0,2025-01-03 10:20:06.836000,0.005,,,2025-01-03 10:20:01,2025-01-03 10:21:01
KU6/HE.KU6..HHZ__20250103T102134Z__20250103T102234Z.mseed,HE,KU6 ,0,0,0,0,2025-01-03 10:21:38.180000,0.034,,,2025-01-03 10:21:34,2025-01-03 10:22:34
KPF/HE.KPF..HHE__20250103T102405Z__20250103T102505Z.mseed,HE,KPF ,0,0,0,0,2025-01-03 10:24:09.496000,0.003,,,2025-01-03 10:24:05,2025-01-03 10:25:05
FIB4/HE.FIB4..HHN__20250103T102949Z__20250103T103049Z.mseed,HE,FIB4,0,0,0,0,2025-01-03 10:29:53.090000,0.024,,,2025-01-03 10:29:49,2025-01-03 10:30:49
ALAJF/HE.ALAJF..HHN__20250103T103228Z__20250103T103328Z.mseed,HE,ALAJF,0,0,0,0,2025-01-03 10:32:32.266000,0.068,,,2025-01-03 10:32:28,2025-01-03 10:33:28
HEF/HE.HEF..HHZ__20250103T104843Z__20250103T104943Z.mseed,HE,HEF ,0,0,0,0,2025-01-03 10:48:47.560000,0.015,,,2025-01-03 10:48:43,2025-01-03 10:49:43
FIC2/HE.FIC2..HHZ__20250103T110944Z__20250103T111044Z.mseed,HE,FIC2,0,0,0,0,2025-01-03 11:09:48.729999,0.011,,,2025-01-03 11:09:44,2025-01-03 11:10:44
KEF/HE.KEF..HHZ__20250103T111536Z__20250103T111636Z.mseed,HE,KEF ,0,0,0,0,,,,,2025-01-03 11:15:36,2025-01-03 11:16:36
OBF3/HE.OBF3..HHZ__20250103T111601Z__20250103T111701Z.mseed,HE,OBF3,0,0,0,0,2025-01-03 11:16:05.272000,0.008,,,2025-01-03 11:16:01,2025-01-03 11:17:01
FIB1/HE.FIB1..HHZ__20250103T112443Z__20250103T112543Z.mseed,HE,FIB1,0,0,0,0,2025-01-03 11:24:47.650000,0.001,,,2025-01-03 11:24:43,2025-01-03 11:25:43
NUR/HE.NUR..HHN__20250103T112610Z__20250103T112710Z.mseed,HE,NUR ,0,0,0,0,,,,,2025-01-03 11:26:10,2025-01-03 11:27:10
FIC6/HE.FIC6..HHZ__20250103T113812Z__20250103T113912Z.mseed,HE,FIC6,0,0,0,0,2025-01-03 11:38:47.360000,0.084,,,2025-01-03 11:38:12,2025-01-03 11:39:12
VJF/HE.VJF..HHZ__20250103T114100Z__20250103T114200Z.mseed,HE,VJF ,0,0,0,0,,,,,2025-01-03 11:41:00,2025-01-03 11:42:00
AAL/UP.AAL..HHZ__20250103T115555Z__20250103T115655Z.mseed,UP,AAL ,0,0,0,0,2025-01-03 11:55:59.730000,0.03,,,2025-01-03 11:55:55,2025-01-03 11:56:55
FIA1/HE.FIA1..HHN__20250103T120328Z__20250103T120428Z.mseed,HE,FIA1,0,0,0,0,,,,,2025-01-03 12:03:28,2025-01-03 12:04:28
VAF/HE.VAF..HHZ__20250103T122238Z__20250103T122338Z.mseed,HE,VAF ,0,0,0,0,2025-01-03 12:22:41.980000,0.002,,,2025-01-03 12:22:38,2025-01-03 12:23:38
KU2/HE.KU2..SHE__20250103T124549Z__20250103T124649Z.mseed,HE,KU2 ,0,0,0,0,,,,,2025-01-03 12:45:49,2025-01-03 12:46:49
LAUT/HE.LAUT..HHE__20250103T131123Z__20250103T131223Z.mseed,HE,LAUT,0,0,0,0,,,,,2025-01-03 13:11:23,2025-01-03 13:12:23
HEF/HE.HEF..HHE__20250103T131644Z__20250103T131744Z.mseed,HE,HEF ,0,0,0,0,,,,,2025-01-03 13:16:44,2025-01-03 13:17:44
TVF/HE.TVF..HHZ__20250103T132041Z__20250103T132141Z.mseed,HE,TVF ,0,0,0,0,,,,,2025-01-03 13:20:41,2025-01-03 13:21:41
FIC5/HE.FIC5..HHE__20250103T132445Z__20250103T132545Z.mseed,HE,FIC5,0,0,0,0,2025-01-03 13:24:49.500000,0.019,,,2025-01-03 13:24:45,2025-01-03 13:25:45
RAJF/FN.RAJF..BHZ__20250103T133117Z__20250103T133217Z.mseed,FN,RAJF,0,0,0,0,2025-01-03 13:31:21.680000,0.012,,,2025-01-03 13:31:17,2025-01-03 13:32:17
NUR/HE.NUR..HHN__20250103T134645Z__20250103T134745Z.mseed,HE,NUR ,0,0,0,0,,,,,2025-01-03 13:46:45,2025-01-03 13:47:45
TRE03/HE.TRE03..CHZ__20250103T135013Z__20250103T135113Z.mseed,HE,TRE03,0,0,0,0,2025-01-03 13:50:17.732000,0.003,,,2025-01-03 13:50:13,2025-01-03 13:51:13
FIC4/HE.FIC4..HHE__20250103T140103Z__20250103T140203Z.mseed,HE,FIC4,0,0,0,0,2025-01-03 14:01:08.070000,0.004,,,2025-01-03 14:01:03,2025-01-03 14:02:03
KY17/HE.KY17..CHE__20250103T140111Z__20250103T140211Z.mseed,HE,KY17,0,0,0,0,,,,,2025-01-03 14:01:11,2025-01-03 14:02:11
KY02/HE.KY02..CHZ__20250103T140125Z__20250103T140225Z.mseed,HE,KY02,0,0,0,0,,,,,2025-01-03 14:01:25,2025-01-03 14:02:25
MEF/HE.MEF..HHN__20250103T141813Z__20250103T141913Z.mseed,HE,MEF ,0,0,0,0,,,,,2025-01-03 14:18:13,2025-01-03 14:19:13
KIF/HE.KIF..HHN__20250103T143602Z__20250103T143702Z.mseed,HE,KIF ,0,0,0,0,2025-01-03 14:36:07.050000,0.024,2025-01-03 14:36:48.610000,0.134,2025-01-03 14:36:02,2025-01-03 14:37:02
FIC6/HE.FIC6..HHN__20250103T144158Z__20250103T144258Z.mseed,HE,FIC6,0,0,0,0,2025-01-03 14:42:02.730000,0.006,,,2025-01-03 14:41:58,2025-01-03 14:42:58
FIB4/HE.FIB4..HHZ__20250103T144420Z__20250103T144520Z.mseed,HE,FIB4,0,0,0,0,2025-01-03 14:44:24.340000,0.003,,,2025-01-03 14:44:20,2025-01-03 14:45:20
FIA3/HE.FIA3..HHZ__20250103T145024Z__20250103T145124Z.mseed,HE,FIA3,0,0,0,0,2025-01-03 14:50:29.010000,0.008,,,2025-01-03 14:50:24,2025-01-03 14:51:24
VUOS/HE.VUOS..HHE__20250103T150433Z__20250103T150533Z.mseed,HE,VUOS,0,0,0,0,,,,,2025-01-03 15:04:33,2025-01-03 15:05:33
RAJF/FN.RAJF..HHN__20250103T154343Z__20250103T154443Z.mseed,FN,RAJF,0,0,0,0,2025-01-03 15:43:47.930000,0.041,,,2025-01-03 15:43:43,2025-01-03 15:44:43
VUOS/HE.VUOS..HHE__20250103T155108Z__20250103T155208Z.mseed,HE,VUOS,0,0,0,0,,,,,2025-01-03 15:51:08,2025-01-03 15:52:08
KPF/HE.KPF..HHN__20250103T155547Z__20250103T155647Z.mseed,HE,KPF ,0,0,0,0,,,,,2025-01-03 15:55:47,2025-01-03 15:56:47
RUF/HE.RUF..HHZ__20250103T160118Z__20250103T160218Z.mseed,HE,RUF ,0,0,0,0,,,,,2025-01-03 16:01:18,2025-01-03 16:02:18
FIB1/HE.FIB1..HHE__20250103T160126Z__20250103T160226Z.mseed,HE,FIB1,0,0,0,0,2025-01-03 16:01:30.930000,0.005,,,2025-01-03 16:01:26,2025-01-03 16:02:26
KPF/HE.KPF..HHZ__20250103T160144Z__20250103T160244Z.mseed,HE,KPF ,0,0,0,0,,,,,2025-01-03 16:01:44,2025-01-03 16:02:44
KU1/HE.KU1..SHN__20250103T160224Z__20250103T160324Z.mseed,HE,KU1 ,0,0,0,0,2025-01-03 16:02:28.144000,0.002,,,2025-01-03 16:02:24,2025-01-03 16:03:24
HEF/HE.HEF..HHN__20250103T161141Z__20250103T161241Z.mseed,HE,HEF ,0,0,0,0,2025-01-03 16:11:45.350000,0.049,2025-01-03 16:11:57.690000,0.251,2025-01-03 16:11:41,2025-01-03 16:12:41
RAF/HE.RAF..HHN__20250103T161312Z__20250103T161412Z.mseed,HE,RAF ,0,0,0,0,,,,,2025-01-03 16:13:12,2025-01-03 16:14:12
ALAJF/HE.ALAJF..HHZ__20250103T161455Z__20250103T161555Z.mseed,HE,ALAJF,0,0,0,0,2025-01-03 16:14:59.088000,0.002,,,2025-01-03 16:14:55,2025-01-03 16:15:55
FIB3/HE.FIB3..HHE__20250103T163115Z__20250103T163215Z.mseed,HE,FIB3,0,0,0,0,2025-01-03 16:31:19.760000,0.002,,,2025-01-03 16:31:15,2025-01-03 16:32:15
OUF/HE.OUF..HHN__20250103T163551Z__20250103T163651Z.mseed,HE,OUF ,0,0,0,0,2025-01-03 16:35:55.360000,0.014,,,2025-01-03 16:35:51,2025-01-03 16:36:51
FIA2/HE.FIA2..HHN__20250103T164244Z__20250103T164344Z.mseed,HE,FIA2,0,0,0,0,2025-01-03 16:42:48.300000,0.025,,,2025-01-03 16:42:44,2025-01-03 16:43:44
NIF/HE.NIF..HHZ__20250103T164316Z__20250103T164416Z.mseed,HE,NIF ,0,0,0,0,2025-01-03 16:43:20.014000,0.533,,,2025-01-03 16:43:16,2025-01-03 16:44:16
KUNI/HE.KUNI..HHN__20250103T164605Z__20250103T164705Z.mseed,HE,KUNI,0,0,0,0,,,,,2025-01-03 16:46:05,2025-01-03 16:47:05
NUR/HE.NUR..HHN__20250103T164735Z__20250103T164835Z.mseed,HE,NUR ,0,0,0,0,,,,,2025-01-03 16:47:35,2025-01-03 16:48:35
KU2/HE.KU2..SHZ__20250103T165725Z__20250103T165825Z.mseed,HE,KU2 ,0,0,0,0,,,,,2025-01-03 16:57:25,2025-01-03 16:58:25
KAF/HE.KAF..HHZ__20250103T170245Z__20250103T170345Z.mseed,HE,KAF ,0,0,0,0,2025-01-03 17:02:49.100000,0.004,,,2025-01-03 17:02:45,2025-01-03 17:03:45
TVF/HE.TVF..HHZ__20250103T171210Z__20250103T171310Z.mseed,HE,TVF ,0,0,0,0,,,,,2025-01-03 17:12:10,2025-01-03 17:13:10
TRE03/HE.TRE03..CHZ__20250103T172026Z__20250103T172126Z.mseed,HE,TRE03,0,0,0,0,2025-01-03 17:20:30.236000,0.006,,,2025-01-03 17:20:26,2025-01-03 17:21:26
ALAJF/HE.ALAJF..HHN__20250103T172040Z__20250103T172140Z.mseed,HE,ALAJF,0,0,0,0,2025-01-03 17:20:44.540000,0.008,,,2025-01-03 17:20:40,2025-01-03 17:21:40
VJF/HE.VJF..HHE__20250103T173038Z__20250103T173138Z.mseed,HE,VJF ,0,0,0,0,,,,,2025-01-03 17:30:38,2025-01-03 17:31:38
KLF/FN.KLF..HHZ__20250103T173420Z__20250103T173520Z.mseed,FN,KLF ,0,0,0,0,2025-01-03 17:34:24.130000,0.014,,,2025-01-03 17:34:20,2025-01-03 17:35:20
HEL2/HE.HEL2..HHN__20250103T173859Z__20250103T173959Z.mseed,HE,HEL2,0,0,0,0,,,,,2025-01-03 17:38:59,2025-01-03 17:39:59
AAL/UP.AAL..HHN__20250103T175646Z__20250103T175746Z.mseed,UP,AAL ,0,0,0,0,2025-01-03 17:56:50.120000,0.002,,,2025-01-03 17:56:46,2025-01-03 17:57:46
OBF3/HE.OBF3..HHZ__20250103T180544Z__20250103T180644Z.mseed,HE,OBF3,0,0,0,0,2025-01-03 18:05:48.724000,0.053,,,2025-01-03 18:05:44,2025-01-03 18:06:44
KEV/HE.KEV..HHN__20250103T180922Z__20250103T181022Z.mseed,HE,KEV ,0,0,0,0,,,,,2025-01-03 18:09:22,2025-01-03 18:10:22
FIB2/HE.FIB2..HHN__20250103T181545Z__20250103T181645Z.mseed,HE,FIB2,0,0,0,0,2025-01-03 18:15:49.010000,0.076,,,2025-01-03 18:15:45,2025-01-03 18:16:45
RMF/HE.RMF..HHZ__20250103T181609Z__20250103T181709Z.mseed,HE,RMF ,0,0,0,0,,,,,2025-01-03 18:16:09,2025-01-03 18:17:09
MEF/HE.MEF..HHN__20250103T181910Z__20250103T182010Z.mseed,HE,MEF ,0,0,0,0,,,,,2025-01-03 18:19:10,2025-01-03 18:20:10
FIC5/HE.FIC5..HHZ__20250103T181922Z__20250103T182022Z.mseed,HE,FIC5,0,0,0,0,2025-01-03 18:19:26.710000,0.321,,,2025-01-03 18:19:22,2025-01-03 18:20:22
ECKF/HE.ECKF..CHZ__20250103T182042Z__20250103T182142Z.mseed,HE,ECKF,0,0,0,0,,,,,2025-01-03 18:20:42,2025-01-03 18:21:42
LAUT/HE.LAUT..HHE__20250103T182220Z__20250103T182320Z.mseed,HE,LAUT,0,0,0,0,,,,,2025-01-03 18:22:20,2025-01-03 18:23:20
LOVF/HE.LOVF..CHN__20250103T182256Z__20250103T182356Z.mseed,HE,LOVF,0,0,0,0,2025-01-03 18:23:00.804000,0.04,,,2025-01-03 18:22:56,2025-01-03 18:23:56
FIC5/HE.FIC5..HHZ__20250103T182727Z__20250103T182827Z.mseed,HE,FIC5,0,0,0,0,2025-01-03 18:27:31.920000,0.011,,,2025-01-03 18:27:27,2025-01-03 18:28:27
FIB5/HE.FIB5..HHN__20250103T183000Z__20250103T183100Z.mseed,HE,FIB5,0,0,0,0,2025-01-03 18:30:04.560000,0.032,,,2025-01-03 18:30:00,2025-01-03 18:31:00
RANF/FN.RANF..BHZ__20250103T183159Z__20250103T183259Z.mseed,FN,RANF,0,0,0,0,2025-01-03 18:32:03.700000,0.121,,,2025-01-03 18:31:59,2025-01-03 18:32:59
KEV/HE.KEV..HHZ__20250103T184854Z__20250103T184954Z.mseed,HE,KEV ,0,0,0,0,2025-01-03 18:48:57.960000,0.002,2025-01-03 18:48:57.880000,0.057,2025-01-03 18:48:54,2025-01-03 18:49:54
MEF/HE.MEF..HHE__20250103T185536Z__20250103T185636Z.mseed,HE,MEF ,0,0,0,0,2025-01-03 18:55:40.420000,0.501,,,2025-01-03 18:55:36,2025-01-03 18:56:36
OBF3/HE.OBF3..HHE__20250103T190907Z__20250103T191007Z.mseed,HE,OBF3,0,0,0,0,2025-01-03 19:09:11.856000,0.001,,,2025-01-03 19:09:07,2025-01-03 19:10:07
LOVF/HE.LOVF..CHN__20250103T191220Z__20250103T191320Z.mseed,HE,LOVF,0,0,0,0,2025-01-03 19:12:24.492000,0.001,,,2025-01-03 19:12:20,2025-01-03 19:13:20
TRE03/HE.TRE03..CHZ__20250103T194427Z__20250103T194527Z.mseed,HE,TRE03,0,0,0,0,2025-01-03 19:44:31.148000,0.029,,,2025-01-03 19:44:27,2025-01-03 19:45:27
KEF/HE.KEF..HHZ__20250103T194901Z__20250103T195001Z.mseed,HE,KEF ,0,0,0,0,2025-01-03 19:49:05.770000,0.006,,,2025-01-03 19:49:01,2025-01-03 19:50:01
RUF/HE.RUF..HHZ__20250103T195410Z__20250103T195510Z.mseed,HE,RUF ,0,0,0,0,,,,,2025-01-03 19:54:10,2025-01-03 19:55:10
FIC3/HE.FIC3..HHZ__20250103T195422Z__20250103T195522Z.mseed,HE,FIC3,0,0,0,0,2025-01-03 19:54:26.360000,0.003,,,2025-01-03 19:54:22,2025-01-03 19:55:22
FIC2/HE.FIC2..HHE__20250103T195555Z__20250103T195655Z.mseed,HE,FIC2,0,0,0,0,,,,,2025-01-03 19:55:55,2025-01-03 19:56:55
OBF0/HE.OBF0..SHZ__20250103T200114Z__20250103T200214Z.mseed,HE,OBF0,0,0,0,0,2025-01-03 20:01:18.200000,0.01,,,2025-01-03 20:01:14,2025-01-03 20:02:14
LAUT/HE.LAUT..HHE__20250103T200642Z__20250103T200742Z.mseed,HE,LAUT,0,0,0,0,,,,,2025-01-03 20:06:42,2025-01-03 20:07:42
FIB4/HE.FIB4..HHE__20250103T200806Z__20250103T200906Z.mseed,HE,FIB4,0,0,0,0,2025-01-03 20:08:10.330000,0.097,,,2025-01-03 20:08:06,2025-01-03 20:09:06
TVF/HE.TVF..HHE__20250103T200945Z__20250103T201045Z.mseed,HE,TVF ,0,0,0,0,,,,,2025-01-03 20:09:45,2025-01-03 20:10:45
FIA1/HE.FIA1..HHE__20250103T201152Z__20250103T201252Z.mseed,HE,FIA1,0,0,0,0,,,,,2025-01-03 20:11:52,2025-01-03 20:12:52
VRF/HE.VRF..HHE__20250103T201805Z__20250103T201905Z.mseed,HE,VRF ,0,0,0,0,,,,,2025-01-03 20:18:05,2025-01-03 20:19:05
KEF/HE.KEF..HHZ__20250103T203225Z__20250103T203325Z.mseed,HE,KEF ,0,0,0,0,2025-01-03 20:32:29.830000,0.007,,,2025-01-03 20:32:25,2025-01-03 20:33:25
HEL1/HE.HEL1..HHE__20250103T203247Z__20250103T203347Z.mseed,HE,HEL1,0,0,0,0,,,,,2025-01-03 20:32:47,2025-01-03 20:33:47
RAF/HE.RAF..HHE__20250103T204205Z__20250103T204305Z.mseed,HE,RAF ,0,0,0,0,2025-01-03 20:42:09.920000,0.009,,,2025-01-03 20:42:05,2025-01-03 20:43:05
KJNF/HE.KJNF..CHE__20250103T211220Z__20250103T211320Z.mseed,HE,KJNF,0,0,0,0,2025-01-03 21:12:24.208000,0.019,,,2025-01-03 21:12:20,2025-01-03 21:13:20
KPF/HE.KPF..HHZ__20250103T211402Z__20250103T211502Z.mseed,HE,KPF ,0,0,0,0,2025-01-03 21:14:06.344000,0.007,,,2025-01-03 21:14:02,2025-01-03 21:15:02
RMF/HE.RMF..HHE__20250103T212049Z__20250103T212149Z.mseed,HE,RMF ,0,0,0,0,,,,,2025-01-03 21:20:49,2025-01-03 21:21:49
NUR/HE.NUR..HHE__20250103T213942Z__20250103T214042Z.mseed,HE,NUR ,0,0,0,0,,,,,2025-01-03 21:39:42,2025-01-03 21:40:42
OLKF/FN.OLKF..BHE__20250103T214608Z__20250103T214708Z.mseed,FN,OLKF,0,0,0,0,,,,,2025-01-03 21:46:08,2025-01-03 21:47:08
FIA0/HE.FIA0..HHE__20250103T215530Z__20250103T215630Z.mseed,HE,FIA0,0,0,0,0,2025-01-03 21:55:34.890000,0.002,,,2025-01-03 21:55:30,2025-01-03 21:56:30
NIF/HE.NIF..HHN__20250103T220215Z__20250103T220315Z.mseed,HE,NIF ,0,0,0,0,2025-01-03 22:02:20.020000,0.019,,,2025-01-03 22:02:15,2025-01-03 22:03:15
ALAJF/HE.ALAJF..HHN__20250103T221035Z__20250103T221135Z.mseed,HE,ALAJF,0,0,0,0,2025-01-03 22:10:39.412000,0.074,,,2025-01-03 22:10:35,2025-01-03 22:11:35
FIB6/HE.FIB6..HHN__20250103T221537Z__20250103T221637Z.mseed,HE,FIB6,0,0,0,0,2025-01-03 22:15:41.790000,0.003,,,2025-01-03 22:15:37,2025-01-03 22:16:37
FIB2/HE.FIB2..HHE__20250103T222222Z__20250103T222322Z.mseed,HE,FIB2,0,0,0,0,2025-01-03 22:22:27.050000,0.013,,,2025-01-03 22:22:22,2025-01-03 22:23:22
OLKF/FN.OLKF..HHN__20250103T223234Z__20250103T223334Z.mseed,FN,OLKF,0,0,0,0,,,,,2025-01-03 22:32:34,2025-01-03 22:33:34
KLF/FN.KLF..HHZ__20250103T223548Z__20250103T223648Z.mseed,FN,KLF ,0,0,0,0,2025-01-03 22:35:52.950000,0.003,,,2025-01-03 22:35:48,2025-01-03 22:36:48
FIA3/HE.FIA3..HHN__20250103T223616Z__20250103T223716Z.mseed,HE,FIA3,0,0,0,0,2025-01-03 22:36:19.990000,0.008,,,2025-01-03 22:36:16,2025-01-03 22:37:16
OUF/HE.OUF..HHZ__20250103T224357Z__20250103T224457Z.mseed,HE,OUF ,0,0,0,0,2025-01-03 22:44:01.750000,0.682,,,2025-01-03 22:43:57,2025-01-03 22:44:57
SUF/HE.SUF..HHE__20250103T230348Z__20250103T230448Z.mseed,HE,SUF ,0,0,0,0,2025-01-03 23:03:52.320000,0.03,,,2025-01-03 23:03:48,2025-01-03 23:04:48
KEV/HE.KEV..HHZ__20250103T230640Z__20250103T230740Z.mseed,HE,KEV ,0,0,0,0,2025-01-03 23:06:44.560000,0.051,,,2025-01-03 23:06:40,2025-01-03 23:07:40
MEF/HE.MEF..HHN__20250103T231157Z__20250103T231257Z.mseed,HE,MEF ,0,0,0,0,,,,,2025-01-03 23:11:57,2025-01-03 23:12:57
SUF/HE.SUF..HHE__20250103T231440Z__20250103T231540Z.mseed,HE,SUF ,0,0,0,0,2025-01-03 23:14:44.900000,0.011,,,2025-01-03 23:14:40,2025-01-03 23:15:40
FIB4/HE.FIB4..HHE__20250103T231622Z__20250103T231722Z.mseed,HE,FIB4,0,0,0,0,2025-01-03 23:16:26.060000,0.054,,,2025-01-03 23:16:22,2025-01-03 23:17:22
KMNF/FN.KMNF..HHE__20250103T233005Z__20250103T233105Z.mseed,FN,KMNF,0,0,0,0,2025-01-03 23:30:09.080000,0.1,,,2025-01-03 23:30:05,2025-01-03 23:31:05
HEF/HE.HEF..HHZ__20250103T233009Z__20250103T233109Z.mseed,HE,HEF ,0,0,0,0,2025-01-03 23:30:13.260000,0.017,,,2025-01-03 23:30:09,2025-01-03 23:31:09
RMF/HE.RMF..HHN__20250103T233242Z__20250103T233342Z.mseed,HE,RMF ,0,0,0,0,,,,,2025-01-03 23:32:42,2025-01-03 23:33:42
RSUO/HE.RSUO..HHE__20250103T233535Z__20250103T233635Z.mseed,HE,RSUO,0,0,0,0,,,,,2025-01-03 23:35:35,2025-01-03 23:36:35
LAUT/HE.LAUT..HHZ__20250103T235241Z__20250103T235341Z.mseed,HE,LAUT,0,0,0,0,,,,,2025-01-03 23:52:41,2025-01-03 23:53:41
FIC1/HE.FIC1..HHZ__20250103T235902Z__20250104T000002Z.mseed,HE,FIC1,0,0,0,0,2025-01-03 23:59:06.130000,0.005,,,2025-01-03 23:59:02,2025-01-04 00:00:02
OBF3/HE.OBF3..HHZ__20250104T001517Z__20250104T001617Z.mseed,HE,OBF3,0,0,0,0,2025-01-04 00:15:21.980000,0.307,,,2025-01-04 00:15:17,2025-01-04 00:16:17
ECKF/HE.ECKF..CHE__20250104T002950Z__20250104T003050Z.mseed,HE,ECKF,0,0,0,0,,,,,2025-01-04 00:29:50,2025-01-04 00:30:50
HEL5/HE.HEL5..HHN__20250104T005429Z__20250104T005529Z.mseed,HE,HEL5,0,0,0,0,,,,,2025-01-04 00:54:29,2025-01-04 00:55:29
TVF/HE.TVF..HHZ__20250104T010044Z__20250104T010144Z.mseed,HE,TVF ,0,0,0,0,,,,,2025-01-04 01:00:44,2025-01-04 01:01:44
MEF/HE.MEF..HHN__20250104T015609Z__20250104T015709Z.mseed,HE,MEF ,0,0,0,0,,,,,2025-01-04 01:56:09,2025-01-04 01:57:09
RUF/HE.RUF..HHN__20250104T015627Z__20250104T015727Z.mseed,HE,RUF ,0,0,0,0,2025-01-04 01:56:32.016000,0.045,,,2025-01-04 01:56:27,2025-01-04 01:57:27
NUR/HE.NUR..HHE__20250104T015810Z__20250104T015910Z.mseed,HE,NUR ,0,0,0,0,,,,,2025-01-04 01:58:10,2025-01-04 01:59:10
FIC2/HE.FIC2..HHE__20250104T020849Z__20250104T020949Z.mseed,HE,FIC2,0,0,0,0,2025-01-04 02:08:53.190000,0.049,,,2025-01-04 02:08:49,2025-01-04 02:09:49
ECKF/HE.ECKF..CHZ__20250104T021029Z__20250104T021129Z.mseed,HE,ECKF,0,0,0,0,,,,,2025-01-04 02:10:29,2025-01-04 02:11:29
KAF/HE.KAF..HHE__20250104T021749Z__20250104T021849Z.mseed,HE,KAF ,0,0,0,0,2025-01-04 02:17:53.870000,0.016,,,2025-01-04 02:17:49,2025-01-04 02:18:49
FIC5/HE.FIC5..HHZ__20250104T022736Z__20250104T022836Z.mseed,HE,FIC5,0,0,0,0,2025-01-04 02:27:40.130000,0.004,,,2025-01-04 02:27:36,2025-01-04 02:28:36
FIC2/HE.FIC2..HHN__20250104T022832Z__20250104T022932Z.mseed,HE,FIC2,0,0,0,0,,,,,2025-01-04 02:28:32,2025-01-04 02:29:32
LAUT/HE.LAUT..HHE__20250104T022931Z__20250104T023031Z.mseed,HE,LAUT,0,0,0,0,,,,,2025-01-04 02:29:31,2025-01-04 02:30:31
JOF/HE.JOF..HHE__20250104T022957Z__20250104T023057Z.mseed,HE,JOF ,0,0,0,0,2025-01-04 02:30:01.780000,0.005,,,2025-01-04 02:29:57,2025-01-04 02:30:57
NIF/HE.NIF..HHE__20250104T023107Z__20250104T023207Z.mseed,HE,NIF ,0,0,0,0,2025-01-04 02:31:11.112000,0.005,,,2025-01-04 02:31:07,2025-01-04 02:32:07
LOVF/HE.LOVF..CHZ__20250104T023331Z__20250104T023431Z.mseed,HE,LOVF,0,0,0,0,2025-01-04 02:33:35.532000,0.002,,,2025-01-04 02:33:31,2025-01-04 02:34:31
ECKF/HE.ECKF..CHN__20250104T024529Z__20250104T024629Z.mseed,HE,ECKF,0,0,0,0,,,,,2025-01-04 02:45:29,2025-01-04 02:46:29
FIC5/HE.FIC5..HHN__20250104T024804Z__20250104T024904Z.mseed,HE,FIC5,0,0,0,0,,,,,2025-01-04 02:48:04,2025-01-04 02:49:04
OBF0/HE.OBF0..SHN__20250104T025302Z__20250104T025402Z.mseed,HE,OBF0,0,0,0,0,2025-01-04 02:53:06.446000,0.215,,,2025-01-04 02:53:02,2025-01-04 02:54:02
KAF/HE.KAF..HHN__20250104T025938Z__20250104T030038Z.mseed,HE,KAF ,0,0,0,0,2025-01-04 02:59:42.190000,0.001,,,2025-01-04 02:59:38,2025-01-04 03:00:38
PVF/HE.PVF..CHN__20250104T032714Z__20250104T032814Z.mseed,HE,PVF ,0,0,0,0,2025-01-04 03:27:18.908000,0.047,,,2025-01-04 03:27:14,2025-01-04 03:28:14
ALAJF/HE.ALAJF..HHZ__20250104T035609Z__20250104T035709Z.mseed,HE,ALAJF,0,0,0,0,2025-01-04 03:56:13.820000,0.001,,,2025-01-04 03:56:09,2025-01-04 03:57:09
SUF/HE.SUF..HHZ__20250104T035944Z__20250104T040044Z.mseed,HE,SUF ,0,0,0,0,2025-01-04 03:59:48.380000,0.036,,,2025-01-04 03:59:44,2025-01-04 04:00:44
ALAJF/HE.ALAJF..HHE__20250104T041108Z__20250104T041208Z.mseed,HE,ALAJF,0,0,0,0,2025-01-04 04:11:12.696000,0.006,,,2025-01-04 04:11:08,2025-01-04 04:12:08
FIA2/HE.FIA2..HHN__20250104T041422Z__20250104T041522Z.mseed,HE,FIA2,0,0,0,0,2025-01-04 04:14:26.510000,0.002,,,2025-01-04 04:14:22,2025-01-04 04:15:22
FIB5/HE.FIB5..HHZ__20250104T042309Z__20250104T042409Z.mseed,HE,FIB5,0,0,0,0,2025-01-04 04:23:13.500000,0.005,,,2025-01-04 04:23:09,2025-01-04 04:24:09
KMNF/FN.KMNF..HHN__20250104T042944Z__20250104T043044Z.mseed,FN,KMNF,0,0,0,0,2025-01-04 04:29:48.280000,0.012,,,2025-01-04 04:29:44,2025-01-04 04:30:44
RANF/FN.RANF..BHZ__20250104T043228Z__20250104T043328Z.mseed,FN,RANF,0,0,0,0,,,,,2025-01-04 04:32:28,2025-01-04 04:33:28
HEL1/HE.HEL1..HHZ__20250104T043338Z__20250104T043438Z.mseed,HE,HEL1,0,0,0,0,,,,,2025-01-04 04:33:38,2025-01-04 04:34:38
KUNI/HE.KUNI..HHE__20250104T044417Z__20250104T044517Z.mseed,HE,KUNI,0,0,0,0,,,,,2025-01-04 04:44:17,2025-01-04 04:45:17
OLKF/FN.OLKF..HHN__20250104T044807Z__20250104T044907Z.mseed,FN,OLKF,0,0,0,0,,,,,2025-01-04 04:48:07,2025-01-04 04:49:07
RMF/HE.RMF..HHZ__20250104T050418Z__20250104T050518Z.mseed,HE,RMF ,0,0,0,0,,,,,2025-01-04 05:04:18,2025-01-04 05:05:18
VJF/HE.VJF..HHN__20250104T051143Z__20250104T051243Z.mseed,HE,VJF ,0,0,0,0,2025-01-04 05:11:45.780000,0.007,,,2025-01-04 05:11:43,2025-01-04 05:12:43
TVF/HE.TVF..HHN__20250104T054003Z__20250104T054103Z.mseed,HE,TVF ,0,0,0,0,,,,,2025-01-04 05:40:03,2025-01-04 05:41:03
FIA1/HE.FIA1..HHN__20250104T055932Z__20250104T060032Z.mseed,HE,FIA1,0,0,0,0,2025-01-04 05:59:36.560000,0.212,,,2025-01-04 05:59:32,2025-01-04 06:00:32
OLKF/FN.OLKF..BHE__20250104T055952Z__20250104T060052Z.mseed,FN,OLKF,0,0,0,0,,,,,2025-01-04 05:59:52,2025-01-04 06:00:52
RUF/HE.RUF..HHZ__20250104T060012Z__20250104T060112Z.mseed,HE,RUF ,0,0,0,0,2025-01-04 06:00:16.068000,0.018,,,2025-01-04 06:00:12,2025-01-04 06:01:12
ECKF/HE.ECKF..CHE__20250104T060804Z__20250104T060904Z.mseed,HE,ECKF,0,0,0,0,2025-01-04 06:08:08.896000,0.011,,,2025-01-04 06:08:04,2025-01-04 06:09:04
ECKF/HE.ECKF..CHN__20250104T061245Z__20250104T061345Z.mseed,HE,ECKF,0,0,0,0,,,,,2025-01-04 06:12:45,2025-01-04 06:13:45
RUF/HE.RUF..HHN__20250104T063223Z__20250104T063323Z.mseed,HE,RUF ,0,0,0,0,,,,,2025-01-04 06:32:23,2025-01-04 06:33:23
ALAJF/HE.ALAJF..HHE__20250104T063809Z__20250104T063909Z.mseed,HE,ALAJF,0,0,0,0,2025-01-04 06:38:13.694000,0.107,,,2025-01-04 06:38:09,2025-01-04 06:39:09
KY02/HE.KY02..CHN__20250104T063844Z__20250104T063944Z.mseed,HE,KY02,0,0,0,0,,,,,2025-01-04 06:38:44,2025-01-04 06:39:44
MEF/HE.MEF..HHN__20250104T064233Z__20250104T064333Z.mseed,HE,MEF ,0,0,0,0,,,,,2025-01-04 06:42:33,2025-01-04 06:43:33
KUNI/HE.KUNI..HHN__20250104T065234Z__20250104T065334Z.mseed,HE,KUNI,0,0,0,0,,,,,2025-01-04 06:52:34,2025-01-04 06:53:34
FIA2/HE.FIA2..HHZ__20250104T065257Z__20250104T065357Z.mseed,HE,FIA2,0,0,0,0,2025-01-04 06:53:01.930000,0.003,,,2025-01-04 06:52:57,2025-01-04 06:53:57
KY02/HE.KY02..CHN__20250104T065553Z__20250104T065653Z.mseed,HE,KY02,0,0,0,0,,,,,2025-01-04 06:55:53,2025-01-04 06:56:53
RMF/HE.RMF..HHZ__20250104T070609Z__20250104T070709Z.mseed,HE,RMF ,0,0,0,0,,,,,2025-01-04 07:06:09,2025-01-04 07:07:09
HEL1/HE.HEL1..HHZ__20250104T071937Z__20250104T072037Z.mseed,HE,HEL1,0,0,0,0,2025-01-04 07:19:41.264000,0.172,,,2025-01-04 07:19:37,2025-01-04 07:20:37
OUF/HE.OUF..HHN__20250104T072711Z__20250104T072811Z.mseed,HE,OUF ,0,0,0,0,2025-01-04 07:27:15.020000,0.005,,,2025-01-04 07:27:11,2025-01-04 07:28:11
OBF3/HE.OBF3..HHN__20250104T073021Z__20250104T073121Z.mseed,HE,OBF3,0,0,0,0,,,,,2025-01-04 07:30:21,2025-01-04 07:31:21
FIB1/HE.FIB1..HHN__20250104T073219Z__20250104T073319Z.mseed,HE,FIB1,0,0,0,0,2025-01-04 07:32:23.500000,0.008,,,2025-01-04 07:32:19,2025-01-04 07:33:19
RMF/HE.RMF..HHE__20250104T073307Z__20250104T073407Z.mseed,HE,RMF ,0,0,0,0,,,,,2025-01-04 07:33:07,2025-01-04 07:34:07
FIA0/HE.FIA0..HHE__20250104T074735Z__20250104T074835Z.mseed,HE,FIA0,0,0,0,0,2025-01-04 07:47:39.040000,0.002,,,2025-01-04 07:47:35,2025-01-04 07:48:35
ALAJF/HE.ALAJF..HHN__20250104T074855Z__20250104T074955Z.mseed,HE,ALAJF,0,0,0,0,2025-01-04 07:48:59.676000,0.005,,,2025-01-04 07:48:55,2025-01-04 07:49:55
KY17/HE.KY17..CHN__20250104T075950Z__20250104T080050Z.mseed,HE,KY17,0,0,0,0,,,,,2025-01-04 07:59:50,2025-01-04 08:00:50
RSUO/HE.RSUO..HHE__20250104T080043Z__20250104T080143Z.mseed,HE,RSUO,0,0,0,0,2025-01-04 08:00:45.580000,0.005,,,2025-01-04 08:00:43,2025-01-04 08:01:43
FIB1/HE.FIB1..HHN__20250104T080312Z__20250104T080412Z.mseed,HE,FIB1,0,0,0,0,2025-01-04 08:03:16.390000,0.024,,,2025-01-04 08:03:12,2025-01-04 08:04:12
TVF/HE.TVF..HHZ__20250104T080441Z__20250104T080541Z.mseed,HE,TVF ,0,0,0,0,2025-01-04 08:04:45.596000,0.005,,,2025-01-04 08:04:41,2025-01-04 08:05:41
PVF/HE.PVF..CHN__20250104T082005Z__20250104T082105Z.mseed,HE,PVF ,0,0,0,0,2025-01-04 08:20:09.872000,0.013,,,2025-01-04 08:20:05,2025-01-04 08:21:05
HEL1/HE.HEL1..HHN__20250104T082309Z__20250104T082409Z.mseed,HE,HEL1,0,0,0,0,,,,,2025-01-04 08:23:09,2025-01-04 08:24:09
FIB3/HE.FIB3..HHN__20250104T082648Z__20250104T082748Z.mseed,HE,FIB3,0,0,0,0,2025-01-04 08:26:52.450000,0.001,,,2025-01-04 08:26:48,2025-01-04 08:27:48
KU1/HE.KU1..SHE__20250104T083451Z__20250104T083551Z.mseed,HE,KU1 ,0,0,0,0,,,,,2025-01-04 08:34:51,2025-01-04 08:35:51
KLF/FN.KLF..HHZ__20250104T083459Z__20250104T083559Z.mseed,FN,KLF ,0,0,0,0,2025-01-04 08:35:03.980000,0.003,,,2025-01-04 08:34:59,2025-01-04 08:35:59
KMNF/FN.KMNF..HHN__20250104T084926Z__20250104T085026Z.mseed,FN,KMNF,0,0,0,0,,,,,2025-01-04 08:49:26,2025-01-04 08:50:26
OBF8/HE.OBF8..HHN__20250104T085210Z__20250104T085310Z.mseed,HE,OBF8,0,0,0,0,,,,,2025-01-04 08:52:10,2025-01-04 08:53:10
FIC2/HE.FIC2..HHZ__20250104T085833Z__20250104T085933Z.mseed,HE,FIC2,0,0,0,0,2025-01-04 08:58:37.700000,0.007,,,2025-01-04 08:58:33,2025-01-04 08:59:33
FIB5/HE.FIB5..HHZ__20250104T090110Z__20250104T090210Z.mseed,HE,FIB5,0,0,0,0,2025-01-04 09:01:14.860000,0.006,,,2025-01-04 09:01:10,2025-01-04 09:02:10
KU2/HE.KU2..SHZ__20250104T090145Z__20250104T090245Z.mseed,HE,KU2 ,0,0,0,0,,,,,2025-01-04 09:01:45,2025-01-04 09:02:45
KAF/HE.KAF..HHZ__20250104T090253Z__20250104T090353Z.mseed,HE,KAF ,0,0,0,0,2025-01-04 09:02:57.820000,0.027,,,2025-01-04 09:02:53,2025-01-04 09:03:53
KIF/HE.KIF..HHZ__20250104T090321Z__20250104T090421Z.mseed,HE,KIF ,0,0,0,0,2025-01-04 09:03:57.490000,0.365,2025-01-04 09:04:00.810000,0.409,2025-01-04 09:03:21,2025-01-04 09:04:21
KORF/HE.KORF..CHZ__20250104T090419Z__20250104T090519Z.mseed,HE,KORF,0,0,0,0,2025-01-04 09:04:23.356000,0.002,,,2025-01-04 09:04:19,2025-01-04 09:05:19
OBF8/HE.OBF8..HHE__20250104T092143Z__20250104T092243Z.mseed,HE,OBF8,0,0,0,0,,,,,2025-01-04 09:21:43,2025-01-04 09:22:43
ALAJF/HE.ALAJF..HHZ__20250104T093327Z__20250104T093427Z.mseed,HE,ALAJF,0,0,0,0,2025-01-04 09:33:31.352000,0.008,,,2025-01-04 09:33:27,2025-01-04 09:34:27
RUF/HE.RUF..HHZ__20250104T093614Z__20250104T093714Z.mseed,HE,RUF ,0,0,0,0,,,,,2025-01-04 09:36:14,2025-01-04 09:37:14
TRE03/HE.TRE03..CHE__20250104T093921Z__20250104T094021Z.mseed,HE,TRE03,0,0,0,0,,,,,2025-01-04 09:39:21,2025-01-04 09:40:21
TOF/HE.TOF..HHE__20250104T094519Z__20250104T094619Z.mseed,HE,TOF ,0,0,0,0,2025-01-04 09:45:23.720000,0.087,,,2025-01-04 09:45:19,2025-01-04 09:46:19
RSUO/HE.RSUO..HHZ__20250104T094847Z__20250104T094947Z.mseed,HE,RSUO,0,0,0,0,,,,,2025-01-04 09:48:47,2025-01-04 09:49:47
FIA0/HE.FIA0..HHZ__20250104T100654Z__20250104T100754Z.mseed,HE,FIA0,0,0,0,0,2025-01-04 10:06:58.110000,0.03,,,2025-01-04 10:06:54,2025-01-04 10:07:54
FIC5/HE.FIC5..HHN__20250104T100950Z__20250104T101050Z.mseed,HE,FIC5,0,0,0,0,2025-01-04 10:09:54.340000,0.008,,,2025-01-04 10:09:50,2025-01-04 10:10:50
FIA3/HE.FIA3..HHE__20250104T101026Z__20250104T101126Z.mseed,HE,FIA3,0,0,0,0,,,,,2025-01-04 10:10:26,2025-01-04 10:11:26
FIB4/HE.FIB4..HHZ__20250104T101314Z__20250104T101414Z.mseed,HE,FIB4,0,0,0,0,,,,,2025-01-04 10:13:14,2025-01-04 10:14:14
KU2/HE.KU2..SHE__20250104T102418Z__20250104T102518Z.mseed,HE,KU2 ,0,0,0,0,,,,,2025-01-04 10:24:18,2025-01-04 10:25:18
MEF/HE.MEF..HHZ__20250104T102743Z__20250104T102843Z.mseed,HE,MEF ,0,0,0,0,,,,,2025-01-04 10:27:43,2025-01-04 10:28:43
KORF/HE.KORF..CHZ__20250104T103157Z__20250104T103257Z.mseed,HE,KORF,0,0,0,0,,,,,2025-01-04 10:31:57,2025-01-04 10:32:57
FIC6/HE.FIC6..HHE__20250104T103311Z__20250104T103411Z.mseed,HE,FIC6,0,0,0,0,,,,,2025-01-04 10:33:11,2025-01-04 10:34:11
FIA1/HE.FIA1..HHN__20250104T104101Z__20250104T104201Z.mseed,HE,FIA1,0,0,0,0,2025-01-04 10:41:05.660000,0.004,,,2025-01-04 10:41:01,2025-01-04 10:42:01
RAJF/FN.RAJF..BHZ__20250104T104906Z__20250104T105006Z.mseed,FN,RAJF,0,0,0,0,2025-01-04 10:49:10.280000,0.009,,,2025-01-04 10:49:06,2025-01-04 10:50:06
FIB5/HE.FIB5..HHZ__20250104T105709Z__20250104T105809Z.mseed,HE,FIB5,0,0,0,0,2025-01-04 10:57:13.870000,0.002,,,2025-01-04 10:57:09,2025-01-04 10:58:09
FIA2/HE.FIA2..HHE__20250104T105748Z__20250104T105848Z.mseed,HE,FIA2,0,0,0,0,,,,,2025-01-04 10:57:48,2025-01-04 10:58:48
FIA1/HE.FIA1..HHE__20250104T110855Z__20250104T110955Z.mseed,HE,FIA1,0,0,0,0,2025-01-04 11:08:59.940000,0.059,,,2025-01-04 11:08:55,2025-01-04 11:09:55
RSUO/HE.RSUO..HHE__20250104T112756Z__20250104T112856Z.mseed,HE,RSUO,0,0,0,0,,,,,2025-01-04 11:27:56,2025-01-04 11:28:56
KEF/HE.KEF..HHN__20250104T114011Z__20250104T114111Z.mseed,HE,KEF ,0,0,0,0,,,,,2025-01-04 11:40:11,2025-01-04 11:41:11
KMNF/FN.KMNF..BHN__20250104T115408Z__20250104T115508Z.mseed,FN,KMNF,0,0,0,0,2025-01-04 11:54:12.750000,0.18,2025-01-04 11:54:26.840000,0.377,2025-01-04 11:54:08,2025-01-04 11:55:08
VRF/HE.VRF..HHE__20250104T120327Z__20250104T120427Z.mseed,HE,VRF ,0,0,0,0,2025-01-04 12:03:32.160000,0.01,,,2025-01-04 12:03:27,2025-01-04 12:04:27
RUF/HE.RUF..HHE__20250104T122314Z__20250104T122414Z.mseed,HE,RUF ,0,0,0,0,,,,,2025-01-04 12:23:14,2025-01-04 12:24:14
KU2/HE.KU2..SHZ__20250104T122342Z__20250104T122442Z.mseed,HE,KU2 ,0,0,0,0,,,,,2025-01-04 12:23:42,2025-01-04 12:24:42
VUOS/HE.VUOS..HHN__20250104T122918Z__20250104T123018Z.mseed,HE,VUOS,0,0,0,0,2025-01-04 12:29:22.936000,0.001,,,2025-01-04 12:29:18,2025-01-04 12:30:18
KU2/HE.KU2..SHN__20250104T123239Z__20250104T123339Z.mseed,HE,KU2 ,0,0,0,0,,,,,2025-01-04 12:32:39,2025-01-04 12:33:39
FIC3/HE.FIC3..HHE__20250104T124332Z__20250104T124432Z.mseed,HE,FIC3,0,0,0,0,2025-01-04 12:43:36.740000,0.002,,,2025-01-04 12:43:32,2025-01-04 12:44:32
OBF3/HE.OBF3..HHE__20250104T124540Z__20250104T124640Z.mseed,HE,OBF3,0,0,0,0,,,,,2025-01-04 12:45:40,2025-01-04 12:46:40
FIB3/HE.FIB3..HHN__20250104T125322Z__20250104T125422Z.mseed,HE,FIB3,0,0,0,0,2025-01-04 12:53:26.660000,0.001,,,2025-01-04 12:53:22,2025-01-04 12:54:22
FIB3/HE.FIB3..HHN__20250104T130602Z__20250104T130702Z.mseed,HE,FIB3,0,0,0,0,,,,,2025-01-04 13:06:02,2025-01-04 13:07:02
LAUT/HE.LAUT..HHE__20250104T131822Z__20250104T131922Z.mseed,HE,LAUT,0,0,0,0,,,,,2025-01-04 13:18:22,2025-01-04 13:19:22
FIB4/HE.FIB4..HHE__20250104T132402Z__20250104T132502Z.mseed,HE,FIB4,0,0,0,0,2025-01-04 13:24:06.220000,0.016,,,2025-01-04 13:24:02,2025-01-04 13:25:02
FIB4/HE.FIB4..HHE__20250104T133030Z__20250104T133130Z.mseed,HE,FIB4,0,0,0,0,2025-01-04 13:30:34.240000,0.008,,,2025-01-04 13:30:30,2025-01-04 13:31:30
AAL/UP.AAL..HHE__20250104T134356Z__20250104T134456Z.mseed,UP,AAL ,0,0,0,0,2025-01-04 13:44:00.660000,0.002,,,2025-01-04 13:43:56,2025-01-04 13:44:56
FIB4/HE.FIB4..HHN__20250104T140014Z__20250104T140114Z.mseed,HE,FIB4,0,0,0,0,,,,,2025-01-04 14:00:14,2025-01-04 14:01:14
KU6/HE.KU6..HHZ__20250104T140313Z__20250104T140413Z.mseed,HE,KU6 ,0,0,0,0,2025-01-04 14:03:34.330000,0.031,2025-01-04 14:03:34.230000,0.748,2025-01-04 14:03:13,2025-01-04 14:04:13
FIC4/HE.FIC4..HHZ__20250104T140642Z__20250104T140742Z.mseed,HE,FIC4,0,0,0,0,,,,,2025-01-04 14:06:42,2025-01-04 14:07:42
LOVF/HE.LOVF..CHE__20250104T140752Z__20250104T140852Z.mseed,HE,LOVF,0,0,0,0,,,,,2025-01-04 14:07:52,2025-01-04 14:08:52
FIB4/HE.FIB4..HHN__20250104T141030Z__20250104T141130Z.mseed,HE,FIB4,0,0,0,0,2025-01-04 14:10:34.530000,0.003,,,2025-01-04 14:10:30,2025-01-04 14:11:30
RMF/HE.RMF..HHE__20250104T141448Z__20250104T141548Z.mseed,HE,RMF ,0,0,0,0,2025-01-04 14:14:50.644000,0.002,,,2025-01-04 14:14:48,2025-01-04 14:15:48
NUR/HE.NUR..HHE__20250104T142659Z__20250104T142759Z.mseed,HE,NUR ,0,0,0,0,,,,,2025-01-04 14:26:59,2025-01-04 14:27:59
RAF/HE.RAF..HHN__20250104T142824Z__20250104T142924Z.mseed,HE,RAF ,0,0,0,0,,,,,2025-01-04 14:28:24,2025-01-04 14:29:24
KPF/HE.KPF..HHE__20250104T144614Z__20250104T144714Z.mseed,HE,KPF ,0,0,0,0,2025-01-04 14:46:18.424000,0.002,,,2025-01-04 14:46:14,2025-01-04 14:47:14
FIB4/HE.FIB4..HHZ__20250104T150648Z__20250104T150748Z.mseed,HE,FIB4,0,0,0,0,,,,,2025-01-04 15:06:48,2025-01-04 15:07:48
FIC2/HE.FIC2..HHE__20250104T150923Z__20250104T151023Z.mseed,HE,FIC2,0,0,0,0,2025-01-04 15:09:27.370000,0.01,,,2025-01-04 15:09:23,2025-01-04 15:10:23
FIA3/HE.FIA3..HHN__20250104T152705Z__20250104T152805Z.mseed,HE,FIA3,0,0,0,0,2025-01-04 15:27:09.860000,0.015,,,2025-01-04 15:27:05,2025-01-04 15:28:05
OBF0/HE.OBF0..HHE__20250104T154702Z__20250104T154802Z.mseed,HE,OBF0,0,0,0,0,2025-01-04 15:47:03.988000,0.001,,,2025-01-04 15:47:02,2025-01-04 15:48:02
FIC3/HE.FIC3..HHN__20250104T155542Z__20250104T155642Z.mseed,HE,FIC3,0,0,0,0,2025-01-04 15:55:46.950000,0.003,,,2025-01-04 15:55:42,2025-01-04 15:56:42
RAF/HE.RAF..HHZ__20250104T161410Z__20250104T161510Z.mseed,HE,RAF ,0,0,0,0,2025-01-04 16:14:14.020000,0.004,,,2025-01-04 16:14:10,2025-01-04 16:15:10
RAF/HE.RAF..HHN__20250104T162709Z__20250104T162809Z.mseed,HE,RAF ,0,0,0,0,2025-01-04 16:27:13.530000,0.118,,,2025-01-04 16:27:09,2025-01-04 16:28:09
FIA1/HE.FIA1..HHE__20250104T163053Z__20250104T163153Z.mseed,HE,FIA1,0,0,0,0,2025-01-04 16:30:57.290000,0.014,,,2025-01-04 16:30:53,2025-01-04 16:31:53
KAF/HE.KAF..HHE__20250104T164134Z__20250104T164234Z.mseed,HE,KAF ,0,0,0,0,2025-01-04 16:41:38.590000,0.005,,,2025-01-04 16:41:34,2025-01-04 16:42:34
HEL2/HE.HEL2..HHN__20250104T164241Z__20250104T164341Z.mseed,HE,HEL2,0,0,0,0,,,,,2025-01-04 16:42:41,2025-01-04 16:43:41
VJF/HE.VJF..HHE__20250104T165534Z__20250104T165634Z.mseed,HE,VJF ,0,0,0,0,,,,,2025-01-04 16:55:34,2025-01-04 16:56:34
AAL/UP.AAL..HHN__20250104T165934Z__20250104T170034Z.mseed,UP,AAL ,0,0,0,0,,,,,2025-01-04 16:59:34,2025-01-04 17:00:34
FIA3/HE.FIA3..HHZ__20250104T171709Z__20250104T171809Z.mseed,HE,FIA3,0,0,0,0,2025-01-04 17:17:13.620000,0.002,,,2025-01-04 17:17:09,2025-01-04 17:18:09
RUF/HE.RUF..HHZ__20250104T172644Z__20250104T172744Z.mseed,HE,RUF ,0,0,0,0,2025-01-04 17:26:48.352000,0.031,,,2025-01-04 17:26:44,2025-01-04 17:27:44
PVF/HE.PVF..CHN__20250104T175246Z__20250104T175346Z.mseed,HE,PVF ,0,0,0,0,2025-01-04 17:52:50.172000,0.002,,,2025-01-04 17:52:46,2025-01-04 17:53:46
FIB2/HE.FIB2..HHZ__20250104T181338Z__20250104T181438Z.mseed,HE,FIB2,0,0,0,0,,,,,2025-01-04 18:13:38,2025-01-04 18:14:38
KY17/HE.KY17..CHN__20250104T181734Z__20250104T181834Z.mseed,HE,KY17,0,0,0,0,,,,,2025-01-04 18:17:34,2025-01-04 18:18:34
NIF/HE.NIF..HHE__20250104T182134Z__20250104T182234Z.mseed,HE,NIF ,0,0,0,0,2025-01-04 18:21:38.240000,0.006,,,2025-01-04 18:21:34,2025-01-04 18:22:34
FIB1/HE.FIB1..HHZ__20250104T183752Z__20250104T183852Z.mseed,HE,FIB1,0,0,0,0,2025-01-04 18:37:56.430000,0.001,,,2025-01-04 18:37:52,2025-01-04 18:38:52
KEV/HE.KEV..HHZ__20250104T184642Z__20250104T184742Z.mseed,HE,KEV ,0,0,0,0,2025-01-04 18:46:46.790000,0.003,,,2025-01-04 18:46:42,2025-01-04 18:47:42
FIB3/HE.FIB3..HHN__20250104T184700Z__20250104T184800Z.mseed,HE,FIB3,0,0,0,0,,,,,2025-01-04 18:47:00,2025-01-04 18:48:00
NUR/HE.NUR..HHZ__20250104T185436Z__20250104T185536Z.mseed,HE,NUR ,0,0,0,0,,,,,2025-01-04 18:54:36,2025-01-04 18:55:36
NIF/HE.NIF..HHE__20250104T190432Z__20250104T190532Z.mseed,HE,NIF ,0,0,0,0,2025-01-04 19:04:36.472000,0.001,,,2025-01-04 19:04:32,2025-01-04 19:05:32
TVF/HE.TVF..HHN__20250104T191400Z__20250104T191500Z.mseed,HE,TVF ,0,0,0,0,,,,,2025-01-04 19:14:00,2025-01-04 19:15:00
FIC2/HE.FIC2..HHN__20250104T191510Z__20250104T191610Z.mseed,HE,FIC2,0,0,0,0,2025-01-04 19:15:14.880000,0.001,,,2025-01-04 19:15:10,2025-01-04 19:16:10
HEL2/HE.HEL2..HHZ__20250104T191757Z__20250104T191857Z.mseed,HE,HEL2,0,0,0,0,,,,,2025-01-04 19:17:57,2025-01-04 19:18:57
VAF/HE.VAF..HHE__20250104T192425Z__20250104T192525Z.mseed,HE,VAF ,0,0,0,0,2025-01-04 19:24:29.730000,0.031,,,2025-01-04 19:24:25,2025-01-04 19:25:25
FIA2/HE.FIA2..HHZ__20250104T192855Z__20250104T192955Z.mseed,HE,FIA2,0,0,0,0,2025-01-04 19:28:59.370000,0.006,,,2025-01-04 19:28:55,2025-01-04 19:29:55
FIC5/HE.FIC5..HHE__20250104T192936Z__20250104T193036Z.mseed,HE,FIC5,0,0,0,0,,,,,2025-01-04 19:29:36,2025-01-04 19:30:36
FIC2/HE.FIC2..HHE__20250104T195149Z__20250104T195249Z.mseed,HE,FIC2,0,0,0,0,2025-01-04 19:51:53.590000,0.011,,,2025-01-04 19:51:49,2025-01-04 19:52:49
OBF3/HE.OBF3..HHZ__20250104T195239Z__20250104T195339Z.mseed,HE,OBF3,0,0,0,0,2025-01-04 19:52:43.124000,0.003,,,2025-01-04 19:52:39,2025-01-04 19:53:39
RAJF/FN.RAJF..BHN__20250104T195443Z__20250104T195543Z.mseed,FN,RAJF,0,0,0,0,2025-01-04 19:54:47.330000,0.015,,,2025-01-04 19:54:43,2025-01-04 19:55:43
FIC4/HE.FIC4..HHE__20250104T195807Z__20250104T195907Z.mseed,HE,FIC4,0,0,0,0,2025-01-04 19:58:11.419999,0.002,,,2025-01-04 19:58:07,2025-01-04 19:59:07
FIC3/HE.FIC3..HHN__20250104T201319Z__20250104T201419Z.mseed,HE,FIC3,0,0,0,0,2025-01-04 20:13:23.390000,0.016,,,2025-01-04 20:13:19,2025-01-04 20:14:19
TOF/HE.TOF..HHZ__20250104T201540Z__20250104T201640Z.mseed,HE,TOF ,0,0,0,0,2025-01-04 20:15:44.890000,0.018,,,2025-01-04 20:15:40,2025-01-04 20:16:40
FIC2/HE.FIC2..HHE__20250104T203315Z__20250104T203415Z.mseed,HE,FIC2,0,0,0,0,,,,,2025-01-04 20:33:15,2025-01-04 20:34:15
HEF/HE.HEF..HHE__20250104T204237Z__20250104T204337Z.mseed,HE,HEF ,0,0,0,0,2025-01-04 20:42:41.940000,0.021,,,2025-01-04 20:42:37,2025-01-04 20:43:37
AAL/UP.AAL..HHZ__20250104T204305Z__20250104T204405Z.mseed,UP,AAL ,0,0,0,0,2025-01-04 20:43:09.500000,0.031,,,2025-01-04 20:43:05,2025-01-04 20:44:05
RMF/HE.RMF..HHE__20250104T204522Z__20250104T204622Z.mseed,HE,RMF ,0,0,0,0,,,,,2025-01-04 20:45:22,2025-01-04 20:46:22
ALAJF/HE.ALAJF..HHN__20250104T205037Z__20250104T205137Z.mseed,HE,ALAJF,0,0,0,0,2025-01-04 20:50:41.820000,0.004,,,2025-01-04 20:50:37,2025-01-04 20:51:37
KAF/HE.KAF..HHE__20250104T210014Z__20250104T210114Z.mseed,HE,KAF ,0,0,0,0,2025-01-04 21:00:18.860000,0.004,,,2025-01-04 21:00:14,2025-01-04 21:01:14
KJNF/HE.KJNF..CHE__20250104T210022Z__20250104T210122Z.mseed,HE,KJNF,0,0,0,0,,,,,2025-01-04 21:00:22,2025-01-04 21:01:22
FIB1/HE.FIB1..HHE__20250104T210751Z__20250104T210851Z.mseed,HE,FIB1,0,0,0,0,,,,,2025-01-04 21:07:51,2025-01-04 21:08:51
SUF/HE.SUF..HHE__20250104T213042Z__20250104T213142Z.mseed,HE,SUF ,0,0,0,0,2025-01-04 21:30:46.648000,0.008,,,2025-01-04 21:30:42,2025-01-04 21:31:42
FIB2/HE.FIB2..HHN__20250104T214600Z__20250104T214700Z.mseed,HE,FIB2,0,0,0,0,2025-01-04 21:46:04.250000,0.003,,,2025-01-04 21:46:00,2025-01-04 21:47:00
KU1/HE.KU1..SHE__20250104T214841Z__20250104T214941Z.mseed,HE,KU1 ,0,0,0,0,,,,,2025-01-04 21:48:41,2025-01-04 21:49:41
JOF/HE.JOF..HHE__20250104T214923Z__20250104T215023Z.mseed,HE,JOF ,0,0,0,0,2025-01-04 21:49:27.100000,0.006,,,2025-01-04 21:49:23,2025-01-04 21:50:23
KY17/HE.KY17..CHZ__20250104T215837Z__20250104T215937Z.mseed,HE,KY17,0,0,0,0,,,,,2025-01-04 21:58:37,2025-01-04 21:59:37
FIB3/HE.FIB3..HHZ__20250104T220759Z__20250104T220859Z.mseed,HE,FIB3,0,0,0,0,,,,,2025-01-04 22:07:59,2025-01-04 22:08:59
FIB4/HE.FIB4..HHZ__20250104T221442Z__20250104T221542Z.mseed,HE,FIB4,0,0,0,0,2025-01-04 22:14:46.550000,0.008,,,2025-01-04 22:14:42,2025-01-04 22:15:42
ALAJF/HE.ALAJF..HHE__20250104T222116Z__20250104T222216Z.mseed,HE,ALAJF,0,0,0,0,2025-01-04 22:21:20.916000,0.005,,,2025-01-04 22:21:16,2025-01-04 22:22:16
FIB6/HE.FIB6..HHZ__20250104T222421Z__20250104T222521Z.mseed,HE,FIB6,0,0,0,0,2025-01-04 22:24:25.470000,0.014,,,2025-01-04 22:24:21,2025-01-04 22:25:21
OBF3/HE.OBF3..HHN__20250104T222638Z__20250104T222738Z.mseed,HE,OBF3,0,0,0,0,,,,,2025-01-04 22:26:38,2025-01-04 22:27:38
TOF/HE.TOF..HHN__20250104T223233Z__20250104T223333Z.mseed,HE,TOF ,0,0,0,0,2025-01-04 22:32:38.080000,0.006,,,2025-01-04 22:32:33,2025-01-04 22:33:33
RANF/FN.RANF..BHE__20250104T224128Z__20250104T224228Z.mseed,FN,RANF,0,0,0,0,,,,,2025-01-04 22:41:28,2025-01-04 22:42:28
RAF/HE.RAF..HHN__20250104T224227Z__20250104T224327Z.mseed,HE,RAF ,0,0,0,0,2025-01-04 22:42:31.130000,0.042,,,2025-01-04 22:42:27,2025-01-04 22:43:27
FIB6/HE.FIB6..HHN__20250104T225124Z__20250104T225224Z.mseed,HE,FIB6,0,0,0,0,2025-01-04 22:51:28.390000,0.006,,,2025-01-04 22:51:24,2025-01-04 22:52:24
NIF/HE.NIF..HHZ__20250104T230444Z__20250104T230544Z.mseed,HE,NIF ,0,0,0,0,,,,,2025-01-04 23:04:44,2025-01-04 23:05:44
VJF/HE.VJF..HHE__20250104T231309Z__20250104T231409Z.mseed,HE,VJF ,0,0,0,0,,,,,2025-01-04 23:13:09,2025-01-04 23:14:09
NIF/HE.NIF..HHZ__20250104T233046Z__20250104T233146Z.mseed,HE,NIF ,0,0,0,0,2025-01-04 23:30:50.240000,0.002,,,2025-01-04 23:30:46,2025-01-04 23:31:46
KIF/HE.KIF..HHE__20250104T233437Z__20250104T233537Z.mseed,HE,KIF ,0,0,0,0,2025-01-04 23:34:41.050000,0.655,2025-01-04 23:34:48.020000,0.225,2025-01-04 23:34:37,2025-01-04 23:35:37
KMNF/FN.KMNF..BHE__20250104T233640Z__20250104T233740Z.mseed,FN,KMNF,0,0,0,0,2025-01-04 23:36:44.580000,0.009,,,2025-01-04 23:36:40,2025-01-04 23:37:40
HEL1/HE.HEL1..HHZ__20250104T235904Z__20250105T000004Z.mseed,HE,HEL1,0,0,0,0,,,,,2025-01-04 23:59:04,2025-01-05 00:00:04
FIB4/HE.FIB4..HHN__20250105T000446Z__20250105T000546Z.mseed,HE,FIB4,0,0,0,0,2025-01-05 00:04:50.210000,0.013,,,2025-01-05 00:04:46,2025-01-05 00:05:46
KY17/HE.KY17..CHE__20250105T001349Z__20250105T001449Z.mseed,HE,KY17,0,0,0,0,,,,,2025-01-05 00:13:49,2025-01-05 00:14:49
TVF/HE.TVF..HHE__20250105T001506Z__20250105T001606Z.mseed,HE,TVF ,0,0,0,0,,,,,2025-01-05 00:15:06,2025-01-05 00:16:06
RSUO/HE.RSUO..HHN__20250105T002434Z__20250105T002534Z.mseed,HE,RSUO,0,0,0,0,2025-01-05 00:24:38.060000,0.062,,,2025-01-05 00:24:34,2025-01-05 00:25:34
KJNF/HE.KJNF..CHE__20250105T005619Z__20250105T005719Z.mseed,HE,KJNF,0,0,0,0,,,,,2025-01-05 00:56:19,2025-01-05 00:57:19
JOF/HE.JOF..HHZ__20250105T005808Z__20250105T005908Z.mseed,HE,JOF ,0,0,0,0,2025-01-05 00:58:12.740000,0.002,,,2025-01-05 00:58:08,2025-01-05 00:59:08
FIB5/HE.FIB5..HHE__20250105T010018Z__20250105T010118Z.mseed,HE,FIB5,0,0,0,0,,,,,2025-01-05 01:00:18,2025-01-05 01:01:18
ALAJF/HE.ALAJF..HHN__20250105T010054Z__20250105T010154Z.mseed,HE,ALAJF,0,0,0,0,2025-01-05 01:00:58.504000,0.005,,,2025-01-05 01:00:54,2025-01-05 01:01:54
KPF/HE.KPF..HHN__20250105T013705Z__20250105T013805Z.mseed,HE,KPF ,0,0,0,0,2025-01-05 01:37:09.444000,0.111,,,2025-01-05 01:37:05,2025-01-05 01:38:05
ALAJF/HE.ALAJF..HHE__20250105T014735Z__20250105T014835Z.mseed,HE,ALAJF,0,0,0,0,2025-01-05 01:47:39.428000,0.007,,,2025-01-05 01:47:35,2025-01-05 01:48:35
LAUT/HE.LAUT..HHE__20250105T014832Z__20250105T014932Z.mseed,HE,LAUT,0,0,0,0,2025-01-05 01:48:36.484000,0.016,,,2025-01-05 01:48:32,2025-01-05 01:49:32
RAJF/FN.RAJF..BHE__20250105T015157Z__20250105T015257Z.mseed,FN,RAJF,0,0,0,0,2025-01-05 01:52:01.550000,0.001,,,2025-01-05 01:51:57,2025-01-05 01:52:57
OBF3/HE.OBF3..HHZ__20250105T015641Z__20250105T015741Z.mseed,HE,OBF3,0,0,0,0,2025-01-05 01:56:45.208000,0.011,,,2025-01-05 01:56:41,2025-01-05 01:57:41
FIA0/HE.FIA0..HHE__20250105T015643Z__20250105T015743Z.mseed,HE,FIA0,0,0,0,0,2025-01-05 01:56:47.960000,0.002,,,2025-01-05 01:56:43,2025-01-05 01:57:43
OBF3/HE.OBF3..HHE__20250105T015720Z__20250105T015820Z.mseed,HE,OBF3,0,0,0,0,2025-01-05 01:57:24.988000,0.021,,,2025-01-05 01:57:20,2025-01-05 01:58:20
ECKF/HE.ECKF..CHZ__20250105T020019Z__20250105T020119Z.mseed,HE,ECKF,0,0,0,0,,,,,2025-01-05 02:00:19,2025-01-05 02:01:19
KAF/HE.KAF..HHN__20250105T020441Z__20250105T020541Z.mseed,HE,KAF ,0,0,0,0,,,,,2025-01-05 02:04:41,2025-01-05 02:05:41
JOF/HE.JOF..HHE__20250105T021208Z__20250105T021308Z.mseed,HE,JOF ,0,0,0,0,2025-01-05 02:12:12.890000,0.009,,,2025-01-05 02:12:08,2025-01-05 02:13:08
FIB3/HE.FIB3..HHN__20250105T022553Z__20250105T022653Z.mseed,HE,FIB3,0,0,0,0,,,,,2025-01-05 02:25:53,2025-01-05 02:26:53
PVF/HE.PVF..CHN__20250105T022857Z__20250105T022957Z.mseed,HE,PVF ,0,0,0,0,2025-01-05 02:29:01.392000,0.015,,,2025-01-05 02:28:57,2025-01-05 02:29:57
OBF8/HE.OBF8..HHE__20250105T023607Z__20250105T023707Z.mseed,HE,OBF8,0,0,0,0,,,,,2025-01-05 02:36:07,2025-01-05 02:37:07
KUNI/HE.KUNI..HHE__20250105T024400Z__20250105T024500Z.mseed,HE,KUNI,0,0,0,0,,,,,2025-01-05 02:44:00,2025-01-05 02:45:00
ECKF/HE.ECKF..CHE__20250105T024915Z__20250105T025015Z.mseed,HE,ECKF,0,0,0,0,,,,,2025-01-05 02:49:15,2025-01-05 02:50:15
FIC5/HE.FIC5..HHE__20250105T031024Z__20250105T031124Z.mseed,HE,FIC5,0,0,0,0,2025-01-05 03:10:28.670000,0.004,,,2025-01-05 03:10:24,2025-01-05 03:11:24
ALAJF/HE.ALAJF..HHZ__20250105T031248Z__20250105T031348Z.mseed,HE,ALAJF,0,0,0,0,2025-01-05 03:12:52.808000,0.075,,,2025-01-05 03:12:48,2025-01-05 03:13:48
OBF8/HE.OBF8..HHZ__20250105T032431Z__20250105T032531Z.mseed,HE,OBF8,0,0,0,0,,,,,2025-01-05 03:24:31,2025-01-05 03:25:31
FIC3/HE.FIC3..HHE__20250105T033849Z__20250105T033949Z.mseed,HE,FIC3,0,0,0,0,2025-01-05 03:38:53.160000,0.001,,,2025-01-05 03:38:49,2025-01-05 03:39:49
LAUT/HE.LAUT..HHN__20250105T034506Z__20250105T034606Z.mseed,HE,LAUT,0,0,0,0,,,,,2025-01-05 03:45:06,2025-01-05 03:46:06
PVF/HE.PVF..CHN__20250105T035117Z__20250105T035217Z.mseed,HE,PVF ,0,0,0,0,2025-01-05 03:51:21.212000,0.005,,,2025-01-05 03:51:17,2025-01-05 03:52:17
HEL5/HE.HEL5..HHE__20250105T035204Z__20250105T035304Z.mseed,HE,HEL5,0,0,0,0,,,,,2025-01-05 03:52:04,2025-01-05 03:53:04
KU1/HE.KU1..SHN__20250105T035337Z__20250105T035437Z.mseed,HE,KU1 ,0,0,0,0,,,,,2025-01-05 03:53:37,2025-01-05 03:54:37
OBF3/HE.OBF3..HHZ__20250105T040310Z__20250105T040410Z.mseed,HE,OBF3,0,0,0,0,2025-01-05 04:03:14.968000,0.004,,,2025-01-05 04:03:10,2025-01-05 04:04:10
KU2/HE.KU2..SHZ__20250105T040447Z__20250105T040547Z.mseed,HE,KU2 ,0,0,0,0,,,,,2025-01-05 04:04:47,2025-01-05 04:05:47
KMNF/FN.KMNF..HHN__20250105T042125Z__20250105T042225Z.mseed,FN,KMNF,0,0,0,0,2025-01-05 04:21:29.880000,0.007,,,2025-01-05 04:21:25,2025-01-05 04:22:25
TOF/HE.TOF..HHN__20250105T042624Z__20250105T042724Z.mseed,HE,TOF ,0,0,0,0,,,,,2025-01-05 04:26:24,2025-01-05 04:27:24
RMF/HE.RMF..HHZ__20250105T042836Z__20250105T042936Z.mseed,HE,RMF ,0,0,0,0,,,,,2025-01-05 04:28:36,2025-01-05 04:29:36
FIC5/HE.FIC5..HHE__20250105T043109Z__20250105T043209Z.mseed,HE,FIC5,0,0,0,0,,,,,2025-01-05 04:31:09,2025-01-05 04:32:09
LOVF/HE.LOVF..CHN__20250105T043406Z__20250105T043506Z.mseed,HE,LOVF,0,0,0,0,2025-01-05 04:34:10.556000,0.007,,,2025-01-05 04:34:06,2025-01-05 04:35:06
KUNI/HE.KUNI..HHN__20250105T045115Z__20250105T045215Z.mseed,HE,KUNI,0,0,0,0,,,,,2025-01-05 04:51:15,2025-01-05 04:52:15
RMF/HE.RMF..HHN__20250105T050945Z__20250105T051045Z.mseed,HE,RMF ,0,0,0,0,,,,,2025-01-05 05:09:45,2025-01-05 05:10:45
KU2/HE.KU2..SHZ__20250105T052452Z__20250105T052552Z.mseed,HE,KU2 ,0,0,0,0,2025-01-05 05:24:56.974000,0.049,,,2025-01-05 05:24:52,2025-01-05 05:25:52
FIA2/HE.FIA2..HHN__20250105T053727Z__20250105T053827Z.mseed,HE,FIA2,0,0,0,0,2025-01-05 05:37:31.890000,0.005,,,2025-01-05 05:37:27,2025-01-05 05:38:27
OBF8/HE.OBF8..HHE__20250105T061213Z__20250105T061313Z.mseed,HE,OBF8,0,0,0,0,,,,,2025-01-05 06:12:13,2025-01-05 06:13:13
OBF3/HE.OBF3..HHZ__20250105T061359Z__20250105T061459Z.mseed,HE,OBF3,0,0,0,0,2025-01-05 06:14:04.006000,0.21,2025-01-05 06:14:24.086000,0.387,2025-01-05 06:13:59,2025-01-05 06:14:59
FIC3/HE.FIC3..HHN__20250105T062440Z__20250105T062540Z.mseed,HE,FIC3,0,0,0,0,2025-01-05 06:24:44.770000,0.246,,,2025-01-05 06:24:40,2025-01-05 06:25:40
AAL/UP.AAL..HHE__20250105T062606Z__20250105T062706Z.mseed,UP,AAL ,0,0,0,0,,,,,2025-01-05 06:26:06,2025-01-05 06:27:06
KMNF/FN.KMNF..BHZ__20250105T063542Z__20250105T063642Z.mseed,FN,KMNF,0,0,0,0,,,,,2025-01-05 06:35:42,2025-01-05 06:36:42
KEV/HE.KEV..HHZ__20250105T063808Z__20250105T063908Z.mseed,HE,KEV ,0,0,0,0,2025-01-05 06:38:12.680000,0.013,,,2025-01-05 06:38:08,2025-01-05 06:39:08
SUF/HE.SUF..HHN__20250105T064428Z__20250105T064528Z.mseed,HE,SUF ,0,0,0,0,2025-01-05 06:44:32.224000,0.008,,,2025-01-05 06:44:28,2025-01-05 06:45:28
KUNI/HE.KUNI..HHE__20250105T064551Z__20250105T064651Z.mseed,HE,KUNI,0,0,0,0,,,,,2025-01-05 06:45:51,2025-01-05 06:46:51
OUF/HE.OUF..HHZ__20250105T064932Z__20250105T065032Z.mseed,HE,OUF ,0,0,0,0,2025-01-05 06:49:36.010000,0.001,,,2025-01-05 06:49:32,2025-01-05 06:50:32
KIF/HE.KIF..HHE__20250105T065306Z__20250105T065406Z.mseed,HE,KIF ,0,0,0,0,2025-01-05 06:53:10.970000,0.341,2025-01-05 06:53:42.480000,0.45,2025-01-05 06:53:06,2025-01-05 06:54:06
MEF/HE.MEF..HHE__20250105T065953Z__20250105T070053Z.mseed,HE,MEF ,0,0,0,0,,,,,2025-01-05 06:59:53,2025-01-05 07:00:53
OBF3/HE.OBF3..HHN__20250105T070929Z__20250105T071029Z.mseed,HE,OBF3,0,0,0,0,2025-01-05 07:09:33.260000,0.017,,,2025-01-05 07:09:29,2025-01-05 07:10:29
LOVF/HE.LOVF..CHE__20250105T070953Z__20250105T071053Z.mseed,HE,LOVF,0,0,0,0,2025-01-05 07:09:57.840000,0.005,,,2025-01-05 07:09:53,2025-01-05 07:10:53
KEF/HE.KEF..HHN__20250105T072003Z__20250105T072103Z.mseed,HE,KEF ,0,0,0,0,2025-01-05 07:20:07.380000,0.392,,,2025-01-05 07:20:03,2025-01-05 07:21:03
MEF/HE.MEF..HHE__20250105T075025Z__20250105T075125Z.mseed,HE,MEF ,0,0,0,0,,,,,2025-01-05 07:50:25,2025-01-05 07:51:25
FIA2/HE.FIA2..HHN__20250105T080037Z__20250105T080137Z.mseed,HE,FIA2,0,0,0,0,,,,,2025-01-05 08:00:37,2025-01-05 08:01:37
TRE03/HE.TRE03..CHN__20250105T080336Z__20250105T080436Z.mseed,HE,TRE03,0,0,0,0,2025-01-05 08:03:40.424000,0.207,,,2025-01-05 08:03:36,2025-01-05 08:04:36
TOF/HE.TOF..HHN__20250105T082026Z__20250105T082126Z.mseed,HE,TOF ,0,0,0,0,2025-01-05 08:20:30.100000,0.003,,,2025-01-05 08:20:26,2025-01-05 08:21:26
FIA3/HE.FIA3..HHN__20250105T083524Z__20250105T083624Z.mseed,HE,FIA3,0,0,0,0,2025-01-05 08:35:28.320000,0.003,,,2025-01-05 08:35:24,2025-01-05 08:36:24
FIB5/HE.FIB5..HHN__20250105T084933Z__20250105T085033Z.mseed,HE,FIB5,0,0,0,0,,,,,2025-01-05 08:49:33,2025-01-05 08:50:33
FIB6/HE.FIB6..HHN__20250105T085301Z__20250105T085401Z.mseed,HE,FIB6,0,0,0,0,,,,,2025-01-05 08:53:01,2025-01-05 08:54:01
KUNI/HE.KUNI..HHN__20250105T085334Z__20250105T085434Z.mseed,HE,KUNI,0,0,0,0,,,,,2025-01-05 08:53:34,2025-01-05 08:54:34
ECKF/HE.ECKF..CHZ__20250105T090306Z__20250105T090406Z.mseed,HE,ECKF,0,0,0,0,,,,,2025-01-05 09:03:06,2025-01-05 09:04:06
KIF/HE.KIF..HHE__20250105T090611Z__20250105T090711Z.mseed,HE,KIF ,0,0,0,0,,,,,2025-01-05 09:06:11,2025-01-05 09:07:11
FIA1/HE.FIA1..HHN__20250105T091538Z__20250105T091638Z.mseed,HE,FIA1,0,0,0,0,2025-01-05 09:15:42.740000,0.046,,,2025-01-05 09:15:38,2025-01-05 09:16:38
VAF/HE.VAF..HHE__20250105T091702Z__20250105T091802Z.mseed,HE,VAF ,0,0,0,0,2025-01-05 09:17:06.530000,0.025,,,2025-01-05 09:17:02,2025-01-05 09:18:02
VUOS/HE.VUOS..HHN__20250105T091908Z__20250105T092008Z.mseed,HE,VUOS,0,0,0,0,,,,,2025-01-05 09:19:08,2025-01-05 09:20:08
FIC6/HE.FIC6..HHZ__20250105T092755Z__20250105T092855Z.mseed,HE,FIC6,0,0,0,0,2025-01-05 09:27:59.590000,0.576,,,2025-01-05 09:27:55,2025-01-05 09:28:55
HEF/HE.HEF..HHN__20250105T092917Z__20250105T093017Z.mseed,HE,HEF ,0,0,0,0,2025-01-05 09:29:21.980000,0.351,,,2025-01-05 09:29:17,2025-01-05 09:30:17
ECKF/HE.ECKF..CHN__20250105T094211Z__20250105T094311Z.mseed,HE,ECKF,0,0,0,0,,,,,2025-01-05 09:42:11,2025-01-05 09:43:11
KMNF/FN.KMNF..BHE__20250105T094701Z__20250105T094801Z.mseed,FN,KMNF,0,0,0,0,,,,,2025-01-05 09:47:01,2025-01-05 09:48:01
AAL/UP.AAL..HHN__20250105T095331Z__20250105T095431Z.mseed,UP,AAL ,0,0,0,0,,,,,2025-01-05 09:53:31,2025-01-05 09:54:31
OUF/HE.OUF..HHN__20250105T095454Z__20250105T095554Z.mseed,HE,OUF ,0,0,0,0,2025-01-05 09:54:58.590000,0.01,,,2025-01-05 09:54:54,2025-01-05 09:55:54
ALAJF/HE.ALAJF..HHE__20250105T095632Z__20250105T095732Z.mseed,HE,ALAJF,0,0,0,0,2025-01-05 09:56:36.932000,0.004,,,2025-01-05 09:56:32,2025-01-05 09:57:32
KU1/HE.KU1..SHZ__20250105T100137Z__20250105T100237Z.mseed,HE,KU1 ,0,0,0,0,2025-01-05 10:01:41.644000,0.002,,,2025-01-05 10:01:37,2025-01-05 10:02:37
RUF/HE.RUF..HHE__20250105T101216Z__20250105T101316Z.mseed,HE,RUF ,0,0,0,0,,,,,2025-01-05 10:12:16,2025-01-05 10:13:16
NIF/HE.NIF..HHZ__20250105T102845Z__20250105T102945Z.mseed,HE,NIF ,0,0,0,0,2025-01-05 10:28:49.728000,0.008,,,2025-01-05 10:28:45,2025-01-05 10:29:45
FIB3/HE.FIB3..HHN__20250105T103436Z__20250105T103536Z.mseed,HE,FIB3,0,0,0,0,,,,,2025-01-05 10:34:36,2025-01-05 10:35:36
KMNF/FN.KMNF..BHZ__20250105T103809Z__20250105T103909Z.mseed,FN,KMNF,0,0,0,0,,,,,2025-01-05 10:38:09,2025-01-05 10:39:09
KORF/HE.KORF..CHN__20250105T110931Z__20250105T111031Z.mseed,HE,KORF,0,0,0,0,2025-01-05 11:09:35.340000,0.003,,,2025-01-05 11:09:31,2025-01-05 11:10:31
VAF/HE.VAF..HHE__20250105T113827Z__20250105T113927Z.mseed,HE,VAF ,0,0,0,0,,,,,2025-01-05 11:38:27,2025-01-05 11:39:27
OLKF/FN.OLKF..BHE__20250105T114049Z__20250105T114149Z.mseed,FN,OLKF,0,0,0,0,,,,,2025-01-05 11:40:49,2025-01-05 11:41:49
FIA0/HE.FIA0..HHN__20250105T114827Z__20250105T114927Z.mseed,HE,FIA0,0,0,0,0,2025-01-05 11:48:31.090000,0.014,,,2025-01-05 11:48:27,2025-01-05 11:49:27
TRE03/HE.TRE03..CHN__20250105T115616Z__20250105T115716Z.mseed,HE,TRE03,0,0,0,0,2025-01-05 11:56:20.616000,0.017,,,2025-01-05 11:56:16,2025-01-05 11:57:16
FIC4/HE.FIC4..HHZ__20250105T122830Z__20250105T122930Z.mseed,HE,FIC4,0,0,0,0,2025-01-05 12:28:34.990000,0.002,,,2025-01-05 12:28:30,2025-01-05 12:29:30
FIC2/HE.FIC2..HHZ__20250105T123104Z__20250105T123204Z.mseed,HE,FIC2,0,0,0,0,2025-01-05 12:31:09.039999,0.054,,,2025-01-05 12:31:04,2025-01-05 12:32:04
RSUO/HE.RSUO..HHE__20250105T124744Z__20250105T124844Z.mseed,HE,RSUO,0,0,0,0,,,,,2025-01-05 12:47:44,2025-01-05 12:48:44
AAL/UP.AAL..HHN__20250105T130551Z__20250105T130651Z.mseed,UP,AAL ,0,0,0,0,2025-01-05 13:05:55.450000,0.013,,,2025-01-05 13:05:51,2025-01-05 13:06:51
FIB4/HE.FIB4..HHE__20250105T131012Z__20250105T131112Z.mseed,HE,FIB4,0,0,0,0,2025-01-05 13:10:16.570000,0.002,,,2025-01-05 13:10:12,2025-01-05 13:11:12
MEF/HE.MEF..HHN__20250105T131045Z__20250105T131145Z.mseed,HE,MEF ,0,0,0,0,,,,,2025-01-05 13:10:45,2025-01-05 13:11:45
RUF/HE.RUF..HHE__20250105T131349Z__20250105T131449Z.mseed,HE,RUF ,0,0,0,0,,,,,2025-01-05 13:13:49,2025-01-05 13:14:49
SUF/HE.SUF..HHE__20250105T132135Z__20250105T132235Z.mseed,HE,SUF ,0,0,0,0,2025-01-05 13:21:39.736000,0.002,,,2025-01-05 13:21:35,2025-01-05 13:22:35
FIB2/HE.FIB2..HHN__20250105T135350Z__20250105T135450Z.mseed,HE,FIB2,0,0,0,0,2025-01-05 13:53:54.870000,0.734,,,2025-01-05 13:53:50,2025-01-05 13:54:50
FIB6/HE.FIB6..HHZ__20250105T140706Z__20250105T140806Z.mseed,HE,FIB6,0,0,0,0,2025-01-05 14:07:10.159999,0.003,,,2025-01-05 14:07:06,2025-01-05 14:08:06
KY02/HE.KY02..CHZ__20250105T141635Z__20250105T141735Z.mseed,HE,KY02,0,0,0,0,,,,,2025-01-05 14:16:35,2025-01-05 14:17:35
FIC4/HE.FIC4..HHZ__20250105T142637Z__20250105T142737Z.mseed,HE,FIC4,0,0,0,0,2025-01-05 14:26:41.780000,0.027,,,2025-01-05 14:26:37,2025-01-05 14:27:37
HEF/HE.HEF..HHZ__20250105T143803Z__20250105T143903Z.mseed,HE,HEF ,0,0,0,0,2025-01-05 14:38:07.490000,0.136,,,2025-01-05 14:38:03,2025-01-05 14:39:03
FIC6/HE.FIC6..HHN__20250105T150334Z__20250105T150434Z.mseed,HE,FIC6,0,0,0,0,2025-01-05 15:03:38.240000,0.003,,,2025-01-05 15:03:34,2025-01-05 15:04:34
OBF8/HE.OBF8..HHN__20250105T150737Z__20250105T150837Z.mseed,HE,OBF8,0,0,0,0,2025-01-05 15:07:43,0.065,,,2025-01-05 15:07:37,2025-01-05 15:08:37
NIF/HE.NIF..HHN__20250105T151448Z__20250105T151548Z.mseed,HE,NIF ,0,0,0,0,,,,,2025-01-05 15:14:48,2025-01-05 15:15:48
FIC1/HE.FIC1..HHN__20250105T151534Z__20250105T151634Z.mseed,HE,FIC1,0,0,0,0,2025-01-05 15:15:38.470000,0.03,2025-01-05 15:15:57.300000,0.504,2025-01-05 15:15:34,2025-01-05 15:16:34
KAF/HE.KAF..HHN__20250105T151841Z__20250105T151941Z.mseed,HE,KAF ,0,0,0,0,2025-01-05 15:18:45.420000,0.226,,,2025-01-05 15:18:41,2025-01-05 15:19:41
RANF/FN.RANF..BHN__20250105T152346Z__20250105T152446Z.mseed,FN,RANF,0,0,0,0,,,,,2025-01-05 15:23:46,2025-01-05 15:24:46
KU2/HE.KU2..SHZ__20250105T152438Z__20250105T152538Z.mseed,HE,KU2 ,0,0,0,0,,,,,2025-01-05 15:24:38,2025-01-05 15:25:38
FIC2/HE.FIC2..HHN__20250105T152918Z__20250105T153018Z.mseed,HE,FIC2,0,0,0,0,,,,,2025-01-05 15:29:18,2025-01-05 15:30:18
SUF/HE.SUF..HHZ__20250105T153701Z__20250105T153801Z.mseed,HE,SUF ,0,0,0,0,2025-01-05 15:37:05.624000,0.014,,,2025-01-05 15:37:01,2025-01-05 15:38:01
JOF/HE.JOF..HHZ__20250105T155853Z__20250105T155953Z.mseed,HE,JOF ,0,0,0,0,2025-01-05 15:58:58.010000,0.008,,,2025-01-05 15:58:53,2025-01-05 15:59:53
TVF/HE.TVF..HHN__20250105T161130Z__20250105T161230Z.mseed,HE,TVF ,0,0,0,0,,,,,2025-01-05 16:11:30,2025-01-05 16:12:30
FIC4/HE.FIC4..HHE__20250105T161147Z__20250105T161247Z.mseed,HE,FIC4,0,0,0,0,2025-01-05 16:11:51.770000,0.15,,,2025-01-05 16:11:47,2025-01-05 16:12:47
RMF/HE.RMF..HHE__20250105T161706Z__20250105T161806Z.mseed,HE,RMF ,0,0,0,0,2025-01-05 16:17:10.780000,0.002,,,2025-01-05 16:17:06,2025-01-05 16:18:06
VJF/HE.VJF..HHE__20250105T171139Z__20250105T171239Z.mseed,HE,VJF ,0,0,0,0,,,,,2025-01-05 17:11:39,2025-01-05 17:12:39
VUOS/HE.VUOS..HHZ__20250105T171211Z__20250105T171311Z.mseed,HE,VUOS,0,0,0,0,,,,,2025-01-05 17:12:11,2025-01-05 17:13:11
KEF/HE.KEF..HHN__20250105T173707Z__20250105T173807Z.mseed,HE,KEF ,0,0,0,0,2025-01-05 17:37:11.400000,0.016,,,2025-01-05 17:37:07,2025-01-05 17:38:07
OBF0/HE.OBF0..HHN__20250105T174549Z__20250105T174649Z.mseed,HE,OBF0,0,0,0,0,,,,,2025-01-05 17:45:49,2025-01-05 17:46:49
RSUO/HE.RSUO..HHZ__20250105T175205Z__20250105T175305Z.mseed,HE,RSUO,0,0,0,0,,,,,2025-01-05 17:52:05,2025-01-05 17:53:05
NUR/HE.NUR..HHE__20250105T175313Z__20250105T175413Z.mseed,HE,NUR ,0,0,0,0,,,,,2025-01-05 17:53:13,2025-01-05 17:54:13
RMF/HE.RMF..HHE__20250105T175600Z__20250105T175700Z.mseed,HE,RMF ,0,0,0,0,,,,,2025-01-05 17:56:00,2025-01-05 17:57:00
KMNF/FN.KMNF..BHZ__20250105T181202Z__20250105T181302Z.mseed,FN,KMNF,0,0,0,0,,,,,2025-01-05 18:12:02,2025-01-05 18:13:02
KU2/HE.KU2..SHN__20250105T184403Z__20250105T184503Z.mseed,HE,KU2 ,0,0,0,0,2025-01-05 18:44:09.260000,0.147,,,2025-01-05 18:44:03,2025-01-05 18:45:03
NIF/HE.NIF..HHN__20250105T184841Z__20250105T184941Z.mseed,HE,NIF ,0,0,0,0,2025-01-05 18:48:45.732000,0.011,,,2025-01-05 18:48:41,2025-01-05 18:49:41
KIF/HE.KIF..HHE__20250105T184909Z__20250105T185009Z.mseed,HE,KIF ,0,0,0,0,,,,,2025-01-05 18:49:09,2025-01-05 18:50:09
VJF/HE.VJF..HHZ__20250105T185011Z__20250105T185111Z.mseed,HE,VJF ,0,0,0,0,,,,,2025-01-05 18:50:11,2025-01-05 18:51:11
KUNI/HE.KUNI..HHZ__20250105T190148Z__20250105T190248Z.mseed,HE,KUNI,0,0,0,0,,,,,2025-01-05 19:01:48,2025-01-05 19:02:48
HEL2/HE.HEL2..HHZ__20250105T191948Z__20250105T192048Z.mseed,HE,HEL2,0,0,0,0,,,,,2025-01-05 19:19:48,2025-01-05 19:20:48
KY17/HE.KY17..CHE__20250105T193141Z__20250105T193241Z.mseed,HE,KY17,0,0,0,0,,,,,2025-01-05 19:31:41,2025-01-05 19:32:41
KEV/HE.KEV..HHZ__20250105T193713Z__20250105T193813Z.mseed,HE,KEV ,0,0,0,0,2025-01-05 19:37:17.950000,0.086,,,2025-01-05 19:37:13,2025-01-05 19:38:13
TOF/HE.TOF..HHE__20250105T193713Z__20250105T193813Z.mseed,HE,TOF ,0,0,0,0,2025-01-05 19:37:17.500000,0.005,,,2025-01-05 19:37:13,2025-01-05 19:38:13
FIA1/HE.FIA1..HHN__20250105T194959Z__20250105T195059Z.mseed,HE,FIA1,0,0,0,0,2025-01-05 19:50:03.470000,0.005,,,2025-01-05 19:49:59,2025-01-05 19:50:59
FIB1/HE.FIB1..HHZ__20250105T195448Z__20250105T195548Z.mseed,HE,FIB1,0,0,0,0,2025-01-05 19:54:52.620000,0.002,,,2025-01-05 19:54:48,2025-01-05 19:55:48
FIB5/HE.FIB5..HHE__20250105T200104Z__20250105T200204Z.mseed,HE,FIB5,0,0,0,0,,,,,2025-01-05 20:01:04,2025-01-05 20:02:04
FIB4/HE.FIB4..HHZ__20250105T201906Z__20250105T202006Z.mseed,HE,FIB4,0,0,0,0,,,,,2025-01-05 20:19:06,2025-01-05 20:20:06
KEV/HE.KEV..HHN__20250105T204110Z__20250105T204210Z.mseed,HE,KEV ,0,0,0,0,2025-01-05 20:41:14.340000,0.009,,,2025-01-05 20:41:10,2025-01-05 20:42:10
RSUO/HE.RSUO..HHE__20250105T204759Z__20250105T204859Z.mseed,HE,RSUO,0,0,0,0,2025-01-05 20:48:03.848000,0.057,,,2025-01-05 20:47:59,2025-01-05 20:48:59
HEL5/HE.HEL5..HHZ__20250105T205005Z__20250105T205105Z.mseed,HE,HEL5,0,0,0,0,,,,,2025-01-05 20:50:05,2025-01-05 20:51:05
KORF/HE.KORF..CHZ__20250105T205146Z__20250105T205246Z.mseed,HE,KORF,0,0,0,0,2025-01-05 20:51:50.252000,0.041,,,2025-01-05 20:51:46,2025-01-05 20:52:46
FIA0/HE.FIA0..HHE__20250105T205644Z__20250105T205744Z.mseed,HE,FIA0,0,0,0,0,,,,,2025-01-05 20:56:44,2025-01-05 20:57:44
KY02/HE.KY02..CHZ__20250105T210729Z__20250105T210829Z.mseed,HE,KY02,0,0,0,0,,,,,2025-01-05 21:07:29,2025-01-05 21:08:29
KIF/HE.KIF..HHN__20250105T211238Z__20250105T211338Z.mseed,HE,KIF ,0,0,0,0,,,,,2025-01-05 21:12:38,2025-01-05 21:13:38
KEF/HE.KEF..HHN__20250105T211720Z__20250105T211820Z.mseed,HE,KEF ,0,0,0,0,2025-01-05 21:17:24.530000,0.044,,,2025-01-05 21:17:20,2025-01-05 21:18:20
OBF0/HE.OBF0..SHZ__20250105T213054Z__20250105T213154Z.mseed,HE,OBF0,0,0,0,0,,,,,2025-01-05 21:30:54,2025-01-05 21:31:54
KEV/HE.KEV..HHE__20250105T213911Z__20250105T214011Z.mseed,HE,KEV ,0,0,0,0,2025-01-05 21:39:15.170000,0.607,2025-01-05 21:39:32.790000,0.065,2025-01-05 21:39:11,2025-01-05 21:40:11
FIB3/HE.FIB3..HHN__20250105T215104Z__20250105T215204Z.mseed,HE,FIB3,0,0,0,0,,,,,2025-01-05 21:51:04,2025-01-05 21:52:04
FIB2/HE.FIB2..HHZ__20250105T215947Z__20250105T220047Z.mseed,HE,FIB2,0,0,0,0,,,,,2025-01-05 21:59:47,2025-01-05 22:00:47
NUR/HE.NUR..HHN__20250105T222039Z__20250105T222139Z.mseed,HE,NUR ,0,0,0,0,,,,,2025-01-05 22:20:39,2025-01-05 22:21:39
FIC2/HE.FIC2..HHN__20250105T222818Z__20250105T222918Z.mseed,HE,FIC2,0,0,0,0,,,,,2025-01-05 22:28:18,2025-01-05 22:29:18
FIB6/HE.FIB6..HHE__20250105T222939Z__20250105T223039Z.mseed,HE,FIB6,0,0,0,0,,,,,2025-01-05 22:29:39,2025-01-05 22:30:39
OBF3/HE.OBF3..HHZ__20250105T223415Z__20250105T223515Z.mseed,HE,OBF3,0,0,0,0,2025-01-05 22:34:19.500000,0.006,,,2025-01-05 22:34:15,2025-01-05 22:35:15
HEF/HE.HEF..HHN__20250105T225027Z__20250105T225127Z.mseed,HE,HEF ,0,0,0,0,2025-01-05 22:50:31.780000,0.033,,,2025-01-05 22:50:27,2025-01-05 22:51:27
NUR/HE.NUR..HHZ__20250105T230235Z__20250105T230335Z.mseed,HE,NUR ,0,0,0,0,,,,,2025-01-05 23:02:35,2025-01-05 23:03:35
KU6/HE.KU6..HHE__20250105T230635Z__20250105T230735Z.mseed,HE,KU6 ,0,0,0,0,2025-01-05 23:06:39.250000,0.031,,,2025-01-05 23:06:35,2025-01-05 23:07:35
OBF3/HE.OBF3..HHZ__20250105T232631Z__20250105T232731Z.mseed,HE,OBF3,0,0,0,0,,,,,2025-01-05 23:26:31,2025-01-05 23:27:31
OLKF/FN.OLKF..HHN__20250105T233649Z__20250105T233749Z.mseed,FN,OLKF,0,0,0,0,,,,,2025-01-05 23:36:49,2025-01-05 23:37:49
FIB4/HE.FIB4..HHE__20250105T234630Z__20250105T234730Z.mseed,HE,FIB4,0,0,0,0,2025-01-05 23:46:34.940000,0.012,,,2025-01-05 23:46:30,2025-01-05 23:47:30
VUOS/HE.VUOS..HHN__20250105T234722Z__20250105T234822Z.mseed,HE,VUOS,0,0,0,0,2025-01-05 23:47:27.772000,0.01,,,2025-01-05 23:47:22,2025-01-05 23:48:22
RSUO/HE.RSUO..HHE__20250105T235024Z__20250105T235124Z.mseed,HE,RSUO,0,0,0,0,,,,,2025-01-05 23:50:24,2025-01-05 23:51:24
KMNF/FN.KMNF..HHN__20250105T235235Z__20250105T235335Z.mseed,FN,KMNF,0,0,0,0,2025-01-05 23:52:39.900000,0.008,,,2025-01-05 23:52:35,2025-01-05 23:53:35
FIC1/HE.FIC1..HHZ__20250105T235859Z__20250105T235959Z.mseed,HE,FIC1,0,0,0,0,2025-01-05 23:59:03.960000,0.003,,,2025-01-05 23:58:59,2025-01-05 23:59:59
FIC1/HE.FIC1..HHE__20250105T235920Z__20250106T000020Z.mseed,HE,FIC1,0,0,0,0,2025-01-05 23:59:24.280000,0.003,,,2025-01-05 23:59:20,2025-01-06 00:00:20
VAF/HE.VAF..HHZ__20250106T000155Z__20250106T000255Z.mseed,HE,VAF ,0,0,0,0,2025-01-06 00:01:59.640000,0.031,,,2025-01-06 00:01:55,2025-01-06 00:02:55
KORF/HE.KORF..CHN__20250106T000833Z__20250106T000933Z.mseed,HE,KORF,0,0,0,0,2025-01-06 00:08:37.460000,0.002,,,2025-01-06 00:08:33,2025-01-06 00:09:33
KIF/HE.KIF..HHN__20250106T001857Z__20250106T001957Z.mseed,HE,KIF ,0,0,0,0,,,,,2025-01-06 00:18:57,2025-01-06 00:19:57
RANF/FN.RANF..BHZ__20250106T002227Z__20250106T002327Z.mseed,FN,RANF,0,0,0,0,2025-01-06 00:22:31.030000,0.003,,,2025-01-06 00:22:27,2025-01-06 00:23:27
TRE03/HE.TRE03..CHN__20250106T002814Z__20250106T002914Z.mseed,HE,TRE03,0,0,0,0,,,,,2025-01-06 00:28:14,2025-01-06 00:29:14
RAF/HE.RAF..HHN__20250106T003953Z__20250106T004053Z.mseed,HE,RAF ,0,0,0,0,,,,,2025-01-06 00:39:53,2025-01-06 00:40:53
VRF/HE.VRF..HHN__20250106T004606Z__20250106T004706Z.mseed,HE,VRF ,0,0,0,0,2025-01-06 00:46:10.650000,0.326,,,2025-01-06 00:46:06,2025-01-06 00:47:06
KPF/HE.KPF..HHN__20250106T004922Z__20250106T005022Z.mseed,HE,KPF ,0,0,0,0,2025-01-06 00:49:26.908000,0.014,,,2025-01-06 00:49:22,2025-01-06 00:50:22
VAF/HE.VAF..HHN__20250106T004925Z__20250106T005025Z.mseed,HE,VAF ,0,0,0,0,2025-01-06 00:49:29.190000,0.071,,,2025-01-06 00:49:25,2025-01-06 00:50:25
KJNF/HE.KJNF..CHE__20250106T011744Z__20250106T011844Z.mseed,HE,KJNF,0,0,0,0,2025-01-06 01:17:48.816000,0.006,,,2025-01-06 01:17:44,2025-01-06 01:18:44
KJNF/HE.KJNF..CHE__20250106T013240Z__20250106T013340Z.mseed,HE,KJNF,0,0,0,0,2025-01-06 01:32:44.444000,0.001,,,2025-01-06 01:32:40,2025-01-06 01:33:40
TRE03/HE.TRE03..CHE__20250106T013247Z__20250106T013347Z.mseed,HE,TRE03,0,0,0,0,2025-01-06 01:32:51.564000,0.18,,,2025-01-06 01:32:47,2025-01-06 01:33:47
KY17/HE.KY17..CHE__20250106T013516Z__20250106T013616Z.mseed,HE,KY17,0,0,0,0,,,,,2025-01-06 01:35:16,2025-01-06 01:36:16
HEF/HE.HEF..HHN__20250106T020807Z__20250106T020907Z.mseed,HE,HEF ,0,0,0,0,,,,,2025-01-06 02:08:07,2025-01-06 02:09:07
VRF/HE.VRF..HHZ__20250106T021552Z__20250106T021652Z.mseed,HE,VRF ,0,0,0,0,,,,,2025-01-06 02:15:52,2025-01-06 02:16:52
LOVF/HE.LOVF..CHN__20250106T022127Z__20250106T022227Z.mseed,HE,LOVF,0,0,0,0,,,,,2025-01-06 02:21:27,2025-01-06 02:22:27
NIF/HE.NIF..HHE__20250106T023140Z__20250106T023240Z.mseed,HE,NIF ,0,0,0,0,,,,,2025-01-06 02:31:40,2025-01-06 02:32:40
KY17/HE.KY17..CHN__20250106T023234Z__20250106T023334Z.mseed,HE,KY17,0,0,0,0,,,,,2025-01-06 02:32:34,2025-01-06 02:33:34
VUOS/HE.VUOS..HHN__20250106T023317Z__20250106T023417Z.mseed,HE,VUOS,0,0,0,0,,,,,2025-01-06 02:33:17,2025-01-06 02:34:17
KLF/FN.KLF..HHN__20250106T025459Z__20250106T025559Z.mseed,FN,KLF ,0,0,0,0,,,,,2025-01-06 02:54:59,2025-01-06 02:55:59
VUOS/HE.VUOS..HHZ__20250106T030705Z__20250106T030805Z.mseed,HE,VUOS,0,0,0,0,,,,,2025-01-06 03:07:05,2025-01-06 03:08:05
ECKF/HE.ECKF..CHZ__20250106T032047Z__20250106T032147Z.mseed,HE,ECKF,0,0,0,0,,,,,2025-01-06 03:20:47,2025-01-06 03:21:47
FIB2/HE.FIB2..HHE__20250106T032712Z__20250106T032812Z.mseed,HE,FIB2,0,0,0,0,2025-01-06 03:27:16.910000,0.005,,,2025-01-06 03:27:12,2025-01-06 03:28:12
KORF/HE.KORF..CHZ__20250106T034721Z__20250106T034821Z.mseed,HE,KORF,0,0,0,0,2025-01-06 03:47:25.220000,0.01,,,2025-01-06 03:47:21,2025-01-06 03:48:21
FIB3/HE.FIB3..HHE__20250106T035131Z__20250106T035231Z.mseed,HE,FIB3,0,0,0,0,,,,,2025-01-06 03:51:31,2025-01-06 03:52:31
FIB2/HE.FIB2..HHZ__20250106T035234Z__20250106T035334Z.mseed,HE,FIB2,0,0,0,0,2025-01-06 03:52:38.490000,0.002,,,2025-01-06 03:52:34,2025-01-06 03:53:34
KLF/FN.KLF..HHN__20250106T035758Z__20250106T035858Z.mseed,FN,KLF ,0,0,0,0,2025-01-06 03:58:02.630000,0.007,,,2025-01-06 03:57:58,2025-01-06 03:58:58
KU1/HE.KU1..SHE__20250106T040401Z__20250106T040501Z.mseed,HE,KU1 ,0,0,0,0,2025-01-06 04:04:05.972000,0.012,,,2025-01-06 04:04:01,2025-01-06 04:05:01
KMNF/FN.KMNF..HHN__20250106T040444Z__20250106T040544Z.mseed,FN,KMNF,0,0,0,0,,,,,2025-01-06 04:04:44,2025-01-06 04:05:44
FIB2/HE.FIB2..HHZ__20250106T043057Z__20250106T043157Z.mseed,HE,FIB2,0,0,0,0,,,,,2025-01-06 04:30:57,2025-01-06 04:31:57
FIC3/HE.FIC3..HHE__20250106T043846Z__20250106T043946Z.mseed,HE,FIC3,0,0,0,0,,,,,2025-01-06 04:38:46,2025-01-06 04:39:46
KJNF/HE.KJNF..CHN__20250106T044336Z__20250106T044436Z.mseed,HE,KJNF,0,0,0,0,,,,,2025-01-06 04:43:36,2025-01-06 04:44:36
FIC6/HE.FIC6..HHN__20250106T044655Z__20250106T044755Z.mseed,HE,FIC6,0,0,0,0,2025-01-06 04:46:59.820000,0.002,,,2025-01-06 04:46:55,2025-01-06 04:47:55
MEF/HE.MEF..HHN__20250106T045517Z__20250106T045617Z.mseed,HE,MEF ,0,0,0,0,,,,,2025-01-06 04:55:17,2025-01-06 04:56:17
VJF/HE.VJF..HHE__20250106T045537Z__20250106T045637Z.mseed,HE,VJF ,0,0,0,0,,,,,2025-01-06 04:55:37,2025-01-06 04:56:37
VRF/HE.VRF..HHN__20250106T050443Z__20250106T050543Z.mseed,HE,VRF ,0,0,0,0,,,,,2025-01-06 05:04:43,2025-01-06 05:05:43
HEL1/HE.HEL1..HHZ__20250106T050520Z__20250106T050620Z.mseed,HE,HEL1,0,0,0,0,,,,,2025-01-06 05:05:20,2025-01-06 05:06:20
KU2/HE.KU2..SHN__20250106T050832Z__20250106T050932Z.mseed,HE,KU2 ,0,0,0,0,2025-01-06 05:08:36.380000,0.009,,,2025-01-06 05:08:32,2025-01-06 05:09:32
TVF/HE.TVF..HHZ__20250106T051714Z__20250106T051814Z.mseed,HE,TVF ,0,0,0,0,2025-01-06 05:17:18.108000,0.002,,,2025-01-06 05:17:14,2025-01-06 05:18:14
RMF/HE.RMF..HHZ__20250106T053313Z__20250106T053413Z.mseed,HE,RMF ,0,0,0,0,,,,,2025-01-06 05:33:13,2025-01-06 05:34:13
TOF/HE.TOF..HHN__20250106T054202Z__20250106T054302Z.mseed,HE,TOF ,0,0,0,0,2025-01-06 05:42:06.970000,0.002,,,2025-01-06 05:42:02,2025-01-06 05:43:02
VRF/HE.VRF..HHZ__20250106T061451Z__20250106T061551Z.mseed,HE,VRF ,0,0,0,0,2025-01-06 06:14:55.400000,0.02,,,2025-01-06 06:14:51,2025-01-06 06:15:51
LAUT/HE.LAUT..HHE__20250106T064637Z__20250106T064737Z.mseed,HE,LAUT,0,0,0,0,,,,,2025-01-06 06:46:37,2025-01-06 06:47:37
KJNF/HE.KJNF..CHN__20250106T070136Z__20250106T070236Z.mseed,HE,KJNF,0,0,0,0,2025-01-06 07:01:40.244000,0.001,,,2025-01-06 07:01:36,2025-01-06 07:02:36
HEL5/HE.HEL5..HHZ__20250106T070141Z__20250106T070241Z.mseed,HE,HEL5,0,0,0,0,,,,,2025-01-06 07:01:41,2025-01-06 07:02:41
KPF/HE.KPF..HHE__20250106T070218Z__20250106T070318Z.mseed,HE,KPF ,0,0,0,0,2025-01-06 07:02:22.370000,0.164,,,2025-01-06 07:02:18,2025-01-06 07:03:18
KMNF/FN.KMNF..BHE__20250106T072106Z__20250106T072206Z.mseed,FN,KMNF,0,0,0,0,2025-01-06 07:21:10.030000,0.011,,,2025-01-06 07:21:06,2025-01-06 07:22:06
FIB2/HE.FIB2..HHN__20250106T073609Z__20250106T073709Z.mseed,HE,FIB2,0,0,0,0,2025-01-06 07:36:13.790000,0.002,,,2025-01-06 07:36:09,2025-01-06 07:37:09
FIC3/HE.FIC3..HHN__20250106T073844Z__20250106T073944Z.mseed,HE,FIC3,0,0,0,0,2025-01-06 07:38:48.630000,0.017,,,2025-01-06 07:38:44,2025-01-06 07:39:44
SUF/HE.SUF..HHE__20250106T073940Z__20250106T074040Z.mseed,HE,SUF ,0,0,0,0,2025-01-06 07:39:44.252000,0.007,,,2025-01-06 07:39:40,2025-01-06 07:40:40
FIC5/HE.FIC5..HHZ__20250106T074311Z__20250106T074411Z.mseed,HE,FIC5,0,0,0,0,2025-01-06 07:43:15.700000,0.01,,,2025-01-06 07:43:11,2025-01-06 07:44:11
RUF/HE.RUF..HHZ__20250106T074436Z__20250106T074536Z.mseed,HE,RUF ,0,0,0,0,2025-01-06 07:44:40.104000,0.035,,,2025-01-06 07:44:36,2025-01-06 07:45:36
KEF/HE.KEF..HHE__20250106T075121Z__20250106T075221Z.mseed,HE,KEF ,0,0,0,0,,,,,2025-01-06 07:51:21,2025-01-06 07:52:21
JOF/HE.JOF..HHN__20250106T075614Z__20250106T075714Z.mseed,HE,JOF ,0,0,0,0,2025-01-06 07:56:18.440000,0.016,,,2025-01-06 07:56:14,2025-01-06 07:57:14
KU6/HE.KU6..HHE__20250106T080539Z__20250106T080639Z.mseed,HE,KU6 ,0,0,0,0,2025-01-06 08:05:43.270000,0.009,,,2025-01-06 08:05:39,2025-01-06 08:06:39
FIC6/HE.FIC6..HHZ__20250106T080743Z__20250106T080843Z.mseed,HE,FIC6,0,0,0,0,2025-01-06 08:07:47.130000,0.03,,,2025-01-06 08:07:43,2025-01-06 08:08:43
RAF/HE.RAF..HHE__20250106T080853Z__20250106T080953Z.mseed,HE,RAF ,0,0,0,0,2025-01-06 08:08:57.130000,0.002,,,2025-01-06 08:08:53,2025-01-06 08:09:53
KY02/HE.KY02..CHN__20250106T081144Z__20250106T081244Z.mseed,HE,KY02,0,0,0,0,,,,,2025-01-06 08:11:44,2025-01-06 08:12:44
HEL1/HE.HEL1..HHZ__20250106T081528Z__20250106T081628Z.mseed,HE,HEL1,0,0,0,0,,,,,2025-01-06 08:15:28,2025-01-06 08:16:28
OBF0/HE.OBF0..SHZ__20250106T082729Z__20250106T082829Z.mseed,HE,OBF0,0,0,0,0,2025-01-06 08:27:33.688000,0.005,,,2025-01-06 08:27:29,2025-01-06 08:28:29
FIA2/HE.FIA2..HHZ__20250106T082816Z__20250106T082916Z.mseed,HE,FIA2,0,0,0,0,,,,,2025-01-06 08:28:16,2025-01-06 08:29:16
KPF/HE.KPF..HHE__20250106T083008Z__20250106T083108Z.mseed,HE,KPF ,0,0,0,0,2025-01-06 08:30:12.788000,0.002,,,2025-01-06 08:30:08,2025-01-06 08:31:08
LAUT/HE.LAUT..HHZ__20250106T083108Z__20250106T083208Z.mseed,HE,LAUT,0,0,0,0,,,,,2025-01-06 08:31:08,2025-01-06 08:32:08
RMF/HE.RMF..HHE__20250106T083110Z__20250106T083210Z.mseed,HE,RMF ,0,0,0,0,,,,,2025-01-06 08:31:10,2025-01-06 08:32:10
VAF/HE.VAF..HHZ__20250106T083236Z__20250106T083336Z.mseed,HE,VAF ,0,0,0,0,2025-01-06 08:32:40.110000,0.023,,,2025-01-06 08:32:36,2025-01-06 08:33:36
KY02/HE.KY02..CHE__20250106T083510Z__20250106T083610Z.mseed,HE,KY02,0,0,0,0,,,,,2025-01-06 08:35:10,2025-01-06 08:36:10
HEF/HE.HEF..HHZ__20250106T084844Z__20250106T084944Z.mseed,HE,HEF ,0,0,0,0,2025-01-06 08:48:48.960000,0.009,,,2025-01-06 08:48:44,2025-01-06 08:49:44
TRE03/HE.TRE03..CHZ__20250106T085431Z__20250106T085531Z.mseed,HE,TRE03,0,0,0,0,2025-01-06 08:54:36.204000,0.657,2025-01-06 08:54:41.194000,0.784,2025-01-06 08:54:31,2025-01-06 08:55:31
FIB1/HE.FIB1..HHE__20250106T090238Z__20250106T090338Z.mseed,HE,FIB1,0,0,0,0,2025-01-06 09:02:42.600000,0.005,,,2025-01-06 09:02:38,2025-01-06 09:03:38
SUF/HE.SUF..HHZ__20250106T090828Z__20250106T090928Z.mseed,HE,SUF ,0,0,0,0,2025-01-06 09:08:32.832000,0.003,,,2025-01-06 09:08:28,2025-01-06 09:09:28
RAJF/FN.RAJF..HHZ__20250106T091402Z__20250106T091502Z.mseed,FN,RAJF,0,0,0,0,2025-01-06 09:14:07.820000,0.031,,,2025-01-06 09:14:02,2025-01-06 09:15:02
VRF/HE.VRF..HHZ__20250106T091849Z__20250106T091949Z.mseed,HE,VRF ,0,0,0,0,2025-01-06 09:18:53.510000,0.002,,,2025-01-06 09:18:49,2025-01-06 09:19:49
KMNF/FN.KMNF..BHZ__20250106T093040Z__20250106T093140Z.mseed,FN,KMNF,0,0,0,0,2025-01-06 09:30:45.250000,0.012,,,2025-01-06 09:30:40,2025-01-06 09:31:40
JOF/HE.JOF..HHE__20250106T093602Z__20250106T093702Z.mseed,HE,JOF ,0,0,0,0,2025-01-06 09:36:06.560000,0.004,,,2025-01-06 09:36:02,2025-01-06 09:37:02
FIA2/HE.FIA2..HHZ__20250106T094209Z__20250106T094309Z.mseed,HE,FIA2,0,0,0,0,,,,,2025-01-06 09:42:09,2025-01-06 09:43:09
AAL/UP.AAL..HHZ__20250106T094656Z__20250106T094756Z.mseed,UP,AAL ,0,0,0,0,,,,,2025-01-06 09:46:56,2025-01-06 09:47:56
FIC2/HE.FIC2..HHN__20250106T095158Z__20250106T095258Z.mseed,HE,FIC2,0,0,0,0,2025-01-06 09:52:02.040000,0.466,2025-01-06 09:52:03.830000,0.321,2025-01-06 09:51:58,2025-01-06 09:52:58
VRF/HE.VRF..HHZ__20250106T100337Z__20250106T100437Z.mseed,HE,VRF ,0,0,0,0,,,,,2025-01-06 10:03:37,2025-01-06 10:04:37
KU6/HE.KU6..HHE__20250106T101137Z__20250106T101237Z.mseed,HE,KU6 ,0,0,0,0,2025-01-06 10:11:41.040000,0.012,,,2025-01-06 10:11:37,2025-01-06 10:12:37
OUF/HE.OUF..HHN__20250106T101637Z__20250106T101737Z.mseed,HE,OUF ,0,0,0,0,2025-01-06 10:16:41.310000,0.044,,,2025-01-06 10:16:37,2025-01-06 10:17:37
VRF/HE.VRF..HHN__20250106T101734Z__20250106T101834Z.mseed,HE,VRF ,0,0,0,0,,,,,2025-01-06 10:17:34,2025-01-06 10:18:34
KORF/HE.KORF..CHE__20250106T102349Z__20250106T102449Z.mseed,HE,KORF,0,0,0,0,2025-01-06 10:23:53.360000,0.008,,,2025-01-06 10:23:49,2025-01-06 10:24:49
RAJF/FN.RAJF..HHE__20250106T102829Z__20250106T102929Z.mseed,FN,RAJF,0,0,0,0,2025-01-06 10:28:33.680000,0.019,,,2025-01-06 10:28:29,2025-01-06 10:29:29
KU6/HE.KU6..HHE__20250106T103609Z__20250106T103709Z.mseed,HE,KU6 ,0,0,0,0,2025-01-06 10:36:13.710000,0.046,,,2025-01-06 10:36:09,2025-01-06 10:37:09
LAUT/HE.LAUT..HHN__20250106T104301Z__20250106T104401Z.mseed,HE,LAUT,0,0,0,0,,,,,2025-01-06 10:43:01,2025-01-06 10:44:01
KU1/HE.KU1..SHZ__20250106T104356Z__20250106T104456Z.mseed,HE,KU1 ,0,0,0,0,,,,,2025-01-06 10:43:56,2025-01-06 10:44:56
KPF/HE.KPF..HHN__20250106T105459Z__20250106T105559Z.mseed,HE,KPF ,0,0,0,0,2025-01-06 10:55:03.256000,0.004,,,2025-01-06 10:54:59,2025-01-06 10:55:59
VRF/HE.VRF..HHN__20250106T105621Z__20250106T105721Z.mseed,HE,VRF ,0,0,0,0,2025-01-06 10:56:25.330000,0.01,,,2025-01-06 10:56:21,2025-01-06 10:57:21
KJNF/HE.KJNF..CHZ__20250106T105826Z__20250106T105926Z.mseed,HE,KJNF,0,0,0,0,,,,,2025-01-06 10:58:26,2025-01-06 10:59:26
KAF/HE.KAF..HHZ__20250106T110259Z__20250106T110359Z.mseed,HE,KAF ,0,0,0,0,2025-01-06 11:03:03.270000,0.032,,,2025-01-06 11:02:59,2025-01-06 11:03:59
FIA3/HE.FIA3..HHZ__20250106T112048Z__20250106T112148Z.mseed,HE,FIA3,0,0,0,0,,,,,2025-01-06 11:20:48,2025-01-06 11:21:48
VJF/HE.VJF..HHN__20250106T112416Z__20250106T112516Z.mseed,HE,VJF ,0,0,0,0,,,,,2025-01-06 11:24:16,2025-01-06 11:25:16
KU2/HE.KU2..SHN__20250106T112544Z__20250106T112644Z.mseed,HE,KU2 ,0,0,0,0,2025-01-06 11:25:49.158000,0.277,,,2025-01-06 11:25:44,2025-01-06 11:26:44
TRE03/HE.TRE03..CHE__20250106T112954Z__20250106T113054Z.mseed,HE,TRE03,0,0,0,0,,,,,2025-01-06 11:29:54,2025-01-06 11:30:54
FIC1/HE.FIC1..HHZ__20250106T113137Z__20250106T113237Z.mseed,HE,FIC1,0,0,0,0,2025-01-06 11:31:41.500000,0.095,,,2025-01-06 11:31:37,2025-01-06 11:32:37
KMNF/FN.KMNF..HHN__20250106T114446Z__20250106T114546Z.mseed,FN,KMNF,0,0,0,0,2025-01-06 11:44:50.030000,0.002,,,2025-01-06 11:44:46,2025-01-06 11:45:46
OBF3/HE.OBF3..HHZ__20250106T114705Z__20250106T114805Z.mseed,HE,OBF3,0,0,0,0,2025-01-06 11:47:09.816000,0.018,,,2025-01-06 11:47:05,2025-01-06 11:48:05
FIA1/HE.FIA1..HHE__20250106T115631Z__20250106T115731Z.mseed,HE,FIA1,0,0,0,0,,,,,2025-01-06 11:56:31,2025-01-06 11:57:31
FIC4/HE.FIC4..HHN__20250106T120209Z__20250106T120309Z.mseed,HE,FIC4,0,0,0,0,,,,,2025-01-06 12:02:09,2025-01-06 12:03:09
ALAJF/HE.ALAJF..HHE__20250106T123342Z__20250106T123442Z.mseed,HE,ALAJF,0,0,0,0,,,,,2025-01-06 12:33:42,2025-01-06 12:34:42
KMNF/FN.KMNF..BHN__20250106T123424Z__20250106T123524Z.mseed,FN,KMNF,0,0,0,0,2025-01-06 12:34:29.080000,0.005,,,2025-01-06 12:34:24,2025-01-06 12:35:24
FIB2/HE.FIB2..HHZ__20250106T124748Z__20250106T124848Z.mseed,HE,FIB2,0,0,0,0,,,,,2025-01-06 12:47:48,2025-01-06 12:48:48
KU1/HE.KU1..SHN__20250106T125237Z__20250106T125337Z.mseed,HE,KU1 ,0,0,0,0,2025-01-06 12:52:41.776000,0.006,,,2025-01-06 12:52:37,2025-01-06 12:53:37
TVF/HE.TVF..HHN__20250106T125522Z__20250106T125622Z.mseed,HE,TVF ,0,0,0,0,2025-01-06 12:55:26.968000,0.001,,,2025-01-06 12:55:22,2025-01-06 12:56:22
KAF/HE.KAF..HHZ__20250106T125658Z__20250106T125758Z.mseed,HE,KAF ,0,0,0,0,2025-01-06 12:57:02.220000,0.001,,,2025-01-06 12:56:58,2025-01-06 12:57:58
OBF3/HE.OBF3..HHZ__20250106T130645Z__20250106T130745Z.mseed,HE,OBF3,0,0,0,0,2025-01-06 13:06:49.176000,0.006,,,2025-01-06 13:06:45,2025-01-06 13:07:45
RUF/HE.RUF..HHZ__20250106T131135Z__20250106T131235Z.mseed,HE,RUF ,0,0,0,0,2025-01-06 13:11:39.532000,0.003,,,2025-01-06 13:11:35,2025-01-06 13:12:35
OLKF/FN.OLKF..HHE__20250106T131600Z__20250106T131700Z.mseed,FN,OLKF,0,0,0,0,2025-01-06 13:16:04.880000,0.013,,,2025-01-06 13:16:00,2025-01-06 13:17:00
KIF/HE.KIF..HHZ__20250106T131708Z__20250106T131808Z.mseed,HE,KIF ,0,0,0,0,2025-01-06 13:17:12.600000,0.003,,,2025-01-06 13:17:08,2025-01-06 13:18:08
KMNF/FN.KMNF..BHN__20250106T132236Z__20250106T132336Z.mseed,FN,KMNF,0,0,0,0,,,,,2025-01-06 13:22:36,2025-01-06 13:23:36
HEL5/HE.HEL5..HHN__20250106T132749Z__20250106T132849Z.mseed,HE,HEL5,0,0,0,0,,,,,2025-01-06 13:27:49,2025-01-06 13:28:49
FIA2/HE.FIA2..HHZ__20250106T134134Z__20250106T134234Z.mseed,HE,FIA2,0,0,0,0,2025-01-06 13:41:38.920000,0.005,,,2025-01-06 13:41:34,2025-01-06 13:42:34
FIA1/HE.FIA1..HHZ__20250106T140646Z__20250106T140746Z.mseed,HE,FIA1,0,0,0,0,2025-01-06 14:06:50.339999,0.03,,,2025-01-06 14:06:46,2025-01-06 14:07:46
MEF/HE.MEF..HHE__20250106T140744Z__20250106T140844Z.mseed,HE,MEF ,0,0,0,0,,,,,2025-01-06 14:07:44,2025-01-06 14:08:44
NUR/HE.NUR..HHZ__20250106T141608Z__20250106T141708Z.mseed,HE,NUR ,0,0,0,0,,,,,2025-01-06 14:16:08,2025-01-06 14:17:08
LAUT/HE.LAUT..HHZ__20250106T141816Z__20250106T141916Z.mseed,HE,LAUT,0,0,0,0,,,,,2025-01-06 14:18:16,2025-01-06 14:19:16
AAL/UP.AAL..HHZ__20250106T143621Z__20250106T143721Z.mseed,UP,AAL ,0,0,0,0,2025-01-06 14:36:25.360000,0.088,,,2025-01-06 14:36:21,2025-01-06 14:37:21
FIA3/HE.FIA3..HHN__20250106T143947Z__20250106T144047Z.mseed,HE,FIA3,0,0,0,0,2025-01-06 14:39:51.600000,0.001,,,2025-01-06 14:39:47,2025-01-06 14:40:47
KJNF/HE.KJNF..CHN__20250106T144153Z__20250106T144253Z.mseed,HE,KJNF,0,0,0,0,,,,,2025-01-06 14:41:53,2025-01-06 14:42:53
VJF/HE.VJF..HHN__20250106T144743Z__20250106T144843Z.mseed,HE,VJF ,0,0,0,0,,,,,2025-01-06 14:47:43,2025-01-06 14:48:43
HEF/HE.HEF..HHE__20250106T145003Z__20250106T145103Z.mseed,HE,HEF ,0,0,0,0,2025-01-06 14:50:07.920000,0.007,,,2025-01-06 14:50:03,2025-01-06 14:51:03
KJNF/HE.KJNF..CHE__20250106T145759Z__20250106T145859Z.mseed,HE,KJNF,0,0,0,0,,,,,2025-01-06 14:57:59,2025-01-06 14:58:59
LAUT/HE.LAUT..HHE__20250106T151012Z__20250106T151112Z.mseed,HE,LAUT,0,0,0,0,2025-01-06 15:10:16.928000,0.004,,,2025-01-06 15:10:12,2025-01-06 15:11:12
HEL1/HE.HEL1..HHE__20250106T151738Z__20250106T151838Z.mseed,HE,HEL1,0,0,0,0,2025-01-06 15:17:42.588000,0.031,2025-01-06 15:17:55.178000,0.071,2025-01-06 15:17:38,2025-01-06 15:18:38
AAL/UP.AAL..HHE__20250106T153044Z__20250106T153144Z.mseed,UP,AAL ,0,0,0,0,,,,,2025-01-06 15:30:44,2025-01-06 15:31:44
KJNF/HE.KJNF..CHN__20250106T153101Z__20250106T153201Z.mseed,HE,KJNF,0,0,0,0,,,,,2025-01-06 15:31:01,2025-01-06 15:32:01
FIB4/HE.FIB4..HHE__20250106T154404Z__20250106T154504Z.mseed,HE,FIB4,0,0,0,0,2025-01-06 15:44:08.260000,0.007,,,2025-01-06 15:44:04,2025-01-06 15:45:04
FIA2/HE.FIA2..HHZ__20250106T155200Z__20250106T155300Z.mseed,HE,FIA2,0,0,0,0,2025-01-06 15:52:04.660000,0.002,,,2025-01-06 15:52:00,2025-01-06 15:53:00
KPF/HE.KPF..HHZ__20250106T155634Z__20250106T155734Z.mseed,HE,KPF ,0,0,0,0,2025-01-06 15:56:38.148000,0.02,,,2025-01-06 15:56:34,2025-01-06 15:57:34
FIB5/HE.FIB5..HHZ__20250106T160215Z__20250106T160315Z.mseed,HE,FIB5,0,0,0,0,,,,,2025-01-06 16:02:15,2025-01-06 16:03:15
FIA2/HE.FIA2..HHE__20250106T160603Z__20250106T160703Z.mseed,HE,FIA2,0,0,0,0,2025-01-06 16:06:08.040000,0.007,,,2025-01-06 16:06:03,2025-01-06 16:07:03
ALAJF/HE.ALAJF..HHE__20250106T160637Z__20250106T160737Z.mseed,HE,ALAJF,0,0,0,0,2025-01-06 16:06:41.792000,0.01,,,2025-01-06 16:06:37,2025-01-06 16:07:37
VRF/HE.VRF..HHZ__20250106T161052Z__20250106T161152Z.mseed,HE,VRF ,0,0,0,0,2025-01-06 16:10:56.220000,0.005,,,2025-01-06 16:10:52,2025-01-06 16:11:52
KLF/FN.KLF..BHZ__20250106T161423Z__20250106T161523Z.mseed,FN,KLF ,0,0,0,0,,,,,2025-01-06 16:14:23,2025-01-06 16:15:23
HEL1/HE.HEL1..HHN__20250106T164150Z__20250106T164250Z.mseed,HE,HEL1,0,0,0,0,,,,,2025-01-06 16:41:50,2025-01-06 16:42:50
OBF3/HE.OBF3..HHZ__20250106T164502Z__20250106T164602Z.mseed,HE,OBF3,0,0,0,0,,,,,2025-01-06 16:45:02,2025-01-06 16:46:02
TRE03/HE.TRE03..CHZ__20250106T164741Z__20250106T164841Z.mseed,HE,TRE03,0,0,0,0,2025-01-06 16:47:45.512000,0.001,,,2025-01-06 16:47:41,2025-01-06 16:48:41
KJNF/HE.KJNF..CHE__20250106T165738Z__20250106T165838Z.mseed,HE,KJNF,0,0,0,0,2025-01-06 16:57:42.712000,0.064,,,2025-01-06 16:57:38,2025-01-06 16:58:38
OBF8/HE.OBF8..HHZ__20250106T170219Z__20250106T170319Z.mseed,HE,OBF8,0,0,0,0,,,,,2025-01-06 17:02:19,2025-01-06 17:03:19
KY02/HE.KY02..CHE__20250106T170231Z__20250106T170331Z.mseed,HE,KY02,0,0,0,0,,,,,2025-01-06 17:02:31,2025-01-06 17:03:31
TVF/HE.TVF..HHN__20250106T171524Z__20250106T171624Z.mseed,HE,TVF ,0,0,0,0,,,,,2025-01-06 17:15:24,2025-01-06 17:16:24
KEV/HE.KEV..HHZ__20250106T171816Z__20250106T171916Z.mseed,HE,KEV ,0,0,0,0,2025-01-06 17:18:20.740000,0.005,,,2025-01-06 17:18:16,2025-01-06 17:19:16
FIB2/HE.FIB2..HHE__20250106T173342Z__20250106T173442Z.mseed,HE,FIB2,0,0,0,0,2025-01-06 17:33:46.860000,0.001,,,2025-01-06 17:33:42,2025-01-06 17:34:42
VJF/HE.VJF..HHN__20250106T173521Z__20250106T173621Z.mseed,HE,VJF ,0,0,0,0,,,,,2025-01-06 17:35:21,2025-01-06 17:36:21
RUF/HE.RUF..HHN__20250106T173541Z__20250106T173641Z.mseed,HE,RUF ,0,0,0,0,,,,,2025-01-06 17:35:41,2025-01-06 17:36:41
SUF/HE.SUF..HHZ__20250106T174039Z__20250106T174139Z.mseed,HE,SUF ,0,0,0,0,,,,,2025-01-06 17:40:39,2025-01-06 17:41:39
MEF/HE.MEF..HHN__20250106T175713Z__20250106T175813Z.mseed,HE,MEF ,0,0,0,0,,,,,2025-01-06 17:57:13,2025-01-06 17:58:13
TVF/HE.TVF..HHN__20250106T175736Z__20250106T175836Z.mseed,HE,TVF ,0,0,0,0,,,,,2025-01-06 17:57:36,2025-01-06 17:58:36
HEL1/HE.HEL1..HHZ__20250106T182530Z__20250106T182630Z.mseed,HE,HEL1,0,0,0,0,,,,,2025-01-06 18:25:30,2025-01-06 18:26:30
FIC3/HE.FIC3..HHN__20250106T182714Z__20250106T182814Z.mseed,HE,FIC3,0,0,0,0,2025-01-06 18:27:18.530000,0.002,,,2025-01-06 18:27:14,2025-01-06 18:28:14
FIC3/HE.FIC3..HHN__20250106T183510Z__20250106T183610Z.mseed,HE,FIC3,0,0,0,0,,,,,2025-01-06 18:35:10,2025-01-06 18:36:10
KU2/HE.KU2..SHZ__20250106T183941Z__20250106T184041Z.mseed,HE,KU2 ,0,0,0,0,,,,,2025-01-06 18:39:41,2025-01-06 18:40:41
KAF/HE.KAF..HHN__20250106T184041Z__20250106T184141Z.mseed,HE,KAF ,0,0,0,0,2025-01-06 18:40:45.960000,0.004,,,2025-01-06 18:40:41,2025-01-06 18:41:41
FIC3/HE.FIC3..HHZ__20250106T185241Z__20250106T185341Z.mseed,HE,FIC3,0,0,0,0,2025-01-06 18:52:45.180000,0.027,,,2025-01-06 18:52:41,2025-01-06 18:53:41
KEV/HE.KEV..HHZ__20250106T185445Z__20250106T185545Z.mseed,HE,KEV ,0,0,0,0,2025-01-06 18:54:49.900000,0.007,,,2025-01-06 18:54:45,2025-01-06 18:55:45
FIC5/HE.FIC5..HHN__20250106T190558Z__20250106T190658Z.mseed,HE,FIC5,0,0,0,0,2025-01-06 19:06:02.470000,0.002,,,2025-01-06 19:05:58,2025-01-06 19:06:58
FIC4/HE.FIC4..HHE__20250106T190701Z__20250106T190801Z.mseed,HE,FIC4,0,0,0,0,2025-01-06 19:07:05.370000,0.011,,,2025-01-06 19:07:01,2025-01-06 19:08:01
FIB3/HE.FIB3..HHZ__20250106T192201Z__20250106T192301Z.mseed,HE,FIB3,0,0,0,0,2025-01-06 19:22:05.460000,0.002,,,2025-01-06 19:22:01,2025-01-06 19:23:01
AAL/UP.AAL..HHE__20250106T192255Z__20250106T192355Z.mseed,UP,AAL ,0,0,0,0,2025-01-06 19:22:59.120000,0.001,,,2025-01-06 19:22:55,2025-01-06 19:23:55
KEF/HE.KEF..HHZ__20250106T194548Z__20250106T194648Z.mseed,HE,KEF ,0,0,0,0,2025-01-06 19:45:52.540000,0.005,,,2025-01-06 19:45:48,2025-01-06 19:46:48
KAF/HE.KAF..HHZ__20250106T195037Z__20250106T195137Z.mseed,HE,KAF ,0,0,0,0,2025-01-06 19:50:41.290000,0.027,,,2025-01-06 19:50:37,2025-01-06 19:51:37
MEF/HE.MEF..HHE__20250106T200826Z__20250106T200926Z.mseed,HE,MEF ,0,0,0,0,,,,,2025-01-06 20:08:26,2025-01-06 20:09:26
RANF/FN.RANF..BHZ__20250106T202144Z__20250106T202244Z.mseed,FN,RANF,0,0,0,0,2025-01-06 20:21:48.380000,0.065,,,2025-01-06 20:21:44,2025-01-06 20:22:44
KUNI/HE.KUNI..HHN__20250106T205833Z__20250106T205933Z.mseed,HE,KUNI,0,0,0,0,,,,,2025-01-06 20:58:33,2025-01-06 20:59:33
OBF3/HE.OBF3..HHZ__20250106T211716Z__20250106T211816Z.mseed,HE,OBF3,0,0,0,0,,,,,2025-01-06 21:17:16,2025-01-06 21:18:16
ECKF/HE.ECKF..CHE__20250106T214557Z__20250106T214657Z.mseed,HE,ECKF,0,0,0,0,,,,,2025-01-06 21:45:57,2025-01-06 21:46:57
OUF/HE.OUF..HHN__20250106T215614Z__20250106T215714Z.mseed,HE,OUF ,0,0,0,0,2025-01-06 21:56:18.610000,0.004,,,2025-01-06 21:56:14,2025-01-06 21:57:14
LOVF/HE.LOVF..CHZ__20250106T215626Z__20250106T215726Z.mseed,HE,LOVF,0,0,0,0,2025-01-06 21:56:30.220000,0.04,,,2025-01-06 21:56:26,2025-01-06 21:57:26
JOF/HE.JOF..HHE__20250106T220853Z__20250106T220953Z.mseed,HE,JOF ,0,0,0,0,2025-01-06 22:08:57.130000,0.031,,,2025-01-06 22:08:53,2025-01-06 22:09:53
KUNI/HE.KUNI..HHN__20250106T221656Z__20250106T221756Z.mseed,HE,KUNI,0,0,0,0,2025-01-06 22:17:00.812000,0.002,,,2025-01-06 22:16:56,2025-01-06 22:17:56
HEL1/HE.HEL1..HHZ__20250106T223156Z__20250106T223256Z.mseed,HE,HEL1,0,0,0,0,,,,,2025-01-06 22:31:56,2025-01-06 22:32:56
KORF/HE.KORF..CHN__20250106T224735Z__20250106T224835Z.mseed,HE,KORF,0,0,0,0,2025-01-06 22:47:39.492000,0.029,,,2025-01-06 22:47:35,2025-01-06 22:48:35
FIC6/HE.FIC6..HHZ__20250106T224803Z__20250106T224903Z.mseed,HE,FIC6,0,0,0,0,2025-01-06 22:48:07.560000,0.011,,,2025-01-06 22:48:03,2025-01-06 22:49:03
RAF/HE.RAF..HHN__20250106T225313Z__20250106T225413Z.mseed,HE,RAF ,0,0,0,0,2025-01-06 22:53:17.490000,0.133,,,2025-01-06 22:53:13,2025-01-06 22:54:13
KAF/HE.KAF..HHE__20250106T225826Z__20250106T225926Z.mseed,HE,KAF ,0,0,0,0,2025-01-06 22:58:30.530000,0.003,,,2025-01-06 22:58:26,2025-01-06 22:59:26
LAUT/HE.LAUT..HHN__20250106T230000Z__20250106T230100Z.mseed,HE,LAUT,0,0,0,0,2025-01-06 23:00:04.088000,0.003,,,2025-01-06 23:00:00,2025-01-06 23:01:00
FIB1/HE.FIB1..HHZ__20250106T230731Z__20250106T230831Z.mseed,HE,FIB1,0,0,0,0,2025-01-06 23:07:35.860000,0.017,,,2025-01-06 23:07:31,2025-01-06 23:08:31
KORF/HE.KORF..CHN__20250106T235056Z__20250106T235156Z.mseed,HE,KORF,0,0,0,0,,,,,2025-01-06 23:50:56,2025-01-06 23:51:56
HEL5/HE.HEL5..HHN__20250107T000156Z__20250107T000256Z.mseed,HE,HEL5,0,0,0,0,,,,,2025-01-07 00:01:56,2025-01-07 00:02:56
FIB2/HE.FIB2..HHE__20250107T000207Z__20250107T000307Z.mseed,HE,FIB2,0,0,0,0,2025-01-07 00:02:11.500000,0.012,,,2025-01-07 00:02:07,2025-01-07 00:03:07
FIB4/HE.FIB4..HHE__20250107T000209Z__20250107T000309Z.mseed,HE,FIB4,0,0,0,0,2025-01-07 00:02:13.960000,0.018,,,2025-01-07 00:02:09,2025-01-07 00:03:09
FIC4/HE.FIC4..HHN__20250107T000238Z__20250107T000338Z.mseed,HE,FIC4,0,0,0,0,,,,,2025-01-07 00:02:38,2025-01-07 00:03:38
FIC4/HE.FIC4..HHZ__20250107T003552Z__20250107T003652Z.mseed,HE,FIC4,0,0,0,0,2025-01-07 00:35:57.020000,0.011,,,2025-01-07 00:35:52,2025-01-07 00:36:52
KJNF/HE.KJNF..CHZ__20250107T003705Z__20250107T003805Z.mseed,HE,KJNF,0,0,0,0,2025-01-07 00:37:09.420000,0.01,,,2025-01-07 00:37:05,2025-01-07 00:38:05
OBF3/HE.OBF3..HHE__20250107T003736Z__20250107T003836Z.mseed,HE,OBF3,0,0,0,0,2025-01-07 00:37:40.468000,0.003,,,2025-01-07 00:37:36,2025-01-07 00:38:36
FIB5/HE.FIB5..HHN__20250107T004311Z__20250107T004411Z.mseed,HE,FIB5,0,0,0,0,2025-01-07 00:43:15.950000,0.027,,,2025-01-07 00:43:11,2025-01-07 00:44:11
KORF/HE.KORF..CHN__20250107T005400Z__20250107T005500Z.mseed,HE,KORF,0,0,0,0,2025-01-07 00:54:05.076000,0.308,2025-01-07 00:54:13.586000,0.437,2025-01-07 00:54:00,2025-01-07 00:55:00
FIC4/HE.FIC4..HHZ__20250107T010241Z__20250107T010341Z.mseed,HE,FIC4,0,0,0,0,,,,,2025-01-07 01:02:41,2025-01-07 01:03:41
HEF/HE.HEF..HHZ__20250107T010257Z__20250107T010357Z.mseed,HE,HEF ,0,0,0,0,2025-01-07 01:03:01.220000,0.065,,,2025-01-07 01:02:57,2025-01-07 01:03:57
HEL2/HE.HEL2..HHN__20250107T011152Z__20250107T011252Z.mseed,HE,HEL2,0,0,0,0,,,,,2025-01-07 01:11:52,2025-01-07 01:12:52
HEL5/HE.HEL5..HHE__20250107T011409Z__20250107T011509Z.mseed,HE,HEL5,0,0,0,0,2025-01-07 01:14:13.396000,0.025,,,2025-01-07 01:14:09,2025-01-07 01:15:09
KMNF/FN.KMNF..HHE__20250107T012155Z__20250107T012255Z.mseed,FN,KMNF,0,0,0,0,2025-01-07 01:21:59.010000,0.121,,,2025-01-07 01:21:55,2025-01-07 01:22:55
HEF/HE.HEF..HHN__20250107T012810Z__20250107T012910Z.mseed,HE,HEF ,0,0,0,0,2025-01-07 01:28:14.310000,0.49,,,2025-01-07 01:28:10,2025-01-07 01:29:10
OBF0/HE.OBF0..SHN__20250107T013545Z__20250107T013645Z.mseed,HE,OBF0,0,0,0,0,2025-01-07 01:35:49.768000,0.106,,,2025-01-07 01:35:45,2025-01-07 01:36:45
OBF8/HE.OBF8..HHE__20250107T013648Z__20250107T013748Z.mseed,HE,OBF8,0,0,0,0,,,,,2025-01-07 01:36:48,2025-01-07 01:37:48
RMF/HE.RMF..HHN__20250107T014639Z__20250107T014739Z.mseed,HE,RMF ,0,0,0,0,2025-01-07 01:46:43.068000,0.01,,,2025-01-07 01:46:39,2025-01-07 01:47:39
KEV/HE.KEV..HHE__20250107T015053Z__20250107T015153Z.mseed,HE,KEV ,0,0,0,0,2025-01-07 01:50:57.760000,0.008,,,2025-01-07 01:50:53,2025-01-07 01:51:53
OBF8/HE.OBF8..HHE__20250107T015501Z__20250107T015601Z.mseed,HE,OBF8,0,0,0,0,,,,,2025-01-07 01:55:01,2025-01-07 01:56:01
TVF/HE.TVF..HHE__20250107T020044Z__20250107T020144Z.mseed,HE,TVF ,0,0,0,0,,,,,2025-01-07 02:00:44,2025-01-07 02:01:44
LAUT/HE.LAUT..HHZ__20250107T020431Z__20250107T020531Z.mseed,HE,LAUT,0,0,0,0,2025-01-07 02:04:35.708000,0.038,,,2025-01-07 02:04:31,2025-01-07 02:05:31
RANF/FN.RANF..HHZ__20250107T022834Z__20250107T022934Z.mseed,FN,RANF,0,0,0,0,2025-01-07 02:28:38.430000,0.008,,,2025-01-07 02:28:34,2025-01-07 02:29:34
JOF/HE.JOF..HHE__20250107T023317Z__20250107T023417Z.mseed,HE,JOF ,0,0,0,0,2025-01-07 02:33:21.430000,0.093,,,2025-01-07 02:33:17,2025-01-07 02:34:17
OBF3/HE.OBF3..HHN__20250107T023841Z__20250107T023941Z.mseed,HE,OBF3,0,0,0,0,2025-01-07 02:38:45.796000,0.084,,,2025-01-07 02:38:41,2025-01-07 02:39:41
NUR/HE.NUR..HHZ__20250107T024329Z__20250107T024429Z.mseed,HE,NUR ,0,0,0,0,,,,,2025-01-07 02:43:29,2025-01-07 02:44:29
KJNF/HE.KJNF..CHZ__20250107T024847Z__20250107T024947Z.mseed,HE,KJNF,0,0,0,0,,,,,2025-01-07 02:48:47,2025-01-07 02:49:47
LAUT/HE.LAUT..HHN__20250107T024936Z__20250107T025036Z.mseed,HE,LAUT,0,0,0,0,2025-01-07 02:49:40.440000,0.022,,,2025-01-07 02:49:36,2025-01-07 02:50:36
KORF/HE.KORF..CHN__20250107T030032Z__20250107T030132Z.mseed,HE,KORF,0,0,0,0,2025-01-07 03:00:36.774000,0.708,2025-01-07 03:00:47.564000,0.729,2025-01-07 03:00:32,2025-01-07 03:01:32
JOF/HE.JOF..HHN__20250107T030732Z__20250107T030832Z.mseed,HE,JOF ,0,0,0,0,2025-01-07 03:07:36.860000,0.166,,,2025-01-07 03:07:32,2025-01-07 03:08:32
RUF/HE.RUF..HHE__20250107T035633Z__20250107T035733Z.mseed,HE,RUF ,0,0,0,0,2025-01-07 03:56:37.252000,0.016,,,2025-01-07 03:56:33,2025-01-07 03:57:33
TVF/HE.TVF..HHZ__20250107T040253Z__20250107T040353Z.mseed,HE,TVF ,0,0,0,0,,,,,2025-01-07 04:02:53,2025-01-07 04:03:53
KY17/HE.KY17..CHN__20250107T040410Z__20250107T040510Z.mseed,HE,KY17,0,0,0,0,,,,,2025-01-07 04:04:10,2025-01-07 04:05:10
KIF/HE.KIF..HHE__20250107T040503Z__20250107T040603Z.mseed,HE,KIF ,0,0,0,0,2025-01-07 04:05:07.200000,0.064,,,2025-01-07 04:05:03,2025-01-07 04:06:03
FIC4/HE.FIC4..HHE__20250107T040947Z__20250107T041047Z.mseed,HE,FIC4,0,0,0,0,,,,,2025-01-07 04:09:47,2025-01-07 04:10:47
RSUO/HE.RSUO..HHN__20250107T042414Z__20250107T042514Z.mseed,HE,RSUO,0,0,0,0,,,,,2025-01-07 04:24:14,2025-01-07 04:25:14
KUNI/HE.KUNI..HHE__20250107T042428Z__20250107T042528Z.mseed,HE,KUNI,0,0,0,0,,,,,2025-01-07 04:24:28,2025-01-07 04:25:28
KU1/HE.KU1..SHZ__20250107T042554Z__20250107T042654Z.mseed,HE,KU1 ,0,0,0,0,,,,,2025-01-07 04:25:54,2025-01-07 04:26:54
FIC5/HE.FIC5..HHZ__20250107T044058Z__20250107T044158Z.mseed,HE,FIC5,0,0,0,0,2025-01-07 04:41:02.440000,0.004,,,2025-01-07 04:40:58,2025-01-07 04:41:58
RUF/HE.RUF..HHZ__20250107T045150Z__20250107T045250Z.mseed,HE,RUF ,0,0,0,0,2025-01-07 04:51:54.096000,0.017,,,2025-01-07 04:51:50,2025-01-07 04:52:50
KU6/HE.KU6..HHN__20250107T051555Z__20250107T051655Z.mseed,HE,KU6 ,0,0,0,0,2025-01-07 05:15:59.800000,0.079,,,2025-01-07 05:15:55,2025-01-07 05:16:55
OBF0/HE.OBF0..SHZ__20250107T054242Z__20250107T054342Z.mseed,HE,OBF0,0,0,0,0,2025-01-07 05:42:46.788000,0.015,2025-01-07 05:43:00.758000,0.167,2025-01-07 05:42:42,2025-01-07 05:43:42
FIC6/HE.FIC6..HHE__20250107T054444Z__20250107T054544Z.mseed,HE,FIC6,0,0,0,0,2025-01-07 05:44:49.060000,0.011,,,2025-01-07 05:44:44,2025-01-07 05:45:44
FIB6/HE.FIB6..HHZ__20250107T055455Z__20250107T055555Z.mseed,HE,FIB6,0,0,0,0,,,,,2025-01-07 05:54:55,2025-01-07 05:55:55
FIC3/HE.FIC3..HHE__20250107T055621Z__20250107T055721Z.mseed,HE,FIC3,0,0,0,0,2025-01-07 05:56:25.310000,0.013,,,2025-01-07 05:56:21,2025-01-07 05:57:21
AAL/UP.AAL..HHZ__20250107T055853Z__20250107T055953Z.mseed,UP,AAL ,0,0,0,0,,,,,2025-01-07 05:58:53,2025-01-07 05:59:53
RAJF/FN.RAJF..BHE__20250107T060819Z__20250107T060919Z.mseed,FN,RAJF,0,0,0,0,,,,,2025-01-07 06:08:19,2025-01-07 06:09:19
FIB3/HE.FIB3..HHZ__20250107T063300Z__20250107T063400Z.mseed,HE,FIB3,0,0,0,0,,,,,2025-01-07 06:33:00,2025-01-07 06:34:00
HEL2/HE.HEL2..HHE__20250107T063407Z__20250107T063507Z.mseed,HE,HEL2,0,0,0,0,2025-01-07 06:34:13.012000,0.001,,,2025-01-07 06:34:07,2025-01-07 06:35:07
FIC6/HE.FIC6..HHZ__20250107T063636Z__20250107T063736Z.mseed,HE,FIC6,0,0,0,0,,,,,2025-01-07 06:36:36,2025-01-07 06:37:36
ALAJF/HE.ALAJF..HHZ__20250107T063752Z__20250107T063852Z.mseed,HE,ALAJF,0,0,0,0,2025-01-07 06:37:56.532000,0.002,,,2025-01-07 06:37:52,2025-01-07 06:38:52
FIC2/HE.FIC2..HHZ__20250107T065156Z__20250107T065256Z.mseed,HE,FIC2,0,0,0,0,2025-01-07 06:52:00.460000,0.002,,,2025-01-07 06:51:56,2025-01-07 06:52:56
KEV/HE.KEV..HHZ__20250107T065221Z__20250107T065321Z.mseed,HE,KEV ,0,0,0,0,2025-01-07 06:52:25.570000,0.003,,,2025-01-07 06:52:21,2025-01-07 06:53:21
FIA1/HE.FIA1..HHE__20250107T070148Z__20250107T070248Z.mseed,HE,FIA1,0,0,0,0,,,,,2025-01-07 07:01:48,2025-01-07 07:02:48
FIC1/HE.FIC1..HHE__20250107T070930Z__20250107T071030Z.mseed,HE,FIC1,0,0,0,0,2025-01-07 07:09:35.030000,0.019,,,2025-01-07 07:09:30,2025-01-07 07:10:30
RUF/HE.RUF..HHZ__20250107T071015Z__20250107T071115Z.mseed,HE,RUF ,0,0,0,0,2025-01-07 07:10:19.336000,0.002,,,2025-01-07 07:10:15,2025-01-07 07:11:15
SUF/HE.SUF..HHN__20250107T073000Z__20250107T073100Z.mseed,HE,SUF ,0,0,0,0,,,,,2025-01-07 07:30:00,2025-01-07 07:31:00
TRE03/HE.TRE03..CHE__20250107T073606Z__20250107T073706Z.mseed,HE,TRE03,0,0,0,0,2025-01-07 07:36:10.588000,0.003,,,2025-01-07 07:36:06,2025-01-07 07:37:06
KLF/FN.KLF..HHE__20250107T074216Z__20250107T074316Z.mseed,FN,KLF ,0,0,0,0,2025-01-07 07:42:20.880000,0.002,,,2025-01-07 07:42:16,2025-01-07 07:43:16
KUNI/HE.KUNI..HHN__20250107T074548Z__20250107T074648Z.mseed,HE,KUNI,0,0,0,0,,,,,2025-01-07 07:45:48,2025-01-07 07:46:48
LAUT/HE.LAUT..HHN__20250107T075217Z__20250107T075317Z.mseed,HE,LAUT,0,0,0,0,,,,,2025-01-07 07:52:17,2025-01-07 07:53:17
KLF/FN.KLF..HHN__20250107T080845Z__20250107T080945Z.mseed,FN,KLF ,0,0,0,0,2025-01-07 08:08:49.280000,0.001,,,2025-01-07 08:08:45,2025-01-07 08:09:45
RAJF/FN.RAJF..BHE__20250107T082028Z__20250107T082128Z.mseed,FN,RAJF,0,0,0,0,2025-01-07 08:20:32.380000,0.01,,,2025-01-07 08:20:28,2025-01-07 08:21:28
AAL/UP.AAL..HHZ__20250107T082332Z__20250107T082432Z.mseed,UP,AAL ,0,0,0,0,,,,,2025-01-07 08:23:32,2025-01-07 08:24:32
KY17/HE.KY17..CHN__20250107T083149Z__20250107T083249Z.mseed,HE,KY17,0,0,0,0,,,,,2025-01-07 08:31:49,2025-01-07 08:32:49
FIC2/HE.FIC2..HHE__20250107T083419Z__20250107T083519Z.mseed,HE,FIC2,0,0,0,0,2025-01-07 08:34:23.690000,0.01,,,2025-01-07 08:34:19,2025-01-07 08:35:19
KPF/HE.KPF..HHE__20250107T083710Z__20250107T083810Z.mseed,HE,KPF ,0,0,0,0,2025-01-07 08:37:14.636000,0.072,,,2025-01-07 08:37:10,2025-01-07 08:38:10
FIB4/HE.FIB4..HHE__20250107T084026Z__20250107T084126Z.mseed,HE,FIB4,0,0,0,0,2025-01-07 08:40:30.050000,0.017,,,2025-01-07 08:40:26,2025-01-07 08:41:26
HEL1/HE.HEL1..HHZ__20250107T084057Z__20250107T084157Z.mseed,HE,HEL1,0,0,0,0,,,,,2025-01-07 08:40:57,2025-01-07 08:41:57
OUF/HE.OUF..HHN__20250107T084153Z__20250107T084253Z.mseed,HE,OUF ,0,0,0,0,2025-01-07 08:41:57.010000,0.14,2025-01-07 08:42:11.450000,0.632,2025-01-07 08:41:53,2025-01-07 08:42:53
KEV/HE.KEV..HHZ__20250107T084204Z__20250107T084304Z.mseed,HE,KEV ,0,0,0,0,2025-01-07 08:42:08.430000,0.033,,,2025-01-07 08:42:04,2025-01-07 08:43:04
KAF/HE.KAF..HHN__20250107T084250Z__20250107T084350Z.mseed,HE,KAF ,0,0,0,0,,,,,2025-01-07 08:42:50,2025-01-07 08:43:50
ECKF/HE.ECKF..CHZ__20250107T084340Z__20250107T084440Z.mseed,HE,ECKF,0,0,0,0,,,,,2025-01-07 08:43:40,2025-01-07 08:44:40
HEL5/HE.HEL5..HHE__20250107T085138Z__20250107T085238Z.mseed,HE,HEL5,0,0,0,0,,,,,2025-01-07 08:51:38,2025-01-07 08:52:38
RSUO/HE.RSUO..HHE__20250107T085218Z__20250107T085318Z.mseed,HE,RSUO,0,0,0,0,,,,,2025-01-07 08:52:18,2025-01-07 08:53:18
FIA1/HE.FIA1..HHZ__20250107T085637Z__20250107T085737Z.mseed,HE,FIA1,0,0,0,0,2025-01-07 08:56:41.760000,0.002,,,2025-01-07 08:56:37,2025-01-07 08:57:37
RUF/HE.RUF..HHZ__20250107T090117Z__20250107T090217Z.mseed,HE,RUF ,0,0,0,0,,,,,2025-01-07 09:01:17,2025-01-07 09:02:17
KU2/HE.KU2..SHE__20250107T090504Z__20250107T090604Z.mseed,HE,KU2 ,0,0,0,0,,,,,2025-01-07 09:05:04,2025-01-07 09:06:04
VUOS/HE.VUOS..HHZ__20250107T092824Z__20250107T092924Z.mseed,HE,VUOS,0,0,0,0,,,,,2025-01-07 09:28:24,2025-01-07 09:29:24
VJF/HE.VJF..HHN__20250107T093651Z__20250107T093751Z.mseed,HE,VJF ,0,0,0,0,,,,,2025-01-07 09:36:51,2025-01-07 09:37:51
LAUT/HE.LAUT..HHE__20250107T093716Z__20250107T093816Z.mseed,HE,LAUT,0,0,0,0,,,,,2025-01-07 09:37:16,2025-01-07 09:38:16
RMF/HE.RMF..HHN__20250107T094542Z__20250107T094642Z.mseed,HE,RMF ,0,0,0,0,2025-01-07 09:45:46.968000,0.001,,,2025-01-07 09:45:42,2025-01-07 09:46:42
NIF/HE.NIF..HHN__20250107T094640Z__20250107T094740Z.mseed,HE,NIF ,0,0,0,0,,,,,2025-01-07 09:46:40,2025-01-07 09:47:40
KEF/HE.KEF..HHZ__20250107T095715Z__20250107T095815Z.mseed,HE,KEF ,0,0,0,0,,,,,2025-01-07 09:57:15,2025-01-07 09:58:15
VUOS/HE.VUOS..HHZ__20250107T100013Z__20250107T100113Z.mseed,HE,VUOS,0,0,0,0,,,,,2025-01-07 10:00:13,2025-01-07 10:01:13
KEV/HE.KEV..HHZ__20250107T100716Z__20250107T100816Z.mseed,HE,KEV ,0,0,0,0,2025-01-07 10:07:18.240000,0.001,,,2025-01-07 10:07:16,2025-01-07 10:08:16
HEL5/HE.HEL5..HHN__20250107T101909Z__20250107T102009Z.mseed,HE,HEL5,0,0,0,0,,,,,2025-01-07 10:19:09,2025-01-07 10:20:09
RUF/HE.RUF..HHN__20250107T102314Z__20250107T102414Z.mseed,HE,RUF ,0,0,0,0,2025-01-07 10:23:18.652000,0.005,,,2025-01-07 10:23:14,2025-01-07 10:24:14
RMF/HE.RMF..HHE__20250107T102925Z__20250107T103025Z.mseed,HE,RMF ,0,0,0,0,,,,,2025-01-07 10:29:25,2025-01-07 10:30:25
OUF/HE.OUF..HHZ__20250107T103220Z__20250107T103320Z.mseed,HE,OUF ,0,0,0,0,,,,,2025-01-07 10:32:20,2025-01-07 10:33:20
KMNF/FN.KMNF..HHE__20250107T104302Z__20250107T104402Z.mseed,FN,KMNF,0,0,0,0,,,,,2025-01-07 10:43:02,2025-01-07 10:44:02
VAF/HE.VAF..HHE__20250107T105021Z__20250107T105121Z.mseed,HE,VAF ,0,0,0,0,2025-01-07 10:50:25.850000,0.015,,,2025-01-07 10:50:21,2025-01-07 10:51:21
FIA0/HE.FIA0..HHZ__20250107T110527Z__20250107T110627Z.mseed,HE,FIA0,0,0,0,0,,,,,2025-01-07 11:05:27,2025-01-07 11:06:27
KU6/HE.KU6..HHE__20250107T111802Z__20250107T111902Z.mseed,HE,KU6 ,0,0,0,0,2025-01-07 11:18:06.900000,0.017,,,2025-01-07 11:18:02,2025-01-07 11:19:02
FIC6/HE.FIC6..HHN__20250107T112754Z__20250107T112854Z.mseed,HE,FIC6,0,0,0,0,2025-01-07 11:27:58.410000,0.001,,,2025-01-07 11:27:54,2025-01-07 11:28:54
OLKF/FN.OLKF..BHE__20250107T114436Z__20250107T114536Z.mseed,FN,OLKF,0,0,0,0,,,,,2025-01-07 11:44:36,2025-01-07 11:45:36
FIB6/HE.FIB6..HHZ__20250107T120014Z__20250107T120114Z.mseed,HE,FIB6,0,0,0,0,2025-01-07 12:00:18.660000,0.003,,,2025-01-07 12:00:14,2025-01-07 12:01:14
VUOS/HE.VUOS..HHE__20250107T120453Z__20250107T120553Z.mseed,HE,VUOS,0,0,0,0,,,,,2025-01-07 12:04:53,2025-01-07 12:05:53
JOF/HE.JOF..HHN__20250107T120511Z__20250107T120611Z.mseed,HE,JOF ,0,0,0,0,,,,,2025-01-07 12:05:11,2025-01-07 12:06:11
LOVF/HE.LOVF..CHE__20250107T120604Z__20250107T120704Z.mseed,HE,LOVF,0,0,0,0,2025-01-07 12:06:08,0.027,,,2025-01-07 12:06:04,2025-01-07 12:07:04
LAUT/HE.LAUT..HHE__20250107T121237Z__20250107T121337Z.mseed,HE,LAUT,0,0,0,0,,,,,2025-01-07 12:12:37,2025-01-07 12:13:37
FIC5/HE.FIC5..HHZ__20250107T121545Z__20250107T121645Z.mseed,HE,FIC5,0,0,0,0,2025-01-07 12:15:49.550000,0.001,,,2025-01-07 12:15:45,2025-01-07 12:16:45
FIB5/HE.FIB5..HHZ__20250107T122139Z__20250107T122239Z.mseed,HE,FIB5,0,0,0,0,,,,,2025-01-07 12:21:39,2025-01-07 12:22:39
LOVF/HE.LOVF..CHE__20250107T122227Z__20250107T122327Z.mseed,HE,LOVF,0,0,0,0,,,,,2025-01-07 12:22:27,2025-01-07 12:23:27
FIB4/HE.FIB4..HHN__20250107T122519Z__20250107T122619Z.mseed,HE,FIB4,0,0,0,0,2025-01-07 12:25:23.680000,0.002,,,2025-01-07 12:25:19,2025-01-07 12:26:19
KY02/HE.KY02..CHE__20250107T124913Z__20250107T125013Z.mseed,HE,KY02,0,0,0,0,,,,,2025-01-07 12:49:13,2025-01-07 12:50:13
RAJF/FN.RAJF..BHN__20250107T130834Z__20250107T130934Z.mseed,FN,RAJF,0,0,0,0,2025-01-07 13:08:38.180000,0.063,,,2025-01-07 13:08:34,2025-01-07 13:09:34
VJF/HE.VJF..HHN__20250107T133108Z__20250107T133208Z.mseed,HE,VJF ,0,0,0,0,,,,,2025-01-07 13:31:08,2025-01-07 13:32:08
FIB6/HE.FIB6..HHE__20250107T134034Z__20250107T134134Z.mseed,HE,FIB6,0,0,0,0,,,,,2025-01-07 13:40:34,2025-01-07 13:41:34
RAJF/FN.RAJF..HHN__20250107T134258Z__20250107T134358Z.mseed,FN,RAJF,0,0,0,0,2025-01-07 13:43:02.050000,0.016,,,2025-01-07 13:42:58,2025-01-07 13:43:58
OBF3/HE.OBF3..HHE__20250107T140417Z__20250107T140517Z.mseed,HE,OBF3,0,0,0,0,,,,,2025-01-07 14:04:17,2025-01-07 14:05:17
HEF/HE.HEF..HHN__20250107T142343Z__20250107T142443Z.mseed,HE,HEF ,0,0,0,0,2025-01-07 14:23:47.300000,0.011,,,2025-01-07 14:23:43,2025-01-07 14:24:43
OBF3/HE.OBF3..HHZ__20250107T142416Z__20250107T142516Z.mseed,HE,OBF3,0,0,0,0,2025-01-07 14:24:20.596000,0.004,,,2025-01-07 14:24:16,2025-01-07 14:25:16
TOF/HE.TOF..HHN__20250107T142802Z__20250107T142902Z.mseed,HE,TOF ,0,0,0,0,2025-01-07 14:28:06.670000,0.045,,,2025-01-07 14:28:02,2025-01-07 14:29:02
FIC3/HE.FIC3..HHE__20250107T143908Z__20250107T144008Z.mseed,HE,FIC3,0,0,0,0,,,,,2025-01-07 14:39:08,2025-01-07 14:40:08
KORF/HE.KORF..CHE__20250107T144133Z__20250107T144233Z.mseed,HE,KORF,0,0,0,0,,,,,2025-01-07 14:41:33,2025-01-07 14:42:33
KMNF/FN.KMNF..HHN__20250107T144154Z__20250107T144254Z.mseed,FN,KMNF,0,0,0,0,2025-01-07 14:41:58.580000,0.019,,,2025-01-07 14:41:54,2025-01-07 14:42:54
KLF/FN.KLF..BHZ__20250107T145310Z__20250107T145410Z.mseed,FN,KLF ,0,0,0,0,,,,,2025-01-07 14:53:10,2025-01-07 14:54:10
FIC4/HE.FIC4..HHE__20250107T145951Z__20250107T150051Z.mseed,HE,FIC4,0,0,0,0,2025-01-07 14:59:55.850000,0.009,,,2025-01-07 14:59:51,2025-01-07 15:00:51
OBF8/HE.OBF8..HHN__20250107T150137Z__20250107T150237Z.mseed,HE,OBF8,0,0,0,0,,,,,2025-01-07 15:01:37,2025-01-07 15:02:37
KU1/HE.KU1..SHN__20250107T152758Z__20250107T152858Z.mseed,HE,KU1 ,0,0,0,0,,,,,2025-01-07 15:27:58,2025-01-07 15:28:58
FIA0/HE.FIA0..HHN__20250107T153059Z__20250107T153159Z.mseed,HE,FIA0,0,0,0,0,2025-01-07 15:31:03.390000,0.002,,,2025-01-07 15:30:59,2025-01-07 15:31:59
HEL2/HE.HEL2..HHE__20250107T153821Z__20250107T153921Z.mseed,HE,HEL2,0,0,0,0,,,,,2025-01-07 15:38:21,2025-01-07 15:39:21
FIA0/HE.FIA0..HHN__20250107T155558Z__20250107T155658Z.mseed,HE,FIA0,0,0,0,0,2025-01-07 15:56:02.020000,0.003,,,2025-01-07 15:55:58,2025-01-07 15:56:58
KEV/HE.KEV..HHN__20250107T155717Z__20250107T155817Z.mseed,HE,KEV ,0,0,0,0,2025-01-07 15:57:21.590000,0.018,,,2025-01-07 15:57:17,2025-01-07 15:58:17
FIC2/HE.FIC2..HHZ__20250107T160410Z__20250107T160510Z.mseed,HE,FIC2,0,0,0,0,,,,,2025-01-07 16:04:10,2025-01-07 16:05:10
FIC3/HE.FIC3..HHN__20250107T160451Z__20250107T160551Z.mseed,HE,FIC3,0,0,0,0,,,,,2025-01-07 16:04:51,2025-01-07 16:05:51
KEF/HE.KEF..HHE__20250107T161453Z__20250107T161553Z.mseed,HE,KEF ,0,0,0,0,2025-01-07 16:14:57.910000,0.005,,,2025-01-07 16:14:53,2025-01-07 16:15:53
FIB4/HE.FIB4..HHN__20250107T162348Z__20250107T162448Z.mseed,HE,FIB4,0,0,0,0,2025-01-07 16:23:52.930000,0.001,,,2025-01-07 16:23:48,2025-01-07 16:24:48
KPF/HE.KPF..HHN__20250107T163341Z__20250107T163441Z.mseed,HE,KPF ,0,0,0,0,2025-01-07 16:33:45.496000,0.001,,,2025-01-07 16:33:41,2025-01-07 16:34:41
FIB2/HE.FIB2..HHE__20250107T164733Z__20250107T164833Z.mseed,HE,FIB2,0,0,0,0,,,,,2025-01-07 16:47:33,2025-01-07 16:48:33
JOF/HE.JOF..HHZ__20250107T165535Z__20250107T165635Z.mseed,HE,JOF ,0,0,0,0,,,,,2025-01-07 16:55:35,2025-01-07 16:56:35
OUF/HE.OUF..HHE__20250107T165540Z__20250107T165640Z.mseed,HE,OUF ,0,0,0,0,2025-01-07 16:55:44.770000,0.029,,,2025-01-07 16:55:40,2025-01-07 16:56:40
KPF/HE.KPF..HHZ__20250107T165910Z__20250107T170010Z.mseed,HE,KPF ,0,0,0,0,,,,,2025-01-07 16:59:10,2025-01-07 17:00:10
OBF3/HE.OBF3..HHE__20250107T170207Z__20250107T170307Z.mseed,HE,OBF3,0,0,0,0,2025-01-07 17:02:12.064000,0.003,,,2025-01-07 17:02:07,2025-01-07 17:03:07
RSUO/HE.RSUO..HHN__20250107T170319Z__20250107T170419Z.mseed,HE,RSUO,0,0,0,0,,,,,2025-01-07 17:03:19,2025-01-07 17:04:19
NIF/HE.NIF..HHN__20250107T170613Z__20250107T170713Z.mseed,HE,NIF ,0,0,0,0,2025-01-07 17:06:18.020000,0.002,,,2025-01-07 17:06:13,2025-01-07 17:07:13
HEL1/HE.HEL1..HHE__20250107T172011Z__20250107T172111Z.mseed,HE,HEL1,0,0,0,0,,,,,2025-01-07 17:20:11,2025-01-07 17:21:11
NUR/HE.NUR..HHZ__20250107T172232Z__20250107T172332Z.mseed,HE,NUR ,0,0,0,0,2025-01-07 17:22:36.380000,0.001,,,2025-01-07 17:22:32,2025-01-07 17:23:32
HEL1/HE.HEL1..HHZ__20250107T173226Z__20250107T173326Z.mseed,HE,HEL1,0,0,0,0,,,,,2025-01-07 17:32:26,2025-01-07 17:33:26
OLKF/FN.OLKF..BHZ__20250107T174343Z__20250107T174443Z.mseed,FN,OLKF,0,0,0,0,,,,,2025-01-07 17:43:43,2025-01-07 17:44:43
RMF/HE.RMF..HHE__20250107T174456Z__20250107T174556Z.mseed,HE,RMF ,0,0,0,0,,,,,2025-01-07 17:44:56,2025-01-07 17:45:56
OLKF/FN.OLKF..BHE__20250107T175342Z__20250107T175442Z.mseed,FN,OLKF,0,0,0,0,,,,,2025-01-07 17:53:42,2025-01-07 17:54:42
LOVF/HE.LOVF..CHZ__20250107T180517Z__20250107T180617Z.mseed,HE,LOVF,0,0,0,0,,,,,2025-01-07 18:05:17,2025-01-07 18:06:17
ECKF/HE.ECKF..CHZ__20250107T180925Z__20250107T181025Z.mseed,HE,ECKF,0,0,0,0,,,,,2025-01-07 18:09:25,2025-01-07 18:10:25
KMNF/FN.KMNF..HHE__20250107T181415Z__20250107T181515Z.mseed,FN,KMNF,0,0,0,0,2025-01-07 18:14:19.580000,0.007,,,2025-01-07 18:14:15,2025-01-07 18:15:15
OLKF/FN.OLKF..BHZ__20250107T181715Z__20250107T181815Z.mseed,FN,OLKF,0,0,0,0,,,,,2025-01-07 18:17:15,2025-01-07 18:18:15
FIC5/HE.FIC5..HHE__20250107T181846Z__20250107T181946Z.mseed,HE,FIC5,0,0,0,0,,,,,2025-01-07 18:18:46,2025-01-07 18:19:46
OBF0/HE.OBF0..HHZ__20250107T182512Z__20250107T182612Z.mseed,HE,OBF0,0,0,0,0,2025-01-07 18:25:16.340000,0.003,,,2025-01-07 18:25:12,2025-01-07 18:26:12
FIB1/HE.FIB1..HHZ__20250107T184014Z__20250107T184114Z.mseed,HE,FIB1,0,0,0,0,2025-01-07 18:40:18.499999,0.08,,,2025-01-07 18:40:14,2025-01-07 18:41:14
PVF/HE.PVF..CHE__20250107T185718Z__20250107T185818Z.mseed,HE,PVF ,0,0,0,0,2025-01-07 18:57:22.412000,0.002,,,2025-01-07 18:57:18,2025-01-07 18:58:18
KY17/HE.KY17..CHN__20250107T190112Z__20250107T190212Z.mseed,HE,KY17,0,0,0,0,,,,,2025-01-07 19:01:12,2025-01-07 19:02:12
KY02/HE.KY02..CHN__20250107T191010Z__20250107T191110Z.mseed,HE,KY02,0,0,0,0,,,,,2025-01-07 19:10:10,2025-01-07 19:11:10
AAL/UP.AAL..HHZ__20250107T191728Z__20250107T191828Z.mseed,UP,AAL ,0,0,0,0,2025-01-07 19:17:32.870000,0.002,,,2025-01-07 19:17:28,2025-01-07 19:18:28
VJF/HE.VJF..HHE__20250107T192654Z__20250107T192754Z.mseed,HE,VJF ,0,0,0,0,,,,,2025-01-07 19:26:54,2025-01-07 19:27:54
RUF/HE.RUF..HHN__20250107T192901Z__20250107T193001Z.mseed,HE,RUF ,0,0,0,0,,,,,2025-01-07 19:29:01,2025-01-07 19:30:01
KPF/HE.KPF..HHN__20250107T192902Z__20250107T193002Z.mseed,HE,KPF ,0,0,0,0,2025-01-07 19:29:06.808000,0.01,,,2025-01-07 19:29:02,2025-01-07 19:30:02
KEF/HE.KEF..HHE__20250107T192933Z__20250107T193033Z.mseed,HE,KEF ,0,0,0,0,,,,,2025-01-07 19:29:33,2025-01-07 19:30:33
JOF/HE.JOF..HHE__20250107T193208Z__20250107T193308Z.mseed,HE,JOF ,0,0,0,0,2025-01-07 19:32:12.260000,0.002,,,2025-01-07 19:32:08,2025-01-07 19:33:08
FIA1/HE.FIA1..HHE__20250107T193625Z__20250107T193725Z.mseed,HE,FIA1,0,0,0,0,2025-01-07 19:36:29.110000,0.003,,,2025-01-07 19:36:25,2025-01-07 19:37:25
NIF/HE.NIF..HHZ__20250107T193713Z__20250107T193813Z.mseed,HE,NIF ,0,0,0,0,2025-01-07 19:37:17.460000,0.018,,,2025-01-07 19:37:13,2025-01-07 19:38:13
KEV/HE.KEV..HHE__20250107T195805Z__20250107T195905Z.mseed,HE,KEV ,0,0,0,0,,,,,2025-01-07 19:58:05,2025-01-07 19:59:05
OBF0/HE.OBF0..HHN__20250107T200120Z__20250107T200220Z.mseed,HE,OBF0,0,0,0,0,,,,,2025-01-07 20:01:20,2025-01-07 20:02:20
KU2/HE.KU2..SHN__20250107T200153Z__20250107T200253Z.mseed,HE,KU2 ,0,0,0,0,,,,,2025-01-07 20:01:53,2025-01-07 20:02:53
OBF0/HE.OBF0..SHZ__20250107T200728Z__20250107T200828Z.mseed,HE,OBF0,0,0,0,0,2025-01-07 20:07:32.976000,0.168,,,2025-01-07 20:07:28,2025-01-07 20:08:28
KMNF/FN.KMNF..HHE__20250107T200926Z__20250107T201026Z.mseed,FN,KMNF,0,0,0,0,,,,,2025-01-07 20:09:26,2025-01-07 20:10:26
VJF/HE.VJF..HHZ__20250107T201049Z__20250107T201149Z.mseed,HE,VJF ,0,0,0,0,,,,,2025-01-07 20:10:49,2025-01-07 20:11:49
TRE03/HE.TRE03..CHN__20250107T201711Z__20250107T201811Z.mseed,HE,TRE03,0,0,0,0,2025-01-07 20:17:15.332000,0.01,,,2025-01-07 20:17:11,2025-01-07 20:18:11
FIC2/HE.FIC2..HHE__20250107T203602Z__20250107T203702Z.mseed,HE,FIC2,0,0,0,0,,,,,2025-01-07 20:36:02,2025-01-07 20:37:02
VAF/HE.VAF..HHE__20250107T204806Z__20250107T204906Z.mseed,HE,VAF ,0,0,0,0,2025-01-07 20:48:10.210000,0.025,,,2025-01-07 20:48:06,2025-01-07 20:49:06
KY17/HE.KY17..CHN__20250107T210201Z__20250107T210301Z.mseed,HE,KY17,0,0,0,0,,,,,2025-01-07 21:02:01,2025-01-07 21:03:01
KU2/HE.KU2..SHZ__20250107T210257Z__20250107T210357Z.mseed,HE,KU2 ,0,0,0,0,,,,,2025-01-07 21:02:57,2025-01-07 21:03:57
KEV/HE.KEV..HHZ__20250107T210321Z__20250107T210421Z.mseed,HE,KEV ,0,0,0,0,,,,,2025-01-07 21:03:21,2025-01-07 21:04:21
TVF/HE.TVF..HHN__20250107T210713Z__20250107T210813Z.mseed,HE,TVF ,0,0,0,0,,,,,2025-01-07 21:07:13,2025-01-07 21:08:13
AAL/UP.AAL..HHE__20250107T210940Z__20250107T211040Z.mseed,UP,AAL ,0,0,0,0,2025-01-07 21:09:44.440000,0.001,,,2025-01-07 21:09:40,2025-01-07 21:10:40
KMNF/FN.KMNF..HHN__20250107T213228Z__20250107T213328Z.mseed,FN,KMNF,0,0,0,0,2025-01-07 21:32:32.310000,0.037,,,2025-01-07 21:32:28,2025-01-07 21:33:28
FIC6/HE.FIC6..HHE__20250107T213335Z__20250107T213435Z.mseed,HE,FIC6,0,0,0,0,,,,,2025-01-07 21:33:35,2025-01-07 21:34:35
RAF/HE.RAF..HHN__20250107T214352Z__20250107T214452Z.mseed,HE,RAF ,0,0,0,0,,,,,2025-01-07 21:43:52,2025-01-07 21:44:52
FIC6/HE.FIC6..HHE__20250107T215202Z__20250107T215302Z.mseed,HE,FIC6,0,0,0,0,2025-01-07 21:52:06.780000,0.003,,,2025-01-07 21:52:02,2025-01-07 21:53:02
RAF/HE.RAF..HHZ__20250107T215344Z__20250107T215444Z.mseed,HE,RAF ,0,0,0,0,2025-01-07 21:53:48.480000,0.004,,,2025-01-07 21:53:44,2025-01-07 21:54:44
KIF/HE.KIF..HHN__20250107T220543Z__20250107T220643Z.mseed,HE,KIF ,0,0,0,0,,,,,2025-01-07 22:05:43,2025-01-07 22:06:43
KU6/HE.KU6..HHZ__20250107T221107Z__20250107T221207Z.mseed,HE,KU6 ,0,0,0,0,2025-01-07 22:11:11.820000,0.017,,,2025-01-07 22:11:07,2025-01-07 22:12:07
FIB1/HE.FIB1..HHZ__20250107T221315Z__20250107T221415Z.mseed,HE,FIB1,0,0,0,0,,,,,2025-01-07 22:13:15,2025-01-07 22:14:15
TOF/HE.TOF..HHN__20250107T221931Z__20250107T222031Z.mseed,HE,TOF ,0,0,0,0,2025-01-07 22:19:35.680000,0.173,,,2025-01-07 22:19:31,2025-01-07 22:20:31
KU2/HE.KU2..SHE__20250107T222232Z__20250107T222332Z.mseed,HE,KU2 ,0,0,0,0,,,,,2025-01-07 22:22:32,2025-01-07 22:23:32
HEL5/HE.HEL5..HHZ__20250107T224558Z__20250107T224658Z.mseed,HE,HEL5,0,0,0,0,,,,,2025-01-07 22:45:58,2025-01-07 22:46:58
TVF/HE.TVF..HHE__20250107T224621Z__20250107T224721Z.mseed,HE,TVF ,0,0,0,0,,,,,2025-01-07 22:46:21,2025-01-07 22:47:21
VUOS/HE.VUOS..HHN__20250107T224739Z__20250107T224839Z.mseed,HE,VUOS,0,0,0,0,,,,,2025-01-07 22:47:39,2025-01-07 22:48:39
KAF/HE.KAF..HHZ__20250107T225331Z__20250107T225431Z.mseed,HE,KAF ,0,0,0,0,2025-01-07 22:53:35.260000,0.012,,,2025-01-07 22:53:31,2025-01-07 22:54:31
KU1/HE.KU1..SHN__20250107T231318Z__20250107T231418Z.mseed,HE,KU1 ,0,0,0,0,,,,,2025-01-07 23:13:18,2025-01-07 23:14:18
RUF/HE.RUF..HHN__20250107T234046Z__20250107T234146Z.mseed,HE,RUF ,0,0,0,0,,,,,2025-01-07 23:40:46,2025-01-07 23:41:46
KY02/HE.KY02..CHE__20250107T234530Z__20250107T234630Z.mseed,HE,KY02,0,0,0,0,,,,,2025-01-07 23:45:30,2025-01-07 23:46:30
AAL/UP.AAL..HHZ__20250107T234746Z__20250107T234846Z.mseed,UP,AAL ,0,0,0,0,2025-01-07 23:47:50.240000,0.002,,,2025-01-07 23:47:46,2025-01-07 23:48:46
KU2/HE.KU2..SHZ__20250108T000402Z__20250108T000502Z.mseed,HE,KU2 ,0,0,0,0,,,,,2025-01-08 00:04:02,2025-01-08 00:05:02
RUF/HE.RUF..HHZ__20250108T001440Z__20250108T001540Z.mseed,HE,RUF ,0,0,0,0,2025-01-08 00:14:44.284000,0.003,,,2025-01-08 00:14:40,2025-01-08 00:15:40
KEF/HE.KEF..HHN__20250108T001745Z__20250108T001845Z.mseed,HE,KEF ,0,0,0,0,2025-01-08 00:17:49.690000,0.021,,,2025-01-08 00:17:45,2025-01-08 00:18:45
FIC6/HE.FIC6..HHE__20250108T002836Z__20250108T002936Z.mseed,HE,FIC6,0,0,0,0,,,,,2025-01-08 00:28:36,2025-01-08 00:29:36
FIC6/HE.FIC6..HHE__20250108T003223Z__20250108T003323Z.mseed,HE,FIC6,0,0,0,0,2025-01-08 00:32:27.340000,0.005,,,2025-01-08 00:32:23,2025-01-08 00:33:23
KEF/HE.KEF..HHE__20250108T004135Z__20250108T004235Z.mseed,HE,KEF ,0,0,0,0,2025-01-08 00:41:39.330000,0.001,,,2025-01-08 00:41:35,2025-01-08 00:42:35
KLF/FN.KLF..BHE__20250108T004231Z__20250108T004331Z.mseed,FN,KLF ,0,0,0,0,2025-01-08 00:42:36.030000,0.001,,,2025-01-08 00:42:31,2025-01-08 00:43:31
KORF/HE.KORF..CHZ__20250108T011133Z__20250108T011233Z.mseed,HE,KORF,0,0,0,0,,,,,2025-01-08 01:11:33,2025-01-08 01:12:33
SUF/HE.SUF..HHZ__20250108T013117Z__20250108T013217Z.mseed,HE,SUF ,0,0,0,0,,,,,2025-01-08 01:31:17,2025-01-08 01:32:17
TVF/HE.TVF..HHN__20250108T014058Z__20250108T014158Z.mseed,HE,TVF ,0,0,0,0,,,,,2025-01-08 01:40:58,2025-01-08 01:41:58
FIA1/HE.FIA1..HHN__20250108T014119Z__20250108T014219Z.mseed,HE,FIA1,0,0,0,0,,,,,2025-01-08 01:41:19,2025-01-08 01:42:19
FIB2/HE.FIB2..HHZ__20250108T014702Z__20250108T014802Z.mseed,HE,FIB2,0,0,0,0,2025-01-08 01:47:06.200000,0.011,,,2025-01-08 01:47:02,2025-01-08 01:48:02
KEV/HE.KEV..HHZ__20250108T014938Z__20250108T015038Z.mseed,HE,KEV ,0,0,0,0,2025-01-08 01:49:42.090000,0.005,,,2025-01-08 01:49:38,2025-01-08 01:50:38
FIB5/HE.FIB5..HHZ__20250108T020127Z__20250108T020227Z.mseed,HE,FIB5,0,0,0,0,2025-01-08 02:01:31.780000,0.005,,,2025-01-08 02:01:27,2025-01-08 02:02:27
FIC4/HE.FIC4..HHN__20250108T020202Z__20250108T020302Z.mseed,HE,FIC4,0,0,0,0,2025-01-08 02:02:06.990000,0.003,,,2025-01-08 02:02:02,2025-01-08 02:03:02
OLKF/FN.OLKF..BHZ__20250108T021228Z__20250108T021328Z.mseed,FN,OLKF,0,0,0,0,,,,,2025-01-08 02:12:28,2025-01-08 02:13:28
RMF/HE.RMF..HHN__20250108T021928Z__20250108T022028Z.mseed,HE,RMF ,0,0,0,0,,,,,2025-01-08 02:19:28,2025-01-08 02:20:28
KU6/HE.KU6..HHN__20250108T023058Z__20250108T023158Z.mseed,HE,KU6 ,0,0,0,0,2025-01-08 02:31:02.860000,0.008,,,2025-01-08 02:30:58,2025-01-08 02:31:58
RUF/HE.RUF..HHZ__20250108T023526Z__20250108T023626Z.mseed,HE,RUF ,0,0,0,0,2025-01-08 02:35:30.752000,0.009,,,2025-01-08 02:35:26,2025-01-08 02:36:26
HEL1/HE.HEL1..HHZ__20250108T023831Z__20250108T023931Z.mseed,HE,HEL1,0,0,0,0,2025-01-08 02:38:35.680000,0.042,,,2025-01-08 02:38:31,2025-01-08 02:39:31
KUNI/HE.KUNI..HHE__20250108T024045Z__20250108T024145Z.mseed,HE,KUNI,0,0,0,0,,,,,2025-01-08 02:40:45,2025-01-08 02:41:45
FIB5/HE.FIB5..HHE__20250108T024805Z__20250108T024905Z.mseed,HE,FIB5,0,0,0,0,2025-01-08 02:48:09.220000,0.001,,,2025-01-08 02:48:05,2025-01-08 02:49:05
KU2/HE.KU2..SHE__20250108T025822Z__20250108T025922Z.mseed,HE,KU2 ,0,0,0,0,2025-01-08 02:58:26.686000,0.032,,,2025-01-08 02:58:22,2025-01-08 02:59:22
VAF/HE.VAF..HHZ__20250108T030050Z__20250108T030150Z.mseed,HE,VAF ,0,0,0,0,2025-01-08 03:00:54.110000,0.002,,,2025-01-08 03:00:50,2025-01-08 03:01:50
KU6/HE.KU6..HHZ__20250108T031027Z__20250108T031127Z.mseed,HE,KU6 ,0,0,0,0,2025-01-08 03:10:31.370000,0.008,,,2025-01-08 03:10:27,2025-01-08 03:11:27
HEL2/HE.HEL2..HHZ__20250108T031331Z__20250108T031431Z.mseed,HE,HEL2,0,0,0,0,,,,,2025-01-08 03:13:31,2025-01-08 03:14:31
TRE03/HE.TRE03..CHZ__20250108T031701Z__20250108T031801Z.mseed,HE,TRE03,0,0,0,0,2025-01-08 03:17:05.296000,0.002,,,2025-01-08 03:17:01,2025-01-08 03:18:01
HEL2/HE.HEL2..HHE__20250108T032719Z__20250108T032819Z.mseed,HE,HEL2,0,0,0,0,,,,,2025-01-08 03:27:19,2025-01-08 03:28:19
OUF/HE.OUF..HHN__20250108T034045Z__20250108T034145Z.mseed,HE,OUF ,0,0,0,0,2025-01-08 03:40:49.100000,0.004,,,2025-01-08 03:40:45,2025-01-08 03:41:45
FIC3/HE.FIC3..HHN__20250108T034422Z__20250108T034522Z.mseed,HE,FIC3,0,0,0,0,,,,,2025-01-08 03:44:22,2025-01-08 03:45:22
RSUO/HE.RSUO..HHE__20250108T034645Z__20250108T034745Z.mseed,HE,RSUO,0,0,0,0,,,,,2025-01-08 03:46:45,2025-01-08 03:47:45
FIA1/HE.FIA1..HHN__20250108T034804Z__20250108T034904Z.mseed,HE,FIA1,0,0,0,0,2025-01-08 03:48:08.330000,0.17,,,2025-01-08 03:48:04,2025-01-08 03:49:04
FIB3/HE.FIB3..HHN__20250108T040717Z__20250108T040817Z.mseed,HE,FIB3,0,0,0,0,,,,,2025-01-08 04:07:17,2025-01-08 04:08:17
FIC5/HE.FIC5..HHE__20250108T041333Z__20250108T041433Z.mseed,HE,FIC5,0,0,0,0,2025-01-08 04:13:37.270000,0.006,,,2025-01-08 04:13:33,2025-01-08 04:14:33
FIA1/HE.FIA1..HHN__20250108T042921Z__20250108T043021Z.mseed,HE,FIA1,0,0,0,0,,,,,2025-01-08 04:29:21,2025-01-08 04:30:21
MEF/HE.MEF..HHE__20250108T044914Z__20250108T045014Z.mseed,HE,MEF ,0,0,0,0,,,,,2025-01-08 04:49:14,2025-01-08 04:50:14
FIB6/HE.FIB6..HHZ__20250108T052534Z__20250108T052634Z.mseed,HE,FIB6,0,0,0,0,,,,,2025-01-08 05:25:34,2025-01-08 05:26:34
OBF0/HE.OBF0..SHN__20250108T052638Z__20250108T052738Z.mseed,HE,OBF0,0,0,0,0,2025-01-08 05:26:42.208000,0.009,,,2025-01-08 05:26:38,2025-01-08 05:27:38
KEV/HE.KEV..HHE__20250108T054631Z__20250108T054731Z.mseed,HE,KEV ,0,0,0,0,2025-01-08 05:46:35.770000,0.002,,,2025-01-08 05:46:31,2025-01-08 05:47:31
KU2/HE.KU2..SHZ__20250108T055312Z__20250108T055412Z.mseed,HE,KU2 ,0,0,0,0,,,,,2025-01-08 05:53:12,2025-01-08 05:54:12
KY02/HE.KY02..CHZ__20250108T062456Z__20250108T062556Z.mseed,HE,KY02,0,0,0,0,2025-01-08 06:25:00.052000,0.005,,,2025-01-08 06:24:56,2025-01-08 06:25:56
RAJF/FN.RAJF..HHE__20250108T064757Z__20250108T064857Z.mseed,FN,RAJF,0,0,0,0,2025-01-08 06:48:01.930000,0.001,,,2025-01-08 06:47:57,2025-01-08 06:48:57
PVF/HE.PVF..CHZ__20250108T064953Z__20250108T065053Z.mseed,HE,PVF ,0,0,0,0,,,,,2025-01-08 06:49:53,2025-01-08 06:50:53
FIC1/HE.FIC1..HHN__20250108T070024Z__20250108T070124Z.mseed,HE,FIC1,0,0,0,0,,,,,2025-01-08 07:00:24,2025-01-08 07:01:24
KU1/HE.KU1..SHZ__20250108T070252Z__20250108T070352Z.mseed,HE,KU1 ,0,0,0,0,,,,,2025-01-08 07:02:52,2025-01-08 07:03:52
FIA3/HE.FIA3..HHZ__20250108T070404Z__20250108T070504Z.mseed,HE,FIA3,0,0,0,0,,,,,2025-01-08 07:04:04,2025-01-08 07:05:04
KPF/HE.KPF..HHZ__20250108T072650Z__20250108T072750Z.mseed,HE,KPF ,0,0,0,0,2025-01-08 07:26:54.692000,0.014,,,2025-01-08 07:26:50,2025-01-08 07:27:50
ALAJF/HE.ALAJF..HHN__20250108T073615Z__20250108T073715Z.mseed,HE,ALAJF,0,0,0,0,2025-01-08 07:36:19.104000,0.038,,,2025-01-08 07:36:15,2025-01-08 07:37:15
VUOS/HE.VUOS..HHE__20250108T075019Z__20250108T075119Z.mseed,HE,VUOS,0,0,0,0,2025-01-08 07:50:22.220000,0.686,2025-01-08 07:50:23.460000,0.661,2025-01-08 07:50:19,2025-01-08 07:51:19
RUF/HE.RUF..HHN__20250108T075548Z__20250108T075648Z.mseed,HE,RUF ,0,0,0,0,2025-01-08 07:55:52.776000,0.001,,,2025-01-08 07:55:48,2025-01-08 07:56:48
VJF/HE.VJF..HHN__20250108T081051Z__20250108T081151Z.mseed,HE,VJF ,0,0,0,0,,,,,2025-01-08 08:10:51,2025-01-08 08:11:51
ALAJF/HE.ALAJF..HHN__20250108T083107Z__20250108T083207Z.mseed,HE,ALAJF,0,0,0,0,,,,,2025-01-08 08:31:07,2025-01-08 08:32:07
KMNF/FN.KMNF..BHZ__20250108T083940Z__20250108T084040Z.mseed,FN,KMNF,0,0,0,0,,,,,2025-01-08 08:39:40,2025-01-08 08:40:40
ALAJF/HE.ALAJF..HHN__20250108T084343Z__20250108T084443Z.mseed,HE,ALAJF,0,0,0,0,2025-01-08 08:43:47.568000,0.033,,,2025-01-08 08:43:43,2025-01-08 08:44:43
TOF/HE.TOF..HHN__20250108T084521Z__20250108T084621Z.mseed,HE,TOF ,0,0,0,0,2025-01-08 08:45:25.540000,0.002,,,2025-01-08 08:45:21,2025-01-08 08:46:21
RSUO/HE.RSUO..HHE__20250108T084814Z__20250108T084914Z.mseed,HE,RSUO,0,0,0,0,,,,,2025-01-08 08:48:14,2025-01-08 08:49:14
KY02/HE.KY02..CHZ__20250108T085838Z__20250108T085938Z.mseed,HE,KY02,0,0,0,0,,,,,2025-01-08 08:58:38,2025-01-08 08:59:38
FIC1/HE.FIC1..HHN__20250108T085857Z__20250108T085957Z.mseed,HE,FIC1,0,0,0,0,,,,,2025-01-08 08:58:57,2025-01-08 08:59:57
FIB2/HE.FIB2..HHZ__20250108T092755Z__20250108T092855Z.mseed,HE,FIB2,0,0,0,0,,,,,2025-01-08 09:27:55,2025-01-08 09:28:55
FIC4/HE.FIC4..HHZ__20250108T093019Z__20250108T093119Z.mseed,HE,FIC4,0,0,0,0,2025-01-08 09:30:23.850000,0.003,,,2025-01-08 09:30:19,2025-01-08 09:31:19
KAF/HE.KAF..HHE__20250108T094536Z__20250108T094636Z.mseed,HE,KAF ,0,0,0,0,2025-01-08 09:45:40.080000,0.01,,,2025-01-08 09:45:36,2025-01-08 09:46:36
VUOS/HE.VUOS..HHE__20250108T095116Z__20250108T095216Z.mseed,HE,VUOS,0,0,0,0,,,,,2025-01-08 09:51:16,2025-01-08 09:52:16
KUNI/HE.KUNI..HHE__20250108T095155Z__20250108T095255Z.mseed,HE,KUNI,0,0,0,0,,,,,2025-01-08 09:51:55,2025-01-08 09:52:55
HEL1/HE.HEL1..HHN__20250108T100328Z__20250108T100428Z.mseed,HE,HEL1,0,0,0,0,,,,,2025-01-08 10:03:28,2025-01-08 10:04:28
FIA1/HE.FIA1..HHN__20250108T100503Z__20250108T100603Z.mseed,HE,FIA1,0,0,0,0,,,,,2025-01-08 10:05:03,2025-01-08 10:06:03
TRE03/HE.TRE03..CHE__20250108T101523Z__20250108T101623Z.mseed,HE,TRE03,0,0,0,0,,,,,2025-01-08 10:15:23,2025-01-08 10:16:23
KU6/HE.KU6..HHE__20250108T102057Z__20250108T102157Z.mseed,HE,KU6 ,0,0,0,0,2025-01-08 10:21:01.370000,0.31,,,2025-01-08 10:20:57,2025-01-08 10:21:57
AAL/UP.AAL..HHZ__20250108T102149Z__20250108T102249Z.mseed,UP,AAL ,0,0,0,0,2025-01-08 10:21:53.120000,0.051,,,2025-01-08 10:21:49,2025-01-08 10:22:49
LAUT/HE.LAUT..HHN__20250108T102306Z__20250108T102406Z.mseed,HE,LAUT,0,0,0,0,2025-01-08 10:23:10.044000,0.116,,,2025-01-08 10:23:06,2025-01-08 10:24:06
NUR/HE.NUR..HHN__20250108T102607Z__20250108T102707Z.mseed,HE,NUR ,0,0,0,0,,,,,2025-01-08 10:26:07,2025-01-08 10:27:07
RSUO/HE.RSUO..HHN__20250108T103550Z__20250108T103650Z.mseed,HE,RSUO,0,0,0,0,,,,,2025-01-08 10:35:50,2025-01-08 10:36:50
KY17/HE.KY17..CHE__20250108T104504Z__20250108T104604Z.mseed,HE,KY17,0,0,0,0,,,,,2025-01-08 10:45:04,2025-01-08 10:46:04
VAF/HE.VAF..HHN__20250108T104713Z__20250108T104813Z.mseed,HE,VAF ,0,0,0,0,,,,,2025-01-08 10:47:13,2025-01-08 10:48:13
VJF/HE.VJF..HHZ__20250108T105113Z__20250108T105213Z.mseed,HE,VJF ,0,0,0,0,,,,,2025-01-08 10:51:13,2025-01-08 10:52:13
FIB6/HE.FIB6..HHE__20250108T105352Z__20250108T105452Z.mseed,HE,FIB6,0,0,0,0,2025-01-08 10:53:56.220000,0.046,,,2025-01-08 10:53:52,2025-01-08 10:54:52
HEL1/HE.HEL1..HHZ__20250108T105424Z__20250108T105524Z.mseed,HE,HEL1,0,0,0,0,,,,,2025-01-08 10:54:24,2025-01-08 10:55:24
FIB3/HE.FIB3..HHE__20250108T110046Z__20250108T110146Z.mseed,HE,FIB3,0,0,0,0,2025-01-08 11:00:51.450000,0.002,,,2025-01-08 11:00:46,2025-01-08 11:01:46
FIC4/HE.FIC4..HHN__20250108T111446Z__20250108T111546Z.mseed,HE,FIC4,0,0,0,0,2025-01-08 11:14:50.620000,0.005,,,2025-01-08 11:14:46,2025-01-08 11:15:46
RMF/HE.RMF..HHZ__20250108T111533Z__20250108T111633Z.mseed,HE,RMF ,0,0,0,0,,,,,2025-01-08 11:15:33,2025-01-08 11:16:33
FIB4/HE.FIB4..HHZ__20250108T113217Z__20250108T113317Z.mseed,HE,FIB4,0,0,0,0,,,,,2025-01-08 11:32:17,2025-01-08 11:33:17
KY02/HE.KY02..CHE__20250108T113659Z__20250108T113759Z.mseed,HE,KY02,0,0,0,0,2025-01-08 11:37:03.332000,0.004,,,2025-01-08 11:36:59,2025-01-08 11:37:59
FIC3/HE.FIC3..HHE__20250108T114538Z__20250108T114638Z.mseed,HE,FIC3,0,0,0,0,,,,,2025-01-08 11:45:38,2025-01-08 11:46:38
KJNF/HE.KJNF..CHZ__20250108T120213Z__20250108T120313Z.mseed,HE,KJNF,0,0,0,0,,,,,2025-01-08 12:02:13,2025-01-08 12:03:13
OBF8/HE.OBF8..HHE__20250108T122342Z__20250108T122442Z.mseed,HE,OBF8,0,0,0,0,,,,,2025-01-08 12:23:42,2025-01-08 12:24:42
FIC2/HE.FIC2..HHZ__20250108T122500Z__20250108T122600Z.mseed,HE,FIC2,0,0,0,0,2025-01-08 12:25:04.470000,0.004,,,2025-01-08 12:25:00,2025-01-08 12:26:00
KU2/HE.KU2..SHN__20250108T124016Z__20250108T124116Z.mseed,HE,KU2 ,0,0,0,0,,,,,2025-01-08 12:40:16,2025-01-08 12:41:16
KUNI/HE.KUNI..HHZ__20250108T125038Z__20250108T125138Z.mseed,HE,KUNI,0,0,0,0,,,,,2025-01-08 12:50:38,2025-01-08 12:51:38
LAUT/HE.LAUT..HHZ__20250108T125253Z__20250108T125353Z.mseed,HE,LAUT,0,0,0,0,2025-01-08 12:52:58.828000,0.156,,,2025-01-08 12:52:53,2025-01-08 12:53:53
KU2/HE.KU2..SHZ__20250108T130126Z__20250108T130226Z.mseed,HE,KU2 ,0,0,0,0,,,,,2025-01-08 13:01:26,2025-01-08 13:02:26
RSUO/HE.RSUO..HHN__20250108T130240Z__20250108T130340Z.mseed,HE,RSUO,0,0,0,0,2025-01-08 13:02:45.624000,0.006,,,2025-01-08 13:02:40,2025-01-08 13:03:40
KU2/HE.KU2..SHE__20250108T130503Z__20250108T130603Z.mseed,HE,KU2 ,0,0,0,0,,,,,2025-01-08 13:05:03,2025-01-08 13:06:03
OLKF/FN.OLKF..HHZ__20250108T132016Z__20250108T132116Z.mseed,FN,OLKF,0,0,0,0,,,,,2025-01-08 13:20:16,2025-01-08 13:21:16
PVF/HE.PVF..CHE__20250108T133158Z__20250108T133258Z.mseed,HE,PVF ,0,0,0,0,2025-01-08 13:32:02.960000,0.004,,,2025-01-08 13:31:58,2025-01-08 13:32:58
KLF/FN.KLF..HHZ__20250108T133841Z__20250108T133941Z.mseed,FN,KLF ,0,0,0,0,2025-01-08 13:38:45.080000,0.002,,,2025-01-08 13:38:41,2025-01-08 13:39:41
FIA0/HE.FIA0..HHN__20250108T135217Z__20250108T135317Z.mseed,HE,FIA0,0,0,0,0,2025-01-08 13:52:21.880000,0.001,,,2025-01-08 13:52:17,2025-01-08 13:53:17
NIF/HE.NIF..HHZ__20250108T135801Z__20250108T135901Z.mseed,HE,NIF ,0,0,0,0,,,,,2025-01-08 13:58:01,2025-01-08 13:59:01
SUF/HE.SUF..HHN__20250108T140606Z__20250108T140706Z.mseed,HE,SUF ,0,0,0,0,,,,,2025-01-08 14:06:06,2025-01-08 14:07:06
KEF/HE.KEF..HHE__20250108T140925Z__20250108T141025Z.mseed,HE,KEF ,0,0,0,0,,,,,2025-01-08 14:09:25,2025-01-08 14:10:25
KEF/HE.KEF..HHN__20250108T141353Z__20250108T141453Z.mseed,HE,KEF ,0,0,0,0,,,,,2025-01-08 14:13:53,2025-01-08 14:14:53
TOF/HE.TOF..HHE__20250108T142601Z__20250108T142701Z.mseed,HE,TOF ,0,0,0,0,2025-01-08 14:26:05.970000,0.035,,,2025-01-08 14:26:01,2025-01-08 14:27:01
NUR/HE.NUR..HHE__20250108T150222Z__20250108T150322Z.mseed,HE,NUR ,0,0,0,0,,,,,2025-01-08 15:02:22,2025-01-08 15:03:22
VAF/HE.VAF..HHE__20250108T150325Z__20250108T150425Z.mseed,HE,VAF ,0,0,0,0,,,,,2025-01-08 15:03:25,2025-01-08 15:04:25
FIA0/HE.FIA0..HHN__20250108T150801Z__20250108T150901Z.mseed,HE,FIA0,0,0,0,0,,,,,2025-01-08 15:08:01,2025-01-08 15:09:01
KEV/HE.KEV..HHE__20250108T151338Z__20250108T151438Z.mseed,HE,KEV ,0,0,0,0,2025-01-08 15:13:42.910000,0.121,,,2025-01-08 15:13:38,2025-01-08 15:14:38
RMF/HE.RMF..HHN__20250108T153738Z__20250108T153838Z.mseed,HE,RMF ,0,0,0,0,,,,,2025-01-08 15:37:38,2025-01-08 15:38:38
FIB2/HE.FIB2..HHN__20250108T154507Z__20250108T154607Z.mseed,HE,FIB2,0,0,0,0,,,,,2025-01-08 15:45:07,2025-01-08 15:46:07
LOVF/HE.LOVF..CHZ__20250108T162216Z__20250108T162316Z.mseed,HE,LOVF,0,0,0,0,,,,,2025-01-08 16:22:16,2025-01-08 16:23:16
VUOS/HE.VUOS..HHE__20250108T163557Z__20250108T163657Z.mseed,HE,VUOS,0,0,0,0,,,,,2025-01-08 16:35:57,2025-01-08 16:36:57
KLF/FN.KLF..HHE__20250108T171045Z__20250108T171145Z.mseed,FN,KLF ,0,0,0,0,2025-01-08 17:10:49.380000,0.001,,,2025-01-08 17:10:45,2025-01-08 17:11:45
KORF/HE.KORF..CHZ__20250108T171742Z__20250108T171842Z.mseed,HE,KORF,0,0,0,0,2025-01-08 17:17:46.920000,0.002,,,2025-01-08 17:17:42,2025-01-08 17:18:42
RSUO/HE.RSUO..HHE__20250108T173218Z__20250108T173318Z.mseed,HE,RSUO,0,0,0,0,,,,,2025-01-08 17:32:18,2025-01-08 17:33:18
HEL2/HE.HEL2..HHE__20250108T173311Z__20250108T173411Z.mseed,HE,HEL2,0,0,0,0,,,,,2025-01-08 17:33:11,2025-01-08 17:34:11
RUF/HE.RUF..HHE__20250108T173713Z__20250108T173813Z.mseed,HE,RUF ,0,0,0,0,2025-01-08 17:37:17.276000,0.007,,,2025-01-08 17:37:13,2025-01-08 17:38:13
NUR/HE.NUR..HHN__20250108T175838Z__20250108T175938Z.mseed,HE,NUR ,0,0,0,0,,,,,2025-01-08 17:58:38,2025-01-08 17:59:38
HEL1/HE.HEL1..HHE__20250108T175949Z__20250108T180049Z.mseed,HE,HEL1,0,0,0,0,,,,,2025-01-08 17:59:49,2025-01-08 18:00:49
FIC5/HE.FIC5..HHZ__20250108T180708Z__20250108T180808Z.mseed,HE,FIC5,0,0,0,0,,,,,2025-01-08 18:07:08,2025-01-08 18:08:08
FIA1/HE.FIA1..HHE__20250108T181402Z__20250108T181502Z.mseed,HE,FIA1,0,0,0,0,2025-01-08 18:14:06.540000,0.004,,,2025-01-08 18:14:02,2025-01-08 18:15:02
KY02/HE.KY02..CHE__20250108T181835Z__20250108T181935Z.mseed,HE,KY02,0,0,0,0,,,,,2025-01-08 18:18:35,2025-01-08 18:19:35
HEL2/HE.HEL2..HHN__20250108T182232Z__20250108T182332Z.mseed,HE,HEL2,0,0,0,0,,,,,2025-01-08 18:22:32,2025-01-08 18:23:32
KORF/HE.KORF..CHN__20250108T183109Z__20250108T183209Z.mseed,HE,KORF,0,0,0,0,2025-01-08 18:31:13.740000,0.004,,,2025-01-08 18:31:09,2025-01-08 18:32:09
FIC5/HE.FIC5..HHZ__20250108T183941Z__20250108T184041Z.mseed,HE,FIC5,0,0,0,0,2025-01-08 18:39:45.770000,0.003,,,2025-01-08 18:39:41,2025-01-08 18:40:41
HEL5/HE.HEL5..HHN__20250108T191440Z__20250108T191540Z.mseed,HE,HEL5,0,0,0,0,,,,,2025-01-08 19:14:40,2025-01-08 19:15:40
FIB4/HE.FIB4..HHE__20250108T192218Z__20250108T192318Z.mseed,HE,FIB4,0,0,0,0,2025-01-08 19:22:22.300000,0.006,,,2025-01-08 19:22:18,2025-01-08 19:23:18
PVF/HE.PVF..CHN__20250108T193533Z__20250108T193633Z.mseed,HE,PVF ,0,0,0,0,2025-01-08 19:35:37.116000,0.004,,,2025-01-08 19:35:33,2025-01-08 19:36:33
AAL/UP.AAL..HHZ__20250108T193820Z__20250108T193920Z.mseed,UP,AAL ,0,0,0,0,,,,,2025-01-08 19:38:20,2025-01-08 19:39:20
RUF/HE.RUF..HHN__20250108T194135Z__20250108T194235Z.mseed,HE,RUF ,0,0,0,0,,,,,2025-01-08 19:41:35,2025-01-08 19:42:35
RAJF/FN.RAJF..HHZ__20250108T194800Z__20250108T194900Z.mseed,FN,RAJF,0,0,0,0,,,,,2025-01-08 19:48:00,2025-01-08 19:49:00
LAUT/HE.LAUT..HHN__20250108T194938Z__20250108T195038Z.mseed,HE,LAUT,0,0,0,0,,,,,2025-01-08 19:49:38,2025-01-08 19:50:38
MEF/HE.MEF..HHN__20250108T195432Z__20250108T195532Z.mseed,HE,MEF ,0,0,0,0,,,,,2025-01-08 19:54:32,2025-01-08 19:55:32
TRE03/HE.TRE03..CHN__20250108T195552Z__20250108T195652Z.mseed,HE,TRE03,0,0,0,0,2025-01-08 19:55:56.944000,0.011,,,2025-01-08 19:55:52,2025-01-08 19:56:52
KU2/HE.KU2..SHE__20250108T200928Z__20250108T201028Z.mseed,HE,KU2 ,0,0,0,0,2025-01-08 20:09:33.888000,0.001,,,2025-01-08 20:09:28,2025-01-08 20:10:28
HEF/HE.HEF..HHZ__20250108T201057Z__20250108T201157Z.mseed,HE,HEF ,0,0,0,0,2025-01-08 20:11:01.290000,0.025,,,2025-01-08 20:10:57,2025-01-08 20:11:57
PVF/HE.PVF..CHN__20250108T201657Z__20250108T201757Z.mseed,HE,PVF ,0,0,0,0,,,,,2025-01-08 20:16:57,2025-01-08 20:17:57
FIA1/HE.FIA1..HHN__20250108T202212Z__20250108T202312Z.mseed,HE,FIA1,0,0,0,0,2025-01-08 20:22:17.040000,0.009,,,2025-01-08 20:22:12,2025-01-08 20:23:12
RAF/HE.RAF..HHZ__20250108T203928Z__20250108T204028Z.mseed,HE,RAF ,0,0,0,0,2025-01-08 20:39:32.450000,0.028,,,2025-01-08 20:39:28,2025-01-08 20:40:28
OBF8/HE.OBF8..HHZ__20250108T204520Z__20250108T204620Z.mseed,HE,OBF8,0,0,0,0,,,,,2025-01-08 20:45:20,2025-01-08 20:46:20
KAF/HE.KAF..HHE__20250108T205000Z__20250108T205100Z.mseed,HE,KAF ,0,0,0,0,2025-01-08 20:50:04.080000,0.019,,,2025-01-08 20:50:00,2025-01-08 20:51:00
KIF/HE.KIF..HHN__20250108T210436Z__20250108T210536Z.mseed,HE,KIF ,0,0,0,0,2025-01-08 21:04:40.090000,0.053,,,2025-01-08 21:04:36,2025-01-08 21:05:36
FIB4/HE.FIB4..HHE__20250108T210757Z__20250108T210857Z.mseed,HE,FIB4,0,0,0,0,,,,,2025-01-08 21:07:57,2025-01-08 21:08:57
ALAJF/HE.ALAJF..HHZ__20250108T211900Z__20250108T212000Z.mseed,HE,ALAJF,0,0,0,0,2025-01-08 21:19:04.664000,0.002,,,2025-01-08 21:19:00,2025-01-08 21:20:00
FIA3/HE.FIA3..HHE__20250108T213154Z__20250108T213254Z.mseed,HE,FIA3,0,0,0,0,2025-01-08 21:31:58.240000,0.025,,,2025-01-08 21:31:54,2025-01-08 21:32:54
TRE03/HE.TRE03..CHZ__20250108T213815Z__20250108T213915Z.mseed,HE,TRE03,0,0,0,0,,,,,2025-01-08 21:38:15,2025-01-08 21:39:15
KU6/HE.KU6..HHN__20250108T214231Z__20250108T214331Z.mseed,HE,KU6 ,0,0,0,0,2025-01-08 21:42:35.890000,0.006,,,2025-01-08 21:42:31,2025-01-08 21:43:31
OBF8/HE.OBF8..HHE__20250108T214237Z__20250108T214337Z.mseed,HE,OBF8,0,0,0,0,,,,,2025-01-08 21:42:37,2025-01-08 21:43:37
FIB2/HE.FIB2..HHE__20250108T214606Z__20250108T214706Z.mseed,HE,FIB2,0,0,0,0,2025-01-08 21:46:10.260000,0.034,,,2025-01-08 21:46:06,2025-01-08 21:47:06
RAJF/FN.RAJF..HHN__20250108T215855Z__20250108T215955Z.mseed,FN,RAJF,0,0,0,0,2025-01-08 21:58:59.450000,0.097,,,2025-01-08 21:58:55,2025-01-08 21:59:55
RAF/HE.RAF..HHE__20250108T220154Z__20250108T220254Z.mseed,HE,RAF ,0,0,0,0,2025-01-08 22:01:58.290000,0.084,,,2025-01-08 22:01:54,2025-01-08 22:02:54
HEL5/HE.HEL5..HHE__20250108T221241Z__20250108T221341Z.mseed,HE,HEL5,0,0,0,0,,,,,2025-01-08 22:12:41,2025-01-08 22:13:41
FIB4/HE.FIB4..HHN__20250108T221527Z__20250108T221627Z.mseed,HE,FIB4,0,0,0,0,2025-01-08 22:15:31.600000,0.082,,,2025-01-08 22:15:27,2025-01-08 22:16:27
KEF/HE.KEF..HHN__20250108T222330Z__20250108T222430Z.mseed,HE,KEF ,0,0,0,0,2025-01-08 22:23:34.410000,0.004,,,2025-01-08 22:23:30,2025-01-08 22:24:30
KY02/HE.KY02..CHE__20250108T224622Z__20250108T224722Z.mseed,HE,KY02,0,0,0,0,,,,,2025-01-08 22:46:22,2025-01-08 22:47:22
FIC3/HE.FIC3..HHE__20250108T230207Z__20250108T230307Z.mseed,HE,FIC3,0,0,0,0,,,,,2025-01-08 23:02:07,2025-01-08 23:03:07
OBF0/HE.OBF0..SHZ__20250108T230431Z__20250108T230531Z.mseed,HE,OBF0,0,0,0,0,,,,,2025-01-08 23:04:31,2025-01-08 23:05:31
RAJF/FN.RAJF..HHE__20250108T231820Z__20250108T231920Z.mseed,FN,RAJF,0,0,0,0,2025-01-08 23:18:24.110000,0.172,,,2025-01-08 23:18:20,2025-01-08 23:19:20
FIC5/HE.FIC5..HHZ__20250108T231854Z__20250108T231954Z.mseed,HE,FIC5,0,0,0,0,2025-01-08 23:18:58.900000,0.001,,,2025-01-08 23:18:54,2025-01-08 23:19:54
FIA2/HE.FIA2..HHZ__20250108T232010Z__20250108T232110Z.mseed,HE,FIA2,0,0,0,0,2025-01-08 23:20:14.690000,0.002,,,2025-01-08 23:20:10,2025-01-08 23:21:10
HEF/HE.HEF..HHE__20250108T232238Z__20250108T232338Z.mseed,HE,HEF ,0,0,0,0,2025-01-08 23:22:42.160000,0.006,,,2025-01-08 23:22:38,2025-01-08 23:23:38
OBF3/HE.OBF3..HHE__20250108T233737Z__20250108T233837Z.mseed,HE,OBF3,0,0,0,0,2025-01-08 23:37:41.624000,0.022,,,2025-01-08 23:37:37,2025-01-08 23:38:37
FIB2/HE.FIB2..HHN__20250108T234651Z__20250108T234751Z.mseed,HE,FIB2,0,0,0,0,2025-01-08 23:46:55.620000,0.002,,,2025-01-08 23:46:51,2025-01-08 23:47:51
KEF/HE.KEF..HHE__20250108T234709Z__20250108T234809Z.mseed,HE,KEF ,0,0,0,0,2025-01-08 23:47:13.560000,0.062,,,2025-01-08 23:47:09,2025-01-08 23:48:09
MEF/HE.MEF..HHN__20250108T234753Z__20250108T234853Z.mseed,HE,MEF ,0,0,0,0,,,,,2025-01-08 23:47:53,2025-01-08 23:48:53
ECKF/HE.ECKF..CHE__20250108T234813Z__20250108T234913Z.mseed,HE,ECKF,0,0,0,0,2025-01-08 23:48:17.188000,0.001,,,2025-01-08 23:48:13,2025-01-08 23:49:13
RSUO/HE.RSUO..HHN__20250108T235034Z__20250108T235134Z.mseed,HE,RSUO,0,0,0,0,,,,,2025-01-08 23:50:34,2025-01-08 23:51:34
RAJF/FN.RAJF..BHN__20250108T235456Z__20250108T235556Z.mseed,FN,RAJF,0,0,0,0,2025-01-08 23:55:00.630000,0.096,,,2025-01-08 23:54:56,2025-01-08 23:55:56
KPF/HE.KPF..HHN__20250108T235937Z__20250109T000037Z.mseed,HE,KPF ,0,0,0,0,,,,,2025-01-08 23:59:37,2025-01-09 00:00:37
HEL2/HE.HEL2..HHE__20250109T000152Z__20250109T000252Z.mseed,HE,HEL2,0,0,0,0,,,,,2025-01-09 00:01:52,2025-01-09 00:02:52
NUR/HE.NUR..HHZ__20250109T000401Z__20250109T000501Z.mseed,HE,NUR ,0,0,0,0,2025-01-09 00:04:05.748000,0.001,,,2025-01-09 00:04:01,2025-01-09 00:05:01
KU6/HE.KU6..HHE__20250109T002615Z__20250109T002715Z.mseed,HE,KU6 ,0,0,0,0,2025-01-09 00:26:19.210000,0.015,,,2025-01-09 00:26:15,2025-01-09 00:27:15
OBF8/HE.OBF8..HHN__20250109T003759Z__20250109T003859Z.mseed,HE,OBF8,0,0,0,0,2025-01-09 00:38:04.924000,0.084,,,2025-01-09 00:37:59,2025-01-09 00:38:59
KPF/HE.KPF..HHZ__20250109T003854Z__20250109T003954Z.mseed,HE,KPF ,0,0,0,0,2025-01-09 00:38:58.072000,0.004,,,2025-01-09 00:38:54,2025-01-09 00:39:54
KEV/HE.KEV..HHE__20250109T004346Z__20250109T004446Z.mseed,HE,KEV ,0,0,0,0,2025-01-09 00:43:50.940000,0.319,,,2025-01-09 00:43:46,2025-01-09 00:44:46
FIB2/HE.FIB2..HHN__20250109T004414Z__20250109T004514Z.mseed,HE,FIB2,0,0,0,0,2025-01-09 00:44:18.660000,0.005,,,2025-01-09 00:44:14,2025-01-09 00:45:14
FIC3/HE.FIC3..HHE__20250109T005637Z__20250109T005737Z.mseed,HE,FIC3,0,0,0,0,2025-01-09 00:56:41.620000,0.003,,,2025-01-09 00:56:37,2025-01-09 00:57:37
VJF/HE.VJF..HHN__20250109T012136Z__20250109T012236Z.mseed,HE,VJF ,0,0,0,0,,,,,2025-01-09 01:21:36,2025-01-09 01:22:36
KU6/HE.KU6..HHE__20250109T012138Z__20250109T012238Z.mseed,HE,KU6 ,0,0,0,0,2025-01-09 01:21:42.840000,0.018,,,2025-01-09 01:21:38,2025-01-09 01:22:38
HEF/HE.HEF..HHZ__20250109T012345Z__20250109T012445Z.mseed,HE,HEF ,0,0,0,0,2025-01-09 01:23:49.630000,0.005,,,2025-01-09 01:23:45,2025-01-09 01:24:45
FIC6/HE.FIC6..HHN__20250109T013558Z__20250109T013658Z.mseed,HE,FIC6,0,0,0,0,,,,,2025-01-09 01:35:58,2025-01-09 01:36:58
KAF/HE.KAF..HHN__20250109T015211Z__20250109T015311Z.mseed,HE,KAF ,0,0,0,0,2025-01-09 01:52:15.420000,0.002,,,2025-01-09 01:52:11,2025-01-09 01:53:11
HEL2/HE.HEL2..HHN__20250109T015743Z__20250109T015843Z.mseed,HE,HEL2,0,0,0,0,,,,,2025-01-09 01:57:43,2025-01-09 01:58:43
RAJF/FN.RAJF..HHE__20250109T020620Z__20250109T020720Z.mseed,FN,RAJF,0,0,0,0,2025-01-09 02:06:24.310000,0.165,,,2025-01-09 02:06:20,2025-01-09 02:07:20
TRE03/HE.TRE03..CHZ__20250109T021136Z__20250109T021236Z.mseed,HE,TRE03,0,0,0,0,,,,,2025-01-09 02:11:36,2025-01-09 02:12:36
KEV/HE.KEV..HHN__20250109T022821Z__20250109T022921Z.mseed,HE,KEV ,0,0,0,0,2025-01-09 02:28:25.240000,0.001,,,2025-01-09 02:28:21,2025-01-09 02:29:21
ALAJF/HE.ALAJF..HHN__20250109T023051Z__20250109T023151Z.mseed,HE,ALAJF,0,0,0,0,2025-01-09 02:30:55.252000,0.002,,,2025-01-09 02:30:51,2025-01-09 02:31:51
HEL2/HE.HEL2..HHZ__20250109T023159Z__20250109T023259Z.mseed,HE,HEL2,0,0,0,0,,,,,2025-01-09 02:31:59,2025-01-09 02:32:59
KIF/HE.KIF..HHZ__20250109T023900Z__20250109T024000Z.mseed,HE,KIF ,0,0,0,0,2025-01-09 02:39:04.970000,0.173,,,2025-01-09 02:39:00,2025-01-09 02:40:00
FIB2/HE.FIB2..HHN__20250109T024459Z__20250109T024559Z.mseed,HE,FIB2,0,0,0,0,2025-01-09 02:45:03.230000,0.002,,,2025-01-09 02:44:59,2025-01-09 02:45:59
KY17/HE.KY17..CHE__20250109T030141Z__20250109T030241Z.mseed,HE,KY17,0,0,0,0,,,,,2025-01-09 03:01:41,2025-01-09 03:02:41
FIA0/HE.FIA0..HHE__20250109T030543Z__20250109T030643Z.mseed,HE,FIA0,0,0,0,0,2025-01-09 03:05:47.679999,0.001,,,2025-01-09 03:05:43,2025-01-09 03:06:43
OBF8/HE.OBF8..HHZ__20250109T030919Z__20250109T031019Z.mseed,HE,OBF8,0,0,0,0,,,,,2025-01-09 03:09:19,2025-01-09 03:10:19
OLKF/FN.OLKF..HHE__20250109T031115Z__20250109T031215Z.mseed,FN,OLKF,0,0,0,0,,,,,2025-01-09 03:11:15,2025-01-09 03:12:15
KY17/HE.KY17..CHE__20250109T033049Z__20250109T033149Z.mseed,HE,KY17,0,0,0,0,,,,,2025-01-09 03:30:49,2025-01-09 03:31:49
KU1/HE.KU1..SHZ__20250109T033335Z__20250109T033435Z.mseed,HE,KU1 ,0,0,0,0,,,,,2025-01-09 03:33:35,2025-01-09 03:34:35
PVF/HE.PVF..CHE__20250109T034018Z__20250109T034118Z.mseed,HE,PVF ,0,0,0,0,,,,,2025-01-09 03:40:18,2025-01-09 03:41:18
LOVF/HE.LOVF..CHE__20250109T034953Z__20250109T035053Z.mseed,HE,LOVF,0,0,0,0,2025-01-09 03:49:57.368000,0.011,,,2025-01-09 03:49:53,2025-01-09 03:50:53
FIA1/HE.FIA1..HHN__20250109T035528Z__20250109T035628Z.mseed,HE,FIA1,0,0,0,0,2025-01-09 03:55:32.480000,0.043,,,2025-01-09 03:55:28,2025-01-09 03:56:28
FIC6/HE.FIC6..HHZ__20250109T041048Z__20250109T041148Z.mseed,HE,FIC6,0,0,0,0,,,,,2025-01-09 04:10:48,2025-01-09 04:11:48
KU2/HE.KU2..SHN__20250109T042241Z__20250109T042341Z.mseed,HE,KU2 ,0,0,0,0,,,,,2025-01-09 04:22:41,2025-01-09 04:23:41
TOF/HE.TOF..HHZ__20250109T044106Z__20250109T044206Z.mseed,HE,TOF ,0,0,0,0,2025-01-09 04:41:10.890000,0.132,,,2025-01-09 04:41:06,2025-01-09 04:42:06
JOF/HE.JOF..HHZ__20250109T045833Z__20250109T045933Z.mseed,HE,JOF ,0,0,0,0,2025-01-09 04:58:37.520000,0.002,,,2025-01-09 04:58:33,2025-01-09 04:59:33
FIA1/HE.FIA1..HHE__20250109T051924Z__20250109T052024Z.mseed,HE,FIA1,0,0,0,0,,,,,2025-01-09 05:19:24,2025-01-09 05:20:24
KMNF/FN.KMNF..BHZ__20250109T052436Z__20250109T052536Z.mseed,FN,KMNF,0,0,0,0,2025-01-09 05:24:40.930000,0.003,,,2025-01-09 05:24:36,2025-01-09 05:25:36
KEF/HE.KEF..HHN__20250109T052821Z__20250109T052921Z.mseed,HE,KEF ,0,0,0,0,2025-01-09 05:28:25.350000,0.134,,,2025-01-09 05:28:21,2025-01-09 05:29:21
RAF/HE.RAF..HHN__20250109T055110Z__20250109T055210Z.mseed,HE,RAF ,0,0,0,0,2025-01-09 05:51:14.410000,0.012,,,2025-01-09 05:51:10,2025-01-09 05:52:10
FIB3/HE.FIB3..HHE__20250109T055312Z__20250109T055412Z.mseed,HE,FIB3,0,0,0,0,,,,,2025-01-09 05:53:12,2025-01-09 05:54:12
FIA1/HE.FIA1..HHZ__20250109T055954Z__20250109T060054Z.mseed,HE,FIA1,0,0,0,0,2025-01-09 05:59:58.740000,0.017,,,2025-01-09 05:59:54,2025-01-09 06:00:54
OUF/HE.OUF..HHZ__20250109T060810Z__20250109T060910Z.mseed,HE,OUF ,0,0,0,0,2025-01-09 06:08:14.450000,0.077,,,2025-01-09 06:08:10,2025-01-09 06:09:10
LOVF/HE.LOVF..CHE__20250109T063335Z__20250109T063435Z.mseed,HE,LOVF,0,0,0,0,,,,,2025-01-09 06:33:35,2025-01-09 06:34:35
FIA2/HE.FIA2..HHN__20250109T063808Z__20250109T063908Z.mseed,HE,FIA2,0,0,0,0,2025-01-09 06:38:11.280000,0.005,,,2025-01-09 06:38:08,2025-01-09 06:39:08
TRE03/HE.TRE03..CHN__20250109T064350Z__20250109T064450Z.mseed,HE,TRE03,0,0,0,0,,,,,2025-01-09 06:43:50,2025-01-09 06:44:50
KY17/HE.KY17..CHN__20250109T065736Z__20250109T065836Z.mseed,HE,KY17,0,0,0,0,2025-01-09 06:57:40.104000,0.007,,,2025-01-09 06:57:36,2025-01-09 06:58:36
VAF/HE.VAF..HHE__20250109T070015Z__20250109T070115Z.mseed,HE,VAF ,0,0,0,0,2025-01-09 07:00:19.920000,0.004,,,2025-01-09 07:00:15,2025-01-09 07:01:15
KU1/HE.KU1..SHZ__20250109T070124Z__20250109T070224Z.mseed,HE,KU1 ,0,0,0,0,,,,,2025-01-09 07:01:24,2025-01-09 07:02:24
HEL1/HE.HEL1..HHN__20250109T070342Z__20250109T070442Z.mseed,HE,HEL1,0,0,0,0,,,,,2025-01-09 07:03:42,2025-01-09 07:04:42
FIA2/HE.FIA2..HHN__20250109T070343Z__20250109T070443Z.mseed,HE,FIA2,0,0,0,0,,,,,2025-01-09 07:03:43,2025-01-09 07:04:43
FIC4/HE.FIC4..HHE__20250109T070414Z__20250109T070514Z.mseed,HE,FIC4,0,0,0,0,2025-01-09 07:04:18.470000,0.002,,,2025-01-09 07:04:14,2025-01-09 07:05:14
OUF/HE.OUF..HHE__20250109T072208Z__20250109T072308Z.mseed,HE,OUF ,0,0,0,0,,,,,2025-01-09 07:22:08,2025-01-09 07:23:08
PVF/HE.PVF..CHZ__20250109T073607Z__20250109T073707Z.mseed,HE,PVF ,0,0,0,0,,,,,2025-01-09 07:36:07,2025-01-09 07:37:07
RMF/HE.RMF..HHE__20250109T074210Z__20250109T074310Z.mseed,HE,RMF ,0,0,0,0,,,,,2025-01-09 07:42:10,2025-01-09 07:43:10
FIB5/HE.FIB5..HHE__20250109T075029Z__20250109T075129Z.mseed,HE,FIB5,0,0,0,0,,,,,2025-01-09 07:50:29,2025-01-09 07:51:29
KIF/HE.KIF..HHZ__20250109T075243Z__20250109T075343Z.mseed,HE,KIF ,0,0,0,0,,,,,2025-01-09 07:52:43,2025-01-09 07:53:43
TRE03/HE.TRE03..CHE__20250109T081629Z__20250109T081729Z.mseed,HE,TRE03,0,0,0,0,,,,,2025-01-09 08:16:29,2025-01-09 08:17:29
KEF/HE.KEF..HHN__20250109T082554Z__20250109T082654Z.mseed,HE,KEF ,0,0,0,0,2025-01-09 08:26:01.220000,0.541,2025-01-09 08:26:05.440000,0.099,2025-01-09 08:25:54,2025-01-09 08:26:54
HEL2/HE.HEL2..HHE__20250109T083526Z__20250109T083626Z.mseed,HE,HEL2,0,0,0,0,,,,,2025-01-09 08:35:26,2025-01-09 08:36:26
FIA1/HE.FIA1..HHE__20250109T084331Z__20250109T084431Z.mseed,HE,FIA1,0,0,0,0,2025-01-09 08:43:35.240000,0.003,,,2025-01-09 08:43:31,2025-01-09 08:44:31
FIC3/HE.FIC3..HHE__20250109T084702Z__20250109T084802Z.mseed,HE,FIC3,0,0,0,0,,,,,2025-01-09 08:47:02,2025-01-09 08:48:02
RAF/HE.RAF..HHE__20250109T091244Z__20250109T091344Z.mseed,HE,RAF ,0,0,0,0,,,,,2025-01-09 09:12:44,2025-01-09 09:13:44
OBF3/HE.OBF3..HHN__20250109T093056Z__20250109T093156Z.mseed,HE,OBF3,0,0,0,0,,,,,2025-01-09 09:30:56,2025-01-09 09:31:56
FIC6/HE.FIC6..HHE__20250109T095045Z__20250109T095145Z.mseed,HE,FIC6,0,0,0,0,2025-01-09 09:50:49.679999,0.001,,,2025-01-09 09:50:45,2025-01-09 09:51:45
FIB1/HE.FIB1..HHE__20250109T100248Z__20250109T100348Z.mseed,HE,FIB1,0,0,0,0,2025-01-09 10:02:52.980000,0.003,,,2025-01-09 10:02:48,2025-01-09 10:03:48
KEF/HE.KEF..HHN__20250109T101758Z__20250109T101858Z.mseed,HE,KEF ,0,0,0,0,2025-01-09 10:18:02.340000,0.037,,,2025-01-09 10:17:58,2025-01-09 10:18:58
VJF/HE.VJF..HHN__20250109T102535Z__20250109T102635Z.mseed,HE,VJF ,0,0,0,0,,,,,2025-01-09 10:25:35,2025-01-09 10:26:35
OBF8/HE.OBF8..HHN__20250109T102827Z__20250109T102927Z.mseed,HE,OBF8,0,0,0,0,,,,,2025-01-09 10:28:27,2025-01-09 10:29:27
TVF/HE.TVF..HHE__20250109T110157Z__20250109T110257Z.mseed,HE,TVF ,0,0,0,0,,,,,2025-01-09 11:01:57,2025-01-09 11:02:57
RUF/HE.RUF..HHE__20250109T110850Z__20250109T110950Z.mseed,HE,RUF ,0,0,0,0,,,,,2025-01-09 11:08:50,2025-01-09 11:09:50
FIA3/HE.FIA3..HHN__20250109T111820Z__20250109T111920Z.mseed,HE,FIA3,0,0,0,0,,,,,2025-01-09 11:18:20,2025-01-09 11:19:20
TOF/HE.TOF..HHZ__20250109T114724Z__20250109T114824Z.mseed,HE,TOF ,0,0,0,0,2025-01-09 11:47:28.950000,0.007,,,2025-01-09 11:47:24,2025-01-09 11:48:24
HEL5/HE.HEL5..HHZ__20250109T114935Z__20250109T115035Z.mseed,HE,HEL5,0,0,0,0,2025-01-09 11:49:39.820000,0.104,,,2025-01-09 11:49:35,2025-01-09 11:50:35
RUF/HE.RUF..HHE__20250109T115434Z__20250109T115534Z.mseed,HE,RUF ,0,0,0,0,2025-01-09 11:54:38.886000,0.173,,,2025-01-09 11:54:34,2025-01-09 11:55:34
HEF/HE.HEF..HHE__20250109T115511Z__20250109T115611Z.mseed,HE,HEF ,0,0,0,0,2025-01-09 11:55:15.540000,0.534,,,2025-01-09 11:55:11,2025-01-09 11:56:11
VAF/HE.VAF..HHZ__20250109T115819Z__20250109T115919Z.mseed,HE,VAF ,0,0,0,0,2025-01-09 11:58:23.160000,0.024,,,2025-01-09 11:58:19,2025-01-09 11:59:19
KY17/HE.KY17..CHE__20250109T121500Z__20250109T121600Z.mseed,HE,KY17,0,0,0,0,,,,,2025-01-09 12:15:00,2025-01-09 12:16:00
ALAJF/HE.ALAJF..HHZ__20250109T121607Z__20250109T121707Z.mseed,HE,ALAJF,0,0,0,0,2025-01-09 12:16:11.544000,0.001,,,2025-01-09 12:16:07,2025-01-09 12:17:07
RSUO/HE.RSUO..HHN__20250109T122216Z__20250109T122316Z.mseed,HE,RSUO,0,0,0,0,,,,,2025-01-09 12:22:16,2025-01-09 12:23:16
FIA3/HE.FIA3..HHE__20250109T122729Z__20250109T122829Z.mseed,HE,FIA3,0,0,0,0,,,,,2025-01-09 12:27:29,2025-01-09 12:28:29
OLKF/FN.OLKF..HHE__20250109T123600Z__20250109T123700Z.mseed,FN,OLKF,0,0,0,0,,,,,2025-01-09 12:36:00,2025-01-09 12:37:00
FIB5/HE.FIB5..HHN__20250109T123648Z__20250109T123748Z.mseed,HE,FIB5,0,0,0,0,,,,,2025-01-09 12:36:48,2025-01-09 12:37:48
KIF/HE.KIF..HHZ__20250109T125005Z__20250109T125105Z.mseed,HE,KIF ,0,0,0,0,2025-01-09 12:50:09.990000,0.004,,,2025-01-09 12:50:05,2025-01-09 12:51:05
FIB6/HE.FIB6..HHZ__20250109T125514Z__20250109T125614Z.mseed,HE,FIB6,0,0,0,0,,,,,2025-01-09 12:55:14,2025-01-09 12:56:14
AAL/UP.AAL..HHE__20250109T130000Z__20250109T130100Z.mseed,UP,AAL ,0,0,0,0,,,,,2025-01-09 13:00:00,2025-01-09 13:01:00
HEF/HE.HEF..HHZ__20250109T130743Z__20250109T130843Z.mseed,HE,HEF ,0,0,0,0,2025-01-09 13:07:47.770000,0.017,,,2025-01-09 13:07:43,2025-01-09 13:08:43
LAUT/HE.LAUT..HHN__20250109T131240Z__20250109T131340Z.mseed,HE,LAUT,0,0,0,0,,,,,2025-01-09 13:12:40,2025-01-09 13:13:40
KEV/HE.KEV..HHN__20250109T131440Z__20250109T131540Z.mseed,HE,KEV ,0,0,0,0,2025-01-09 13:14:44.390000,0.041,,,2025-01-09 13:14:40,2025-01-09 13:15:40
RAJF/FN.RAJF..BHN__20250109T133224Z__20250109T133324Z.mseed,FN,RAJF,0,0,0,0,2025-01-09 13:32:28.550000,0.002,,,2025-01-09 13:32:24,2025-01-09 13:33:24
VAF/HE.VAF..HHE__20250109T133433Z__20250109T133533Z.mseed,HE,VAF ,0,0,0,0,,,,,2025-01-09 13:34:33,2025-01-09 13:35:33
HEL2/HE.HEL2..HHZ__20250109T135048Z__20250109T135148Z.mseed,HE,HEL2,0,0,0,0,,,,,2025-01-09 13:50:48,2025-01-09 13:51:48
OUF/HE.OUF..HHE__20250109T135103Z__20250109T135203Z.mseed,HE,OUF ,0,0,0,0,,,,,2025-01-09 13:51:03,2025-01-09 13:52:03
KUNI/HE.KUNI..HHN__20250109T141051Z__20250109T141151Z.mseed,HE,KUNI,0,0,0,0,,,,,2025-01-09 14:10:51,2025-01-09 14:11:51
TRE03/HE.TRE03..CHZ__20250109T142024Z__20250109T142124Z.mseed,HE,TRE03,0,0,0,0,2025-01-09 14:20:28.860000,0.001,,,2025-01-09 14:20:24,2025-01-09 14:21:24
HEL5/HE.HEL5..HHE__20250109T142450Z__20250109T142550Z.mseed,HE,HEL5,0,0,0,0,,,,,2025-01-09 14:24:50,2025-01-09 14:25:50
ALAJF/HE.ALAJF..HHZ__20250109T151144Z__20250109T151244Z.mseed,HE,ALAJF,0,0,0,0,,,,,2025-01-09 15:11:44,2025-01-09 15:12:44
KUNI/HE.KUNI..HHE__20250109T153932Z__20250109T154032Z.mseed,HE,KUNI,0,0,0,0,,,,,2025-01-09 15:39:32,2025-01-09 15:40:32
FIB4/HE.FIB4..HHZ__20250109T154019Z__20250109T154119Z.mseed,HE,FIB4,0,0,0,0,2025-01-09 15:40:23.510000,0.027,,,2025-01-09 15:40:19,2025-01-09 15:41:19
FIA1/HE.FIA1..HHZ__20250109T161500Z__20250109T161600Z.mseed,HE,FIA1,0,0,0,0,,,,,2025-01-09 16:15:00,2025-01-09 16:16:00
VJF/HE.VJF..HHE__20250109T162657Z__20250109T162757Z.mseed,HE,VJF ,0,0,0,0,,,,,2025-01-09 16:26:57,2025-01-09 16:27:57
KY02/HE.KY02..CHE__20250109T163056Z__20250109T163156Z.mseed,HE,KY02,0,0,0,0,,,,,2025-01-09 16:30:56,2025-01-09 16:31:56
KU2/HE.KU2..SHZ__20250109T164616Z__20250109T164716Z.mseed,HE,KU2 ,0,0,0,0,,,,,2025-01-09 16:46:16,2025-01-09 16:47:16
KEV/HE.KEV..HHE__20250109T165013Z__20250109T165113Z.mseed,HE,KEV ,0,0,0,0,2025-01-09 16:50:17.490000,0.004,,,2025-01-09 16:50:13,2025-01-09 16:51:13
FIA3/HE.FIA3..HHZ__20250109T165625Z__20250109T165725Z.mseed,HE,FIA3,0,0,0,0,2025-01-09 16:56:29.440000,0.002,,,2025-01-09 16:56:25,2025-01-09 16:57:25
FIB4/HE.FIB4..HHE__20250109T170235Z__20250109T170335Z.mseed,HE,FIB4,0,0,0,0,,,,,2025-01-09 17:02:35,2025-01-09 17:03:35
FIA1/HE.FIA1..HHE__20250109T170302Z__20250109T170402Z.mseed,HE,FIA1,0,0,0,0,2025-01-09 17:03:07.010000,0.001,,,2025-01-09 17:03:02,2025-01-09 17:04:02
MEF/HE.MEF..HHZ__20250109T171240Z__20250109T171340Z.mseed,HE,MEF ,0,0,0,0,,,,,2025-01-09 17:12:40,2025-01-09 17:13:40
TOF/HE.TOF..HHE__20250109T172109Z__20250109T172209Z.mseed,HE,TOF ,0,0,0,0,,,,,2025-01-09 17:21:09,2025-01-09 17:22:09
FIC2/HE.FIC2..HHE__20250109T173354Z__20250109T173454Z.mseed,HE,FIC2,0,0,0,0,,,,,2025-01-09 17:33:54,2025-01-09 17:34:54
RMF/HE.RMF..HHE__20250109T174338Z__20250109T174438Z.mseed,HE,RMF ,0,0,0,0,,,,,2025-01-09 17:43:38,2025-01-09 17:44:38
OBF3/HE.OBF3..HHE__20250109T175121Z__20250109T175221Z.mseed,HE,OBF3,0,0,0,0,2025-01-09 17:51:25.708000,0.002,,,2025-01-09 17:51:21,2025-01-09 17:52:21
FIC1/HE.FIC1..HHZ__20250109T175231Z__20250109T175331Z.mseed,HE,FIC1,0,0,0,0,2025-01-09 17:52:35.420000,0.007,,,2025-01-09 17:52:31,2025-01-09 17:53:31
KLF/FN.KLF..BHZ__20250109T175648Z__20250109T175748Z.mseed,FN,KLF ,0,0,0,0,,,,,2025-01-09 17:56:48,2025-01-09 17:57:48
KEV/HE.KEV..HHZ__20250109T180036Z__20250109T180136Z.mseed,HE,KEV ,0,0,0,0,2025-01-09 18:00:40.870000,0.002,,,2025-01-09 18:00:36,2025-01-09 18:01:36
MEF/HE.MEF..HHN__20250109T180138Z__20250109T180238Z.mseed,HE,MEF ,0,0,0,0,,,,,2025-01-09 18:01:38,2025-01-09 18:02:38
FIB3/HE.FIB3..HHE__20250109T180505Z__20250109T180605Z.mseed,HE,FIB3,0,0,0,0,,,,,2025-01-09 18:05:05,2025-01-09 18:06:05
FIB6/HE.FIB6..HHN__20250109T182246Z__20250109T182346Z.mseed,HE,FIB6,0,0,0,0,2025-01-09 18:22:50.140000,0.002,,,2025-01-09 18:22:46,2025-01-09 18:23:46
KAF/HE.KAF..HHZ__20250109T182350Z__20250109T182450Z.mseed,HE,KAF ,0,0,0,0,2025-01-09 18:23:54.690000,0.002,,,2025-01-09 18:23:50,2025-01-09 18:24:50
ECKF/HE.ECKF..CHE__20250109T182448Z__20250109T182548Z.mseed,HE,ECKF,0,0,0,0,,,,,2025-01-09 18:24:48,2025-01-09 18:25:48
RAJF/FN.RAJF..HHZ__20250109T184725Z__20250109T184825Z.mseed,FN,RAJF,0,0,0,0,2025-01-09 18:47:29.050000,0.038,,,2025-01-09 18:47:25,2025-01-09 18:48:25
FIC4/HE.FIC4..HHZ__20250109T190438Z__20250109T190538Z.mseed,HE,FIC4,0,0,0,0,2025-01-09 19:04:42.210000,0.001,,,2025-01-09 19:04:38,2025-01-09 19:05:38
OBF8/HE.OBF8..HHE__20250109T192236Z__20250109T192336Z.mseed,HE,OBF8,0,0,0,0,,,,,2025-01-09 19:22:36,2025-01-09 19:23:36
KJNF/HE.KJNF..CHZ__20250109T193135Z__20250109T193235Z.mseed,HE,KJNF,0,0,0,0,,,,,2025-01-09 19:31:35,2025-01-09 19:32:35
RAF/HE.RAF..HHZ__20250109T193647Z__20250109T193747Z.mseed,HE,RAF ,0,0,0,0,2025-01-09 19:36:51.250000,0.005,,,2025-01-09 19:36:47,2025-01-09 19:37:47
FIC2/HE.FIC2..HHE__20250109T194344Z__20250109T194444Z.mseed,HE,FIC2,0,0,0,0,,,,,2025-01-09 19:43:44,2025-01-09 19:44:44
KJNF/HE.KJNF..CHN__20250109T195114Z__20250109T195214Z.mseed,HE,KJNF,0,0,0,0,2025-01-09 19:51:21.872000,0.001,,,2025-01-09 19:51:14,2025-01-09 19:52:14
LAUT/HE.LAUT..HHE__20250109T195220Z__20250109T195320Z.mseed,HE,LAUT,0,0,0,0,,,,,2025-01-09 19:52:20,2025-01-09 19:53:20
AAL/UP.AAL..HHE__20250109T195832Z__20250109T195932Z.mseed,UP,AAL ,0,0,0,0,2025-01-09 19:58:36.720000,0.002,,,2025-01-09 19:58:32,2025-01-09 19:59:32
NUR/HE.NUR..HHE__20250109T200824Z__20250109T200924Z.mseed,HE,NUR ,0,0,0,0,,,,,2025-01-09 20:08:24,2025-01-09 20:09:24
FIB5/HE.FIB5..HHZ__20250109T202311Z__20250109T202411Z.mseed,HE,FIB5,0,0,0,0,,,,,2025-01-09 20:23:11,2025-01-09 20:24:11
OBF3/HE.OBF3..HHE__20250109T203132Z__20250109T203232Z.mseed,HE,OBF3,0,0,0,0,2025-01-09 20:31:36.412000,0.006,,,2025-01-09 20:31:32,2025-01-09 20:32:32
OBF3/HE.OBF3..HHE__20250109T203424Z__20250109T203524Z.mseed,HE,OBF3,0,0,0,0,2025-01-09 20:34:28.328000,0.002,,,2025-01-09 20:34:24,2025-01-09 20:35:24
RANF/FN.RANF..HHN__20250109T203517Z__20250109T203617Z.mseed,FN,RANF,0,0,0,0,2025-01-09 20:35:21.880000,0.001,,,2025-01-09 20:35:17,2025-01-09 20:36:17
VUOS/HE.VUOS..HHN__20250109T203741Z__20250109T203841Z.mseed,HE,VUOS,0,0,0,0,,,,,2025-01-09 20:37:41,2025-01-09 20:38:41
VJF/HE.VJF..HHZ__20250109T205645Z__20250109T205745Z.mseed,HE,VJF ,0,0,0,0,,,,,2025-01-09 20:56:45,2025-01-09 20:57:45
RUF/HE.RUF..HHN__20250109T210410Z__20250109T210510Z.mseed,HE,RUF ,0,0,0,0,,,,,2025-01-09 21:04:10,2025-01-09 21:05:10
VUOS/HE.VUOS..HHE__20250109T212140Z__20250109T212240Z.mseed,HE,VUOS,0,0,0,0,,,,,2025-01-09 21:21:40,2025-01-09 21:22:40
JOF/HE.JOF..HHZ__20250109T212250Z__20250109T212350Z.mseed,HE,JOF ,0,0,0,0,2025-01-09 21:22:54.230000,0.011,,,2025-01-09 21:22:50,2025-01-09 21:23:50
FIC1/HE.FIC1..HHZ__20250109T212539Z__20250109T212639Z.mseed,HE,FIC1,0,0,0,0,,,,,2025-01-09 21:25:39,2025-01-09 21:26:39
KY17/HE.KY17..CHE__20250109T212808Z__20250109T212908Z.mseed,HE,KY17,0,0,0,0,,,,,2025-01-09 21:28:08,2025-01-09 21:29:08
FIC2/HE.FIC2..HHE__20250109T214713Z__20250109T214813Z.mseed,HE,FIC2,0,0,0,0,2025-01-09 21:47:17.250000,0.001,,,2025-01-09 21:47:13,2025-01-09 21:48:13
HEL5/HE.HEL5..HHZ__20250109T215009Z__20250109T215109Z.mseed,HE,HEL5,0,0,0,0,,,,,2025-01-09 21:50:09,2025-01-09 21:51:09
KPF/HE.KPF..HHN__20250109T220708Z__20250109T220808Z.mseed,HE,KPF ,0,0,0,0,,,,,2025-01-09 22:07:08,2025-01-09 22:08:08
OLKF/FN.OLKF..BHE__20250109T220823Z__20250109T220923Z.mseed,FN,OLKF,0,0,0,0,,,,,2025-01-09 22:08:23,2025-01-09 22:09:23
KEF/HE.KEF..HHZ__20250109T222101Z__20250109T222201Z.mseed,HE,KEF ,0,0,0,0,,,,,2025-01-09 22:21:01,2025-01-09 22:22:01
PVF/HE.PVF..CHN__20250109T222337Z__20250109T222437Z.mseed,HE,PVF ,0,0,0,0,,,,,2025-01-09 22:23:37,2025-01-09 22:24:37
RUF/HE.RUF..HHZ__20250109T222408Z__20250109T222508Z.mseed,HE,RUF ,0,0,0,0,,,,,2025-01-09 22:24:08,2025-01-09 22:25:08
FIA1/HE.FIA1..HHZ__20250109T222625Z__20250109T222725Z.mseed,HE,FIA1,0,0,0,0,,,,,2025-01-09 22:26:25,2025-01-09 22:27:25
RANF/FN.RANF..BHZ__20250109T223230Z__20250109T223330Z.mseed,FN,RANF,0,0,0,0,,,,,2025-01-09 22:32:30,2025-01-09 22:33:30
NIF/HE.NIF..HHE__20250109T223919Z__20250109T224019Z.mseed,HE,NIF ,0,0,0,0,,,,,2025-01-09 22:39:19,2025-01-09 22:40:19
OBF0/HE.OBF0..SHZ__20250109T224802Z__20250109T224902Z.mseed,HE,OBF0,0,0,0,0,,,,,2025-01-09 22:48:02,2025-01-09 22:49:02
RANF/FN.RANF..HHE__20250109T225321Z__20250109T225421Z.mseed,FN,RANF,0,0,0,0,2025-01-09 22:53:25.580000,0.002,,,2025-01-09 22:53:21,2025-01-09 22:54:21
RAJF/FN.RAJF..BHZ__20250109T230209Z__20250109T230309Z.mseed,FN,RAJF,0,0,0,0,2025-01-09 23:02:13.330000,0.005,,,2025-01-09 23:02:09,2025-01-09 23:03:09
KAF/HE.KAF..HHN__20250109T231148Z__20250109T231248Z.mseed,HE,KAF ,0,0,0,0,,,,,2025-01-09 23:11:48,2025-01-09 23:12:48
KMNF/FN.KMNF..HHE__20250109T231758Z__20250109T231858Z.mseed,FN,KMNF,0,0,0,0,2025-01-09 23:18:02.130000,0.014,,,2025-01-09 23:17:58,2025-01-09 23:18:58
PVF/HE.PVF..CHE__20250109T231957Z__20250109T232057Z.mseed,HE,PVF ,0,0,0,0,2025-01-09 23:20:01.644000,0.006,,,2025-01-09 23:19:57,2025-01-09 23:20:57
KPF/HE.KPF..HHE__20250109T232139Z__20250109T232239Z.mseed,HE,KPF ,0,0,0,0,2025-01-09 23:21:43.292000,0.002,,,2025-01-09 23:21:39,2025-01-09 23:22:39
FIA2/HE.FIA2..HHZ__20250109T232515Z__20250109T232615Z.mseed,HE,FIA2,0,0,0,0,,,,,2025-01-09 23:25:15,2025-01-09 23:26:15
KAF/HE.KAF..HHZ__20250109T232748Z__20250109T232848Z.mseed,HE,KAF ,0,0,0,0,,,,,2025-01-09 23:27:48,2025-01-09 23:28:48
VUOS/HE.VUOS..HHN__20250109T232804Z__20250109T232904Z.mseed,HE,VUOS,0,0,0,0,2025-01-09 23:28:08.976000,0.003,,,2025-01-09 23:28:04,2025-01-09 23:29:04
KORF/HE.KORF..CHZ__20250109T232918Z__20250109T233018Z.mseed,HE,KORF,0,0,0,0,2025-01-09 23:29:22.556000,0.022,,,2025-01-09 23:29:18,2025-01-09 23:30:18
TOF/HE.TOF..HHN__20250109T233135Z__20250109T233235Z.mseed,HE,TOF ,0,0,0,0,,,,,2025-01-09 23:31:35,2025-01-09 23:32:35
FIB1/HE.FIB1..HHN__20250109T233207Z__20250109T233307Z.mseed,HE,FIB1,0,0,0,0,,,,,2025-01-09 23:32:07,2025-01-09 23:33:07
FIC3/HE.FIC3..HHZ__20250109T233955Z__20250109T234055Z.mseed,HE,FIC3,0,0,0,0,,,,,2025-01-09 23:39:55,2025-01-09 23:40:55
KU1/HE.KU1..SHN__20250109T234008Z__20250109T234108Z.mseed,HE,KU1 ,0,0,0,0,,,,,2025-01-09 23:40:08,2025-01-09 23:41:08
OBF0/HE.OBF0..SHE__20250109T235609Z__20250109T235709Z.mseed,HE,OBF0,0,0,0,0,2025-01-09 23:56:13.064000,0.007,,,2025-01-09 23:56:09,2025-01-09 23:57:09
HEL1/HE.HEL1..HHN__20250109T235744Z__20250109T235844Z.mseed,HE,HEL1,0,0,0,0,,,,,2025-01-09 23:57:44,2025-01-09 23:58:44
KUNI/HE.KUNI..HHZ__20250110T000217Z__20250110T000317Z.mseed,HE,KUNI,0,0,0,0,,,,,2025-01-10 00:02:17,2025-01-10 00:03:17
KU1/HE.KU1..SHN__20250110T001305Z__20250110T001405Z.mseed,HE,KU1 ,0,0,0,0,2025-01-10 00:13:10.044000,0.003,,,2025-01-10 00:13:05,2025-01-10 00:14:05
FIA1/HE.FIA1..HHN__20250110T001853Z__20250110T001953Z.mseed,HE,FIA1,0,0,0,0,2025-01-10 00:18:57.160000,0.007,,,2025-01-10 00:18:53,2025-01-10 00:19:53
PVF/HE.PVF..CHN__20250110T002143Z__20250110T002243Z.mseed,HE,PVF ,0,0,0,0,,,,,2025-01-10 00:21:43,2025-01-10 00:22:43
HEL1/HE.HEL1..HHE__20250110T002945Z__20250110T003045Z.mseed,HE,HEL1,0,0,0,0,,,,,2025-01-10 00:29:45,2025-01-10 00:30:45
MEF/HE.MEF..HHE__20250110T003625Z__20250110T003725Z.mseed,HE,MEF ,0,0,0,0,,,,,2025-01-10 00:36:25,2025-01-10 00:37:25
RUF/HE.RUF..HHZ__20250110T005302Z__20250110T005402Z.mseed,HE,RUF ,0,0,0,0,,,,,2025-01-10 00:53:02,2025-01-10 00:54:02
LOVF/HE.LOVF..CHN__20250110T005740Z__20250110T005840Z.mseed,HE,LOVF,0,0,0,0,2025-01-10 00:57:44.528000,0.012,,,2025-01-10 00:57:40,2025-01-10 00:58:40
NIF/HE.NIF..HHZ__20250110T010655Z__20250110T010755Z.mseed,HE,NIF ,0,0,0,0,,,,,2025-01-10 01:06:55,2025-01-10 01:07:55
LAUT/HE.LAUT..HHZ__20250110T011335Z__20250110T011435Z.mseed,HE,LAUT,0,0,0,0,,,,,2025-01-10 01:13:35,2025-01-10 01:14:35
VRF/HE.VRF..HHN__20250110T011845Z__20250110T011945Z.mseed,HE,VRF ,0,0,0,0,,,,,2025-01-10 01:18:45,2025-01-10 01:19:45
OBF8/HE.OBF8..HHZ__20250110T012401Z__20250110T012501Z.mseed,HE,OBF8,0,0,0,0,2025-01-10 01:24:06.728000,0.006,,,2025-01-10 01:24:01,2025-01-10 01:25:01
OBF8/HE.OBF8..HHN__20250110T012453Z__20250110T012553Z.mseed,HE,OBF8,0,0,0,0,,,,,2025-01-10 01:24:53,2025-01-10 01:25:53
FIC3/HE.FIC3..HHZ__20250110T015230Z__20250110T015330Z.mseed,HE,FIC3,0,0,0,0,,,,,2025-01-10 01:52:30,2025-01-10 01:53:30
FIB5/HE.FIB5..HHZ__20250110T015926Z__20250110T020026Z.mseed,HE,FIB5,0,0,0,0,2025-01-10 01:59:30.970000,0.009,,,2025-01-10 01:59:26,2025-01-10 02:00:26
KIF/HE.KIF..HHN__20250110T020346Z__20250110T020446Z.mseed,HE,KIF ,0,0,0,0,2025-01-10 02:03:50.410000,0.578,2025-01-10 02:03:58.570000,0.864,2025-01-10 02:03:46,2025-01-10 02:04:46
FIC2/HE.FIC2..HHE__20250110T022059Z__20250110T022159Z.mseed,HE,FIC2,0,0,0,0,,,,,2025-01-10 02:20:59,2025-01-10 02:21:59
FIC2/HE.FIC2..HHE__20250110T023918Z__20250110T024018Z.mseed,HE,FIC2,0,0,0,0,2025-01-10 02:39:22.620000,0.002,,,2025-01-10 02:39:18,2025-01-10 02:40:18
KLF/FN.KLF..BHE__20250110T024631Z__20250110T024731Z.mseed,FN,KLF ,0,0,0,0,2025-01-10 02:46:35.580000,0.004,,,2025-01-10 02:46:31,2025-01-10 02:47:31
HEL1/HE.HEL1..HHZ__20250110T025018Z__20250110T025118Z.mseed,HE,HEL1,0,0,0,0,,,,,2025-01-10 02:50:18,2025-01-10 02:51:18
FIB1/HE.FIB1..HHE__20250110T032632Z__20250110T032732Z.mseed,HE,FIB1,0,0,0,0,,,,,2025-01-10 03:26:32,2025-01-10 03:27:32
OBF3/HE.OBF3..HHN__20250110T032955Z__20250110T033055Z.mseed,HE,OBF3,0,0,0,0,2025-01-10 03:29:59.876000,0.001,,,2025-01-10 03:29:55,2025-01-10 03:30:55
OBF8/HE.OBF8..HHN__20250110T033819Z__20250110T033919Z.mseed,HE,OBF8,0,0,0,0,,,,,2025-01-10 03:38:19,2025-01-10 03:39:19
FIB3/HE.FIB3..HHZ__20250110T035621Z__20250110T035721Z.mseed,HE,FIB3,0,0,0,0,2025-01-10 03:56:26.080000,0.001,,,2025-01-10 03:56:21,2025-01-10 03:57:21
FIA0/HE.FIA0..HHE__20250110T040312Z__20250110T040412Z.mseed,HE,FIA0,0,0,0,0,2025-01-10 04:03:16.410000,0.006,,,2025-01-10 04:03:12,2025-01-10 04:04:12
FIB3/HE.FIB3..HHE__20250110T041915Z__20250110T042015Z.mseed,HE,FIB3,0,0,0,0,,,,,2025-01-10 04:19:15,2025-01-10 04:20:15
OBF3/HE.OBF3..HHZ__20250110T042025Z__20250110T042125Z.mseed,HE,OBF3,0,0,0,0,,,,,2025-01-10 04:20:25,2025-01-10 04:21:25
VJF/HE.VJF..HHN__20250110T042433Z__20250110T042533Z.mseed,HE,VJF ,0,0,0,0,,,,,2025-01-10 04:24:33,2025-01-10 04:25:33
KU6/HE.KU6..HHZ__20250110T043700Z__20250110T043800Z.mseed,HE,KU6 ,0,0,0,0,2025-01-10 04:37:04.930000,0.004,,,2025-01-10 04:37:00,2025-01-10 04:38:00
FIB5/HE.FIB5..HHZ__20250110T045833Z__20250110T045933Z.mseed,HE,FIB5,0,0,0,0,,,,,2025-01-10 04:58:33,2025-01-10 04:59:33
VAF/HE.VAF..HHN__20250110T051132Z__20250110T051232Z.mseed,HE,VAF ,0,0,0,0,2025-01-10 05:11:37.050000,0.011,,,2025-01-10 05:11:32,2025-01-10 05:12:32
OBF3/HE.OBF3..HHE__20250110T054034Z__20250110T054134Z.mseed,HE,OBF3,0,0,0,0,,,,,2025-01-10 05:40:34,2025-01-10 05:41:34
FIA0/HE.FIA0..HHE__20250110T054834Z__20250110T054934Z.mseed,HE,FIA0,0,0,0,0,2025-01-10 05:48:38.910000,0.002,,,2025-01-10 05:48:34,2025-01-10 05:49:34
LOVF/HE.LOVF..CHZ__20250110T055248Z__20250110T055348Z.mseed,HE,LOVF,0,0,0,0,2025-01-10 05:52:52.656000,0.059,,,2025-01-10 05:52:48,2025-01-10 05:53:48
KEV/HE.KEV..HHZ__20250110T055632Z__20250110T055732Z.mseed,HE,KEV ,0,0,0,0,2025-01-10 05:56:36.940000,0.002,,,2025-01-10 05:56:32,2025-01-10 05:57:32
NIF/HE.NIF..HHE__20250110T055957Z__20250110T060057Z.mseed,HE,NIF ,0,0,0,0,2025-01-10 06:00:01.872000,0.015,,,2025-01-10 05:59:57,2025-01-10 06:00:57
FIC5/HE.FIC5..HHN__20250110T060235Z__20250110T060335Z.mseed,HE,FIC5,0,0,0,0,,,,,2025-01-10 06:02:35,2025-01-10 06:03:35
TVF/HE.TVF..HHZ__20250110T060616Z__20250110T060716Z.mseed,HE,TVF ,0,0,0,0,,,,,2025-01-10 06:06:16,2025-01-10 06:07:16
AAL/UP.AAL..HHN__20250110T060712Z__20250110T060812Z.mseed,UP,AAL ,0,0,0,0,2025-01-10 06:07:16.650000,0.007,,,2025-01-10 06:07:12,2025-01-10 06:08:12
OBF3/HE.OBF3..HHE__20250110T062535Z__20250110T062635Z.mseed,HE,OBF3,0,0,0,0,,,,,2025-01-10 06:25:35,2025-01-10 06:26:35
PVF/HE.PVF..CHN__20250110T062537Z__20250110T062637Z.mseed,HE,PVF ,0,0,0,0,2025-01-10 06:25:41.552000,0.002,,,2025-01-10 06:25:37,2025-01-10 06:26:37
RUF/HE.RUF..HHN__20250110T063331Z__20250110T063431Z.mseed,HE,RUF ,0,0,0,0,2025-01-10 06:33:35.284000,0.006,,,2025-01-10 06:33:31,2025-01-10 06:34:31
FIC6/HE.FIC6..HHE__20250110T065511Z__20250110T065611Z.mseed,HE,FIC6,0,0,0,0,,,,,2025-01-10 06:55:11,2025-01-10 06:56:11
KU6/HE.KU6..HHN__20250110T070812Z__20250110T070912Z.mseed,HE,KU6 ,0,0,0,0,2025-01-10 07:08:16.520000,0.084,,,2025-01-10 07:08:12,2025-01-10 07:09:12
FIB1/HE.FIB1..HHE__20250110T071134Z__20250110T071234Z.mseed,HE,FIB1,0,0,0,0,,,,,2025-01-10 07:11:34,2025-01-10 07:12:34
OBF0/HE.OBF0..HHN__20250110T071337Z__20250110T071437Z.mseed,HE,OBF0,0,0,0,0,2025-01-10 07:13:41.336000,0.632,2025-01-10 07:13:52.306000,0.096,2025-01-10 07:13:37,2025-01-10 07:14:37
AAL/UP.AAL..HHZ__20250110T073505Z__20250110T073605Z.mseed,UP,AAL ,0,0,0,0,2025-01-10 07:35:09.660000,0.003,,,2025-01-10 07:35:05,2025-01-10 07:36:05
FIB3/HE.FIB3..HHE__20250110T075225Z__20250110T075325Z.mseed,HE,FIB3,0,0,0,0,,,,,2025-01-10 07:52:25,2025-01-10 07:53:25
FIB1/HE.FIB1..HHE__20250110T081104Z__20250110T081204Z.mseed,HE,FIB1,0,0,0,0,,,,,2025-01-10 08:11:04,2025-01-10 08:12:04
RANF/FN.RANF..HHN__20250110T084025Z__20250110T084125Z.mseed,FN,RANF,0,0,0,0,,,,,2025-01-10 08:40:25,2025-01-10 08:41:25
FIC1/HE.FIC1..HHN__20250110T085735Z__20250110T085835Z.mseed,HE,FIC1,0,0,0,0,2025-01-10 08:57:39.680000,0.028,,,2025-01-10 08:57:35,2025-01-10 08:58:35
MEF/HE.MEF..HHZ__20250110T085832Z__20250110T085932Z.mseed,HE,MEF ,0,0,0,0,,,,,2025-01-10 08:58:32,2025-01-10 08:59:32
RAF/HE.RAF..HHZ__20250110T091646Z__20250110T091746Z.mseed,HE,RAF ,0,0,0,0,2025-01-10 09:16:51.020000,0.004,,,2025-01-10 09:16:46,2025-01-10 09:17:46
KAF/HE.KAF..HHE__20250110T093838Z__20250110T093938Z.mseed,HE,KAF ,0,0,0,0,2025-01-10 09:38:42.290000,0.002,,,2025-01-10 09:38:38,2025-01-10 09:39:38
LAUT/HE.LAUT..HHZ__20250110T094310Z__20250110T094410Z.mseed,HE,LAUT,0,0,0,0,2025-01-10 09:43:14.104000,0.021,,,2025-01-10 09:43:10,2025-01-10 09:44:10
OUF/HE.OUF..HHZ__20250110T095359Z__20250110T095459Z.mseed,HE,OUF ,0,0,0,0,2025-01-10 09:54:03.280000,0.004,,,2025-01-10 09:53:59,2025-01-10 09:54:59
NUR/HE.NUR..HHZ__20250110T100229Z__20250110T100329Z.mseed,HE,NUR ,0,0,0,0,2025-01-10 10:02:33.352000,0.003,,,2025-01-10 10:02:29,2025-01-10 10:03:29
HEL5/HE.HEL5..HHZ__20250110T100843Z__20250110T100943Z.mseed,HE,HEL5,0,0,0,0,,,,,2025-01-10 10:08:43,2025-01-10 10:09:43
FIB4/HE.FIB4..HHN__20250110T101627Z__20250110T101727Z.mseed,HE,FIB4,0,0,0,0,,,,,2025-01-10 10:16:27,2025-01-10 10:17:27
FIC6/HE.FIC6..HHE__20250110T102109Z__20250110T102209Z.mseed,HE,FIC6,0,0,0,0,,,,,2025-01-10 10:21:09,2025-01-10 10:22:09
OBF8/HE.OBF8..HHZ__20250110T102625Z__20250110T102725Z.mseed,HE,OBF8,0,0,0,0,,,,,2025-01-10 10:26:25,2025-01-10 10:27:25
FIB4/HE.FIB4..HHE__20250110T103019Z__20250110T103119Z.mseed,HE,FIB4,0,0,0,0,,,,,2025-01-10 10:30:19,2025-01-10 10:31:19
KAF/HE.KAF..HHZ__20250110T103417Z__20250110T103517Z.mseed,HE,KAF ,0,0,0,0,2025-01-10 10:34:21.740000,0.006,,,2025-01-10 10:34:17,2025-01-10 10:35:17
SUF/HE.SUF..HHN__20250110T104939Z__20250110T105039Z.mseed,HE,SUF ,0,0,0,0,,,,,2025-01-10 10:49:39,2025-01-10 10:50:39
VUOS/HE.VUOS..HHN__20250110T105552Z__20250110T105652Z.mseed,HE,VUOS,0,0,0,0,,,,,2025-01-10 10:55:52,2025-01-10 10:56:52
SUF/HE.SUF..HHE__20250110T110036Z__20250110T110136Z.mseed,HE,SUF ,0,0,0,0,,,,,2025-01-10 11:00:36,2025-01-10 11:01:36
KUNI/HE.KUNI..HHZ__20250110T111631Z__20250110T111731Z.mseed,HE,KUNI,0,0,0,0,,,,,2025-01-10 11:16:31,2025-01-10 11:17:31
FIB2/HE.FIB2..HHN__20250110T112032Z__20250110T112132Z.mseed,HE,FIB2,0,0,0,0,,,,,2025-01-10 11:20:32,2025-01-10 11:21:32
VUOS/HE.VUOS..HHE__20250110T112858Z__20250110T112958Z.mseed,HE,VUOS,0,0,0,0,,,,,2025-01-10 11:28:58,2025-01-10 11:29:58
FIC2/HE.FIC2..HHN__20250110T114445Z__20250110T114545Z.mseed,HE,FIC2,0,0,0,0,,,,,2025-01-10 11:44:45,2025-01-10 11:45:45
FIC5/HE.FIC5..HHN__20250110T114617Z__20250110T114717Z.mseed,HE,FIC5,0,0,0,0,,,,,2025-01-10 11:46:17,2025-01-10 11:47:17
VAF/HE.VAF..HHN__20250110T120643Z__20250110T120743Z.mseed,HE,VAF ,0,0,0,0,2025-01-10 12:06:47.290000,0.015,,,2025-01-10 12:06:43,2025-01-10 12:07:43
KU6/HE.KU6..HHE__20250110T120846Z__20250110T120946Z.mseed,HE,KU6 ,0,0,0,0,2025-01-10 12:08:50.260000,0.002,,,2025-01-10 12:08:46,2025-01-10 12:09:46
RMF/HE.RMF..HHZ__20250110T121059Z__20250110T121159Z.mseed,HE,RMF ,0,0,0,0,,,,,2025-01-10 12:10:59,2025-01-10 12:11:59
KPF/HE.KPF..HHE__20250110T122313Z__20250110T122413Z.mseed,HE,KPF ,0,0,0,0,,,,,2025-01-10 12:23:13,2025-01-10 12:24:13
FIA1/HE.FIA1..HHE__20250110T123155Z__20250110T123255Z.mseed,HE,FIA1,0,0,0,0,2025-01-10 12:31:59.770000,0.006,,,2025-01-10 12:31:55,2025-01-10 12:32:55
VAF/HE.VAF..HHE__20250110T123518Z__20250110T123618Z.mseed,HE,VAF ,0,0,0,0,2025-01-10 12:35:22.980000,0.476,,,2025-01-10 12:35:18,2025-01-10 12:36:18
ALAJF/HE.ALAJF..HHZ__20250110T123518Z__20250110T123618Z.mseed,HE,ALAJF,0,0,0,0,2025-01-10 12:35:22.540000,0.001,,,2025-01-10 12:35:18,2025-01-10 12:36:18
FIA1/HE.FIA1..HHZ__20250110T123731Z__20250110T123831Z.mseed,HE,FIA1,0,0,0,0,,,,,2025-01-10 12:37:31,2025-01-10 12:38:31
OBF0/HE.OBF0..HHE__20250110T125804Z__20250110T125904Z.mseed,HE,OBF0,0,0,0,0,2025-01-10 12:58:08.872000,0.004,,,2025-01-10 12:58:04,2025-01-10 12:59:04
FIA2/HE.FIA2..HHE__20250110T125923Z__20250110T130023Z.mseed,HE,FIA2,0,0,0,0,2025-01-10 12:59:27.850000,0.002,,,2025-01-10 12:59:23,2025-01-10 13:00:23
KU1/HE.KU1..SHZ__20250110T132030Z__20250110T132130Z.mseed,HE,KU1 ,0,0,0,0,,,,,2025-01-10 13:20:30,2025-01-10 13:21:30
VUOS/HE.VUOS..HHN__20250110T133114Z__20250110T133214Z.mseed,HE,VUOS,0,0,0,0,,,,,2025-01-10 13:31:14,2025-01-10 13:32:14
ECKF/HE.ECKF..CHE__20250110T135917Z__20250110T140017Z.mseed,HE,ECKF,0,0,0,0,,,,,2025-01-10 13:59:17,2025-01-10 14:00:17
KLF/FN.KLF..BHZ__20250110T135944Z__20250110T140044Z.mseed,FN,KLF ,0,0,0,0,2025-01-10 13:59:48.730000,0.001,,,2025-01-10 13:59:44,2025-01-10 14:00:44
RANF/FN.RANF..BHE__20250110T141343Z__20250110T141443Z.mseed,FN,RANF,0,0,0,0,,,,,2025-01-10 14:13:43,2025-01-10 14:14:43
KY02/HE.KY02..CHN__20250110T141715Z__20250110T141815Z.mseed,HE,KY02,0,0,0,0,,,,,2025-01-10 14:17:15,2025-01-10 14:18:15
LOVF/HE.LOVF..CHN__20250110T141744Z__20250110T141844Z.mseed,HE,LOVF,0,0,0,0,2025-01-10 14:17:48.528000,0.017,,,2025-01-10 14:17:44,2025-01-10 14:18:44
KEV/HE.KEV..HHZ__20250110T142241Z__20250110T142341Z.mseed,HE,KEV ,0,0,0,0,2025-01-10 14:22:46,0.001,,,2025-01-10 14:22:41,2025-01-10 14:23:41
KUNI/HE.KUNI..HHZ__20250110T143104Z__20250110T143204Z.mseed,HE,KUNI,0,0,0,0,,,,,2025-01-10 14:31:04,2025-01-10 14:32:04
RSUO/HE.RSUO..HHE__20250110T143137Z__20250110T143237Z.mseed,HE,RSUO,0,0,0,0,,,,,2025-01-10 14:31:37,2025-01-10 14:32:37
NUR/HE.NUR..HHE__20250110T150132Z__20250110T150232Z.mseed,HE,NUR ,0,0,0,0,,,,,2025-01-10 15:01:32,2025-01-10 15:02:32
VRF/HE.VRF..HHE__20250110T151118Z__20250110T151218Z.mseed,HE,VRF ,0,0,0,0,2025-01-10 15:11:22.080000,0.009,,,2025-01-10 15:11:18,2025-01-10 15:12:18
KY02/HE.KY02..CHZ__20250110T151423Z__20250110T151523Z.mseed,HE,KY02,0,0,0,0,,,,,2025-01-10 15:14:23,2025-01-10 15:15:23
PVF/HE.PVF..CHZ__20250110T152930Z__20250110T153030Z.mseed,HE,PVF ,0,0,0,0,,,,,2025-01-10 15:29:30,2025-01-10 15:30:30
JOF/HE.JOF..HHZ__20250110T154821Z__20250110T154921Z.mseed,HE,JOF ,0,0,0,0,,,,,2025-01-10 15:48:21,2025-01-10 15:49:21
FIA1/HE.FIA1..HHN__20250110T155430Z__20250110T155530Z.mseed,HE,FIA1,0,0,0,0,2025-01-10 15:54:34.860000,0.015,,,2025-01-10 15:54:30,2025-01-10 15:55:30
FIA0/HE.FIA0..HHN__20250110T155903Z__20250110T160003Z.mseed,HE,FIA0,0,0,0,0,,,,,2025-01-10 15:59:03,2025-01-10 16:00:03
KMNF/FN.KMNF..HHN__20250110T160147Z__20250110T160247Z.mseed,FN,KMNF,0,0,0,0,2025-01-10 16:01:51.480000,0.039,,,2025-01-10 16:01:47,2025-01-10 16:02:47
RAJF/FN.RAJF..HHE__20250110T160638Z__20250110T160738Z.mseed,FN,RAJF,0,0,0,0,2025-01-10 16:06:42.450000,0.003,,,2025-01-10 16:06:38,2025-01-10 16:07:38
HEL1/HE.HEL1..HHZ__20250110T161659Z__20250110T161759Z.mseed,HE,HEL1,0,0,0,0,2025-01-10 16:17:03.560000,0.001,,,2025-01-10 16:16:59,2025-01-10 16:17:59
KU2/HE.KU2..SHZ__20250110T162401Z__20250110T162501Z.mseed,HE,KU2 ,0,0,0,0,,,,,2025-01-10 16:24:01,2025-01-10 16:25:01
FIA0/HE.FIA0..HHN__20250110T163151Z__20250110T163251Z.mseed,HE,FIA0,0,0,0,0,2025-01-10 16:31:55.990000,0.002,,,2025-01-10 16:31:51,2025-01-10 16:32:51
KIF/HE.KIF..HHE__20250110T164409Z__20250110T164509Z.mseed,HE,KIF ,0,0,0,0,,,,,2025-01-10 16:44:09,2025-01-10 16:45:09
FIC3/HE.FIC3..HHN__20250110T164744Z__20250110T164844Z.mseed,HE,FIC3,0,0,0,0,2025-01-10 16:47:48.600000,0.004,,,2025-01-10 16:47:44,2025-01-10 16:48:44
FIC5/HE.FIC5..HHN__20250110T165351Z__20250110T165451Z.mseed,HE,FIC5,0,0,0,0,2025-01-10 16:53:56.040000,0.002,,,2025-01-10 16:53:51,2025-01-10 16:54:51
JOF/HE.JOF..HHN__20250110T170312Z__20250110T170412Z.mseed,HE,JOF ,0,0,0,0,,,,,2025-01-10 17:03:12,2025-01-10 17:04:12
KY17/HE.KY17..CHE__20250110T171416Z__20250110T171516Z.mseed,HE,KY17,0,0,0,0,,,,,2025-01-10 17:14:16,2025-01-10 17:15:16
OUF/HE.OUF..HHZ__20250110T173316Z__20250110T173416Z.mseed,HE,OUF ,0,0,0,0,2025-01-10 17:33:20.410000,0.004,,,2025-01-10 17:33:16,2025-01-10 17:34:16
OBF3/HE.OBF3..HHZ__20250110T173432Z__20250110T173532Z.mseed,HE,OBF3,0,0,0,0,,,,,2025-01-10 17:34:32,2025-01-10 17:35:32
FIC5/HE.FIC5..HHN__20250110T175016Z__20250110T175116Z.mseed,HE,FIC5,0,0,0,0,,,,,2025-01-10 17:50:16,2025-01-10 17:51:16
NUR/HE.NUR..HHE__20250110T175432Z__20250110T175532Z.mseed,HE,NUR ,0,0,0,0,,,,,2025-01-10 17:54:32,2025-01-10 17:55:32
VJF/HE.VJF..HHZ__20250110T180544Z__20250110T180644Z.mseed,HE,VJF ,0,0,0,0,,,,,2025-01-10 18:05:44,2025-01-10 18:06:44
FIA0/HE.FIA0..HHE__20250110T181205Z__20250110T181305Z.mseed,HE,FIA0,0,0,0,0,2025-01-10 18:12:09.730000,0.009,,,2025-01-10 18:12:05,2025-01-10 18:13:05
RUF/HE.RUF..HHE__20250110T181839Z__20250110T181939Z.mseed,HE,RUF ,0,0,0,0,,,,,2025-01-10 18:18:39,2025-01-10 18:19:39
KEV/HE.KEV..HHE__20250110T182344Z__20250110T182444Z.mseed,HE,KEV ,0,0,0,0,2025-01-10 18:23:48.910000,0.002,2025-01-10 18:24:20.990000,0.163,2025-01-10 18:23:44,2025-01-10 18:24:44
KU1/HE.KU1..SHE__20250110T182358Z__20250110T182458Z.mseed,HE,KU1 ,0,0,0,0,2025-01-10 18:24:02.648000,0.582,2025-01-10 18:24:21.968000,0.663,2025-01-10 18:23:58,2025-01-10 18:24:58
RAJF/FN.RAJF..BHZ__20250110T183446Z__20250110T183546Z.mseed,FN,RAJF,0,0,0,0,2025-01-10 18:34:51.080000,0.047,,,2025-01-10 18:34:46,2025-01-10 18:35:46
VUOS/HE.VUOS..HHN__20250110T184435Z__20250110T184535Z.mseed,HE,VUOS,0,0,0,0,,,,,2025-01-10 18:44:35,2025-01-10 18:45:35
FIB5/HE.FIB5..HHZ__20250110T185225Z__20250110T185325Z.mseed,HE,FIB5,0,0,0,0,,,,,2025-01-10 18:52:25,2025-01-10 18:53:25
TVF/HE.TVF..HHN__20250110T185305Z__20250110T185405Z.mseed,HE,TVF ,0,0,0,0,,,,,2025-01-10 18:53:05,2025-01-10 18:54:05
VRF/HE.VRF..HHN__20250110T191132Z__20250110T191232Z.mseed,HE,VRF ,0,0,0,0,,,,,2025-01-10 19:11:32,2025-01-10 19:12:32
RSUO/HE.RSUO..HHE__20250110T191159Z__20250110T191259Z.mseed,HE,RSUO,0,0,0,0,,,,,2025-01-10 19:11:59,2025-01-10 19:12:59
KPF/HE.KPF..HHZ__20250110T192436Z__20250110T192536Z.mseed,HE,KPF ,0,0,0,0,2025-01-10 19:24:40.692000,0.084,,,2025-01-10 19:24:36,2025-01-10 19:25:36
VJF/HE.VJF..HHN__20250110T192629Z__20250110T192729Z.mseed,HE,VJF ,0,0,0,0,,,,,2025-01-10 19:26:29,2025-01-10 19:27:29
VRF/HE.VRF..HHE__20250110T195454Z__20250110T195554Z.mseed,HE,VRF ,0,0,0,0,,,,,2025-01-10 19:54:54,2025-01-10 19:55:54
FIC1/HE.FIC1..HHE__20250110T201612Z__20250110T201712Z.mseed,HE,FIC1,0,0,0,0,2025-01-10 20:16:16.440000,0.004,,,2025-01-10 20:16:12,2025-01-10 20:17:12
FIA0/HE.FIA0..HHN__20250110T203548Z__20250110T203648Z.mseed,HE,FIA0,0,0,0,0,2025-01-10 20:35:52.230000,0.004,,,2025-01-10 20:35:48,2025-01-10 20:36:48
KMNF/FN.KMNF..BHZ__20250110T211542Z__20250110T211642Z.mseed,FN,KMNF,0,0,0,0,2025-01-10 21:15:46.180000,0.004,,,2025-01-10 21:15:42,2025-01-10 21:16:42
KY17/HE.KY17..CHE__20250110T213519Z__20250110T213619Z.mseed,HE,KY17,0,0,0,0,,,,,2025-01-10 21:35:19,2025-01-10 21:36:19
KEF/HE.KEF..HHE__20250110T213925Z__20250110T214025Z.mseed,HE,KEF ,0,0,0,0,2025-01-10 21:39:30.030000,0.029,,,2025-01-10 21:39:25,2025-01-10 21:40:25
FIC3/HE.FIC3..HHE__20250110T214323Z__20250110T214423Z.mseed,HE,FIC3,0,0,0,0,,,,,2025-01-10 21:43:23,2025-01-10 21:44:23
FIA0/HE.FIA0..HHN__20250110T214744Z__20250110T214844Z.mseed,HE,FIA0,0,0,0,0,,,,,2025-01-10 21:47:44,2025-01-10 21:48:44
FIA3/HE.FIA3..HHZ__20250110T215315Z__20250110T215415Z.mseed,HE,FIA3,0,0,0,0,2025-01-10 21:53:19.790000,0.005,,,2025-01-10 21:53:15,2025-01-10 21:54:15
FIB2/HE.FIB2..HHE__20250110T215758Z__20250110T215858Z.mseed,HE,FIB2,0,0,0,0,2025-01-10 21:58:02.350000,0.001,,,2025-01-10 21:57:58,2025-01-10 21:58:58
PVF/HE.PVF..CHZ__20250110T220705Z__20250110T220805Z.mseed,HE,PVF ,0,0,0,0,2025-01-10 22:07:10.076000,0.041,,,2025-01-10 22:07:05,2025-01-10 22:08:05
HEL2/HE.HEL2..HHN__20250110T220908Z__20250110T221008Z.mseed,HE,HEL2,0,0,0,0,,,,,2025-01-10 22:09:08,2025-01-10 22:10:08
ALAJF/HE.ALAJF..HHN__20250110T221614Z__20250110T221714Z.mseed,HE,ALAJF,0,0,0,0,2025-01-10 22:16:18.248000,0.115,,,2025-01-10 22:16:14,2025-01-10 22:17:14
RAJF/FN.RAJF..HHN__20250110T222133Z__20250110T222233Z.mseed,FN,RAJF,0,0,0,0,2025-01-10 22:21:37.900000,0.014,,,2025-01-10 22:21:33,2025-01-10 22:22:33
JOF/HE.JOF..HHN__20250110T225224Z__20250110T225324Z.mseed,HE,JOF ,0,0,0,0,2025-01-10 22:52:28.290000,0.362,,,2025-01-10 22:52:24,2025-01-10 22:53:24
ALAJF/HE.ALAJF..HHZ__20250110T225458Z__20250110T225558Z.mseed,HE,ALAJF,0,0,0,0,,,,,2025-01-10 22:54:58,2025-01-10 22:55:58
KEF/HE.KEF..HHE__20250110T230222Z__20250110T230322Z.mseed,HE,KEF ,0,0,0,0,2025-01-10 23:02:26.790000,0.024,,,2025-01-10 23:02:22,2025-01-10 23:03:22
OBF8/HE.OBF8..HHN__20250110T230415Z__20250110T230515Z.mseed,HE,OBF8,0,0,0,0,,,,,2025-01-10 23:04:15,2025-01-10 23:05:15
FIC3/HE.FIC3..HHN__20250110T230418Z__20250110T230518Z.mseed,HE,FIC3,0,0,0,0,2025-01-10 23:04:22.390000,0.012,,,2025-01-10 23:04:18,2025-01-10 23:05:18
FIC2/HE.FIC2..HHZ__20250110T231213Z__20250110T231313Z.mseed,HE,FIC2,0,0,0,0,2025-01-10 23:12:17.760000,0.005,,,2025-01-10 23:12:13,2025-01-10 23:13:13
OUF/HE.OUF..HHE__20250110T231330Z__20250110T231430Z.mseed,HE,OUF ,0,0,0,0,2025-01-10 23:13:32.280000,0.152,2025-01-10 23:13:33.900000,0.721,2025-01-10 23:13:30,2025-01-10 23:14:30
OLKF/FN.OLKF..HHN__20250110T232012Z__20250110T232112Z.mseed,FN,OLKF,0,0,0,0,,,,,2025-01-10 23:20:12,2025-01-10 23:21:12
LAUT/HE.LAUT..HHZ__20250110T232436Z__20250110T232536Z.mseed,HE,LAUT,0,0,0,0,2025-01-10 23:24:40.952000,0.001,,,2025-01-10 23:24:36,2025-01-10 23:25:36
FIB5/HE.FIB5..HHE__20250110T233020Z__20250110T233120Z.mseed,HE,FIB5,0,0,0,0,2025-01-10 23:30:24.070000,0.009,,,2025-01-10 23:30:20,2025-01-10 23:31:20
RANF/FN.RANF..BHN__20250110T233102Z__20250110T233202Z.mseed,FN,RANF,0,0,0,0,2025-01-10 23:31:06.080000,0.003,2025-01-10 23:31:23.770000,0.034,2025-01-10 23:31:02,2025-01-10 23:32:02
RANF/FN.RANF..HHN__20250110T233525Z__20250110T233625Z.mseed,FN,RANF,0,0,0,0,2025-01-10 23:35:29.560000,0.029,,,2025-01-10 23:35:25,2025-01-10 23:36:25
ALAJF/HE.ALAJF..HHE__20250110T234239Z__20250110T234339Z.mseed,HE,ALAJF,0,0,0,0,,,,,2025-01-10 23:42:39,2025-01-10 23:43:39
FIA3/HE.FIA3..HHZ__20250110T234433Z__20250110T234533Z.mseed,HE,FIA3,0,0,0,0,2025-01-10 23:44:37.760000,0.003,,,2025-01-10 23:44:33,2025-01-10 23:45:33
FIA1/HE.FIA1..HHZ__20250110T235007Z__20250110T235107Z.mseed,HE,FIA1,0,0,0,0,2025-01-10 23:50:11.430000,0.093,,,2025-01-10 23:50:07,2025-01-10 23:51:07
JOF/HE.JOF..HHN__20250110T235250Z__20250110T235350Z.mseed,HE,JOF ,0,0,0,0,,,,,2025-01-10 23:52:50,2025-01-10 23:53:50
OUF/HE.OUF..HHZ__20250111T001741Z__20250111T001841Z.mseed,HE,OUF ,0,0,0,0,2025-01-11 00:17:45.030000,0.001,,,2025-01-11 00:17:41,2025-01-11 00:18:41
LOVF/HE.LOVF..CHN__20250111T002239Z__20250111T002339Z.mseed,HE,LOVF,0,0,0,0,2025-01-11 00:22:43.752000,0.005,,,2025-01-11 00:22:39,2025-01-11 00:23:39
HEL5/HE.HEL5..HHN__20250111T002854Z__20250111T002954Z.mseed,HE,HEL5,0,0,0,0,,,,,2025-01-11 00:28:54,2025-01-11 00:29:54
KU2/HE.KU2..SHN__20250111T002941Z__20250111T003041Z.mseed,HE,KU2 ,0,0,0,0,2025-01-11 00:29:45.416000,0.02,,,2025-01-11 00:29:41,2025-01-11 00:30:41
RMF/HE.RMF..HHZ__20250111T003842Z__20250111T003942Z.mseed,HE,RMF ,0,0,0,0,,,,,2025-01-11 00:38:42,2025-01-11 00:39:42
LAUT/HE.LAUT..HHN__20250111T004137Z__20250111T004237Z.mseed,HE,LAUT,0,0,0,0,2025-01-11 00:41:41.876000,0.042,2025-01-11 00:41:57.416000,0.046,2025-01-11 00:41:37,2025-01-11 00:42:37
RAF/HE.RAF..HHZ__20250111T005534Z__20250111T005634Z.mseed,HE,RAF ,0,0,0,0,2025-01-11 00:55:38.310000,0.069,,,2025-01-11 00:55:34,2025-01-11 00:56:34
KAF/HE.KAF..HHN__20250111T005558Z__20250111T005658Z.mseed,HE,KAF ,0,0,0,0,2025-01-11 00:56:02.650000,0.01,,,2025-01-11 00:55:58,2025-01-11 00:56:58
PVF/HE.PVF..CHE__20250111T005749Z__20250111T005849Z.mseed,HE,PVF ,0,0,0,0,2025-01-11 00:57:53.360000,0.001,,,2025-01-11 00:57:49,2025-01-11 00:58:49
OBF0/HE.OBF0..SHE__20250111T010934Z__20250111T011034Z.mseed,HE,OBF0,0,0,0,0,,,,,2025-01-11 01:09:34,2025-01-11 01:10:34
VUOS/HE.VUOS..HHE__20250111T012922Z__20250111T013022Z.mseed,HE,VUOS,0,0,0,0,,,,,2025-01-11 01:29:22,2025-01-11 01:30:22
FIB1/HE.FIB1..HHN__20250111T013841Z__20250111T013941Z.mseed,HE,FIB1,0,0,0,0,2025-01-11 01:38:45.550000,0.008,,,2025-01-11 01:38:41,2025-01-11 01:39:41
FIC5/HE.FIC5..HHN__20250111T014429Z__20250111T014529Z.mseed,HE,FIC5,0,0,0,0,2025-01-11 01:44:33.590000,0.001,,,2025-01-11 01:44:29,2025-01-11 01:45:29
VAF/HE.VAF..HHE__20250111T014736Z__20250111T014836Z.mseed,HE,VAF ,0,0,0,0,2025-01-11 01:47:40.510000,0.16,,,2025-01-11 01:47:36,2025-01-11 01:48:36
LAUT/HE.LAUT..HHN__20250111T014835Z__20250111T014935Z.mseed,HE,LAUT,0,0,0,0,,,,,2025-01-11 01:48:35,2025-01-11 01:49:35
FIB4/HE.FIB4..HHN__20250111T015255Z__20250111T015355Z.mseed,HE,FIB4,0,0,0,0,2025-01-11 01:52:59.990000,0.016,,,2025-01-11 01:52:55,2025-01-11 01:53:55
FIC6/HE.FIC6..HHE__20250111T015713Z__20250111T015813Z.mseed,HE,FIC6,0,0,0,0,2025-01-11 01:57:17.850000,0.005,,,2025-01-11 01:57:13,2025-01-11 01:58:13
RAJF/FN.RAJF..HHZ__20250111T015925Z__20250111T020025Z.mseed,FN,RAJF,0,0,0,0,,,,,2025-01-11 01:59:25,2025-01-11 02:00:25
LAUT/HE.LAUT..HHE__20250111T021831Z__20250111T021931Z.mseed,HE,LAUT,0,0,0,0,2025-01-11 02:18:35.288000,0.002,,,2025-01-11 02:18:31,2025-01-11 02:19:31
OLKF/FN.OLKF..HHN__20250111T023130Z__20250111T023230Z.mseed,FN,OLKF,0,0,0,0,2025-01-11 02:31:34.550000,0.001,,,2025-01-11 02:31:30,2025-01-11 02:32:30
KMNF/FN.KMNF..BHZ__20250111T023414Z__20250111T023514Z.mseed,FN,KMNF,0,0,0,0,2025-01-11 02:34:18.730000,0.003,,,2025-01-11 02:34:14,2025-01-11 02:35:14
KEF/HE.KEF..HHZ__20250111T023736Z__20250111T023836Z.mseed,HE,KEF ,0,0,0,0,2025-01-11 02:37:40.320000,0.002,,,2025-01-11 02:37:36,2025-01-11 02:38:36
FIC1/HE.FIC1..HHN__20250111T030821Z__20250111T030921Z.mseed,HE,FIC1,0,0,0,0,2025-01-11 03:08:25.610000,0.046,,,2025-01-11 03:08:21,2025-01-11 03:09:21
KIF/HE.KIF..HHE__20250111T031451Z__20250111T031551Z.mseed,HE,KIF ,0,0,0,0,,,,,2025-01-11 03:14:51,2025-01-11 03:15:51
FIB2/HE.FIB2..HHZ__20250111T032444Z__20250111T032544Z.mseed,HE,FIB2,0,0,0,0,,,,,2025-01-11 03:24:44,2025-01-11 03:25:44
KORF/HE.KORF..CHN__20250111T034535Z__20250111T034635Z.mseed,HE,KORF,0,0,0,0,,,,,2025-01-11 03:45:35,2025-01-11 03:46:35
HEF/HE.HEF..HHN__20250111T035417Z__20250111T035517Z.mseed,HE,HEF ,0,0,0,0,,,,,2025-01-11 03:54:17,2025-01-11 03:55:17
VRF/HE.VRF..HHE__20250111T035858Z__20250111T035958Z.mseed,HE,VRF ,0,0,0,0,,,,,2025-01-11 03:58:58,2025-01-11 03:59:58
SUF/HE.SUF..HHE__20250111T040225Z__20250111T040325Z.mseed,HE,SUF ,0,0,0,0,,,,,2025-01-11 04:02:25,2025-01-11 04:03:25
NUR/HE.NUR..HHZ__20250111T041726Z__20250111T041826Z.mseed,HE,NUR ,0,0,0,0,2025-01-11 04:17:30.636000,0.006,,,2025-01-11 04:17:26,2025-01-11 04:18:26
VUOS/HE.VUOS..HHE__20250111T043205Z__20250111T043305Z.mseed,HE,VUOS,0,0,0,0,,,,,2025-01-11 04:32:05,2025-01-11 04:33:05
FIB2/HE.FIB2..HHE__20250111T043228Z__20250111T043328Z.mseed,HE,FIB2,0,0,0,0,,,,,2025-01-11 04:32:28,2025-01-11 04:33:28
FIC5/HE.FIC5..HHE__20250111T045438Z__20250111T045538Z.mseed,HE,FIC5,0,0,0,0,,,,,2025-01-11 04:54:38,2025-01-11 04:55:38
VUOS/HE.VUOS..HHN__20250111T050339Z__20250111T050439Z.mseed,HE,VUOS,0,0,0,0,,,,,2025-01-11 05:03:39,2025-01-11 05:04:39
KU6/HE.KU6..HHZ__20250111T052322Z__20250111T052422Z.mseed,HE,KU6 ,0,0,0,0,2025-01-11 05:23:26.890000,0.021,,,2025-01-11 05:23:22,2025-01-11 05:24:22
KLF/FN.KLF..HHE__20250111T052330Z__20250111T052430Z.mseed,FN,KLF ,0,0,0,0,2025-01-11 05:23:34.280000,0.002,,,2025-01-11 05:23:30,2025-01-11 05:24:30
RMF/HE.RMF..HHE__20250111T052844Z__20250111T052944Z.mseed,HE,RMF ,0,0,0,0,,,,,2025-01-11 05:28:44,2025-01-11 05:29:44
MEF/HE.MEF..HHN__20250111T060534Z__20250111T060634Z.mseed,HE,MEF ,0,0,0,0,,,,,2025-01-11 06:05:34,2025-01-11 06:06:34
HEL1/HE.HEL1..HHZ__20250111T060757Z__20250111T060857Z.mseed,HE,HEL1,0,0,0,0,,,,,2025-01-11 06:07:57,2025-01-11 06:08:57
FIC3/HE.FIC3..HHE__20250111T060905Z__20250111T061005Z.mseed,HE,FIC3,0,0,0,0,2025-01-11 06:09:09.510000,0.011,,,2025-01-11 06:09:05,2025-01-11 06:10:05
KY02/HE.KY02..CHZ__20250111T062004Z__20250111T062104Z.mseed,HE,KY02,0,0,0,0,,,,,2025-01-11 06:20:04,2025-01-11 06:21:04
HEL1/HE.HEL1..HHE__20250111T063322Z__20250111T063422Z.mseed,HE,HEL1,0,0,0,0,,,,,2025-01-11 06:33:22,2025-01-11 06:34:22
KEV/HE.KEV..HHN__20250111T063900Z__20250111T064000Z.mseed,HE,KEV ,0,0,0,0,2025-01-11 06:39:04.950000,0.005,,,2025-01-11 06:39:00,2025-01-11 06:40:00
OBF3/HE.OBF3..HHE__20250111T065308Z__20250111T065408Z.mseed,HE,OBF3,0,0,0,0,,,,,2025-01-11 06:53:08,2025-01-11 06:54:08
OLKF/FN.OLKF..HHZ__20250111T070401Z__20250111T070501Z.mseed,FN,OLKF,0,0,0,0,2025-01-11 07:04:05.690000,0.059,,,2025-01-11 07:04:01,2025-01-11 07:05:01
ECKF/HE.ECKF..CHN__20250111T071415Z__20250111T071515Z.mseed,HE,ECKF,0,0,0,0,,,,,2025-01-11 07:14:15,2025-01-11 07:15:15
KY17/HE.KY17..CHZ__20250111T071820Z__20250111T071920Z.mseed,HE,KY17,0,0,0,0,,,,,2025-01-11 07:18:20,2025-01-11 07:19:20
FIB6/HE.FIB6..HHE__20250111T072325Z__20250111T072425Z.mseed,HE,FIB6,0,0,0,0,,,,,2025-01-11 07:23:25,2025-01-11 07:24:25
VAF/HE.VAF..HHN__20250111T073220Z__20250111T073320Z.mseed,HE,VAF ,0,0,0,0,2025-01-11 07:32:24.610000,0.063,,,2025-01-11 07:32:20,2025-01-11 07:33:20
FIB6/HE.FIB6..HHZ__20250111T074409Z__20250111T074509Z.mseed,HE,FIB6,0,0,0,0,,,,,2025-01-11 07:44:09,2025-01-11 07:45:09
VUOS/HE.VUOS..HHZ__20250111T075419Z__20250111T075519Z.mseed,HE,VUOS,0,0,0,0,2025-01-11 07:54:23.724000,0.006,,,2025-01-11 07:54:19,2025-01-11 07:55:19
HEL5/HE.HEL5..HHE__20250111T080345Z__20250111T080445Z.mseed,HE,HEL5,0,0,0,0,,,,,2025-01-11 08:03:45,2025-01-11 08:04:45
KLF/FN.KLF..BHN__20250111T080510Z__20250111T080610Z.mseed,FN,KLF ,0,0,0,0,,,,,2025-01-11 08:05:10,2025-01-11 08:06:10
RAJF/FN.RAJF..HHZ__20250111T081842Z__20250111T081942Z.mseed,FN,RAJF,0,0,0,0,2025-01-11 08:18:46.580000,0.068,,,2025-01-11 08:18:42,2025-01-11 08:19:42
KAF/HE.KAF..HHE__20250111T082008Z__20250111T082108Z.mseed,HE,KAF ,0,0,0,0,2025-01-11 08:20:12.830000,0.001,,,2025-01-11 08:20:08,2025-01-11 08:21:08
KU6/HE.KU6..HHN__20250111T082322Z__20250111T082422Z.mseed,HE,KU6 ,0,0,0,0,2025-01-11 08:23:26.370000,0.003,,,2025-01-11 08:23:22,2025-01-11 08:24:22
FIC3/HE.FIC3..HHE__20250111T083625Z__20250111T083725Z.mseed,HE,FIC3,0,0,0,0,,,,,2025-01-11 08:36:25,2025-01-11 08:37:25
KU6/HE.KU6..HHE__20250111T083910Z__20250111T084010Z.mseed,HE,KU6 ,0,0,0,0,2025-01-11 08:39:14.340000,0.014,,,2025-01-11 08:39:10,2025-01-11 08:40:10
OBF3/HE.OBF3..HHE__20250111T084417Z__20250111T084517Z.mseed,HE,OBF3,0,0,0,0,2025-01-11 08:44:21.172000,0.211,,,2025-01-11 08:44:17,2025-01-11 08:45:17
HEF/HE.HEF..HHN__20250111T084445Z__20250111T084545Z.mseed,HE,HEF ,0,0,0,0,2025-01-11 08:44:49.750000,0.031,,,2025-01-11 08:44:45,2025-01-11 08:45:45
VJF/HE.VJF..HHE__20250111T092932Z__20250111T093032Z.mseed,HE,VJF ,0,0,0,0,,,,,2025-01-11 09:29:32,2025-01-11 09:30:32
KUNI/HE.KUNI..HHE__20250111T093602Z__20250111T093702Z.mseed,HE,KUNI,0,0,0,0,,,,,2025-01-11 09:36:02,2025-01-11 09:37:02
OLKF/FN.OLKF..HHN__20250111T093628Z__20250111T093728Z.mseed,FN,OLKF,0,0,0,0,2025-01-11 09:36:32.780000,0.007,,,2025-01-11 09:36:28,2025-01-11 09:37:28
ECKF/HE.ECKF..CHZ__20250111T093804Z__20250111T093904Z.mseed,HE,ECKF,0,0,0,0,,,,,2025-01-11 09:38:04,2025-01-11 09:39:04
FIC6/HE.FIC6..HHZ__20250111T100713Z__20250111T100813Z.mseed,HE,FIC6,0,0,0,0,,,,,2025-01-11 10:07:13,2025-01-11 10:08:13
LAUT/HE.LAUT..HHZ__20250111T102412Z__20250111T102512Z.mseed,HE,LAUT,0,0,0,0,,,,,2025-01-11 10:24:12,2025-01-11 10:25:12
KEV/HE.KEV..HHZ__20250111T102551Z__20250111T102651Z.mseed,HE,KEV ,0,0,0,0,2025-01-11 10:25:55.460000,0.048,,,2025-01-11 10:25:51,2025-01-11 10:26:51
FIB3/HE.FIB3..HHZ__20250111T103424Z__20250111T103524Z.mseed,HE,FIB3,0,0,0,0,,,,,2025-01-11 10:34:24,2025-01-11 10:35:24
MEF/HE.MEF..HHZ__20250111T105055Z__20250111T105155Z.mseed,HE,MEF ,0,0,0,0,,,,,2025-01-11 10:50:55,2025-01-11 10:51:55
FIC3/HE.FIC3..HHE__20250111T105247Z__20250111T105347Z.mseed,HE,FIC3,0,0,0,0,2025-01-11 10:52:51.450000,0.008,,,2025-01-11 10:52:47,2025-01-11 10:53:47
KY02/HE.KY02..CHZ__20250111T110028Z__20250111T110128Z.mseed,HE,KY02,0,0,0,0,2025-01-11 11:00:32.356000,0.001,,,2025-01-11 11:00:28,2025-01-11 11:01:28
SUF/HE.SUF..HHZ__20250111T110717Z__20250111T110817Z.mseed,HE,SUF ,0,0,0,0,2025-01-11 11:07:21.756000,0.002,,,2025-01-11 11:07:17,2025-01-11 11:08:17
RAF/HE.RAF..HHE__20250111T111338Z__20250111T111438Z.mseed,HE,RAF ,0,0,0,0,2025-01-11 11:13:42.250000,0.001,,,2025-01-11 11:13:38,2025-01-11 11:14:38
VRF/HE.VRF..HHZ__20250111T111924Z__20250111T112024Z.mseed,HE,VRF ,0,0,0,0,2025-01-11 11:19:28.600000,0.042,,,2025-01-11 11:19:24,2025-01-11 11:20:24
KPF/HE.KPF..HHE__20250111T113431Z__20250111T113531Z.mseed,HE,KPF ,0,0,0,0,2025-01-11 11:34:35.136000,0.012,,,2025-01-11 11:34:31,2025-01-11 11:35:31
OBF8/HE.OBF8..HHE__20250111T115354Z__20250111T115454Z.mseed,HE,OBF8,0,0,0,0,,,,,2025-01-11 11:53:54,2025-01-11 11:54:54
FIA3/HE.FIA3..HHN__20250111T115834Z__20250111T115934Z.mseed,HE,FIA3,0,0,0,0,2025-01-11 11:58:38.950000,0.002,,,2025-01-11 11:58:34,2025-01-11 11:59:34
TRE03/HE.TRE03..CHE__20250111T120254Z__20250111T120354Z.mseed,HE,TRE03,0,0,0,0,,,,,2025-01-11 12:02:54,2025-01-11 12:03:54
JOF/HE.JOF..HHE__20250111T121552Z__20250111T121652Z.mseed,HE,JOF ,0,0,0,0,2025-01-11 12:15:56.980000,0.007,,,2025-01-11 12:15:52,2025-01-11 12:16:52
RUF/HE.RUF..HHZ__20250111T123620Z__20250111T123720Z.mseed,HE,RUF ,0,0,0,0,2025-01-11 12:36:24.252000,0.003,,,2025-01-11 12:36:20,2025-01-11 12:37:20
FIC4/HE.FIC4..HHZ__20250111T124618Z__20250111T124718Z.mseed,HE,FIC4,0,0,0,0,,,,,2025-01-11 12:46:18,2025-01-11 12:47:18
FIB1/HE.FIB1..HHE__20250111T124726Z__20250111T124826Z.mseed,HE,FIB1,0,0,0,0,2025-01-11 12:47:30.890000,0.004,,,2025-01-11 12:47:26,2025-01-11 12:48:26
FIC4/HE.FIC4..HHE__20250111T125221Z__20250111T125321Z.mseed,HE,FIC4,0,0,0,0,,,,,2025-01-11 12:52:21,2025-01-11 12:53:21
FIC1/HE.FIC1..HHN__20250111T125838Z__20250111T125938Z.mseed,HE,FIC1,0,0,0,0,2025-01-11 12:58:42.970000,0.014,,,2025-01-11 12:58:38,2025-01-11 12:59:38
RMF/HE.RMF..HHN__20250111T131052Z__20250111T131152Z.mseed,HE,RMF ,0,0,0,0,2025-01-11 13:10:56.660000,0.039,,,2025-01-11 13:10:52,2025-01-11 13:11:52
OBF3/HE.OBF3..HHE__20250111T132452Z__20250111T132552Z.mseed,HE,OBF3,0,0,0,0,2025-01-11 13:24:56.480000,0.074,,,2025-01-11 13:24:52,2025-01-11 13:25:52
VJF/HE.VJF..HHE__20250111T133119Z__20250111T133219Z.mseed,HE,VJF ,0,0,0,0,,,,,2025-01-11 13:31:19,2025-01-11 13:32:19
KMNF/FN.KMNF..BHN__20250111T134120Z__20250111T134220Z.mseed,FN,KMNF,0,0,0,0,2025-01-11 13:41:24.480000,0.003,,,2025-01-11 13:41:20,2025-01-11 13:42:20
FIA2/HE.FIA2..HHZ__20250111T134653Z__20250111T134753Z.mseed,HE,FIA2,0,0,0,0,2025-01-11 13:46:57.170000,0.004,,,2025-01-11 13:46:53,2025-01-11 13:47:53
NIF/HE.NIF..HHN__20250111T134906Z__20250111T135006Z.mseed,HE,NIF ,0,0,0,0,2025-01-11 13:49:10.552000,0.002,,,2025-01-11 13:49:06,2025-01-11 13:50:06
HEL2/HE.HEL2..HHZ__20250111T135952Z__20250111T140052Z.mseed,HE,HEL2,0,0,0,0,2025-01-11 13:59:57.036000,0.007,,,2025-01-11 13:59:52,2025-01-11 14:00:52
JOF/HE.JOF..HHE__20250111T140200Z__20250111T140300Z.mseed,HE,JOF ,0,0,0,0,,,,,2025-01-11 14:02:00,2025-01-11 14:03:00
VUOS/HE.VUOS..HHE__20250111T140320Z__20250111T140420Z.mseed,HE,VUOS,0,0,0,0,,,,,2025-01-11 14:03:20,2025-01-11 14:04:20
RAF/HE.RAF..HHN__20250111T140514Z__20250111T140614Z.mseed,HE,RAF ,0,0,0,0,2025-01-11 14:05:18.630000,0.007,,,2025-01-11 14:05:14,2025-01-11 14:06:14
HEL1/HE.HEL1..HHZ__20250111T142210Z__20250111T142310Z.mseed,HE,HEL1,0,0,0,0,2025-01-11 14:22:14.936000,0.729,2025-01-11 14:22:30.286000,0.577,2025-01-11 14:22:10,2025-01-11 14:23:10
RAJF/FN.RAJF..BHN__20250111T142543Z__20250111T142643Z.mseed,FN,RAJF,0,0,0,0,,,,,2025-01-11 14:25:43,2025-01-11 14:26:43
OLKF/FN.OLKF..HHZ__20250111T144344Z__20250111T144444Z.mseed,FN,OLKF,0,0,0,0,2025-01-11 14:43:48.530000,0.003,,,2025-01-11 14:43:44,2025-01-11 14:44:44
VAF/HE.VAF..HHZ__20250111T144600Z__20250111T144700Z.mseed,HE,VAF ,0,0,0,0,2025-01-11 14:46:04.830000,0.08,,,2025-01-11 14:46:00,2025-01-11 14:47:00
AAL/UP.AAL..HHN__20250111T153147Z__20250111T153247Z.mseed,UP,AAL ,0,0,0,0,,,,,2025-01-11 15:31:47,2025-01-11 15:32:47
RSUO/HE.RSUO..HHE__20250111T155455Z__20250111T155555Z.mseed,HE,RSUO,0,0,0,0,,,,,2025-01-11 15:54:55,2025-01-11 15:55:55
FIC6/HE.FIC6..HHN__20250111T162252Z__20250111T162352Z.mseed,HE,FIC6,0,0,0,0,2025-01-11 16:22:56.380000,0.003,,,2025-01-11 16:22:52,2025-01-11 16:23:52
KLF/FN.KLF..HHZ__20250111T162342Z__20250111T162442Z.mseed,FN,KLF ,0,0,0,0,2025-01-11 16:23:46.830000,0.004,,,2025-01-11 16:23:42,2025-01-11 16:24:42
FIA2/HE.FIA2..HHZ__20250111T162957Z__20250111T163057Z.mseed,HE,FIA2,0,0,0,0,,,,,2025-01-11 16:29:57,2025-01-11 16:30:57
VAF/HE.VAF..HHN__20250111T164815Z__20250111T164915Z.mseed,HE,VAF ,0,0,0,0,2025-01-11 16:48:19.510000,0.005,,,2025-01-11 16:48:15,2025-01-11 16:49:15
HEL1/HE.HEL1..HHZ__20250111T165531Z__20250111T165631Z.mseed,HE,HEL1,0,0,0,0,,,,,2025-01-11 16:55:31,2025-01-11 16:56:31
FIC4/HE.FIC4..HHN__20250111T165819Z__20250111T165919Z.mseed,HE,FIC4,0,0,0,0,2025-01-11 16:58:23.190000,0.002,,,2025-01-11 16:58:19,2025-01-11 16:59:19
ALAJF/HE.ALAJF..HHZ__20250111T170007Z__20250111T170107Z.mseed,HE,ALAJF,0,0,0,0,,,,,2025-01-11 17:00:07,2025-01-11 17:01:07
KU1/HE.KU1..SHE__20250111T170408Z__20250111T170508Z.mseed,HE,KU1 ,0,0,0,0,2025-01-11 17:04:12.902000,0.177,,,2025-01-11 17:04:08,2025-01-11 17:05:08
TOF/HE.TOF..HHE__20250111T170614Z__20250111T170714Z.mseed,HE,TOF ,0,0,0,0,2025-01-11 17:06:18.630000,0.099,,,2025-01-11 17:06:14,2025-01-11 17:07:14
OBF8/HE.OBF8..HHZ__20250111T172329Z__20250111T172429Z.mseed,HE,OBF8,0,0,0,0,,,,,2025-01-11 17:23:29,2025-01-11 17:24:29
FIC1/HE.FIC1..HHE__20250111T172451Z__20250111T172551Z.mseed,HE,FIC1,0,0,0,0,2025-01-11 17:24:55.990000,0.019,,,2025-01-11 17:24:51,2025-01-11 17:25:51
RUF/HE.RUF..HHZ__20250111T180007Z__20250111T180107Z.mseed,HE,RUF ,0,0,0,0,2025-01-11 18:00:11.636000,0.007,,,2025-01-11 18:00:07,2025-01-11 18:01:07
ALAJF/HE.ALAJF..HHE__20250111T181311Z__20250111T181411Z.mseed,HE,ALAJF,0,0,0,0,2025-01-11 18:13:15.368000,0.022,,,2025-01-11 18:13:11,2025-01-11 18:14:11
SUF/HE.SUF..HHZ__20250111T182225Z__20250111T182325Z.mseed,HE,SUF ,0,0,0,0,,,,,2025-01-11 18:22:25,2025-01-11 18:23:25
VJF/HE.VJF..HHE__20250111T182351Z__20250111T182451Z.mseed,HE,VJF ,0,0,0,0,,,,,2025-01-11 18:23:51,2025-01-11 18:24:51
OLKF/FN.OLKF..BHN__20250111T184849Z__20250111T184949Z.mseed,FN,OLKF,0,0,0,0,,,,,2025-01-11 18:48:49,2025-01-11 18:49:49
TVF/HE.TVF..HHZ__20250111T190345Z__20250111T190445Z.mseed,HE,TVF ,0,0,0,0,,,,,2025-01-11 19:03:45,2025-01-11 19:04:45
FIB6/HE.FIB6..HHZ__20250111T191601Z__20250111T191701Z.mseed,HE,FIB6,0,0,0,0,2025-01-11 19:16:05.510000,0.143,,,2025-01-11 19:16:01,2025-01-11 19:17:01
FIC4/HE.FIC4..HHZ__20250111T193133Z__20250111T193233Z.mseed,HE,FIC4,0,0,0,0,,,,,2025-01-11 19:31:33,2025-01-11 19:32:33
VRF/HE.VRF..HHN__20250111T193308Z__20250111T193408Z.mseed,HE,VRF ,0,0,0,0,2025-01-11 19:33:12.840000,0.055,,,2025-01-11 19:33:08,2025-01-11 19:34:08
ALAJF/HE.ALAJF..HHN__20250111T193646Z__20250111T193746Z.mseed,HE,ALAJF,0,0,0,0,2025-01-11 19:36:50.772000,0.006,,,2025-01-11 19:36:46,2025-01-11 19:37:46
FIC3/HE.FIC3..HHN__20250111T193753Z__20250111T193853Z.mseed,HE,FIC3,0,0,0,0,,,,,2025-01-11 19:37:53,2025-01-11 19:38:53
OBF8/HE.OBF8..HHE__20250111T195147Z__20250111T195247Z.mseed,HE,OBF8,0,0,0,0,,,,,2025-01-11 19:51:47,2025-01-11 19:52:47
KEF/HE.KEF..HHE__20250111T201520Z__20250111T201620Z.mseed,HE,KEF ,0,0,0,0,2025-01-11 20:15:24.610000,0.005,,,2025-01-11 20:15:20,2025-01-11 20:16:20
ALAJF/HE.ALAJF..HHZ__20250111T202609Z__20250111T202709Z.mseed,HE,ALAJF,0,0,0,0,,,,,2025-01-11 20:26:09,2025-01-11 20:27:09
KU1/HE.KU1..SHN__20250111T204700Z__20250111T204800Z.mseed,HE,KU1 ,0,0,0,0,,,,,2025-01-11 20:47:00,2025-01-11 20:48:00
LOVF/HE.LOVF..CHE__20250111T211301Z__20250111T211401Z.mseed,HE,LOVF,0,0,0,0,2025-01-11 21:13:05.496000,0.08,,,2025-01-11 21:13:01,2025-01-11 21:14:01
RUF/HE.RUF..HHE__20250111T211510Z__20250111T211610Z.mseed,HE,RUF ,0,0,0,0,2025-01-11 21:15:14.204000,0.11,,,2025-01-11 21:15:10,2025-01-11 21:16:10
FIA1/HE.FIA1..HHN__20250111T214934Z__20250111T215034Z.mseed,HE,FIA1,0,0,0,0,2025-01-11 21:49:38.130000,0.009,,,2025-01-11 21:49:34,2025-01-11 21:50:34
RUF/HE.RUF..HHE__20250111T215155Z__20250111T215255Z.mseed,HE,RUF ,0,0,0,0,2025-01-11 21:51:59.772000,0.004,,,2025-01-11 21:51:55,2025-01-11 21:52:55
KJNF/HE.KJNF..CHZ__20250111T223046Z__20250111T223146Z.mseed,HE,KJNF,0,0,0,0,,,,,2025-01-11 22:30:46,2025-01-11 22:31:46
TVF/HE.TVF..HHE__20250111T223122Z__20250111T223222Z.mseed,HE,TVF ,0,0,0,0,,,,,2025-01-11 22:31:22,2025-01-11 22:32:22
FIB2/HE.FIB2..HHE__20250111T223617Z__20250111T223717Z.mseed,HE,FIB2,0,0,0,0,,,,,2025-01-11 22:36:17,2025-01-11 22:37:17
TOF/HE.TOF..HHN__20250111T224458Z__20250111T224558Z.mseed,HE,TOF ,0,0,0,0,2025-01-11 22:45:02.460000,0.007,,,2025-01-11 22:44:58,2025-01-11 22:45:58
RSUO/HE.RSUO..HHZ__20250111T225653Z__20250111T225753Z.mseed,HE,RSUO,0,0,0,0,,,,,2025-01-11 22:56:53,2025-01-11 22:57:53
OBF8/HE.OBF8..HHZ__20250111T230739Z__20250111T230839Z.mseed,HE,OBF8,0,0,0,0,2025-01-11 23:07:43.972000,0.022,,,2025-01-11 23:07:39,2025-01-11 23:08:39
ECKF/HE.ECKF..CHZ__20250111T232141Z__20250111T232241Z.mseed,HE,ECKF,0,0,0,0,2025-01-11 23:21:45.488000,0.006,,,2025-01-11 23:21:41,2025-01-11 23:22:41
KU6/HE.KU6..HHZ__20250111T232212Z__20250111T232312Z.mseed,HE,KU6 ,0,0,0,0,2025-01-11 23:22:17.120000,0.051,,,2025-01-11 23:22:12,2025-01-11 23:23:12
KAF/HE.KAF..HHZ__20250111T232442Z__20250111T232542Z.mseed,HE,KAF ,0,0,0,0,,,,,2025-01-11 23:24:42,2025-01-11 23:25:42
RSUO/HE.RSUO..HHZ__20250111T233550Z__20250111T233650Z.mseed,HE,RSUO,0,0,0,0,2025-01-11 23:35:54.192000,0.633,,,2025-01-11 23:35:50,2025-01-11 23:36:50
TRE03/HE.TRE03..CHZ__20250111T235838Z__20250111T235938Z.mseed,HE,TRE03,0,0,0,0,2025-01-11 23:58:42.644000,0.001,,,2025-01-11 23:58:38,2025-01-11 23:59:38
KU1/HE.KU1..SHZ__20250111T235959Z__20250112T000059Z.mseed,HE,KU1 ,0,0,0,0,,,,,2025-01-11 23:59:59,2025-01-12 00:00:59
HEL1/HE.HEL1..HHZ__20250112T001102Z__20250112T001202Z.mseed,HE,HEL1,0,0,0,0,,,,,2025-01-12 00:11:02,2025-01-12 00:12:02
KU1/HE.KU1..SHE__20250112T001758Z__20250112T001858Z.mseed,HE,KU1 ,0,0,0,0,2025-01-12 00:18:02.316000,0.004,,,2025-01-12 00:17:58,2025-01-12 00:18:58
LAUT/HE.LAUT..HHN__20250112T002155Z__20250112T002255Z.mseed,HE,LAUT,0,0,0,0,2025-01-12 00:21:59.464000,0.389,,,2025-01-12 00:21:55,2025-01-12 00:22:55
NUR/HE.NUR..HHE__20250112T002507Z__20250112T002607Z.mseed,HE,NUR ,0,0,0,0,,,,,2025-01-12 00:25:07,2025-01-12 00:26:07
KUNI/HE.KUNI..HHZ__20250112T002638Z__20250112T002738Z.mseed,HE,KUNI,0,0,0,0,2025-01-12 00:26:42.476000,0.016,,,2025-01-12 00:26:38,2025-01-12 00:27:38
MEF/HE.MEF..HHE__20250112T005312Z__20250112T005412Z.mseed,HE,MEF ,0,0,0,0,,,,,2025-01-12 00:53:12,2025-01-12 00:54:12
KEF/HE.KEF..HHZ__20250112T010118Z__20250112T010218Z.mseed,HE,KEF ,0,0,0,0,2025-01-12 01:01:22.780000,0.005,,,2025-01-12 01:01:18,2025-01-12 01:02:18
KORF/HE.KORF..CHN__20250112T013315Z__20250112T013415Z.mseed,HE,KORF,0,0,0,0,,,,,2025-01-12 01:33:15,2025-01-12 01:34:15
VAF/HE.VAF..HHZ__20250112T014333Z__20250112T014433Z.mseed,HE,VAF ,0,0,0,0,2025-01-12 01:43:37.230000,0.004,,,2025-01-12 01:43:33,2025-01-12 01:44:33
FIB2/HE.FIB2..HHE__20250112T014545Z__20250112T014645Z.mseed,HE,FIB2,0,0,0,0,,,,,2025-01-12 01:45:45,2025-01-12 01:46:45
FIB1/HE.FIB1..HHZ__20250112T015047Z__20250112T015147Z.mseed,HE,FIB1,0,0,0,0,,,,,2025-01-12 01:50:47,2025-01-12 01:51:47
KY02/HE.KY02..CHN__20250112T015242Z__20250112T015342Z.mseed,HE,KY02,0,0,0,0,,,,,2025-01-12 01:52:42,2025-01-12 01:53:42
OUF/HE.OUF..HHE__20250112T015644Z__20250112T015744Z.mseed,HE,OUF ,0,0,0,0,2025-01-12 01:56:48.130000,0.003,,,2025-01-12 01:56:44,2025-01-12 01:57:44
KY17/HE.KY17..CHZ__20250112T015742Z__20250112T015842Z.mseed,HE,KY17,0,0,0,0,,,,,2025-01-12 01:57:42,2025-01-12 01:58:42
RANF/FN.RANF..HHN__20250112T020614Z__20250112T020714Z.mseed,FN,RANF,0,0,0,0,2025-01-12 02:06:18.380000,0.004,,,2025-01-12 02:06:14,2025-01-12 02:07:14
HEL1/HE.HEL1..HHN__20250112T021420Z__20250112T021520Z.mseed,HE,HEL1,0,0,0,0,,,,,2025-01-12 02:14:20,2025-01-12 02:15:20
KPF/HE.KPF..HHZ__20250112T021603Z__20250112T021703Z.mseed,HE,KPF ,0,0,0,0,2025-01-12 02:16:08.032000,0.019,,,2025-01-12 02:16:03,2025-01-12 02:17:03
FIC4/HE.FIC4..HHE__20250112T022656Z__20250112T022756Z.mseed,HE,FIC4,0,0,0,0,2025-01-12 02:27:00.109999,0.013,,,2025-01-12 02:26:56,2025-01-12 02:27:56
FIA3/HE.FIA3..HHE__20250112T023112Z__20250112T023212Z.mseed,HE,FIA3,0,0,0,0,2025-01-12 02:31:16.820000,0.045,,,2025-01-12 02:31:12,2025-01-12 02:32:12
KIF/HE.KIF..HHZ__20250112T025017Z__20250112T025117Z.mseed,HE,KIF ,0,0,0,0,,,,,2025-01-12 02:50:17,2025-01-12 02:51:17
HEL2/HE.HEL2..HHE__20250112T025701Z__20250112T025801Z.mseed,HE,HEL2,0,0,0,0,,,,,2025-01-12 02:57:01,2025-01-12 02:58:01
TOF/HE.TOF..HHE__20250112T030102Z__20250112T030202Z.mseed,HE,TOF ,0,0,0,0,2025-01-12 03:01:06.800000,0.018,,,2025-01-12 03:01:02,2025-01-12 03:02:02
RANF/FN.RANF..HHZ__20250112T030254Z__20250112T030354Z.mseed,FN,RANF,0,0,0,0,2025-01-12 03:02:58.630000,0.014,,,2025-01-12 03:02:54,2025-01-12 03:03:54
KUNI/HE.KUNI..HHN__20250112T030302Z__20250112T030402Z.mseed,HE,KUNI,0,0,0,0,2025-01-12 03:03:06.756000,0.002,,,2025-01-12 03:03:02,2025-01-12 03:04:02
VUOS/HE.VUOS..HHE__20250112T030726Z__20250112T030826Z.mseed,HE,VUOS,0,0,0,0,2025-01-12 03:07:30.592000,0.014,,,2025-01-12 03:07:26,2025-01-12 03:08:26
RAF/HE.RAF..HHZ__20250112T031655Z__20250112T031755Z.mseed,HE,RAF ,0,0,0,0,2025-01-12 03:16:59.670000,0.015,,,2025-01-12 03:16:55,2025-01-12 03:17:55
KPF/HE.KPF..HHN__20250112T032828Z__20250112T032928Z.mseed,HE,KPF ,0,0,0,0,2025-01-12 03:28:32.256000,0.004,,,2025-01-12 03:28:28,2025-01-12 03:29:28
FIB6/HE.FIB6..HHZ__20250112T035618Z__20250112T035718Z.mseed,HE,FIB6,0,0,0,0,2025-01-12 03:56:22.980000,0.002,,,2025-01-12 03:56:18,2025-01-12 03:57:18
KAF/HE.KAF..HHE__20250112T041050Z__20250112T041150Z.mseed,HE,KAF ,0,0,0,0,2025-01-12 04:10:54.230000,0.008,,,2025-01-12 04:10:50,2025-01-12 04:11:50
KORF/HE.KORF..CHZ__20250112T042010Z__20250112T042110Z.mseed,HE,KORF,0,0,0,0,,,,,2025-01-12 04:20:10,2025-01-12 04:21:10
FIC3/HE.FIC3..HHE__20250112T042026Z__20250112T042126Z.mseed,HE,FIC3,0,0,0,0,2025-01-12 04:20:30.980000,0.003,,,2025-01-12 04:20:26,2025-01-12 04:21:26
FIC2/HE.FIC2..HHN__20250112T042151Z__20250112T042251Z.mseed,HE,FIC2,0,0,0,0,2025-01-12 04:21:55.100000,0.02,,,2025-01-12 04:21:51,2025-01-12 04:22:51
FIB6/HE.FIB6..HHE__20250112T043340Z__20250112T043440Z.mseed,HE,FIB6,0,0,0,0,2025-01-12 04:33:44.039999,0.003,,,2025-01-12 04:33:40,2025-01-12 04:34:40
TRE03/HE.TRE03..CHE__20250112T043751Z__20250112T043851Z.mseed,HE,TRE03,0,0,0,0,,,,,2025-01-12 04:37:51,2025-01-12 04:38:51
VUOS/HE.VUOS..HHZ__20250112T051954Z__20250112T052054Z.mseed,HE,VUOS,0,0,0,0,2025-01-12 05:19:58.232000,0.003,,,2025-01-12 05:19:54,2025-01-12 05:20:54
FIB5/HE.FIB5..HHE__20250112T053608Z__20250112T053708Z.mseed,HE,FIB5,0,0,0,0,2025-01-12 05:36:12.760000,0.045,,,2025-01-12 05:36:08,2025-01-12 05:37:08
TRE03/HE.TRE03..CHZ__20250112T054016Z__20250112T054116Z.mseed,HE,TRE03,0,0,0,0,2025-01-12 05:40:20.856000,0.004,,,2025-01-12 05:40:16,2025-01-12 05:41:16
RAF/HE.RAF..HHZ__20250112T054537Z__20250112T054637Z.mseed,HE,RAF ,0,0,0,0,2025-01-12 05:45:41.860000,0.028,,,2025-01-12 05:45:37,2025-01-12 05:46:37
OBF3/HE.OBF3..HHZ__20250112T060609Z__20250112T060709Z.mseed,HE,OBF3,0,0,0,0,2025-01-12 06:06:13.748000,0.009,,,2025-01-12 06:06:09,2025-01-12 06:07:09
VUOS/HE.VUOS..HHE__20250112T061904Z__20250112T062004Z.mseed,HE,VUOS,0,0,0,0,2025-01-12 06:19:08.856000,0.006,,,2025-01-12 06:19:04,2025-01-12 06:20:04
NIF/HE.NIF..HHE__20250112T063639Z__20250112T063739Z.mseed,HE,NIF ,0,0,0,0,2025-01-12 06:36:43.090000,0.202,,,2025-01-12 06:36:39,2025-01-12 06:37:39
LAUT/HE.LAUT..HHZ__20250112T063737Z__20250112T063837Z.mseed,HE,LAUT,0,0,0,0,,,,,2025-01-12 06:37:37,2025-01-12 06:38:37
FIA2/HE.FIA2..HHZ__20250112T063829Z__20250112T063929Z.mseed,HE,FIA2,0,0,0,0,,,,,2025-01-12 06:38:29,2025-01-12 06:39:29
KORF/HE.KORF..CHZ__20250112T064506Z__20250112T064606Z.mseed,HE,KORF,0,0,0,0,,,,,2025-01-12 06:45:06,2025-01-12 06:46:06
KIF/HE.KIF..HHN__20250112T064946Z__20250112T065046Z.mseed,HE,KIF ,0,0,0,0,2025-01-12 06:49:50.920000,0.001,,,2025-01-12 06:49:46,2025-01-12 06:50:46
KU6/HE.KU6..HHE__20250112T065816Z__20250112T065916Z.mseed,HE,KU6 ,0,0,0,0,,,,,2025-01-12 06:58:16,2025-01-12 06:59:16
PVF/HE.PVF..CHE__20250112T070303Z__20250112T070403Z.mseed,HE,PVF ,0,0,0,0,2025-01-12 07:03:07.908000,0.062,,,2025-01-12 07:03:03,2025-01-12 07:04:03
KJNF/HE.KJNF..CHE__20250112T070427Z__20250112T070527Z.mseed,HE,KJNF,0,0,0,0,2025-01-12 07:04:31.080000,0.014,,,2025-01-12 07:04:27,2025-01-12 07:05:27
FIA3/HE.FIA3..HHE__20250112T072517Z__20250112T072617Z.mseed,HE,FIA3,0,0,0,0,2025-01-12 07:25:22.040000,0.014,,,2025-01-12 07:25:17,2025-01-12 07:26:17
HEL5/HE.HEL5..HHE__20250112T072541Z__20250112T072641Z.mseed,HE,HEL5,0,0,0,0,2025-01-12 07:25:45.728000,0.006,,,2025-01-12 07:25:41,2025-01-12 07:26:41
FIB6/HE.FIB6..HHN__20250112T075328Z__20250112T075428Z.mseed,HE,FIB6,0,0,0,0,2025-01-12 07:53:32.280000,0.007,,,2025-01-12 07:53:28,2025-01-12 07:54:28
FIB2/HE.FIB2..HHZ__20250112T080747Z__20250112T080847Z.mseed,HE,FIB2,0,0,0,0,2025-01-12 08:07:51.909999,0.316,,,2025-01-12 08:07:47,2025-01-12 08:08:47
KMNF/FN.KMNF..BHN__20250112T081725Z__20250112T081825Z.mseed,FN,KMNF,0,0,0,0,2025-01-12 08:17:29.950000,0.255,,,2025-01-12 08:17:25,2025-01-12 08:18:25
VRF/HE.VRF..HHE__20250112T082847Z__20250112T082947Z.mseed,HE,VRF ,0,0,0,0,,,,,2025-01-12 08:28:47,2025-01-12 08:29:47
HEL1/HE.HEL1..HHE__20250112T083028Z__20250112T083128Z.mseed,HE,HEL1,0,0,0,0,,,,,2025-01-12 08:30:28,2025-01-12 08:31:28
RANF/FN.RANF..HHN__20250112T083558Z__20250112T083658Z.mseed,FN,RANF,0,0,0,0,2025-01-12 08:36:02.280000,0.005,,,2025-01-12 08:35:58,2025-01-12 08:36:58
FIB5/HE.FIB5..HHZ__20250112T084507Z__20250112T084607Z.mseed,HE,FIB5,0,0,0,0,2025-01-12 08:45:11.530000,0.283,,,2025-01-12 08:45:07,2025-01-12 08:46:07
KIF/HE.KIF..HHZ__20250112T090312Z__20250112T090412Z.mseed,HE,KIF ,0,0,0,0,,,,,2025-01-12 09:03:12,2025-01-12 09:04:12
ALAJF/HE.ALAJF..HHE__20250112T091156Z__20250112T091256Z.mseed,HE,ALAJF,0,0,0,0,,,,,2025-01-12 09:11:56,2025-01-12 09:12:56
OBF0/HE.OBF0..SHN__20250112T092649Z__20250112T092749Z.mseed,HE,OBF0,0,0,0,0,2025-01-12 09:26:53.752000,0.018,,,2025-01-12 09:26:49,2025-01-12 09:27:49
FIA0/HE.FIA0..HHN__20250112T093024Z__20250112T093124Z.mseed,HE,FIA0,0,0,0,0,2025-01-12 09:30:28.590000,0.191,,,2025-01-12 09:30:24,2025-01-12 09:31:24
FIC2/HE.FIC2..HHZ__20250112T100341Z__20250112T100441Z.mseed,HE,FIC2,0,0,0,0,2025-01-12 10:03:45.970000,0.021,,,2025-01-12 10:03:41,2025-01-12 10:04:41
SUF/HE.SUF..HHE__20250112T100406Z__20250112T100506Z.mseed,HE,SUF ,0,0,0,0,2025-01-12 10:04:10.228000,0.008,,,2025-01-12 10:04:06,2025-01-12 10:05:06
RMF/HE.RMF..HHE__20250112T101042Z__20250112T101142Z.mseed,HE,RMF ,0,0,0,0,2025-01-12 10:10:46.556000,0.003,,,2025-01-12 10:10:42,2025-01-12 10:11:42
KPF/HE.KPF..HHE__20250112T101552Z__20250112T101652Z.mseed,HE,KPF ,0,0,0,0,2025-01-12 10:15:56.390000,0.281,,,2025-01-12 10:15:52,2025-01-12 10:16:52
FIB3/HE.FIB3..HHE__20250112T101557Z__20250112T101657Z.mseed,HE,FIB3,0,0,0,0,2025-01-12 10:16:01.560000,0.005,,,2025-01-12 10:15:57,2025-01-12 10:16:57
RAJF/FN.RAJF..HHZ__20250112T101653Z__20250112T101753Z.mseed,FN,RAJF,0,0,0,0,,,,,2025-01-12 10:16:53,2025-01-12 10:17:53
FIC3/HE.FIC3..HHZ__20250112T102254Z__20250112T102354Z.mseed,HE,FIC3,0,0,0,0,2025-01-12 10:22:58.160000,0.031,,,2025-01-12 10:22:54,2025-01-12 10:23:54
TRE03/HE.TRE03..CHZ__20250112T102953Z__20250112T103053Z.mseed,HE,TRE03,0,0,0,0,,,,,2025-01-12 10:29:53,2025-01-12 10:30:53
RMF/HE.RMF..HHZ__20250112T103457Z__20250112T103557Z.mseed,HE,RMF ,0,0,0,0,,,,,2025-01-12 10:34:57,2025-01-12 10:35:57
OBF8/HE.OBF8..HHZ__20250112T103700Z__20250112T103800Z.mseed,HE,OBF8,0,0,0,0,,,,,2025-01-12 10:37:00,2025-01-12 10:38:00
TRE03/HE.TRE03..CHZ__20250112T104222Z__20250112T104322Z.mseed,HE,TRE03,0,0,0,0,,,,,2025-01-12 10:42:22,2025-01-12 10:43:22
KY02/HE.KY02..CHE__20250112T104751Z__20250112T104851Z.mseed,HE,KY02,0,0,0,0,,,,,2025-01-12 10:47:51,2025-01-12 10:48:51
FIC6/HE.FIC6..HHN__20250112T105951Z__20250112T110051Z.mseed,HE,FIC6,0,0,0,0,2025-01-12 10:59:55.250000,0.027,,,2025-01-12 10:59:51,2025-01-12 11:00:51
FIB5/HE.FIB5..HHN__20250112T111742Z__20250112T111842Z.mseed,HE,FIB5,0,0,0,0,2025-01-12 11:17:46.010000,0.109,,,2025-01-12 11:17:42,2025-01-12 11:18:42
FIB1/HE.FIB1..HHZ__20250112T112051Z__20250112T112151Z.mseed,HE,FIB1,0,0,0,0,2025-01-12 11:20:55.050000,0.003,,,2025-01-12 11:20:51,2025-01-12 11:21:51
FIB1/HE.FIB1..HHE__20250112T113749Z__20250112T113849Z.mseed,HE,FIB1,0,0,0,0,2025-01-12 11:37:54.019999,0.003,,,2025-01-12 11:37:49,2025-01-12 11:38:49
FIC3/HE.FIC3..HHZ__20250112T113755Z__20250112T113855Z.mseed,HE,FIC3,0,0,0,0,2025-01-12 11:37:59.470000,0.029,,,2025-01-12 11:37:55,2025-01-12 11:38:55
FIA0/HE.FIA0..HHE__20250112T114353Z__20250112T114453Z.mseed,HE,FIA0,0,0,0,0,,,,,2025-01-12 11:43:53,2025-01-12 11:44:53
OLKF/FN.OLKF..HHN__20250112T114916Z__20250112T115016Z.mseed,FN,OLKF,0,0,0,0,2025-01-12 11:49:20.280000,0.009,,,2025-01-12 11:49:16,2025-01-12 11:50:16
LOVF/HE.LOVF..CHZ__20250112T115439Z__20250112T115539Z.mseed,HE,LOVF,0,0,0,0,2025-01-12 11:54:43.724000,0.02,,,2025-01-12 11:54:39,2025-01-12 11:55:39
HEL2/HE.HEL2..HHN__20250112T120107Z__20250112T120207Z.mseed,HE,HEL2,0,0,0,0,,,,,2025-01-12 12:01:07,2025-01-12 12:02:07
SUF/HE.SUF..HHZ__20250112T120950Z__20250112T121050Z.mseed,HE,SUF ,0,0,0,0,2025-01-12 12:09:54.516000,0.004,,,2025-01-12 12:09:50,2025-01-12 12:10:50
FIC5/HE.FIC5..HHN__20250112T121401Z__20250112T121501Z.mseed,HE,FIC5,0,0,0,0,2025-01-12 12:14:05.580000,0.001,,,2025-01-12 12:14:01,2025-01-12 12:15:01
LOVF/HE.LOVF..CHZ__20250112T121616Z__20250112T121716Z.mseed,HE,LOVF,0,0,0,0,2025-01-12 12:16:20.444000,0.005,,,2025-01-12 12:16:16,2025-01-12 12:17:16
KY02/HE.KY02..CHN__20250112T124625Z__20250112T124725Z.mseed,HE,KY02,0,0,0,0,,,,,2025-01-12 12:46:25,2025-01-12 12:47:25
OLKF/FN.OLKF..BHE__20250112T125426Z__20250112T125526Z.mseed,FN,OLKF,0,0,0,0,2025-01-12 12:54:30.930000,0.004,,,2025-01-12 12:54:26,2025-01-12 12:55:26
OUF/HE.OUF..HHZ__20250112T125444Z__20250112T125544Z.mseed,HE,OUF ,0,0,0,0,2025-01-12 12:54:48.480000,0.001,,,2025-01-12 12:54:44,2025-01-12 12:55:44
ALAJF/HE.ALAJF..HHZ__20250112T130625Z__20250112T130725Z.mseed,HE,ALAJF,0,0,0,0,,,,,2025-01-12 13:06:25,2025-01-12 13:07:25
KAF/HE.KAF..HHZ__20250112T134840Z__20250112T134940Z.mseed,HE,KAF ,0,0,0,0,2025-01-12 13:48:44.630000,0.01,,,2025-01-12 13:48:40,2025-01-12 13:49:40
KUNI/HE.KUNI..HHE__20250112T135911Z__20250112T140011Z.mseed,HE,KUNI,0,0,0,0,,,,,2025-01-12 13:59:11,2025-01-12 14:00:11
KIF/HE.KIF..HHE__20250112T140527Z__20250112T140627Z.mseed,HE,KIF ,0,0,0,0,,,,,2025-01-12 14:05:27,2025-01-12 14:06:27
TVF/HE.TVF..HHZ__20250112T140809Z__20250112T140909Z.mseed,HE,TVF ,0,0,0,0,2025-01-12 14:08:13.380000,0.004,,,2025-01-12 14:08:09,2025-01-12 14:09:09
SUF/HE.SUF..HHN__20250112T141058Z__20250112T141158Z.mseed,HE,SUF ,0,0,0,0,2025-01-12 14:11:02.432000,0.017,,,2025-01-12 14:10:58,2025-01-12 14:11:58
HEL1/HE.HEL1..HHZ__20250112T145935Z__20250112T150035Z.mseed,HE,HEL1,0,0,0,0,2025-01-12 14:59:40.556000,0.243,,,2025-01-12 14:59:35,2025-01-12 15:00:35
VUOS/HE.VUOS..HHZ__20250112T150313Z__20250112T150413Z.mseed,HE,VUOS,0,0,0,0,2025-01-12 15:03:17.916000,0.001,,,2025-01-12 15:03:13,2025-01-12 15:04:13
VAF/HE.VAF..HHE__20250112T152516Z__20250112T152616Z.mseed,HE,VAF ,0,0,0,0,2025-01-12 15:25:20.720000,0.002,,,2025-01-12 15:25:16,2025-01-12 15:26:16
OBF0/HE.OBF0..SHN__20250112T152658Z__20250112T152758Z.mseed,HE,OBF0,0,0,0,0,2025-01-12 15:27:02.328000,0.004,,,2025-01-12 15:26:58,2025-01-12 15:27:58
RAJF/FN.RAJF..HHE__20250112T152712Z__20250112T152812Z.mseed,FN,RAJF,0,0,0,0,2025-01-12 15:27:16.650000,0.194,,,2025-01-12 15:27:12,2025-01-12 15:28:12
KUNI/HE.KUNI..HHZ__20250112T153304Z__20250112T153404Z.mseed,HE,KUNI,0,0,0,0,,,,,2025-01-12 15:33:04,2025-01-12 15:34:04
KU1/HE.KU1..SHE__20250112T154146Z__20250112T154246Z.mseed,HE,KU1 ,0,0,0,0,2025-01-12 15:41:50.160000,0.001,,,2025-01-12 15:41:46,2025-01-12 15:42:46
KEF/HE.KEF..HHN__20250112T154945Z__20250112T155045Z.mseed,HE,KEF ,0,0,0,0,,,,,2025-01-12 15:49:45,2025-01-12 15:50:45
KU1/HE.KU1..SHZ__20250112T155115Z__20250112T155215Z.mseed,HE,KU1 ,0,0,0,0,2025-01-12 15:51:19.800000,0.007,,,2025-01-12 15:51:15,2025-01-12 15:52:15
OBF3/HE.OBF3..HHE__20250112T155722Z__20250112T155822Z.mseed,HE,OBF3,0,0,0,0,2025-01-12 15:57:26.436000,0.061,,,2025-01-12 15:57:22,2025-01-12 15:58:22
VRF/HE.VRF..HHN__20250112T161202Z__20250112T161302Z.mseed,HE,VRF ,0,0,0,0,2025-01-12 16:12:06.630000,0.357,,,2025-01-12 16:12:02,2025-01-12 16:13:02
FIA3/HE.FIA3..HHZ__20250112T161632Z__20250112T161732Z.mseed,HE,FIA3,0,0,0,0,2025-01-12 16:16:36.860000,0.007,,,2025-01-12 16:16:32,2025-01-12 16:17:32
KJNF/HE.KJNF..CHE__20250112T162249Z__20250112T162349Z.mseed,HE,KJNF,0,0,0,0,,,,,2025-01-12 16:22:49,2025-01-12 16:23:49
RAJF/FN.RAJF..BHE__20250112T162620Z__20250112T162720Z.mseed,FN,RAJF,0,0,0,0,2025-01-12 16:26:24.480000,0.011,,,2025-01-12 16:26:20,2025-01-12 16:27:20
KEF/HE.KEF..HHE__20250112T162748Z__20250112T162848Z.mseed,HE,KEF ,0,0,0,0,,,,,2025-01-12 16:27:48,2025-01-12 16:28:48
OLKF/FN.OLKF..HHE__20250112T163800Z__20250112T163900Z.mseed,FN,OLKF,0,0,0,0,2025-01-12 16:38:04.630000,0.01,,,2025-01-12 16:38:00,2025-01-12 16:39:00
FIC2/HE.FIC2..HHE__20250112T164640Z__20250112T164740Z.mseed,HE,FIC2,0,0,0,0,2025-01-12 16:46:44.660000,0.004,,,2025-01-12 16:46:40,2025-01-12 16:47:40
ALAJF/HE.ALAJF..HHZ__20250112T164710Z__20250112T164810Z.mseed,HE,ALAJF,0,0,0,0,2025-01-12 16:47:14.164000,0.02,,,2025-01-12 16:47:10,2025-01-12 16:48:10
LAUT/HE.LAUT..HHZ__20250112T165008Z__20250112T165108Z.mseed,HE,LAUT,0,0,0,0,,,,,2025-01-12 16:50:08,2025-01-12 16:51:08
AAL/UP.AAL..HHE__20250112T165758Z__20250112T165858Z.mseed,UP,AAL ,0,0,0,0,,,,,2025-01-12 16:57:58,2025-01-12 16:58:58
ALAJF/HE.ALAJF..HHN__20250112T170335Z__20250112T170435Z.mseed,HE,ALAJF,0,0,0,0,2025-01-12 17:03:39.880000,0.005,,,2025-01-12 17:03:35,2025-01-12 17:04:35
AAL/UP.AAL..HHN__20250112T170910Z__20250112T171010Z.mseed,UP,AAL ,0,0,0,0,2025-01-12 17:09:14.510000,0.001,,,2025-01-12 17:09:10,2025-01-12 17:10:10
VUOS/HE.VUOS..HHN__20250112T171131Z__20250112T171231Z.mseed,HE,VUOS,0,0,0,0,2025-01-12 17:11:35.532000,0.005,,,2025-01-12 17:11:31,2025-01-12 17:12:31
FIB4/HE.FIB4..HHZ__20250112T172503Z__20250112T172603Z.mseed,HE,FIB4,0,0,0,0,2025-01-12 17:25:07.910000,0.028,,,2025-01-12 17:25:03,2025-01-12 17:26:03
RANF/FN.RANF..HHZ__20250112T173317Z__20250112T173417Z.mseed,FN,RANF,0,0,0,0,2025-01-12 17:33:21.580000,0.013,,,2025-01-12 17:33:17,2025-01-12 17:34:17
LAUT/HE.LAUT..HHZ__20250112T173724Z__20250112T173824Z.mseed,HE,LAUT,0,0,0,0,,,,,2025-01-12 17:37:24,2025-01-12 17:38:24
FIA2/HE.FIA2..HHZ__20250112T173958Z__20250112T174058Z.mseed,HE,FIA2,0,0,0,0,,,,,2025-01-12 17:39:58,2025-01-12 17:40:58
FIC5/HE.FIC5..HHE__20250112T175006Z__20250112T175106Z.mseed,HE,FIC5,0,0,0,0,,,,,2025-01-12 17:50:06,2025-01-12 17:51:06
LAUT/HE.LAUT..HHZ__20250112T175310Z__20250112T175410Z.mseed,HE,LAUT,0,0,0,0,,,,,2025-01-12 17:53:10,2025-01-12 17:54:10
OUF/HE.OUF..HHE__20250112T175318Z__20250112T175418Z.mseed,HE,OUF ,0,0,0,0,2025-01-12 17:53:22.370000,0.002,,,2025-01-12 17:53:18,2025-01-12 17:54:18
FIA3/HE.FIA3..HHE__20250112T175335Z__20250112T175435Z.mseed,HE,FIA3,0,0,0,0,2025-01-12 17:53:40.040000,0.008,,,2025-01-12 17:53:35,2025-01-12 17:54:35
OBF0/HE.OBF0..HHN__20250112T175546Z__20250112T175646Z.mseed,HE,OBF0,0,0,0,0,2025-01-12 17:55:50.502000,0.08,,,2025-01-12 17:55:46,2025-01-12 17:56:46
FIA3/HE.FIA3..HHN__20250112T180446Z__20250112T180546Z.mseed,HE,FIA3,0,0,0,0,2025-01-12 18:04:50.810000,0.005,,,2025-01-12 18:04:46,2025-01-12 18:05:46
HEL2/HE.HEL2..HHN__20250112T181756Z__20250112T181856Z.mseed,HE,HEL2,0,0,0,0,,,,,2025-01-12 18:17:56,2025-01-12 18:18:56
KEV/HE.KEV..HHN__20250112T182005Z__20250112T182105Z.mseed,HE,KEV ,0,0,0,0,2025-01-12 18:20:09.080000,0.011,,,2025-01-12 18:20:05,2025-01-12 18:21:05
RMF/HE.RMF..HHZ__20250112T183026Z__20250112T183126Z.mseed,HE,RMF ,0,0,0,0,,,,,2025-01-12 18:30:26,2025-01-12 18:31:26
KEF/HE.KEF..HHN__20250112T185324Z__20250112T185424Z.mseed,HE,KEF ,0,0,0,0,2025-01-12 18:53:28.050000,0.005,,,2025-01-12 18:53:24,2025-01-12 18:54:24
FIA3/HE.FIA3..HHN__20250112T194434Z__20250112T194534Z.mseed,HE,FIA3,0,0,0,0,2025-01-12 19:44:38.770000,0.014,,,2025-01-12 19:44:34,2025-01-12 19:45:34
SUF/HE.SUF..HHZ__20250112T195121Z__20250112T195221Z.mseed,HE,SUF ,0,0,0,0,2025-01-12 19:51:25.708000,0.007,,,2025-01-12 19:51:21,2025-01-12 19:52:21
RANF/FN.RANF..HHZ__20250112T195718Z__20250112T195818Z.mseed,FN,RANF,0,0,0,0,2025-01-12 19:57:22.250000,0.012,,,2025-01-12 19:57:18,2025-01-12 19:58:18
FIB5/HE.FIB5..HHZ__20250112T200437Z__20250112T200537Z.mseed,HE,FIB5,0,0,0,0,2025-01-12 20:04:41.960000,0.015,,,2025-01-12 20:04:37,2025-01-12 20:05:37
KMNF/FN.KMNF..HHZ__20250112T204104Z__20250112T204204Z.mseed,FN,KMNF,0,0,0,0,2025-01-12 20:41:08.980000,0.006,,,2025-01-12 20:41:04,2025-01-12 20:42:04
ECKF/HE.ECKF..CHN__20250112T210844Z__20250112T210944Z.mseed,HE,ECKF,0,0,0,0,2025-01-12 21:08:48.236000,0.053,,,2025-01-12 21:08:44,2025-01-12 21:09:44
RAJF/FN.RAJF..HHN__20250112T212812Z__20250112T212912Z.mseed,FN,RAJF,0,0,0,0,,,,,2025-01-12 21:28:12,2025-01-12 21:29:12
KY02/HE.KY02..CHE__20250112T213518Z__20250112T213618Z.mseed,HE,KY02,0,0,0,0,,,,,2025-01-12 21:35:18,2025-01-12 21:36:18
TRE03/HE.TRE03..CHN__20250112T214453Z__20250112T214553Z.mseed,HE,TRE03,0,0,0,0,2025-01-12 21:44:57.436000,0.038,,,2025-01-12 21:44:53,2025-01-12 21:45:53
OLKF/FN.OLKF..BHN__20250112T215023Z__20250112T215123Z.mseed,FN,OLKF,0,0,0,0,,,,,2025-01-12 21:50:23,2025-01-12 21:51:23
OBF3/HE.OBF3..HHE__20250112T220720Z__20250112T220820Z.mseed,HE,OBF3,0,0,0,0,2025-01-12 22:07:24.584000,0.028,,,2025-01-12 22:07:20,2025-01-12 22:08:20
OBF0/HE.OBF0..SHN__20250112T221020Z__20250112T221120Z.mseed,HE,OBF0,0,0,0,0,2025-01-12 22:10:24.100000,0.012,,,2025-01-12 22:10:20,2025-01-12 22:11:20
LAUT/HE.LAUT..HHZ__20250112T221139Z__20250112T221239Z.mseed,HE,LAUT,0,0,0,0,,,,,2025-01-12 22:11:39,2025-01-12 22:12:39
FIC5/HE.FIC5..HHZ__20250112T222846Z__20250112T222946Z.mseed,HE,FIC5,0,0,0,0,2025-01-12 22:28:50.910000,0.004,,,2025-01-12 22:28:46,2025-01-12 22:29:46
KU1/HE.KU1..SHZ__20250112T223242Z__20250112T223342Z.mseed,HE,KU1 ,0,0,0,0,,,,,2025-01-12 22:32:42,2025-01-12 22:33:42
RAJF/FN.RAJF..BHN__20250112T225406Z__20250112T225506Z.mseed,FN,RAJF,0,0,0,0,2025-01-12 22:54:10.450000,0.004,,,2025-01-12 22:54:06,2025-01-12 22:55:06
OBF3/HE.OBF3..HHZ__20250112T225414Z__20250112T225514Z.mseed,HE,OBF3,0,0,0,0,2025-01-12 22:54:18.328000,0.01,,,2025-01-12 22:54:14,2025-01-12 22:55:14
LAUT/HE.LAUT..HHN__20250112T225536Z__20250112T225636Z.mseed,HE,LAUT,0,0,0,0,,,,,2025-01-12 22:55:36,2025-01-12 22:56:36
FIA3/HE.FIA3..HHE__20250112T230055Z__20250112T230155Z.mseed,HE,FIA3,0,0,0,0,2025-01-12 23:00:59.120000,0.002,,,2025-01-12 23:00:55,2025-01-12 23:01:55
OBF8/HE.OBF8..HHN__20250112T230457Z__20250112T230557Z.mseed,HE,OBF8,0,0,0,0,,,,,2025-01-12 23:04:57,2025-01-12 23:05:57
OUF/HE.OUF..HHE__20250112T230554Z__20250112T230654Z.mseed,HE,OUF ,0,0,0,0,2025-01-12 23:05:58.640000,0.072,,,2025-01-12 23:05:54,2025-01-12 23:06:54
TVF/HE.TVF..HHN__20250112T231329Z__20250112T231429Z.mseed,HE,TVF ,0,0,0,0,,,,,2025-01-12 23:13:29,2025-01-12 23:14:29
FIB1/HE.FIB1..HHN__20250112T232625Z__20250112T232725Z.mseed,HE,FIB1,0,0,0,0,,,,,2025-01-12 23:26:25,2025-01-12 23:27:25
VAF/HE.VAF..HHE__20250112T233757Z__20250112T233857Z.mseed,HE,VAF ,0,0,0,0,2025-01-12 23:38:01,0.003,,,2025-01-12 23:37:57,2025-01-12 23:38:57
RANF/FN.RANF..HHZ__20250112T234051Z__20250112T234151Z.mseed,FN,RANF,0,0,0,0,2025-01-12 23:40:55.450000,0.009,,,2025-01-12 23:40:51,2025-01-12 23:41:51
KMNF/FN.KMNF..HHE__20250112T234447Z__20250112T234547Z.mseed,FN,KMNF,0,0,0,0,,,,,2025-01-12 23:44:47,2025-01-12 23:45:47
OLKF/FN.OLKF..BHE__20250112T234655Z__20250112T234755Z.mseed,FN,OLKF,0,0,0,0,2025-01-12 23:46:59.530000,0.099,,,2025-01-12 23:46:55,2025-01-12 23:47:55
RUF/HE.RUF..HHZ__20250112T235117Z__20250112T235217Z.mseed,HE,RUF ,0,0,0,0,2025-01-12 23:51:21.660000,0.006,,,2025-01-12 23:51:17,2025-01-12 23:52:17
KY17/HE.KY17..CHZ__20250113T000054Z__20250113T000154Z.mseed,HE,KY17,0,0,0,0,,,,,2025-01-13 00:00:54,2025-01-13 00:01:54
FIB6/HE.FIB6..HHE__20250113T000221Z__20250113T000321Z.mseed,HE,FIB6,0,0,0,0,2025-01-13 00:02:25.290000,0.001,,,2025-01-13 00:02:21,2025-01-13 00:03:21
HEL2/HE.HEL2..HHN__20250113T000232Z__20250113T000332Z.mseed,HE,HEL2,0,0,0,0,2025-01-13 00:02:36.402000,0.002,,,2025-01-13 00:02:32,2025-01-13 00:03:32
KJNF/HE.KJNF..CHE__20250113T001048Z__20250113T001148Z.mseed,HE,KJNF,0,0,0,0,,,,,2025-01-13 00:10:48,2025-01-13 00:11:48
ECKF/HE.ECKF..CHE__20250113T002738Z__20250113T002838Z.mseed,HE,ECKF,0,0,0,0,2025-01-13 00:27:43.072000,0.016,,,2025-01-13 00:27:38,2025-01-13 00:28:38
VAF/HE.VAF..HHE__20250113T003013Z__20250113T003113Z.mseed,HE,VAF ,0,0,0,0,2025-01-13 00:30:17.080000,0.007,,,2025-01-13 00:30:13,2025-01-13 00:31:13
PVF/HE.PVF..CHZ__20250113T003321Z__20250113T003421Z.mseed,HE,PVF ,0,0,0,0,2025-01-13 00:33:25.796000,0.199,,,2025-01-13 00:33:21,2025-01-13 00:34:21
KU1/HE.KU1..SHZ__20250113T003946Z__20250113T004046Z.mseed,HE,KU1 ,0,0,0,0,2025-01-13 00:39:50.096000,0.002,,,2025-01-13 00:39:46,2025-01-13 00:40:46
LAUT/HE.LAUT..HHZ__20250113T004521Z__20250113T004621Z.mseed,HE,LAUT,0,0,0,0,,,,,2025-01-13 00:45:21,2025-01-13 00:46:21
RAJF/FN.RAJF..BHN__20250113T005215Z__20250113T005315Z.mseed,FN,RAJF,0,0,0,0,2025-01-13 00:52:19.130000,0.034,,,2025-01-13 00:52:15,2025-01-13 00:53:15
FIC2/HE.FIC2..HHN__20250113T005320Z__20250113T005420Z.mseed,HE,FIC2,0,0,0,0,2025-01-13 00:53:24.090000,0.001,,,2025-01-13 00:53:20,2025-01-13 00:54:20
KMNF/FN.KMNF..BHZ__20250113T010207Z__20250113T010307Z.mseed,FN,KMNF,0,0,0,0,2025-01-13 01:02:11.330000,0.01,,,2025-01-13 01:02:07,2025-01-13 01:03:07
KMNF/FN.KMNF..HHZ__20250113T012223Z__20250113T012323Z.mseed,FN,KMNF,0,0,0,0,2025-01-13 01:22:27.030000,0.007,,,2025-01-13 01:22:23,2025-01-13 01:23:23
KJNF/HE.KJNF..CHZ__20250113T013345Z__20250113T013445Z.mseed,HE,KJNF,0,0,0,0,2025-01-13 01:33:49.880000,0.001,,,2025-01-13 01:33:45,2025-01-13 01:34:45
TVF/HE.TVF..HHZ__20250113T015354Z__20250113T015454Z.mseed,HE,TVF ,0,0,0,0,,,,,2025-01-13 01:53:54,2025-01-13 01:54:54
FIC2/HE.FIC2..HHN__20250113T015716Z__20250113T015816Z.mseed,HE,FIC2,0,0,0,0,2025-01-13 01:57:20.750000,0.001,,,2025-01-13 01:57:16,2025-01-13 01:58:16
HEF/HE.HEF..HHE__20250113T021318Z__20250113T021418Z.mseed,HE,HEF ,0,0,0,0,2025-01-13 02:13:22.620000,0.017,,,2025-01-13 02:13:18,2025-01-13 02:14:18
KY02/HE.KY02..CHZ__20250113T021510Z__20250113T021610Z.mseed,HE,KY02,0,0,0,0,,,,,2025-01-13 02:15:10,2025-01-13 02:16:10
RSUO/HE.RSUO..HHE__20250113T024037Z__20250113T024137Z.mseed,HE,RSUO,0,0,0,0,,,,,2025-01-13 02:40:37,2025-01-13 02:41:37
FIC6/HE.FIC6..HHN__20250113T024437Z__20250113T024537Z.mseed,HE,FIC6,0,0,0,0,2025-01-13 02:44:41.400000,0.002,,,2025-01-13 02:44:37,2025-01-13 02:45:37
NIF/HE.NIF..HHE__20250113T024745Z__20250113T024845Z.mseed,HE,NIF ,0,0,0,0,2025-01-13 02:47:49.280000,0.085,,,2025-01-13 02:47:45,2025-01-13 02:48:45
OBF0/HE.OBF0..HHZ__20250113T024920Z__20250113T025020Z.mseed,HE,OBF0,0,0,0,0,2025-01-13 02:49:24.616000,0.003,,,2025-01-13 02:49:20,2025-01-13 02:50:20
RANF/FN.RANF..HHN__20250113T025917Z__20250113T030017Z.mseed,FN,RANF,0,0,0,0,,,,,2025-01-13 02:59:17,2025-01-13 03:00:17
OLKF/FN.OLKF..BHZ__20250113T032837Z__20250113T032937Z.mseed,FN,OLKF,0,0,0,0,2025-01-13 03:28:41.830000,0.021,,,2025-01-13 03:28:37,2025-01-13 03:29:37
NUR/HE.NUR..HHE__20250113T034037Z__20250113T034137Z.mseed,HE,NUR ,0,0,0,0,2025-01-13 03:40:39.480000,0.063,,,2025-01-13 03:40:37,2025-01-13 03:41:37
FIC6/HE.FIC6..HHE__20250113T034806Z__20250113T034906Z.mseed,HE,FIC6,0,0,0,0,2025-01-13 03:48:10.970000,0.014,,,2025-01-13 03:48:06,2025-01-13 03:49:06
VAF/HE.VAF..HHE__20250113T040500Z__20250113T040600Z.mseed,HE,VAF ,0,0,0,0,2025-01-13 04:05:04.890000,0.034,,,2025-01-13 04:05:00,2025-01-13 04:06:00
FIB1/HE.FIB1..HHZ__20250113T040534Z__20250113T040634Z.mseed,HE,FIB1,0,0,0,0,2025-01-13 04:05:38.770000,0.012,,,2025-01-13 04:05:34,2025-01-13 04:06:34
RAJF/FN.RAJF..BHZ__20250113T040600Z__20250113T040700Z.mseed,FN,RAJF,0,0,0,0,2025-01-13 04:06:04.680000,0.044,,,2025-01-13 04:06:00,2025-01-13 04:07:00
KUNI/HE.KUNI..HHZ__20250113T041128Z__20250113T041228Z.mseed,HE,KUNI,0,0,0,0,,,,,2025-01-13 04:11:28,2025-01-13 04:12:28
RUF/HE.RUF..HHZ__20250113T041903Z__20250113T042003Z.mseed,HE,RUF ,0,0,0,0,2025-01-13 04:19:07.460000,0.003,,,2025-01-13 04:19:03,2025-01-13 04:20:03
KU6/HE.KU6..HHZ__20250113T042203Z__20250113T042303Z.mseed,HE,KU6 ,0,0,0,0,2025-01-13 04:22:07.520000,0.005,,,2025-01-13 04:22:03,2025-01-13 04:23:03
KY02/HE.KY02..CHN__20250113T042945Z__20250113T043045Z.mseed,HE,KY02,0,0,0,0,,,,,2025-01-13 04:29:45,2025-01-13 04:30:45
KU2/HE.KU2..SHE__20250113T043354Z__20250113T043454Z.mseed,HE,KU2 ,0,0,0,0,,,,,2025-01-13 04:33:54,2025-01-13 04:34:54
FIA0/HE.FIA0..HHE__20250113T045755Z__20250113T045855Z.mseed,HE,FIA0,0,0,0,0,2025-01-13 04:57:59.680000,0.002,,,2025-01-13 04:57:55,2025-01-13 04:58:55
FIA1/HE.FIA1..HHE__20250113T050638Z__20250113T050738Z.mseed,HE,FIA1,0,0,0,0,2025-01-13 05:06:42.830000,0.085,,,2025-01-13 05:06:38,2025-01-13 05:07:38
VUOS/HE.VUOS..HHN__20250113T051712Z__20250113T051812Z.mseed,HE,VUOS,0,0,0,0,,,,,2025-01-13 05:17:12,2025-01-13 05:18:12
NIF/HE.NIF..HHE__20250113T053234Z__20250113T053334Z.mseed,HE,NIF ,0,0,0,0,2025-01-13 05:32:38.732000,0.8,,,2025-01-13 05:32:34,2025-01-13 05:33:34
PVF/HE.PVF..CHN__20250113T053608Z__20250113T053708Z.mseed,HE,PVF ,0,0,0,0,2025-01-13 05:36:12.136000,0.007,,,2025-01-13 05:36:08,2025-01-13 05:37:08
KU1/HE.KU1..SHZ__20250113T053830Z__20250113T053930Z.mseed,HE,KU1 ,0,0,0,0,,,,,2025-01-13 05:38:30,2025-01-13 05:39:30
FIC6/HE.FIC6..HHN__20250113T060854Z__20250113T060954Z.mseed,HE,FIC6,0,0,0,0,,,,,2025-01-13 06:08:54,2025-01-13 06:09:54
FIA0/HE.FIA0..HHZ__20250113T061625Z__20250113T061725Z.mseed,HE,FIA0,0,0,0,0,2025-01-13 06:16:29.490000,0.001,,,2025-01-13 06:16:25,2025-01-13 06:17:25
KPF/HE.KPF..HHE__20250113T063513Z__20250113T063613Z.mseed,HE,KPF ,0,0,0,0,2025-01-13 06:35:17.240000,0.074,,,2025-01-13 06:35:13,2025-01-13 06:36:13
TRE03/HE.TRE03..CHE__20250113T064141Z__20250113T064241Z.mseed,HE,TRE03,0,0,0,0,,,,,2025-01-13 06:41:41,2025-01-13 06:42:41
MEF/HE.MEF..HHE__20250113T064258Z__20250113T064358Z.mseed,HE,MEF ,0,0,0,0,,,,,2025-01-13 06:42:58,2025-01-13 06:43:58
RUF/HE.RUF..HHN__20250113T064321Z__20250113T064421Z.mseed,HE,RUF ,0,0,0,0,2025-01-13 06:43:25.768000,0.01,,,2025-01-13 06:43:21,2025-01-13 06:44:21
FIC1/HE.FIC1..HHE__20250113T064658Z__20250113T064758Z.mseed,HE,FIC1,0,0,0,0,2025-01-13 06:47:02.960000,0.02,,,2025-01-13 06:46:58,2025-01-13 06:47:58
NUR/HE.NUR..HHZ__20250113T071702Z__20250113T071802Z.mseed,HE,NUR ,0,0,0,0,,,,,2025-01-13 07:17:02,2025-01-13 07:18:02
FIC1/HE.FIC1..HHZ__20250113T072447Z__20250113T072547Z.mseed,HE,FIC1,0,0,0,0,,,,,2025-01-13 07:24:47,2025-01-13 07:25:47
PVF/HE.PVF..CHN__20250113T074226Z__20250113T074326Z.mseed,HE,PVF ,0,0,0,0,,,,,2025-01-13 07:42:26,2025-01-13 07:43:26
TRE03/HE.TRE03..CHN__20250113T080647Z__20250113T080747Z.mseed,HE,TRE03,0,0,0,0,2025-01-13 08:06:51.980000,0.002,,,2025-01-13 08:06:47,2025-01-13 08:07:47
NUR/HE.NUR..HHE__20250113T080701Z__20250113T080801Z.mseed,HE,NUR ,0,0,0,0,,,,,2025-01-13 08:07:01,2025-01-13 08:08:01
OUF/HE.OUF..HHZ__20250113T082222Z__20250113T082322Z.mseed,HE,OUF ,0,0,0,0,,,,,2025-01-13 08:22:22,2025-01-13 08:23:22
KAF/HE.KAF..HHN__20250113T083351Z__20250113T083451Z.mseed,HE,KAF ,0,0,0,0,2025-01-13 08:33:55.260000,0.008,,,2025-01-13 08:33:51,2025-01-13 08:34:51
KPF/HE.KPF..HHE__20250113T084402Z__20250113T084502Z.mseed,HE,KPF ,0,0,0,0,2025-01-13 08:44:06.992000,0.008,,,2025-01-13 08:44:02,2025-01-13 08:45:02
KU1/HE.KU1..SHZ__20250113T085448Z__20250113T085548Z.mseed,HE,KU1 ,0,0,0,0,2025-01-13 08:54:52.464000,0.005,,,2025-01-13 08:54:48,2025-01-13 08:55:48
OBF3/HE.OBF3..HHZ__20250113T085820Z__20250113T085920Z.mseed,HE,OBF3,0,0,0,0,2025-01-13 08:58:24.788000,0.02,,,2025-01-13 08:58:20,2025-01-13 08:59:20
FIA3/HE.FIA3..HHZ__20250113T090931Z__20250113T091031Z.mseed,HE,FIA3,0,0,0,0,,,,,2025-01-13 09:09:31,2025-01-13 09:10:31
KAF/HE.KAF..HHZ__20250113T091008Z__20250113T091108Z.mseed,HE,KAF ,0,0,0,0,,,,,2025-01-13 09:10:08,2025-01-13 09:11:08
NIF/HE.NIF..HHE__20250113T091009Z__20250113T091109Z.mseed,HE,NIF ,0,0,0,0,2025-01-13 09:10:13.640000,0.004,,,2025-01-13 09:10:09,2025-01-13 09:11:09
KY02/HE.KY02..CHZ__20250113T091120Z__20250113T091220Z.mseed,HE,KY02,0,0,0,0,,,,,2025-01-13 09:11:20,2025-01-13 09:12:20
FIA0/HE.FIA0..HHN__20250113T091242Z__20250113T091342Z.mseed,HE,FIA0,0,0,0,0,,,,,2025-01-13 09:12:42,2025-01-13 09:13:42
ECKF/HE.ECKF..CHE__20250113T091811Z__20250113T091911Z.mseed,HE,ECKF,0,0,0,0,2025-01-13 09:18:15.768000,0.001,,,2025-01-13 09:18:11,2025-01-13 09:19:11
RAF/HE.RAF..HHN__20250113T095218Z__20250113T095318Z.mseed,HE,RAF ,0,0,0,0,2025-01-13 09:52:22.540000,0.019,,,2025-01-13 09:52:18,2025-01-13 09:53:18
KY17/HE.KY17..CHN__20250113T095741Z__20250113T095841Z.mseed,HE,KY17,0,0,0,0,,,,,2025-01-13 09:57:41,2025-01-13 09:58:41
SUF/HE.SUF..HHN__20250113T103443Z__20250113T103543Z.mseed,HE,SUF ,0,0,0,0,,,2025-01-13 10:34:58.274000,0.039,2025-01-13 10:34:43,2025-01-13 10:35:43
RUF/HE.RUF..HHN__20250113T103446Z__20250113T103546Z.mseed,HE,RUF ,0,0,0,0,2025-01-13 10:34:50.876000,0.005,,,2025-01-13 10:34:46,2025-01-13 10:35:46
HEL5/HE.HEL5..HHZ__20250113T104239Z__20250113T104339Z.mseed,HE,HEL5,0,0,0,0,,,,,2025-01-13 10:42:39,2025-01-13 10:43:39
KAF/HE.KAF..HHZ__20250113T104413Z__20250113T104513Z.mseed,HE,KAF ,0,0,0,0,,,,,2025-01-13 10:44:13,2025-01-13 10:45:13
FIB2/HE.FIB2..HHN__20250113T104424Z__20250113T104524Z.mseed,HE,FIB2,0,0,0,0,,,,,2025-01-13 10:44:24,2025-01-13 10:45:24
HEF/HE.HEF..HHZ__20250113T105523Z__20250113T105623Z.mseed,HE,HEF ,0,0,0,0,2025-01-13 10:55:52.140000,0.182,,,2025-01-13 10:55:23,2025-01-13 10:56:23
RMF/HE.RMF..HHN__20250113T111254Z__20250113T111354Z.mseed,HE,RMF ,0,0,0,0,,,,,2025-01-13 11:12:54,2025-01-13 11:13:54
ECKF/HE.ECKF..CHN__20250113T111516Z__20250113T111616Z.mseed,HE,ECKF,0,0,0,0,2025-01-13 11:15:20.536000,0.007,,,2025-01-13 11:15:16,2025-01-13 11:16:16
ALAJF/HE.ALAJF..HHN__20250113T111807Z__20250113T111907Z.mseed,HE,ALAJF,0,0,0,0,2025-01-13 11:18:11.872000,0.008,,,2025-01-13 11:18:07,2025-01-13 11:19:07
PVF/HE.PVF..CHN__20250113T113058Z__20250113T113158Z.mseed,HE,PVF ,0,0,0,0,2025-01-13 11:31:02.868000,0.003,,,2025-01-13 11:30:58,2025-01-13 11:31:58
RANF/FN.RANF..HHE__20250113T114010Z__20250113T114110Z.mseed,FN,RANF,0,0,0,0,2025-01-13 11:40:14.330000,0.01,,,2025-01-13 11:40:10,2025-01-13 11:41:10
KY02/HE.KY02..CHZ__20250113T115227Z__20250113T115327Z.mseed,HE,KY02,0,0,0,0,,,,,2025-01-13 11:52:27,2025-01-13 11:53:27
FIA3/HE.FIA3..HHZ__20250113T121024Z__20250113T121124Z.mseed,HE,FIA3,0,0,0,0,2025-01-13 12:10:28.240000,0.274,,,2025-01-13 12:10:24,2025-01-13 12:11:24
OLKF/FN.OLKF..HHN__20250113T121520Z__20250113T121620Z.mseed,FN,OLKF,0,0,0,0,2025-01-13 12:15:24.100000,0.031,,,2025-01-13 12:15:20,2025-01-13 12:16:20
NUR/HE.NUR..HHE__20250113T122948Z__20250113T123048Z.mseed,HE,NUR ,0,0,0,0,,,,,2025-01-13 12:29:48,2025-01-13 12:30:48
RSUO/HE.RSUO..HHN__20250113T123927Z__20250113T124027Z.mseed,HE,RSUO,0,0,0,0,,,,,2025-01-13 12:39:27,2025-01-13 12:40:27
KMNF/FN.KMNF..BHZ__20250113T124740Z__20250113T124840Z.mseed,FN,KMNF,0,0,0,0,2025-01-13 12:47:44.630000,0.007,,,2025-01-13 12:47:40,2025-01-13 12:48:40
KORF/HE.KORF..CHE__20250113T125342Z__20250113T125442Z.mseed,HE,KORF,0,0,0,0,2025-01-13 12:53:46.396000,0.107,2025-01-13 12:54:31.566000,0.111,2025-01-13 12:53:42,2025-01-13 12:54:42
KUNI/HE.KUNI..HHE__20250113T130604Z__20250113T130704Z.mseed,HE,KUNI,0,0,0,0,2025-01-13 13:06:08.136000,0.01,,,2025-01-13 13:06:04,2025-01-13 13:07:04
FIB6/HE.FIB6..HHN__20250113T130741Z__20250113T130841Z.mseed,HE,FIB6,0,0,0,0,2025-01-13 13:07:45.640000,0.03,,,2025-01-13 13:07:41,2025-01-13 13:08:41
KU2/HE.KU2..SHE__20250113T133439Z__20250113T133539Z.mseed,HE,KU2 ,0,0,0,0,,,,,2025-01-13 13:34:39,2025-01-13 13:35:39
PVF/HE.PVF..CHE__20250113T134236Z__20250113T134336Z.mseed,HE,PVF ,0,0,0,0,2025-01-13 13:42:41.048000,0.017,,,2025-01-13 13:42:36,2025-01-13 13:43:36
FIC1/HE.FIC1..HHZ__20250113T134852Z__20250113T134952Z.mseed,HE,FIC1,0,0,0,0,,,,,2025-01-13 13:48:52,2025-01-13 13:49:52
FIC2/HE.FIC2..HHN__20250113T135900Z__20250113T140000Z.mseed,HE,FIC2,0,0,0,0,,,,,2025-01-13 13:59:00,2025-01-13 14:00:00
RUF/HE.RUF..HHN__20250113T141924Z__20250113T142024Z.mseed,HE,RUF ,0,0,0,0,2025-01-13 14:19:28.620000,0.01,,,2025-01-13 14:19:24,2025-01-13 14:20:24
OUF/HE.OUF..HHE__20250113T142002Z__20250113T142102Z.mseed,HE,OUF ,0,0,0,0,2025-01-13 14:20:07.050000,0.016,,,2025-01-13 14:20:02,2025-01-13 14:21:02
FIC5/HE.FIC5..HHE__20250113T142852Z__20250113T142952Z.mseed,HE,FIC5,0,0,0,0,,,,,2025-01-13 14:28:52,2025-01-13 14:29:52
HEL2/HE.HEL2..HHE__20250113T143442Z__20250113T143542Z.mseed,HE,HEL2,0,0,0,0,2025-01-13 14:34:46.080000,0.012,,,2025-01-13 14:34:42,2025-01-13 14:35:42
VAF/HE.VAF..HHN__20250113T144118Z__20250113T144218Z.mseed,HE,VAF ,0,0,0,0,2025-01-13 14:41:22.780000,0.005,,,2025-01-13 14:41:18,2025-01-13 14:42:18
MEF/HE.MEF..HHN__20250113T144615Z__20250113T144715Z.mseed,HE,MEF ,0,0,0,0,,,,,2025-01-13 14:46:15,2025-01-13 14:47:15
FIA1/HE.FIA1..HHE__20250113T144637Z__20250113T144737Z.mseed,HE,FIA1,0,0,0,0,2025-01-13 14:46:41.580000,0.003,,,2025-01-13 14:46:37,2025-01-13 14:47:37
RMF/HE.RMF..HHZ__20250113T145246Z__20250113T145346Z.mseed,HE,RMF ,0,0,0,0,,,,,2025-01-13 14:52:46,2025-01-13 14:53:46
OLKF/FN.OLKF..BHZ__20250113T150136Z__20250113T150236Z.mseed,FN,OLKF,0,0,0,0,,,,,2025-01-13 15:01:36,2025-01-13 15:02:36
OLKF/FN.OLKF..HHE__20250113T150559Z__20250113T150659Z.mseed,FN,OLKF,0,0,0,0,2025-01-13 15:06:03.880000,0.05,,,2025-01-13 15:05:59,2025-01-13 15:06:59
OLKF/FN.OLKF..BHN__20250113T151712Z__20250113T151812Z.mseed,FN,OLKF,0,0,0,0,2025-01-13 15:17:16.350000,0.02,,,2025-01-13 15:17:12,2025-01-13 15:18:12
FIB5/HE.FIB5..HHE__20250113T153206Z__20250113T153306Z.mseed,HE,FIB5,0,0,0,0,,,,,2025-01-13 15:32:06,2025-01-13 15:33:06
NIF/HE.NIF..HHE__20250113T154153Z__20250113T154253Z.mseed,HE,NIF ,0,0,0,0,2025-01-13 15:41:57.648000,0.014,,,2025-01-13 15:41:53,2025-01-13 15:42:53
KEF/HE.KEF..HHN__20250113T154725Z__20250113T154825Z.mseed,HE,KEF ,0,0,0,0,2025-01-13 15:47:29.400000,0.003,,,2025-01-13 15:47:25,2025-01-13 15:48:25
RSUO/HE.RSUO..HHZ__20250113T155147Z__20250113T155247Z.mseed,HE,RSUO,0,0,0,0,,,,,2025-01-13 15:51:47,2025-01-13 15:52:47
LOVF/HE.LOVF..CHE__20250113T155441Z__20250113T155541Z.mseed,HE,LOVF,0,0,0,0,2025-01-13 15:54:45.188000,0.004,,,2025-01-13 15:54:41,2025-01-13 15:55:41
VUOS/HE.VUOS..HHZ__20250113T155714Z__20250113T155814Z.mseed,HE,VUOS,0,0,0,0,2025-01-13 15:57:18.428000,0.003,,,2025-01-13 15:57:14,2025-01-13 15:58:14
FIA3/HE.FIA3..HHZ__20250113T161543Z__20250113T161643Z.mseed,HE,FIA3,0,0,0,0,2025-01-13 16:15:47.920000,0.103,,,2025-01-13 16:15:43,2025-01-13 16:16:43
RMF/HE.RMF..HHZ__20250113T162717Z__20250113T162817Z.mseed,HE,RMF ,0,0,0,0,2025-01-13 16:27:21.380000,0.005,,,2025-01-13 16:27:17,2025-01-13 16:28:17
FIC2/HE.FIC2..HHN__20250113T163235Z__20250113T163335Z.mseed,HE,FIC2,0,0,0,0,,,,,2025-01-13 16:32:35,2025-01-13 16:33:35
KU6/HE.KU6..HHN__20250113T163659Z__20250113T163759Z.mseed,HE,KU6 ,0,0,0,0,2025-01-13 16:37:03.380000,0.006,,,2025-01-13 16:36:59,2025-01-13 16:37:59
KIF/HE.KIF..HHN__20250113T164107Z__20250113T164207Z.mseed,HE,KIF ,0,0,0,0,2025-01-13 16:41:11.780000,0.05,,,2025-01-13 16:41:07,2025-01-13 16:42:07
KIF/HE.KIF..HHE__20250113T164507Z__20250113T164607Z.mseed,HE,KIF ,0,0,0,0,2025-01-13 16:45:11.800000,0.241,2025-01-13 16:45:22.880000,0.561,2025-01-13 16:45:07,2025-01-13 16:46:07
PVF/HE.PVF..CHN__20250113T164648Z__20250113T164748Z.mseed,HE,PVF ,0,0,0,0,2025-01-13 16:46:52.092000,0.007,,,2025-01-13 16:46:48,2025-01-13 16:47:48
FIC2/HE.FIC2..HHE__20250113T165028Z__20250113T165128Z.mseed,HE,FIC2,0,0,0,0,2025-01-13 16:50:32.640000,0.004,,,2025-01-13 16:50:28,2025-01-13 16:51:28
KU1/HE.KU1..SHE__20250113T165455Z__20250113T165555Z.mseed,HE,KU1 ,0,0,0,0,,,,,2025-01-13 16:54:55,2025-01-13 16:55:55
RAJF/FN.RAJF..HHZ__20250113T171211Z__20250113T171311Z.mseed,FN,RAJF,0,0,0,0,2025-01-13 17:12:16.010000,0.086,,,2025-01-13 17:12:11,2025-01-13 17:13:11
KEF/HE.KEF..HHE__20250113T171249Z__20250113T171349Z.mseed,HE,KEF ,0,0,0,0,2025-01-13 17:12:53.850000,0.016,,,2025-01-13 17:12:49,2025-01-13 17:13:49
TRE03/HE.TRE03..CHE__20250113T174118Z__20250113T174218Z.mseed,HE,TRE03,0,0,0,0,2025-01-13 17:41:22.544000,0.002,,,2025-01-13 17:41:18,2025-01-13 17:42:18
KU2/HE.KU2..SHE__20250113T180101Z__20250113T180201Z.mseed,HE,KU2 ,0,0,0,0,,,,,2025-01-13 18:01:01,2025-01-13 18:02:01
FIA0/HE.FIA0..HHZ__20250113T180112Z__20250113T180212Z.mseed,HE,FIA0,0,0,0,0,2025-01-13 18:01:16.790000,0.005,,,2025-01-13 18:01:12,2025-01-13 18:02:12
KU2/HE.KU2..SHN__20250113T180505Z__20250113T180605Z.mseed,HE,KU2 ,0,0,0,0,,,,,2025-01-13 18:05:05,2025-01-13 18:06:05
FIB3/HE.FIB3..HHZ__20250113T182053Z__20250113T182153Z.mseed,HE,FIB3,0,0,0,0,2025-01-13 18:20:57.680000,0.006,,,2025-01-13 18:20:53,2025-01-13 18:21:53
KY02/HE.KY02..CHN__20250113T183340Z__20250113T183440Z.mseed,HE,KY02,0,0,0,0,,,,,2025-01-13 18:33:40,2025-01-13 18:34:40
FIC5/HE.FIC5..HHZ__20250113T185330Z__20250113T185430Z.mseed,HE,FIC5,0,0,0,0,2025-01-13 18:53:34.950000,0.008,,,2025-01-13 18:53:30,2025-01-13 18:54:30
SUF/HE.SUF..HHN__20250113T185448Z__20250113T185548Z.mseed,HE,SUF ,0,0,0,0,2025-01-13 18:54:54.082000,0.106,,,2025-01-13 18:54:48,2025-01-13 18:55:48
KMNF/FN.KMNF..BHZ__20250113T185659Z__20250113T185759Z.mseed,FN,KMNF,0,0,0,0,,,,,2025-01-13 18:56:59,2025-01-13 18:57:59
MEF/HE.MEF..HHZ__20250113T191222Z__20250113T191322Z.mseed,HE,MEF ,0,0,0,0,2025-01-13 19:12:26.500000,0.079,,,2025-01-13 19:12:22,2025-01-13 19:13:22
VAF/HE.VAF..HHZ__20250113T191519Z__20250113T191619Z.mseed,HE,VAF ,0,0,0,0,2025-01-13 19:15:23.660000,0.001,,,2025-01-13 19:15:19,2025-01-13 19:16:19
HEL2/HE.HEL2..HHZ__20250113T193042Z__20250113T193142Z.mseed,HE,HEL2,0,0,0,0,,,,,2025-01-13 19:30:42,2025-01-13 19:31:42
VUOS/HE.VUOS..HHN__20250113T193403Z__20250113T193503Z.mseed,HE,VUOS,0,0,0,0,2025-01-13 19:34:07.016000,0.005,,,2025-01-13 19:34:03,2025-01-13 19:35:03
OBF0/HE.OBF0..HHN__20250113T193838Z__20250113T193938Z.mseed,HE,OBF0,0,0,0,0,,,,,2025-01-13 19:38:38,2025-01-13 19:39:38
