file_name,network,station,instrument_type,station_lat,station_lon,station_elv,p_arrival_time,p_probability,s_arrival_time,s_probability,start_dt,end_dt,source_file
LOVF/HE.LOVF..CHE__20250102T091710Z__20250102T091810Z.mseed,HE,LOVF,0,0,0,0,2025-01-02 09:17:15.786000,0.919,2025-01-02 09:17:18.996000,0.775,2025-01-02 09:17:10.000000,2025-01-02 09:18:10.000000,eqcct_explosions_th0_1/20250102T091710Z_20250102T091810Z/LOVF_outputs/X_prediction_results.csv
VJF/HE.VJF..HHN__20250102T091713Z__20250102T091813Z.mseed,HE,VJF,0,0,0,0,2025-01-02 09:17:18.754000,0.823,2025-01-02 09:17:26.524000,0.25,2025-01-02 09:17:13.000000,2025-01-02 09:18:13.000000,eqcct_explosions_th0_1/20250102T091713Z_20250102T091813Z/VJF_outputs/X_prediction_results.csv
KY17/HE.KY17..CHN__20250102T091714Z__20250102T091814Z.mseed,HE,KY17,0,0,0,0,2025-01-02 09:17:19.496000,0.827,2025-01-02 09:17:25.426000,0.817,2025-01-02 09:17:14.000000,2025-01-02 09:18:14.000000,eqcct_explosions_th0_1/20250102T091714Z_20250102T091814Z/KY17_outputs/X_prediction_results.csv
KY02/HE.KY02..CHE__20250102T091714Z__20250102T091814Z.mseed,HE,KY02,0,0,0,0,2025-01-02 09:17:19.488000,0.965,2025-01-02 09:17:25.428000,0.761,2025-01-02 09:17:14.000000,2025-01-02 09:18:14.000000,eqcct_explosions_th0_1/20250102T091714Z_20250102T091814Z/KY02_outputs/X_prediction_results.csv
PVF/HE.PVF..CHN__20250102T091714Z__20250102T091814Z.mseed,HE,PVF,0,0,0,0,2025-01-02 09:17:19.344000,0.777,2025-01-02 09:17:25.254000,0.64,2025-01-02 09:17:14.000000,2025-01-02 09:18:14.000000,eqcct_explosions_th0_1/20250102T091714Z_20250102T091814Z/PVF_outputs/X_prediction_results.csv
VUOS/HE.VUOS..HHE__20250102T091721Z__20250102T091821Z.mseed,HE,VUOS,0,0,0,0,2025-01-02 09:17:26.728000,0.807,,,2025-01-02 09:17:21.000000,2025-01-02 09:18:21.000000,eqcct_explosions_th0_1/20250102T091721Z_20250102T091821Z/VUOS_outputs/X_prediction_results.csv
KUNI/HE.KUNI..HHN__20250102T091723Z__20250102T091823Z.mseed,HE,KUNI,0,0,0,0,2025-01-02 09:17:28.252000,0.604,2025-01-02 09:17:41.402000,0.242,2025-01-02 09:17:23.000000,2025-01-02 09:18:23.000000,eqcct_explosions_th0_1/20250102T091723Z_20250102T091823Z/KUNI_outputs/X_prediction_results.csv
FIA0/HE.FIA0..HHE__20250102T091723Z__20250102T091823Z.mseed,HE,FIA0,0,0,0,0,2025-01-02 09:17:28.960000,0.771,2025-01-02 09:17:42.460000,0.442,2025-01-02 09:17:23.000000,2025-01-02 09:18:23.000000,eqcct_explosions_th0_1/20250102T091723Z_20250102T091823Z/FIA0_outputs/X_prediction_results.csv
FIA1/HE.FIA1..HHZ__20250102T091723Z__20250102T091823Z.mseed,HE,FIA1,0,0,0,0,2025-01-02 09:17:28.950000,0.886,2025-01-02 09:17:42.470000,0.436,2025-01-02 09:17:23.000000,2025-01-02 09:18:23.000000,eqcct_explosions_th0_1/20250102T091723Z_20250102T091823Z/FIA1_outputs/X_prediction_results.csv
NUR/HE.NUR..HHE__20250102T091724Z__20250102T091824Z.mseed,HE,NUR,0,0,0,0,2025-01-02 09:17:29.876000,0.583,2025-01-02 09:17:50.106000,0.269,2025-01-02 09:17:24.000000,2025-01-02 09:18:24.000000,eqcct_explosions_th0_1/20250102T091724Z_20250102T091824Z/NUR_outputs/X_prediction_results.csv
HEL5/HE.HEL5..HHE__20250102T091725Z__20250102T091825Z.mseed,HE,HEL5,0,0,0,0,2025-01-02 09:17:29.572000,0.457,,,2025-01-02 09:17:25.000000,2025-01-02 09:18:25.000000,eqcct_explosions_th0_1/20250102T091725Z_20250102T091825Z/HEL5_outputs/X_prediction_results.csv
MEF/HE.MEF..HHN__20250102T091728Z__20250102T091828Z.mseed,HE,MEF,0,0,0,0,2025-01-02 09:17:33.130000,0.712,2025-01-02 09:17:49.280000,0.38,2025-01-02 09:17:28.000000,2025-01-02 09:18:28.000000,eqcct_explosions_th0_1/20250102T091728Z_20250102T091828Z/MEF_outputs/X_prediction_results.csv
RUF/HE.RUF..HHN__20250102T091731Z__20250102T091831Z.mseed,HE,RUF,0,0,0,0,2025-01-02 09:17:35.912000,0.781,2025-01-02 09:17:57.692000,0.367,2025-01-02 09:17:31.000000,2025-01-02 09:18:31.000000,eqcct_explosions_th0_1/20250102T091731Z_20250102T091831Z/RUF_outputs/X_prediction_results.csv
TRE03/HE.TRE03..CHZ__20250102T091735Z__20250102T091835Z.mseed,HE,TRE03,0,0,0,0,2025-01-02 09:17:40.552000,0.549,2025-01-02 09:18:03.012000,0.387,2025-01-02 09:17:35.000000,2025-01-02 09:18:35.000000,eqcct_explosions_th0_1/20250102T091735Z_20250102T091835Z/TRE03_outputs/X_prediction_results.csv
KAF/HE.KAF..HHE__20250102T091735Z__20250102T091835Z.mseed,HE,KAF,0,0,0,0,2025-01-02 09:17:40.060000,0.729,2025-01-02 09:18:01.990000,0.456,2025-01-02 09:17:35.000000,2025-01-02 09:18:35.000000,eqcct_explosions_th0_1/20250102T091735Z_20250102T091835Z/KAF_outputs/X_prediction_results.csv
KEF/HE.KEF..HHE__20250102T091804Z__20250102T091904Z.mseed,HE,KEF,0,0,0,0,2025-01-02 09:18:08.570000,0.177,2025-01-02 09:18:11.850000,0.302,2025-01-02 09:18:04.000000,2025-01-02 09:19:04.000000,eqcct_explosions_th0_1/20250102T091804Z_20250102T091904Z/KEF_outputs/X_prediction_results.csv
OBF3/HE.OBF3..HHN__20250102T115129Z__20250102T115229Z.mseed,HE,OBF3,0,0,0,0,2025-01-02 11:51:34.520000,0.784,2025-01-02 11:51:37.120000,0.418,2025-01-02 11:51:29.000000,2025-01-02 11:52:29.000000,eqcct_explosions_th0_1/20250102T115129Z_20250102T115229Z/OBF3_outputs/X_prediction_results.csv
OUF/HE.OUF..HHZ__20250102T115133Z__20250102T115233Z.mseed,HE,OUF,0,0,0,0,2025-01-02 11:51:38.780000,0.829,2025-01-02 11:51:43.410000,0.322,2025-01-02 11:51:33.000000,2025-01-02 11:52:33.000000,eqcct_explosions_th0_1/20250102T115133Z_20250102T115233Z/OUF_outputs/X_prediction_results.csv
OBF0/HE.OBF0..SHE__20250102T115133Z__20250102T115233Z.mseed,HE,OBF0,0,0,0,0,2025-01-02 11:51:38.110000,0.843,2025-01-02 11:51:42.350000,0.57,2025-01-02 11:51:33.000000,2025-01-02 11:52:33.000000,eqcct_explosions_th0_1/20250102T115133Z_20250102T115233Z/OBF0_outputs/X_prediction_results.csv
OBF8/HE.OBF8..HHE__20250102T115140Z__20250102T115240Z.mseed,HE,OBF8,0,0,0,0,2025-01-02 11:51:45.080000,0.913,,,2025-01-02 11:51:40.000000,2025-01-02 11:52:40.000000,eqcct_explosions_th0_1/20250102T115140Z_20250102T115240Z/OBF8_outputs/X_prediction_results.csv
KJNF/HE.KJNF..CHZ__20250102T115152Z__20250102T115252Z.mseed,HE,KJNF,0,0,0,0,2025-01-02 11:51:57.080000,0.853,2025-01-02 11:52:15.200000,0.453,2025-01-02 11:51:52.000000,2025-01-02 11:52:52.000000,eqcct_explosions_th0_1/20250102T115152Z_20250102T115252Z/KJNF_outputs/X_prediction_results.csv
TOF/HE.TOF..HHZ__20250102T115152Z__20250102T115252Z.mseed,HE,TOF,0,0,0,0,2025-01-02 11:51:57.980000,0.883,2025-01-02 11:52:16.930000,0.316,2025-01-02 11:51:52.000000,2025-01-02 11:52:52.000000,eqcct_explosions_th0_1/20250102T115152Z_20250102T115252Z/TOF_outputs/X_prediction_results.csv
RANF/FN.RANF..BHN__20250102T115156Z__20250102T115256Z.mseed,FN,RANF,0,0,0,0,2025-01-02 11:52:00.100000,0.811,2025-01-02 11:52:21.250000,0.201,2025-01-02 11:51:56.000000,2025-01-02 11:52:56.000000,eqcct_explosions_th0_1/20250102T115156Z_20250102T115256Z/RANF_outputs/X_prediction_results.csv
KU2/HE.KU2..SHE__20250102T115159Z__20250102T115259Z.mseed,HE,KU2,0,0,0,0,2025-01-02 11:52:04.680000,0.644,2025-01-02 11:52:27.710000,0.138,2025-01-02 11:51:59.000000,2025-01-02 11:52:59.000000,eqcct_explosions_th0_1/20250102T115159Z_20250102T115259Z/KU2_outputs/X_prediction_results.csv
NIF/HE.NIF..HHN__20250102T115201Z__20250102T115301Z.mseed,HE,NIF,0,0,0,0,2025-01-02 11:52:06.380000,0.886,2025-01-02 11:52:31.640000,0.472,2025-01-02 11:52:01.000000,2025-01-02 11:53:01.000000,eqcct_explosions_th0_1/20250102T115201Z_20250102T115301Z/NIF_outputs/X_prediction_results.csv
VAF/HE.VAF..HHN__20250102T115202Z__20250102T115302Z.mseed,HE,VAF,0,0,0,0,2025-01-02 11:52:07.180000,0.862,2025-01-02 11:52:32.440000,0.625,2025-01-02 11:52:02.000000,2025-01-02 11:53:02.000000,eqcct_explosions_th0_1/20250102T115202Z_20250102T115302Z/VAF_outputs/X_prediction_results.csv
SUF/HE.SUF..HHZ__20250102T115204Z__20250102T115304Z.mseed,HE,SUF,0,0,0,0,2025-01-02 11:52:09.980000,0.665,2025-01-02 11:52:38.280000,0.513,2025-01-02 11:52:04.000000,2025-01-02 11:53:04.000000,eqcct_explosions_th0_1/20250102T115204Z_20250102T115304Z/SUF_outputs/X_prediction_results.csv
KU1/HE.KU1..SHE__20250102T115206Z__20250102T115306Z.mseed,HE,KU1,0,0,0,0,2025-01-02 11:52:11.580000,0.77,2025-01-02 11:52:39.990000,0.342,2025-01-02 11:52:06.000000,2025-01-02 11:53:06.000000,eqcct_explosions_th0_1/20250102T115206Z_20250102T115306Z/KU1_outputs/X_prediction_results.csv
RMF/HE.RMF..HHN__20250102T115208Z__20250102T115308Z.mseed,HE,RMF,0,0,0,0,2025-01-02 11:52:12.380000,0.886,2025-01-02 11:52:43.300000,0.456,2025-01-02 11:52:08.000000,2025-01-02 11:53:08.000000,eqcct_explosions_th0_1/20250102T115208Z_20250102T115308Z/RMF_outputs/X_prediction_results.csv
KU6/HE.KU6..HHN__20250102T115211Z__20250102T115311Z.mseed,HE,KU6,0,0,0,0,2025-01-02 11:52:15.880000,0.756,,,2025-01-02 11:52:11.000000,2025-01-02 11:53:11.000000,eqcct_explosions_th0_1/20250102T115211Z_20250102T115311Z/KU6_outputs/X_prediction_results.csv
KLF/FN.KLF..BHE__20250102T115211Z__20250102T115311Z.mseed,FN,KLF,0,0,0,0,2025-01-02 11:52:15.200000,0.681,2025-01-02 11:52:48.830000,0.293,2025-01-02 11:52:11.000000,2025-01-02 11:53:11.000000,eqcct_explosions_th0_1/20250102T115211Z_20250102T115311Z/KLF_outputs/X_prediction_results.csv
KAF/HE.KAF..HHZ__20250102T115214Z__20250102T115314Z.mseed,HE,KAF,0,0,0,0,2025-01-02 11:52:19.480000,0.712,2025-01-02 11:52:54.480000,0.357,2025-01-02 11:52:14.000000,2025-01-02 11:53:14.000000,eqcct_explosions_th0_1/20250102T115214Z_20250102T115314Z/KAF_outputs/X_prediction_results.csv
KPF/HE.KPF..HHZ__20250102T115219Z__20250102T115319Z.mseed,HE,KPF,0,0,0,0,2025-01-02 11:52:23.780000,0.743,,,2025-01-02 11:52:19.000000,2025-01-02 11:53:19.000000,eqcct_explosions_th0_1/20250102T115219Z_20250102T115319Z/KPF_outputs/X_prediction_results.csv
OLKF/FN.OLKF..HHN__20250102T115244Z__20250102T115344Z.mseed,FN,OLKF,0,0,0,0,2025-01-02 11:52:48.100000,0.26,,,2025-01-02 11:52:44.000000,2025-01-02 11:53:44.000000,eqcct_explosions_th0_1/20250102T115244Z_20250102T115344Z/OLKF_outputs/X_prediction_results.csv
KEF/HE.KEF..HHN__20250102T115245Z__20250102T115345Z.mseed,HE,KEF,0,0,0,0,2025-01-02 11:52:50.520000,0.141,,,2025-01-02 11:52:45.000000,2025-01-02 11:53:45.000000,eqcct_explosions_th0_1/20250102T115245Z_20250102T115345Z/KEF_outputs/X_prediction_results.csv
JOF/HE.JOF..HHN__20250102T115310Z__20250102T115410Z.mseed,HE,JOF,0,0,0,0,2025-01-02 11:53:14.190000,0.296,,,2025-01-02 11:53:10.000000,2025-01-02 11:54:10.000000,eqcct_explosions_th0_1/20250102T115310Z_20250102T115410Z/JOF_outputs/X_prediction_results.csv
VRF/HE.VRF..HHN__20250102T123941Z__20250102T124041Z.mseed,HE,VRF,0,0,0,0,2025-01-02 12:39:46.440000,0.85,2025-01-02 12:39:52.500000,0.265,2025-01-02 12:39:41.000000,2025-01-02 12:40:41.000000,eqcct_explosions_th0_1/20250102T123941Z_20250102T124041Z/VRF_outputs/X_prediction_results.csv
RAJF/FN.RAJF..BHE__20250102T123956Z__20250102T124056Z.mseed,FN,RAJF,0,0,0,0,2025-01-02 12:40:01.690000,0.666,2025-01-02 12:40:17.900000,0.661,2025-01-02 12:39:56.000000,2025-01-02 12:40:56.000000,eqcct_explosions_th0_1/20250102T123956Z_20250102T124056Z/RAJF_outputs/X_prediction_results.csv
OLKF/FN.OLKF..HHN__20250102T123958Z__20250102T124058Z.mseed,FN,OLKF,0,0,0,0,2025-01-02 12:40:03.800000,0.754,2025-01-02 12:40:21.410000,0.492,2025-01-02 12:39:58.000000,2025-01-02 12:40:58.000000,eqcct_explosions_th0_1/20250102T123958Z_20250102T124058Z/OLKF_outputs/X_prediction_results.csv
KU6/HE.KU6..HHZ__20250102T124003Z__20250102T124103Z.mseed,HE,KU6,0,0,0,0,2025-01-02 12:40:08.080000,0.802,2025-01-02 12:40:28.800000,0.245,2025-01-02 12:40:03.000000,2025-01-02 12:41:03.000000,eqcct_explosions_th0_1/20250102T124003Z_20250102T124103Z/KU6_outputs/X_prediction_results.csv
KU2/HE.KU2..SHZ__20250102T124011Z__20250102T124111Z.mseed,HE,KU2,0,0,0,0,2025-01-02 12:40:16.950000,0.239,,,2025-01-02 12:40:11.000000,2025-01-02 12:41:11.000000,eqcct_explosions_th0_1/20250102T124011Z_20250102T124111Z/KU2_outputs/X_prediction_results.csv
KU1/HE.KU1..SHE__20250102T124011Z__20250102T124111Z.mseed,HE,KU1,0,0,0,0,2025-01-02 12:40:16.580000,0.645,,,2025-01-02 12:40:11.000000,2025-01-02 12:41:11.000000,eqcct_explosions_th0_1/20250102T124011Z_20250102T124111Z/KU1_outputs/X_prediction_results.csv
RANF/FN.RANF..HHN__20250102T124012Z__20250102T124112Z.mseed,FN,RANF,0,0,0,0,2025-01-02 12:40:16.750000,0.717,2025-01-02 12:40:45.240000,0.27,2025-01-02 12:40:12.000000,2025-01-02 12:41:12.000000,eqcct_explosions_th0_1/20250102T124012Z_20250102T124112Z/RANF_outputs/X_prediction_results.csv
KLF/FN.KLF..HHZ__20250102T124016Z__20250102T124116Z.mseed,FN,KLF,0,0,0,0,2025-01-02 12:40:22.010000,0.646,2025-01-02 12:40:57.000000,0.292,2025-01-02 12:40:16.000000,2025-01-02 12:41:16.000000,eqcct_explosions_th0_1/20250102T124016Z_20250102T124116Z/KLF_outputs/X_prediction_results.csv
KEV/HE.KEV..HHN__20250102T124018Z__20250102T124118Z.mseed,HE,KEV,0,0,0,0,2025-01-02 12:40:23.020000,0.621,,,2025-01-02 12:40:18.000000,2025-01-02 12:41:18.000000,eqcct_explosions_th0_1/20250102T124018Z_20250102T124118Z/KEV_outputs/X_prediction_results.csv
HEF/HE.HEF..HHN__20250102T124019Z__20250102T124119Z.mseed,HE,HEF,0,0,0,0,2025-01-02 12:40:24.580000,0.728,2025-01-02 12:41:02.040000,0.739,2025-01-02 12:40:19.000000,2025-01-02 12:41:19.000000,eqcct_explosions_th0_1/20250102T124019Z_20250102T124119Z/HEF_outputs/X_prediction_results.csv
TOF/HE.TOF..HHE__20250102T124021Z__20250102T124121Z.mseed,HE,TOF,0,0,0,0,2025-01-02 12:40:25.380000,0.526,,,2025-01-02 12:40:21.000000,2025-01-02 12:41:21.000000,eqcct_explosions_th0_1/20250102T124021Z_20250102T124121Z/TOF_outputs/X_prediction_results.csv
RMF/HE.RMF..HHZ__20250102T124028Z__20250102T124128Z.mseed,HE,RMF,0,0,0,0,2025-01-02 12:40:32.880000,0.55,,,2025-01-02 12:40:28.000000,2025-01-02 12:41:28.000000,eqcct_explosions_th0_1/20250102T124028Z_20250102T124128Z/RMF_outputs/X_prediction_results.csv
KLF/FN.KLF..HHZ__20250102T231247Z__20250102T231347Z.mseed,FN,KLF,0,0,0,0,2025-01-02 23:12:51.800000,0.715,2025-01-02 23:13:09.750000,0.313,2025-01-02 23:12:47.000000,2025-01-02 23:13:47.000000,eqcct_explosions_th0_1/20250102T231247Z_20250102T231347Z/KLF_outputs/X_prediction_results.csv
HEF/HE.HEF..HHN__20250102T231254Z__20250102T231354Z.mseed,HE,HEF,0,0,0,0,2025-01-02 23:12:59.280000,0.791,2025-01-02 23:13:20.870000,0.224,2025-01-02 23:12:54.000000,2025-01-02 23:13:54.000000,eqcct_explosions_th0_1/20250102T231254Z_20250102T231354Z/HEF_outputs/X_prediction_results.csv
TOF/HE.TOF..HHE__20250102T231257Z__20250102T231357Z.mseed,HE,TOF,0,0,0,0,2025-01-02 23:13:01.760000,0.787,2025-01-02 23:13:27.390000,0.238,2025-01-02 23:12:57.000000,2025-01-02 23:13:57.000000,eqcct_explosions_th0_1/20250102T231257Z_20250102T231357Z/TOF_outputs/X_prediction_results.csv
KIF/HE.KIF..HHN__20250102T231257Z__20250102T231357Z.mseed,HE,KIF,0,0,0,0,2025-01-02 23:13:02.210000,0.315,2025-01-02 23:13:28.630000,0.163,2025-01-02 23:12:57.000000,2025-01-02 23:13:57.000000,eqcct_explosions_th0_1/20250102T231257Z_20250102T231357Z/KIF_outputs/X_prediction_results.csv
MEF/HE.MEF..HHN__20250103T085255Z__20250103T085355Z.mseed,HE,MEF,0,0,0,0,2025-01-03 08:53:00.680000,0.843,2025-01-03 08:53:02.150000,0.86,2025-01-03 08:52:55.000000,2025-01-03 08:53:55.000000,eqcct_explosions_th0_1/20250103T085255Z_20250103T085355Z/MEF_outputs/X_prediction_results.csv
HEL5/HE.HEL5..HHN__20250103T085255Z__20250103T085355Z.mseed,HE,HEL5,0,0,0,0,2025-01-03 08:53:00.580000,0.958,2025-01-03 08:53:02.050000,0.841,2025-01-03 08:52:55.000000,2025-01-03 08:53:55.000000,eqcct_explosions_th0_1/20250103T085255Z_20250103T085355Z/HEL5_outputs/X_prediction_results.csv
LAUT/HE.LAUT..HHN__20250103T085256Z__20250103T085356Z.mseed,HE,LAUT,0,0,0,0,2025-01-03 08:53:01.810000,0.659,2025-01-03 08:53:03.720000,0.852,2025-01-03 08:52:56.000000,2025-01-03 08:53:56.000000,eqcct_explosions_th0_1/20250103T085256Z_20250103T085356Z/LAUT_outputs/X_prediction_results.csv
HEL1/HE.HEL1..HHZ__20250103T085256Z__20250103T085356Z.mseed,HE,HEL1,0,0,0,0,2025-01-03 08:53:01.912000,0.938,2025-01-03 08:53:04.212000,0.779,2025-01-03 08:52:56.000000,2025-01-03 08:53:56.000000,eqcct_explosions_th0_1/20250103T085256Z_20250103T085356Z/HEL1_outputs/X_prediction_results.csv
KUNI/HE.KUNI..HHN__20250103T085257Z__20250103T085357Z.mseed,HE,KUNI,0,0,0,0,2025-01-03 08:53:02.800000,0.732,2025-01-03 08:53:05.770000,0.823,2025-01-03 08:52:57.000000,2025-01-03 08:53:57.000000,eqcct_explosions_th0_1/20250103T085257Z_20250103T085357Z/KUNI_outputs/X_prediction_results.csv
VUOS/HE.VUOS..HHN__20250103T085259Z__20250103T085359Z.mseed,HE,VUOS,0,0,0,0,2025-01-03 08:53:03.880000,0.791,2025-01-03 08:53:08.240000,0.575,2025-01-03 08:52:59.000000,2025-01-03 08:53:59.000000,eqcct_explosions_th0_1/20250103T085259Z_20250103T085359Z/VUOS_outputs/X_prediction_results.csv
NUR/HE.NUR..HHN__20250103T085300Z__20250103T085400Z.mseed,HE,NUR,0,0,0,0,2025-01-03 08:53:05.540000,0.877,2025-01-03 08:53:11.200000,0.477,2025-01-03 08:53:00.000000,2025-01-03 08:54:00.000000,eqcct_explosions_th0_1/20250103T085300Z_20250103T085400Z/NUR_outputs/X_prediction_results.csv
PVF/HE.PVF..CHE__20250103T085308Z__20250103T085408Z.mseed,HE,PVF,0,0,0,0,2025-01-03 08:53:13.150000,0.768,2025-01-03 08:53:23.590000,0.485,2025-01-03 08:53:08.000000,2025-01-03 08:54:08.000000,eqcct_explosions_th0_1/20250103T085308Z_20250103T085408Z/PVF_outputs/X_prediction_results.csv
NIF/HE.NIF..HHZ__20250103T114127Z__20250103T114227Z.mseed,HE,NIF,0,0,0,0,2025-01-03 11:41:32.410000,0.807,2025-01-03 11:41:36.270000,0.271,2025-01-03 11:41:27.000000,2025-01-03 11:42:27.000000,eqcct_explosions_th0_1/20250103T114127Z_20250103T114227Z/NIF_outputs/X_prediction_results.csv
SUF/HE.SUF..HHZ__20250103T114138Z__20250103T114238Z.mseed,HE,SUF,0,0,0,0,2025-01-03 11:41:43.280000,0.918,2025-01-03 11:41:55.150000,0.354,2025-01-03 11:41:38.000000,2025-01-03 11:42:38.000000,eqcct_explosions_th0_1/20250103T114138Z_20250103T114238Z/SUF_outputs/X_prediction_results.csv
KJNF/HE.KJNF..CHZ__20250103T114143Z__20250103T114243Z.mseed,HE,KJNF,0,0,0,0,2025-01-03 11:41:47.900000,0.871,2025-01-03 11:42:03.450000,0.74,2025-01-03 11:41:43.000000,2025-01-03 11:42:43.000000,eqcct_explosions_th0_1/20250103T114143Z_20250103T114243Z/KJNF_outputs/X_prediction_results.csv
KAF/HE.KAF..HHZ__20250103T114145Z__20250103T114245Z.mseed,HE,KAF,0,0,0,0,2025-01-03 11:41:50.180000,0.902,,,2025-01-03 11:41:45.000000,2025-01-03 11:42:45.000000,eqcct_explosions_th0_1/20250103T114145Z_20250103T114245Z/KAF_outputs/X_prediction_results.csv
RMF/HE.RMF..HHN__20250103T114149Z__20250103T114249Z.mseed,HE,RMF,0,0,0,0,2025-01-03 11:41:54.450000,0.754,,,2025-01-03 11:41:49.000000,2025-01-03 11:42:49.000000,eqcct_explosions_th0_1/20250103T114149Z_20250103T114249Z/RMF_outputs/X_prediction_results.csv
JOF/HE.JOF..HHZ__20250103T114152Z__20250103T114252Z.mseed,HE,JOF,0,0,0,0,2025-01-03 11:41:57.560000,0.932,,,2025-01-03 11:41:52.000000,2025-01-03 11:42:52.000000,eqcct_explosions_th0_1/20250103T114152Z_20250103T114252Z/JOF_outputs/X_prediction_results.csv
KEF/HE.KEF..HHN__20250103T114153Z__20250103T114253Z.mseed,HE,KEF,0,0,0,0,2025-01-03 11:41:58.180000,0.55,,,2025-01-03 11:41:53.000000,2025-01-03 11:42:53.000000,eqcct_explosions_th0_1/20250103T114153Z_20250103T114253Z/KEF_outputs/X_prediction_results.csv
RUF/HE.RUF..HHN__20250103T114155Z__20250103T114255Z.mseed,HE,RUF,0,0,0,0,2025-01-03 11:42:00.180000,0.69,,,2025-01-03 11:41:55.000000,2025-01-03 11:42:55.000000,eqcct_explosions_th0_1/20250103T114155Z_20250103T114255Z/RUF_outputs/X_prediction_results.csv
OUF/HE.OUF..HHN__20250103T114155Z__20250103T114255Z.mseed,HE,OUF,0,0,0,0,2025-01-03 11:42:00.580000,0.886,2025-01-03 11:42:25.500000,0.191,2025-01-03 11:41:55.000000,2025-01-03 11:42:55.000000,eqcct_explosions_th0_1/20250103T114155Z_20250103T114255Z/OUF_outputs/X_prediction_results.csv
FIA0/HE.FIA0..HHE__20250103T114156Z__20250103T114256Z.mseed,HE,FIA0,0,0,0,0,2025-01-03 11:42:01.900000,0.705,2025-01-03 11:42:27.510000,0.249,2025-01-03 11:41:56.000000,2025-01-03 11:42:56.000000,eqcct_explosions_th0_1/20250103T114156Z_20250103T114256Z/FIA0_outputs/X_prediction_results.csv
OBF0/HE.OBF0..HHN__20250103T114200Z__20250103T114300Z.mseed,HE,OBF0,0,0,0,0,2025-01-03 11:42:05.080000,0.747,,,2025-01-03 11:42:00.000000,2025-01-03 11:43:00.000000,eqcct_explosions_th0_1/20250103T114200Z_20250103T114300Z/OBF0_outputs/X_prediction_results.csv
OBF3/HE.OBF3..HHE__20250103T114201Z__20250103T114301Z.mseed,HE,OBF3,0,0,0,0,2025-01-03 11:42:06.380000,0.731,2025-01-03 11:42:35.870000,0.191,2025-01-03 11:42:01.000000,2025-01-03 11:43:01.000000,eqcct_explosions_th0_1/20250103T114201Z_20250103T114301Z/OBF3_outputs/X_prediction_results.csv
KY17/HE.KY17..CHZ__20250103T114202Z__20250103T114302Z.mseed,HE,KY17,0,0,0,0,2025-01-03 11:42:07.780000,0.708,,,2025-01-03 11:42:02.000000,2025-01-03 11:43:02.000000,eqcct_explosions_th0_1/20250103T114202Z_20250103T114302Z/KY17_outputs/X_prediction_results.csv
OBF8/HE.OBF8..HHE__20250103T114203Z__20250103T114303Z.mseed,HE,OBF8,0,0,0,0,2025-01-03 11:42:08.340000,0.688,,,2025-01-03 11:42:03.000000,2025-01-03 11:43:03.000000,eqcct_explosions_th0_1/20250103T114203Z_20250103T114303Z/OBF8_outputs/X_prediction_results.csv
VAF/HE.VAF..HHN__20250103T114203Z__20250103T114303Z.mseed,HE,VAF,0,0,0,0,2025-01-03 11:42:08.960000,0.796,2025-01-03 11:42:39.200000,0.119,2025-01-03 11:42:03.000000,2025-01-03 11:43:03.000000,eqcct_explosions_th0_1/20250103T114203Z_20250103T114303Z/VAF_outputs/X_prediction_results.csv
TRE03/HE.TRE03..CHE__20250103T114203Z__20250103T114303Z.mseed,HE,TRE03,0,0,0,0,2025-01-03 11:42:08.280000,0.67,,,2025-01-03 11:42:03.000000,2025-01-03 11:43:03.000000,eqcct_explosions_th0_1/20250103T114203Z_20250103T114303Z/TRE03_outputs/X_prediction_results.csv
KU1/HE.KU1..SHN__20250103T114207Z__20250103T114307Z.mseed,HE,KU1,0,0,0,0,2025-01-03 11:42:12.240000,0.54,,,2025-01-03 11:42:07.000000,2025-01-03 11:43:07.000000,eqcct_explosions_th0_1/20250103T114207Z_20250103T114307Z/KU1_outputs/X_prediction_results.csv
VJF/HE.VJF..HHN__20250103T114207Z__20250103T114307Z.mseed,HE,VJF,0,0,0,0,2025-01-03 11:42:12.580000,0.601,,,2025-01-03 11:42:07.000000,2025-01-03 11:43:07.000000,eqcct_explosions_th0_1/20250103T114207Z_20250103T114307Z/VJF_outputs/X_prediction_results.csv
PVF/HE.PVF..CHE__20250103T114211Z__20250103T114311Z.mseed,HE,PVF,0,0,0,0,2025-01-03 11:42:15.980000,0.62,,,2025-01-03 11:42:11.000000,2025-01-03 11:43:11.000000,eqcct_explosions_th0_1/20250103T114211Z_20250103T114311Z/PVF_outputs/X_prediction_results.csv
RANF/FN.RANF..BHN__20250103T114212Z__20250103T114312Z.mseed,FN,RANF,0,0,0,0,2025-01-03 11:42:17.100000,0.316,,,2025-01-03 11:42:12.000000,2025-01-03 11:43:12.000000,eqcct_explosions_th0_1/20250103T114212Z_20250103T114312Z/RANF_outputs/X_prediction_results.csv
KPF/HE.KPF..HHN__20250103T114212Z__20250103T114312Z.mseed,HE,KPF,0,0,0,0,2025-01-03 11:42:17.880000,0.382,2025-01-03 11:42:55.770000,0.126,2025-01-03 11:42:12.000000,2025-01-03 11:43:12.000000,eqcct_explosions_th0_1/20250103T114212Z_20250103T114312Z/KPF_outputs/X_prediction_results.csv
KU6/HE.KU6..HHE__20250103T114214Z__20250103T114314Z.mseed,HE,KU6,0,0,0,0,2025-01-03 11:42:18.080000,0.738,,,2025-01-03 11:42:14.000000,2025-01-03 11:43:14.000000,eqcct_explosions_th0_1/20250103T114214Z_20250103T114314Z/KU6_outputs/X_prediction_results.csv
RUF/HE.RUF..HHN__20250103T115407Z__20250103T115507Z.mseed,HE,RUF,0,0,0,0,2025-01-03 11:54:12.960000,0.844,2025-01-03 11:54:20.550000,0.347,2025-01-03 11:54:07.000000,2025-01-03 11:55:07.000000,eqcct_explosions_th0_1/20250103T115407Z_20250103T115507Z/RUF_outputs/X_prediction_results.csv
KY17/HE.KY17..CHN__20250103T115408Z__20250103T115508Z.mseed,HE,KY17,0,0,0,0,2025-01-03 11:54:13.150000,0.74,2025-01-03 11:54:21.150000,0.468,2025-01-03 11:54:08.000000,2025-01-03 11:55:08.000000,eqcct_explosions_th0_1/20250103T115408Z_20250103T115508Z/KY17_outputs/X_prediction_results.csv
VJF/HE.VJF..HHN__20250103T115408Z__20250103T115508Z.mseed,HE,VJF,0,0,0,0,2025-01-03 11:54:13.380000,0.92,2025-01-03 11:54:21.740000,0.289,2025-01-03 11:54:08.000000,2025-01-03 11:55:08.000000,eqcct_explosions_th0_1/20250103T115408Z_20250103T115508Z/VJF_outputs/X_prediction_results.csv
FIA0/HE.FIA0..HHE__20250103T115417Z__20250103T115517Z.mseed,HE,FIA0,0,0,0,0,2025-01-03 11:54:22.870000,0.81,2025-01-03 11:54:37.740000,0.634,2025-01-03 11:54:17.000000,2025-01-03 11:55:17.000000,eqcct_explosions_th0_1/20250103T115417Z_20250103T115517Z/FIA0_outputs/X_prediction_results.csv
PVF/HE.PVF..CHZ__20250103T115419Z__20250103T115519Z.mseed,HE,PVF,0,0,0,0,2025-01-03 11:54:24.580000,0.872,2025-01-03 11:54:41.840000,0.7,2025-01-03 11:54:19.000000,2025-01-03 11:55:19.000000,eqcct_explosions_th0_1/20250103T115419Z_20250103T115519Z/PVF_outputs/X_prediction_results.csv
KAF/HE.KAF..HHE__20250103T115423Z__20250103T115523Z.mseed,HE,KAF,0,0,0,0,2025-01-03 11:54:28.950000,0.798,2025-01-03 11:54:47.390000,0.467,2025-01-03 11:54:23.000000,2025-01-03 11:55:23.000000,eqcct_explosions_th0_1/20250103T115423Z_20250103T115523Z/KAF_outputs/X_prediction_results.csv
NUR/HE.NUR..HHE__20250103T115430Z__20250103T115530Z.mseed,HE,NUR,0,0,0,0,2025-01-03 11:54:34.360000,0.512,,,2025-01-03 11:54:30.000000,2025-01-03 11:55:30.000000,eqcct_explosions_th0_1/20250103T115430Z_20250103T115530Z/NUR_outputs/X_prediction_results.csv
KEF/HE.KEF..HHZ__20250103T115433Z__20250103T115533Z.mseed,HE,KEF,0,0,0,0,2025-01-03 11:54:37.780000,0.727,,,2025-01-03 11:54:33.000000,2025-01-03 11:55:33.000000,eqcct_explosions_th0_1/20250103T115433Z_20250103T115533Z/KEF_outputs/X_prediction_results.csv
SUF/HE.SUF..HHZ__20250103T115433Z__20250103T115533Z.mseed,HE,SUF,0,0,0,0,2025-01-03 11:54:38.380000,0.782,2025-01-03 11:55:03.970000,0.363,2025-01-03 11:54:33.000000,2025-01-03 11:55:33.000000,eqcct_explosions_th0_1/20250103T115433Z_20250103T115533Z/SUF_outputs/X_prediction_results.csv
MEF/HE.MEF..HHZ__20250103T115433Z__20250103T115533Z.mseed,HE,MEF,0,0,0,0,2025-01-03 11:54:37.980000,0.689,,,2025-01-03 11:54:33.000000,2025-01-03 11:55:33.000000,eqcct_explosions_th0_1/20250103T115433Z_20250103T115533Z/MEF_outputs/X_prediction_results.csv
TRE03/HE.TRE03..CHZ__20250103T115433Z__20250103T115533Z.mseed,HE,TRE03,0,0,0,0,2025-01-03 11:54:38.750000,0.675,2025-01-03 11:55:06.260000,0.123,2025-01-03 11:54:33.000000,2025-01-03 11:55:33.000000,eqcct_explosions_th0_1/20250103T115433Z_20250103T115533Z/TRE03_outputs/X_prediction_results.csv
NIF/HE.NIF..HHN__20250103T115510Z__20250103T115610Z.mseed,HE,NIF,0,0,0,0,2025-01-03 11:55:14.910000,0.113,,,2025-01-03 11:55:10.000000,2025-01-03 11:56:10.000000,eqcct_explosions_th0_1/20250103T115510Z_20250103T115610Z/NIF_outputs/X_prediction_results.csv
JOF/HE.JOF..HHE__20250103T115510Z__20250103T115610Z.mseed,HE,JOF,0,0,0,0,2025-01-03 11:55:14.990000,0.477,,,2025-01-03 11:55:10.000000,2025-01-03 11:56:10.000000,eqcct_explosions_th0_1/20250103T115510Z_20250103T115610Z/JOF_outputs/X_prediction_results.csv
KORF/HE.KORF..CHE__20250103T120406Z__20250103T120506Z.mseed,HE,KORF,0,0,0,0,2025-01-03 12:04:11.900000,0.796,2025-01-03 12:04:17.800000,0.379,2025-01-03 12:04:06.000000,2025-01-03 12:05:06.000000,eqcct_explosions_th0_1/20250103T120406Z_20250103T120506Z/KORF_outputs/X_prediction_results.csv
TVF/HE.TVF..HHE__20250103T120411Z__20250103T120511Z.mseed,HE,TVF,0,0,0,0,2025-01-03 12:04:15.480000,0.927,2025-01-03 12:04:24.650000,0.795,2025-01-03 12:04:11.000000,2025-01-03 12:05:11.000000,eqcct_explosions_th0_1/20250103T120411Z_20250103T120511Z/TVF_outputs/X_prediction_results.csv
RAF/HE.RAF..HHE__20250103T120413Z__20250103T120513Z.mseed,HE,RAF,0,0,0,0,2025-01-03 12:04:18.030000,0.888,2025-01-03 12:04:28.250000,0.871,2025-01-03 12:04:13.000000,2025-01-03 12:05:13.000000,eqcct_explosions_th0_1/20250103T120413Z_20250103T120513Z/RAF_outputs/X_prediction_results.csv
ECKF/HE.ECKF..CHZ__20250103T120424Z__20250103T120524Z.mseed,HE,ECKF,0,0,0,0,2025-01-03 12:04:29.572000,0.529,2025-01-03 12:04:50.362000,0.235,2025-01-03 12:04:24.000000,2025-01-03 12:05:24.000000,eqcct_explosions_th0_1/20250103T120424Z_20250103T120524Z/ECKF_outputs/X_prediction_results.csv
KPF/HE.KPF..HHZ__20250103T120426Z__20250103T120526Z.mseed,HE,KPF,0,0,0,0,2025-01-03 12:04:31.850000,0.755,2025-01-03 12:04:52.510000,0.337,2025-01-03 12:04:26.000000,2025-01-03 12:05:26.000000,eqcct_explosions_th0_1/20250103T120426Z_20250103T120526Z/KPF_outputs/X_prediction_results.csv
FIA0/HE.FIA0..HHZ__20250103T120437Z__20250103T120537Z.mseed,HE,FIA0,0,0,0,0,2025-01-03 12:04:41.530000,0.52,,,2025-01-03 12:04:37.000000,2025-01-03 12:05:37.000000,eqcct_explosions_th0_1/20250103T120437Z_20250103T120537Z/FIA0_outputs/X_prediction_results.csv
AAL/UP.AAL..HHE__20250103T120440Z__20250103T120540Z.mseed,UP,AAL,0,0,0,0,2025-01-03 12:04:44.230000,0.246,,,2025-01-03 12:04:40.000000,2025-01-03 12:05:40.000000,eqcct_explosions_th0_1/20250103T120440Z_20250103T120540Z/AAL_outputs/X_prediction_results.csv
KJNF/HE.KJNF..CHZ__20250103T123005Z__20250103T123105Z.mseed,HE,KJNF,0,0,0,0,2025-01-03 12:30:10.340000,0.813,2025-01-03 12:30:14.980000,0.843,2025-01-03 12:30:05.000000,2025-01-03 12:31:05.000000,eqcct_explosions_th0_1/20250103T123005Z_20250103T123105Z/KJNF_outputs/X_prediction_results.csv
NIF/HE.NIF..HHE__20250103T123009Z__20250103T123109Z.mseed,HE,NIF,0,0,0,0,2025-01-03 12:30:14.908000,0.752,2025-01-03 12:30:22.968000,0.82,2025-01-03 12:30:09.000000,2025-01-03 12:31:09.000000,eqcct_explosions_th0_1/20250103T123009Z_20250103T123109Z/NIF_outputs/X_prediction_results.csv
RMF/HE.RMF..HHZ__20250103T123014Z__20250103T123114Z.mseed,HE,RMF,0,0,0,0,2025-01-03 12:30:19.674000,0.712,2025-01-03 12:30:29.964000,0.503,2025-01-03 12:30:14.000000,2025-01-03 12:31:14.000000,eqcct_explosions_th0_1/20250103T123014Z_20250103T123114Z/RMF_outputs/X_prediction_results.csv
SUF/HE.SUF..HHN__20250103T123026Z__20250103T123126Z.mseed,HE,SUF,0,0,0,0,2025-01-03 12:30:31.736000,0.937,,,2025-01-03 12:30:26.000000,2025-01-03 12:31:26.000000,eqcct_explosions_th0_1/20250103T123026Z_20250103T123126Z/SUF_outputs/X_prediction_results.csv
OUF/HE.OUF..HHZ__20250103T123026Z__20250103T123126Z.mseed,HE,OUF,0,0,0,0,2025-01-03 12:30:31.600000,0.838,2025-01-03 12:30:51.350000,0.21,2025-01-03 12:30:26.000000,2025-01-03 12:31:26.000000,eqcct_explosions_th0_1/20250103T123026Z_20250103T123126Z/OUF_outputs/X_prediction_results.csv
OBF3/HE.OBF3..HHZ__20250103T123029Z__20250103T123129Z.mseed,HE,OBF3,0,0,0,0,2025-01-03 12:30:34.768000,0.726,,,2025-01-03 12:30:29.000000,2025-01-03 12:31:29.000000,eqcct_explosions_th0_1/20250103T123029Z_20250103T123129Z/OBF3_outputs/X_prediction_results.csv
KU2/HE.KU2..SHN__20250103T123030Z__20250103T123130Z.mseed,HE,KU2,0,0,0,0,2025-01-03 12:30:35.170000,0.78,2025-01-03 12:30:58.220000,0.246,2025-01-03 12:30:30.000000,2025-01-03 12:31:30.000000,eqcct_explosions_th0_1/20250103T123030Z_20250103T123130Z/KU2_outputs/X_prediction_results.csv
OBF0/HE.OBF0..HHZ__20250103T123030Z__20250103T123130Z.mseed,HE,OBF0,0,0,0,0,2025-01-03 12:30:35.720000,0.836,2025-01-03 12:30:59.110000,0.783,2025-01-03 12:30:30.000000,2025-01-03 12:31:30.000000,eqcct_explosions_th0_1/20250103T123030Z_20250103T123130Z/OBF0_outputs/X_prediction_results.csv
KU1/HE.KU1..SHN__20250103T123030Z__20250103T123130Z.mseed,HE,KU1,0,0,0,0,2025-01-03 12:30:34.650000,0.558,2025-01-03 12:30:57.640000,0.113,2025-01-03 12:30:30.000000,2025-01-03 12:31:30.000000,eqcct_explosions_th0_1/20250103T123030Z_20250103T123130Z/KU1_outputs/X_prediction_results.csv
JOF/HE.JOF..HHN__20250103T123031Z__20250103T123131Z.mseed,HE,JOF,0,0,0,0,2025-01-03 12:30:36.130000,0.892,2025-01-03 12:30:59.200000,0.345,2025-01-03 12:30:31.000000,2025-01-03 12:31:31.000000,eqcct_explosions_th0_1/20250103T123031Z_20250103T123131Z/JOF_outputs/X_prediction_results.csv
ALAJF/HE.ALAJF..HHE__20250103T123034Z__20250103T123134Z.mseed,HE,ALAJF,0,0,0,0,2025-01-03 12:30:39.640000,0.849,2025-01-03 12:31:06.510000,0.166,2025-01-03 12:30:34.000000,2025-01-03 12:31:34.000000,eqcct_explosions_th0_1/20250103T123034Z_20250103T123134Z/ALAJF_outputs/X_prediction_results.csv
KAF/HE.KAF..HHN__20250103T123035Z__20250103T123135Z.mseed,HE,KAF,0,0,0,0,2025-01-03 12:30:40.350000,0.731,,,2025-01-03 12:30:35.000000,2025-01-03 12:31:35.000000,eqcct_explosions_th0_1/20250103T123035Z_20250103T123135Z/KAF_outputs/X_prediction_results.csv
OBF8/HE.OBF8..HHZ__20250103T123035Z__20250103T123135Z.mseed,HE,OBF8,0,0,0,0,2025-01-03 12:30:40.468000,0.849,,,2025-01-03 12:30:35.000000,2025-01-03 12:31:35.000000,eqcct_explosions_th0_1/20250103T123035Z_20250103T123135Z/OBF8_outputs/X_prediction_results.csv
RANF/FN.RANF..HHE__20250103T123037Z__20250103T123137Z.mseed,FN,RANF,0,0,0,0,2025-01-03 12:30:41.550000,0.627,2025-01-03 12:31:09.150000,0.361,2025-01-03 12:30:37.000000,2025-01-03 12:31:37.000000,eqcct_explosions_th0_1/20250103T123037Z_20250103T123137Z/RANF_outputs/X_prediction_results.csv
KU6/HE.KU6..HHE__20250103T123037Z__20250103T123137Z.mseed,HE,KU6,0,0,0,0,2025-01-03 12:30:42.730000,0.906,2025-01-03 12:31:12.160000,0.209,2025-01-03 12:30:37.000000,2025-01-03 12:31:37.000000,eqcct_explosions_th0_1/20250103T123037Z_20250103T123137Z/KU6_outputs/X_prediction_results.csv
RSUO/HE.RSUO..HHZ__20250103T134333Z__20250103T134433Z.mseed,HE,RSUO,0,0,0,0,2025-01-03 13:43:38.504000,0.906,2025-01-03 13:43:38.854000,0.883,2025-01-03 13:43:33.000000,2025-01-03 13:44:33.000000,eqcct_explosions_th0_1/20250103T134333Z_20250103T134433Z/RSUO_outputs/X_prediction_results.csv
KUNI/HE.KUNI..HHZ__20250103T134333Z__20250103T134433Z.mseed,HE,KUNI,0,0,0,0,2025-01-03 13:43:38.980000,0.881,2025-01-03 13:43:39.710000,0.891,2025-01-03 13:43:33.000000,2025-01-03 13:44:33.000000,eqcct_explosions_th0_1/20250103T134333Z_20250103T134433Z/KUNI_outputs/X_prediction_results.csv
HEL1/HE.HEL1..HHE__20250103T134333Z__20250103T134433Z.mseed,HE,HEL1,0,0,0,0,2025-01-03 13:43:38.940000,0.725,2025-01-03 13:43:39.630000,0.89,2025-01-03 13:43:33.000000,2025-01-03 13:44:33.000000,eqcct_explosions_th0_1/20250103T134333Z_20250103T134433Z/HEL1_outputs/X_prediction_results.csv
LAUT/HE.LAUT..HHE__20250103T134334Z__20250103T134434Z.mseed,HE,LAUT,0,0,0,0,2025-01-03 13:43:39.428000,0.8,2025-01-03 13:43:40.488000,0.71,2025-01-03 13:43:34.000000,2025-01-03 13:44:34.000000,eqcct_explosions_th0_1/20250103T134334Z_20250103T134434Z/LAUT_outputs/X_prediction_results.csv
VUOS/HE.VUOS..HHN__20250103T134335Z__20250103T134435Z.mseed,HE,VUOS,0,0,0,0,2025-01-03 13:43:40.648000,0.779,2025-01-03 13:43:42.638000,0.727,2025-01-03 13:43:35.000000,2025-01-03 13:44:35.000000,eqcct_explosions_th0_1/20250103T134335Z_20250103T134435Z/VUOS_outputs/X_prediction_results.csv
HEL5/HE.HEL5..HHE__20250103T134335Z__20250103T134435Z.mseed,HE,HEL5,0,0,0,0,2025-01-03 13:43:40.460000,0.945,2025-01-03 13:43:42.270000,0.861,2025-01-03 13:43:35.000000,2025-01-03 13:44:35.000000,eqcct_explosions_th0_1/20250103T134335Z_20250103T134435Z/HEL5_outputs/X_prediction_results.csv
MEF/HE.MEF..HHE__20250103T134337Z__20250103T134437Z.mseed,HE,MEF,0,0,0,0,2025-01-03 13:43:42.770000,0.728,,,2025-01-03 13:43:37.000000,2025-01-03 13:44:37.000000,eqcct_explosions_th0_1/20250103T134337Z_20250103T134437Z/MEF_outputs/X_prediction_results.csv
VRF/HE.VRF..HHZ__20250103T200524Z__20250103T200624Z.mseed,HE,VRF,0,0,0,0,2025-01-03 20:05:28.380000,0.761,2025-01-03 20:05:48.690000,0.25,2025-01-03 20:05:24.000000,2025-01-03 20:06:24.000000,eqcct_explosions_th0_1/20250103T200524Z_20250103T200624Z/VRF_outputs/X_prediction_results.csv
KEV/HE.KEV..HHE__20250103T200547Z__20250103T200647Z.mseed,HE,KEV,0,0,0,0,2025-01-03 20:05:52.670000,0.531,,,2025-01-03 20:05:47.000000,2025-01-03 20:06:47.000000,eqcct_explosions_th0_1/20250103T200547Z_20250103T200647Z/KEV_outputs/X_prediction_results.csv
KU6/HE.KU6..HHZ__20250103T200603Z__20250103T200703Z.mseed,HE,KU6,0,0,0,0,2025-01-03 20:06:07.420000,0.137,,,2025-01-03 20:06:03.000000,2025-01-03 20:07:03.000000,eqcct_explosions_th0_1/20250103T200603Z_20250103T200703Z/KU6_outputs/X_prediction_results.csv
VRF/HE.VRF..HHE__20250103T200922Z__20250103T201022Z.mseed,HE,VRF,0,0,0,0,2025-01-03 20:09:26.330000,0.705,2025-01-03 20:09:48.020000,0.203,2025-01-03 20:09:22.000000,2025-01-03 20:10:22.000000,eqcct_explosions_th0_1/20250103T200922Z_20250103T201022Z/VRF_outputs/X_prediction_results.csv
RAJF/FN.RAJF..BHE__20250103T200931Z__20250103T201031Z.mseed,FN,RAJF,0,0,0,0,2025-01-03 20:09:36.030000,0.338,2025-01-03 20:10:04.570000,0.297,2025-01-03 20:09:31.000000,2025-01-03 20:10:31.000000,eqcct_explosions_th0_1/20250103T200931Z_20250103T201031Z/RAJF_outputs/X_prediction_results.csv
OLKF/FN.OLKF..HHZ__20250103T200932Z__20250103T201032Z.mseed,FN,OLKF,0,0,0,0,2025-01-03 20:09:36.300000,0.804,2025-01-03 20:10:05.630000,0.514,2025-01-03 20:09:32.000000,2025-01-03 20:10:32.000000,eqcct_explosions_th0_1/20250103T200932Z_20250103T201032Z/OLKF_outputs/X_prediction_results.csv
KU6/HE.KU6..HHN__20250103T200933Z__20250103T201033Z.mseed,HE,KU6,0,0,0,0,2025-01-03 20:09:37.090000,0.493,2025-01-03 20:10:07.150000,0.446,2025-01-03 20:09:33.000000,2025-01-03 20:10:33.000000,eqcct_explosions_th0_1/20250103T200933Z_20250103T201033Z/KU6_outputs/X_prediction_results.csv
KEV/HE.KEV..HHZ__20250103T200945Z__20250103T201045Z.mseed,HE,KEV,0,0,0,0,2025-01-03 20:09:50.800000,0.83,2025-01-03 20:10:29.560000,0.109,2025-01-03 20:09:45.000000,2025-01-03 20:10:45.000000,eqcct_explosions_th0_1/20250103T200945Z_20250103T201045Z/KEV_outputs/X_prediction_results.csv
HEF/HE.HEF..HHN__20250103T200952Z__20250103T201052Z.mseed,HE,HEF,0,0,0,0,2025-01-03 20:09:57.480000,0.384,2025-01-03 20:09:58.820000,0.692,2025-01-03 20:09:52.000000,2025-01-03 20:10:52.000000,eqcct_explosions_th0_1/20250103T200952Z_20250103T201052Z/HEF_outputs/X_prediction_results.csv
VRF/HE.VRF..HHZ__20250103T202938Z__20250103T203038Z.mseed,HE,VRF,0,0,0,0,2025-01-03 20:29:42.080000,0.69,2025-01-03 20:30:03.540000,0.478,2025-01-03 20:29:38.000000,2025-01-03 20:30:38.000000,eqcct_explosions_th0_1/20250103T202938Z_20250103T203038Z/VRF_outputs/X_prediction_results.csv
RAJF/FN.RAJF..BHN__20250103T202947Z__20250103T203047Z.mseed,FN,RAJF,0,0,0,0,2025-01-03 20:29:51.750000,0.544,2025-01-03 20:30:20.070000,0.327,2025-01-03 20:29:47.000000,2025-01-03 20:30:47.000000,eqcct_explosions_th0_1/20250103T202947Z_20250103T203047Z/RAJF_outputs/X_prediction_results.csv
KU6/HE.KU6..HHN__20250103T202948Z__20250103T203048Z.mseed,HE,KU6,0,0,0,0,2025-01-03 20:29:53.400000,0.67,2025-01-03 20:30:23.120000,0.311,2025-01-03 20:29:48.000000,2025-01-03 20:30:48.000000,eqcct_explosions_th0_1/20250103T202948Z_20250103T203048Z/KU6_outputs/X_prediction_results.csv
OLKF/FN.OLKF..BHZ__20250103T202948Z__20250103T203048Z.mseed,FN,OLKF,0,0,0,0,2025-01-03 20:29:52.060000,0.715,2025-01-03 20:30:21.010000,0.363,2025-01-03 20:29:48.000000,2025-01-03 20:30:48.000000,eqcct_explosions_th0_1/20250103T202948Z_20250103T203048Z/OLKF_outputs/X_prediction_results.csv
KEV/HE.KEV..HHZ__20250103T203001Z__20250103T203101Z.mseed,HE,KEV,0,0,0,0,2025-01-03 20:30:06.680000,0.813,2025-01-03 20:30:45.270000,0.569,2025-01-03 20:30:01.000000,2025-01-03 20:31:01.000000,eqcct_explosions_th0_1/20250103T203001Z_20250103T203101Z/KEV_outputs/X_prediction_results.csv
RANF/FN.RANF..HHZ__20250103T203004Z__20250103T203104Z.mseed,FN,RANF,0,0,0,0,2025-01-03 20:30:08.950000,0.742,2025-01-03 20:30:50.950000,0.49,2025-01-03 20:30:04.000000,2025-01-03 20:31:04.000000,eqcct_explosions_th0_1/20250103T203004Z_20250103T203104Z/RANF_outputs/X_prediction_results.csv
HEF/HE.HEF..HHN__20250103T203056Z__20250103T203156Z.mseed,HE,HEF,0,0,0,0,2025-01-03 20:31:00.690000,0.569,2025-01-03 20:31:11.670000,0.281,2025-01-03 20:30:56.000000,2025-01-03 20:31:56.000000,eqcct_explosions_th0_1/20250103T203056Z_20250103T203156Z/HEF_outputs/X_prediction_results.csv
VRF/HE.VRF..HHN__20250104T110638Z__20250104T110738Z.mseed,HE,VRF,0,0,0,0,2025-01-04 11:06:43.730000,0.821,2025-01-04 11:06:48.920000,0.429,2025-01-04 11:06:38.000000,2025-01-04 11:07:38.000000,eqcct_explosions_th0_1/20250104T110638Z_20250104T110738Z/VRF_outputs/X_prediction_results.csv
RAJF/FN.RAJF..HHN__20250104T110653Z__20250104T110753Z.mseed,FN,RAJF,0,0,0,0,2025-01-04 11:06:58.880000,0.74,2025-01-04 11:07:15.070000,0.338,2025-01-04 11:06:53.000000,2025-01-04 11:07:53.000000,eqcct_explosions_th0_1/20250104T110653Z_20250104T110753Z/RAJF_outputs/X_prediction_results.csv
OLKF/FN.OLKF..HHN__20250104T110655Z__20250104T110755Z.mseed,FN,OLKF,0,0,0,0,2025-01-04 11:07:00.700000,0.474,2025-01-04 11:07:18.290000,0.272,2025-01-04 11:06:55.000000,2025-01-04 11:07:55.000000,eqcct_explosions_th0_1/20250104T110655Z_20250104T110755Z/OLKF_outputs/X_prediction_results.csv
KU6/HE.KU6..HHE__20250104T110659Z__20250104T110759Z.mseed,HE,KU6,0,0,0,0,2025-01-04 11:07:04.880000,0.863,2025-01-04 11:07:25.270000,0.102,2025-01-04 11:06:59.000000,2025-01-04 11:07:59.000000,eqcct_explosions_th0_1/20250104T110659Z_20250104T110759Z/KU6_outputs/X_prediction_results.csv
KU2/HE.KU2..SHN__20250104T110708Z__20250104T110808Z.mseed,HE,KU2,0,0,0,0,2025-01-04 11:07:13.470000,0.636,,,2025-01-04 11:07:08.000000,2025-01-04 11:08:08.000000,eqcct_explosions_th0_1/20250104T110708Z_20250104T110808Z/KU2_outputs/X_prediction_results.csv
KU1/HE.KU1..SHZ__20250104T110708Z__20250104T110808Z.mseed,HE,KU1,0,0,0,0,2025-01-04 11:07:13.160000,0.771,,,2025-01-04 11:07:08.000000,2025-01-04 11:08:08.000000,eqcct_explosions_th0_1/20250104T110708Z_20250104T110808Z/KU1_outputs/X_prediction_results.csv
RANF/FN.RANF..BHN__20250104T110709Z__20250104T110809Z.mseed,FN,RANF,0,0,0,0,2025-01-04 11:07:13.400000,0.657,2025-01-04 11:07:41.570000,0.231,2025-01-04 11:07:09.000000,2025-01-04 11:08:09.000000,eqcct_explosions_th0_1/20250104T110709Z_20250104T110809Z/RANF_outputs/X_prediction_results.csv
KEV/HE.KEV..HHN__20250104T110714Z__20250104T110814Z.mseed,HE,KEV,0,0,0,0,2025-01-04 11:07:19.860000,0.552,2025-01-04 11:07:54.540000,0.219,2025-01-04 11:07:14.000000,2025-01-04 11:08:14.000000,eqcct_explosions_th0_1/20250104T110714Z_20250104T110814Z/KEV_outputs/X_prediction_results.csv
KLF/FN.KLF..HHE__20250104T110714Z__20250104T110814Z.mseed,FN,KLF,0,0,0,0,2025-01-04 11:07:19.100000,0.761,2025-01-04 11:07:55.020000,0.25,2025-01-04 11:07:14.000000,2025-01-04 11:08:14.000000,eqcct_explosions_th0_1/20250104T110714Z_20250104T110814Z/KLF_outputs/X_prediction_results.csv
HEF/HE.HEF..HHE__20250104T110716Z__20250104T110816Z.mseed,HE,HEF,0,0,0,0,2025-01-04 11:07:21.680000,0.549,2025-01-04 11:07:58.310000,0.667,2025-01-04 11:07:16.000000,2025-01-04 11:08:16.000000,eqcct_explosions_th0_1/20250104T110716Z_20250104T110816Z/HEF_outputs/X_prediction_results.csv
TOF/HE.TOF..HHE__20250104T110717Z__20250104T110817Z.mseed,HE,TOF,0,0,0,0,2025-01-04 11:07:21.920000,0.571,2025-01-04 11:08:03.570000,0.281,2025-01-04 11:07:17.000000,2025-01-04 11:08:17.000000,eqcct_explosions_th0_1/20250104T110717Z_20250104T110817Z/TOF_outputs/X_prediction_results.csv
RMF/HE.RMF..HHZ__20250104T110726Z__20250104T110826Z.mseed,HE,RMF,0,0,0,0,2025-01-04 11:07:30.300000,0.758,,,2025-01-04 11:07:26.000000,2025-01-04 11:08:26.000000,eqcct_explosions_th0_1/20250104T110726Z_20250104T110826Z/RMF_outputs/X_prediction_results.csv
OBF3/HE.OBF3..HHZ__20250104T110729Z__20250104T110829Z.mseed,HE,OBF3,0,0,0,0,2025-01-04 11:07:34.000000,0.745,,,2025-01-04 11:07:29.000000,2025-01-04 11:08:29.000000,eqcct_explosions_th0_1/20250104T110729Z_20250104T110829Z/OBF3_outputs/X_prediction_results.csv
KIF/HE.KIF..HHZ__20250104T110732Z__20250104T110832Z.mseed,HE,KIF,0,0,0,0,2025-01-04 11:07:36.880000,0.498,,,2025-01-04 11:07:32.000000,2025-01-04 11:08:32.000000,eqcct_explosions_th0_1/20250104T110732Z_20250104T110832Z/KIF_outputs/X_prediction_results.csv
OUF/HE.OUF..HHE__20250104T110733Z__20250104T110833Z.mseed,HE,OUF,0,0,0,0,2025-01-04 11:07:37.390000,0.396,,,2025-01-04 11:07:33.000000,2025-01-04 11:08:33.000000,eqcct_explosions_th0_1/20250104T110733Z_20250104T110833Z/OUF_outputs/X_prediction_results.csv
OBF0/HE.OBF0..HHZ__20250104T110734Z__20250104T110834Z.mseed,HE,OBF0,0,0,0,0,2025-01-04 11:07:38.080000,0.465,,,2025-01-04 11:07:34.000000,2025-01-04 11:08:34.000000,eqcct_explosions_th0_1/20250104T110734Z_20250104T110834Z/OBF0_outputs/X_prediction_results.csv
KLF/FN.KLF..HHZ__20250104T131511Z__20250104T131611Z.mseed,FN,KLF,0,0,0,0,2025-01-04 13:15:16.100000,0.9,2025-01-04 13:15:20.520000,0.78,2025-01-04 13:15:11.000000,2025-01-04 13:16:11.000000,eqcct_explosions_th0_1/20250104T131511Z_20250104T131611Z/KLF_outputs/X_prediction_results.csv
HEF/HE.HEF..HHE__20250104T131523Z__20250104T131623Z.mseed,HE,HEF,0,0,0,0,2025-01-04 13:15:28.880000,0.921,2025-01-04 13:15:44.750000,0.622,2025-01-04 13:15:23.000000,2025-01-04 13:16:23.000000,eqcct_explosions_th0_1/20250104T131523Z_20250104T131623Z/HEF_outputs/X_prediction_results.csv
TOF/HE.TOF..HHE__20250104T131530Z__20250104T131630Z.mseed,HE,TOF,0,0,0,0,2025-01-04 13:15:35.920000,0.882,,,2025-01-04 13:15:30.000000,2025-01-04 13:16:30.000000,eqcct_explosions_th0_1/20250104T131530Z_20250104T131630Z/TOF_outputs/X_prediction_results.csv
KIF/HE.KIF..HHE__20250104T131539Z__20250104T131639Z.mseed,HE,KIF,0,0,0,0,2025-01-04 13:15:44.540000,0.738,,,2025-01-04 13:15:39.000000,2025-01-04 13:16:39.000000,eqcct_explosions_th0_1/20250104T131539Z_20250104T131639Z/KIF_outputs/X_prediction_results.csv
RANF/FN.RANF..BHE__20250104T131540Z__20250104T131640Z.mseed,FN,RANF,0,0,0,0,2025-01-04 13:15:45.710000,0.794,2025-01-04 13:16:11.670000,0.298,2025-01-04 13:15:40.000000,2025-01-04 13:16:40.000000,eqcct_explosions_th0_1/20250104T131540Z_20250104T131640Z/RANF_outputs/X_prediction_results.csv
RAJF/FN.RAJF..HHN__20250104T131542Z__20250104T131642Z.mseed,FN,RAJF,0,0,0,0,2025-01-04 13:15:47.750000,0.852,2025-01-04 13:16:17.580000,0.326,2025-01-04 13:15:42.000000,2025-01-04 13:16:42.000000,eqcct_explosions_th0_1/20250104T131542Z_20250104T131642Z/RAJF_outputs/X_prediction_results.csv
VRF/HE.VRF..HHN__20250104T131547Z__20250104T131647Z.mseed,HE,VRF,0,0,0,0,2025-01-04 13:15:51.780000,0.867,,,2025-01-04 13:15:47.000000,2025-01-04 13:16:47.000000,eqcct_explosions_th0_1/20250104T131547Z_20250104T131647Z/VRF_outputs/X_prediction_results.csv
KEV/HE.KEV..HHZ__20250104T131550Z__20250104T131650Z.mseed,HE,KEV,0,0,0,0,2025-01-04 13:15:55.570000,0.568,2025-01-04 13:16:30.580000,0.474,2025-01-04 13:15:50.000000,2025-01-04 13:16:50.000000,eqcct_explosions_th0_1/20250104T131550Z_20250104T131650Z/KEV_outputs/X_prediction_results.csv
OLKF/FN.OLKF..BHN__20250104T131550Z__20250104T131650Z.mseed,FN,OLKF,0,0,0,0,2025-01-04 13:15:54.400000,0.837,,,2025-01-04 13:15:50.000000,2025-01-04 13:16:50.000000,eqcct_explosions_th0_1/20250104T131550Z_20250104T131650Z/OLKF_outputs/X_prediction_results.csv
KU2/HE.KU2..SHN__20250104T131551Z__20250104T131651Z.mseed,HE,KU2,0,0,0,0,2025-01-04 13:15:55.600000,0.339,,,2025-01-04 13:15:51.000000,2025-01-04 13:16:51.000000,eqcct_explosions_th0_1/20250104T131551Z_20250104T131651Z/KU2_outputs/X_prediction_results.csv
OBF3/HE.OBF3..HHN__20250104T131551Z__20250104T131651Z.mseed,HE,OBF3,0,0,0,0,2025-01-04 13:15:55.180000,0.666,,,2025-01-04 13:15:51.000000,2025-01-04 13:16:51.000000,eqcct_explosions_th0_1/20250104T131551Z_20250104T131651Z/OBF3_outputs/X_prediction_results.csv
KU6/HE.KU6..HHZ__20250104T131554Z__20250104T131654Z.mseed,HE,KU6,0,0,0,0,2025-01-04 13:15:59.430000,0.773,2025-01-04 13:16:36.220000,0.223,2025-01-04 13:15:54.000000,2025-01-04 13:16:54.000000,eqcct_explosions_th0_1/20250104T131554Z_20250104T131654Z/KU6_outputs/X_prediction_results.csv
KU1/HE.KU1..SHN__20250104T131556Z__20250104T131656Z.mseed,HE,KU1,0,0,0,0,2025-01-04 13:16:01.550000,0.549,2025-01-04 13:16:38.970000,0.322,2025-01-04 13:15:56.000000,2025-01-04 13:16:56.000000,eqcct_explosions_th0_1/20250104T131556Z_20250104T131656Z/KU1_outputs/X_prediction_results.csv
OUF/HE.OUF..HHN__20250104T131558Z__20250104T131658Z.mseed,HE,OUF,0,0,0,0,2025-01-04 13:16:02.080000,0.712,2025-01-04 13:16:40.740000,0.257,2025-01-04 13:15:58.000000,2025-01-04 13:16:58.000000,eqcct_explosions_th0_1/20250104T131558Z_20250104T131658Z/OUF_outputs/X_prediction_results.csv
VRF/HE.VRF..HHZ__20250104T201814Z__20250104T201914Z.mseed,HE,VRF,0,0,0,0,2025-01-04 20:18:18.760000,0.857,2025-01-04 20:18:40.050000,0.355,2025-01-04 20:18:14.000000,2025-01-04 20:19:14.000000,eqcct_explosions_th0_1/20250104T201814Z_20250104T201914Z/VRF_outputs/X_prediction_results.csv
RAJF/FN.RAJF..HHN__20250104T201824Z__20250104T201924Z.mseed,FN,RAJF,0,0,0,0,2025-01-04 20:18:29.370000,0.154,,,2025-01-04 20:18:24.000000,2025-01-04 20:19:24.000000,eqcct_explosions_th0_1/20250104T201824Z_20250104T201924Z/RAJF_outputs/X_prediction_results.csv
OLKF/FN.OLKF..HHZ__20250104T201825Z__20250104T201925Z.mseed,FN,OLKF,0,0,0,0,2025-01-04 20:18:29.110000,0.778,2025-01-04 20:18:58.420000,0.309,2025-01-04 20:18:25.000000,2025-01-04 20:19:25.000000,eqcct_explosions_th0_1/20250104T201825Z_20250104T201925Z/OLKF_outputs/X_prediction_results.csv
KU6/HE.KU6..HHN__20250104T201826Z__20250104T201926Z.mseed,HE,KU6,0,0,0,0,2025-01-04 20:18:30.370000,0.683,2025-01-04 20:18:59.470000,0.306,2025-01-04 20:18:26.000000,2025-01-04 20:19:26.000000,eqcct_explosions_th0_1/20250104T201826Z_20250104T201926Z/KU6_outputs/X_prediction_results.csv
KU2/HE.KU2..SHZ__20250104T201838Z__20250104T201938Z.mseed,HE,KU2,0,0,0,0,2025-01-04 20:18:42.170000,0.516,,,2025-01-04 20:18:38.000000,2025-01-04 20:19:38.000000,eqcct_explosions_th0_1/20250104T201838Z_20250104T201938Z/KU2_outputs/X_prediction_results.csv
KEV/HE.KEV..HHN__20250104T201838Z__20250104T201938Z.mseed,HE,KEV,0,0,0,0,2025-01-04 20:18:43.680000,0.69,2025-01-04 20:19:22.050000,0.284,2025-01-04 20:18:38.000000,2025-01-04 20:19:38.000000,eqcct_explosions_th0_1/20250104T201838Z_20250104T201938Z/KEV_outputs/X_prediction_results.csv
RANF/FN.RANF..HHE__20250104T201842Z__20250104T201942Z.mseed,FN,RANF,0,0,0,0,2025-01-04 20:18:46.110000,0.366,2025-01-04 20:19:28.870000,0.157,2025-01-04 20:18:42.000000,2025-01-04 20:19:42.000000,eqcct_explosions_th0_1/20250104T201842Z_20250104T201942Z/RANF_outputs/X_prediction_results.csv
VRF/HE.VRF..HHZ__20250105T003202Z__20250105T003302Z.mseed,HE,VRF,0,0,0,0,2025-01-05 00:32:07.680000,0.666,2025-01-05 00:32:28.070000,0.534,2025-01-05 00:32:02.000000,2025-01-05 00:33:02.000000,eqcct_explosions_th0_1/20250105T003202Z_20250105T003302Z/VRF_outputs/X_prediction_results.csv
KU6/HE.KU6..HHE__20250105T003213Z__20250105T003313Z.mseed,HE,KU6,0,0,0,0,2025-01-05 00:32:17.320000,0.39,2025-01-05 00:32:58.690000,0.338,2025-01-05 00:32:13.000000,2025-01-05 00:33:13.000000,eqcct_explosions_th0_1/20250105T003213Z_20250105T003313Z/KU6_outputs/X_prediction_results.csv
OLKF/FN.OLKF..BHE__20250105T003213Z__20250105T003313Z.mseed,FN,OLKF,0,0,0,0,2025-01-05 00:32:17.200000,0.878,,,2025-01-05 00:32:13.000000,2025-01-05 00:33:13.000000,eqcct_explosions_th0_1/20250105T003213Z_20250105T003313Z/OLKF_outputs/X_prediction_results.csv
KEV/HE.KEV..HHN__20250105T003226Z__20250105T003326Z.mseed,HE,KEV,0,0,0,0,2025-01-05 00:32:31.200000,0.412,,,2025-01-05 00:32:26.000000,2025-01-05 00:33:26.000000,eqcct_explosions_th0_1/20250105T003226Z_20250105T003326Z/KEV_outputs/X_prediction_results.csv
RANF/FN.RANF..HHN__20250105T003229Z__20250105T003329Z.mseed,FN,RANF,0,0,0,0,2025-01-05 00:32:33.510000,0.193,,,2025-01-05 00:32:29.000000,2025-01-05 00:33:29.000000,eqcct_explosions_th0_1/20250105T003229Z_20250105T003329Z/RANF_outputs/X_prediction_results.csv
HEF/HE.HEF..HHZ__20250105T003321Z__20250105T003421Z.mseed,HE,HEF,0,0,0,0,2025-01-05 00:33:25.920000,0.332,2025-01-05 00:33:40.760000,0.561,2025-01-05 00:33:21.000000,2025-01-05 00:34:21.000000,eqcct_explosions_th0_1/20250105T003321Z_20250105T003421Z/HEF_outputs/X_prediction_results.csv
OLKF/FN.OLKF..BHE__20250105T003322Z__20250105T003422Z.mseed,FN,OLKF,0,0,0,0,2025-01-05 00:33:26.100000,0.821,2025-01-05 00:33:54.600000,0.355,2025-01-05 00:33:22.000000,2025-01-05 00:34:22.000000,eqcct_explosions_th0_1/20250105T003322Z_20250105T003422Z/OLKF_outputs/X_prediction_results.csv
RAJF/FN.RAJF..HHN__20250105T003322Z__20250105T003422Z.mseed,FN,RAJF,0,0,0,0,2025-01-05 00:33:26.130000,0.514,,,2025-01-05 00:33:22.000000,2025-01-05 00:34:22.000000,eqcct_explosions_th0_1/20250105T003322Z_20250105T003422Z/RAJF_outputs/X_prediction_results.csv
KU6/HE.KU6..HHZ__20250105T003322Z__20250105T003422Z.mseed,HE,KU6,0,0,0,0,2025-01-05 00:33:26.440000,0.748,2025-01-05 00:33:56.340000,0.522,2025-01-05 00:33:22.000000,2025-01-05 00:34:22.000000,eqcct_explosions_th0_1/20250105T003322Z_20250105T003422Z/KU6_outputs/X_prediction_results.csv
VRF/HE.VRF..HHE__20250105T003332Z__20250105T003432Z.mseed,HE,VRF,0,0,0,0,2025-01-05 00:33:37.240000,0.34,2025-01-05 00:33:39.540000,0.486,2025-01-05 00:33:32.000000,2025-01-05 00:34:32.000000,eqcct_explosions_th0_1/20250105T003332Z_20250105T003432Z/VRF_outputs/X_prediction_results.csv
RANF/FN.RANF..BHE__20250105T003338Z__20250105T003438Z.mseed,FN,RANF,0,0,0,0,2025-01-05 00:33:42.350000,0.284,2025-01-05 00:34:24.620000,0.357,2025-01-05 00:33:38.000000,2025-01-05 00:34:38.000000,eqcct_explosions_th0_1/20250105T003338Z_20250105T003438Z/RANF_outputs/X_prediction_results.csv
KEV/HE.KEV..HHE__20250105T003413Z__20250105T003513Z.mseed,HE,KEV,0,0,0,0,2025-01-05 00:34:17.680000,0.792,2025-01-05 00:34:30.340000,0.46,2025-01-05 00:34:13.000000,2025-01-05 00:35:13.000000,eqcct_explosions_th0_1/20250105T003413Z_20250105T003513Z/KEV_outputs/X_prediction_results.csv
HEF/HE.HEF..HHN__20250105T003429Z__20250105T003529Z.mseed,HE,HEF,0,0,0,0,2025-01-05 00:34:33.020000,0.612,2025-01-05 00:34:47.510000,0.192,2025-01-05 00:34:29.000000,2025-01-05 00:35:29.000000,eqcct_explosions_th0_1/20250105T003429Z_20250105T003529Z/HEF_outputs/X_prediction_results.csv
RAJF/FN.RAJF..BHE__20250105T160923Z__20250105T161023Z.mseed,FN,RAJF,0,0,0,0,2025-01-05 16:09:27.950000,0.641,2025-01-05 16:09:49.950000,0.209,2025-01-05 16:09:23.000000,2025-01-05 16:10:23.000000,eqcct_explosions_th0_1/20250105T160923Z_20250105T161023Z/RAJF_outputs/X_prediction_results.csv
KEV/HE.KEV..HHE__20250105T160925Z__20250105T161025Z.mseed,HE,KEV,0,0,0,0,2025-01-05 16:09:30.360000,0.831,2025-01-05 16:09:47.710000,0.477,2025-01-05 16:09:25.000000,2025-01-05 16:10:25.000000,eqcct_explosions_th0_1/20250105T160925Z_20250105T161025Z/KEV_outputs/X_prediction_results.csv
HEF/HE.HEF..HHN__20250105T160949Z__20250105T161049Z.mseed,HE,HEF,0,0,0,0,2025-01-05 16:09:53.710000,0.314,,,2025-01-05 16:09:49.000000,2025-01-05 16:10:49.000000,eqcct_explosions_th0_1/20250105T160949Z_20250105T161049Z/HEF_outputs/X_prediction_results.csv
VRF/HE.VRF..HHN__20250105T160953Z__20250105T161053Z.mseed,HE,VRF,0,0,0,0,2025-01-05 16:09:57.240000,0.674,2025-01-05 16:10:00.840000,0.244,2025-01-05 16:09:53.000000,2025-01-05 16:10:53.000000,eqcct_explosions_th0_1/20250105T160953Z_20250105T161053Z/VRF_outputs/X_prediction_results.csv
HEF/HE.HEF..HHN__20250105T164807Z__20250105T164907Z.mseed,HE,HEF,0,0,0,0,2025-01-05 16:48:12.630000,0.503,2025-01-05 16:48:23.850000,0.597,2025-01-05 16:48:07.000000,2025-01-05 16:49:07.000000,eqcct_explosions_th0_1/20250105T164807Z_20250105T164907Z/HEF_outputs/X_prediction_results.csv
KLF/FN.KLF..HHN__20250105T164808Z__20250105T164908Z.mseed,FN,KLF,0,0,0,0,2025-01-05 16:48:13.770000,0.714,2025-01-05 16:48:24.590000,0.171,2025-01-05 16:48:08.000000,2025-01-05 16:49:08.000000,eqcct_explosions_th0_1/20250105T164808Z_20250105T164908Z/KLF_outputs/X_prediction_results.csv
KLF/FN.KLF..HHN__20250105T164808Z__20250105T164908Z.mseed,FN,KLF,0,0,0,0,2025-01-05 16:49:18.800000,0.117,,,2025-01-05 16:48:08.000000,2025-01-05 16:49:08.000000,eqcct_explosions_th0_1/20250105T164808Z_20250105T164908Z/KLF_outputs/X_prediction_results.csv
VRF/HE.VRF..HHE__20250105T164822Z__20250105T164922Z.mseed,HE,VRF,0,0,0,0,2025-01-05 16:48:26.400000,0.708,,,2025-01-05 16:48:22.000000,2025-01-05 16:49:22.000000,eqcct_explosions_th0_1/20250105T164822Z_20250105T164922Z/VRF_outputs/X_prediction_results.csv
KEV/HE.KEV..HHN__20250105T164827Z__20250105T164927Z.mseed,HE,KEV,0,0,0,0,2025-01-05 16:48:31.500000,0.717,2025-01-05 16:48:57.870000,0.223,2025-01-05 16:48:27.000000,2025-01-05 16:49:27.000000,eqcct_explosions_th0_1/20250105T164827Z_20250105T164927Z/KEV_outputs/X_prediction_results.csv
RANF/FN.RANF..HHE__20250105T164828Z__20250105T164928Z.mseed,FN,RANF,0,0,0,0,2025-01-05 16:48:32.160000,0.551,,,2025-01-05 16:48:28.000000,2025-01-05 16:49:28.000000,eqcct_explosions_th0_1/20250105T164828Z_20250105T164928Z/RANF_outputs/X_prediction_results.csv
RAJF/FN.RAJF..HHN__20250105T164832Z__20250105T164932Z.mseed,FN,RAJF,0,0,0,0,2025-01-05 16:48:36.810000,0.66,,,2025-01-05 16:48:32.000000,2025-01-05 16:49:32.000000,eqcct_explosions_th0_1/20250105T164832Z_20250105T164932Z/RAJF_outputs/X_prediction_results.csv
TOF/HE.TOF..HHE__20250105T164852Z__20250105T164952Z.mseed,HE,TOF,0,0,0,0,2025-01-05 16:48:56.290000,0.739,,,2025-01-05 16:48:52.000000,2025-01-05 16:49:52.000000,eqcct_explosions_th0_1/20250105T164852Z_20250105T164952Z/TOF_outputs/X_prediction_results.csv
KIF/HE.KIF..HHE__20250105T164855Z__20250105T164955Z.mseed,HE,KIF,0,0,0,0,2025-01-05 16:48:59.440000,0.813,2025-01-05 16:49:02.670000,0.309,2025-01-05 16:48:55.000000,2025-01-05 16:49:55.000000,eqcct_explosions_th0_1/20250105T164855Z_20250105T164955Z/KIF_outputs/X_prediction_results.csv
VRF/HE.VRF..HHZ__20250105T200531Z__20250105T200631Z.mseed,HE,VRF,0,0,0,0,2025-01-05 20:05:35.360000,0.774,2025-01-05 20:05:55.620000,0.318,2025-01-05 20:05:31.000000,2025-01-05 20:06:31.000000,eqcct_explosions_th0_1/20250105T200531Z_20250105T200631Z/VRF_outputs/X_prediction_results.csv
RAJF/FN.RAJF..HHE__20250105T200540Z__20250105T200640Z.mseed,FN,RAJF,0,0,0,0,2025-01-05 20:05:44.180000,0.116,,,2025-01-05 20:05:40.000000,2025-01-05 20:06:40.000000,eqcct_explosions_th0_1/20250105T200540Z_20250105T200640Z/RAJF_outputs/X_prediction_results.csv
KU6/HE.KU6..HHE__20250105T200541Z__20250105T200641Z.mseed,HE,KU6,0,0,0,0,2025-01-05 20:05:45.820000,0.548,,,2025-01-05 20:05:41.000000,2025-01-05 20:06:41.000000,eqcct_explosions_th0_1/20250105T200541Z_20250105T200641Z/KU6_outputs/X_prediction_results.csv
OLKF/FN.OLKF..HHE__20250105T200541Z__20250105T200641Z.mseed,FN,OLKF,0,0,0,0,2025-01-05 20:05:45.100000,0.542,2025-01-05 20:06:14.170000,0.216,2025-01-05 20:05:41.000000,2025-01-05 20:06:41.000000,eqcct_explosions_th0_1/20250105T200541Z_20250105T200641Z/OLKF_outputs/X_prediction_results.csv
KEV/HE.KEV..HHZ__20250105T200554Z__20250105T200654Z.mseed,HE,KEV,0,0,0,0,2025-01-05 20:05:58.680000,0.505,,,2025-01-05 20:05:54.000000,2025-01-05 20:06:54.000000,eqcct_explosions_th0_1/20250105T200554Z_20250105T200654Z/KEV_outputs/X_prediction_results.csv
RANF/FN.RANF..BHZ__20250105T200557Z__20250105T200657Z.mseed,FN,RANF,0,0,0,0,,,2025-01-05 20:06:44.040000,0.135,2025-01-05 20:05:57.000000,2025-01-05 20:06:57.000000,eqcct_explosions_th0_1/20250105T200557Z_20250105T200657Z/RANF_outputs/X_prediction_results.csv
VRF/HE.VRF..HHZ__20250105T201438Z__20250105T201538Z.mseed,HE,VRF,0,0,0,0,2025-01-05 20:14:42.440000,0.764,2025-01-05 20:15:03.590000,0.199,2025-01-05 20:14:38.000000,2025-01-05 20:15:38.000000,eqcct_explosions_th0_1/20250105T201438Z_20250105T201538Z/VRF_outputs/X_prediction_results.csv
OLKF/FN.OLKF..HHE__20250105T201447Z__20250105T201547Z.mseed,FN,OLKF,0,0,0,0,2025-01-05 20:14:51.960000,0.616,2025-01-05 20:15:20.070000,0.315,2025-01-05 20:14:47.000000,2025-01-05 20:15:47.000000,eqcct_explosions_th0_1/20250105T201447Z_20250105T201547Z/OLKF_outputs/X_prediction_results.csv
OLKF/FN.OLKF..HHE__20250105T201447Z__20250105T201547Z.mseed,FN,OLKF,0,0,0,0,2025-01-05 20:15:57.950000,0.127,,,2025-01-05 20:14:47.000000,2025-01-05 20:15:47.000000,eqcct_explosions_th0_1/20250105T201447Z_20250105T201547Z/OLKF_outputs/X_prediction_results.csv
KU6/HE.KU6..HHE__20250105T201449Z__20250105T201549Z.mseed,HE,KU6,0,0,0,0,2025-01-05 20:14:53.090000,0.603,2025-01-05 20:15:22.050000,0.475,2025-01-05 20:14:49.000000,2025-01-05 20:15:49.000000,eqcct_explosions_th0_1/20250105T201449Z_20250105T201549Z/KU6_outputs/X_prediction_results.csv
RAJF/FN.RAJF..HHZ__20250105T201514Z__20250105T201614Z.mseed,FN,RAJF,0,0,0,0,2025-01-05 20:15:18.500000,0.591,,,2025-01-05 20:15:14.000000,2025-01-05 20:16:14.000000,eqcct_explosions_th0_1/20250105T201514Z_20250105T201614Z/RAJF_outputs/X_prediction_results.csv
KEV/HE.KEV..HHE__20250105T201552Z__20250105T201652Z.mseed,HE,KEV,0,0,0,0,2025-01-05 20:15:56.240000,0.273,,,2025-01-05 20:15:52.000000,2025-01-05 20:16:52.000000,eqcct_explosions_th0_1/20250105T201552Z_20250105T201652Z/KEV_outputs/X_prediction_results.csv
KLF/FN.KLF..HHE__20250106T164451Z__20250106T164551Z.mseed,FN,KLF,0,0,0,0,2025-01-06 16:44:55.800000,0.833,2025-01-06 16:45:07.490000,0.257,2025-01-06 16:44:51.000000,2025-01-06 16:45:51.000000,eqcct_explosions_th0_1/20250106T164451Z_20250106T164551Z/KLF_outputs/X_prediction_results.csv
HEF/HE.HEF..HHZ__20250106T164500Z__20250106T164600Z.mseed,HE,HEF,0,0,0,0,2025-01-06 16:45:02.920000,0.32,,,2025-01-06 16:45:00.000000,2025-01-06 16:46:00.000000,eqcct_explosions_th0_1/20250106T164500Z_20250106T164600Z/HEF_outputs/X_prediction_results.csv
RANF/FN.RANF..HHN__20250106T164510Z__20250106T164610Z.mseed,FN,RANF,0,0,0,0,2025-01-06 16:45:14.690000,0.418,,,2025-01-06 16:45:10.000000,2025-01-06 16:46:10.000000,eqcct_explosions_th0_1/20250106T164510Z_20250106T164610Z/RANF_outputs/X_prediction_results.csv
KEV/HE.KEV..HHZ__20250106T164510Z__20250106T164610Z.mseed,HE,KEV,0,0,0,0,2025-01-06 16:45:14.040000,0.596,2025-01-06 16:45:49.640000,0.526,2025-01-06 16:45:10.000000,2025-01-06 16:46:10.000000,eqcct_explosions_th0_1/20250106T164510Z_20250106T164610Z/KEV_outputs/X_prediction_results.csv
RAJF/FN.RAJF..HHZ__20250106T164513Z__20250106T164613Z.mseed,FN,RAJF,0,0,0,0,2025-01-06 16:45:17.710000,0.424,2025-01-06 16:45:22.620000,0.505,2025-01-06 16:45:13.000000,2025-01-06 16:46:13.000000,eqcct_explosions_th0_1/20250106T164513Z_20250106T164613Z/RAJF_outputs/X_prediction_results.csv
VRF/HE.VRF..HHZ__20250106T164524Z__20250106T164624Z.mseed,HE,VRF,0,0,0,0,2025-01-06 16:45:28.710000,0.22,,,2025-01-06 16:45:24.000000,2025-01-06 16:46:24.000000,eqcct_explosions_th0_1/20250106T164524Z_20250106T164624Z/VRF_outputs/X_prediction_results.csv
SUF/HE.SUF..HHZ__20250107T113226Z__20250107T113326Z.mseed,HE,SUF,0,0,0,0,2025-01-07 11:32:31.902000,0.682,2025-01-07 11:32:42.392000,0.516,2025-01-07 11:32:26.000000,2025-01-07 11:33:26.000000,eqcct_explosions_th0_1/20250107T113226Z_20250107T113326Z/SUF_outputs/X_prediction_results.csv
ALAJF/HE.ALAJF..HHZ__20250107T113229Z__20250107T113329Z.mseed,HE,ALAJF,0,0,0,0,2025-01-07 11:32:33.378000,0.615,,,2025-01-07 11:32:29.000000,2025-01-07 11:33:29.000000,eqcct_explosions_th0_1/20250107T113229Z_20250107T113329Z/ALAJF_outputs/X_prediction_results.csv
OUF/HE.OUF..HHN__20250107T113232Z__20250107T113332Z.mseed,HE,OUF,0,0,0,0,2025-01-07 11:32:37.920000,0.893,2025-01-07 11:32:51.890000,0.59,2025-01-07 11:32:32.000000,2025-01-07 11:33:32.000000,eqcct_explosions_th0_1/20250107T113232Z_20250107T113332Z/OUF_outputs/X_prediction_results.csv
VAF/HE.VAF..HHZ__20250107T113234Z__20250107T113334Z.mseed,HE,VAF,0,0,0,0,2025-01-07 11:32:38.060000,0.477,2025-01-07 11:32:54.230000,0.586,2025-01-07 11:32:34.000000,2025-01-07 11:33:34.000000,eqcct_explosions_th0_1/20250107T113234Z_20250107T113334Z/VAF_outputs/X_prediction_results.csv
KEF/HE.KEF..HHZ__20250107T113234Z__20250107T113334Z.mseed,HE,KEF,0,0,0,0,2025-01-07 11:32:39.160000,0.841,2025-01-07 11:32:54.480000,0.819,2025-01-07 11:32:34.000000,2025-01-07 11:33:34.000000,eqcct_explosions_th0_1/20250107T113234Z_20250107T113334Z/KEF_outputs/X_prediction_results.csv
NIF/HE.NIF..HHN__20250107T113235Z__20250107T113335Z.mseed,HE,NIF,0,0,0,0,2025-01-07 11:32:40.274000,0.718,,,2025-01-07 11:32:35.000000,2025-01-07 11:33:35.000000,eqcct_explosions_th0_1/20250107T113235Z_20250107T113335Z/NIF_outputs/X_prediction_results.csv
OBF0/HE.OBF0..HHZ__20250107T113236Z__20250107T113336Z.mseed,HE,OBF0,0,0,0,0,2025-01-07 11:32:41.504000,0.823,2025-01-07 11:32:58.024000,0.358,2025-01-07 11:32:36.000000,2025-01-07 11:33:36.000000,eqcct_explosions_th0_1/20250107T113236Z_20250107T113336Z/OBF0_outputs/X_prediction_results.csv
KAF/HE.KAF..HHZ__20250107T113237Z__20250107T113337Z.mseed,HE,KAF,0,0,0,0,2025-01-07 11:32:42.220000,0.881,2025-01-07 11:33:00.190000,0.427,2025-01-07 11:32:37.000000,2025-01-07 11:33:37.000000,eqcct_explosions_th0_1/20250107T113237Z_20250107T113337Z/KAF_outputs/X_prediction_results.csv
OBF3/HE.OBF3..HHE__20250107T113240Z__20250107T113340Z.mseed,HE,OBF3,0,0,0,0,2025-01-07 11:32:45.868000,0.855,2025-01-07 11:33:05.698000,0.244,2025-01-07 11:32:40.000000,2025-01-07 11:33:40.000000,eqcct_explosions_th0_1/20250107T113240Z_20250107T113340Z/OBF3_outputs/X_prediction_results.csv
TRE03/HE.TRE03..CHN__20250107T113244Z__20250107T113344Z.mseed,HE,TRE03,0,0,0,0,2025-01-07 11:32:48.552000,0.546,,,2025-01-07 11:32:44.000000,2025-01-07 11:33:44.000000,eqcct_explosions_th0_1/20250107T113244Z_20250107T113344Z/TRE03_outputs/X_prediction_results.csv
FIA0/HE.FIA0..HHZ__20250107T113247Z__20250107T113347Z.mseed,HE,FIA0,0,0,0,0,2025-01-07 11:32:52.590000,0.707,,,2025-01-07 11:32:47.000000,2025-01-07 11:33:47.000000,eqcct_explosions_th0_1/20250107T113247Z_20250107T113347Z/FIA0_outputs/X_prediction_results.csv
FIA1/HE.FIA1..HHZ__20250107T113247Z__20250107T113347Z.mseed,HE,FIA1,0,0,0,0,2025-01-07 11:32:52.590000,0.777,,,2025-01-07 11:32:47.000000,2025-01-07 11:33:47.000000,eqcct_explosions_th0_1/20250107T113247Z_20250107T113347Z/FIA1_outputs/X_prediction_results.csv
KPF/HE.KPF..HHZ__20250107T113249Z__20250107T113349Z.mseed,HE,KPF,0,0,0,0,2025-01-07 11:32:54.452000,0.73,,,2025-01-07 11:32:49.000000,2025-01-07 11:33:49.000000,eqcct_explosions_th0_1/20250107T113249Z_20250107T113349Z/KPF_outputs/X_prediction_results.csv
KPF/HE.KPF..HHN__20250107T124307Z__20250107T124407Z.mseed,HE,KPF,0,0,0,0,2025-01-07 12:43:11.832000,0.678,2025-01-07 12:43:16.052000,0.378,2025-01-07 12:43:07.000000,2025-01-07 12:44:07.000000,eqcct_explosions_th0_1/20250107T124307Z_20250107T124407Z/KPF_outputs/X_prediction_results.csv
RAF/HE.RAF..HHE__20250107T124312Z__20250107T124412Z.mseed,HE,RAF,0,0,0,0,2025-01-07 12:43:17.180000,0.904,2025-01-07 12:43:25.450000,0.322,2025-01-07 12:43:12.000000,2025-01-07 12:44:12.000000,eqcct_explosions_th0_1/20250107T124312Z_20250107T124412Z/RAF_outputs/X_prediction_results.csv
TRE03/HE.TRE03..CHE__20250107T124323Z__20250107T124423Z.mseed,HE,TRE03,0,0,0,0,2025-01-07 12:43:28.138000,0.604,2025-01-07 12:43:43.758000,0.244,2025-01-07 12:43:23.000000,2025-01-07 12:44:23.000000,eqcct_explosions_th0_1/20250107T124323Z_20250107T124423Z/TRE03_outputs/X_prediction_results.csv
KORF/HE.KORF..CHZ__20250107T124328Z__20250107T124428Z.mseed,HE,KORF,0,0,0,0,2025-01-07 12:43:33.372000,0.916,,,2025-01-07 12:43:28.000000,2025-01-07 12:44:28.000000,eqcct_explosions_th0_1/20250107T124328Z_20250107T124428Z/KORF_outputs/X_prediction_results.csv
VAF/HE.VAF..HHN__20250107T124329Z__20250107T124429Z.mseed,HE,VAF,0,0,0,0,2025-01-07 12:43:34.940000,0.896,2025-01-07 12:43:55.260000,0.199,2025-01-07 12:43:29.000000,2025-01-07 12:44:29.000000,eqcct_explosions_th0_1/20250107T124329Z_20250107T124429Z/VAF_outputs/X_prediction_results.csv
KEF/HE.KEF..HHE__20250107T124330Z__20250107T124430Z.mseed,HE,KEF,0,0,0,0,2025-01-07 12:43:35.530000,0.852,,,2025-01-07 12:43:30.000000,2025-01-07 12:44:30.000000,eqcct_explosions_th0_1/20250107T124330Z_20250107T124430Z/KEF_outputs/X_prediction_results.csv
AAL/UP.AAL..HHN__20250107T124331Z__20250107T124431Z.mseed,UP,AAL,0,0,0,0,2025-01-07 12:43:36.370000,0.86,,,2025-01-07 12:43:31.000000,2025-01-07 12:44:31.000000,eqcct_explosions_th0_1/20250107T124331Z_20250107T124431Z/AAL_outputs/X_prediction_results.csv
ECKF/HE.ECKF..CHE__20250107T124332Z__20250107T124432Z.mseed,HE,ECKF,0,0,0,0,2025-01-07 12:43:37.676000,0.299,,,2025-01-07 12:43:32.000000,2025-01-07 12:44:32.000000,eqcct_explosions_th0_1/20250107T124332Z_20250107T124432Z/ECKF_outputs/X_prediction_results.csv
MEF/HE.MEF..HHN__20250107T124336Z__20250107T124436Z.mseed,HE,MEF,0,0,0,0,2025-01-07 12:43:40.030000,0.35,,,2025-01-07 12:43:36.000000,2025-01-07 12:44:36.000000,eqcct_explosions_th0_1/20250107T124336Z_20250107T124436Z/MEF_outputs/X_prediction_results.csv
ALAJF/HE.ALAJF..HHE__20250107T124336Z__20250107T124436Z.mseed,HE,ALAJF,0,0,0,0,2025-01-07 12:43:41.196000,0.74,,,2025-01-07 12:43:36.000000,2025-01-07 12:44:36.000000,eqcct_explosions_th0_1/20250107T124336Z_20250107T124436Z/ALAJF_outputs/X_prediction_results.csv
FIA1/HE.FIA1..HHE__20250107T124338Z__20250107T124438Z.mseed,HE,FIA1,0,0,0,0,2025-01-07 12:43:42.630000,0.668,2025-01-07 12:44:10.180000,0.185,2025-01-07 12:43:38.000000,2025-01-07 12:44:38.000000,eqcct_explosions_th0_1/20250107T124338Z_20250107T124438Z/FIA1_outputs/X_prediction_results.csv
FIA0/HE.FIA0..HHN__20250107T124338Z__20250107T124438Z.mseed,HE,FIA0,0,0,0,0,2025-01-07 12:43:43.630000,0.593,2025-01-07 12:44:10.180000,0.286,2025-01-07 12:43:38.000000,2025-01-07 12:44:38.000000,eqcct_explosions_th0_1/20250107T124338Z_20250107T124438Z/FIA0_outputs/X_prediction_results.csv
KAF/HE.KAF..HHN__20250107T124341Z__20250107T124441Z.mseed,HE,KAF,0,0,0,0,2025-01-07 12:43:45.280000,0.757,,,2025-01-07 12:43:41.000000,2025-01-07 12:44:41.000000,eqcct_explosions_th0_1/20250107T124341Z_20250107T124441Z/KAF_outputs/X_prediction_results.csv
MEF/HE.MEF..HHN__20250107T125750Z__20250107T125850Z.mseed,HE,MEF,0,0,0,0,2025-01-07 12:57:55.430000,0.912,2025-01-07 12:57:57.550000,0.474,2025-01-07 12:57:50.000000,2025-01-07 12:58:50.000000,eqcct_explosions_th0_1/20250107T125750Z_20250107T125850Z/MEF_outputs/X_prediction_results.csv
HEL5/HE.HEL5..HHE__20250107T125750Z__20250107T125850Z.mseed,HE,HEL5,0,0,0,0,2025-01-07 12:57:55.400000,0.952,2025-01-07 12:57:57.390000,0.313,2025-01-07 12:57:50.000000,2025-01-07 12:58:50.000000,eqcct_explosions_th0_1/20250107T125750Z_20250107T125850Z/HEL5_outputs/X_prediction_results.csv
LAUT/HE.LAUT..HHZ__20250107T125751Z__20250107T125851Z.mseed,HE,LAUT,0,0,0,0,2025-01-07 12:57:56.402000,0.46,2025-01-07 12:57:58.542000,0.673,2025-01-07 12:57:51.000000,2025-01-07 12:58:51.000000,eqcct_explosions_th0_1/20250107T125751Z_20250107T125851Z/LAUT_outputs/X_prediction_results.csv
HEL1/HE.HEL1..HHN__20250107T125751Z__20250107T125851Z.mseed,HE,HEL1,0,0,0,0,2025-01-07 12:57:56.880000,0.73,2025-01-07 12:57:59.900000,0.395,2025-01-07 12:57:51.000000,2025-01-07 12:58:51.000000,eqcct_explosions_th0_1/20250107T125751Z_20250107T125851Z/HEL1_outputs/X_prediction_results.csv
KUNI/HE.KUNI..HHE__20250107T125752Z__20250107T125852Z.mseed,HE,KUNI,0,0,0,0,2025-01-07 12:57:57.940000,0.703,2025-01-07 12:58:01.550000,0.546,2025-01-07 12:57:52.000000,2025-01-07 12:58:52.000000,eqcct_explosions_th0_1/20250107T125752Z_20250107T125852Z/KUNI_outputs/X_prediction_results.csv
VUOS/HE.VUOS..HHZ__20250107T125754Z__20250107T125854Z.mseed,HE,VUOS,0,0,0,0,2025-01-07 12:57:59.912000,0.705,,,2025-01-07 12:57:54.000000,2025-01-07 12:58:54.000000,eqcct_explosions_th0_1/20250107T125754Z_20250107T125854Z/VUOS_outputs/X_prediction_results.csv
PVF/HE.PVF..CHE__20250107T125803Z__20250107T125903Z.mseed,HE,PVF,0,0,0,0,2025-01-07 12:58:08.432000,0.112,,,2025-01-07 12:58:03.000000,2025-01-07 12:59:03.000000,eqcct_explosions_th0_1/20250107T125803Z_20250107T125903Z/PVF_outputs/X_prediction_results.csv
FIA0/HE.FIA0..HHE__20250107T125818Z__20250107T125918Z.mseed,HE,FIA0,0,0,0,0,2025-01-07 12:58:22.980000,0.17,,,2025-01-07 12:58:18.000000,2025-01-07 12:59:18.000000,eqcct_explosions_th0_1/20250107T125818Z_20250107T125918Z/FIA0_outputs/X_prediction_results.csv
RAF/HE.RAF..HHN__20250107T142627Z__20250107T142727Z.mseed,HE,RAF,0,0,0,0,2025-01-07 14:26:32.920000,0.939,2025-01-07 14:26:38.870000,0.811,2025-01-07 14:26:27.000000,2025-01-07 14:27:27.000000,eqcct_explosions_th0_1/20250107T142627Z_20250107T142727Z/RAF_outputs/X_prediction_results.csv
KPF/HE.KPF..HHN__20250107T142633Z__20250107T142733Z.mseed,HE,KPF,0,0,0,0,2025-01-07 14:26:38.172000,0.883,2025-01-07 14:26:47.362000,0.375,2025-01-07 14:26:33.000000,2025-01-07 14:27:33.000000,eqcct_explosions_th0_1/20250107T142633Z_20250107T142733Z/KPF_outputs/X_prediction_results.csv
TRE03/HE.TRE03..CHE__20250107T142636Z__20250107T142736Z.mseed,HE,TRE03,0,0,0,0,2025-01-07 14:26:41.564000,0.951,2025-01-07 14:26:54.464000,0.624,2025-01-07 14:26:36.000000,2025-01-07 14:27:36.000000,eqcct_explosions_th0_1/20250107T142636Z_20250107T142736Z/TRE03_outputs/X_prediction_results.csv
KORF/HE.KORF..CHE__20250107T142641Z__20250107T142741Z.mseed,HE,KORF,0,0,0,0,2025-01-07 14:26:46.640000,0.903,2025-01-07 14:27:02.530000,0.375,2025-01-07 14:26:41.000000,2025-01-07 14:27:41.000000,eqcct_explosions_th0_1/20250107T142641Z_20250107T142741Z/KORF_outputs/X_prediction_results.csv
MEF/HE.MEF..HHE__20250107T142643Z__20250107T142743Z.mseed,HE,MEF,0,0,0,0,2025-01-07 14:26:48.610000,0.711,2025-01-07 14:27:05.400000,0.514,2025-01-07 14:26:43.000000,2025-01-07 14:27:43.000000,eqcct_explosions_th0_1/20250107T142643Z_20250107T142743Z/MEF_outputs/X_prediction_results.csv
TVF/HE.TVF..HHE__20250107T142645Z__20250107T142745Z.mseed,HE,TVF,0,0,0,0,2025-01-07 14:26:49.044000,0.852,,,2025-01-07 14:26:45.000000,2025-01-07 14:27:45.000000,eqcct_explosions_th0_1/20250107T142645Z_20250107T142745Z/TVF_outputs/X_prediction_results.csv
KEF/HE.KEF..HHE__20250107T142646Z__20250107T142746Z.mseed,HE,KEF,0,0,0,0,2025-01-07 14:26:51.670000,0.885,2025-01-07 14:27:11.470000,0.715,2025-01-07 14:26:46.000000,2025-01-07 14:27:46.000000,eqcct_explosions_th0_1/20250107T142646Z_20250107T142746Z/KEF_outputs/X_prediction_results.csv
AAL/UP.AAL..HHZ__20250107T142649Z__20250107T142749Z.mseed,UP,AAL,0,0,0,0,2025-01-07 14:26:53.430000,0.9,2025-01-07 14:27:16.630000,0.116,2025-01-07 14:26:49.000000,2025-01-07 14:27:49.000000,eqcct_explosions_th0_1/20250107T142649Z_20250107T142749Z/AAL_outputs/X_prediction_results.csv
FIA0/HE.FIA0..HHN__20250107T142650Z__20250107T142750Z.mseed,HE,FIA0,0,0,0,0,2025-01-07 14:26:55.860000,0.691,2025-01-07 14:27:17.980000,0.425,2025-01-07 14:26:50.000000,2025-01-07 14:27:50.000000,eqcct_explosions_th0_1/20250107T142650Z_20250107T142750Z/FIA0_outputs/X_prediction_results.csv
FIA1/HE.FIA1..HHE__20250107T142650Z__20250107T142750Z.mseed,HE,FIA1,0,0,0,0,2025-01-07 14:26:55.860000,0.653,2025-01-07 14:27:18.030000,0.462,2025-01-07 14:26:50.000000,2025-01-07 14:27:50.000000,eqcct_explosions_th0_1/20250107T142650Z_20250107T142750Z/FIA1_outputs/X_prediction_results.csv
PVF/HE.PVF..CHE__20250107T142650Z__20250107T142750Z.mseed,HE,PVF,0,0,0,0,2025-01-07 14:26:55.564000,0.779,2025-01-07 14:27:18.034000,0.473,2025-01-07 14:26:50.000000,2025-01-07 14:27:50.000000,eqcct_explosions_th0_1/20250107T142650Z_20250107T142750Z/PVF_outputs/X_prediction_results.csv
ECKF/HE.ECKF..CHE__20250107T142651Z__20250107T142751Z.mseed,HE,ECKF,0,0,0,0,2025-01-07 14:26:55.696000,0.819,,,2025-01-07 14:26:51.000000,2025-01-07 14:27:51.000000,eqcct_explosions_th0_1/20250107T142651Z_20250107T142751Z/ECKF_outputs/X_prediction_results.csv
LOVF/HE.LOVF..CHZ__20250107T142654Z__20250107T142754Z.mseed,HE,LOVF,0,0,0,0,2025-01-07 14:26:59.504000,0.678,2025-01-07 14:27:25.074000,0.311,2025-01-07 14:26:54.000000,2025-01-07 14:27:54.000000,eqcct_explosions_th0_1/20250107T142654Z_20250107T142754Z/LOVF_outputs/X_prediction_results.csv
VAF/HE.VAF..HHN__20250107T142654Z__20250107T142754Z.mseed,HE,VAF,0,0,0,0,2025-01-07 14:26:59.260000,0.754,,,2025-01-07 14:26:54.000000,2025-01-07 14:27:54.000000,eqcct_explosions_th0_1/20250107T142654Z_20250107T142754Z/VAF_outputs/X_prediction_results.csv
KAF/HE.KAF..HHE__20250107T142655Z__20250107T142755Z.mseed,HE,KAF,0,0,0,0,2025-01-07 14:27:00.660000,0.72,2025-01-07 14:27:28.010000,0.768,2025-01-07 14:26:55.000000,2025-01-07 14:27:55.000000,eqcct_explosions_th0_1/20250107T142655Z_20250107T142755Z/KAF_outputs/X_prediction_results.csv
ALAJF/HE.ALAJF..HHE__20250107T142657Z__20250107T142757Z.mseed,HE,ALAJF,0,0,0,0,2025-01-07 14:27:02.220000,0.862,2025-01-07 14:27:29.710000,0.343,2025-01-07 14:26:57.000000,2025-01-07 14:27:57.000000,eqcct_explosions_th0_1/20250107T142657Z_20250107T142757Z/ALAJF_outputs/X_prediction_results.csv
KY17/HE.KY17..CHN__20250107T142658Z__20250107T142758Z.mseed,HE,KY17,0,0,0,0,2025-01-07 14:27:03.400000,0.852,2025-01-07 14:27:32.400000,0.526,2025-01-07 14:26:58.000000,2025-01-07 14:27:58.000000,eqcct_explosions_th0_1/20250107T142658Z_20250107T142758Z/KY17_outputs/X_prediction_results.csv
VUOS/HE.VUOS..HHZ__20250107T142708Z__20250107T142808Z.mseed,HE,VUOS,0,0,0,0,2025-01-07 14:27:13.992000,0.715,2025-01-07 14:27:13.862000,0.715,2025-01-07 14:27:08.000000,2025-01-07 14:28:08.000000,eqcct_explosions_th0_1/20250107T142708Z_20250107T142808Z/VUOS_outputs/X_prediction_results.csv
RAJF/FN.RAJF..BHN__20250107T160615Z__20250107T160715Z.mseed,FN,RAJF,0,0,0,0,2025-01-07 16:06:22.500000,0.742,2025-01-07 16:06:40.800000,0.479,2025-01-07 16:06:15.000000,2025-01-07 16:07:15.000000,eqcct_explosions_th0_1/20250107T160615Z_20250107T160715Z/RAJF_outputs/X_prediction_results.csv
KEV/HE.KEV..HHN__20250107T160616Z__20250107T160716Z.mseed,HE,KEV,0,0,0,0,2025-01-07 16:06:21.900000,0.885,2025-01-07 16:06:39.470000,0.366,2025-01-07 16:06:16.000000,2025-01-07 16:07:16.000000,eqcct_explosions_th0_1/20250107T160616Z_20250107T160716Z/KEV_outputs/X_prediction_results.csv
VRF/HE.VRF..HHE__20250107T160645Z__20250107T160745Z.mseed,HE,VRF,0,0,0,0,2025-01-07 16:06:49.290000,0.63,,,2025-01-07 16:06:45.000000,2025-01-07 16:07:45.000000,eqcct_explosions_th0_1/20250107T160645Z_20250107T160745Z/VRF_outputs/X_prediction_results.csv
HEF/HE.HEF..HHZ__20250107T160714Z__20250107T160814Z.mseed,HE,HEF,0,0,0,0,2025-01-07 16:07:18.680000,0.215,,,2025-01-07 16:07:14.000000,2025-01-07 16:08:14.000000,eqcct_explosions_th0_1/20250107T160714Z_20250107T160814Z/HEF_outputs/X_prediction_results.csv
TOF/HE.TOF..HHN__20250108T090554Z__20250108T090654Z.mseed,HE,TOF,0,0,0,0,2025-01-08 09:05:59.880000,0.606,,,2025-01-08 09:05:54.000000,2025-01-08 09:06:54.000000,eqcct_explosions_th0_1/20250108T090554Z_20250108T090654Z/TOF_outputs/X_prediction_results.csv
OBF3/HE.OBF3..HHE__20250108T090603Z__20250108T090703Z.mseed,HE,OBF3,0,0,0,0,2025-01-08 09:06:08.820000,0.603,2025-01-08 09:06:30.740000,0.139,2025-01-08 09:06:03.000000,2025-01-08 09:07:03.000000,eqcct_explosions_th0_1/20250108T090603Z_20250108T090703Z/OBF3_outputs/X_prediction_results.csv
OBF0/HE.OBF0..HHN__20250108T090605Z__20250108T090705Z.mseed,HE,OBF0,0,0,0,0,2025-01-08 09:06:10.480000,0.848,,,2025-01-08 09:06:05.000000,2025-01-08 09:07:05.000000,eqcct_explosions_th0_1/20250108T090605Z_20250108T090705Z/OBF0_outputs/X_prediction_results.csv
KLF/FN.KLF..HHN__20250108T090605Z__20250108T090705Z.mseed,FN,KLF,0,0,0,0,2025-01-08 09:06:10.850000,0.756,2025-01-08 09:06:35.080000,0.396,2025-01-08 09:06:05.000000,2025-01-08 09:07:05.000000,eqcct_explosions_th0_1/20250108T090605Z_20250108T090705Z/KLF_outputs/X_prediction_results.csv
OUF/HE.OUF..HHE__20250108T090609Z__20250108T090709Z.mseed,HE,OUF,0,0,0,0,2025-01-08 09:06:13.680000,0.454,,,2025-01-08 09:06:09.000000,2025-01-08 09:07:09.000000,eqcct_explosions_th0_1/20250108T090609Z_20250108T090709Z/OUF_outputs/X_prediction_results.csv
RANF/FN.RANF..HHE__20250108T090611Z__20250108T090711Z.mseed,FN,RANF,0,0,0,0,2025-01-08 09:06:16.500000,0.827,2025-01-08 09:06:43.090000,0.358,2025-01-08 09:06:11.000000,2025-01-08 09:07:11.000000,eqcct_explosions_th0_1/20250108T090611Z_20250108T090711Z/RANF_outputs/X_prediction_results.csv
VAF/HE.VAF..HHN__20250108T090622Z__20250108T090722Z.mseed,HE,VAF,0,0,0,0,2025-01-08 09:06:26.430000,0.393,,,2025-01-08 09:06:22.000000,2025-01-08 09:07:22.000000,eqcct_explosions_th0_1/20250108T090622Z_20250108T090722Z/VAF_outputs/X_prediction_results.csv
KY17/HE.KY17..CHZ__20250108T094938Z__20250108T095038Z.mseed,HE,KY17,0,0,0,0,2025-01-08 09:49:43.236000,0.955,2025-01-08 09:49:46.386000,0.746,2025-01-08 09:49:38.000000,2025-01-08 09:50:38.000000,eqcct_explosions_th0_1/20250108T094938Z_20250108T095038Z/KY17_outputs/X_prediction_results.csv
KY02/HE.KY02..CHN__20250108T094938Z__20250108T095038Z.mseed,HE,KY02,0,0,0,0,2025-01-08 09:49:43.360000,0.921,2025-01-08 09:49:46.780000,0.832,2025-01-08 09:49:38.000000,2025-01-08 09:50:38.000000,eqcct_explosions_th0_1/20250108T094938Z_20250108T095038Z/KY02_outputs/X_prediction_results.csv
LOVF/HE.LOVF..CHN__20250108T094941Z__20250108T095041Z.mseed,HE,LOVF,0,0,0,0,2025-01-08 09:49:46.488000,0.949,2025-01-08 09:49:51.838000,0.826,2025-01-08 09:49:41.000000,2025-01-08 09:50:41.000000,eqcct_explosions_th0_1/20250108T094941Z_20250108T095041Z/LOVF_outputs/X_prediction_results.csv
VJF/HE.VJF..HHZ__20250108T094941Z__20250108T095041Z.mseed,HE,VJF,0,0,0,0,2025-01-08 09:49:46.236000,0.906,2025-01-08 09:49:51.676000,0.775,2025-01-08 09:49:41.000000,2025-01-08 09:50:41.000000,eqcct_explosions_th0_1/20250108T094941Z_20250108T095041Z/VJF_outputs/X_prediction_results.csv
PVF/HE.PVF..CHN__20250108T094943Z__20250108T095043Z.mseed,HE,PVF,0,0,0,0,2025-01-08 09:49:48.676000,0.931,2025-01-08 09:49:55.566000,0.796,2025-01-08 09:49:43.000000,2025-01-08 09:50:43.000000,eqcct_explosions_th0_1/20250108T094943Z_20250108T095043Z/PVF_outputs/X_prediction_results.csv
FIA1/HE.FIA1..HHZ__20250108T094948Z__20250108T095048Z.mseed,HE,FIA1,0,0,0,0,2025-01-08 09:49:53.960000,0.913,2025-01-08 09:50:05.310000,0.267,2025-01-08 09:49:48.000000,2025-01-08 09:50:48.000000,eqcct_explosions_th0_1/20250108T094948Z_20250108T095048Z/FIA1_outputs/X_prediction_results.csv
FIA0/HE.FIA0..HHZ__20250108T094948Z__20250108T095048Z.mseed,HE,FIA0,0,0,0,0,2025-01-08 09:49:53.960000,0.909,2025-01-08 09:50:05.510000,0.581,2025-01-08 09:49:48.000000,2025-01-08 09:50:48.000000,eqcct_explosions_th0_1/20250108T094948Z_20250108T095048Z/FIA0_outputs/X_prediction_results.csv
VUOS/HE.VUOS..HHZ__20250108T094952Z__20250108T095052Z.mseed,HE,VUOS,0,0,0,0,2025-01-08 09:49:57.304000,0.876,2025-01-08 09:50:10.814000,0.352,2025-01-08 09:49:52.000000,2025-01-08 09:50:52.000000,eqcct_explosions_th0_1/20250108T094952Z_20250108T095052Z/VUOS_outputs/X_prediction_results.csv
RUF/HE.RUF..HHN__20250108T094956Z__20250108T095056Z.mseed,HE,RUF,0,0,0,0,2025-01-08 09:50:01.184000,0.857,2025-01-08 09:50:17.914000,0.486,2025-01-08 09:49:56.000000,2025-01-08 09:50:56.000000,eqcct_explosions_th0_1/20250108T094956Z_20250108T095056Z/RUF_outputs/X_prediction_results.csv
HEL5/HE.HEL5..HHE__20250108T094956Z__20250108T095056Z.mseed,HE,HEL5,0,0,0,0,2025-01-08 09:50:00.308000,0.61,,,2025-01-08 09:49:56.000000,2025-01-08 09:50:56.000000,eqcct_explosions_th0_1/20250108T094956Z_20250108T095056Z/HEL5_outputs/X_prediction_results.csv
MEF/HE.MEF..HHZ__20250108T094958Z__20250108T095058Z.mseed,HE,MEF,0,0,0,0,2025-01-08 09:50:02.100000,0.636,2025-01-08 09:50:20.450000,0.485,2025-01-08 09:49:58.000000,2025-01-08 09:50:58.000000,eqcct_explosions_th0_1/20250108T094958Z_20250108T095058Z/MEF_outputs/X_prediction_results.csv
KAF/HE.KAF..HHE__20250108T094959Z__20250108T095059Z.mseed,HE,KAF,0,0,0,0,2025-01-08 09:50:04.690000,0.481,,,2025-01-08 09:49:59.000000,2025-01-08 09:50:59.000000,eqcct_explosions_th0_1/20250108T094959Z_20250108T095059Z/KAF_outputs/X_prediction_results.csv
KEF/HE.KEF..HHZ__20250108T095004Z__20250108T095104Z.mseed,HE,KEF,0,0,0,0,2025-01-08 09:50:09.800000,0.766,,,2025-01-08 09:50:04.000000,2025-01-08 09:51:04.000000,eqcct_explosions_th0_1/20250108T095004Z_20250108T095104Z/KEF_outputs/X_prediction_results.csv
NUR/HE.NUR..HHN__20250108T095008Z__20250108T095108Z.mseed,HE,NUR,0,0,0,0,2025-01-08 09:50:12.654000,0.676,2025-01-08 09:50:20.014000,0.135,2025-01-08 09:50:08.000000,2025-01-08 09:51:08.000000,eqcct_explosions_th0_1/20250108T095008Z_20250108T095108Z/NUR_outputs/X_prediction_results.csv
LAUT/HE.LAUT..HHZ__20250108T095009Z__20250108T095109Z.mseed,HE,LAUT,0,0,0,0,2025-01-08 09:50:14.960000,0.921,2025-01-08 09:50:20.460000,0.713,2025-01-08 09:50:09.000000,2025-01-08 09:51:09.000000,eqcct_explosions_th0_1/20250108T095009Z_20250108T095109Z/LAUT_outputs/X_prediction_results.csv
TVF/HE.TVF..HHN__20250108T095035Z__20250108T095135Z.mseed,HE,TVF,0,0,0,0,2025-01-08 09:50:39.202000,0.348,,,2025-01-08 09:50:35.000000,2025-01-08 09:51:35.000000,eqcct_explosions_th0_1/20250108T095035Z_20250108T095135Z/TVF_outputs/X_prediction_results.csv
SUF/HE.SUF..HHZ__20250108T095036Z__20250108T095136Z.mseed,HE,SUF,0,0,0,0,2025-01-08 09:50:40.484000,0.469,,,2025-01-08 09:50:36.000000,2025-01-08 09:51:36.000000,eqcct_explosions_th0_1/20250108T095036Z_20250108T095136Z/SUF_outputs/X_prediction_results.csv
RAF/HE.RAF..HHZ__20250108T095050Z__20250108T095150Z.mseed,HE,RAF,0,0,0,0,2025-01-08 09:50:55.020000,0.366,,,2025-01-08 09:50:50.000000,2025-01-08 09:51:50.000000,eqcct_explosions_th0_1/20250108T095050Z_20250108T095150Z/RAF_outputs/X_prediction_results.csv
KPF/HE.KPF..HHN__20250108T095051Z__20250108T095151Z.mseed,HE,KPF,0,0,0,0,2025-01-08 09:50:55.672000,0.359,2025-01-08 09:50:57.372000,0.505,2025-01-08 09:50:51.000000,2025-01-08 09:51:51.000000,eqcct_explosions_th0_1/20250108T095051Z_20250108T095151Z/KPF_outputs/X_prediction_results.csv
MEF/HE.MEF..HHN__20250108T100222Z__20250108T100322Z.mseed,HE,MEF,0,0,0,0,2025-01-08 10:02:27.600000,0.926,2025-01-08 10:02:31.820000,0.731,2025-01-08 10:02:22.000000,2025-01-08 10:03:22.000000,eqcct_explosions_th0_1/20250108T100222Z_20250108T100322Z/MEF_outputs/X_prediction_results.csv
TVF/HE.TVF..HHN__20250108T100224Z__20250108T100324Z.mseed,HE,TVF,0,0,0,0,2025-01-08 10:02:29.224000,0.687,2025-01-08 10:02:34.794000,0.512,2025-01-08 10:02:24.000000,2025-01-08 10:03:24.000000,eqcct_explosions_th0_1/20250108T100224Z_20250108T100324Z/TVF_outputs/X_prediction_results.csv
HEL5/HE.HEL5..HHE__20250108T100224Z__20250108T100324Z.mseed,HE,HEL5,0,0,0,0,2025-01-08 10:02:29.304000,0.757,2025-01-08 10:02:35.274000,0.142,2025-01-08 10:02:24.000000,2025-01-08 10:03:24.000000,eqcct_explosions_th0_1/20250108T100224Z_20250108T100324Z/HEL5_outputs/X_prediction_results.csv
PVF/HE.PVF..CHE__20250108T100235Z__20250108T100335Z.mseed,HE,PVF,0,0,0,0,2025-01-08 10:02:41.900000,0.179,,,2025-01-08 10:02:35.000000,2025-01-08 10:03:35.000000,eqcct_explosions_th0_1/20250108T100235Z_20250108T100335Z/PVF_outputs/X_prediction_results.csv
KORF/HE.KORF..CHN__20250108T100240Z__20250108T100340Z.mseed,HE,KORF,0,0,0,0,2025-01-08 10:02:44.348000,0.617,,,2025-01-08 10:02:40.000000,2025-01-08 10:03:40.000000,eqcct_explosions_th0_1/20250108T100240Z_20250108T100340Z/KORF_outputs/X_prediction_results.csv
RAF/HE.RAF..HHN__20250108T100244Z__20250108T100344Z.mseed,HE,RAF,0,0,0,0,2025-01-08 10:02:48.580000,0.343,,,2025-01-08 10:02:44.000000,2025-01-08 10:03:44.000000,eqcct_explosions_th0_1/20250108T100244Z_20250108T100344Z/RAF_outputs/X_prediction_results.csv
LOVF/HE.LOVF..CHE__20250108T104230Z__20250108T104330Z.mseed,HE,LOVF,0,0,0,0,2025-01-08 10:42:35.782000,0.908,2025-01-08 10:42:38.542000,0.819,2025-01-08 10:42:30.000000,2025-01-08 10:43:30.000000,eqcct_explosions_th0_1/20250108T104230Z_20250108T104330Z/LOVF_outputs/X_prediction_results.csv
PVF/HE.PVF..CHE__20250108T104234Z__20250108T104334Z.mseed,HE,PVF,0,0,0,0,2025-01-08 10:42:39.602000,0.912,2025-01-08 10:42:45.092000,0.692,2025-01-08 10:42:34.000000,2025-01-08 10:43:34.000000,eqcct_explosions_th0_1/20250108T104234Z_20250108T104334Z/PVF_outputs/X_prediction_results.csv
KY02/HE.KY02..CHZ__20250108T104235Z__20250108T104335Z.mseed,HE,KY02,0,0,0,0,2025-01-08 10:42:40.792000,0.853,2025-01-08 10:42:47.282000,0.812,2025-01-08 10:42:35.000000,2025-01-08 10:43:35.000000,eqcct_explosions_th0_1/20250108T104235Z_20250108T104335Z/KY02_outputs/X_prediction_results.csv
VJF/HE.VJF..HHZ__20250108T104235Z__20250108T104335Z.mseed,HE,VJF,0,0,0,0,2025-01-08 10:42:40.072000,0.923,2025-01-08 10:42:45.932000,0.653,2025-01-08 10:42:35.000000,2025-01-08 10:43:35.000000,eqcct_explosions_th0_1/20250108T104235Z_20250108T104335Z/VJF_outputs/X_prediction_results.csv
KY17/HE.KY17..CHN__20250108T104236Z__20250108T104336Z.mseed,HE,KY17,0,0,0,0,2025-01-08 10:42:41.000000,0.946,2025-01-08 10:42:47.510000,0.806,2025-01-08 10:42:36.000000,2025-01-08 10:43:36.000000,eqcct_explosions_th0_1/20250108T104236Z_20250108T104336Z/KY17_outputs/X_prediction_results.csv
VUOS/HE.VUOS..HHE__20250108T104242Z__20250108T104342Z.mseed,HE,VUOS,0,0,0,0,2025-01-08 10:42:47.032000,0.913,2025-01-08 10:43:02.402000,0.337,2025-01-08 10:42:42.000000,2025-01-08 10:43:42.000000,eqcct_explosions_th0_1/20250108T104242Z_20250108T104342Z/VUOS_outputs/X_prediction_results.csv
RSUO/HE.RSUO..HHE__20250108T104243Z__20250108T104343Z.mseed,HE,RSUO,0,0,0,0,2025-01-08 10:42:48.852000,0.273,,,2025-01-08 10:42:43.000000,2025-01-08 10:43:43.000000,eqcct_explosions_th0_1/20250108T104243Z_20250108T104343Z/RSUO_outputs/X_prediction_results.csv
KUNI/HE.KUNI..HHN__20250108T104243Z__20250108T104343Z.mseed,HE,KUNI,0,0,0,0,2025-01-08 10:42:48.552000,0.266,,,2025-01-08 10:42:43.000000,2025-01-08 10:43:43.000000,eqcct_explosions_th0_1/20250108T104243Z_20250108T104343Z/KUNI_outputs/X_prediction_results.csv
LAUT/HE.LAUT..HHE__20250108T104244Z__20250108T104344Z.mseed,HE,LAUT,0,0,0,0,2025-01-08 10:42:49.872000,0.819,,,2025-01-08 10:42:44.000000,2025-01-08 10:43:44.000000,eqcct_explosions_th0_1/20250108T104244Z_20250108T104344Z/LAUT_outputs/X_prediction_results.csv
HEL1/HE.HEL1..HHZ__20250108T104244Z__20250108T104344Z.mseed,HE,HEL1,0,0,0,0,2025-01-08 10:42:48.280000,0.412,,,2025-01-08 10:42:44.000000,2025-01-08 10:43:44.000000,eqcct_explosions_th0_1/20250108T104244Z_20250108T104344Z/HEL1_outputs/X_prediction_results.csv
FIA0/HE.FIA0..HHN__20250108T104245Z__20250108T104345Z.mseed,HE,FIA0,0,0,0,0,2025-01-08 10:42:50.270000,0.889,2025-01-08 10:43:03.990000,0.541,2025-01-08 10:42:45.000000,2025-01-08 10:43:45.000000,eqcct_explosions_th0_1/20250108T104245Z_20250108T104345Z/FIA0_outputs/X_prediction_results.csv
FIA1/HE.FIA1..HHN__20250108T104245Z__20250108T104345Z.mseed,HE,FIA1,0,0,0,0,2025-01-08 10:42:50.270000,0.918,2025-01-08 10:43:03.930000,0.466,2025-01-08 10:42:45.000000,2025-01-08 10:43:45.000000,eqcct_explosions_th0_1/20250108T104245Z_20250108T104345Z/FIA1_outputs/X_prediction_results.csv
NUR/HE.NUR..HHZ__20250108T104245Z__20250108T104345Z.mseed,HE,NUR,0,0,0,0,2025-01-08 10:42:50.332000,0.882,2025-01-08 10:43:10.342000,0.177,2025-01-08 10:42:45.000000,2025-01-08 10:43:45.000000,eqcct_explosions_th0_1/20250108T104245Z_20250108T104345Z/NUR_outputs/X_prediction_results.csv
HEL5/HE.HEL5..HHN__20250108T104246Z__20250108T104346Z.mseed,HE,HEL5,0,0,0,0,2025-01-08 10:42:51.060000,0.923,,,2025-01-08 10:42:46.000000,2025-01-08 10:43:46.000000,eqcct_explosions_th0_1/20250108T104246Z_20250108T104346Z/HEL5_outputs/X_prediction_results.csv
MEF/HE.MEF..HHN__20250108T104248Z__20250108T104348Z.mseed,HE,MEF,0,0,0,0,2025-01-08 10:42:53.270000,0.901,2025-01-08 10:43:09.020000,0.103,2025-01-08 10:42:48.000000,2025-01-08 10:43:48.000000,eqcct_explosions_th0_1/20250108T104248Z_20250108T104348Z/MEF_outputs/X_prediction_results.csv
RUF/HE.RUF..HHE__20250108T104252Z__20250108T104352Z.mseed,HE,RUF,0,0,0,0,2025-01-08 10:42:56.860000,0.518,2025-01-08 10:43:19.700000,0.283,2025-01-08 10:42:52.000000,2025-01-08 10:43:52.000000,eqcct_explosions_th0_1/20250108T104252Z_20250108T104352Z/RUF_outputs/X_prediction_results.csv
KAF/HE.KAF..HHN__20250108T104256Z__20250108T104356Z.mseed,HE,KAF,0,0,0,0,2025-01-08 10:43:01.250000,0.61,2025-01-08 10:43:24.630000,0.54,2025-01-08 10:42:56.000000,2025-01-08 10:43:56.000000,eqcct_explosions_th0_1/20250108T104256Z_20250108T104356Z/KAF_outputs/X_prediction_results.csv
TRE03/HE.TRE03..CHZ__20250108T104256Z__20250108T104356Z.mseed,HE,TRE03,0,0,0,0,2025-01-08 10:43:01.720000,0.733,2025-01-08 10:43:23.870000,0.421,2025-01-08 10:42:56.000000,2025-01-08 10:43:56.000000,eqcct_explosions_th0_1/20250108T104256Z_20250108T104356Z/TRE03_outputs/X_prediction_results.csv
KEF/HE.KEF..HHZ__20250108T104300Z__20250108T104400Z.mseed,HE,KEF,0,0,0,0,2025-01-08 10:43:05.670000,0.684,2025-01-08 10:43:31.660000,0.316,2025-01-08 10:43:00.000000,2025-01-08 10:44:00.000000,eqcct_explosions_th0_1/20250108T104300Z_20250108T104400Z/KEF_outputs/X_prediction_results.csv
NIF/HE.NIF..HHZ__20250108T120151Z__20250108T120251Z.mseed,HE,NIF,0,0,0,0,2025-01-08 12:01:56.180000,0.9,2025-01-08 12:02:05.610000,0.205,2025-01-08 12:01:51.000000,2025-01-08 12:02:51.000000,eqcct_explosions_th0_1/20250108T120151Z_20250108T120251Z/NIF_outputs/X_prediction_results.csv
RMF/HE.RMF..HHN__20250108T120153Z__20250108T120253Z.mseed,HE,RMF,0,0,0,0,2025-01-08 12:01:58.050000,0.738,2025-01-08 12:02:08.110000,0.303,2025-01-08 12:01:53.000000,2025-01-08 12:02:53.000000,eqcct_explosions_th0_1/20250108T120153Z_20250108T120253Z/RMF_outputs/X_prediction_results.csv
OUF/HE.OUF..HHZ__20250108T120204Z__20250108T120304Z.mseed,HE,OUF,0,0,0,0,2025-01-08 12:02:09.880000,0.781,,,2025-01-08 12:02:04.000000,2025-01-08 12:03:04.000000,eqcct_explosions_th0_1/20250108T120204Z_20250108T120304Z/OUF_outputs/X_prediction_results.csv
KU1/HE.KU1..SHN__20250108T120206Z__20250108T120306Z.mseed,HE,KU1,0,0,0,0,2025-01-08 12:02:11.480000,0.908,,,2025-01-08 12:02:06.000000,2025-01-08 12:03:06.000000,eqcct_explosions_th0_1/20250108T120206Z_20250108T120306Z/KU1_outputs/X_prediction_results.csv
KU2/HE.KU2..SHE__20250108T120207Z__20250108T120307Z.mseed,HE,KU2,0,0,0,0,2025-01-08 12:02:12.080000,0.297,2025-01-08 12:02:33.430000,0.1,2025-01-08 12:02:07.000000,2025-01-08 12:03:07.000000,eqcct_explosions_th0_1/20250108T120207Z_20250108T120307Z/KU2_outputs/X_prediction_results.csv
OBF3/HE.OBF3..HHZ__20250108T120207Z__20250108T120307Z.mseed,HE,OBF3,0,0,0,0,2025-01-08 12:02:12.480000,0.777,2025-01-08 12:02:33.030000,0.162,2025-01-08 12:02:07.000000,2025-01-08 12:03:07.000000,eqcct_explosions_th0_1/20250108T120207Z_20250108T120307Z/OBF3_outputs/X_prediction_results.csv
SUF/HE.SUF..HHN__20250108T120207Z__20250108T120307Z.mseed,HE,SUF,0,0,0,0,2025-01-08 12:02:12.780000,0.917,2025-01-08 12:02:34.610000,0.394,2025-01-08 12:02:07.000000,2025-01-08 12:03:07.000000,eqcct_explosions_th0_1/20250108T120207Z_20250108T120307Z/SUF_outputs/X_prediction_results.csv
OBF0/HE.OBF0..HHE__20250108T120209Z__20250108T120309Z.mseed,HE,OBF0,0,0,0,0,2025-01-08 12:02:14.080000,0.607,2025-01-08 12:02:36.150000,0.377,2025-01-08 12:02:09.000000,2025-01-08 12:03:09.000000,eqcct_explosions_th0_1/20250108T120209Z_20250108T120309Z/OBF0_outputs/X_prediction_results.csv
JOF/HE.JOF..HHN__20250108T120211Z__20250108T120311Z.mseed,HE,JOF,0,0,0,0,2025-01-08 12:02:16.630000,0.516,2025-01-08 12:02:40.540000,0.242,2025-01-08 12:02:11.000000,2025-01-08 12:03:11.000000,eqcct_explosions_th0_1/20250108T120211Z_20250108T120311Z/JOF_outputs/X_prediction_results.csv
RANF/FN.RANF..HHE__20250108T120213Z__20250108T120313Z.mseed,FN,RANF,0,0,0,0,2025-01-08 12:02:18.600000,0.864,2025-01-08 12:02:30.010000,0.642,2025-01-08 12:02:13.000000,2025-01-08 12:03:13.000000,eqcct_explosions_th0_1/20250108T120213Z_20250108T120313Z/RANF_outputs/X_prediction_results.csv
KU6/HE.KU6..HHE__20250108T120214Z__20250108T120314Z.mseed,HE,KU6,0,0,0,0,2025-01-08 12:02:18.780000,0.774,,,2025-01-08 12:02:14.000000,2025-01-08 12:03:14.000000,eqcct_explosions_th0_1/20250108T120214Z_20250108T120314Z/KU6_outputs/X_prediction_results.csv
KAF/HE.KAF..HHE__20250108T120216Z__20250108T120316Z.mseed,HE,KAF,0,0,0,0,2025-01-08 12:02:21.550000,0.652,2025-01-08 12:02:50.280000,0.717,2025-01-08 12:02:16.000000,2025-01-08 12:03:16.000000,eqcct_explosions_th0_1/20250108T120216Z_20250108T120316Z/KAF_outputs/X_prediction_results.csv
KEF/HE.KEF..HHZ__20250108T120220Z__20250108T120320Z.mseed,HE,KEF,0,0,0,0,2025-01-08 12:02:24.980000,0.747,2025-01-08 12:02:57.280000,0.153,2025-01-08 12:02:20.000000,2025-01-08 12:03:20.000000,eqcct_explosions_th0_1/20250108T120220Z_20250108T120320Z/KEF_outputs/X_prediction_results.csv
VAF/HE.VAF..HHN__20250108T120224Z__20250108T120324Z.mseed,HE,VAF,0,0,0,0,2025-01-08 12:02:28.380000,0.69,,,2025-01-08 12:02:24.000000,2025-01-08 12:03:24.000000,eqcct_explosions_th0_1/20250108T120224Z_20250108T120324Z/VAF_outputs/X_prediction_results.csv
VRF/HE.VRF..HHZ__20250108T120925Z__20250108T121025Z.mseed,HE,VRF,0,0,0,0,2025-01-08 12:09:30.850000,0.876,2025-01-08 12:09:35.890000,0.438,2025-01-08 12:09:25.000000,2025-01-08 12:10:25.000000,eqcct_explosions_th0_1/20250108T120925Z_20250108T121025Z/VRF_outputs/X_prediction_results.csv
RAJF/FN.RAJF..HHE__20250108T120941Z__20250108T121041Z.mseed,FN,RAJF,0,0,0,0,2025-01-08 12:09:45.960000,0.716,2025-01-08 12:10:01.720000,0.268,2025-01-08 12:09:41.000000,2025-01-08 12:10:41.000000,eqcct_explosions_th0_1/20250108T120941Z_20250108T121041Z/RAJF_outputs/X_prediction_results.csv
OLKF/FN.OLKF..HHE__20250108T120943Z__20250108T121043Z.mseed,FN,OLKF,0,0,0,0,2025-01-08 12:09:48.100000,0.86,2025-01-08 12:10:04.970000,0.553,2025-01-08 12:09:43.000000,2025-01-08 12:10:43.000000,eqcct_explosions_th0_1/20250108T120943Z_20250108T121043Z/OLKF_outputs/X_prediction_results.csv
KU6/HE.KU6..HHZ__20250108T120947Z__20250108T121047Z.mseed,HE,KU6,0,0,0,0,2025-01-08 12:09:52.260000,0.813,2025-01-08 12:10:12.650000,0.317,2025-01-08 12:09:47.000000,2025-01-08 12:10:47.000000,eqcct_explosions_th0_1/20250108T120947Z_20250108T121047Z/KU6_outputs/X_prediction_results.csv
KU2/HE.KU2..SHZ__20250108T120955Z__20250108T121055Z.mseed,HE,KU2,0,0,0,0,2025-01-08 12:09:59.880000,0.727,,,2025-01-08 12:09:55.000000,2025-01-08 12:10:55.000000,eqcct_explosions_th0_1/20250108T120955Z_20250108T121055Z/KU2_outputs/X_prediction_results.csv
KU1/HE.KU1..SHN__20250108T120955Z__20250108T121055Z.mseed,HE,KU1,0,0,0,0,2025-01-08 12:10:00.700000,0.562,,,2025-01-08 12:09:55.000000,2025-01-08 12:10:55.000000,eqcct_explosions_th0_1/20250108T120955Z_20250108T121055Z/KU1_outputs/X_prediction_results.csv
RANF/FN.RANF..BHZ__20250108T120956Z__20250108T121056Z.mseed,FN,RANF,0,0,0,0,2025-01-08 12:10:01.750000,0.715,2025-01-08 12:10:29.410000,0.29,2025-01-08 12:09:56.000000,2025-01-08 12:10:56.000000,eqcct_explosions_th0_1/20250108T120956Z_20250108T121056Z/RANF_outputs/X_prediction_results.csv
KLF/FN.KLF..HHZ__20250108T121001Z__20250108T121101Z.mseed,FN,KLF,0,0,0,0,2025-01-08 12:10:06.270000,0.577,,,2025-01-08 12:10:01.000000,2025-01-08 12:11:01.000000,eqcct_explosions_th0_1/20250108T121001Z_20250108T121101Z/KLF_outputs/X_prediction_results.csv
KEV/HE.KEV..HHN__20250108T121002Z__20250108T121102Z.mseed,HE,KEV,0,0,0,0,2025-01-08 12:10:06.020000,0.682,,,2025-01-08 12:10:02.000000,2025-01-08 12:11:02.000000,eqcct_explosions_th0_1/20250108T121002Z_20250108T121102Z/KEV_outputs/X_prediction_results.csv
HEF/HE.HEF..HHZ__20250108T121005Z__20250108T121105Z.mseed,HE,HEF,0,0,0,0,2025-01-08 12:10:09.630000,0.56,,,2025-01-08 12:10:05.000000,2025-01-08 12:11:05.000000,eqcct_explosions_th0_1/20250108T121005Z_20250108T121105Z/HEF_outputs/X_prediction_results.csv
TOF/HE.TOF..HHN__20250108T121045Z__20250108T121145Z.mseed,HE,TOF,0,0,0,0,2025-01-08 12:10:49.730000,0.348,,,2025-01-08 12:10:45.000000,2025-01-08 12:11:45.000000,eqcct_explosions_th0_1/20250108T121045Z_20250108T121145Z/TOF_outputs/X_prediction_results.csv
TRE03/HE.TRE03..CHZ__20250108T124719Z__20250108T124819Z.mseed,HE,TRE03,0,0,0,0,2025-01-08 12:47:24.896000,0.966,2025-01-08 12:47:27.246000,0.603,2025-01-08 12:47:19.000000,2025-01-08 12:48:19.000000,eqcct_explosions_th0_1/20250108T124719Z_20250108T124819Z/TRE03_outputs/X_prediction_results.csv
KEF/HE.KEF..HHN__20250108T124731Z__20250108T124831Z.mseed,HE,KEF,0,0,0,0,2025-01-08 12:47:36.900000,0.911,,,2025-01-08 12:47:31.000000,2025-01-08 12:48:31.000000,eqcct_explosions_th0_1/20250108T124731Z_20250108T124831Z/KEF_outputs/X_prediction_results.csv
FIA0/HE.FIA0..HHE__20250108T124736Z__20250108T124836Z.mseed,HE,FIA0,0,0,0,0,2025-01-08 12:47:41.590000,0.746,2025-01-08 12:47:55.220000,0.283,2025-01-08 12:47:36.000000,2025-01-08 12:48:36.000000,eqcct_explosions_th0_1/20250108T124736Z_20250108T124836Z/FIA0_outputs/X_prediction_results.csv
FIA1/HE.FIA1..HHE__20250108T124736Z__20250108T124836Z.mseed,HE,FIA1,0,0,0,0,2025-01-08 12:47:41.590000,0.637,2025-01-08 12:47:56.450000,0.31,2025-01-08 12:47:36.000000,2025-01-08 12:48:36.000000,eqcct_explosions_th0_1/20250108T124736Z_20250108T124836Z/FIA1_outputs/X_prediction_results.csv
KPF/HE.KPF..HHE__20250108T124736Z__20250108T124836Z.mseed,HE,KPF,0,0,0,0,2025-01-08 12:47:40.756000,0.845,,,2025-01-08 12:47:36.000000,2025-01-08 12:48:36.000000,eqcct_explosions_th0_1/20250108T124736Z_20250108T124836Z/KPF_outputs/X_prediction_results.csv
NUR/HE.NUR..HHE__20250108T124738Z__20250108T124838Z.mseed,HE,NUR,0,0,0,0,2025-01-08 12:47:43.624000,0.36,,,2025-01-08 12:47:38.000000,2025-01-08 12:48:38.000000,eqcct_explosions_th0_1/20250108T124738Z_20250108T124838Z/NUR_outputs/X_prediction_results.csv
KAF/HE.KAF..HHZ__20250108T124740Z__20250108T124840Z.mseed,HE,KAF,0,0,0,0,2025-01-08 12:47:45.580000,0.862,2025-01-08 12:48:02.610000,0.129,2025-01-08 12:47:40.000000,2025-01-08 12:48:40.000000,eqcct_explosions_th0_1/20250108T124740Z_20250108T124840Z/KAF_outputs/X_prediction_results.csv
RAF/HE.RAF..HHN__20250108T124740Z__20250108T124840Z.mseed,HE,RAF,0,0,0,0,2025-01-08 12:47:45.590000,0.832,,,2025-01-08 12:47:40.000000,2025-01-08 12:48:40.000000,eqcct_explosions_th0_1/20250108T124740Z_20250108T124840Z/RAF_outputs/X_prediction_results.csv
PVF/HE.PVF..CHE__20250108T124742Z__20250108T124842Z.mseed,HE,PVF,0,0,0,0,2025-01-08 12:47:46.840000,0.402,,,2025-01-08 12:47:42.000000,2025-01-08 12:48:42.000000,eqcct_explosions_th0_1/20250108T124742Z_20250108T124842Z/PVF_outputs/X_prediction_results.csv
MEF/HE.MEF..HHZ__20250108T124743Z__20250108T124843Z.mseed,HE,MEF,0,0,0,0,2025-01-08 12:47:48.210000,0.411,,,2025-01-08 12:47:43.000000,2025-01-08 12:48:43.000000,eqcct_explosions_th0_1/20250108T124743Z_20250108T124843Z/MEF_outputs/X_prediction_results.csv
LOVF/HE.LOVF..CHE__20250108T124746Z__20250108T124846Z.mseed,HE,LOVF,0,0,0,0,2025-01-08 12:47:51.784000,0.67,2025-01-08 12:47:52.264000,0.117,2025-01-08 12:47:46.000000,2025-01-08 12:48:46.000000,eqcct_explosions_th0_1/20250108T124746Z_20250108T124846Z/LOVF_outputs/X_prediction_results.csv
KY17/HE.KY17..CHZ__20250108T124746Z__20250108T124846Z.mseed,HE,KY17,0,0,0,0,2025-01-08 12:47:51.784000,0.657,2025-01-08 12:48:14.444000,0.325,2025-01-08 12:47:46.000000,2025-01-08 12:48:46.000000,eqcct_explosions_th0_1/20250108T124746Z_20250108T124846Z/KY17_outputs/X_prediction_results.csv
SUF/HE.SUF..HHZ__20250108T124746Z__20250108T124846Z.mseed,HE,SUF,0,0,0,0,2025-01-08 12:47:50.088000,0.919,2025-01-08 12:48:12.038000,0.128,2025-01-08 12:47:46.000000,2025-01-08 12:48:46.000000,eqcct_explosions_th0_1/20250108T124746Z_20250108T124846Z/SUF_outputs/X_prediction_results.csv
VAF/HE.VAF..HHN__20250108T124747Z__20250108T124847Z.mseed,HE,VAF,0,0,0,0,2025-01-08 12:47:52.940000,0.875,2025-01-08 12:48:15.330000,0.47,2025-01-08 12:47:47.000000,2025-01-08 12:48:47.000000,eqcct_explosions_th0_1/20250108T124747Z_20250108T124847Z/VAF_outputs/X_prediction_results.csv
ALAJF/HE.ALAJF..HHZ__20250108T124747Z__20250108T124847Z.mseed,HE,ALAJF,0,0,0,0,2025-01-08 12:47:52.016000,0.887,2025-01-08 12:48:06.136000,0.143,2025-01-08 12:47:47.000000,2025-01-08 12:48:47.000000,eqcct_explosions_th0_1/20250108T124747Z_20250108T124847Z/ALAJF_outputs/X_prediction_results.csv
KORF/HE.KORF..CHZ__20250108T124752Z__20250108T124852Z.mseed,HE,KORF,0,0,0,0,2025-01-08 12:47:57.584000,0.467,,,2025-01-08 12:47:52.000000,2025-01-08 12:48:52.000000,eqcct_explosions_th0_1/20250108T124752Z_20250108T124852Z/KORF_outputs/X_prediction_results.csv
MEF/HE.MEF..HHN__20250108T130000Z__20250108T130100Z.mseed,HE,MEF,0,0,0,0,2025-01-08 13:00:05.440000,0.949,2025-01-08 13:00:06.760000,0.856,2025-01-08 13:00:00.000000,2025-01-08 13:01:00.000000,eqcct_explosions_th0_1/20250108T130000Z_20250108T130100Z/MEF_outputs/X_prediction_results.csv
NUR/HE.NUR..HHE__20250108T130003Z__20250108T130103Z.mseed,HE,NUR,0,0,0,0,2025-01-08 13:00:08.552000,0.942,2025-01-08 13:00:12.672000,0.634,2025-01-08 13:00:03.000000,2025-01-08 13:01:03.000000,eqcct_explosions_th0_1/20250108T130003Z_20250108T130103Z/NUR_outputs/X_prediction_results.csv
HEL5/HE.HEL5..HHN__20250108T130003Z__20250108T130103Z.mseed,HE,HEL5,0,0,0,0,2025-01-08 13:00:08.916000,0.955,2025-01-08 13:00:12.866000,0.568,2025-01-08 13:00:03.000000,2025-01-08 13:01:03.000000,eqcct_explosions_th0_1/20250108T130003Z_20250108T130103Z/HEL5_outputs/X_prediction_results.csv
KUNI/HE.KUNI..HHN__20250108T130004Z__20250108T130104Z.mseed,HE,KUNI,0,0,0,0,2025-01-08 13:00:09.232000,0.919,2025-01-08 13:00:13.512000,0.751,2025-01-08 13:00:04.000000,2025-01-08 13:01:04.000000,eqcct_explosions_th0_1/20250108T130004Z_20250108T130104Z/KUNI_outputs/X_prediction_results.csv
LAUT/HE.LAUT..HHZ__20250108T130004Z__20250108T130104Z.mseed,HE,LAUT,0,0,0,0,2025-01-08 13:00:09.412000,0.944,2025-01-08 13:00:13.712000,0.702,2025-01-08 13:00:04.000000,2025-01-08 13:01:04.000000,eqcct_explosions_th0_1/20250108T130004Z_20250108T130104Z/LAUT_outputs/X_prediction_results.csv
HEL1/HE.HEL1..HHN__20250108T130004Z__20250108T130104Z.mseed,HE,HEL1,0,0,0,0,2025-01-08 13:00:08.480000,0.763,2025-01-08 13:00:13.540000,0.654,2025-01-08 13:00:04.000000,2025-01-08 13:01:04.000000,eqcct_explosions_th0_1/20250108T130004Z_20250108T130104Z/HEL1_outputs/X_prediction_results.csv
VUOS/HE.VUOS..HHZ__20250108T130006Z__20250108T130106Z.mseed,HE,VUOS,0,0,0,0,2025-01-08 13:00:11.800000,0.861,2025-01-08 13:00:17.440000,0.378,2025-01-08 13:00:06.000000,2025-01-08 13:01:06.000000,eqcct_explosions_th0_1/20250108T130006Z_20250108T130106Z/VUOS_outputs/X_prediction_results.csv
TVF/HE.TVF..HHN__20250108T130011Z__20250108T130111Z.mseed,HE,TVF,0,0,0,0,2025-01-08 13:00:16.356000,0.47,,,2025-01-08 13:00:11.000000,2025-01-08 13:01:11.000000,eqcct_explosions_th0_1/20250108T130011Z_20250108T130111Z/TVF_outputs/X_prediction_results.csv
RAF/HE.RAF..HHZ__20250108T133419Z__20250108T133519Z.mseed,HE,RAF,0,0,0,0,2025-01-08 13:34:24.180000,0.846,2025-01-08 13:34:32.920000,0.789,2025-01-08 13:34:19.000000,2025-01-08 13:35:19.000000,eqcct_explosions_th0_1/20250108T133419Z_20250108T133519Z/RAF_outputs/X_prediction_results.csv
TVF/HE.TVF..HHE__20250108T133421Z__20250108T133521Z.mseed,HE,TVF,0,0,0,0,2025-01-08 13:34:26.672000,0.866,,,2025-01-08 13:34:21.000000,2025-01-08 13:35:21.000000,eqcct_explosions_th0_1/20250108T133421Z_20250108T133521Z/TVF_outputs/X_prediction_results.csv
KORF/HE.KORF..CHE__20250108T133425Z__20250108T133525Z.mseed,HE,KORF,0,0,0,0,2025-01-08 13:34:30.950000,0.232,,,2025-01-08 13:34:25.000000,2025-01-08 13:35:25.000000,eqcct_explosions_th0_1/20250108T133425Z_20250108T133525Z/KORF_outputs/X_prediction_results.csv
KPF/HE.KPF..HHZ__20250108T133432Z__20250108T133532Z.mseed,HE,KPF,0,0,0,0,2025-01-08 13:34:37.640000,0.749,2025-01-08 13:34:56.210000,0.243,2025-01-08 13:34:32.000000,2025-01-08 13:35:32.000000,eqcct_explosions_th0_1/20250108T133432Z_20250108T133532Z/KPF_outputs/X_prediction_results.csv
TRE03/HE.TRE03..CHE__20250108T133433Z__20250108T133533Z.mseed,HE,TRE03,0,0,0,0,2025-01-08 13:34:38.950000,0.741,2025-01-08 13:34:58.250000,0.233,2025-01-08 13:34:33.000000,2025-01-08 13:35:33.000000,eqcct_explosions_th0_1/20250108T133433Z_20250108T133533Z/TRE03_outputs/X_prediction_results.csv
ECKF/HE.ECKF..CHE__20250108T133435Z__20250108T133535Z.mseed,HE,ECKF,0,0,0,0,2025-01-08 13:34:39.220000,0.918,,,2025-01-08 13:34:35.000000,2025-01-08 13:35:35.000000,eqcct_explosions_th0_1/20250108T133435Z_20250108T133535Z/ECKF_outputs/X_prediction_results.csv
PVF/HE.PVF..CHE__20250108T133439Z__20250108T133539Z.mseed,HE,PVF,0,0,0,0,2025-01-08 13:34:43.500000,0.846,,,2025-01-08 13:34:39.000000,2025-01-08 13:35:39.000000,eqcct_explosions_th0_1/20250108T133439Z_20250108T133539Z/PVF_outputs/X_prediction_results.csv
FIA0/HE.FIA0..HHE__20250108T133444Z__20250108T133544Z.mseed,HE,FIA0,0,0,0,0,2025-01-08 13:34:49.100000,0.784,2025-01-08 13:35:16.270000,0.233,2025-01-08 13:34:44.000000,2025-01-08 13:35:44.000000,eqcct_explosions_th0_1/20250108T133444Z_20250108T133544Z/FIA0_outputs/X_prediction_results.csv
KEF/HE.KEF..HHN__20250108T133512Z__20250108T133612Z.mseed,HE,KEF,0,0,0,0,2025-01-08 13:35:16.690000,0.473,2025-01-08 13:35:19.180000,0.497,2025-01-08 13:35:12.000000,2025-01-08 13:36:12.000000,eqcct_explosions_th0_1/20250108T133512Z_20250108T133612Z/KEF_outputs/X_prediction_results.csv
KAF/HE.KAF..HHZ__20250108T133524Z__20250108T133624Z.mseed,HE,KAF,0,0,0,0,2025-01-08 13:35:29.050000,0.319,2025-01-08 13:35:29.550000,0.174,2025-01-08 13:35:24.000000,2025-01-08 13:36:24.000000,eqcct_explosions_th0_1/20250108T133524Z_20250108T133624Z/KAF_outputs/X_prediction_results.csv
SUF/HE.SUF..HHZ__20250108T133534Z__20250108T133634Z.mseed,HE,SUF,0,0,0,0,2025-01-08 13:35:38.200000,0.549,,,2025-01-08 13:35:34.000000,2025-01-08 13:36:34.000000,eqcct_explosions_th0_1/20250108T133534Z_20250108T133634Z/SUF_outputs/X_prediction_results.csv
HEF/HE.HEF..HHZ__20250108T164407Z__20250108T164507Z.mseed,HE,HEF,0,0,0,0,2025-01-08 16:44:12.300000,0.728,,,2025-01-08 16:44:07.000000,2025-01-08 16:45:07.000000,eqcct_explosions_th0_1/20250108T164407Z_20250108T164507Z/HEF_outputs/X_prediction_results.csv
KLF/FN.KLF..HHZ__20250108T164409Z__20250108T164509Z.mseed,FN,KLF,0,0,0,0,2025-01-08 16:44:13.150000,0.758,,,2025-01-08 16:44:09.000000,2025-01-08 16:45:09.000000,eqcct_explosions_th0_1/20250108T164409Z_20250108T164509Z/KLF_outputs/X_prediction_results.csv
RAJF/FN.RAJF..BHN__20250108T164415Z__20250108T164515Z.mseed,FN,RAJF,0,0,0,0,2025-01-08 16:44:20.700000,0.108,,,2025-01-08 16:44:15.000000,2025-01-08 16:45:15.000000,eqcct_explosions_th0_1/20250108T164415Z_20250108T164515Z/RAJF_outputs/X_prediction_results.csv
KMNF/FN.KMNF..BHN__20250108T164418Z__20250108T164518Z.mseed,FN,KMNF,0,0,0,0,2025-01-08 16:44:22.000000,0.691,,,2025-01-08 16:44:18.000000,2025-01-08 16:45:18.000000,eqcct_explosions_th0_1/20250108T164418Z_20250108T164518Z/KMNF_outputs/X_prediction_results.csv
VRF/HE.VRF..HHN__20250108T164422Z__20250108T164522Z.mseed,HE,VRF,0,0,0,0,2025-01-08 16:44:26.660000,0.526,,,2025-01-08 16:44:22.000000,2025-01-08 16:45:22.000000,eqcct_explosions_th0_1/20250108T164422Z_20250108T164522Z/VRF_outputs/X_prediction_results.csv
KEV/HE.KEV..HHZ__20250108T164427Z__20250108T164527Z.mseed,HE,KEV,0,0,0,0,2025-01-08 16:44:33.560000,0.473,,,2025-01-08 16:44:27.000000,2025-01-08 16:45:27.000000,eqcct_explosions_th0_1/20250108T164427Z_20250108T164527Z/KEV_outputs/X_prediction_results.csv
RANF/FN.RANF..HHZ__20250108T164428Z__20250108T164528Z.mseed,FN,RANF,0,0,0,0,2025-01-08 16:44:32.700000,0.739,,,2025-01-08 16:44:28.000000,2025-01-08 16:45:28.000000,eqcct_explosions_th0_1/20250108T164428Z_20250108T164528Z/RANF_outputs/X_prediction_results.csv
KIF/HE.KIF..HHN__20250108T164428Z__20250108T164528Z.mseed,HE,KIF,0,0,0,0,2025-01-08 16:44:32.490000,0.301,,,2025-01-08 16:44:28.000000,2025-01-08 16:45:28.000000,eqcct_explosions_th0_1/20250108T164428Z_20250108T164528Z/KIF_outputs/X_prediction_results.csv
OLKF/FN.OLKF..BHN__20250108T164433Z__20250108T164533Z.mseed,FN,OLKF,0,0,0,0,2025-01-08 16:44:38.350000,0.357,,,2025-01-08 16:44:33.000000,2025-01-08 16:45:33.000000,eqcct_explosions_th0_1/20250108T164433Z_20250108T164533Z/OLKF_outputs/X_prediction_results.csv
KU1/HE.KU1..SHN__20250109T100336Z__20250109T100436Z.mseed,HE,KU1,0,0,0,0,2025-01-09 10:03:41.780000,0.934,2025-01-09 10:03:45.550000,0.834,2025-01-09 10:03:36.000000,2025-01-09 10:04:36.000000,eqcct_explosions_th0_1/20250109T100336Z_20250109T100436Z/KU1_outputs/X_prediction_results.csv
KU2/HE.KU2..SHE__20250109T100338Z__20250109T100438Z.mseed,HE,KU2,0,0,0,0,2025-01-09 10:03:43.950000,0.811,2025-01-09 10:03:49.270000,0.597,2025-01-09 10:03:38.000000,2025-01-09 10:04:38.000000,eqcct_explosions_th0_1/20250109T100338Z_20250109T100438Z/KU2_outputs/X_prediction_results.csv
KU6/HE.KU6..HHE__20250109T100344Z__20250109T100444Z.mseed,HE,KU6,0,0,0,0,2025-01-09 10:03:49.250000,0.814,2025-01-09 10:03:58.190000,0.659,2025-01-09 10:03:44.000000,2025-01-09 10:04:44.000000,eqcct_explosions_th0_1/20250109T100344Z_20250109T100444Z/KU6_outputs/X_prediction_results.csv
OLKF/FN.OLKF..HHN__20250109T100348Z__20250109T100448Z.mseed,FN,OLKF,0,0,0,0,2025-01-09 10:03:53.070000,0.545,2025-01-09 10:04:05.720000,0.188,2025-01-09 10:03:48.000000,2025-01-09 10:04:48.000000,eqcct_explosions_th0_1/20250109T100348Z_20250109T100448Z/OLKF_outputs/X_prediction_results.csv
RANF/FN.RANF..HHZ__20250109T100351Z__20250109T100451Z.mseed,FN,RANF,0,0,0,0,2025-01-09 10:03:57.180000,0.214,2025-01-09 10:04:08.950000,0.425,2025-01-09 10:03:51.000000,2025-01-09 10:04:51.000000,eqcct_explosions_th0_1/20250109T100351Z_20250109T100451Z/RANF_outputs/X_prediction_results.csv
OBF3/HE.OBF3..HHZ__20250109T100406Z__20250109T100506Z.mseed,HE,OBF3,0,0,0,0,2025-01-09 10:04:10.952000,0.862,2025-01-09 10:04:36.222000,0.211,2025-01-09 10:04:06.000000,2025-01-09 10:05:06.000000,eqcct_explosions_th0_1/20250109T100406Z_20250109T100506Z/OBF3_outputs/X_prediction_results.csv
TOF/HE.TOF..HHN__20250109T100433Z__20250109T100533Z.mseed,HE,TOF,0,0,0,0,2025-01-09 10:04:37.840000,0.195,,,2025-01-09 10:04:33.000000,2025-01-09 10:05:33.000000,eqcct_explosions_th0_1/20250109T100433Z_20250109T100533Z/TOF_outputs/X_prediction_results.csv
NIF/HE.NIF..HHE__20250109T103422Z__20250109T103522Z.mseed,HE,NIF,0,0,0,0,2025-01-09 10:34:27.828000,0.868,2025-01-09 10:34:36.638000,0.671,2025-01-09 10:34:22.000000,2025-01-09 10:35:22.000000,eqcct_explosions_th0_1/20250109T103422Z_20250109T103522Z/NIF_outputs/X_prediction_results.csv
RMF/HE.RMF..HHZ__20250109T103423Z__20250109T103523Z.mseed,HE,RMF,0,0,0,0,2025-01-09 10:34:28.936000,0.766,2025-01-09 10:34:39.236000,0.437,2025-01-09 10:34:23.000000,2025-01-09 10:35:23.000000,eqcct_explosions_th0_1/20250109T103423Z_20250109T103523Z/RMF_outputs/X_prediction_results.csv
JOF/HE.JOF..HHZ__20250109T103429Z__20250109T103529Z.mseed,HE,JOF,0,0,0,0,2025-01-09 10:34:34.480000,0.915,2025-01-09 10:34:48.470000,0.258,2025-01-09 10:34:29.000000,2025-01-09 10:35:29.000000,eqcct_explosions_th0_1/20250109T103429Z_20250109T103529Z/JOF_outputs/X_prediction_results.csv
KAF/HE.KAF..HHE__20250109T103445Z__20250109T103545Z.mseed,HE,KAF,0,0,0,0,2025-01-09 10:34:50.480000,0.724,2025-01-09 10:35:16.600000,0.188,2025-01-09 10:34:45.000000,2025-01-09 10:35:45.000000,eqcct_explosions_th0_1/20250109T103445Z_20250109T103545Z/KAF_outputs/X_prediction_results.csv
KU1/HE.KU1..SHZ__20250109T103446Z__20250109T103546Z.mseed,HE,KU1,0,0,0,0,2025-01-09 10:34:51.268000,0.816,2025-01-09 10:35:17.468000,0.593,2025-01-09 10:34:46.000000,2025-01-09 10:35:46.000000,eqcct_explosions_th0_1/20250109T103446Z_20250109T103546Z/KU1_outputs/X_prediction_results.csv
RUF/HE.RUF..HHE__20250109T103447Z__20250109T103547Z.mseed,HE,RUF,0,0,0,0,2025-01-09 10:34:51.202000,0.443,,,2025-01-09 10:34:47.000000,2025-01-09 10:35:47.000000,eqcct_explosions_th0_1/20250109T103447Z_20250109T103547Z/RUF_outputs/X_prediction_results.csv
OUF/HE.OUF..HHN__20250109T103448Z__20250109T103548Z.mseed,HE,OUF,0,0,0,0,2025-01-09 10:34:53.810000,0.517,,,2025-01-09 10:34:48.000000,2025-01-09 10:35:48.000000,eqcct_explosions_th0_1/20250109T103448Z_20250109T103548Z/OUF_outputs/X_prediction_results.csv
OBF3/HE.OBF3..HHZ__20250109T103452Z__20250109T103552Z.mseed,HE,OBF3,0,0,0,0,2025-01-09 10:34:56.902000,0.575,2025-01-09 10:35:30.092000,0.271,2025-01-09 10:34:52.000000,2025-01-09 10:35:52.000000,eqcct_explosions_th0_1/20250109T103452Z_20250109T103552Z/OBF3_outputs/X_prediction_results.csv
ALAJF/HE.ALAJF..HHE__20250109T103524Z__20250109T103624Z.mseed,HE,ALAJF,0,0,0,0,2025-01-09 10:35:28.196000,0.821,,,2025-01-09 10:35:24.000000,2025-01-09 10:36:24.000000,eqcct_explosions_th0_1/20250109T103524Z_20250109T103624Z/ALAJF_outputs/X_prediction_results.csv
OBF0/HE.OBF0..SHE__20250109T103525Z__20250109T103625Z.mseed,HE,OBF0,0,0,0,0,2025-01-09 10:35:29.174000,0.37,,,2025-01-09 10:35:25.000000,2025-01-09 10:36:25.000000,eqcct_explosions_th0_1/20250109T103525Z_20250109T103625Z/OBF0_outputs/X_prediction_results.csv
TOF/HE.TOF..HHN__20250109T105256Z__20250109T105356Z.mseed,HE,TOF,0,0,0,0,2025-01-09 10:53:01.170000,0.748,2025-01-09 10:53:17.160000,0.265,2025-01-09 10:52:56.000000,2025-01-09 10:53:56.000000,eqcct_explosions_th0_1/20250109T105256Z_20250109T105356Z/TOF_outputs/X_prediction_results.csv
OBF3/HE.OBF3..HHE__20250109T105304Z__20250109T105404Z.mseed,HE,OBF3,0,0,0,0,2025-01-09 10:53:08.206000,0.437,2025-01-09 10:53:31.476000,0.225,2025-01-09 10:53:04.000000,2025-01-09 10:54:04.000000,eqcct_explosions_th0_1/20250109T105304Z_20250109T105404Z/OBF3_outputs/X_prediction_results.csv
OUF/HE.OUF..HHN__20250109T105309Z__20250109T105409Z.mseed,HE,OUF,0,0,0,0,2025-01-09 10:53:13.520000,0.19,2025-01-09 10:53:15.140000,0.625,2025-01-09 10:53:09.000000,2025-01-09 10:54:09.000000,eqcct_explosions_th0_1/20250109T105309Z_20250109T105409Z/OUF_outputs/X_prediction_results.csv
RANF/FN.RANF..HHN__20250109T105312Z__20250109T105412Z.mseed,FN,RANF,0,0,0,0,2025-01-09 10:53:18.260000,0.563,,,2025-01-09 10:53:12.000000,2025-01-09 10:54:12.000000,eqcct_explosions_th0_1/20250109T105312Z_20250109T105412Z/RANF_outputs/X_prediction_results.csv
KLF/FN.KLF..HHZ__20250109T105328Z__20250109T105428Z.mseed,FN,KLF,0,0,0,0,2025-01-09 10:53:32.060000,0.263,2025-01-09 10:53:36.320000,0.206,2025-01-09 10:53:28.000000,2025-01-09 10:54:28.000000,eqcct_explosions_th0_1/20250109T105328Z_20250109T105428Z/KLF_outputs/X_prediction_results.csv
TOF/HE.TOF..HHZ__20250109T105624Z__20250109T105724Z.mseed,HE,TOF,0,0,0,0,2025-01-09 10:56:28.830000,0.83,,,2025-01-09 10:56:24.000000,2025-01-09 10:57:24.000000,eqcct_explosions_th0_1/20250109T105624Z_20250109T105724Z/TOF_outputs/X_prediction_results.csv
OBF3/HE.OBF3..HHN__20250109T105632Z__20250109T105732Z.mseed,HE,OBF3,0,0,0,0,2025-01-09 10:56:37.780000,0.828,,,2025-01-09 10:56:32.000000,2025-01-09 10:57:32.000000,eqcct_explosions_th0_1/20250109T105632Z_20250109T105732Z/OBF3_outputs/X_prediction_results.csv
KLF/FN.KLF..BHN__20250109T105634Z__20250109T105734Z.mseed,FN,KLF,0,0,0,0,2025-01-09 10:56:38.400000,0.743,2025-01-09 10:57:02.000000,0.323,2025-01-09 10:56:34.000000,2025-01-09 10:57:34.000000,eqcct_explosions_th0_1/20250109T105634Z_20250109T105734Z/KLF_outputs/X_prediction_results.csv
RANF/FN.RANF..HHZ__20250109T105641Z__20250109T105741Z.mseed,FN,RANF,0,0,0,0,2025-01-09 10:56:45.050000,0.811,,,2025-01-09 10:56:41.000000,2025-01-09 10:57:41.000000,eqcct_explosions_th0_1/20250109T105641Z_20250109T105741Z/RANF_outputs/X_prediction_results.csv
VUOS/HE.VUOS..HHE__20250109T124802Z__20250109T124902Z.mseed,HE,VUOS,0,0,0,0,2025-01-09 12:48:07.590000,0.901,2025-01-09 12:48:10.500000,0.806,2025-01-09 12:48:02.000000,2025-01-09 12:49:02.000000,eqcct_explosions_th0_1/20250109T124802Z_20250109T124902Z/VUOS_outputs/X_prediction_results.csv
KUNI/HE.KUNI..HHN__20250109T124803Z__20250109T124903Z.mseed,HE,KUNI,0,0,0,0,2025-01-09 12:48:08.272000,0.939,2025-01-09 12:48:11.812000,0.586,2025-01-09 12:48:03.000000,2025-01-09 12:49:03.000000,eqcct_explosions_th0_1/20250109T124803Z_20250109T124903Z/KUNI_outputs/X_prediction_results.csv
PVF/HE.PVF..CHE__20250109T124804Z__20250109T124904Z.mseed,HE,PVF,0,0,0,0,2025-01-09 12:48:09.380000,0.94,2025-01-09 12:48:13.680000,0.712,2025-01-09 12:48:04.000000,2025-01-09 12:49:04.000000,eqcct_explosions_th0_1/20250109T124804Z_20250109T124904Z/PVF_outputs/X_prediction_results.csv
HEL1/HE.HEL1..HHE__20250109T124804Z__20250109T124904Z.mseed,HE,HEL1,0,0,0,0,2025-01-09 12:48:09.690000,0.759,2025-01-09 12:48:13.690000,0.631,2025-01-09 12:48:04.000000,2025-01-09 12:49:04.000000,eqcct_explosions_th0_1/20250109T124804Z_20250109T124904Z/HEL1_outputs/X_prediction_results.csv
NUR/HE.NUR..HHZ__20250109T124805Z__20250109T124905Z.mseed,HE,NUR,0,0,0,0,2025-01-09 12:48:10.760000,0.961,2025-01-09 12:48:15.850000,0.427,2025-01-09 12:48:05.000000,2025-01-09 12:49:05.000000,eqcct_explosions_th0_1/20250109T124805Z_20250109T124905Z/NUR_outputs/X_prediction_results.csv
LAUT/HE.LAUT..HHN__20250109T124805Z__20250109T124905Z.mseed,HE,LAUT,0,0,0,0,2025-01-09 12:48:10.172000,0.845,2025-01-09 12:48:14.522000,0.667,2025-01-09 12:48:05.000000,2025-01-09 12:49:05.000000,eqcct_explosions_th0_1/20250109T124805Z_20250109T124905Z/LAUT_outputs/X_prediction_results.csv
HEL5/HE.HEL5..HHE__20250109T124806Z__20250109T124906Z.mseed,HE,HEL5,0,0,0,0,2025-01-09 12:48:11.380000,0.888,2025-01-09 12:48:16.750000,0.624,2025-01-09 12:48:06.000000,2025-01-09 12:49:06.000000,eqcct_explosions_th0_1/20250109T124806Z_20250109T124906Z/HEL5_outputs/X_prediction_results.csv
MEF/HE.MEF..HHE__20250109T124808Z__20250109T124908Z.mseed,HE,MEF,0,0,0,0,2025-01-09 12:48:13.480000,0.911,2025-01-09 12:48:20.180000,0.509,2025-01-09 12:48:08.000000,2025-01-09 12:49:08.000000,eqcct_explosions_th0_1/20250109T124808Z_20250109T124908Z/MEF_outputs/X_prediction_results.csv
KY17/HE.KY17..CHE__20250109T124817Z__20250109T124917Z.mseed,HE,KY17,0,0,0,0,2025-01-09 12:48:22.292000,0.815,2025-01-09 12:48:35.642000,0.511,2025-01-09 12:48:17.000000,2025-01-09 12:49:17.000000,eqcct_explosions_th0_1/20250109T124817Z_20250109T124917Z/KY17_outputs/X_prediction_results.csv
VJF/HE.VJF..HHE__20250109T124818Z__20250109T124918Z.mseed,HE,VJF,0,0,0,0,2025-01-09 12:48:23.940000,0.895,2025-01-09 12:48:39.290000,0.388,2025-01-09 12:48:18.000000,2025-01-09 12:49:18.000000,eqcct_explosions_th0_1/20250109T124818Z_20250109T124918Z/VJF_outputs/X_prediction_results.csv
FIA0/HE.FIA0..HHZ__20250109T124819Z__20250109T124919Z.mseed,HE,FIA0,0,0,0,0,2025-01-09 12:48:24.700000,0.86,2025-01-09 12:48:39.620000,0.658,2025-01-09 12:48:19.000000,2025-01-09 12:49:19.000000,eqcct_explosions_th0_1/20250109T124819Z_20250109T124919Z/FIA0_outputs/X_prediction_results.csv
TRE03/HE.TRE03..CHZ__20250109T124824Z__20250109T124924Z.mseed,HE,TRE03,0,0,0,0,2025-01-09 12:48:29.620000,0.838,,,2025-01-09 12:48:24.000000,2025-01-09 12:49:24.000000,eqcct_explosions_th0_1/20250109T124824Z_20250109T124924Z/TRE03_outputs/X_prediction_results.csv
KAF/HE.KAF..HHZ__20250109T124831Z__20250109T124931Z.mseed,HE,KAF,0,0,0,0,2025-01-09 12:48:35.830000,0.738,2025-01-09 12:49:00.890000,0.514,2025-01-09 12:48:31.000000,2025-01-09 12:49:31.000000,eqcct_explosions_th0_1/20250109T124831Z_20250109T124931Z/KAF_outputs/X_prediction_results.csv
RAF/HE.RAF..HHZ__20250109T124832Z__20250109T124932Z.mseed,HE,RAF,0,0,0,0,2025-01-09 12:48:37.880000,0.922,2025-01-09 12:49:03.580000,0.247,2025-01-09 12:48:32.000000,2025-01-09 12:49:32.000000,eqcct_explosions_th0_1/20250109T124832Z_20250109T124932Z/RAF_outputs/X_prediction_results.csv
KEF/HE.KEF..HHE__20250109T124832Z__20250109T124932Z.mseed,HE,KEF,0,0,0,0,2025-01-09 12:48:37.280000,0.729,2025-01-09 12:49:01.340000,0.266,2025-01-09 12:48:32.000000,2025-01-09 12:49:32.000000,eqcct_explosions_th0_1/20250109T124832Z_20250109T124932Z/KEF_outputs/X_prediction_results.csv
KORF/HE.KORF..CHZ__20250109T124834Z__20250109T124934Z.mseed,HE,KORF,0,0,0,0,2025-01-09 12:48:38.400000,0.741,,,2025-01-09 12:48:34.000000,2025-01-09 12:49:34.000000,eqcct_explosions_th0_1/20250109T124834Z_20250109T124934Z/KORF_outputs/X_prediction_results.csv
RUF/HE.RUF..HHE__20250109T124835Z__20250109T124935Z.mseed,HE,RUF,0,0,0,0,2025-01-09 12:48:39.112000,0.811,,,2025-01-09 12:48:35.000000,2025-01-09 12:49:35.000000,eqcct_explosions_th0_1/20250109T124835Z_20250109T124935Z/RUF_outputs/X_prediction_results.csv
TVF/HE.TVF..HHN__20250109T124836Z__20250109T124936Z.mseed,HE,TVF,0,0,0,0,2025-01-09 12:48:40.210000,0.148,,,2025-01-09 12:48:36.000000,2025-01-09 12:49:36.000000,eqcct_explosions_th0_1/20250109T124836Z_20250109T124936Z/TVF_outputs/X_prediction_results.csv
KPF/HE.KPF..HHZ__20250109T124837Z__20250109T124937Z.mseed,HE,KPF,0,0,0,0,2025-01-09 12:48:42.680000,0.646,,,2025-01-09 12:48:37.000000,2025-01-09 12:49:37.000000,eqcct_explosions_th0_1/20250109T124837Z_20250109T124937Z/KPF_outputs/X_prediction_results.csv
SUF/HE.SUF..HHN__20250109T124912Z__20250109T125012Z.mseed,HE,SUF,0,0,0,0,2025-01-09 12:49:16.850000,0.401,2025-01-09 12:49:17.710000,0.256,2025-01-09 12:49:12.000000,2025-01-09 12:50:12.000000,eqcct_explosions_th0_1/20250109T124912Z_20250109T125012Z/SUF_outputs/X_prediction_results.csv
VRF/HE.VRF..HHN__20250110T062624Z__20250110T062724Z.mseed,HE,VRF,0,0,0,0,2025-01-10 06:26:29.440000,0.793,2025-01-10 06:26:51.760000,0.331,2025-01-10 06:26:24.000000,2025-01-10 06:27:24.000000,eqcct_explosions_th0_1/20250110T062624Z_20250110T062724Z/VRF_outputs/X_prediction_results.csv
RAJF/FN.RAJF..HHN__20250110T062634Z__20250110T062734Z.mseed,FN,RAJF,0,0,0,0,2025-01-10 06:26:39.700000,0.356,2025-01-10 06:27:09.170000,0.172,2025-01-10 06:26:34.000000,2025-01-10 06:27:34.000000,eqcct_explosions_th0_1/20250110T062634Z_20250110T062734Z/RAJF_outputs/X_prediction_results.csv
KU1/HE.KU1..SHZ__20250110T062709Z__20250110T062809Z.mseed,HE,KU1,0,0,0,0,2025-01-10 06:27:13.780000,0.78,2025-01-10 06:27:18.200000,0.371,2025-01-10 06:27:09.000000,2025-01-10 06:28:09.000000,eqcct_explosions_th0_1/20250110T062709Z_20250110T062809Z/KU1_outputs/X_prediction_results.csv
RANF/FN.RANF..HHN__20250110T062734Z__20250110T062834Z.mseed,FN,RANF,0,0,0,0,2025-01-10 06:27:38.700000,0.303,,,2025-01-10 06:27:34.000000,2025-01-10 06:28:34.000000,eqcct_explosions_th0_1/20250110T062734Z_20250110T062834Z/RANF_outputs/X_prediction_results.csv
TOF/HE.TOF..HHE__20250110T090250Z__20250110T090350Z.mseed,HE,TOF,0,0,0,0,2025-01-10 09:02:55.730000,0.881,2025-01-10 09:03:12.860000,0.135,2025-01-10 09:02:50.000000,2025-01-10 09:03:50.000000,eqcct_explosions_th0_1/20250110T090250Z_20250110T090350Z/TOF_outputs/X_prediction_results.csv
OBF3/HE.OBF3..HHZ__20250110T090259Z__20250110T090359Z.mseed,HE,OBF3,0,0,0,0,2025-01-10 09:03:04.524000,0.692,2025-01-10 09:03:26.044000,0.282,2025-01-10 09:02:59.000000,2025-01-10 09:03:59.000000,eqcct_explosions_th0_1/20250110T090259Z_20250110T090359Z/OBF3_outputs/X_prediction_results.csv
OBF0/HE.OBF0..SHN__20250110T090301Z__20250110T090401Z.mseed,HE,OBF0,0,0,0,0,2025-01-10 09:03:05.552000,0.582,2025-01-10 09:03:29.862000,0.52,2025-01-10 09:03:01.000000,2025-01-10 09:04:01.000000,eqcct_explosions_th0_1/20250110T090301Z_20250110T090401Z/OBF0_outputs/X_prediction_results.csv
KLF/FN.KLF..HHN__20250110T090301Z__20250110T090401Z.mseed,FN,KLF,0,0,0,0,2025-01-10 09:03:06.950000,0.863,2025-01-10 09:03:28.850000,0.49,2025-01-10 09:03:01.000000,2025-01-10 09:04:01.000000,eqcct_explosions_th0_1/20250110T090301Z_20250110T090401Z/KLF_outputs/X_prediction_results.csv
OUF/HE.OUF..HHE__20250110T090305Z__20250110T090405Z.mseed,HE,OUF,0,0,0,0,2025-01-10 09:03:10.320000,0.812,,,2025-01-10 09:03:05.000000,2025-01-10 09:04:05.000000,eqcct_explosions_th0_1/20250110T090305Z_20250110T090405Z/OUF_outputs/X_prediction_results.csv
RANF/FN.RANF..BHE__20250110T090307Z__20250110T090407Z.mseed,FN,RANF,0,0,0,0,2025-01-10 09:03:12.400000,0.855,2025-01-10 09:03:39.520000,0.22,2025-01-10 09:03:07.000000,2025-01-10 09:04:07.000000,eqcct_explosions_th0_1/20250110T090307Z_20250110T090407Z/RANF_outputs/X_prediction_results.csv
NIF/HE.NIF..HHN__20250110T095542Z__20250110T095642Z.mseed,HE,NIF,0,0,0,0,2025-01-10 09:55:47.132000,0.856,2025-01-10 09:55:54.482000,0.654,2025-01-10 09:55:42.000000,2025-01-10 09:56:42.000000,eqcct_explosions_th0_1/20250110T095542Z_20250110T095642Z/NIF_outputs/X_prediction_results.csv
SUF/HE.SUF..HHE__20250110T095543Z__20250110T095643Z.mseed,HE,SUF,0,0,0,0,2025-01-10 09:55:48.640000,0.813,2025-01-10 09:55:57.940000,0.681,2025-01-10 09:55:43.000000,2025-01-10 09:56:43.000000,eqcct_explosions_th0_1/20250110T095543Z_20250110T095643Z/SUF_outputs/X_prediction_results.csv
KAF/HE.KAF..HHZ__20250110T095548Z__20250110T095648Z.mseed,HE,KAF,0,0,0,0,2025-01-10 09:55:53.450000,0.788,2025-01-10 09:56:05.470000,0.504,2025-01-10 09:55:48.000000,2025-01-10 09:56:48.000000,eqcct_explosions_th0_1/20250110T095548Z_20250110T095648Z/KAF_outputs/X_prediction_results.csv
KEF/HE.KEF..HHZ__20250110T095557Z__20250110T095657Z.mseed,HE,KEF,0,0,0,0,2025-01-10 09:56:02.100000,0.861,,,2025-01-10 09:55:57.000000,2025-01-10 09:56:57.000000,eqcct_explosions_th0_1/20250110T095557Z_20250110T095657Z/KEF_outputs/X_prediction_results.csv
FIA0/HE.FIA0..HHN__20250110T095559Z__20250110T095659Z.mseed,HE,FIA0,0,0,0,0,2025-01-10 09:56:04.600000,0.681,2025-01-10 09:56:25.060000,0.401,2025-01-10 09:55:59.000000,2025-01-10 09:56:59.000000,eqcct_explosions_th0_1/20250110T095559Z_20250110T095659Z/FIA0_outputs/X_prediction_results.csv
RUF/HE.RUF..HHN__20250110T095600Z__20250110T095700Z.mseed,HE,RUF,0,0,0,0,2025-01-10 09:56:05.140000,0.601,2025-01-10 09:56:25.290000,0.347,2025-01-10 09:56:00.000000,2025-01-10 09:57:00.000000,eqcct_explosions_th0_1/20250110T095600Z_20250110T095700Z/RUF_outputs/X_prediction_results.csv
JOF/HE.JOF..HHZ__20250110T095603Z__20250110T095703Z.mseed,HE,JOF,0,0,0,0,2025-01-10 09:56:07.080000,0.882,,,2025-01-10 09:56:03.000000,2025-01-10 09:57:03.000000,eqcct_explosions_th0_1/20250110T095603Z_20250110T095703Z/JOF_outputs/X_prediction_results.csv
OUF/HE.OUF..HHZ__20250110T095634Z__20250110T095734Z.mseed,HE,OUF,0,0,0,0,2025-01-10 09:56:38.180000,0.452,2025-01-10 09:56:41.070000,0.167,2025-01-10 09:56:34.000000,2025-01-10 09:57:34.000000,eqcct_explosions_th0_1/20250110T095634Z_20250110T095734Z/OUF_outputs/X_prediction_results.csv
MEF/HE.MEF..HHN__20250110T100109Z__20250110T100209Z.mseed,HE,MEF,0,0,0,0,2025-01-10 10:01:14.410000,0.95,2025-01-10 10:01:16.410000,0.63,2025-01-10 10:01:09.000000,2025-01-10 10:02:09.000000,eqcct_explosions_th0_1/20250110T100109Z_20250110T100209Z/MEF_outputs/X_prediction_results.csv
HEL5/HE.HEL5..HHE__20250110T100109Z__20250110T100209Z.mseed,HE,HEL5,0,0,0,0,2025-01-10 10:01:14.336000,0.941,2025-01-10 10:01:15.856000,0.333,2025-01-10 10:01:09.000000,2025-01-10 10:02:09.000000,eqcct_explosions_th0_1/20250110T100109Z_20250110T100209Z/HEL5_outputs/X_prediction_results.csv
LAUT/HE.LAUT..HHN__20250110T100110Z__20250110T100210Z.mseed,HE,LAUT,0,0,0,0,2025-01-10 10:01:15.380000,0.936,2025-01-10 10:01:18.080000,0.443,2025-01-10 10:01:10.000000,2025-01-10 10:02:10.000000,eqcct_explosions_th0_1/20250110T100110Z_20250110T100210Z/LAUT_outputs/X_prediction_results.csv
HEL1/HE.HEL1..HHN__20250110T100110Z__20250110T100210Z.mseed,HE,HEL1,0,0,0,0,2025-01-10 10:01:15.652000,0.887,2025-01-10 10:01:18.572000,0.398,2025-01-10 10:01:10.000000,2025-01-10 10:02:10.000000,eqcct_explosions_th0_1/20250110T100110Z_20250110T100210Z/HEL1_outputs/X_prediction_results.csv
RSUO/HE.RSUO..HHN__20250110T100111Z__20250110T100211Z.mseed,HE,RSUO,0,0,0,0,2025-01-10 10:01:16.096000,0.868,2025-01-10 10:01:19.196000,0.753,2025-01-10 10:01:11.000000,2025-01-10 10:02:11.000000,eqcct_explosions_th0_1/20250110T100111Z_20250110T100211Z/RSUO_outputs/X_prediction_results.csv
KUNI/HE.KUNI..HHZ__20250110T100111Z__20250110T100211Z.mseed,HE,KUNI,0,0,0,0,2025-01-10 10:01:16.404000,0.588,2025-01-10 10:01:20.114000,0.433,2025-01-10 10:01:11.000000,2025-01-10 10:02:11.000000,eqcct_explosions_th0_1/20250110T100111Z_20250110T100211Z/KUNI_outputs/X_prediction_results.csv
VUOS/HE.VUOS..HHE__20250110T100113Z__20250110T100213Z.mseed,HE,VUOS,0,0,0,0,2025-01-10 10:01:18.316000,0.626,2025-01-10 10:01:22.836000,0.411,2025-01-10 10:01:13.000000,2025-01-10 10:02:13.000000,eqcct_explosions_th0_1/20250110T100113Z_20250110T100213Z/VUOS_outputs/X_prediction_results.csv
NUR/HE.NUR..HHE__20250110T100114Z__20250110T100214Z.mseed,HE,NUR,0,0,0,0,2025-01-10 10:01:19.316000,0.32,,,2025-01-10 10:01:14.000000,2025-01-10 10:02:14.000000,eqcct_explosions_th0_1/20250110T100114Z_20250110T100214Z/NUR_outputs/X_prediction_results.csv
VAF/HE.VAF..HHZ__20250110T100518Z__20250110T100618Z.mseed,HE,VAF,0,0,0,0,2025-01-10 10:05:23.380000,0.864,2025-01-10 10:05:26.150000,0.782,2025-01-10 10:05:18.000000,2025-01-10 10:06:18.000000,eqcct_explosions_th0_1/20250110T100518Z_20250110T100618Z/VAF_outputs/X_prediction_results.csv
ALAJF/HE.ALAJF..HHZ__20250110T100528Z__20250110T100628Z.mseed,HE,ALAJF,0,0,0,0,2025-01-10 10:05:33.616000,0.787,2025-01-10 10:05:43.896000,0.586,2025-01-10 10:05:28.000000,2025-01-10 10:06:28.000000,eqcct_explosions_th0_1/20250110T100528Z_20250110T100628Z/ALAJF_outputs/X_prediction_results.csv
KPF/HE.KPF..HHE__20250110T100540Z__20250110T100640Z.mseed,HE,KPF,0,0,0,0,2025-01-10 10:05:45.476000,0.856,2025-01-10 10:05:45.566000,0.113,2025-01-10 10:05:40.000000,2025-01-10 10:06:40.000000,eqcct_explosions_th0_1/20250110T100540Z_20250110T100640Z/KPF_outputs/X_prediction_results.csv
OBF0/HE.OBF0..SHN__20250110T100542Z__20250110T100642Z.mseed,HE,OBF0,0,0,0,0,2025-01-10 10:05:47.848000,0.879,2025-01-10 10:06:03.118000,0.252,2025-01-10 10:05:42.000000,2025-01-10 10:06:42.000000,eqcct_explosions_th0_1/20250110T100542Z_20250110T100642Z/OBF0_outputs/X_prediction_results.csv
KEF/HE.KEF..HHE__20250110T100543Z__20250110T100643Z.mseed,HE,KEF,0,0,0,0,2025-01-10 10:05:48.440000,0.728,2025-01-10 10:06:08.610000,0.593,2025-01-10 10:05:43.000000,2025-01-10 10:06:43.000000,eqcct_explosions_th0_1/20250110T100543Z_20250110T100643Z/KEF_outputs/X_prediction_results.csv
OUF/HE.OUF..HHZ__20250110T100543Z__20250110T100643Z.mseed,HE,OUF,0,0,0,0,2025-01-10 10:05:48.020000,0.887,2025-01-10 10:06:08.390000,0.215,2025-01-10 10:05:43.000000,2025-01-10 10:06:43.000000,eqcct_explosions_th0_1/20250110T100543Z_20250110T100643Z/OUF_outputs/X_prediction_results.csv
OBF3/HE.OBF3..HHN__20250110T100548Z__20250110T100648Z.mseed,HE,OBF3,0,0,0,0,2025-01-10 10:05:53.888000,0.793,2025-01-10 10:06:19.148000,0.345,2025-01-10 10:05:48.000000,2025-01-10 10:06:48.000000,eqcct_explosions_th0_1/20250110T100548Z_20250110T100648Z/OBF3_outputs/X_prediction_results.csv
KAF/HE.KAF..HHE__20250110T100552Z__20250110T100652Z.mseed,HE,KAF,0,0,0,0,2025-01-10 10:05:56.760000,0.721,2025-01-10 10:06:24.970000,0.523,2025-01-10 10:05:52.000000,2025-01-10 10:06:52.000000,eqcct_explosions_th0_1/20250110T100552Z_20250110T100652Z/KAF_outputs/X_prediction_results.csv
SUF/HE.SUF..HHZ__20250110T100609Z__20250110T100709Z.mseed,HE,SUF,0,0,0,0,2025-01-10 10:06:13.892000,0.418,,,2025-01-10 10:06:09.000000,2025-01-10 10:07:09.000000,eqcct_explosions_th0_1/20250110T100609Z_20250110T100709Z/SUF_outputs/X_prediction_results.csv
VJF/HE.VJF..HHN__20250110T102447Z__20250110T102547Z.mseed,HE,VJF,0,0,0,0,2025-01-10 10:24:53.060000,0.812,2025-01-10 10:24:56.990000,0.644,2025-01-10 10:24:47.000000,2025-01-10 10:25:47.000000,eqcct_explosions_th0_1/20250110T102447Z_20250110T102547Z/VJF_outputs/X_prediction_results.csv
KY17/HE.KY17..CHZ__20250110T102449Z__20250110T102549Z.mseed,HE,KY17,0,0,0,0,2025-01-10 10:24:54.012000,0.953,2025-01-10 10:24:58.562000,0.764,2025-01-10 10:24:49.000000,2025-01-10 10:25:49.000000,eqcct_explosions_th0_1/20250110T102449Z_20250110T102549Z/KY17_outputs/X_prediction_results.csv
PVF/HE.PVF..CHZ__20250110T102453Z__20250110T102553Z.mseed,HE,PVF,0,0,0,0,2025-01-10 10:24:58.280000,0.92,2025-01-10 10:25:05.780000,0.81,2025-01-10 10:24:53.000000,2025-01-10 10:25:53.000000,eqcct_explosions_th0_1/20250110T102453Z_20250110T102553Z/PVF_outputs/X_prediction_results.csv
FIA0/HE.FIA0..HHN__20250110T102459Z__20250110T102559Z.mseed,HE,FIA0,0,0,0,0,2025-01-10 10:25:05.170000,0.666,2025-01-10 10:25:18.190000,0.779,2025-01-10 10:24:59.000000,2025-01-10 10:25:59.000000,eqcct_explosions_th0_1/20250110T102459Z_20250110T102559Z/FIA0_outputs/X_prediction_results.csv
VUOS/HE.VUOS..HHZ__20250110T102501Z__20250110T102601Z.mseed,HE,VUOS,0,0,0,0,2025-01-10 10:25:05.920000,0.944,2025-01-10 10:25:20.270000,0.278,2025-01-10 10:25:01.000000,2025-01-10 10:26:01.000000,eqcct_explosions_th0_1/20250110T102501Z_20250110T102601Z/VUOS_outputs/X_prediction_results.csv
KUNI/HE.KUNI..HHE__20250110T102502Z__20250110T102602Z.mseed,HE,KUNI,0,0,0,0,2025-01-10 10:25:06.940000,0.364,2025-01-10 10:25:22.030000,0.573,2025-01-10 10:25:02.000000,2025-01-10 10:26:02.000000,eqcct_explosions_th0_1/20250110T102502Z_20250110T102602Z/KUNI_outputs/X_prediction_results.csv
RUF/HE.RUF..HHE__20250110T102505Z__20250110T102605Z.mseed,HE,RUF,0,0,0,0,2025-01-10 10:25:10.182000,0.761,2025-01-10 10:25:26.982000,0.369,2025-01-10 10:25:05.000000,2025-01-10 10:26:05.000000,eqcct_explosions_th0_1/20250110T102505Z_20250110T102605Z/RUF_outputs/X_prediction_results.csv
MEF/HE.MEF..HHZ__20250110T102508Z__20250110T102608Z.mseed,HE,MEF,0,0,0,0,2025-01-10 10:25:12.980000,0.861,2025-01-10 10:25:30.130000,0.519,2025-01-10 10:25:08.000000,2025-01-10 10:26:08.000000,eqcct_explosions_th0_1/20250110T102508Z_20250110T102608Z/MEF_outputs/X_prediction_results.csv
KAF/HE.KAF..HHZ__20250110T102510Z__20250110T102610Z.mseed,HE,KAF,0,0,0,0,2025-01-10 10:25:15.760000,0.789,2025-01-10 10:25:36.570000,0.429,2025-01-10 10:25:10.000000,2025-01-10 10:26:10.000000,eqcct_explosions_th0_1/20250110T102510Z_20250110T102610Z/KAF_outputs/X_prediction_results.csv
TRE03/HE.TRE03..CHN__20250110T102514Z__20250110T102614Z.mseed,HE,TRE03,0,0,0,0,2025-01-10 10:25:18.000000,0.333,,,2025-01-10 10:25:14.000000,2025-01-10 10:26:14.000000,eqcct_explosions_th0_1/20250110T102514Z_20250110T102614Z/TRE03_outputs/X_prediction_results.csv
KEF/HE.KEF..HHZ__20250110T102516Z__20250110T102616Z.mseed,HE,KEF,0,0,0,0,2025-01-10 10:25:20.980000,0.802,2025-01-10 10:25:46.500000,0.467,2025-01-10 10:25:16.000000,2025-01-10 10:26:16.000000,eqcct_explosions_th0_1/20250110T102516Z_20250110T102616Z/KEF_outputs/X_prediction_results.csv
SUF/HE.SUF..HHN__20250110T102521Z__20250110T102621Z.mseed,HE,SUF,0,0,0,0,2025-01-10 10:25:25.260000,0.895,,,2025-01-10 10:25:21.000000,2025-01-10 10:26:21.000000,eqcct_explosions_th0_1/20250110T102521Z_20250110T102621Z/SUF_outputs/X_prediction_results.csv
NUR/HE.NUR..HHZ__20250110T102524Z__20250110T102624Z.mseed,HE,NUR,0,0,0,0,2025-01-10 10:25:28.960000,0.634,,,2025-01-10 10:25:24.000000,2025-01-10 10:26:24.000000,eqcct_explosions_th0_1/20250110T102524Z_20250110T102624Z/NUR_outputs/X_prediction_results.csv
RAF/HE.RAF..HHE__20250110T102527Z__20250110T102627Z.mseed,HE,RAF,0,0,0,0,2025-01-10 10:25:31.340000,0.477,,,2025-01-10 10:25:27.000000,2025-01-10 10:26:27.000000,eqcct_explosions_th0_1/20250110T102527Z_20250110T102627Z/RAF_outputs/X_prediction_results.csv
TVF/HE.TVF..HHZ__20250110T102546Z__20250110T102646Z.mseed,HE,TVF,0,0,0,0,2025-01-10 10:25:50.860000,0.207,,,2025-01-10 10:25:46.000000,2025-01-10 10:26:46.000000,eqcct_explosions_th0_1/20250110T102546Z_20250110T102646Z/TVF_outputs/X_prediction_results.csv
KPF/HE.KPF..HHZ__20250110T102605Z__20250110T102705Z.mseed,HE,KPF,0,0,0,0,2025-01-10 10:26:09.190000,0.661,2025-01-10 10:26:10.050000,0.447,2025-01-10 10:26:05.000000,2025-01-10 10:27:05.000000,eqcct_explosions_th0_1/20250110T102605Z_20250110T102705Z/KPF_outputs/X_prediction_results.csv
MEF/HE.MEF..HHN__20250110T102747Z__20250110T102847Z.mseed,HE,MEF,0,0,0,0,2025-01-10 10:27:52.790000,0.919,2025-01-10 10:27:55.540000,0.723,2025-01-10 10:27:47.000000,2025-01-10 10:28:47.000000,eqcct_explosions_th0_1/20250110T102747Z_20250110T102847Z/MEF_outputs/X_prediction_results.csv
HEL5/HE.HEL5..HHN__20250110T102748Z__20250110T102848Z.mseed,HE,HEL5,0,0,0,0,2025-01-10 10:27:53.252000,0.941,2025-01-10 10:27:56.422000,0.253,2025-01-10 10:27:48.000000,2025-01-10 10:28:48.000000,eqcct_explosions_th0_1/20250110T102748Z_20250110T102848Z/HEL5_outputs/X_prediction_results.csv
LAUT/HE.LAUT..HHE__20250110T102749Z__20250110T102849Z.mseed,HE,LAUT,0,0,0,0,2025-01-10 10:27:54.420000,0.931,2025-01-10 10:27:58.530000,0.696,2025-01-10 10:27:49.000000,2025-01-10 10:28:49.000000,eqcct_explosions_th0_1/20250110T102749Z_20250110T102849Z/LAUT_outputs/X_prediction_results.csv
HEL1/HE.HEL1..HHE__20250110T102750Z__20250110T102850Z.mseed,HE,HEL1,0,0,0,0,2025-01-10 10:27:54.084000,0.744,2025-01-10 10:27:59.144000,0.695,2025-01-10 10:27:50.000000,2025-01-10 10:28:50.000000,eqcct_explosions_th0_1/20250110T102750Z_20250110T102850Z/HEL1_outputs/X_prediction_results.csv
VUOS/HE.VUOS..HHE__20250110T102752Z__20250110T102852Z.mseed,HE,VUOS,0,0,0,0,2025-01-10 10:27:56.292000,0.606,2025-01-10 10:28:03.022000,0.41,2025-01-10 10:27:52.000000,2025-01-10 10:28:52.000000,eqcct_explosions_th0_1/20250110T102752Z_20250110T102852Z/VUOS_outputs/X_prediction_results.csv
NUR/HE.NUR..HHZ__20250110T102753Z__20250110T102853Z.mseed,HE,NUR,0,0,0,0,2025-01-10 10:27:58.420000,0.102,,,2025-01-10 10:27:53.000000,2025-01-10 10:28:53.000000,eqcct_explosions_th0_1/20250110T102753Z_20250110T102853Z/NUR_outputs/X_prediction_results.csv
PVF/HE.PVF..CHZ__20250110T102801Z__20250110T102901Z.mseed,HE,PVF,0,0,0,0,2025-01-10 10:28:06.268000,0.186,,,2025-01-10 10:28:01.000000,2025-01-10 10:29:01.000000,eqcct_explosions_th0_1/20250110T102801Z_20250110T102901Z/PVF_outputs/X_prediction_results.csv
FIA0/HE.FIA0..HHZ__20250110T102814Z__20250110T102914Z.mseed,HE,FIA0,0,0,0,0,2025-01-10 10:28:18.650000,0.817,,,2025-01-10 10:28:14.000000,2025-01-10 10:29:14.000000,eqcct_explosions_th0_1/20250110T102814Z_20250110T102914Z/FIA0_outputs/X_prediction_results.csv
FIA1/HE.FIA1..HHZ__20250110T102814Z__20250110T102914Z.mseed,HE,FIA1,0,0,0,0,2025-01-10 10:28:18.730000,0.121,,,2025-01-10 10:28:14.000000,2025-01-10 10:29:14.000000,eqcct_explosions_th0_1/20250110T102814Z_20250110T102914Z/FIA1_outputs/X_prediction_results.csv
MEF/HE.MEF..HHZ__20250110T110110Z__20250110T110210Z.mseed,HE,MEF,0,0,0,0,2025-01-10 11:01:16.050000,0.795,2025-01-10 11:01:19.530000,0.601,2025-01-10 11:01:10.000000,2025-01-10 11:02:10.000000,eqcct_explosions_th0_1/20250110T110110Z_20250110T110210Z/MEF_outputs/X_prediction_results.csv
TVF/HE.TVF..HHZ__20250110T110114Z__20250110T110214Z.mseed,HE,TVF,0,0,0,0,2025-01-10 11:01:19.780000,0.903,2025-01-10 11:01:25.970000,0.615,2025-01-10 11:01:14.000000,2025-01-10 11:02:14.000000,eqcct_explosions_th0_1/20250110T110114Z_20250110T110214Z/TVF_outputs/X_prediction_results.csv
HEL5/HE.HEL5..HHZ__20250110T110114Z__20250110T110214Z.mseed,HE,HEL5,0,0,0,0,2025-01-10 11:01:19.160000,0.76,2025-01-10 11:01:26.270000,0.353,2025-01-10 11:01:14.000000,2025-01-10 11:02:14.000000,eqcct_explosions_th0_1/20250110T110114Z_20250110T110214Z/HEL5_outputs/X_prediction_results.csv
HEL1/HE.HEL1..HHN__20250110T110115Z__20250110T110215Z.mseed,HE,HEL1,0,0,0,0,2025-01-10 11:01:20.552000,0.727,2025-01-10 11:01:27.272000,0.359,2025-01-10 11:01:15.000000,2025-01-10 11:02:15.000000,eqcct_explosions_th0_1/20250110T110115Z_20250110T110215Z/HEL1_outputs/X_prediction_results.csv
LAUT/HE.LAUT..HHN__20250110T110115Z__20250110T110215Z.mseed,HE,LAUT,0,0,0,0,2025-01-10 11:01:20.280000,0.728,2025-01-10 11:01:26.220000,0.656,2025-01-10 11:01:15.000000,2025-01-10 11:02:15.000000,eqcct_explosions_th0_1/20250110T110115Z_20250110T110215Z/LAUT_outputs/X_prediction_results.csv
KUNI/HE.KUNI..HHE__20250110T110115Z__20250110T110215Z.mseed,HE,KUNI,0,0,0,0,2025-01-10 11:01:20.850000,0.784,2025-01-10 11:01:27.550000,0.729,2025-01-10 11:01:15.000000,2025-01-10 11:02:15.000000,eqcct_explosions_th0_1/20250110T110115Z_20250110T110215Z/KUNI_outputs/X_prediction_results.csv
NUR/HE.NUR..HHZ__20250110T110116Z__20250110T110216Z.mseed,HE,NUR,0,0,0,0,2025-01-10 11:01:21.050000,0.716,2025-01-10 11:01:28.000000,0.408,2025-01-10 11:01:16.000000,2025-01-10 11:02:16.000000,eqcct_explosions_th0_1/20250110T110116Z_20250110T110216Z/NUR_outputs/X_prediction_results.csv
VUOS/HE.VUOS..HHE__20250110T110117Z__20250110T110217Z.mseed,HE,VUOS,0,0,0,0,2025-01-10 11:01:22.870000,0.671,2025-01-10 11:01:31.810000,0.318,2025-01-10 11:01:17.000000,2025-01-10 11:02:17.000000,eqcct_explosions_th0_1/20250110T110117Z_20250110T110217Z/VUOS_outputs/X_prediction_results.csv
PVF/HE.PVF..CHE__20250110T110125Z__20250110T110225Z.mseed,HE,PVF,0,0,0,0,2025-01-10 11:01:30.670000,0.8,2025-01-10 11:01:46.290000,0.335,2025-01-10 11:01:25.000000,2025-01-10 11:02:25.000000,eqcct_explosions_th0_1/20250110T110125Z_20250110T110225Z/PVF_outputs/X_prediction_results.csv
KORF/HE.KORF..CHN__20250110T110128Z__20250110T110228Z.mseed,HE,KORF,0,0,0,0,2025-01-10 11:01:33.860000,0.798,2025-01-10 11:01:49.980000,0.366,2025-01-10 11:01:28.000000,2025-01-10 11:02:28.000000,eqcct_explosions_th0_1/20250110T110128Z_20250110T110228Z/KORF_outputs/X_prediction_results.csv
RAF/HE.RAF..HHE__20250110T110131Z__20250110T110231Z.mseed,HE,RAF,0,0,0,0,2025-01-10 11:01:36.680000,0.904,2025-01-10 11:01:55.180000,0.591,2025-01-10 11:01:31.000000,2025-01-10 11:02:31.000000,eqcct_explosions_th0_1/20250110T110131Z_20250110T110231Z/RAF_outputs/X_prediction_results.csv
TRE03/HE.TRE03..CHE__20250110T110134Z__20250110T110234Z.mseed,HE,TRE03,0,0,0,0,2025-01-10 11:01:39.160000,0.836,2025-01-10 11:01:58.440000,0.538,2025-01-10 11:01:34.000000,2025-01-10 11:02:34.000000,eqcct_explosions_th0_1/20250110T110134Z_20250110T110234Z/TRE03_outputs/X_prediction_results.csv
KY17/HE.KY17..CHN__20250110T110137Z__20250110T110237Z.mseed,HE,KY17,0,0,0,0,2025-01-10 11:01:42.850000,0.575,2025-01-10 11:02:06.140000,0.507,2025-01-10 11:01:37.000000,2025-01-10 11:02:37.000000,eqcct_explosions_th0_1/20250110T110137Z_20250110T110237Z/KY17_outputs/X_prediction_results.csv
VJF/HE.VJF..HHE__20250110T110139Z__20250110T110239Z.mseed,HE,VJF,0,0,0,0,2025-01-10 11:01:44.580000,0.665,,,2025-01-10 11:01:39.000000,2025-01-10 11:02:39.000000,eqcct_explosions_th0_1/20250110T110139Z_20250110T110239Z/VJF_outputs/X_prediction_results.csv
AAL/UP.AAL..HHE__20250110T110141Z__20250110T110241Z.mseed,UP,AAL,0,0,0,0,2025-01-10 11:01:46.720000,0.553,2025-01-10 11:02:12.310000,0.306,2025-01-10 11:01:41.000000,2025-01-10 11:02:41.000000,eqcct_explosions_th0_1/20250110T110141Z_20250110T110241Z/AAL_outputs/X_prediction_results.csv
KPF/HE.KPF..HHN__20250110T110141Z__20250110T110241Z.mseed,HE,KPF,0,0,0,0,2025-01-10 11:01:46.480000,0.718,2025-01-10 11:02:11.200000,0.201,2025-01-10 11:01:41.000000,2025-01-10 11:02:41.000000,eqcct_explosions_th0_1/20250110T110141Z_20250110T110241Z/KPF_outputs/X_prediction_results.csv
KEF/HE.KEF..HHE__20250110T110144Z__20250110T110244Z.mseed,HE,KEF,0,0,0,0,2025-01-10 11:01:48.480000,0.824,2025-01-10 11:02:16.670000,0.351,2025-01-10 11:01:44.000000,2025-01-10 11:02:44.000000,eqcct_explosions_th0_1/20250110T110144Z_20250110T110244Z/KEF_outputs/X_prediction_results.csv
SUF/HE.SUF..HHE__20250110T110151Z__20250110T110251Z.mseed,HE,SUF,0,0,0,0,,,2025-01-10 11:02:35.542000,0.347,2025-01-10 11:01:51.000000,2025-01-10 11:02:51.000000,eqcct_explosions_th0_1/20250110T110151Z_20250110T110251Z/SUF_outputs/X_prediction_results.csv
KAF/HE.KAF..HHN__20250110T110217Z__20250110T110317Z.mseed,HE,KAF,0,0,0,0,2025-01-10 11:02:22.040000,0.485,2025-01-10 11:02:22.140000,0.604,2025-01-10 11:02:17.000000,2025-01-10 11:03:17.000000,eqcct_explosions_th0_1/20250110T110217Z_20250110T110317Z/KAF_outputs/X_prediction_results.csv
VAF/HE.VAF..HHZ__20250110T110236Z__20250110T110336Z.mseed,HE,VAF,0,0,0,0,2025-01-10 11:02:40.220000,0.399,,,2025-01-10 11:02:36.000000,2025-01-10 11:03:36.000000,eqcct_explosions_th0_1/20250110T110236Z_20250110T110336Z/VAF_outputs/X_prediction_results.csv
MEF/HE.MEF..HHZ__20250110T113001Z__20250110T113101Z.mseed,HE,MEF,0,0,0,0,2025-01-10 11:30:06.600000,0.961,2025-01-10 11:30:08.940000,0.852,2025-01-10 11:30:01.000000,2025-01-10 11:31:01.000000,eqcct_explosions_th0_1/20250110T113001Z_20250110T113101Z/MEF_outputs/X_prediction_results.csv
NUR/HE.NUR..HHE__20250110T113005Z__20250110T113105Z.mseed,HE,NUR,0,0,0,0,2025-01-10 11:30:09.776000,0.801,,,2025-01-10 11:30:05.000000,2025-01-10 11:31:05.000000,eqcct_explosions_th0_1/20250110T113005Z_20250110T113105Z/NUR_outputs/X_prediction_results.csv
HEL5/HE.HEL5..HHZ__20250110T113005Z__20250110T113105Z.mseed,HE,HEL5,0,0,0,0,2025-01-10 11:30:10.392000,0.137,,,2025-01-10 11:30:05.000000,2025-01-10 11:31:05.000000,eqcct_explosions_th0_1/20250110T113005Z_20250110T113105Z/HEL5_outputs/X_prediction_results.csv
LAUT/HE.LAUT..HHZ__20250110T113006Z__20250110T113106Z.mseed,HE,LAUT,0,0,0,0,2025-01-10 11:30:11.116000,0.155,2025-01-10 11:30:16.526000,0.164,2025-01-10 11:30:06.000000,2025-01-10 11:31:06.000000,eqcct_explosions_th0_1/20250110T113006Z_20250110T113106Z/LAUT_outputs/X_prediction_results.csv
NIF/HE.NIF..HHE__20250110T115137Z__20250110T115237Z.mseed,HE,NIF,0,0,0,0,2025-01-10 11:51:42.272000,0.955,2025-01-10 11:51:46.892000,0.493,2025-01-10 11:51:37.000000,2025-01-10 11:52:37.000000,eqcct_explosions_th0_1/20250110T115137Z_20250110T115237Z/NIF_outputs/X_prediction_results.csv
SUF/HE.SUF..HHZ__20250110T115148Z__20250110T115248Z.mseed,HE,SUF,0,0,0,0,2025-01-10 11:51:53.140000,0.856,2025-01-10 11:52:04.910000,0.608,2025-01-10 11:51:48.000000,2025-01-10 11:52:48.000000,eqcct_explosions_th0_1/20250110T115148Z_20250110T115248Z/SUF_outputs/X_prediction_results.csv
KJNF/HE.KJNF..CHE__20250110T115152Z__20250110T115252Z.mseed,HE,KJNF,0,0,0,0,2025-01-10 11:51:57.840000,0.802,2025-01-10 11:52:12.950000,0.335,2025-01-10 11:51:52.000000,2025-01-10 11:52:52.000000,eqcct_explosions_th0_1/20250110T115152Z_20250110T115252Z/KJNF_outputs/X_prediction_results.csv
KAF/HE.KAF..HHZ__20250110T115154Z__20250110T115254Z.mseed,HE,KAF,0,0,0,0,2025-01-10 11:51:59.580000,0.591,,,2025-01-10 11:51:54.000000,2025-01-10 11:52:54.000000,eqcct_explosions_th0_1/20250110T115154Z_20250110T115254Z/KAF_outputs/X_prediction_results.csv
RMF/HE.RMF..HHN__20250110T115159Z__20250110T115259Z.mseed,HE,RMF,0,0,0,0,2025-01-10 11:52:04.150000,0.805,2025-01-10 11:52:23.500000,0.609,2025-01-10 11:51:59.000000,2025-01-10 11:52:59.000000,eqcct_explosions_th0_1/20250110T115159Z_20250110T115259Z/RMF_outputs/X_prediction_results.csv
JOF/HE.JOF..HHZ__20250110T115201Z__20250110T115301Z.mseed,HE,JOF,0,0,0,0,2025-01-10 11:52:06.930000,0.775,2025-01-10 11:52:29.070000,0.244,2025-01-10 11:52:01.000000,2025-01-10 11:53:01.000000,eqcct_explosions_th0_1/20250110T115201Z_20250110T115301Z/JOF_outputs/X_prediction_results.csv
KEF/HE.KEF..HHZ__20250110T115202Z__20250110T115302Z.mseed,HE,KEF,0,0,0,0,2025-01-10 11:52:07.480000,0.75,2025-01-10 11:52:29.060000,0.128,2025-01-10 11:52:02.000000,2025-01-10 11:53:02.000000,eqcct_explosions_th0_1/20250110T115202Z_20250110T115302Z/KEF_outputs/X_prediction_results.csv
RUF/HE.RUF..HHN__20250110T115205Z__20250110T115305Z.mseed,HE,RUF,0,0,0,0,2025-01-10 11:52:09.080000,0.607,,,2025-01-10 11:52:05.000000,2025-01-10 11:53:05.000000,eqcct_explosions_th0_1/20250110T115205Z_20250110T115305Z/RUF_outputs/X_prediction_results.csv
OUF/HE.OUF..HHZ__20250110T115205Z__20250110T115305Z.mseed,HE,OUF,0,0,0,0,2025-01-10 11:52:10.160000,0.87,2025-01-10 11:52:35.130000,0.438,2025-01-10 11:52:05.000000,2025-01-10 11:53:05.000000,eqcct_explosions_th0_1/20250110T115205Z_20250110T115305Z/OUF_outputs/X_prediction_results.csv
FIA0/HE.FIA0..HHE__20250110T115206Z__20250110T115306Z.mseed,HE,FIA0,0,0,0,0,2025-01-10 11:52:10.500000,0.657,,,2025-01-10 11:52:06.000000,2025-01-10 11:53:06.000000,eqcct_explosions_th0_1/20250110T115206Z_20250110T115306Z/FIA0_outputs/X_prediction_results.csv
OBF0/HE.OBF0..SHZ__20250110T115209Z__20250110T115309Z.mseed,HE,OBF0,0,0,0,0,2025-01-10 11:52:14.350000,0.636,,,2025-01-10 11:52:09.000000,2025-01-10 11:53:09.000000,eqcct_explosions_th0_1/20250110T115209Z_20250110T115309Z/OBF0_outputs/X_prediction_results.csv
OBF3/HE.OBF3..HHZ__20250110T115211Z__20250110T115311Z.mseed,HE,OBF3,0,0,0,0,2025-01-10 11:52:16.080000,0.663,2025-01-10 11:52:43.900000,0.122,2025-01-10 11:52:11.000000,2025-01-10 11:53:11.000000,eqcct_explosions_th0_1/20250110T115211Z_20250110T115311Z/OBF3_outputs/X_prediction_results.csv
TRE03/HE.TRE03..CHE__20250110T115212Z__20250110T115312Z.mseed,HE,TRE03,0,0,0,0,2025-01-10 11:52:17.900000,0.597,,,2025-01-10 11:52:12.000000,2025-01-10 11:53:12.000000,eqcct_explosions_th0_1/20250110T115212Z_20250110T115312Z/TRE03_outputs/X_prediction_results.csv
OBF8/HE.OBF8..HHN__20250110T115212Z__20250110T115312Z.mseed,HE,OBF8,0,0,0,0,2025-01-10 11:52:17.420000,0.471,,,2025-01-10 11:52:12.000000,2025-01-10 11:53:12.000000,eqcct_explosions_th0_1/20250110T115212Z_20250110T115312Z/OBF8_outputs/X_prediction_results.csv
KY17/HE.KY17..CHN__20250110T115212Z__20250110T115312Z.mseed,HE,KY17,0,0,0,0,2025-01-10 11:52:17.180000,0.58,2025-01-10 11:52:46.700000,0.293,2025-01-10 11:52:12.000000,2025-01-10 11:53:12.000000,eqcct_explosions_th0_1/20250110T115212Z_20250110T115312Z/KY17_outputs/X_prediction_results.csv
VAF/HE.VAF..HHZ__20250110T115213Z__20250110T115313Z.mseed,HE,VAF,0,0,0,0,2025-01-10 11:52:18.320000,0.834,2025-01-10 11:52:48.920000,0.281,2025-01-10 11:52:13.000000,2025-01-10 11:53:13.000000,eqcct_explosions_th0_1/20250110T115213Z_20250110T115313Z/VAF_outputs/X_prediction_results.csv
KU1/HE.KU1..SHN__20250110T115216Z__20250110T115316Z.mseed,HE,KU1,0,0,0,0,2025-01-10 11:52:21.980000,0.599,,,2025-01-10 11:52:16.000000,2025-01-10 11:53:16.000000,eqcct_explosions_th0_1/20250110T115216Z_20250110T115316Z/KU1_outputs/X_prediction_results.csv
KU2/HE.KU2..SHN__20250110T115217Z__20250110T115317Z.mseed,HE,KU2,0,0,0,0,2025-01-10 11:52:21.480000,0.665,,,2025-01-10 11:52:17.000000,2025-01-10 11:53:17.000000,eqcct_explosions_th0_1/20250110T115217Z_20250110T115317Z/KU2_outputs/X_prediction_results.csv
VJF/HE.VJF..HHZ__20250110T115217Z__20250110T115317Z.mseed,HE,VJF,0,0,0,0,2025-01-10 11:52:21.920000,0.788,,,2025-01-10 11:52:17.000000,2025-01-10 11:53:17.000000,eqcct_explosions_th0_1/20250110T115217Z_20250110T115317Z/VJF_outputs/X_prediction_results.csv
RANF/FN.RANF..HHE__20250110T115221Z__20250110T115321Z.mseed,FN,RANF,0,0,0,0,2025-01-10 11:52:25.800000,0.478,2025-01-10 11:53:04.600000,0.181,2025-01-10 11:52:21.000000,2025-01-10 11:53:21.000000,eqcct_explosions_th0_1/20250110T115221Z_20250110T115321Z/RANF_outputs/X_prediction_results.csv
KPF/HE.KPF..HHZ__20250110T115222Z__20250110T115322Z.mseed,HE,KPF,0,0,0,0,2025-01-10 11:52:26.990000,0.665,,,2025-01-10 11:52:22.000000,2025-01-10 11:53:22.000000,eqcct_explosions_th0_1/20250110T115222Z_20250110T115322Z/KPF_outputs/X_prediction_results.csv
KU6/HE.KU6..HHE__20250110T115223Z__20250110T115323Z.mseed,HE,KU6,0,0,0,0,2025-01-10 11:52:27.180000,0.387,,,2025-01-10 11:52:23.000000,2025-01-10 11:53:23.000000,eqcct_explosions_th0_1/20250110T115223Z_20250110T115323Z/KU6_outputs/X_prediction_results.csv
OLKF/FN.OLKF..HHZ__20250110T115226Z__20250110T115326Z.mseed,FN,OLKF,0,0,0,0,2025-01-10 11:52:30.850000,0.714,2025-01-10 11:52:35.260000,0.202,2025-01-10 11:52:26.000000,2025-01-10 11:53:26.000000,eqcct_explosions_th0_1/20250110T115226Z_20250110T115326Z/OLKF_outputs/X_prediction_results.csv
PVF/HE.PVF..CHZ__20250110T115257Z__20250110T115357Z.mseed,HE,PVF,0,0,0,0,2025-01-10 11:53:01.080000,0.544,,,2025-01-10 11:52:57.000000,2025-01-10 11:53:57.000000,eqcct_explosions_th0_1/20250110T115257Z_20250110T115357Z/PVF_outputs/X_prediction_results.csv
TVF/HE.TVF..HHZ__20250110T120345Z__20250110T120445Z.mseed,HE,TVF,0,0,0,0,2025-01-10 12:03:49.352000,0.773,2025-01-10 12:03:58.902000,0.418,2025-01-10 12:03:45.000000,2025-01-10 12:04:45.000000,eqcct_explosions_th0_1/20250110T120345Z_20250110T120445Z/TVF_outputs/X_prediction_results.csv
KORF/HE.KORF..CHZ__20250110T120346Z__20250110T120446Z.mseed,HE,KORF,0,0,0,0,2025-01-10 12:03:51.016000,0.934,2025-01-10 12:04:00.446000,0.598,2025-01-10 12:03:46.000000,2025-01-10 12:04:46.000000,eqcct_explosions_th0_1/20250110T120346Z_20250110T120446Z/KORF_outputs/X_prediction_results.csv
RAF/HE.RAF..HHZ__20250110T120347Z__20250110T120447Z.mseed,HE,RAF,0,0,0,0,2025-01-10 12:03:52.670000,0.712,2025-01-10 12:04:03.040000,0.661,2025-01-10 12:03:47.000000,2025-01-10 12:04:47.000000,eqcct_explosions_th0_1/20250110T120347Z_20250110T120447Z/RAF_outputs/X_prediction_results.csv
MEF/HE.MEF..HHE__20250110T120349Z__20250110T120449Z.mseed,HE,MEF,0,0,0,0,2025-01-10 12:03:54.560000,0.908,2025-01-10 12:04:06.190000,0.617,2025-01-10 12:03:49.000000,2025-01-10 12:04:49.000000,eqcct_explosions_th0_1/20250110T120349Z_20250110T120449Z/MEF_outputs/X_prediction_results.csv
VUOS/HE.VUOS..HHN__20250110T120356Z__20250110T120456Z.mseed,HE,VUOS,0,0,0,0,2025-01-10 12:04:01.504000,0.616,,,2025-01-10 12:03:56.000000,2025-01-10 12:04:56.000000,eqcct_explosions_th0_1/20250110T120356Z_20250110T120456Z/VUOS_outputs/X_prediction_results.csv
TRE03/HE.TRE03..CHN__20250110T120359Z__20250110T120459Z.mseed,HE,TRE03,0,0,0,0,2025-01-10 12:04:04.456000,0.866,,,2025-01-10 12:03:59.000000,2025-01-10 12:04:59.000000,eqcct_explosions_th0_1/20250110T120359Z_20250110T120459Z/TRE03_outputs/X_prediction_results.csv
KPF/HE.KPF..HHE__20250110T120359Z__20250110T120459Z.mseed,HE,KPF,0,0,0,0,2025-01-10 12:04:04.900000,0.876,2025-01-10 12:04:24.650000,0.378,2025-01-10 12:03:59.000000,2025-01-10 12:04:59.000000,eqcct_explosions_th0_1/20250110T120359Z_20250110T120459Z/KPF_outputs/X_prediction_results.csv
PVF/HE.PVF..CHN__20250110T120402Z__20250110T120502Z.mseed,HE,PVF,0,0,0,0,2025-01-10 12:04:06.928000,0.732,,,2025-01-10 12:04:02.000000,2025-01-10 12:05:02.000000,eqcct_explosions_th0_1/20250110T120402Z_20250110T120502Z/PVF_outputs/X_prediction_results.csv
ECKF/HE.ECKF..CHE__20250110T120403Z__20250110T120503Z.mseed,HE,ECKF,0,0,0,0,2025-01-10 12:04:07.004000,0.76,,,2025-01-10 12:04:03.000000,2025-01-10 12:05:03.000000,eqcct_explosions_th0_1/20250110T120403Z_20250110T120503Z/ECKF_outputs/X_prediction_results.csv
LOVF/HE.LOVF..CHE__20250110T120405Z__20250110T120505Z.mseed,HE,LOVF,0,0,0,0,2025-01-10 12:04:09.716000,0.212,,,2025-01-10 12:04:05.000000,2025-01-10 12:05:05.000000,eqcct_explosions_th0_1/20250110T120405Z_20250110T120505Z/LOVF_outputs/X_prediction_results.csv
FIA0/HE.FIA0..HHE__20250110T120408Z__20250110T120508Z.mseed,HE,FIA0,0,0,0,0,2025-01-10 12:04:13.380000,0.771,,,2025-01-10 12:04:08.000000,2025-01-10 12:05:08.000000,eqcct_explosions_th0_1/20250110T120408Z_20250110T120508Z/FIA0_outputs/X_prediction_results.csv
FIA1/HE.FIA1..HHE__20250110T120408Z__20250110T120508Z.mseed,HE,FIA1,0,0,0,0,2025-01-10 12:04:12.760000,0.608,,,2025-01-10 12:04:08.000000,2025-01-10 12:05:08.000000,eqcct_explosions_th0_1/20250110T120408Z_20250110T120508Z/FIA1_outputs/X_prediction_results.csv
KY17/HE.KY17..CHE__20250110T120411Z__20250110T120511Z.mseed,HE,KY17,0,0,0,0,2025-01-10 12:04:15.792000,0.295,,,2025-01-10 12:04:11.000000,2025-01-10 12:05:11.000000,eqcct_explosions_th0_1/20250110T120411Z_20250110T120511Z/KY17_outputs/X_prediction_results.csv
KORF/HE.KORF..CHZ__20250110T120853Z__20250110T120953Z.mseed,HE,KORF,0,0,0,0,2025-01-10 12:08:58.180000,0.915,2025-01-10 12:09:04.150000,0.34,2025-01-10 12:08:53.000000,2025-01-10 12:09:53.000000,eqcct_explosions_th0_1/20250110T120853Z_20250110T120953Z/KORF_outputs/X_prediction_results.csv
RAF/HE.RAF..HHE__20250110T120859Z__20250110T120959Z.mseed,HE,RAF,0,0,0,0,2025-01-10 12:09:04.550000,0.797,2025-01-10 12:09:14.780000,0.821,2025-01-10 12:08:59.000000,2025-01-10 12:09:59.000000,eqcct_explosions_th0_1/20250110T120859Z_20250110T120959Z/RAF_outputs/X_prediction_results.csv
ECKF/HE.ECKF..CHE__20250110T120911Z__20250110T121011Z.mseed,HE,ECKF,0,0,0,0,2025-01-10 12:09:15.812000,0.675,,,2025-01-10 12:09:11.000000,2025-01-10 12:10:11.000000,eqcct_explosions_th0_1/20250110T120911Z_20250110T121011Z/ECKF_outputs/X_prediction_results.csv
KPF/HE.KPF..HHN__20250110T120914Z__20250110T121014Z.mseed,HE,KPF,0,0,0,0,2025-01-10 12:09:18.500000,0.906,2025-01-10 12:09:39.000000,0.353,2025-01-10 12:09:14.000000,2025-01-10 12:10:14.000000,eqcct_explosions_th0_1/20250110T120914Z_20250110T121014Z/KPF_outputs/X_prediction_results.csv
TOF/HE.TOF..HHE__20250110T124809Z__20250110T124909Z.mseed,HE,TOF,0,0,0,0,2025-01-10 12:48:14.540000,0.478,,,2025-01-10 12:48:09.000000,2025-01-10 12:49:09.000000,eqcct_explosions_th0_1/20250110T124809Z_20250110T124909Z/TOF_outputs/X_prediction_results.csv
OBF3/HE.OBF3..HHZ__20250110T124816Z__20250110T124916Z.mseed,HE,OBF3,0,0,0,0,2025-01-10 12:48:21.540000,0.721,2025-01-10 12:48:43.820000,0.201,2025-01-10 12:48:16.000000,2025-01-10 12:49:16.000000,eqcct_explosions_th0_1/20250110T124816Z_20250110T124916Z/OBF3_outputs/X_prediction_results.csv
OBF0/HE.OBF0..SHE__20250110T124817Z__20250110T124917Z.mseed,HE,OBF0,0,0,0,0,2025-01-10 12:48:21.582000,0.733,,,2025-01-10 12:48:17.000000,2025-01-10 12:49:17.000000,eqcct_explosions_th0_1/20250110T124817Z_20250110T124917Z/OBF0_outputs/X_prediction_results.csv
KLF/FN.KLF..BHN__20250110T124819Z__20250110T124919Z.mseed,FN,KLF,0,0,0,0,2025-01-10 12:48:24.600000,0.848,2025-01-10 12:48:49.120000,0.173,2025-01-10 12:48:19.000000,2025-01-10 12:49:19.000000,eqcct_explosions_th0_1/20250110T124819Z_20250110T124919Z/KLF_outputs/X_prediction_results.csv
OUF/HE.OUF..HHE__20250110T124821Z__20250110T124921Z.mseed,HE,OUF,0,0,0,0,2025-01-10 12:48:26.910000,0.734,,,2025-01-10 12:48:21.000000,2025-01-10 12:49:21.000000,eqcct_explosions_th0_1/20250110T124821Z_20250110T124921Z/OUF_outputs/X_prediction_results.csv
RUF/HE.RUF..HHZ__20250110T132924Z__20250110T133024Z.mseed,HE,RUF,0,0,0,0,2025-01-10 13:29:29.880000,0.894,2025-01-10 13:29:37.830000,0.64,2025-01-10 13:29:24.000000,2025-01-10 13:30:24.000000,eqcct_explosions_th0_1/20250110T132924Z_20250110T133024Z/RUF_outputs/X_prediction_results.csv
VJF/HE.VJF..HHE__20250110T132937Z__20250110T133037Z.mseed,HE,VJF,0,0,0,0,2025-01-10 13:29:42.100000,0.901,2025-01-10 13:29:45.180000,0.386,2025-01-10 13:29:37.000000,2025-01-10 13:30:37.000000,eqcct_explosions_th0_1/20250110T132937Z_20250110T133037Z/VJF_outputs/X_prediction_results.csv
KY17/HE.KY17..CHZ__20250110T132939Z__20250110T133039Z.mseed,HE,KY17,0,0,0,0,2025-01-10 13:29:44.780000,0.783,,,2025-01-10 13:29:39.000000,2025-01-10 13:30:39.000000,eqcct_explosions_th0_1/20250110T132939Z_20250110T133039Z/KY17_outputs/X_prediction_results.csv
FIA0/HE.FIA0..HHZ__20250110T132947Z__20250110T133047Z.mseed,HE,FIA0,0,0,0,0,2025-01-10 13:29:52.900000,0.895,,,2025-01-10 13:29:47.000000,2025-01-10 13:30:47.000000,eqcct_explosions_th0_1/20250110T132947Z_20250110T133047Z/FIA0_outputs/X_prediction_results.csv
JOF/HE.JOF..HHZ__20250110T132949Z__20250110T133049Z.mseed,HE,JOF,0,0,0,0,2025-01-10 13:29:54.080000,0.608,,,2025-01-10 13:29:49.000000,2025-01-10 13:30:49.000000,eqcct_explosions_th0_1/20250110T132949Z_20250110T133049Z/JOF_outputs/X_prediction_results.csv
KAF/HE.KAF..HHE__20250110T132950Z__20250110T133050Z.mseed,HE,KAF,0,0,0,0,2025-01-10 13:29:55.480000,0.84,2025-01-10 13:30:21.940000,0.387,2025-01-10 13:29:50.000000,2025-01-10 13:30:50.000000,eqcct_explosions_th0_1/20250110T132950Z_20250110T133050Z/KAF_outputs/X_prediction_results.csv
PVF/HE.PVF..CHZ__20250110T132950Z__20250110T133050Z.mseed,HE,PVF,0,0,0,0,2025-01-10 13:29:55.680000,0.595,2025-01-10 13:30:25.360000,0.447,2025-01-10 13:29:50.000000,2025-01-10 13:30:50.000000,eqcct_explosions_th0_1/20250110T132950Z_20250110T133050Z/PVF_outputs/X_prediction_results.csv
SUF/HE.SUF..HHE__20250110T132957Z__20250110T133057Z.mseed,HE,SUF,0,0,0,0,2025-01-10 13:30:02.640000,0.765,2025-01-10 13:30:34.560000,0.31,2025-01-10 13:29:57.000000,2025-01-10 13:30:57.000000,eqcct_explosions_th0_1/20250110T132957Z_20250110T133057Z/SUF_outputs/X_prediction_results.csv
NIF/HE.NIF..HHZ__20250110T132958Z__20250110T133058Z.mseed,HE,NIF,0,0,0,0,2025-01-10 13:30:03.480000,0.555,2025-01-10 13:30:35.360000,0.13,2025-01-10 13:29:58.000000,2025-01-10 13:30:58.000000,eqcct_explosions_th0_1/20250110T132958Z_20250110T133058Z/NIF_outputs/X_prediction_results.csv
KEF/HE.KEF..HHE__20250110T132959Z__20250110T133059Z.mseed,HE,KEF,0,0,0,0,2025-01-10 13:30:04.880000,0.562,,,2025-01-10 13:29:59.000000,2025-01-10 13:30:59.000000,eqcct_explosions_th0_1/20250110T132959Z_20250110T133059Z/KEF_outputs/X_prediction_results.csv
VUOS/HE.VUOS..HHE__20250110T132959Z__20250110T133059Z.mseed,HE,VUOS,0,0,0,0,2025-01-10 13:30:03.320000,0.678,,,2025-01-10 13:29:59.000000,2025-01-10 13:30:59.000000,eqcct_explosions_th0_1/20250110T132959Z_20250110T133059Z/VUOS_outputs/X_prediction_results.csv
NUR/HE.NUR..HHE__20250110T133000Z__20250110T133100Z.mseed,HE,NUR,0,0,0,0,2025-01-10 13:30:04.380000,0.638,2025-01-10 13:30:06.830000,0.829,2025-01-10 13:30:00.000000,2025-01-10 13:31:00.000000,eqcct_explosions_th0_1/20250110T133000Z_20250110T133100Z/NUR_outputs/X_prediction_results.csv
HEL1/HE.HEL1..HHZ__20250110T133001Z__20250110T133101Z.mseed,HE,HEL1,0,0,0,0,2025-01-10 13:30:06.010000,0.316,,,2025-01-10 13:30:01.000000,2025-01-10 13:31:01.000000,eqcct_explosions_th0_1/20250110T133001Z_20250110T133101Z/HEL1_outputs/X_prediction_results.csv
TRE03/HE.TRE03..CHE__20250110T133003Z__20250110T133103Z.mseed,HE,TRE03,0,0,0,0,2025-01-10 13:30:07.880000,0.586,,,2025-01-10 13:30:03.000000,2025-01-10 13:31:03.000000,eqcct_explosions_th0_1/20250110T133003Z_20250110T133103Z/TRE03_outputs/X_prediction_results.csv
MEF/HE.MEF..HHZ__20250110T133004Z__20250110T133104Z.mseed,HE,MEF,0,0,0,0,2025-01-10 13:30:08.440000,0.578,,,2025-01-10 13:30:04.000000,2025-01-10 13:31:04.000000,eqcct_explosions_th0_1/20250110T133004Z_20250110T133104Z/MEF_outputs/X_prediction_results.csv
RMF/HE.RMF..HHN__20250110T133008Z__20250110T133108Z.mseed,HE,RMF,0,0,0,0,2025-01-10 13:30:12.360000,0.158,,,2025-01-10 13:30:08.000000,2025-01-10 13:31:08.000000,eqcct_explosions_th0_1/20250110T133008Z_20250110T133108Z/RMF_outputs/X_prediction_results.csv
KJNF/HE.KJNF..CHE__20250110T133053Z__20250110T133153Z.mseed,HE,KJNF,0,0,0,0,2025-01-10 13:30:58.560000,0.615,,,2025-01-10 13:30:53.000000,2025-01-10 13:31:53.000000,eqcct_explosions_th0_1/20250110T133053Z_20250110T133153Z/KJNF_outputs/X_prediction_results.csv
KIF/HE.KIF..HHN__20250110T182628Z__20250110T182728Z.mseed,HE,KIF,0,0,0,0,2025-01-10 18:26:33.240000,0.528,2025-01-10 18:26:42.590000,0.734,2025-01-10 18:26:28.000000,2025-01-10 18:27:28.000000,eqcct_explosions_th0_1/20250110T182628Z_20250110T182728Z/KIF_outputs/X_prediction_results.csv
HEF/HE.HEF..HHZ__20250110T182649Z__20250110T182749Z.mseed,HE,HEF,0,0,0,0,2025-01-10 18:26:53.690000,0.868,2025-01-10 18:27:19.880000,0.286,2025-01-10 18:26:49.000000,2025-01-10 18:27:49.000000,eqcct_explosions_th0_1/20250110T182649Z_20250110T182749Z/HEF_outputs/X_prediction_results.csv
VRF/HE.VRF..HHE__20250110T200542Z__20250110T200642Z.mseed,HE,VRF,0,0,0,0,2025-01-10 20:05:46.280000,0.869,2025-01-10 20:06:06.070000,0.427,2025-01-10 20:05:42.000000,2025-01-10 20:06:42.000000,eqcct_explosions_th0_1/20250110T200542Z_20250110T200642Z/VRF_outputs/X_prediction_results.csv
RAJF/FN.RAJF..HHZ__20250110T200551Z__20250110T200651Z.mseed,FN,RAJF,0,0,0,0,,,2025-01-10 20:06:23.110000,0.168,2025-01-10 20:05:51.000000,2025-01-10 20:06:51.000000,eqcct_explosions_th0_1/20250110T200551Z_20250110T200651Z/RAJF_outputs/X_prediction_results.csv
OLKF/FN.OLKF..HHN__20250110T200552Z__20250110T200652Z.mseed,FN,OLKF,0,0,0,0,2025-01-10 20:05:56.750000,0.819,2025-01-10 20:06:24.780000,0.264,2025-01-10 20:05:52.000000,2025-01-10 20:06:52.000000,eqcct_explosions_th0_1/20250110T200552Z_20250110T200652Z/OLKF_outputs/X_prediction_results.csv
KU6/HE.KU6..HHN__20250110T200553Z__20250110T200653Z.mseed,HE,KU6,0,0,0,0,2025-01-10 20:05:57.140000,0.833,2025-01-10 20:06:27.470000,0.204,2025-01-10 20:05:53.000000,2025-01-10 20:06:53.000000,eqcct_explosions_th0_1/20250110T200553Z_20250110T200653Z/KU6_outputs/X_prediction_results.csv
KEV/HE.KEV..HHN__20250110T200605Z__20250110T200705Z.mseed,HE,KEV,0,0,0,0,2025-01-10 20:06:10.330000,0.693,,,2025-01-10 20:06:05.000000,2025-01-10 20:07:05.000000,eqcct_explosions_th0_1/20250110T200605Z_20250110T200705Z/KEV_outputs/X_prediction_results.csv
VRF/HE.VRF..HHZ__20250111T201429Z__20250111T201529Z.mseed,HE,VRF,0,0,0,0,2025-01-11 20:14:33.180000,0.749,2025-01-11 20:14:53.980000,0.618,2025-01-11 20:14:29.000000,2025-01-11 20:15:29.000000,eqcct_explosions_th0_1/20250111T201429Z_20250111T201529Z/VRF_outputs/X_prediction_results.csv
RAJF/FN.RAJF..HHE__20250111T201439Z__20250111T201539Z.mseed,FN,RAJF,0,0,0,0,2025-01-11 20:14:43.280000,0.141,,,2025-01-11 20:14:39.000000,2025-01-11 20:15:39.000000,eqcct_explosions_th0_1/20250111T201439Z_20250111T201539Z/RAJF_outputs/X_prediction_results.csv
OLKF/FN.OLKF..BHZ__20250111T201440Z__20250111T201540Z.mseed,FN,OLKF,0,0,0,0,2025-01-11 20:14:44.100000,0.71,2025-01-11 20:15:12.900000,0.504,2025-01-11 20:14:40.000000,2025-01-11 20:15:40.000000,eqcct_explosions_th0_1/20250111T201440Z_20250111T201540Z/OLKF_outputs/X_prediction_results.csv
KU6/HE.KU6..HHN__20250111T201440Z__20250111T201540Z.mseed,HE,KU6,0,0,0,0,2025-01-11 20:14:45.640000,0.681,2025-01-11 20:15:14.990000,0.406,2025-01-11 20:14:40.000000,2025-01-11 20:15:40.000000,eqcct_explosions_th0_1/20250111T201440Z_20250111T201540Z/KU6_outputs/X_prediction_results.csv
KEV/HE.KEV..HHZ__20250111T201453Z__20250111T201553Z.mseed,HE,KEV,0,0,0,0,2025-01-11 20:14:57.110000,0.713,,,2025-01-11 20:14:53.000000,2025-01-11 20:15:53.000000,eqcct_explosions_th0_1/20250111T201453Z_20250111T201553Z/KEV_outputs/X_prediction_results.csv
VRF/HE.VRF..HHZ__20250111T213216Z__20250111T213316Z.mseed,HE,VRF,0,0,0,0,2025-01-11 21:32:20.450000,0.746,2025-01-11 21:32:40.560000,0.224,2025-01-11 21:32:16.000000,2025-01-11 21:33:16.000000,eqcct_explosions_th0_1/20250111T213216Z_20250111T213316Z/VRF_outputs/X_prediction_results.csv
RAJF/FN.RAJF..BHN__20250111T213225Z__20250111T213325Z.mseed,FN,RAJF,0,0,0,0,2025-01-11 21:32:29.480000,0.171,,,2025-01-11 21:32:25.000000,2025-01-11 21:33:25.000000,eqcct_explosions_th0_1/20250111T213225Z_20250111T213325Z/RAJF_outputs/X_prediction_results.csv
OLKF/FN.OLKF..HHN__20250111T213226Z__20250111T213326Z.mseed,FN,OLKF,0,0,0,0,2025-01-11 21:32:31.010000,0.375,2025-01-11 21:32:59.020000,0.34,2025-01-11 21:32:26.000000,2025-01-11 21:33:26.000000,eqcct_explosions_th0_1/20250111T213226Z_20250111T213326Z/OLKF_outputs/X_prediction_results.csv
KU6/HE.KU6..HHZ__20250111T213227Z__20250111T213327Z.mseed,HE,KU6,0,0,0,0,2025-01-11 21:32:31.200000,0.491,2025-01-11 21:33:01.750000,0.283,2025-01-11 21:32:27.000000,2025-01-11 21:33:27.000000,eqcct_explosions_th0_1/20250111T213227Z_20250111T213327Z/KU6_outputs/X_prediction_results.csv
KEV/HE.KEV..HHZ__20250111T213317Z__20250111T213417Z.mseed,HE,KEV,0,0,0,0,2025-01-11 21:33:21.620000,0.639,,,2025-01-11 21:33:17.000000,2025-01-11 21:34:17.000000,eqcct_explosions_th0_1/20250111T213317Z_20250111T213417Z/KEV_outputs/X_prediction_results.csv
OBF8/HE.OBF8..HHN__20250112T005014Z__20250112T005114Z.mseed,HE,OBF8,0,0,0,0,2025-01-12 00:50:18.700000,0.433,,,2025-01-12 00:50:14.000000,2025-01-12 00:51:14.000000,eqcct_explosions_th0_1/20250112T005014Z_20250112T005114Z/OBF8_outputs/X_prediction_results.csv
OBF0/HE.OBF0..SHN__20250112T005019Z__20250112T005119Z.mseed,HE,OBF0,0,0,0,0,2025-01-12 00:50:23.346000,0.641,,,2025-01-12 00:50:19.000000,2025-01-12 00:51:19.000000,eqcct_explosions_th0_1/20250112T005019Z_20250112T005119Z/OBF0_outputs/X_prediction_results.csv
OBF3/HE.OBF3..HHE__20250112T005021Z__20250112T005121Z.mseed,HE,OBF3,0,0,0,0,2025-01-12 00:50:26.804000,0.541,,,2025-01-12 00:50:21.000000,2025-01-12 00:51:21.000000,eqcct_explosions_th0_1/20250112T005021Z_20250112T005121Z/OBF3_outputs/X_prediction_results.csv
OUF/HE.OUF..HHZ__20250112T005022Z__20250112T005122Z.mseed,HE,OUF,0,0,0,0,2025-01-12 00:50:26.790000,0.424,,,2025-01-12 00:50:22.000000,2025-01-12 00:51:22.000000,eqcct_explosions_th0_1/20250112T005022Z_20250112T005122Z/OUF_outputs/X_prediction_results.csv
VAF/HE.VAF..HHZ__20250112T005025Z__20250112T005125Z.mseed,HE,VAF,0,0,0,0,2025-01-12 00:50:30.690000,0.274,,,2025-01-12 00:50:25.000000,2025-01-12 00:51:25.000000,eqcct_explosions_th0_1/20250112T005025Z_20250112T005125Z/VAF_outputs/X_prediction_results.csv
TOF/HE.TOF..HHN__20250112T005025Z__20250112T005125Z.mseed,HE,TOF,0,0,0,0,2025-01-12 00:50:29.460000,0.371,,,2025-01-12 00:50:25.000000,2025-01-12 00:51:25.000000,eqcct_explosions_th0_1/20250112T005025Z_20250112T005125Z/TOF_outputs/X_prediction_results.csv
RAJF/FN.RAJF..BHZ__20250112T041931Z__20250112T042031Z.mseed,FN,RAJF,0,0,0,0,2025-01-12 04:19:36.870000,0.803,2025-01-12 04:19:57.990000,0.162,2025-01-12 04:19:31.000000,2025-01-12 04:20:31.000000,eqcct_explosions_th0_1/20250112T041931Z_20250112T042031Z/RAJF_outputs/X_prediction_results.csv
KEV/HE.KEV..HHE__20250112T041933Z__20250112T042033Z.mseed,HE,KEV,0,0,0,0,2025-01-12 04:19:37.950000,0.533,2025-01-12 04:19:55.870000,0.375,2025-01-12 04:19:33.000000,2025-01-12 04:20:33.000000,eqcct_explosions_th0_1/20250112T041933Z_20250112T042033Z/KEV_outputs/X_prediction_results.csv
RAJF/FN.RAJF..BHZ__20250112T161050Z__20250112T161150Z.mseed,FN,RAJF,0,0,0,0,2025-01-12 16:10:55.300000,0.793,2025-01-12 16:11:16.430000,0.449,2025-01-12 16:10:50.000000,2025-01-12 16:11:50.000000,eqcct_explosions_th0_1/20250112T161050Z_20250112T161150Z/RAJF_outputs/X_prediction_results.csv
KEV/HE.KEV..HHE__20250112T161052Z__20250112T161152Z.mseed,HE,KEV,0,0,0,0,2025-01-12 16:10:57.360000,0.847,2025-01-12 16:11:15.110000,0.331,2025-01-12 16:10:52.000000,2025-01-12 16:11:52.000000,eqcct_explosions_th0_1/20250112T161052Z_20250112T161152Z/KEV_outputs/X_prediction_results.csv
VRF/HE.VRF..HHZ__20250112T161058Z__20250112T161158Z.mseed,HE,VRF,0,0,0,0,2025-01-12 16:11:02.880000,0.908,2025-01-12 16:11:26.630000,0.495,2025-01-12 16:10:58.000000,2025-01-12 16:11:58.000000,eqcct_explosions_th0_1/20250112T161058Z_20250112T161158Z/VRF_outputs/X_prediction_results.csv
HEF/HE.HEF..HHZ__20250112T161116Z__20250112T161216Z.mseed,HE,HEF,0,0,0,0,2025-01-12 16:11:20.130000,0.413,,,2025-01-12 16:11:16.000000,2025-01-12 16:12:16.000000,eqcct_explosions_th0_1/20250112T161116Z_20250112T161216Z/HEF_outputs/X_prediction_results.csv
KU2/HE.KU2..SHE__20250112T161213Z__20250112T161313Z.mseed,HE,KU2,0,0,0,0,2025-01-12 16:12:18.170000,0.21,2025-01-12 16:12:24.030000,0.497,2025-01-12 16:12:13.000000,2025-01-12 16:13:13.000000,eqcct_explosions_th0_1/20250112T161213Z_20250112T161313Z/KU2_outputs/X_prediction_results.csv
HEF/HE.HEF..HHE__20250112T164708Z__20250112T164808Z.mseed,HE,HEF,0,0,0,0,2025-01-12 16:47:13.780000,0.696,2025-01-12 16:47:24.790000,0.603,2025-01-12 16:47:08.000000,2025-01-12 16:48:08.000000,eqcct_explosions_th0_1/20250112T164708Z_20250112T164808Z/HEF_outputs/X_prediction_results.csv
KLF/FN.KLF..HHE__20250112T164710Z__20250112T164810Z.mseed,FN,KLF,0,0,0,0,2025-01-12 16:47:15.750000,0.783,2025-01-12 16:47:25.740000,0.319,2025-01-12 16:47:10.000000,2025-01-12 16:48:10.000000,eqcct_explosions_th0_1/20250112T164710Z_20250112T164810Z/KLF_outputs/X_prediction_results.csv
RAJF/FN.RAJF..BHE__20250112T164717Z__20250112T164817Z.mseed,FN,RAJF,0,0,0,0,2025-01-12 16:47:21.300000,0.847,2025-01-12 16:47:37.650000,0.174,2025-01-12 16:47:17.000000,2025-01-12 16:48:17.000000,eqcct_explosions_th0_1/20250112T164717Z_20250112T164817Z/RAJF_outputs/X_prediction_results.csv
VRF/HE.VRF..HHZ__20250112T164723Z__20250112T164823Z.mseed,HE,VRF,0,0,0,0,2025-01-12 16:47:27.920000,0.648,,,2025-01-12 16:47:23.000000,2025-01-12 16:48:23.000000,eqcct_explosions_th0_1/20250112T164723Z_20250112T164823Z/VRF_outputs/X_prediction_results.csv
KEV/HE.KEV..HHZ__20250112T164729Z__20250112T164829Z.mseed,HE,KEV,0,0,0,0,2025-01-12 16:47:33.460000,0.677,2025-01-12 16:47:58.450000,0.224,2025-01-12 16:47:29.000000,2025-01-12 16:48:29.000000,eqcct_explosions_th0_1/20250112T164729Z_20250112T164829Z/KEV_outputs/X_prediction_results.csv
RANF/FN.RANF..BHN__20250112T164730Z__20250112T164830Z.mseed,FN,RANF,0,0,0,0,2025-01-12 16:47:34.460000,0.46,2025-01-12 16:48:01.360000,0.124,2025-01-12 16:47:30.000000,2025-01-12 16:48:30.000000,eqcct_explosions_th0_1/20250112T164730Z_20250112T164830Z/RANF_outputs/X_prediction_results.csv
OLKF/FN.OLKF..BHE__20250112T164734Z__20250112T164834Z.mseed,FN,OLKF,0,0,0,0,2025-01-12 16:47:38.310000,0.693,,,2025-01-12 16:47:34.000000,2025-01-12 16:48:34.000000,eqcct_explosions_th0_1/20250112T164734Z_20250112T164834Z/OLKF_outputs/X_prediction_results.csv
KU2/HE.KU2..SHN__20250112T164739Z__20250112T164839Z.mseed,HE,KU2,0,0,0,0,2025-01-12 16:47:43.100000,0.457,,,2025-01-12 16:47:39.000000,2025-01-12 16:48:39.000000,eqcct_explosions_th0_1/20250112T164739Z_20250112T164839Z/KU2_outputs/X_prediction_results.csv
TOF/HE.TOF..HHE__20250112T164754Z__20250112T164854Z.mseed,HE,TOF,0,0,0,0,2025-01-12 16:47:58.550000,0.138,,,2025-01-12 16:47:54.000000,2025-01-12 16:48:54.000000,eqcct_explosions_th0_1/20250112T164754Z_20250112T164854Z/TOF_outputs/X_prediction_results.csv
KU6/HE.KU6..HHN__20250112T164814Z__20250112T164914Z.mseed,HE,KU6,0,0,0,0,2025-01-12 16:48:18.210000,0.184,,,2025-01-12 16:48:14.000000,2025-01-12 16:49:14.000000,eqcct_explosions_th0_1/20250112T164814Z_20250112T164914Z/KU6_outputs/X_prediction_results.csv
VRF/HE.VRF..HHE__20250112T200504Z__20250112T200604Z.mseed,HE,VRF,0,0,0,0,2025-01-12 20:05:09.180000,0.788,2025-01-12 20:05:30.130000,0.429,2025-01-12 20:05:04.000000,2025-01-12 20:06:04.000000,eqcct_explosions_th0_1/20250112T200504Z_20250112T200604Z/VRF_outputs/X_prediction_results.csv
RAJF/FN.RAJF..BHZ__20250112T200513Z__20250112T200613Z.mseed,FN,RAJF,0,0,0,0,2025-01-12 20:05:17.080000,0.164,,,2025-01-12 20:05:13.000000,2025-01-12 20:06:13.000000,eqcct_explosions_th0_1/20250112T200513Z_20250112T200613Z/RAJF_outputs/X_prediction_results.csv
KU6/HE.KU6..HHE__20250112T200514Z__20250112T200614Z.mseed,HE,KU6,0,0,0,0,2025-01-12 20:05:18.560000,0.827,2025-01-12 20:05:49.030000,0.514,2025-01-12 20:05:14.000000,2025-01-12 20:06:14.000000,eqcct_explosions_th0_1/20250112T200514Z_20250112T200614Z/KU6_outputs/X_prediction_results.csv
OLKF/FN.OLKF..BHE__20250112T200514Z__20250112T200614Z.mseed,FN,OLKF,0,0,0,0,2025-01-12 20:05:18.250000,0.796,2025-01-12 20:05:47.480000,0.402,2025-01-12 20:05:14.000000,2025-01-12 20:06:14.000000,eqcct_explosions_th0_1/20250112T200514Z_20250112T200614Z/OLKF_outputs/X_prediction_results.csv
KEV/HE.KEV..HHZ__20250112T200527Z__20250112T200627Z.mseed,HE,KEV,0,0,0,0,2025-01-12 20:05:32.700000,0.768,2025-01-12 20:06:10.990000,0.132,2025-01-12 20:05:27.000000,2025-01-12 20:06:27.000000,eqcct_explosions_th0_1/20250112T200527Z_20250112T200627Z/KEV_outputs/X_prediction_results.csv
RANF/FN.RANF..BHN__20250112T200531Z__20250112T200631Z.mseed,FN,RANF,0,0,0,0,2025-01-12 20:05:35.140000,0.217,,,2025-01-12 20:05:31.000000,2025-01-12 20:06:31.000000,eqcct_explosions_th0_1/20250112T200531Z_20250112T200631Z/RANF_outputs/X_prediction_results.csv
VAF/HE.VAF..HHZ__20250113T080215Z__20250113T080315Z.mseed,HE,VAF,0,0,0,0,2025-01-13 08:02:20.580000,0.874,2025-01-13 08:02:30.140000,0.376,2025-01-13 08:02:15.000000,2025-01-13 08:03:15.000000,eqcct_explosions_th0_1/20250113T080215Z_20250113T080315Z/VAF_outputs/X_prediction_results.csv
OUF/HE.OUF..HHN__20250113T080221Z__20250113T080321Z.mseed,HE,OUF,0,0,0,0,2025-01-13 08:02:26.180000,0.819,2025-01-13 08:02:38.150000,0.525,2025-01-13 08:02:21.000000,2025-01-13 08:03:21.000000,eqcct_explosions_th0_1/20250113T080221Z_20250113T080321Z/OUF_outputs/X_prediction_results.csv
OBF0/HE.OBF0..HHN__20250113T080221Z__20250113T080321Z.mseed,HE,OBF0,0,0,0,0,2025-01-13 08:02:26.162000,0.696,2025-01-13 08:02:38.822000,0.379,2025-01-13 08:02:21.000000,2025-01-13 08:03:21.000000,eqcct_explosions_th0_1/20250113T080221Z_20250113T080321Z/OBF0_outputs/X_prediction_results.csv
KEF/HE.KEF..HHE__20250113T080232Z__20250113T080332Z.mseed,HE,KEF,0,0,0,0,2025-01-13 08:02:37.400000,0.5,2025-01-13 08:02:58.120000,0.334,2025-01-13 08:02:32.000000,2025-01-13 08:03:32.000000,eqcct_explosions_th0_1/20250113T080232Z_20250113T080332Z/KEF_outputs/X_prediction_results.csv
KPF/HE.KPF..HHZ__20250113T080238Z__20250113T080338Z.mseed,HE,KPF,0,0,0,0,2025-01-13 08:02:42.592000,0.778,2025-01-13 08:03:06.982000,0.224,2025-01-13 08:02:38.000000,2025-01-13 08:03:38.000000,eqcct_explosions_th0_1/20250113T080238Z_20250113T080338Z/KPF_outputs/X_prediction_results.csv
KAF/HE.KAF..HHN__20250113T080239Z__20250113T080339Z.mseed,HE,KAF,0,0,0,0,2025-01-13 08:02:43.600000,0.87,2025-01-13 08:03:10.320000,0.42,2025-01-13 08:02:39.000000,2025-01-13 08:03:39.000000,eqcct_explosions_th0_1/20250113T080239Z_20250113T080339Z/KAF_outputs/X_prediction_results.csv
NIF/HE.NIF..HHE__20250113T080239Z__20250113T080339Z.mseed,HE,NIF,0,0,0,0,2025-01-13 08:02:43.540000,0.898,2025-01-13 08:03:08.610000,0.427,2025-01-13 08:02:39.000000,2025-01-13 08:03:39.000000,eqcct_explosions_th0_1/20250113T080239Z_20250113T080339Z/NIF_outputs/X_prediction_results.csv
TRE03/HE.TRE03..CHE__20250113T080306Z__20250113T080406Z.mseed,HE,TRE03,0,0,0,0,2025-01-13 08:03:10.950000,0.137,,,2025-01-13 08:03:06.000000,2025-01-13 08:04:06.000000,eqcct_explosions_th0_1/20250113T080306Z_20250113T080406Z/TRE03_outputs/X_prediction_results.csv
TOF/HE.TOF..HHN__20250113T080319Z__20250113T080419Z.mseed,HE,TOF,0,0,0,0,2025-01-13 08:03:23.560000,0.121,,,2025-01-13 08:03:19.000000,2025-01-13 08:04:19.000000,eqcct_explosions_th0_1/20250113T080319Z_20250113T080419Z/TOF_outputs/X_prediction_results.csv
FIA0/HE.FIA0..HHZ__20250113T080319Z__20250113T080419Z.mseed,HE,FIA0,0,0,0,0,2025-01-13 08:03:23.200000,0.168,,,2025-01-13 08:03:19.000000,2025-01-13 08:04:19.000000,eqcct_explosions_th0_1/20250113T080319Z_20250113T080419Z/FIA0_outputs/X_prediction_results.csv
KJNF/HE.KJNF..CHZ__20250113T110052Z__20250113T110152Z.mseed,HE,KJNF,0,0,0,0,2025-01-13 11:00:55.680000,0.621,2025-01-13 11:00:57.690000,0.711,2025-01-13 11:00:52.000000,2025-01-13 11:01:52.000000,eqcct_explosions_th0_1/20250113T110052Z_20250113T110152Z/KJNF_outputs/X_prediction_results.csv
NIF/HE.NIF..HHE__20250113T110103Z__20250113T110203Z.mseed,HE,NIF,0,0,0,0,2025-01-13 11:01:08.880000,0.877,2025-01-13 11:01:20.070000,0.471,2025-01-13 11:01:03.000000,2025-01-13 11:02:03.000000,eqcct_explosions_th0_1/20250113T110103Z_20250113T110203Z/NIF_outputs/X_prediction_results.csv
RMF/HE.RMF..HHN__20250113T110103Z__20250113T110203Z.mseed,HE,RMF,0,0,0,0,2025-01-13 11:01:08.580000,0.903,2025-01-13 11:01:20.530000,0.363,2025-01-13 11:01:03.000000,2025-01-13 11:02:03.000000,eqcct_explosions_th0_1/20250113T110103Z_20250113T110203Z/RMF_outputs/X_prediction_results.csv
KU2/HE.KU2..SHZ__20250113T110114Z__20250113T110214Z.mseed,HE,KU2,0,0,0,0,2025-01-13 11:01:19.152000,0.836,2025-01-13 11:01:38.102000,0.245,2025-01-13 11:01:14.000000,2025-01-13 11:02:14.000000,eqcct_explosions_th0_1/20250113T110114Z_20250113T110214Z/KU2_outputs/X_prediction_results.csv
KU1/HE.KU1..SHE__20250113T110114Z__20250113T110214Z.mseed,HE,KU1,0,0,0,0,2025-01-13 11:01:19.280000,0.898,2025-01-13 11:01:38.700000,0.733,2025-01-13 11:01:14.000000,2025-01-13 11:02:14.000000,eqcct_explosions_th0_1/20250113T110114Z_20250113T110214Z/KU1_outputs/X_prediction_results.csv
OBF3/HE.OBF3..HHN__20250113T110115Z__20250113T110215Z.mseed,HE,OBF3,0,0,0,0,2025-01-13 11:01:20.580000,0.891,2025-01-13 11:01:40.640000,0.529,2025-01-13 11:01:15.000000,2025-01-13 11:02:15.000000,eqcct_explosions_th0_1/20250113T110115Z_20250113T110215Z/OBF3_outputs/X_prediction_results.csv
OBF0/HE.OBF0..HHN__20250113T110118Z__20250113T110218Z.mseed,HE,OBF0,0,0,0,0,2025-01-13 11:01:22.440000,0.894,,,2025-01-13 11:01:18.000000,2025-01-13 11:02:18.000000,eqcct_explosions_th0_1/20250113T110118Z_20250113T110218Z/OBF0_outputs/X_prediction_results.csv
SUF/HE.SUF..HHZ__20250113T110119Z__20250113T110219Z.mseed,HE,SUF,0,0,0,0,,,2025-01-13 11:01:47.850000,0.479,2025-01-13 11:01:19.000000,2025-01-13 11:02:19.000000,eqcct_explosions_th0_1/20250113T110119Z_20250113T110219Z/SUF_outputs/X_prediction_results.csv
RANF/FN.RANF..BHN__20250113T110121Z__20250113T110221Z.mseed,FN,RANF,0,0,0,0,2025-01-13 11:01:25.200000,0.764,2025-01-13 11:01:50.400000,0.177,2025-01-13 11:01:21.000000,2025-01-13 11:02:21.000000,eqcct_explosions_th0_1/20250113T110121Z_20250113T110221Z/RANF_outputs/X_prediction_results.csv
KU6/HE.KU6..HHE__20250113T110122Z__20250113T110222Z.mseed,HE,KU6,0,0,0,0,2025-01-13 11:01:27.280000,0.683,2025-01-13 11:01:51.650000,0.379,2025-01-13 11:01:22.000000,2025-01-13 11:02:22.000000,eqcct_explosions_th0_1/20250113T110122Z_20250113T110222Z/KU6_outputs/X_prediction_results.csv
JOF/HE.JOF..HHZ__20250113T110123Z__20250113T110223Z.mseed,HE,JOF,0,0,0,0,2025-01-13 11:01:28.580000,0.759,2025-01-13 11:01:55.130000,0.462,2025-01-13 11:01:23.000000,2025-01-13 11:02:23.000000,eqcct_explosions_th0_1/20250113T110123Z_20250113T110223Z/JOF_outputs/X_prediction_results.csv
OLKF/FN.OLKF..BHN__20250113T110126Z__20250113T110226Z.mseed,FN,OLKF,0,0,0,0,2025-01-13 11:01:31.170000,0.494,2025-01-13 11:01:58.150000,0.29,2025-01-13 11:01:26.000000,2025-01-13 11:02:26.000000,eqcct_explosions_th0_1/20250113T110126Z_20250113T110226Z/OLKF_outputs/X_prediction_results.csv
KAF/HE.KAF..HHZ__20250113T110128Z__20250113T110228Z.mseed,HE,KAF,0,0,0,0,2025-01-13 11:01:32.890000,0.619,2025-01-13 11:02:04.510000,0.108,2025-01-13 11:01:28.000000,2025-01-13 11:02:28.000000,eqcct_explosions_th0_1/20250113T110128Z_20250113T110228Z/KAF_outputs/X_prediction_results.csv
OUF/HE.OUF..HHE__20250113T110133Z__20250113T110233Z.mseed,HE,OUF,0,0,0,0,2025-01-13 11:01:37.650000,0.553,2025-01-13 11:01:41.410000,0.458,2025-01-13 11:01:33.000000,2025-01-13 11:02:33.000000,eqcct_explosions_th0_1/20250113T110133Z_20250113T110233Z/OUF_outputs/X_prediction_results.csv
VAF/HE.VAF..HHZ__20250113T110134Z__20250113T110234Z.mseed,HE,VAF,0,0,0,0,2025-01-13 11:01:38.780000,0.672,2025-01-13 11:02:13.850000,0.287,2025-01-13 11:01:34.000000,2025-01-13 11:02:34.000000,eqcct_explosions_th0_1/20250113T110134Z_20250113T110234Z/VAF_outputs/X_prediction_results.csv
VRF/HE.VRF..HHZ__20250113T110144Z__20250113T110244Z.mseed,HE,VRF,0,0,0,0,2025-01-13 11:01:48.750000,0.394,,,2025-01-13 11:01:44.000000,2025-01-13 11:02:44.000000,eqcct_explosions_th0_1/20250113T110144Z_20250113T110244Z/VRF_outputs/X_prediction_results.csv
KEF/HE.KEF..HHE__20250113T110204Z__20250113T110304Z.mseed,HE,KEF,0,0,0,0,2025-01-13 11:02:08.710000,0.148,2025-01-13 11:02:09.760000,0.538,2025-01-13 11:02:04.000000,2025-01-13 11:03:04.000000,eqcct_explosions_th0_1/20250113T110204Z_20250113T110304Z/KEF_outputs/X_prediction_results.csv
FIA0/HE.FIA0..HHN__20250113T121140Z__20250113T121240Z.mseed,HE,FIA0,0,0,0,0,2025-01-13 12:11:46.110000,0.779,2025-01-13 12:11:52.510000,0.744,2025-01-13 12:11:40.000000,2025-01-13 12:12:40.000000,eqcct_explosions_th0_1/20250113T121140Z_20250113T121240Z/FIA0_outputs/X_prediction_results.csv
KAF/HE.KAF..HHE__20250113T121144Z__20250113T121244Z.mseed,HE,KAF,0,0,0,0,2025-01-13 12:11:49.000000,0.942,2025-01-13 12:11:57.630000,0.431,2025-01-13 12:11:44.000000,2025-01-13 12:12:44.000000,eqcct_explosions_th0_1/20250113T121144Z_20250113T121244Z/KAF_outputs/X_prediction_results.csv
KY17/HE.KY17..CHZ__20250113T121145Z__20250113T121245Z.mseed,HE,KY17,0,0,0,0,2025-01-13 12:11:50.192000,0.886,2025-01-13 12:11:58.912000,0.465,2025-01-13 12:11:45.000000,2025-01-13 12:12:45.000000,eqcct_explosions_th0_1/20250113T121145Z_20250113T121245Z/KY17_outputs/X_prediction_results.csv
RUF/HE.RUF..HHN__20250113T121150Z__20250113T121250Z.mseed,HE,RUF,0,0,0,0,2025-01-13 12:11:55.740000,0.837,2025-01-13 12:12:08.310000,0.626,2025-01-13 12:11:50.000000,2025-01-13 12:12:50.000000,eqcct_explosions_th0_1/20250113T121150Z_20250113T121250Z/RUF_outputs/X_prediction_results.csv
VJF/HE.VJF..HHZ__20250113T121152Z__20250113T121252Z.mseed,HE,VJF,0,0,0,0,2025-01-13 12:11:57.650000,0.74,2025-01-13 12:12:12.650000,0.561,2025-01-13 12:11:52.000000,2025-01-13 12:12:52.000000,eqcct_explosions_th0_1/20250113T121152Z_20250113T121252Z/VJF_outputs/X_prediction_results.csv
KEF/HE.KEF..HHE__20250113T121153Z__20250113T121253Z.mseed,HE,KEF,0,0,0,0,2025-01-13 12:11:58.760000,0.902,2025-01-13 12:12:14.510000,0.57,2025-01-13 12:11:53.000000,2025-01-13 12:12:53.000000,eqcct_explosions_th0_1/20250113T121153Z_20250113T121253Z/KEF_outputs/X_prediction_results.csv
SUF/HE.SUF..HHE__20250113T121154Z__20250113T121254Z.mseed,HE,SUF,0,0,0,0,2025-01-13 12:11:59.950000,0.748,2025-01-13 12:12:16.770000,0.283,2025-01-13 12:11:54.000000,2025-01-13 12:12:54.000000,eqcct_explosions_th0_1/20250113T121154Z_20250113T121254Z/SUF_outputs/X_prediction_results.csv
PVF/HE.PVF..CHE__20250113T121154Z__20250113T121254Z.mseed,HE,PVF,0,0,0,0,2025-01-13 12:11:59.180000,0.853,2025-01-13 12:12:14.960000,0.697,2025-01-13 12:11:54.000000,2025-01-13 12:12:54.000000,eqcct_explosions_th0_1/20250113T121154Z_20250113T121254Z/PVF_outputs/X_prediction_results.csv
TRE03/HE.TRE03..CHN__20250113T121156Z__20250113T121256Z.mseed,HE,TRE03,0,0,0,0,2025-01-13 12:12:01.980000,0.868,2025-01-13 12:12:19.950000,0.25,2025-01-13 12:11:56.000000,2025-01-13 12:12:56.000000,eqcct_explosions_th0_1/20250113T121156Z_20250113T121256Z/TRE03_outputs/X_prediction_results.csv
NUR/HE.NUR..HHZ__20250113T121201Z__20250113T121301Z.mseed,HE,NUR,0,0,0,0,2025-01-13 12:12:05.500000,0.763,,,2025-01-13 12:12:01.000000,2025-01-13 12:13:01.000000,eqcct_explosions_th0_1/20250113T121201Z_20250113T121301Z/NUR_outputs/X_prediction_results.csv
VUOS/HE.VUOS..HHN__20250113T121202Z__20250113T121302Z.mseed,HE,VUOS,0,0,0,0,2025-01-13 12:12:07.810000,0.62,,,2025-01-13 12:12:02.000000,2025-01-13 12:13:02.000000,eqcct_explosions_th0_1/20250113T121202Z_20250113T121302Z/VUOS_outputs/X_prediction_results.csv
KUNI/HE.KUNI..HHE__20250113T121203Z__20250113T121303Z.mseed,HE,KUNI,0,0,0,0,2025-01-13 12:12:07.480000,0.869,,,2025-01-13 12:12:03.000000,2025-01-13 12:13:03.000000,eqcct_explosions_th0_1/20250113T121203Z_20250113T121303Z/KUNI_outputs/X_prediction_results.csv
HEL5/HE.HEL5..HHE__20250113T121206Z__20250113T121306Z.mseed,HE,HEL5,0,0,0,0,2025-01-13 12:12:10.380000,0.731,,,2025-01-13 12:12:06.000000,2025-01-13 12:13:06.000000,eqcct_explosions_th0_1/20250113T121206Z_20250113T121306Z/HEL5_outputs/X_prediction_results.csv
MEF/HE.MEF..HHN__20250113T121206Z__20250113T121306Z.mseed,HE,MEF,0,0,0,0,2025-01-13 12:12:11.700000,0.689,,,2025-01-13 12:12:06.000000,2025-01-13 12:13:06.000000,eqcct_explosions_th0_1/20250113T121206Z_20250113T121306Z/MEF_outputs/X_prediction_results.csv
NIF/HE.NIF..HHE__20250113T121206Z__20250113T121306Z.mseed,HE,NIF,0,0,0,0,2025-01-13 12:12:10.480000,0.612,,,2025-01-13 12:12:06.000000,2025-01-13 12:13:06.000000,eqcct_explosions_th0_1/20250113T121206Z_20250113T121306Z/NIF_outputs/X_prediction_results.csv
JOF/HE.JOF..HHN__20250113T121215Z__20250113T121315Z.mseed,HE,JOF,0,0,0,0,2025-01-13 12:12:20.960000,0.617,2025-01-13 12:12:51.700000,0.751,2025-01-13 12:12:15.000000,2025-01-13 12:13:15.000000,eqcct_explosions_th0_1/20250113T121215Z_20250113T121315Z/JOF_outputs/X_prediction_results.csv
KPF/HE.KPF..HHZ__20250113T121215Z__20250113T121315Z.mseed,HE,KPF,0,0,0,0,2025-01-13 12:12:19.932000,0.791,2025-01-13 12:12:49.162000,0.316,2025-01-13 12:12:15.000000,2025-01-13 12:13:15.000000,eqcct_explosions_th0_1/20250113T121215Z_20250113T121315Z/KPF_outputs/X_prediction_results.csv
VAF/HE.VAF..HHE__20250113T121217Z__20250113T121317Z.mseed,HE,VAF,0,0,0,0,2025-01-13 12:12:21.840000,0.277,2025-01-13 12:12:53.950000,0.262,2025-01-13 12:12:17.000000,2025-01-13 12:13:17.000000,eqcct_explosions_th0_1/20250113T121217Z_20250113T121317Z/VAF_outputs/X_prediction_results.csv
RAF/HE.RAF..HHZ__20250113T121218Z__20250113T121318Z.mseed,HE,RAF,0,0,0,0,2025-01-13 12:12:23.250000,0.721,2025-01-13 12:12:57.250000,0.511,2025-01-13 12:12:18.000000,2025-01-13 12:13:18.000000,eqcct_explosions_th0_1/20250113T121218Z_20250113T121318Z/RAF_outputs/X_prediction_results.csv
TOF/HE.TOF..HHN__20250113T123015Z__20250113T123115Z.mseed,HE,TOF,0,0,0,0,2025-01-13 12:30:20.980000,0.933,2025-01-13 12:30:27.780000,0.581,2025-01-13 12:30:15.000000,2025-01-13 12:31:15.000000,eqcct_explosions_th0_1/20250113T123015Z_20250113T123115Z/TOF_outputs/X_prediction_results.csv
RANF/FN.RANF..BHE__20250113T123021Z__20250113T123121Z.mseed,FN,RANF,0,0,0,0,2025-01-13 12:30:26.300000,0.953,2025-01-13 12:30:37.490000,0.486,2025-01-13 12:30:21.000000,2025-01-13 12:31:21.000000,eqcct_explosions_th0_1/20250113T123021Z_20250113T123121Z/RANF_outputs/X_prediction_results.csv
OBF3/HE.OBF3..HHE__20250113T123023Z__20250113T123123Z.mseed,HE,OBF3,0,0,0,0,2025-01-13 12:30:28.112000,0.817,2025-01-13 12:30:39.772000,0.574,2025-01-13 12:30:23.000000,2025-01-13 12:31:23.000000,eqcct_explosions_th0_1/20250113T123023Z_20250113T123123Z/OBF3_outputs/X_prediction_results.csv
KU2/HE.KU2..SHN__20250113T123030Z__20250113T123130Z.mseed,HE,KU2,0,0,0,0,2025-01-13 12:30:35.980000,0.658,2025-01-13 12:30:54.130000,0.154,2025-01-13 12:30:30.000000,2025-01-13 12:31:30.000000,eqcct_explosions_th0_1/20250113T123030Z_20250113T123130Z/KU2_outputs/X_prediction_results.csv
OUF/HE.OUF..HHE__20250113T123031Z__20250113T123131Z.mseed,HE,OUF,0,0,0,0,2025-01-13 12:30:35.630000,0.757,,,2025-01-13 12:30:31.000000,2025-01-13 12:31:31.000000,eqcct_explosions_th0_1/20250113T123031Z_20250113T123131Z/OUF_outputs/X_prediction_results.csv
OBF0/HE.OBF0..SHZ__20250113T123031Z__20250113T123131Z.mseed,HE,OBF0,0,0,0,0,2025-01-13 12:30:35.972000,0.705,,,2025-01-13 12:30:31.000000,2025-01-13 12:31:31.000000,eqcct_explosions_th0_1/20250113T123031Z_20250113T123131Z/OBF0_outputs/X_prediction_results.csv
KLF/FN.KLF..BHZ__20250113T123036Z__20250113T123136Z.mseed,FN,KLF,0,0,0,0,2025-01-13 12:30:41.770000,0.514,,,2025-01-13 12:30:36.000000,2025-01-13 12:31:36.000000,eqcct_explosions_th0_1/20250113T123036Z_20250113T123136Z/KLF_outputs/X_prediction_results.csv
KU1/HE.KU1..SHN__20250113T123040Z__20250113T123140Z.mseed,HE,KU1,0,0,0,0,2025-01-13 12:30:45.780000,0.446,,,2025-01-13 12:30:40.000000,2025-01-13 12:31:40.000000,eqcct_explosions_th0_1/20250113T123040Z_20250113T123140Z/KU1_outputs/X_prediction_results.csv
HEF/HE.HEF..HHE__20250113T123131Z__20250113T123231Z.mseed,HE,HEF,0,0,0,0,2025-01-13 12:31:35.580000,0.165,,,2025-01-13 12:31:31.000000,2025-01-13 12:32:31.000000,eqcct_explosions_th0_1/20250113T123131Z_20250113T123231Z/HEF_outputs/X_prediction_results.csv
TRE03/HE.TRE03..CHZ__20250113T125840Z__20250113T125940Z.mseed,HE,TRE03,0,0,0,0,2025-01-13 12:58:45.372000,0.948,2025-01-13 12:58:50.862000,0.268,2025-01-13 12:58:40.000000,2025-01-13 12:59:40.000000,eqcct_explosions_th0_1/20250113T125840Z_20250113T125940Z/TRE03_outputs/X_prediction_results.csv
KPF/HE.KPF..HHN__20250113T125848Z__20250113T125948Z.mseed,HE,KPF,0,0,0,0,2025-01-13 12:58:53.452000,0.602,2025-01-13 12:59:04.122000,0.408,2025-01-13 12:58:48.000000,2025-01-13 12:59:48.000000,eqcct_explosions_th0_1/20250113T125848Z_20250113T125948Z/KPF_outputs/X_prediction_results.csv
KEF/HE.KEF..HHE__20250113T125851Z__20250113T125951Z.mseed,HE,KEF,0,0,0,0,2025-01-13 12:58:56.180000,0.351,,,2025-01-13 12:58:51.000000,2025-01-13 12:59:51.000000,eqcct_explosions_th0_1/20250113T125851Z_20250113T125951Z/KEF_outputs/X_prediction_results.csv
RAF/HE.RAF..HHN__20250113T125852Z__20250113T125952Z.mseed,HE,RAF,0,0,0,0,2025-01-13 12:58:57.750000,0.75,2025-01-13 12:59:11.370000,0.345,2025-01-13 12:58:52.000000,2025-01-13 12:59:52.000000,eqcct_explosions_th0_1/20250113T125852Z_20250113T125952Z/RAF_outputs/X_prediction_results.csv
FIA0/HE.FIA0..HHN__20250113T125858Z__20250113T125958Z.mseed,HE,FIA0,0,0,0,0,2025-01-13 12:59:01.910000,0.624,2025-01-13 12:59:18.960000,0.601,2025-01-13 12:58:58.000000,2025-01-13 12:59:58.000000,eqcct_explosions_th0_1/20250113T125858Z_20250113T125958Z/FIA0_outputs/X_prediction_results.csv
KAF/HE.KAF..HHE__20250113T125900Z__20250113T130000Z.mseed,HE,KAF,0,0,0,0,2025-01-13 12:59:05.350000,0.594,2025-01-13 12:59:24.830000,0.226,2025-01-13 12:59:00.000000,2025-01-13 13:00:00.000000,eqcct_explosions_th0_1/20250113T125900Z_20250113T130000Z/KAF_outputs/X_prediction_results.csv
VAF/HE.VAF..HHZ__20250113T125903Z__20250113T130003Z.mseed,HE,VAF,0,0,0,0,2025-01-13 12:59:08.780000,0.775,,,2025-01-13 12:59:03.000000,2025-01-13 13:00:03.000000,eqcct_explosions_th0_1/20250113T125903Z_20250113T130003Z/VAF_outputs/X_prediction_results.csv
PVF/HE.PVF..CHE__20250113T125903Z__20250113T130003Z.mseed,HE,PVF,0,0,0,0,2025-01-13 12:59:07.432000,0.758,,,2025-01-13 12:59:03.000000,2025-01-13 13:00:03.000000,eqcct_explosions_th0_1/20250113T125903Z_20250113T130003Z/PVF_outputs/X_prediction_results.csv
KORF/HE.KORF..CHN__20250113T125906Z__20250113T130006Z.mseed,HE,KORF,0,0,0,0,2025-01-13 12:59:11.250000,0.707,,,2025-01-13 12:59:06.000000,2025-01-13 13:00:06.000000,eqcct_explosions_th0_1/20250113T125906Z_20250113T130006Z/KORF_outputs/X_prediction_results.csv
MEF/HE.MEF..HHZ__20250113T125918Z__20250113T130018Z.mseed,HE,MEF,0,0,0,0,2025-01-13 12:59:22.210000,0.176,,,2025-01-13 12:59:18.000000,2025-01-13 13:00:18.000000,eqcct_explosions_th0_1/20250113T125918Z_20250113T130018Z/MEF_outputs/X_prediction_results.csv
TVF/HE.TVF..HHZ__20250113T125927Z__20250113T130027Z.mseed,HE,TVF,0,0,0,0,2025-01-13 12:59:31.950000,0.119,,,2025-01-13 12:59:27.000000,2025-01-13 13:00:27.000000,eqcct_explosions_th0_1/20250113T125927Z_20250113T130027Z/TVF_outputs/X_prediction_results.csv
MEF/HE.MEF..HHN__20250113T135557Z__20250113T135657Z.mseed,HE,MEF,0,0,0,0,2025-01-13 13:56:02.630000,0.941,2025-01-13 13:56:24.500000,0.828,2025-01-13 13:55:57.000000,2025-01-13 13:56:57.000000,eqcct_explosions_th0_1/20250113T135557Z_20250113T135657Z/MEF_outputs/X_prediction_results.csv
HEL5/HE.HEL5..HHN__20250113T135557Z__20250113T135657Z.mseed,HE,HEL5,0,0,0,0,2025-01-13 13:56:02.476000,0.946,2025-01-13 13:56:04.116000,0.773,2025-01-13 13:55:57.000000,2025-01-13 13:56:57.000000,eqcct_explosions_th0_1/20250113T135557Z_20250113T135657Z/HEL5_outputs/X_prediction_results.csv
LAUT/HE.LAUT..HHE__20250113T135558Z__20250113T135658Z.mseed,HE,LAUT,0,0,0,0,2025-01-13 13:56:03.484000,0.93,2025-01-13 13:56:05.634000,0.795,2025-01-13 13:55:58.000000,2025-01-13 13:56:58.000000,eqcct_explosions_th0_1/20250113T135558Z_20250113T135658Z/LAUT_outputs/X_prediction_results.csv
HEL1/HE.HEL1..HHE__20250113T135558Z__20250113T135658Z.mseed,HE,HEL1,0,0,0,0,2025-01-13 13:56:03.816000,0.907,2025-01-13 13:56:06.166000,0.567,2025-01-13 13:55:58.000000,2025-01-13 13:56:58.000000,eqcct_explosions_th0_1/20250113T135558Z_20250113T135658Z/HEL1_outputs/X_prediction_results.csv
KUNI/HE.KUNI..HHE__20250113T135559Z__20250113T135659Z.mseed,HE,KUNI,0,0,0,0,2025-01-13 13:56:04.708000,0.866,2025-01-13 13:56:07.758000,0.696,2025-01-13 13:55:59.000000,2025-01-13 13:56:59.000000,eqcct_explosions_th0_1/20250113T135559Z_20250113T135659Z/KUNI_outputs/X_prediction_results.csv
VUOS/HE.VUOS..HHZ__20250113T135601Z__20250113T135701Z.mseed,HE,VUOS,0,0,0,0,2025-01-13 13:56:05.516000,0.252,2025-01-13 13:56:10.206000,0.337,2025-01-13 13:56:01.000000,2025-01-13 13:57:01.000000,eqcct_explosions_th0_1/20250113T135601Z_20250113T135701Z/VUOS_outputs/X_prediction_results.csv
NUR/HE.NUR..HHN__20250113T135602Z__20250113T135702Z.mseed,HE,NUR,0,0,0,0,2025-01-13 13:56:07.476000,0.259,,,2025-01-13 13:56:02.000000,2025-01-13 13:57:02.000000,eqcct_explosions_th0_1/20250113T135602Z_20250113T135702Z/NUR_outputs/X_prediction_results.csv
MEF/HE.MEF..HHN__20250113T140126Z__20250113T140226Z.mseed,HE,MEF,0,0,0,0,2025-01-13 14:01:31.860000,0.868,2025-01-13 14:01:33.510000,0.805,2025-01-13 14:01:26.000000,2025-01-13 14:02:26.000000,eqcct_explosions_th0_1/20250113T140126Z_20250113T140226Z/MEF_outputs/X_prediction_results.csv
HEL5/HE.HEL5..HHE__20250113T140128Z__20250113T140228Z.mseed,HE,HEL5,0,0,0,0,2025-01-13 14:01:33.310000,0.858,2025-01-13 14:01:36.480000,0.66,2025-01-13 14:01:28.000000,2025-01-13 14:02:28.000000,eqcct_explosions_th0_1/20250113T140128Z_20250113T140228Z/HEL5_outputs/X_prediction_results.csv
LAUT/HE.LAUT..HHN__20250113T140129Z__20250113T140229Z.mseed,HE,LAUT,0,0,0,0,2025-01-13 14:01:34.512000,0.925,2025-01-13 14:01:38.182000,0.687,2025-01-13 14:01:29.000000,2025-01-13 14:02:29.000000,eqcct_explosions_th0_1/20250113T140129Z_20250113T140229Z/LAUT_outputs/X_prediction_results.csv
HEL1/HE.HEL1..HHN__20250113T140129Z__20250113T140229Z.mseed,HE,HEL1,0,0,0,0,2025-01-13 14:01:34.852000,0.826,2025-01-13 14:01:38.772000,0.579,2025-01-13 14:01:29.000000,2025-01-13 14:02:29.000000,eqcct_explosions_th0_1/20250113T140129Z_20250113T140229Z/HEL1_outputs/X_prediction_results.csv
KUNI/HE.KUNI..HHN__20250113T140130Z__20250113T140230Z.mseed,HE,KUNI,0,0,0,0,2025-01-13 14:01:35.760000,0.845,2025-01-13 14:01:40.310000,0.657,2025-01-13 14:01:30.000000,2025-01-13 14:02:30.000000,eqcct_explosions_th0_1/20250113T140130Z_20250113T140230Z/KUNI_outputs/X_prediction_results.csv
NUR/HE.NUR..HHZ__20250113T140132Z__20250113T140232Z.mseed,HE,NUR,0,0,0,0,2025-01-13 14:01:37.660000,0.919,2025-01-13 14:01:43.410000,0.52,2025-01-13 14:01:32.000000,2025-01-13 14:02:32.000000,eqcct_explosions_th0_1/20250113T140132Z_20250113T140232Z/NUR_outputs/X_prediction_results.csv
VUOS/HE.VUOS..HHN__20250113T140132Z__20250113T140232Z.mseed,HE,VUOS,0,0,0,0,2025-01-13 14:01:37.232000,0.894,2025-01-13 14:01:42.802000,0.341,2025-01-13 14:01:32.000000,2025-01-13 14:02:32.000000,eqcct_explosions_th0_1/20250113T140132Z_20250113T140232Z/VUOS_outputs/X_prediction_results.csv
TVF/HE.TVF..HHE__20250113T140136Z__20250113T140236Z.mseed,HE,TVF,0,0,0,0,2025-01-13 14:01:41.180000,0.811,2025-01-13 14:01:50.040000,0.463,2025-01-13 14:01:36.000000,2025-01-13 14:02:36.000000,eqcct_explosions_th0_1/20250113T140136Z_20250113T140236Z/TVF_outputs/X_prediction_results.csv
PVF/HE.PVF..CHE__20250113T140140Z__20250113T140240Z.mseed,HE,PVF,0,0,0,0,2025-01-13 14:01:45.860000,0.89,2025-01-13 14:01:58.820000,0.548,2025-01-13 14:01:40.000000,2025-01-13 14:02:40.000000,eqcct_explosions_th0_1/20250113T140140Z_20250113T140240Z/PVF_outputs/X_prediction_results.csv
KORF/HE.KORF..CHN__20250113T140151Z__20250113T140251Z.mseed,HE,KORF,0,0,0,0,2025-01-13 14:01:56.420000,0.773,2025-01-13 14:02:11.210000,0.201,2025-01-13 14:01:51.000000,2025-01-13 14:02:51.000000,eqcct_explosions_th0_1/20250113T140151Z_20250113T140251Z/KORF_outputs/X_prediction_results.csv
KY17/HE.KY17..CHE__20250113T140153Z__20250113T140253Z.mseed,HE,KY17,0,0,0,0,2025-01-13 14:01:58.620000,0.606,,,2025-01-13 14:01:53.000000,2025-01-13 14:02:53.000000,eqcct_explosions_th0_1/20250113T140153Z_20250113T140253Z/KY17_outputs/X_prediction_results.csv
RAF/HE.RAF..HHE__20250113T140153Z__20250113T140253Z.mseed,HE,RAF,0,0,0,0,2025-01-13 14:01:58.480000,0.74,2025-01-13 14:02:19.400000,0.586,2025-01-13 14:01:53.000000,2025-01-13 14:02:53.000000,eqcct_explosions_th0_1/20250113T140153Z_20250113T140253Z/RAF_outputs/X_prediction_results.csv
TRE03/HE.TRE03..CHE__20250113T140153Z__20250113T140253Z.mseed,HE,TRE03,0,0,0,0,2025-01-13 14:01:58.140000,0.726,2025-01-13 14:02:17.800000,0.355,2025-01-13 14:01:53.000000,2025-01-13 14:02:53.000000,eqcct_explosions_th0_1/20250113T140153Z_20250113T140253Z/TRE03_outputs/X_prediction_results.csv
FIA0/HE.FIA0..HHE__20250113T140153Z__20250113T140253Z.mseed,HE,FIA0,0,0,0,0,2025-01-13 14:01:58.700000,0.923,2025-01-13 14:02:20.190000,0.23,2025-01-13 14:01:53.000000,2025-01-13 14:02:53.000000,eqcct_explosions_th0_1/20250113T140153Z_20250113T140253Z/FIA0_outputs/X_prediction_results.csv
VJF/HE.VJF..HHZ__20250113T140155Z__20250113T140255Z.mseed,HE,VJF,0,0,0,0,2025-01-13 14:02:00.120000,0.654,,,2025-01-13 14:01:55.000000,2025-01-13 14:02:55.000000,eqcct_explosions_th0_1/20250113T140155Z_20250113T140255Z/VJF_outputs/X_prediction_results.csv
KEF/HE.KEF..HHZ__20250113T140202Z__20250113T140302Z.mseed,HE,KEF,0,0,0,0,2025-01-13 14:02:06.580000,0.605,,,2025-01-13 14:02:02.000000,2025-01-13 14:03:02.000000,eqcct_explosions_th0_1/20250113T140202Z_20250113T140302Z/KEF_outputs/X_prediction_results.csv
KPF/HE.KPF..HHE__20250113T140202Z__20250113T140302Z.mseed,HE,KPF,0,0,0,0,2025-01-13 14:02:07.680000,0.732,,,2025-01-13 14:02:02.000000,2025-01-13 14:03:02.000000,eqcct_explosions_th0_1/20250113T140202Z_20250113T140302Z/KPF_outputs/X_prediction_results.csv
KAF/HE.KAF..HHZ__20250113T140233Z__20250113T140333Z.mseed,HE,KAF,0,0,0,0,,,2025-01-13 14:02:38.600000,0.109,2025-01-13 14:02:33.000000,2025-01-13 14:03:33.000000,eqcct_explosions_th0_1/20250113T140233Z_20250113T140333Z/KAF_outputs/X_prediction_results.csv
KAF/HE.KAF..HHE__20250113T142403Z__20250113T142503Z.mseed,HE,KAF,0,0,0,0,2025-01-13 14:24:08.130000,0.875,2025-01-13 14:24:15.320000,0.244,2025-01-13 14:24:03.000000,2025-01-13 14:25:03.000000,eqcct_explosions_th0_1/20250113T142403Z_20250113T142503Z/KAF_outputs/X_prediction_results.csv
FIA0/HE.FIA0..HHE__20250113T142405Z__20250113T142505Z.mseed,HE,FIA0,0,0,0,0,2025-01-13 14:24:10.600000,0.84,2025-01-13 14:24:20.090000,0.201,2025-01-13 14:24:05.000000,2025-01-13 14:25:05.000000,eqcct_explosions_th0_1/20250113T142405Z_20250113T142505Z/FIA0_outputs/X_prediction_results.csv
RUF/HE.RUF..HHE__20250113T142409Z__20250113T142509Z.mseed,HE,RUF,0,0,0,0,2025-01-13 14:24:14.830000,0.773,,,2025-01-13 14:24:09.000000,2025-01-13 14:25:09.000000,eqcct_explosions_th0_1/20250113T142409Z_20250113T142509Z/RUF_outputs/X_prediction_results.csv
KY17/HE.KY17..CHN__20250113T142410Z__20250113T142510Z.mseed,HE,KY17,0,0,0,0,2025-01-13 14:24:14.982000,0.753,2025-01-13 14:24:26.722000,0.585,2025-01-13 14:24:10.000000,2025-01-13 14:25:10.000000,eqcct_explosions_th0_1/20250113T142410Z_20250113T142510Z/KY17_outputs/X_prediction_results.csv
SUF/HE.SUF..HHZ__20250113T142412Z__20250113T142512Z.mseed,HE,SUF,0,0,0,0,2025-01-13 14:24:17.620000,0.815,2025-01-13 14:24:31.990000,0.514,2025-01-13 14:24:12.000000,2025-01-13 14:25:12.000000,eqcct_explosions_th0_1/20250113T142412Z_20250113T142512Z/SUF_outputs/X_prediction_results.csv
KEF/HE.KEF..HHN__20250113T142415Z__20250113T142515Z.mseed,HE,KEF,0,0,0,0,2025-01-13 14:24:20.180000,0.78,2025-01-13 14:24:36.410000,0.226,2025-01-13 14:24:15.000000,2025-01-13 14:25:15.000000,eqcct_explosions_th0_1/20250113T142415Z_20250113T142515Z/KEF_outputs/X_prediction_results.csv
VJF/HE.VJF..HHE__20250113T142418Z__20250113T142518Z.mseed,HE,VJF,0,0,0,0,2025-01-13 14:24:22.760000,0.819,,,2025-01-13 14:24:18.000000,2025-01-13 14:25:18.000000,eqcct_explosions_th0_1/20250113T142418Z_20250113T142518Z/VJF_outputs/X_prediction_results.csv
PVF/HE.PVF..CHZ__20250113T142419Z__20250113T142519Z.mseed,HE,PVF,0,0,0,0,2025-01-13 14:24:24.532000,0.807,2025-01-13 14:24:44.122000,0.123,2025-01-13 14:24:19.000000,2025-01-13 14:25:19.000000,eqcct_explosions_th0_1/20250113T142419Z_20250113T142519Z/PVF_outputs/X_prediction_results.csv
TRE03/HE.TRE03..CHN__20250113T142420Z__20250113T142520Z.mseed,HE,TRE03,0,0,0,0,2025-01-13 14:24:24.612000,0.445,,,2025-01-13 14:24:20.000000,2025-01-13 14:25:20.000000,eqcct_explosions_th0_1/20250113T142420Z_20250113T142520Z/TRE03_outputs/X_prediction_results.csv
NIF/HE.NIF..HHE__20250113T142422Z__20250113T142522Z.mseed,HE,NIF,0,0,0,0,2025-01-13 14:24:27.680000,0.676,2025-01-13 14:24:48.870000,0.494,2025-01-13 14:24:22.000000,2025-01-13 14:25:22.000000,eqcct_explosions_th0_1/20250113T142422Z_20250113T142522Z/NIF_outputs/X_prediction_results.csv
JOF/HE.JOF..HHE__20250113T142432Z__20250113T142532Z.mseed,HE,JOF,0,0,0,0,2025-01-13 14:24:37.580000,0.687,2025-01-13 14:25:05.970000,0.381,2025-01-13 14:24:32.000000,2025-01-13 14:25:32.000000,eqcct_explosions_th0_1/20250113T142432Z_20250113T142532Z/JOF_outputs/X_prediction_results.csv
RAJF/FN.RAJF..HHN__20250113T160049Z__20250113T160149Z.mseed,FN,RAJF,0,0,0,0,2025-01-13 16:00:53.550000,0.886,2025-01-13 16:01:15.640000,0.279,2025-01-13 16:00:49.000000,2025-01-13 16:01:49.000000,eqcct_explosions_th0_1/20250113T160049Z_20250113T160149Z/RAJF_outputs/X_prediction_results.csv
KEV/HE.KEV..HHN__20250113T160051Z__20250113T160151Z.mseed,HE,KEV,0,0,0,0,2025-01-13 16:00:56.060000,0.828,2025-01-13 16:01:13.230000,0.424,2025-01-13 16:00:51.000000,2025-01-13 16:01:51.000000,eqcct_explosions_th0_1/20250113T160051Z_20250113T160151Z/KEV_outputs/X_prediction_results.csv
RAJF/FN.RAJF..BHN__20250113T160210Z__20250113T160310Z.mseed,FN,RAJF,0,0,0,0,2025-01-13 16:02:15.310000,0.505,2025-01-13 16:02:31.090000,0.141,2025-01-13 16:02:10.000000,2025-01-13 16:03:10.000000,eqcct_explosions_th0_1/20250113T160210Z_20250113T160310Z/RAJF_outputs/X_prediction_results.csv
KEV/HE.KEV..HHZ__20250113T160212Z__20250113T160312Z.mseed,HE,KEV,0,0,0,0,2025-01-13 16:02:17.160000,0.873,2025-01-13 16:02:34.510000,0.263,2025-01-13 16:02:12.000000,2025-01-13 16:03:12.000000,eqcct_explosions_th0_1/20250113T160212Z_20250113T160312Z/KEV_outputs/X_prediction_results.csv
HEF/HE.HEF..HHE__20250113T164004Z__20250113T164104Z.mseed,HE,HEF,0,0,0,0,2025-01-13 16:40:08.020000,0.537,,,2025-01-13 16:40:04.000000,2025-01-13 16:41:04.000000,eqcct_explosions_th0_1/20250113T164004Z_20250113T164104Z/HEF_outputs/X_prediction_results.csv
KLF/FN.KLF..BHN__20250113T164005Z__20250113T164105Z.mseed,FN,KLF,0,0,0,0,2025-01-13 16:40:10.500000,0.771,2025-01-13 16:40:21.990000,0.316,2025-01-13 16:40:05.000000,2025-01-13 16:41:05.000000,eqcct_explosions_th0_1/20250113T164005Z_20250113T164105Z/KLF_outputs/X_prediction_results.csv
KIF/HE.KIF..HHN__20250113T164046Z__20250113T164146Z.mseed,HE,KIF,0,0,0,0,2025-01-13 16:40:50.280000,0.397,2025-01-13 16:40:59.170000,0.173,2025-01-13 16:40:46.000000,2025-01-13 16:41:46.000000,eqcct_explosions_th0_1/20250113T164046Z_20250113T164146Z/KIF_outputs/X_prediction_results.csv
OLKF/FN.OLKF..HHZ__20250113T164059Z__20250113T164159Z.mseed,FN,OLKF,0,0,0,0,2025-01-13 16:41:03.260000,0.378,,,2025-01-13 16:40:59.000000,2025-01-13 16:41:59.000000,eqcct_explosions_th0_1/20250113T164059Z_20250113T164159Z/OLKF_outputs/X_prediction_results.csv
VRF/HE.VRF..HHE__20250113T200536Z__20250113T200636Z.mseed,HE,VRF,0,0,0,0,2025-01-13 20:05:40.490000,0.703,2025-01-13 20:06:02.340000,0.463,2025-01-13 20:05:36.000000,2025-01-13 20:06:36.000000,eqcct_explosions_th0_1/20250113T200536Z_20250113T200636Z/VRF_outputs/X_prediction_results.csv
OLKF/FN.OLKF..BHZ__20250113T200545Z__20250113T200645Z.mseed,FN,OLKF,0,0,0,0,2025-01-13 20:05:49.860000,0.388,2025-01-13 20:06:19.800000,0.514,2025-01-13 20:05:45.000000,2025-01-13 20:06:45.000000,eqcct_explosions_th0_1/20250113T200545Z_20250113T200645Z/OLKF_outputs/X_prediction_results.csv
KU6/HE.KU6..HHE__20250113T200547Z__20250113T200647Z.mseed,HE,KU6,0,0,0,0,2025-01-13 20:05:51.080000,0.76,,,2025-01-13 20:05:47.000000,2025-01-13 20:06:47.000000,eqcct_explosions_th0_1/20250113T200547Z_20250113T200647Z/KU6_outputs/X_prediction_results.csv
KEV/HE.KEV..HHN__20250113T200559Z__20250113T200659Z.mseed,HE,KEV,0,0,0,0,2025-01-13 20:06:03.440000,0.414,,,2025-01-13 20:05:59.000000,2025-01-13 20:06:59.000000,eqcct_explosions_th0_1/20250113T200559Z_20250113T200659Z/KEV_outputs/X_prediction_results.csv
RAJF/FN.RAJF..BHE__20250113T200613Z__20250113T200713Z.mseed,FN,RAJF,0,0,0,0,2025-01-13 20:06:17.900000,0.696,2025-01-13 20:06:49.290000,0.202,2025-01-13 20:06:13.000000,2025-01-13 20:07:13.000000,eqcct_explosions_th0_1/20250113T200613Z_20250113T200713Z/RAJF_outputs/X_prediction_results.csv
VRF/HE.VRF..HHE__20250113T201256Z__20250113T201356Z.mseed,HE,VRF,0,0,0,0,2025-01-13 20:13:00.210000,0.473,2025-01-13 20:13:20.240000,0.322,2025-01-13 20:12:56.000000,2025-01-13 20:13:56.000000,eqcct_explosions_th0_1/20250113T201256Z_20250113T201356Z/VRF_outputs/X_prediction_results.csv
OLKF/FN.OLKF..BHE__20250113T201304Z__20250113T201404Z.mseed,FN,OLKF,0,0,0,0,2025-01-13 20:13:08.930000,0.364,,,2025-01-13 20:13:04.000000,2025-01-13 20:14:04.000000,eqcct_explosions_th0_1/20250113T201304Z_20250113T201404Z/OLKF_outputs/X_prediction_results.csv
RAJF/FN.RAJF..BHN__20250113T201331Z__20250113T201431Z.mseed,FN,RAJF,0,0,0,0,2025-01-13 20:13:35.900000,0.516,,,2025-01-13 20:13:31.000000,2025-01-13 20:14:31.000000,eqcct_explosions_th0_1/20250113T201331Z_20250113T201431Z/RAJF_outputs/X_prediction_results.csv
MEF/HE.MEF..HHE__20250114T073107Z__20250114T073207Z.mseed,HE,MEF,0,0,0,0,2025-01-14 07:31:12.260000,0.942,2025-01-14 07:31:13.760000,0.751,2025-01-14 07:31:07.000000,2025-01-14 07:32:07.000000,eqcct_explosions_th0_1/20250114T073107Z_20250114T073207Z/MEF_outputs/X_prediction_results.csv
HEL5/HE.HEL5..HHZ__20250114T073110Z__20250114T073210Z.mseed,HE,HEL5,0,0,0,0,2025-01-14 07:31:15.776000,0.953,2025-01-14 07:31:19.676000,0.692,2025-01-14 07:31:10.000000,2025-01-14 07:32:10.000000,eqcct_explosions_th0_1/20250114T073110Z_20250114T073210Z/HEL5_outputs/X_prediction_results.csv
RSUO/HE.RSUO..HHZ__20250114T073111Z__20250114T073211Z.mseed,HE,RSUO,0,0,0,0,2025-01-14 07:31:16.436000,0.859,2025-01-14 07:31:20.406000,0.536,2025-01-14 07:31:11.000000,2025-01-14 07:32:11.000000,eqcct_explosions_th0_1/20250114T073111Z_20250114T073211Z/RSUO_outputs/X_prediction_results.csv
KUNI/HE.KUNI..HHZ__20250114T073111Z__20250114T073211Z.mseed,HE,KUNI,0,0,0,0,2025-01-14 07:31:16.116000,0.909,2025-01-14 07:31:20.486000,0.406,2025-01-14 07:31:11.000000,2025-01-14 07:32:11.000000,eqcct_explosions_th0_1/20250114T073111Z_20250114T073211Z/KUNI_outputs/X_prediction_results.csv
LAUT/HE.LAUT..HHZ__20250114T073111Z__20250114T073211Z.mseed,HE,LAUT,0,0,0,0,2025-01-14 07:31:16.288000,0.881,2025-01-14 07:31:20.398000,0.724,2025-01-14 07:31:11.000000,2025-01-14 07:32:11.000000,eqcct_explosions_th0_1/20250114T073111Z_20250114T073211Z/LAUT_outputs/X_prediction_results.csv
HEL1/HE.HEL1..HHN__20250114T073111Z__20250114T073211Z.mseed,HE,HEL1,0,0,0,0,2025-01-14 07:31:16.288000,0.852,2025-01-14 07:31:20.398000,0.814,2025-01-14 07:31:11.000000,2025-01-14 07:32:11.000000,eqcct_explosions_th0_1/20250114T073111Z_20250114T073211Z/HEL1_outputs/X_prediction_results.csv
VUOS/HE.VUOS..HHN__20250114T073113Z__20250114T073213Z.mseed,HE,VUOS,0,0,0,0,2025-01-14 07:31:17.644000,0.457,,,2025-01-14 07:31:13.000000,2025-01-14 07:32:13.000000,eqcct_explosions_th0_1/20250114T073113Z_20250114T073213Z/VUOS_outputs/X_prediction_results.csv
TVF/HE.TVF..HHZ__20250114T073119Z__20250114T073219Z.mseed,HE,TVF,0,0,0,0,2025-01-14 07:31:24.064000,0.842,2025-01-14 07:31:32.814000,0.602,2025-01-14 07:31:19.000000,2025-01-14 07:32:19.000000,eqcct_explosions_th0_1/20250114T073119Z_20250114T073219Z/TVF_outputs/X_prediction_results.csv
PVF/HE.PVF..CHN__20250114T073120Z__20250114T073220Z.mseed,HE,PVF,0,0,0,0,2025-01-14 07:31:25.312000,0.845,2025-01-14 07:31:36.172000,0.641,2025-01-14 07:31:20.000000,2025-01-14 07:32:20.000000,eqcct_explosions_th0_1/20250114T073120Z_20250114T073220Z/PVF_outputs/X_prediction_results.csv
LOVF/HE.LOVF..CHZ__20250114T073123Z__20250114T073223Z.mseed,HE,LOVF,0,0,0,0,2025-01-14 07:31:28.664000,0.897,2025-01-14 07:31:41.684000,0.107,2025-01-14 07:31:23.000000,2025-01-14 07:32:23.000000,eqcct_explosions_th0_1/20250114T073123Z_20250114T073223Z/LOVF_outputs/X_prediction_results.csv
TRE03/HE.TRE03..CHZ__20250114T073130Z__20250114T073230Z.mseed,HE,TRE03,0,0,0,0,2025-01-14 07:31:35.092000,0.75,2025-01-14 07:31:52.522000,0.303,2025-01-14 07:31:30.000000,2025-01-14 07:32:30.000000,eqcct_explosions_th0_1/20250114T073130Z_20250114T073230Z/TRE03_outputs/X_prediction_results.csv
KY02/HE.KY02..CHZ__20250114T073130Z__20250114T073230Z.mseed,HE,KY02,0,0,0,0,2025-01-14 07:31:35.972000,0.895,,,2025-01-14 07:31:30.000000,2025-01-14 07:32:30.000000,eqcct_explosions_th0_1/20250114T073130Z_20250114T073230Z/KY02_outputs/X_prediction_results.csv
FIA0/HE.FIA0..HHE__20250114T073131Z__20250114T073231Z.mseed,HE,FIA0,0,0,0,0,2025-01-14 07:31:36.910000,0.646,,,2025-01-14 07:31:31.000000,2025-01-14 07:32:31.000000,eqcct_explosions_th0_1/20250114T073131Z_20250114T073231Z/FIA0_outputs/X_prediction_results.csv
FIA1/HE.FIA1..HHN__20250114T073131Z__20250114T073231Z.mseed,HE,FIA1,0,0,0,0,2025-01-14 07:31:36.909999,0.832,,,2025-01-14 07:31:31.000000,2025-01-14 07:32:31.000000,eqcct_explosions_th0_1/20250114T073131Z_20250114T073231Z/FIA1_outputs/X_prediction_results.csv
RAF/HE.RAF..HHZ__20250114T073132Z__20250114T073232Z.mseed,HE,RAF,0,0,0,0,2025-01-14 07:31:36.300000,0.852,,,2025-01-14 07:31:32.000000,2025-01-14 07:32:32.000000,eqcct_explosions_th0_1/20250114T073132Z_20250114T073232Z/RAF_outputs/X_prediction_results.csv
KY17/HE.KY17..CHE__20250114T073132Z__20250114T073232Z.mseed,HE,KY17,0,0,0,0,2025-01-14 07:31:37.496000,0.715,2025-01-14 07:31:57.406000,0.383,2025-01-14 07:31:32.000000,2025-01-14 07:32:32.000000,eqcct_explosions_th0_1/20250114T073132Z_20250114T073232Z/KY17_outputs/X_prediction_results.csv
KORF/HE.KORF..CHZ__20250114T073133Z__20250114T073233Z.mseed,HE,KORF,0,0,0,0,2025-01-14 07:31:37.172000,0.65,,,2025-01-14 07:31:33.000000,2025-01-14 07:32:33.000000,eqcct_explosions_th0_1/20250114T073133Z_20250114T073233Z/KORF_outputs/X_prediction_results.csv
KEF/HE.KEF..HHE__20250114T073139Z__20250114T073239Z.mseed,HE,KEF,0,0,0,0,2025-01-14 07:31:44.940000,0.767,2025-01-14 07:32:09.890000,0.367,2025-01-14 07:31:39.000000,2025-01-14 07:32:39.000000,eqcct_explosions_th0_1/20250114T073139Z_20250114T073239Z/KEF_outputs/X_prediction_results.csv
KPF/HE.KPF..HHE__20250114T073140Z__20250114T073240Z.mseed,HE,KPF,0,0,0,0,2025-01-14 07:31:44.212000,0.771,,,2025-01-14 07:31:40.000000,2025-01-14 07:32:40.000000,eqcct_explosions_th0_1/20250114T073140Z_20250114T073240Z/KPF_outputs/X_prediction_results.csv
KAF/HE.KAF..HHZ__20250114T073142Z__20250114T073242Z.mseed,HE,KAF,0,0,0,0,2025-01-14 07:31:46.310000,0.724,2025-01-14 07:32:14.790000,0.174,2025-01-14 07:31:42.000000,2025-01-14 07:32:42.000000,eqcct_explosions_th0_1/20250114T073142Z_20250114T073242Z/KAF_outputs/X_prediction_results.csv
RUF/HE.RUF..HHN__20250114T101348Z__20250114T101448Z.mseed,HE,RUF,0,0,0,0,2025-01-14 10:13:53.238000,0.799,2025-01-14 10:13:59.968000,0.846,2025-01-14 10:13:48.000000,2025-01-14 10:14:48.000000,eqcct_explosions_th0_1/20250114T101348Z_20250114T101448Z/RUF_outputs/X_prediction_results.csv
VJF/HE.VJF..HHZ__20250114T101356Z__20250114T101456Z.mseed,HE,VJF,0,0,0,0,2025-01-14 10:14:01.542000,0.811,,,2025-01-14 10:13:56.000000,2025-01-14 10:14:56.000000,eqcct_explosions_th0_1/20250114T101356Z_20250114T101456Z/VJF_outputs/X_prediction_results.csv
KY17/HE.KY17..CHN__20250114T101359Z__20250114T101459Z.mseed,HE,KY17,0,0,0,0,2025-01-14 10:14:03.862000,0.726,2025-01-14 10:14:19.712000,0.511,2025-01-14 10:13:59.000000,2025-01-14 10:14:59.000000,eqcct_explosions_th0_1/20250114T101359Z_20250114T101459Z/KY17_outputs/X_prediction_results.csv
KY02/HE.KY02..CHN__20250114T101401Z__20250114T101501Z.mseed,HE,KY02,0,0,0,0,2025-01-14 10:14:05.812000,0.821,,,2025-01-14 10:14:01.000000,2025-01-14 10:15:01.000000,eqcct_explosions_th0_1/20250114T101401Z_20250114T101501Z/KY02_outputs/X_prediction_results.csv
LOVF/HE.LOVF..CHZ__20250114T101407Z__20250114T101507Z.mseed,HE,LOVF,0,0,0,0,2025-01-14 10:14:12.120000,0.832,2025-01-14 10:14:13.730000,0.436,2025-01-14 10:14:07.000000,2025-01-14 10:15:07.000000,eqcct_explosions_th0_1/20250114T101407Z_20250114T101507Z/LOVF_outputs/X_prediction_results.csv
FIA0/HE.FIA0..HHZ__20250114T101408Z__20250114T101508Z.mseed,HE,FIA0,0,0,0,0,2025-01-14 10:14:13.420000,0.73,,,2025-01-14 10:14:08.000000,2025-01-14 10:15:08.000000,eqcct_explosions_th0_1/20250114T101408Z_20250114T101508Z/FIA0_outputs/X_prediction_results.csv
FIA1/HE.FIA1..HHZ__20250114T101408Z__20250114T101508Z.mseed,HE,FIA1,0,0,0,0,2025-01-14 10:14:13.420000,0.634,,,2025-01-14 10:14:08.000000,2025-01-14 10:15:08.000000,eqcct_explosions_th0_1/20250114T101408Z_20250114T101508Z/FIA1_outputs/X_prediction_results.csv
PVF/HE.PVF..CHN__20250114T101409Z__20250114T101509Z.mseed,HE,PVF,0,0,0,0,2025-01-14 10:14:14.834000,0.817,,,2025-01-14 10:14:09.000000,2025-01-14 10:15:09.000000,eqcct_explosions_th0_1/20250114T101409Z_20250114T101509Z/PVF_outputs/X_prediction_results.csv
KAF/HE.KAF..HHN__20250114T101413Z__20250114T101513Z.mseed,HE,KAF,0,0,0,0,2025-01-14 10:14:18.030000,0.787,2025-01-14 10:14:42.420000,0.13,2025-01-14 10:14:13.000000,2025-01-14 10:15:13.000000,eqcct_explosions_th0_1/20250114T101413Z_20250114T101513Z/KAF_outputs/X_prediction_results.csv
JOF/HE.JOF..HHN__20250114T101417Z__20250114T101517Z.mseed,HE,JOF,0,0,0,0,2025-01-14 10:14:22.590000,0.87,2025-01-14 10:14:50.030000,0.151,2025-01-14 10:14:17.000000,2025-01-14 10:15:17.000000,eqcct_explosions_th0_1/20250114T101417Z_20250114T101517Z/JOF_outputs/X_prediction_results.csv
RSUO/HE.RSUO..HHE__20250114T103201Z__20250114T103301Z.mseed,HE,RSUO,0,0,0,0,2025-01-14 10:32:06.844000,0.901,2025-01-14 10:32:07.304000,0.852,2025-01-14 10:32:01.000000,2025-01-14 10:33:01.000000,eqcct_explosions_th0_1/20250114T103201Z_20250114T103301Z/RSUO_outputs/X_prediction_results.csv
KUNI/HE.KUNI..HHN__20250114T103202Z__20250114T103302Z.mseed,HE,KUNI,0,0,0,0,2025-01-14 10:32:07.354000,0.894,2025-01-14 10:32:08.024000,0.904,2025-01-14 10:32:02.000000,2025-01-14 10:33:02.000000,eqcct_explosions_th0_1/20250114T103202Z_20250114T103302Z/KUNI_outputs/X_prediction_results.csv
LAUT/HE.LAUT..HHN__20250114T103202Z__20250114T103302Z.mseed,HE,LAUT,0,0,0,0,2025-01-14 10:32:07.788000,0.884,2025-01-14 10:32:08.778000,0.878,2025-01-14 10:32:02.000000,2025-01-14 10:33:02.000000,eqcct_explosions_th0_1/20250114T103202Z_20250114T103302Z/LAUT_outputs/X_prediction_results.csv
HEL1/HE.HEL1..HHE__20250114T103202Z__20250114T103302Z.mseed,HE,HEL1,0,0,0,0,2025-01-14 10:32:07.300000,0.902,2025-01-14 10:32:07.970000,0.902,2025-01-14 10:32:02.000000,2025-01-14 10:33:02.000000,eqcct_explosions_th0_1/20250114T103202Z_20250114T103302Z/HEL1_outputs/X_prediction_results.csv
HEL5/HE.HEL5..HHN__20250114T103203Z__20250114T103303Z.mseed,HE,HEL5,0,0,0,0,2025-01-14 10:32:08.796000,0.954,2025-01-14 10:32:10.596000,0.918,2025-01-14 10:32:03.000000,2025-01-14 10:33:03.000000,eqcct_explosions_th0_1/20250114T103203Z_20250114T103303Z/HEL5_outputs/X_prediction_results.csv
VUOS/HE.VUOS..HHZ__20250114T103203Z__20250114T103303Z.mseed,HE,VUOS,0,0,0,0,2025-01-14 10:32:08.984000,0.873,2025-01-14 10:32:10.934000,0.795,2025-01-14 10:32:03.000000,2025-01-14 10:33:03.000000,eqcct_explosions_th0_1/20250114T103203Z_20250114T103303Z/VUOS_outputs/X_prediction_results.csv
MEF/HE.MEF..HHE__20250114T103205Z__20250114T103305Z.mseed,HE,MEF,0,0,0,0,2025-01-14 10:32:10.720000,0.799,,,2025-01-14 10:32:05.000000,2025-01-14 10:33:05.000000,eqcct_explosions_th0_1/20250114T103205Z_20250114T103305Z/MEF_outputs/X_prediction_results.csv
RAF/HE.RAF..HHZ__20250114T105245Z__20250114T105345Z.mseed,HE,RAF,0,0,0,0,2025-01-14 10:52:50.480000,0.901,2025-01-14 10:52:58.490000,0.754,2025-01-14 10:52:45.000000,2025-01-14 10:53:45.000000,eqcct_explosions_th0_1/20250114T105245Z_20250114T105345Z/RAF_outputs/X_prediction_results.csv
KPF/HE.KPF..HHZ__20250114T105246Z__20250114T105346Z.mseed,HE,KPF,0,0,0,0,2025-01-14 10:52:51.480000,0.918,2025-01-14 10:53:00.330000,0.181,2025-01-14 10:52:46.000000,2025-01-14 10:53:46.000000,eqcct_explosions_th0_1/20250114T105246Z_20250114T105346Z/KPF_outputs/X_prediction_results.csv
TRE03/HE.TRE03..CHE__20250114T105248Z__20250114T105348Z.mseed,HE,TRE03,0,0,0,0,2025-01-14 10:52:53.080000,0.833,2025-01-14 10:53:03.130000,0.205,2025-01-14 10:52:48.000000,2025-01-14 10:53:48.000000,eqcct_explosions_th0_1/20250114T105248Z_20250114T105348Z/TRE03_outputs/X_prediction_results.csv
KEF/HE.KEF..HHN__20250114T105258Z__20250114T105358Z.mseed,HE,KEF,0,0,0,0,2025-01-14 10:53:03.360000,0.689,2025-01-14 10:53:20.710000,0.514,2025-01-14 10:52:58.000000,2025-01-14 10:53:58.000000,eqcct_explosions_th0_1/20250114T105258Z_20250114T105358Z/KEF_outputs/X_prediction_results.csv
KORF/HE.KORF..CHZ__20250114T105259Z__20250114T105359Z.mseed,HE,KORF,0,0,0,0,2025-01-14 10:53:04.680000,0.903,2025-01-14 10:53:22.830000,0.438,2025-01-14 10:52:59.000000,2025-01-14 10:53:59.000000,eqcct_explosions_th0_1/20250114T105259Z_20250114T105359Z/KORF_outputs/X_prediction_results.csv
TVF/HE.TVF..HHE__20250114T105301Z__20250114T105401Z.mseed,HE,TVF,0,0,0,0,2025-01-14 10:53:05.980000,0.866,,,2025-01-14 10:53:01.000000,2025-01-14 10:54:01.000000,eqcct_explosions_th0_1/20250114T105301Z_20250114T105401Z/TVF_outputs/X_prediction_results.csv
FIA0/HE.FIA0..HHE__20250114T105302Z__20250114T105402Z.mseed,HE,FIA0,0,0,0,0,2025-01-14 10:53:07.900000,0.852,2025-01-14 10:53:28.900000,0.293,2025-01-14 10:53:02.000000,2025-01-14 10:54:02.000000,eqcct_explosions_th0_1/20250114T105302Z_20250114T105402Z/FIA0_outputs/X_prediction_results.csv
PVF/HE.PVF..CHN__20250114T105305Z__20250114T105405Z.mseed,HE,PVF,0,0,0,0,2025-01-14 10:53:09.232000,0.916,2025-01-14 10:53:31.322000,0.218,2025-01-14 10:53:05.000000,2025-01-14 10:54:05.000000,eqcct_explosions_th0_1/20250114T105305Z_20250114T105405Z/PVF_outputs/X_prediction_results.csv
VAF/HE.VAF..HHZ__20250114T105306Z__20250114T105406Z.mseed,HE,VAF,0,0,0,0,2025-01-14 10:53:11.480000,0.821,2025-01-14 10:53:34.580000,0.602,2025-01-14 10:53:06.000000,2025-01-14 10:54:06.000000,eqcct_explosions_th0_1/20250114T105306Z_20250114T105406Z/VAF_outputs/X_prediction_results.csv
KAF/HE.KAF..HHN__20250114T105307Z__20250114T105407Z.mseed,HE,KAF,0,0,0,0,2025-01-14 10:53:12.640000,0.804,2025-01-14 10:53:36.880000,0.486,2025-01-14 10:53:07.000000,2025-01-14 10:54:07.000000,eqcct_explosions_th0_1/20250114T105307Z_20250114T105407Z/KAF_outputs/X_prediction_results.csv
AAL/UP.AAL..HHN__20250114T105307Z__20250114T105407Z.mseed,UP,AAL,0,0,0,0,2025-01-14 10:53:11.320000,0.868,2025-01-14 10:53:37.370000,0.186,2025-01-14 10:53:07.000000,2025-01-14 10:54:07.000000,eqcct_explosions_th0_1/20250114T105307Z_20250114T105407Z/AAL_outputs/X_prediction_results.csv
ECKF/HE.ECKF..CHZ__20250114T105309Z__20250114T105409Z.mseed,HE,ECKF,0,0,0,0,2025-01-14 10:53:13.180000,0.782,2025-01-14 10:53:40.570000,0.48,2025-01-14 10:53:09.000000,2025-01-14 10:54:09.000000,eqcct_explosions_th0_1/20250114T105309Z_20250114T105409Z/ECKF_outputs/X_prediction_results.csv
KY17/HE.KY17..CHE__20250114T105340Z__20250114T105440Z.mseed,HE,KY17,0,0,0,0,2025-01-14 10:53:44.760000,0.139,,,2025-01-14 10:53:40.000000,2025-01-14 10:54:40.000000,eqcct_explosions_th0_1/20250114T105340Z_20250114T105440Z/KY17_outputs/X_prediction_results.csv
SUF/HE.SUF..HHN__20250114T105340Z__20250114T105440Z.mseed,HE,SUF,0,0,0,0,2025-01-14 10:53:44.910000,0.11,2025-01-14 10:53:45.670000,0.18,2025-01-14 10:53:40.000000,2025-01-14 10:54:40.000000,eqcct_explosions_th0_1/20250114T105340Z_20250114T105440Z/SUF_outputs/X_prediction_results.csv
NIF/HE.NIF..HHN__20250114T112549Z__20250114T112649Z.mseed,HE,NIF,0,0,0,0,2025-01-14 11:25:54.380000,0.932,,,2025-01-14 11:25:49.000000,2025-01-14 11:26:49.000000,eqcct_explosions_th0_1/20250114T112549Z_20250114T112649Z/NIF_outputs/X_prediction_results.csv
SUF/HE.SUF..HHZ__20250114T112600Z__20250114T112700Z.mseed,HE,SUF,0,0,0,0,2025-01-14 11:26:05.580000,0.805,2025-01-14 11:26:17.700000,0.556,2025-01-14 11:26:00.000000,2025-01-14 11:27:00.000000,eqcct_explosions_th0_1/20250114T112600Z_20250114T112700Z/SUF_outputs/X_prediction_results.csv
KAF/HE.KAF..HHE__20250114T112607Z__20250114T112707Z.mseed,HE,KAF,0,0,0,0,2025-01-14 11:26:12.330000,0.906,2025-01-14 11:26:29.520000,0.381,2025-01-14 11:26:07.000000,2025-01-14 11:27:07.000000,eqcct_explosions_th0_1/20250114T112607Z_20250114T112707Z/KAF_outputs/X_prediction_results.csv
RMF/HE.RMF..HHE__20250114T112611Z__20250114T112711Z.mseed,HE,RMF,0,0,0,0,2025-01-14 11:26:16.590000,0.65,2025-01-14 11:26:35.600000,0.398,2025-01-14 11:26:11.000000,2025-01-14 11:27:11.000000,eqcct_explosions_th0_1/20250114T112611Z_20250114T112711Z/RMF_outputs/X_prediction_results.csv
JOF/HE.JOF..HHE__20250114T112614Z__20250114T112714Z.mseed,HE,JOF,0,0,0,0,2025-01-14 11:26:19.440000,0.898,2025-01-14 11:26:41.370000,0.158,2025-01-14 11:26:14.000000,2025-01-14 11:27:14.000000,eqcct_explosions_th0_1/20250114T112614Z_20250114T112714Z/JOF_outputs/X_prediction_results.csv
KEF/HE.KEF..HHE__20250114T112615Z__20250114T112715Z.mseed,HE,KEF,0,0,0,0,2025-01-14 11:26:20.580000,0.874,2025-01-14 11:26:43.100000,0.327,2025-01-14 11:26:15.000000,2025-01-14 11:27:15.000000,eqcct_explosions_th0_1/20250114T112615Z_20250114T112715Z/KEF_outputs/X_prediction_results.csv
RUF/HE.RUF..HHZ__20250114T112617Z__20250114T112717Z.mseed,HE,RUF,0,0,0,0,2025-01-14 11:26:22.780000,0.688,2025-01-14 11:26:23.610000,0.119,2025-01-14 11:26:17.000000,2025-01-14 11:27:17.000000,eqcct_explosions_th0_1/20250114T112617Z_20250114T112717Z/RUF_outputs/X_prediction_results.csv
OUF/HE.OUF..HHE__20250114T112618Z__20250114T112718Z.mseed,HE,OUF,0,0,0,0,2025-01-14 11:26:23.180000,0.441,,,2025-01-14 11:26:18.000000,2025-01-14 11:27:18.000000,eqcct_explosions_th0_1/20250114T112618Z_20250114T112718Z/OUF_outputs/X_prediction_results.csv
FIA0/HE.FIA0..HHE__20250114T112619Z__20250114T112719Z.mseed,HE,FIA0,0,0,0,0,2025-01-14 11:26:24.300000,0.874,,,2025-01-14 11:26:19.000000,2025-01-14 11:27:19.000000,eqcct_explosions_th0_1/20250114T112619Z_20250114T112719Z/FIA0_outputs/X_prediction_results.csv
OBF0/HE.OBF0..SHN__20250114T112622Z__20250114T112722Z.mseed,HE,OBF0,0,0,0,0,2025-01-14 11:26:26.580000,0.603,2025-01-14 11:26:54.930000,0.247,2025-01-14 11:26:22.000000,2025-01-14 11:27:22.000000,eqcct_explosions_th0_1/20250114T112622Z_20250114T112722Z/OBF0_outputs/X_prediction_results.csv
OBF3/HE.OBF3..HHZ__20250114T112623Z__20250114T112723Z.mseed,HE,OBF3,0,0,0,0,2025-01-14 11:26:28.750000,0.644,,,2025-01-14 11:26:23.000000,2025-01-14 11:27:23.000000,eqcct_explosions_th0_1/20250114T112623Z_20250114T112723Z/OBF3_outputs/X_prediction_results.csv
TRE03/HE.TRE03..CHZ__20250114T112625Z__20250114T112725Z.mseed,HE,TRE03,0,0,0,0,2025-01-14 11:26:30.380000,0.633,,,2025-01-14 11:26:25.000000,2025-01-14 11:27:25.000000,eqcct_explosions_th0_1/20250114T112625Z_20250114T112725Z/TRE03_outputs/X_prediction_results.csv
KY17/HE.KY17..CHE__20250114T112625Z__20250114T112725Z.mseed,HE,KY17,0,0,0,0,2025-01-14 11:26:30.080000,0.794,2025-01-14 11:26:59.830000,0.142,2025-01-14 11:26:25.000000,2025-01-14 11:27:25.000000,eqcct_explosions_th0_1/20250114T112625Z_20250114T112725Z/KY17_outputs/X_prediction_results.csv
VAF/HE.VAF..HHN__20250114T112626Z__20250114T112726Z.mseed,HE,VAF,0,0,0,0,2025-01-14 11:26:31.080000,0.798,2025-01-14 11:27:01.230000,0.419,2025-01-14 11:26:26.000000,2025-01-14 11:27:26.000000,eqcct_explosions_th0_1/20250114T112626Z_20250114T112726Z/VAF_outputs/X_prediction_results.csv
KU1/HE.KU1..SHN__20250114T112629Z__20250114T112729Z.mseed,HE,KU1,0,0,0,0,2025-01-14 11:26:33.780000,0.662,2025-01-14 11:27:07.080000,0.63,2025-01-14 11:26:29.000000,2025-01-14 11:27:29.000000,eqcct_explosions_th0_1/20250114T112629Z_20250114T112729Z/KU1_outputs/X_prediction_results.csv
KU2/HE.KU2..SHN__20250114T112630Z__20250114T112730Z.mseed,HE,KU2,0,0,0,0,2025-01-14 11:26:35.180000,0.549,,,2025-01-14 11:26:30.000000,2025-01-14 11:27:30.000000,eqcct_explosions_th0_1/20250114T112630Z_20250114T112730Z/KU2_outputs/X_prediction_results.csv
KPF/HE.KPF..HHE__20250114T112635Z__20250114T112735Z.mseed,HE,KPF,0,0,0,0,2025-01-14 11:26:39.780000,0.871,2025-01-14 11:27:17.880000,0.5,2025-01-14 11:26:35.000000,2025-01-14 11:27:35.000000,eqcct_explosions_th0_1/20250114T112635Z_20250114T112735Z/KPF_outputs/X_prediction_results.csv
RANF/FN.RANF..BHN__20250114T112638Z__20250114T112738Z.mseed,FN,RANF,0,0,0,0,2025-01-14 11:26:42.660000,0.226,,,2025-01-14 11:26:38.000000,2025-01-14 11:27:38.000000,eqcct_explosions_th0_1/20250114T112638Z_20250114T112738Z/RANF_outputs/X_prediction_results.csv
NIF/HE.NIF..HHN__20250114T113722Z__20250114T113822Z.mseed,HE,NIF,0,0,0,0,2025-01-14 11:37:27.800000,0.949,2025-01-14 11:37:35.520000,0.567,2025-01-14 11:37:22.000000,2025-01-14 11:38:22.000000,eqcct_explosions_th0_1/20250114T113722Z_20250114T113822Z/NIF_outputs/X_prediction_results.csv
KJNF/HE.KJNF..CHN__20250114T113727Z__20250114T113827Z.mseed,HE,KJNF,0,0,0,0,2025-01-14 11:37:32.850000,0.689,2025-01-14 11:37:43.830000,0.44,2025-01-14 11:37:27.000000,2025-01-14 11:38:27.000000,eqcct_explosions_th0_1/20250114T113727Z_20250114T113827Z/KJNF_outputs/X_prediction_results.csv
SUF/HE.SUF..HHE__20250114T113728Z__20250114T113828Z.mseed,HE,SUF,0,0,0,0,2025-01-14 11:37:33.092000,0.907,2025-01-14 11:37:44.922000,0.284,2025-01-14 11:37:28.000000,2025-01-14 11:38:28.000000,eqcct_explosions_th0_1/20250114T113728Z_20250114T113828Z/SUF_outputs/X_prediction_results.csv
OUF/HE.OUF..HHE__20250114T113733Z__20250114T113833Z.mseed,HE,OUF,0,0,0,0,2025-01-14 11:37:38.560000,0.782,2025-01-14 11:37:54.390000,0.154,2025-01-14 11:37:33.000000,2025-01-14 11:38:33.000000,eqcct_explosions_th0_1/20250114T113733Z_20250114T113833Z/OUF_outputs/X_prediction_results.csv
ALAJF/HE.ALAJF..HHN__20250114T113734Z__20250114T113834Z.mseed,HE,ALAJF,0,0,0,0,2025-01-14 11:37:39.808000,0.406,2025-01-14 11:37:55.518000,0.324,2025-01-14 11:37:34.000000,2025-01-14 11:38:34.000000,eqcct_explosions_th0_1/20250114T113734Z_20250114T113834Z/ALAJF_outputs/X_prediction_results.csv
OBF0/HE.OBF0..HHE__20250114T113737Z__20250114T113837Z.mseed,HE,OBF0,0,0,0,0,2025-01-14 11:37:42.908000,0.866,,,2025-01-14 11:37:37.000000,2025-01-14 11:38:37.000000,eqcct_explosions_th0_1/20250114T113737Z_20250114T113837Z/OBF0_outputs/X_prediction_results.csv
OBF3/HE.OBF3..HHE__20250114T113739Z__20250114T113839Z.mseed,HE,OBF3,0,0,0,0,2025-01-14 11:37:44.516000,0.929,2025-01-14 11:38:05.356000,0.11,2025-01-14 11:37:39.000000,2025-01-14 11:38:39.000000,eqcct_explosions_th0_1/20250114T113739Z_20250114T113839Z/OBF3_outputs/X_prediction_results.csv
KAF/HE.KAF..HHZ__20250114T113739Z__20250114T113839Z.mseed,HE,KAF,0,0,0,0,2025-01-14 11:37:44.030000,0.562,,,2025-01-14 11:37:39.000000,2025-01-14 11:38:39.000000,eqcct_explosions_th0_1/20250114T113739Z_20250114T113839Z/KAF_outputs/X_prediction_results.csv
RMF/HE.RMF..HHN__20250114T113741Z__20250114T113841Z.mseed,HE,RMF,0,0,0,0,2025-01-14 11:37:45.842000,0.549,2025-01-14 11:38:07.622000,0.314,2025-01-14 11:37:41.000000,2025-01-14 11:38:41.000000,eqcct_explosions_th0_1/20250114T113741Z_20250114T113841Z/RMF_outputs/X_prediction_results.csv
KEF/HE.KEF..HHZ__20250114T113741Z__20250114T113841Z.mseed,HE,KEF,0,0,0,0,2025-01-14 11:37:46.030000,0.461,,,2025-01-14 11:37:41.000000,2025-01-14 11:38:41.000000,eqcct_explosions_th0_1/20250114T113741Z_20250114T113841Z/KEF_outputs/X_prediction_results.csv
VAF/HE.VAF..HHZ__20250114T113745Z__20250114T113845Z.mseed,HE,VAF,0,0,0,0,2025-01-14 11:37:50.230000,0.789,2025-01-14 11:38:14.950000,0.194,2025-01-14 11:37:45.000000,2025-01-14 11:38:45.000000,eqcct_explosions_th0_1/20250114T113745Z_20250114T113845Z/VAF_outputs/X_prediction_results.csv
FIA0/HE.FIA0..HHE__20250114T113750Z__20250114T113850Z.mseed,HE,FIA0,0,0,0,0,2025-01-14 11:37:54.020000,0.576,,,2025-01-14 11:37:50.000000,2025-01-14 11:38:50.000000,eqcct_explosions_th0_1/20250114T113750Z_20250114T113850Z/FIA0_outputs/X_prediction_results.csv
FIA1/HE.FIA1..HHN__20250114T113750Z__20250114T113850Z.mseed,HE,FIA1,0,0,0,0,2025-01-14 11:37:55.080000,0.391,,,2025-01-14 11:37:50.000000,2025-01-14 11:38:50.000000,eqcct_explosions_th0_1/20250114T113750Z_20250114T113850Z/FIA1_outputs/X_prediction_results.csv
TRE03/HE.TRE03..CHE__20250114T113751Z__20250114T113851Z.mseed,HE,TRE03,0,0,0,0,2025-01-14 11:37:56.578000,0.291,,,2025-01-14 11:37:51.000000,2025-01-14 11:38:51.000000,eqcct_explosions_th0_1/20250114T113751Z_20250114T113851Z/TRE03_outputs/X_prediction_results.csv
JOF/HE.JOF..HHZ__20250114T113751Z__20250114T113851Z.mseed,HE,JOF,0,0,0,0,2025-01-14 11:37:56.560000,0.543,2025-01-14 11:38:25.680000,0.392,2025-01-14 11:37:51.000000,2025-01-14 11:38:51.000000,eqcct_explosions_th0_1/20250114T113751Z_20250114T113851Z/JOF_outputs/X_prediction_results.csv
RUF/HE.RUF..HHN__20250114T122511Z__20250114T122611Z.mseed,HE,RUF,0,0,0,0,2025-01-14 12:25:16.590000,0.831,2025-01-14 12:25:18.170000,0.794,2025-01-14 12:25:11.000000,2025-01-14 12:26:11.000000,eqcct_explosions_th0_1/20250114T122511Z_20250114T122611Z/RUF_outputs/X_prediction_results.csv
KY17/HE.KY17..CHN__20250114T122526Z__20250114T122626Z.mseed,HE,KY17,0,0,0,0,2025-01-14 12:25:31.670000,0.761,2025-01-14 12:25:44.410000,0.426,2025-01-14 12:25:26.000000,2025-01-14 12:26:26.000000,eqcct_explosions_th0_1/20250114T122526Z_20250114T122626Z/KY17_outputs/X_prediction_results.csv
VJF/HE.VJF..HHE__20250114T122527Z__20250114T122627Z.mseed,HE,VJF,0,0,0,0,2025-01-14 12:25:32.342000,0.722,2025-01-14 12:25:46.042000,0.382,2025-01-14 12:25:27.000000,2025-01-14 12:26:27.000000,eqcct_explosions_th0_1/20250114T122527Z_20250114T122627Z/VJF_outputs/X_prediction_results.csv
FIA0/HE.FIA0..HHZ__20250114T122533Z__20250114T122633Z.mseed,HE,FIA0,0,0,0,0,2025-01-14 12:25:38.300000,0.893,,,2025-01-14 12:25:33.000000,2025-01-14 12:26:33.000000,eqcct_explosions_th0_1/20250114T122533Z_20250114T122633Z/FIA0_outputs/X_prediction_results.csv
KAF/HE.KAF..HHN__20250114T122535Z__20250114T122635Z.mseed,HE,KAF,0,0,0,0,2025-01-14 12:25:40.550000,0.704,2025-01-14 12:25:59.130000,0.136,2025-01-14 12:25:35.000000,2025-01-14 12:26:35.000000,eqcct_explosions_th0_1/20250114T122535Z_20250114T122635Z/KAF_outputs/X_prediction_results.csv
PVF/HE.PVF..CHE__20250114T122538Z__20250114T122638Z.mseed,HE,PVF,0,0,0,0,2025-01-14 12:25:43.782000,0.701,,,2025-01-14 12:25:38.000000,2025-01-14 12:26:38.000000,eqcct_explosions_th0_1/20250114T122538Z_20250114T122638Z/PVF_outputs/X_prediction_results.csv
JOF/HE.JOF..HHZ__20250114T122545Z__20250114T122645Z.mseed,HE,JOF,0,0,0,0,2025-01-14 12:25:49.490000,0.684,2025-01-14 12:26:14.800000,0.467,2025-01-14 12:25:45.000000,2025-01-14 12:26:45.000000,eqcct_explosions_th0_1/20250114T122545Z_20250114T122645Z/JOF_outputs/X_prediction_results.csv
KJNF/HE.KJNF..CHZ__20250114T122602Z__20250114T122702Z.mseed,HE,KJNF,0,0,0,0,2025-01-14 12:26:07.280000,0.336,,,2025-01-14 12:26:02.000000,2025-01-14 12:27:02.000000,eqcct_explosions_th0_1/20250114T122602Z_20250114T122702Z/KJNF_outputs/X_prediction_results.csv
HEL1/HE.HEL1..HHN__20250114T122611Z__20250114T122711Z.mseed,HE,HEL1,0,0,0,0,2025-01-14 12:26:15.620000,0.941,2025-01-14 12:26:18.490000,0.463,2025-01-14 12:26:11.000000,2025-01-14 12:27:11.000000,eqcct_explosions_th0_1/20250114T122611Z_20250114T122711Z/HEL1_outputs/X_prediction_results.csv
KEF/HE.KEF..HHE__20250114T122614Z__20250114T122714Z.mseed,HE,KEF,0,0,0,0,,,2025-01-14 12:26:29.560000,0.52,2025-01-14 12:26:14.000000,2025-01-14 12:27:14.000000,eqcct_explosions_th0_1/20250114T122614Z_20250114T122714Z/KEF_outputs/X_prediction_results.csv
KEV/HE.KEV..HHE__20250114T124929Z__20250114T125029Z.mseed,HE,KEV,0,0,0,0,2025-01-14 12:49:34.390000,0.667,2025-01-14 12:49:46.170000,0.348,2025-01-14 12:49:29.000000,2025-01-14 12:50:29.000000,eqcct_explosions_th0_1/20250114T124929Z_20250114T125029Z/KEV_outputs/X_prediction_results.csv
RAJF/FN.RAJF..BHZ__20250114T124949Z__20250114T125049Z.mseed,FN,RAJF,0,0,0,0,2025-01-14 12:49:54.550000,0.539,2025-01-14 12:50:19.450000,0.52,2025-01-14 12:49:49.000000,2025-01-14 12:50:49.000000,eqcct_explosions_th0_1/20250114T124949Z_20250114T125049Z/RAJF_outputs/X_prediction_results.csv
KEV/HE.KEV..HHN__20250114T131029Z__20250114T131129Z.mseed,HE,KEV,0,0,0,0,2025-01-14 13:10:34.140000,0.84,2025-01-14 13:10:52.310000,0.21,2025-01-14 13:10:29.000000,2025-01-14 13:11:29.000000,eqcct_explosions_th0_1/20250114T131029Z_20250114T131129Z/KEV_outputs/X_prediction_results.csv
KIF/HE.KIF..HHN__20250114T131037Z__20250114T131137Z.mseed,HE,KIF,0,0,0,0,2025-01-14 13:10:42.880000,0.805,2025-01-14 13:11:07.170000,0.27,2025-01-14 13:10:37.000000,2025-01-14 13:11:37.000000,eqcct_explosions_th0_1/20250114T131037Z_20250114T131137Z/KIF_outputs/X_prediction_results.csv
HEF/HE.HEF..HHE__20250114T131042Z__20250114T131142Z.mseed,HE,HEF,0,0,0,0,2025-01-14 13:10:46.910000,0.381,2025-01-14 13:11:16.080000,0.123,2025-01-14 13:10:42.000000,2025-01-14 13:11:42.000000,eqcct_explosions_th0_1/20250114T131042Z_20250114T131142Z/HEF_outputs/X_prediction_results.csv
RAJF/FN.RAJF..BHZ__20250114T131127Z__20250114T131227Z.mseed,FN,RAJF,0,0,0,0,2025-01-14 13:11:31.910000,0.255,,,2025-01-14 13:11:27.000000,2025-01-14 13:12:27.000000,eqcct_explosions_th0_1/20250114T131127Z_20250114T131227Z/RAJF_outputs/X_prediction_results.csv
MEF/HE.MEF..HHN__20250114T135733Z__20250114T135833Z.mseed,HE,MEF,0,0,0,0,2025-01-14 13:57:38.860000,0.945,2025-01-14 13:57:40.300000,0.9,2025-01-14 13:57:33.000000,2025-01-14 13:58:33.000000,eqcct_explosions_th0_1/20250114T135733Z_20250114T135833Z/MEF_outputs/X_prediction_results.csv
HEL5/HE.HEL5..HHZ__20250114T135733Z__20250114T135833Z.mseed,HE,HEL5,0,0,0,0,2025-01-14 13:57:38.772000,0.947,2025-01-14 13:57:40.212000,0.878,2025-01-14 13:57:33.000000,2025-01-14 13:58:33.000000,eqcct_explosions_th0_1/20250114T135733Z_20250114T135833Z/HEL5_outputs/X_prediction_results.csv
LAUT/HE.LAUT..HHZ__20250114T135734Z__20250114T135834Z.mseed,HE,LAUT,0,0,0,0,2025-01-14 13:57:39.772000,0.895,2025-01-14 13:57:41.942000,0.762,2025-01-14 13:57:34.000000,2025-01-14 13:58:34.000000,eqcct_explosions_th0_1/20250114T135734Z_20250114T135834Z/LAUT_outputs/X_prediction_results.csv
KUNI/HE.KUNI..HHZ__20250114T135735Z__20250114T135835Z.mseed,HE,KUNI,0,0,0,0,2025-01-14 13:57:40.984000,0.838,2025-01-14 13:57:43.954000,0.817,2025-01-14 13:57:35.000000,2025-01-14 13:58:35.000000,eqcct_explosions_th0_1/20250114T135735Z_20250114T135835Z/KUNI_outputs/X_prediction_results.csv
HEL1/HE.HEL1..HHN__20250114T135735Z__20250114T135835Z.mseed,HE,HEL1,0,0,0,0,2025-01-14 13:57:40.056000,0.906,2025-01-14 13:57:42.406000,0.81,2025-01-14 13:57:35.000000,2025-01-14 13:58:35.000000,eqcct_explosions_th0_1/20250114T135735Z_20250114T135835Z/HEL1_outputs/X_prediction_results.csv
RSUO/HE.RSUO..HHE__20250114T135735Z__20250114T135835Z.mseed,HE,RSUO,0,0,0,0,2025-01-14 13:57:40.396000,0.817,2025-01-14 13:57:42.996000,0.695,2025-01-14 13:57:35.000000,2025-01-14 13:58:35.000000,eqcct_explosions_th0_1/20250114T135735Z_20250114T135835Z/RSUO_outputs/X_prediction_results.csv
VUOS/HE.VUOS..HHZ__20250114T135737Z__20250114T135837Z.mseed,HE,VUOS,0,0,0,0,2025-01-14 13:57:42.636000,0.856,2025-01-14 13:57:46.696000,0.642,2025-01-14 13:57:37.000000,2025-01-14 13:58:37.000000,eqcct_explosions_th0_1/20250114T135737Z_20250114T135837Z/VUOS_outputs/X_prediction_results.csv
NUR/HE.NUR..HHZ__20250114T135738Z__20250114T135838Z.mseed,HE,NUR,0,0,0,0,2025-01-14 13:57:43.728000,0.239,2025-01-14 13:57:50.908000,0.187,2025-01-14 13:57:38.000000,2025-01-14 13:58:38.000000,eqcct_explosions_th0_1/20250114T135738Z_20250114T135838Z/NUR_outputs/X_prediction_results.csv
PVF/HE.PVF..CHE__20250114T135745Z__20250114T135845Z.mseed,HE,PVF,0,0,0,0,2025-01-14 13:57:50.668000,0.203,,,2025-01-14 13:57:45.000000,2025-01-14 13:58:45.000000,eqcct_explosions_th0_1/20250114T135745Z_20250114T135845Z/PVF_outputs/X_prediction_results.csv
FIA0/HE.FIA0..HHN__20250114T135800Z__20250114T135900Z.mseed,HE,FIA0,0,0,0,0,2025-01-14 13:58:04.310000,0.53,,,2025-01-14 13:58:00.000000,2025-01-14 13:59:00.000000,eqcct_explosions_th0_1/20250114T135800Z_20250114T135900Z/FIA0_outputs/X_prediction_results.csv
FIA1/HE.FIA1..HHZ__20250114T135800Z__20250114T135900Z.mseed,HE,FIA1,0,0,0,0,2025-01-14 13:58:04.300000,0.671,,,2025-01-14 13:58:00.000000,2025-01-14 13:59:00.000000,eqcct_explosions_th0_1/20250114T135800Z_20250114T135900Z/FIA1_outputs/X_prediction_results.csv
RAF/HE.RAF..HHZ__20250114T135801Z__20250114T135901Z.mseed,HE,RAF,0,0,0,0,2025-01-14 13:58:06.490000,0.328,,,2025-01-14 13:58:01.000000,2025-01-14 13:59:01.000000,eqcct_explosions_th0_1/20250114T135801Z_20250114T135901Z/RAF_outputs/X_prediction_results.csv
KPF/HE.KPF..HHZ__20250114T135809Z__20250114T135909Z.mseed,HE,KPF,0,0,0,0,2025-01-14 13:58:13.510000,0.417,,,2025-01-14 13:58:09.000000,2025-01-14 13:59:09.000000,eqcct_explosions_th0_1/20250114T135809Z_20250114T135909Z/KPF_outputs/X_prediction_results.csv
KORF/HE.KORF..CHZ__20250114T135821Z__20250114T135921Z.mseed,HE,KORF,0,0,0,0,2025-01-14 13:58:25.028000,0.694,,,2025-01-14 13:58:21.000000,2025-01-14 13:59:21.000000,eqcct_explosions_th0_1/20250114T135821Z_20250114T135921Z/KORF_outputs/X_prediction_results.csv
KORF/HE.KORF..CHZ__20250114T135821Z__20250114T135921Z.mseed,HE,KORF,0,0,0,0,2025-01-14 13:59:31.028000,0.127,,,2025-01-14 13:58:21.000000,2025-01-14 13:59:21.000000,eqcct_explosions_th0_1/20250114T135821Z_20250114T135921Z/KORF_outputs/X_prediction_results.csv
MEF/HE.MEF..HHZ__20250114T140009Z__20250114T140109Z.mseed,HE,MEF,0,0,0,0,2025-01-14 14:00:14.670000,0.933,2025-01-14 14:00:16.070000,0.886,2025-01-14 14:00:09.000000,2025-01-14 14:01:09.000000,eqcct_explosions_th0_1/20250114T140009Z_20250114T140109Z/MEF_outputs/X_prediction_results.csv
RSUO/HE.RSUO..HHN__20250114T140013Z__20250114T140113Z.mseed,HE,RSUO,0,0,0,0,2025-01-14 14:00:18.804000,0.672,2025-01-14 14:00:22.924000,0.79,2025-01-14 14:00:13.000000,2025-01-14 14:01:13.000000,eqcct_explosions_th0_1/20250114T140013Z_20250114T140113Z/RSUO_outputs/X_prediction_results.csv
KUNI/HE.KUNI..HHE__20250114T140013Z__20250114T140113Z.mseed,HE,KUNI,0,0,0,0,2025-01-14 14:00:18.516000,0.839,2025-01-14 14:00:22.506000,0.512,2025-01-14 14:00:13.000000,2025-01-14 14:01:13.000000,eqcct_explosions_th0_1/20250114T140013Z_20250114T140113Z/KUNI_outputs/X_prediction_results.csv
HEL5/HE.HEL5..HHZ__20250114T140013Z__20250114T140113Z.mseed,HE,HEL5,0,0,0,0,2025-01-14 14:00:18.178000,0.805,2025-01-14 14:00:22.128000,0.565,2025-01-14 14:00:13.000000,2025-01-14 14:01:13.000000,eqcct_explosions_th0_1/20250114T140013Z_20250114T140113Z/HEL5_outputs/X_prediction_results.csv
LAUT/HE.LAUT..HHZ__20250114T140013Z__20250114T140113Z.mseed,HE,LAUT,0,0,0,0,2025-01-14 14:00:18.636000,0.872,2025-01-14 14:00:22.896000,0.791,2025-01-14 14:00:13.000000,2025-01-14 14:01:13.000000,eqcct_explosions_th0_1/20250114T140013Z_20250114T140113Z/LAUT_outputs/X_prediction_results.csv
HEL1/HE.HEL1..HHE__20250114T140013Z__20250114T140113Z.mseed,HE,HEL1,0,0,0,0,2025-01-14 14:00:18.736000,0.78,2025-01-14 14:00:22.826000,0.696,2025-01-14 14:00:13.000000,2025-01-14 14:01:13.000000,eqcct_explosions_th0_1/20250114T140013Z_20250114T140113Z/HEL1_outputs/X_prediction_results.csv
VUOS/HE.VUOS..HHZ__20250114T140016Z__20250114T140116Z.mseed,HE,VUOS,0,0,0,0,2025-01-14 14:00:21.032000,0.883,2025-01-14 14:00:26.532000,0.632,2025-01-14 14:00:16.000000,2025-01-14 14:01:16.000000,eqcct_explosions_th0_1/20250114T140016Z_20250114T140116Z/VUOS_outputs/X_prediction_results.csv
TVF/HE.TVF..HHE__20250114T140021Z__20250114T140121Z.mseed,HE,TVF,0,0,0,0,2025-01-14 14:00:25.376000,0.431,2025-01-14 14:00:34.926000,0.21,2025-01-14 14:00:21.000000,2025-01-14 14:01:21.000000,eqcct_explosions_th0_1/20250114T140021Z_20250114T140121Z/TVF_outputs/X_prediction_results.csv
PVF/HE.PVF..CHN__20250114T140022Z__20250114T140122Z.mseed,HE,PVF,0,0,0,0,2025-01-14 14:00:27.836000,0.792,2025-01-14 14:00:38.126000,0.322,2025-01-14 14:00:22.000000,2025-01-14 14:01:22.000000,eqcct_explosions_th0_1/20250114T140022Z_20250114T140122Z/PVF_outputs/X_prediction_results.csv
LOVF/HE.LOVF..CHZ__20250114T140025Z__20250114T140125Z.mseed,HE,LOVF,0,0,0,0,2025-01-14 14:00:30.896000,0.874,,,2025-01-14 14:00:25.000000,2025-01-14 14:01:25.000000,eqcct_explosions_th0_1/20250114T140025Z_20250114T140125Z/LOVF_outputs/X_prediction_results.csv
KORF/HE.KORF..CHE__20250114T140034Z__20250114T140134Z.mseed,HE,KORF,0,0,0,0,2025-01-14 14:00:38.360000,0.631,,,2025-01-14 14:00:34.000000,2025-01-14 14:01:34.000000,eqcct_explosions_th0_1/20250114T140034Z_20250114T140134Z/KORF_outputs/X_prediction_results.csv
FIA0/HE.FIA0..HHZ__20250114T140034Z__20250114T140134Z.mseed,HE,FIA0,0,0,0,0,2025-01-14 14:00:38.470000,0.794,,,2025-01-14 14:00:34.000000,2025-01-14 14:01:34.000000,eqcct_explosions_th0_1/20250114T140034Z_20250114T140134Z/FIA0_outputs/X_prediction_results.csv
KY17/HE.KY17..CHN__20250114T140034Z__20250114T140134Z.mseed,HE,KY17,0,0,0,0,2025-01-14 14:00:39.912000,0.757,,,2025-01-14 14:00:34.000000,2025-01-14 14:01:34.000000,eqcct_explosions_th0_1/20250114T140034Z_20250114T140134Z/KY17_outputs/X_prediction_results.csv
FIA1/HE.FIA1..HHN__20250114T140034Z__20250114T140134Z.mseed,HE,FIA1,0,0,0,0,2025-01-14 14:00:38.470000,0.652,,,2025-01-14 14:00:34.000000,2025-01-14 14:01:34.000000,eqcct_explosions_th0_1/20250114T140034Z_20250114T140134Z/FIA1_outputs/X_prediction_results.csv
RAF/HE.RAF..HHE__20250114T140035Z__20250114T140135Z.mseed,HE,RAF,0,0,0,0,2025-01-14 14:00:39.980000,0.845,,,2025-01-14 14:00:35.000000,2025-01-14 14:01:35.000000,eqcct_explosions_th0_1/20250114T140035Z_20250114T140135Z/RAF_outputs/X_prediction_results.csv
KEF/HE.KEF..HHE__20250114T140042Z__20250114T140142Z.mseed,HE,KEF,0,0,0,0,2025-01-14 14:00:46.440000,0.36,2025-01-14 14:01:12.150000,0.267,2025-01-14 14:00:42.000000,2025-01-14 14:01:42.000000,eqcct_explosions_th0_1/20250114T140042Z_20250114T140142Z/KEF_outputs/X_prediction_results.csv
KPF/HE.KPF..HHE__20250114T140042Z__20250114T140142Z.mseed,HE,KPF,0,0,0,0,2025-01-14 14:00:46.444000,0.726,,,2025-01-14 14:00:42.000000,2025-01-14 14:01:42.000000,eqcct_explosions_th0_1/20250114T140042Z_20250114T140142Z/KPF_outputs/X_prediction_results.csv
KAF/HE.KAF..HHN__20250114T140112Z__20250114T140212Z.mseed,HE,KAF,0,0,0,0,2025-01-14 14:01:16.140000,0.351,2025-01-14 14:01:17.440000,0.256,2025-01-14 14:01:12.000000,2025-01-14 14:02:12.000000,eqcct_explosions_th0_1/20250114T140112Z_20250114T140212Z/KAF_outputs/X_prediction_results.csv
KUNI/HE.KUNI..HHZ__20250114T163308Z__20250114T163408Z.mseed,HE,KUNI,0,0,0,0,2025-01-14 16:33:13.230000,0.742,2025-01-14 16:33:13.940000,0.9,2025-01-14 16:33:08.000000,2025-01-14 16:34:08.000000,eqcct_explosions_th0_1/20250114T163308Z_20250114T163408Z/KUNI_outputs/X_prediction_results.csv
LAUT/HE.LAUT..HHN__20250114T163308Z__20250114T163408Z.mseed,HE,LAUT,0,0,0,0,2025-01-14 16:33:13.680000,0.893,2025-01-14 16:33:14.690000,0.897,2025-01-14 16:33:08.000000,2025-01-14 16:34:08.000000,eqcct_explosions_th0_1/20250114T163308Z_20250114T163408Z/LAUT_outputs/X_prediction_results.csv
HEL1/HE.HEL1..HHZ__20250114T163308Z__20250114T163408Z.mseed,HE,HEL1,0,0,0,0,2025-01-14 16:33:13.160000,0.897,2025-01-14 16:33:13.880000,0.902,2025-01-14 16:33:08.000000,2025-01-14 16:34:08.000000,eqcct_explosions_th0_1/20250114T163308Z_20250114T163408Z/HEL1_outputs/X_prediction_results.csv
HEL5/HE.HEL5..HHZ__20250114T163309Z__20250114T163409Z.mseed,HE,HEL5,0,0,0,0,2025-01-14 16:33:14.680000,0.763,2025-01-14 16:33:16.450000,0.862,2025-01-14 16:33:09.000000,2025-01-14 16:34:09.000000,eqcct_explosions_th0_1/20250114T163309Z_20250114T163409Z/HEL5_outputs/X_prediction_results.csv
VUOS/HE.VUOS..HHE__20250114T163309Z__20250114T163409Z.mseed,HE,VUOS,0,0,0,0,2025-01-14 16:33:14.920000,0.81,2025-01-14 16:33:16.800000,0.845,2025-01-14 16:33:09.000000,2025-01-14 16:34:09.000000,eqcct_explosions_th0_1/20250114T163309Z_20250114T163409Z/VUOS_outputs/X_prediction_results.csv
MEF/HE.MEF..HHE__20250114T163312Z__20250114T163412Z.mseed,HE,MEF,0,0,0,0,2025-01-14 16:33:16.330000,0.851,,,2025-01-14 16:33:12.000000,2025-01-14 16:34:12.000000,eqcct_explosions_th0_1/20250114T163312Z_20250114T163412Z/MEF_outputs/X_prediction_results.csv
RAF/HE.RAF..HHE__20250115T110954Z__20250115T111054Z.mseed,HE,RAF,0,0,0,0,2025-01-15 11:09:59.990000,0.929,2025-01-15 11:10:04.850000,0.838,2025-01-15 11:09:54.000000,2025-01-15 11:10:54.000000,eqcct_explosions_th0_1/20250115T110954Z_20250115T111054Z/RAF_outputs/X_prediction_results.csv
KPF/HE.KPF..HHZ__20250115T111003Z__20250115T111103Z.mseed,HE,KPF,0,0,0,0,2025-01-15 11:10:07.084000,0.748,2025-01-15 11:10:18.454000,0.386,2025-01-15 11:10:03.000000,2025-01-15 11:11:03.000000,eqcct_explosions_th0_1/20250115T111003Z_20250115T111103Z/KPF_outputs/X_prediction_results.csv
TRE03/HE.TRE03..CHN__20250115T111007Z__20250115T111107Z.mseed,HE,TRE03,0,0,0,0,2025-01-15 11:10:12.492000,0.641,2025-01-15 11:10:26.212000,0.578,2025-01-15 11:10:07.000000,2025-01-15 11:11:07.000000,eqcct_explosions_th0_1/20250115T111007Z_20250115T111107Z/TRE03_outputs/X_prediction_results.csv
KEF/HE.KEF..HHZ__20250115T111017Z__20250115T111117Z.mseed,HE,KEF,0,0,0,0,2025-01-15 11:10:22.240000,0.53,2025-01-15 11:10:43.160000,0.302,2025-01-15 11:10:17.000000,2025-01-15 11:11:17.000000,eqcct_explosions_th0_1/20250115T111017Z_20250115T111117Z/KEF_outputs/X_prediction_results.csv
ECKF/HE.ECKF..CHN__20250115T111018Z__20250115T111118Z.mseed,HE,ECKF,0,0,0,0,2025-01-15 11:10:23.776000,0.781,2025-01-15 11:10:47.016000,0.163,2025-01-15 11:10:18.000000,2025-01-15 11:11:18.000000,eqcct_explosions_th0_1/20250115T111018Z_20250115T111118Z/ECKF_outputs/X_prediction_results.csv
FIA0/HE.FIA0..HHZ__20250115T111020Z__20250115T111120Z.mseed,HE,FIA0,0,0,0,0,2025-01-15 11:10:25.950000,0.443,2025-01-15 11:10:50.520000,0.305,2025-01-15 11:10:20.000000,2025-01-15 11:11:20.000000,eqcct_explosions_th0_1/20250115T111020Z_20250115T111120Z/FIA0_outputs/X_prediction_results.csv
FIA1/HE.FIA1..HHN__20250115T111020Z__20250115T111120Z.mseed,HE,FIA1,0,0,0,0,2025-01-15 11:10:25.950000,0.573,2025-01-15 11:10:50.100000,0.228,2025-01-15 11:10:20.000000,2025-01-15 11:11:20.000000,eqcct_explosions_th0_1/20250115T111020Z_20250115T111120Z/FIA1_outputs/X_prediction_results.csv
VAF/HE.VAF..HHZ__20250115T111023Z__20250115T111123Z.mseed,HE,VAF,0,0,0,0,2025-01-15 11:10:29.650000,0.748,2025-01-15 11:10:55.750000,0.454,2025-01-15 11:10:23.000000,2025-01-15 11:11:23.000000,eqcct_explosions_th0_1/20250115T111023Z_20250115T111123Z/VAF_outputs/X_prediction_results.csv
KAF/HE.KAF..HHZ__20250115T111025Z__20250115T111125Z.mseed,HE,KAF,0,0,0,0,2025-01-15 11:10:31.790000,0.595,2025-01-15 11:10:59.130000,0.563,2025-01-15 11:10:25.000000,2025-01-15 11:11:25.000000,eqcct_explosions_th0_1/20250115T111025Z_20250115T111125Z/KAF_outputs/X_prediction_results.csv
MEF/HE.MEF..HHZ__20250115T111028Z__20250115T111128Z.mseed,HE,MEF,0,0,0,0,2025-01-15 11:10:33.330000,0.963,2025-01-15 11:10:34.940000,0.791,2025-01-15 11:10:28.000000,2025-01-15 11:11:28.000000,eqcct_explosions_th0_1/20250115T111028Z_20250115T111128Z/MEF_outputs/X_prediction_results.csv
HEL5/HE.HEL5..HHN__20250115T111029Z__20250115T111129Z.mseed,HE,HEL5,0,0,0,0,2025-01-15 11:10:34.756000,0.967,2025-01-15 11:10:37.566000,0.723,2025-01-15 11:10:29.000000,2025-01-15 11:11:29.000000,eqcct_explosions_th0_1/20250115T111029Z_20250115T111129Z/HEL5_outputs/X_prediction_results.csv
LAUT/HE.LAUT..HHZ__20250115T111030Z__20250115T111130Z.mseed,HE,LAUT,0,0,0,0,2025-01-15 11:10:35.978000,0.638,2025-01-15 11:10:39.418000,0.799,2025-01-15 11:10:30.000000,2025-01-15 11:11:30.000000,eqcct_explosions_th0_1/20250115T111030Z_20250115T111130Z/LAUT_outputs/X_prediction_results.csv
KUNI/HE.KUNI..HHZ__20250115T111031Z__20250115T111131Z.mseed,HE,KUNI,0,0,0,0,2025-01-15 11:10:36.780000,0.941,2025-01-15 11:10:41.550000,0.555,2025-01-15 11:10:31.000000,2025-01-15 11:11:31.000000,eqcct_explosions_th0_1/20250115T111031Z_20250115T111131Z/KUNI_outputs/X_prediction_results.csv
HEL1/HE.HEL1..HHN__20250115T111031Z__20250115T111131Z.mseed,HE,HEL1,0,0,0,0,2025-01-15 11:10:35.192000,0.774,2025-01-15 11:10:39.992000,0.799,2025-01-15 11:10:31.000000,2025-01-15 11:11:31.000000,eqcct_explosions_th0_1/20250115T111031Z_20250115T111131Z/HEL1_outputs/X_prediction_results.csv
RSUO/HE.RSUO..HHN__20250115T111031Z__20250115T111131Z.mseed,HE,RSUO,0,0,0,0,2025-01-15 11:10:36.604000,0.906,2025-01-15 11:10:40.674000,0.681,2025-01-15 11:10:31.000000,2025-01-15 11:11:31.000000,eqcct_explosions_th0_1/20250115T111031Z_20250115T111131Z/RSUO_outputs/X_prediction_results.csv
VUOS/HE.VUOS..HHN__20250115T111033Z__20250115T111133Z.mseed,HE,VUOS,0,0,0,0,2025-01-15 11:10:38.652000,0.837,2025-01-15 11:10:43.962000,0.399,2025-01-15 11:10:33.000000,2025-01-15 11:11:33.000000,eqcct_explosions_th0_1/20250115T111033Z_20250115T111133Z/VUOS_outputs/X_prediction_results.csv
NUR/HE.NUR..HHE__20250115T111034Z__20250115T111134Z.mseed,HE,NUR,0,0,0,0,2025-01-15 11:10:39.180000,0.929,2025-01-15 11:10:44.880000,0.692,2025-01-15 11:10:34.000000,2025-01-15 11:11:34.000000,eqcct_explosions_th0_1/20250115T111034Z_20250115T111134Z/NUR_outputs/X_prediction_results.csv
TVF/HE.TVF..HHN__20250115T111037Z__20250115T111137Z.mseed,HE,TVF,0,0,0,0,2025-01-15 11:10:42.456000,0.954,2025-01-15 11:10:50.926000,0.49,2025-01-15 11:10:37.000000,2025-01-15 11:11:37.000000,eqcct_explosions_th0_1/20250115T111037Z_20250115T111137Z/TVF_outputs/X_prediction_results.csv
KORF/HE.KORF..CHE__20250115T111052Z__20250115T111152Z.mseed,HE,KORF,0,0,0,0,2025-01-15 11:10:57.392000,0.588,2025-01-15 11:11:16.422000,0.554,2025-01-15 11:10:52.000000,2025-01-15 11:11:52.000000,eqcct_explosions_th0_1/20250115T111052Z_20250115T111152Z/KORF_outputs/X_prediction_results.csv
RUF/HE.RUF..HHE__20250115T115405Z__20250115T115505Z.mseed,HE,RUF,0,0,0,0,2025-01-15 11:54:10.980000,0.926,2025-01-15 11:54:18.330000,0.102,2025-01-15 11:54:05.000000,2025-01-15 11:55:05.000000,eqcct_explosions_th0_1/20250115T115405Z_20250115T115505Z/RUF_outputs/X_prediction_results.csv
KY17/HE.KY17..CHZ__20250115T115406Z__20250115T115506Z.mseed,HE,KY17,0,0,0,0,2025-01-15 11:54:11.320000,0.939,2025-01-15 11:54:19.270000,0.505,2025-01-15 11:54:06.000000,2025-01-15 11:55:06.000000,eqcct_explosions_th0_1/20250115T115406Z_20250115T115506Z/KY17_outputs/X_prediction_results.csv
VJF/HE.VJF..HHE__20250115T115406Z__20250115T115506Z.mseed,HE,VJF,0,0,0,0,2025-01-15 11:54:11.712000,0.888,2025-01-15 11:54:20.162000,0.311,2025-01-15 11:54:06.000000,2025-01-15 11:55:06.000000,eqcct_explosions_th0_1/20250115T115406Z_20250115T115506Z/VJF_outputs/X_prediction_results.csv
FIA0/HE.FIA0..HHZ__20250115T115417Z__20250115T115517Z.mseed,HE,FIA0,0,0,0,0,2025-01-15 11:54:20.820000,0.45,2025-01-15 11:54:35.750000,0.447,2025-01-15 11:54:17.000000,2025-01-15 11:55:17.000000,eqcct_explosions_th0_1/20250115T115417Z_20250115T115517Z/FIA0_outputs/X_prediction_results.csv
PVF/HE.PVF..CHZ__20250115T115417Z__20250115T115517Z.mseed,HE,PVF,0,0,0,0,2025-01-15 11:54:22.850000,0.786,2025-01-15 11:54:39.910000,0.631,2025-01-15 11:54:17.000000,2025-01-15 11:55:17.000000,eqcct_explosions_th0_1/20250115T115417Z_20250115T115517Z/PVF_outputs/X_prediction_results.csv
KAF/HE.KAF..HHE__20250115T115421Z__20250115T115521Z.mseed,HE,KAF,0,0,0,0,2025-01-15 11:54:26.950000,0.819,,,2025-01-15 11:54:21.000000,2025-01-15 11:55:21.000000,eqcct_explosions_th0_1/20250115T115421Z_20250115T115521Z/KAF_outputs/X_prediction_results.csv
TRE03/HE.TRE03..CHZ__20250115T115431Z__20250115T115531Z.mseed,HE,TRE03,0,0,0,0,2025-01-15 11:54:36.840000,0.748,,,2025-01-15 11:54:31.000000,2025-01-15 11:55:31.000000,eqcct_explosions_th0_1/20250115T115431Z_20250115T115531Z/TRE03_outputs/X_prediction_results.csv
SUF/HE.SUF..HHZ__20250115T115431Z__20250115T115531Z.mseed,HE,SUF,0,0,0,0,2025-01-15 11:54:35.900000,0.833,2025-01-15 11:55:02.020000,0.258,2025-01-15 11:54:31.000000,2025-01-15 11:55:31.000000,eqcct_explosions_th0_1/20250115T115431Z_20250115T115531Z/SUF_outputs/X_prediction_results.csv
KEF/HE.KEF..HHN__20250115T115458Z__20250115T115558Z.mseed,HE,KEF,0,0,0,0,2025-01-15 11:55:02.620000,0.545,,,2025-01-15 11:54:58.000000,2025-01-15 11:55:58.000000,eqcct_explosions_th0_1/20250115T115458Z_20250115T115558Z/KEF_outputs/X_prediction_results.csv
AAL/UP.AAL..HHN__20250115T115603Z__20250115T115703Z.mseed,UP,AAL,0,0,0,0,2025-01-15 11:56:07.760000,0.301,,,2025-01-15 11:56:03.000000,2025-01-15 11:57:03.000000,eqcct_explosions_th0_1/20250115T115603Z_20250115T115703Z/AAL_outputs/X_prediction_results.csv
KY02/HE.KY02..CHN__20250115T121528Z__20250115T121628Z.mseed,HE,KY02,0,0,0,0,2025-01-15 12:15:33.076000,0.905,2025-01-15 12:15:36.796000,0.437,2025-01-15 12:15:28.000000,2025-01-15 12:16:28.000000,eqcct_explosions_th0_1/20250115T121528Z_20250115T121628Z/KY02_outputs/X_prediction_results.csv
KY17/HE.KY17..CHN__20250115T121530Z__20250115T121630Z.mseed,HE,KY17,0,0,0,0,2025-01-15 12:15:35.478000,0.881,2025-01-15 12:15:40.538000,0.665,2025-01-15 12:15:30.000000,2025-01-15 12:16:30.000000,eqcct_explosions_th0_1/20250115T121530Z_20250115T121630Z/KY17_outputs/X_prediction_results.csv
PVF/HE.PVF..CHE__20250115T121532Z__20250115T121632Z.mseed,HE,PVF,0,0,0,0,2025-01-15 12:15:37.480000,0.934,2025-01-15 12:15:43.750000,0.864,2025-01-15 12:15:32.000000,2025-01-15 12:16:32.000000,eqcct_explosions_th0_1/20250115T121532Z_20250115T121632Z/PVF_outputs/X_prediction_results.csv
LOVF/HE.LOVF..CHZ__20250115T121533Z__20250115T121633Z.mseed,HE,LOVF,0,0,0,0,2025-01-15 12:15:38.440000,0.94,2025-01-15 12:15:45.390000,0.311,2025-01-15 12:15:33.000000,2025-01-15 12:16:33.000000,eqcct_explosions_th0_1/20250115T121533Z_20250115T121633Z/LOVF_outputs/X_prediction_results.csv
FIA0/HE.FIA0..HHE__20250115T121533Z__20250115T121633Z.mseed,HE,FIA0,0,0,0,0,2025-01-15 12:15:38.000000,0.837,2025-01-15 12:15:44.950000,0.39,2025-01-15 12:15:33.000000,2025-01-15 12:16:33.000000,eqcct_explosions_th0_1/20250115T121533Z_20250115T121633Z/FIA0_outputs/X_prediction_results.csv
FIA1/HE.FIA1..HHN__20250115T121533Z__20250115T121633Z.mseed,HE,FIA1,0,0,0,0,2025-01-15 12:15:38.010000,0.822,2025-01-15 12:15:44.950000,0.353,2025-01-15 12:15:33.000000,2025-01-15 12:16:33.000000,eqcct_explosions_th0_1/20250115T121533Z_20250115T121633Z/FIA1_outputs/X_prediction_results.csv
VJF/HE.VJF..HHN__20250115T121537Z__20250115T121637Z.mseed,HE,VJF,0,0,0,0,2025-01-15 12:15:42.296000,0.544,2025-01-15 12:15:52.666000,0.564,2025-01-15 12:15:37.000000,2025-01-15 12:16:37.000000,eqcct_explosions_th0_1/20250115T121537Z_20250115T121637Z/VJF_outputs/X_prediction_results.csv
NUR/HE.NUR..HHZ__20250115T121540Z__20250115T121640Z.mseed,HE,NUR,0,0,0,0,2025-01-15 12:15:45.876000,0.781,,,2025-01-15 12:15:40.000000,2025-01-15 12:16:40.000000,eqcct_explosions_th0_1/20250115T121540Z_20250115T121640Z/NUR_outputs/X_prediction_results.csv
KUNI/HE.KUNI..HHE__20250115T121541Z__20250115T121641Z.mseed,HE,KUNI,0,0,0,0,2025-01-15 12:15:46.752000,0.857,2025-01-15 12:16:04.802000,0.124,2025-01-15 12:15:41.000000,2025-01-15 12:16:41.000000,eqcct_explosions_th0_1/20250115T121541Z_20250115T121641Z/KUNI_outputs/X_prediction_results.csv
VUOS/HE.VUOS..HHZ__20250115T121541Z__20250115T121641Z.mseed,HE,VUOS,0,0,0,0,2025-01-15 12:15:46.488000,0.841,2025-01-15 12:15:59.698000,0.299,2025-01-15 12:15:41.000000,2025-01-15 12:16:41.000000,eqcct_explosions_th0_1/20250115T121541Z_20250115T121641Z/VUOS_outputs/X_prediction_results.csv
KAF/HE.KAF..HHZ__20250115T121544Z__20250115T121644Z.mseed,HE,KAF,0,0,0,0,2025-01-15 12:15:49.730000,0.687,2025-01-15 12:16:05.720000,0.422,2025-01-15 12:15:44.000000,2025-01-15 12:16:44.000000,eqcct_explosions_th0_1/20250115T121544Z_20250115T121644Z/KAF_outputs/X_prediction_results.csv
MEF/HE.MEF..HHN__20250115T121545Z__20250115T121645Z.mseed,HE,MEF,0,0,0,0,2025-01-15 12:15:50.780000,0.914,,,2025-01-15 12:15:45.000000,2025-01-15 12:16:45.000000,eqcct_explosions_th0_1/20250115T121545Z_20250115T121645Z/MEF_outputs/X_prediction_results.csv
TRE03/HE.TRE03..CHE__20250115T121546Z__20250115T121646Z.mseed,HE,TRE03,0,0,0,0,2025-01-15 12:15:51.004000,0.85,2025-01-15 12:16:07.394000,0.121,2025-01-15 12:15:46.000000,2025-01-15 12:16:46.000000,eqcct_explosions_th0_1/20250115T121546Z_20250115T121646Z/TRE03_outputs/X_prediction_results.csv
RUF/HE.RUF..HHN__20250115T121547Z__20250115T121647Z.mseed,HE,RUF,0,0,0,0,2025-01-15 12:15:52.860000,0.787,,,2025-01-15 12:15:47.000000,2025-01-15 12:16:47.000000,eqcct_explosions_th0_1/20250115T121547Z_20250115T121647Z/RUF_outputs/X_prediction_results.csv
KEF/HE.KEF..HHN__20250115T121549Z__20250115T121649Z.mseed,HE,KEF,0,0,0,0,2025-01-15 12:15:54.720000,0.914,2025-01-15 12:16:13.320000,0.493,2025-01-15 12:15:49.000000,2025-01-15 12:16:49.000000,eqcct_explosions_th0_1/20250115T121549Z_20250115T121649Z/KEF_outputs/X_prediction_results.csv
MEF/HE.MEF..HHN__20250115T123019Z__20250115T123119Z.mseed,HE,MEF,0,0,0,0,2025-01-15 12:30:24.860000,0.954,2025-01-15 12:30:26.060000,0.879,2025-01-15 12:30:19.000000,2025-01-15 12:31:19.000000,eqcct_explosions_th0_1/20250115T123019Z_20250115T123119Z/MEF_outputs/X_prediction_results.csv
HEL1/HE.HEL1..HHE__20250115T123021Z__20250115T123121Z.mseed,HE,HEL1,0,0,0,0,2025-01-15 12:30:26.236000,0.879,2025-01-15 12:30:28.876000,0.783,2025-01-15 12:30:21.000000,2025-01-15 12:31:21.000000,eqcct_explosions_th0_1/20250115T123021Z_20250115T123121Z/HEL1_outputs/X_prediction_results.csv
LAUT/HE.LAUT..HHZ__20250115T123021Z__20250115T123121Z.mseed,HE,LAUT,0,0,0,0,2025-01-15 12:30:26.478000,0.845,2025-01-15 12:30:28.958000,0.854,2025-01-15 12:30:21.000000,2025-01-15 12:31:21.000000,eqcct_explosions_th0_1/20250115T123021Z_20250115T123121Z/LAUT_outputs/X_prediction_results.csv
RSUO/HE.RSUO..HHE__20250115T123021Z__20250115T123121Z.mseed,HE,RSUO,0,0,0,0,2025-01-15 12:30:26.284000,0.29,2025-01-15 12:30:29.124000,0.733,2025-01-15 12:30:21.000000,2025-01-15 12:31:21.000000,eqcct_explosions_th0_1/20250115T123021Z_20250115T123121Z/RSUO_outputs/X_prediction_results.csv
KUNI/HE.KUNI..HHZ__20250115T123021Z__20250115T123121Z.mseed,HE,KUNI,0,0,0,0,2025-01-15 12:30:26.548000,0.895,2025-01-15 12:30:29.118000,0.84,2025-01-15 12:30:21.000000,2025-01-15 12:31:21.000000,eqcct_explosions_th0_1/20250115T123021Z_20250115T123121Z/KUNI_outputs/X_prediction_results.csv
HEL5/HE.HEL5..HHN__20250115T123021Z__20250115T123121Z.mseed,HE,HEL5,0,0,0,0,2025-01-15 12:30:26.128000,0.852,2025-01-15 12:30:28.298000,0.554,2025-01-15 12:30:21.000000,2025-01-15 12:31:21.000000,eqcct_explosions_th0_1/20250115T123021Z_20250115T123121Z/HEL5_outputs/X_prediction_results.csv
NUR/HE.NUR..HHZ__20250115T123023Z__20250115T123123Z.mseed,HE,NUR,0,0,0,0,2025-01-15 12:30:28.370000,0.783,2025-01-15 12:30:32.030000,0.869,2025-01-15 12:30:23.000000,2025-01-15 12:31:23.000000,eqcct_explosions_th0_1/20250115T123023Z_20250115T123123Z/NUR_outputs/X_prediction_results.csv
NIF/HE.NIF..HHE__20250115T130008Z__20250115T130108Z.mseed,HE,NIF,0,0,0,0,2025-01-15 13:00:13.500000,0.893,2025-01-15 13:00:19.890000,0.247,2025-01-15 13:00:08.000000,2025-01-15 13:01:08.000000,eqcct_explosions_th0_1/20250115T130008Z_20250115T130108Z/NIF_outputs/X_prediction_results.csv
KAF/HE.KAF..HHZ__20250115T130020Z__20250115T130120Z.mseed,HE,KAF,0,0,0,0,2025-01-15 13:00:25.080000,0.867,,,2025-01-15 13:00:20.000000,2025-01-15 13:01:20.000000,eqcct_explosions_th0_1/20250115T130020Z_20250115T130120Z/KAF_outputs/X_prediction_results.csv
KEF/HE.KEF..HHZ__20250115T130028Z__20250115T130128Z.mseed,HE,KEF,0,0,0,0,2025-01-15 13:00:33.170000,0.842,,,2025-01-15 13:00:28.000000,2025-01-15 13:01:28.000000,eqcct_explosions_th0_1/20250115T130028Z_20250115T130128Z/KEF_outputs/X_prediction_results.csv
RMF/HE.RMF..HHZ__20250115T130029Z__20250115T130129Z.mseed,HE,RMF,0,0,0,0,2025-01-15 13:00:34.124000,0.601,2025-01-15 13:00:34.544000,0.203,2025-01-15 13:00:29.000000,2025-01-15 13:01:29.000000,eqcct_explosions_th0_1/20250115T130029Z_20250115T130129Z/RMF_outputs/X_prediction_results.csv
ALAJF/HE.ALAJF..HHZ__20250115T130030Z__20250115T130130Z.mseed,HE,ALAJF,0,0,0,0,2025-01-15 13:00:35.452000,0.81,2025-01-15 13:00:58.002000,0.392,2025-01-15 13:00:30.000000,2025-01-15 13:01:30.000000,eqcct_explosions_th0_1/20250115T130030Z_20250115T130130Z/ALAJF_outputs/X_prediction_results.csv
RUF/HE.RUF..HHZ__20250115T130030Z__20250115T130130Z.mseed,HE,RUF,0,0,0,0,2025-01-15 13:00:34.092000,0.376,,,2025-01-15 13:00:30.000000,2025-01-15 13:01:30.000000,eqcct_explosions_th0_1/20250115T130030Z_20250115T130130Z/RUF_outputs/X_prediction_results.csv
FIA0/HE.FIA0..HHZ__20250115T130030Z__20250115T130130Z.mseed,HE,FIA0,0,0,0,0,2025-01-15 13:00:36.750000,0.313,,,2025-01-15 13:00:30.000000,2025-01-15 13:01:30.000000,eqcct_explosions_th0_1/20250115T130030Z_20250115T130130Z/FIA0_outputs/X_prediction_results.csv
FIA1/HE.FIA1..HHZ__20250115T130030Z__20250115T130130Z.mseed,HE,FIA1,0,0,0,0,2025-01-15 13:00:34.830000,0.221,,,2025-01-15 13:00:30.000000,2025-01-15 13:01:30.000000,eqcct_explosions_th0_1/20250115T130030Z_20250115T130130Z/FIA1_outputs/X_prediction_results.csv
JOF/HE.JOF..HHN__20250115T130030Z__20250115T130130Z.mseed,HE,JOF,0,0,0,0,2025-01-15 13:00:35.030000,0.845,2025-01-15 13:00:56.950000,0.239,2025-01-15 13:00:30.000000,2025-01-15 13:01:30.000000,eqcct_explosions_th0_1/20250115T130030Z_20250115T130130Z/JOF_outputs/X_prediction_results.csv
OUF/HE.OUF..HHN__20250115T130034Z__20250115T130134Z.mseed,HE,OUF,0,0,0,0,2025-01-15 13:00:38.690000,0.335,,,2025-01-15 13:00:34.000000,2025-01-15 13:01:34.000000,eqcct_explosions_th0_1/20250115T130034Z_20250115T130134Z/OUF_outputs/X_prediction_results.csv
MEF/HE.MEF..HHE__20250115T134613Z__20250115T134713Z.mseed,HE,MEF,0,0,0,0,2025-01-15 13:46:18.470000,0.739,2025-01-15 13:46:20.700000,0.666,2025-01-15 13:46:13.000000,2025-01-15 13:47:13.000000,eqcct_explosions_th0_1/20250115T134613Z_20250115T134713Z/MEF_outputs/X_prediction_results.csv
HEL5/HE.HEL5..HHZ__20250115T134615Z__20250115T134715Z.mseed,HE,HEL5,0,0,0,0,2025-01-15 13:46:20.540000,0.926,2025-01-15 13:46:24.440000,0.626,2025-01-15 13:46:15.000000,2025-01-15 13:47:15.000000,eqcct_explosions_th0_1/20250115T134615Z_20250115T134715Z/HEL5_outputs/X_prediction_results.csv
LAUT/HE.LAUT..HHE__20250115T134616Z__20250115T134716Z.mseed,HE,LAUT,0,0,0,0,2025-01-15 13:46:21.760000,0.648,2025-01-15 13:46:26.310000,0.626,2025-01-15 13:46:16.000000,2025-01-15 13:47:16.000000,eqcct_explosions_th0_1/20250115T134616Z_20250115T134716Z/LAUT_outputs/X_prediction_results.csv
HEL1/HE.HEL1..HHE__20250115T134617Z__20250115T134717Z.mseed,HE,HEL1,0,0,0,0,2025-01-15 13:46:22.040000,0.803,2025-01-15 13:46:26.840000,0.659,2025-01-15 13:46:17.000000,2025-01-15 13:47:17.000000,eqcct_explosions_th0_1/20250115T134617Z_20250115T134717Z/HEL1_outputs/X_prediction_results.csv
KUNI/HE.KUNI..HHE__20250115T134618Z__20250115T134718Z.mseed,HE,KUNI,0,0,0,0,2025-01-15 13:46:23.142000,0.808,2025-01-15 13:46:28.642000,0.277,2025-01-15 13:46:18.000000,2025-01-15 13:47:18.000000,eqcct_explosions_th0_1/20250115T134618Z_20250115T134718Z/KUNI_outputs/X_prediction_results.csv
NUR/HE.NUR..HHN__20250115T134619Z__20250115T134719Z.mseed,HE,NUR,0,0,0,0,2025-01-15 13:46:24.332000,0.743,2025-01-15 13:46:30.402000,0.54,2025-01-15 13:46:19.000000,2025-01-15 13:47:19.000000,eqcct_explosions_th0_1/20250115T134619Z_20250115T134719Z/NUR_outputs/X_prediction_results.csv
VUOS/HE.VUOS..HHN__20250115T134619Z__20250115T134719Z.mseed,HE,VUOS,0,0,0,0,2025-01-15 13:46:24.620000,0.839,2025-01-15 13:46:31.140000,0.243,2025-01-15 13:46:19.000000,2025-01-15 13:47:19.000000,eqcct_explosions_th0_1/20250115T134619Z_20250115T134719Z/VUOS_outputs/X_prediction_results.csv
TVF/HE.TVF..HHN__20250115T134621Z__20250115T134721Z.mseed,HE,TVF,0,0,0,0,2025-01-15 13:46:26.180000,0.906,2025-01-15 13:46:33.100000,0.245,2025-01-15 13:46:21.000000,2025-01-15 13:47:21.000000,eqcct_explosions_th0_1/20250115T134621Z_20250115T134721Z/TVF_outputs/X_prediction_results.csv
PVF/HE.PVF..CHZ__20250115T134628Z__20250115T134728Z.mseed,HE,PVF,0,0,0,0,2025-01-15 13:46:33.360000,0.625,2025-01-15 13:46:44.170000,0.377,2025-01-15 13:46:28.000000,2025-01-15 13:47:28.000000,eqcct_explosions_th0_1/20250115T134628Z_20250115T134728Z/PVF_outputs/X_prediction_results.csv
KORF/HE.KORF..CHE__20250115T134636Z__20250115T134736Z.mseed,HE,KORF,0,0,0,0,2025-01-15 13:46:41.180000,0.812,2025-01-15 13:46:58.930000,0.326,2025-01-15 13:46:36.000000,2025-01-15 13:47:36.000000,eqcct_explosions_th0_1/20250115T134636Z_20250115T134736Z/KORF_outputs/X_prediction_results.csv
RAF/HE.RAF..HHN__20250115T134638Z__20250115T134738Z.mseed,HE,RAF,0,0,0,0,2025-01-15 13:46:42.980000,0.831,,,2025-01-15 13:46:38.000000,2025-01-15 13:47:38.000000,eqcct_explosions_th0_1/20250115T134638Z_20250115T134738Z/RAF_outputs/X_prediction_results.csv
FIA0/HE.FIA0..HHZ__20250115T134640Z__20250115T134740Z.mseed,HE,FIA0,0,0,0,0,2025-01-15 13:46:45.400000,0.876,2025-01-15 13:47:05.950000,0.11,2025-01-15 13:46:40.000000,2025-01-15 13:47:40.000000,eqcct_explosions_th0_1/20250115T134640Z_20250115T134740Z/FIA0_outputs/X_prediction_results.csv
KY17/HE.KY17..CHN__20250115T134640Z__20250115T134740Z.mseed,HE,KY17,0,0,0,0,2025-01-15 13:46:45.730000,0.767,,,2025-01-15 13:46:40.000000,2025-01-15 13:47:40.000000,eqcct_explosions_th0_1/20250115T134640Z_20250115T134740Z/KY17_outputs/X_prediction_results.csv
VJF/HE.VJF..HHN__20250115T134642Z__20250115T134742Z.mseed,HE,VJF,0,0,0,0,2025-01-15 13:46:46.580000,0.814,,,2025-01-15 13:46:42.000000,2025-01-15 13:47:42.000000,eqcct_explosions_th0_1/20250115T134642Z_20250115T134742Z/VJF_outputs/X_prediction_results.csv
KPF/HE.KPF..HHN__20250115T134647Z__20250115T134747Z.mseed,HE,KPF,0,0,0,0,2025-01-15 13:46:52.640000,0.557,2025-01-15 13:47:20.870000,0.182,2025-01-15 13:46:47.000000,2025-01-15 13:47:47.000000,eqcct_explosions_th0_1/20250115T134647Z_20250115T134747Z/KPF_outputs/X_prediction_results.csv
KEF/HE.KEF..HHZ__20250115T134649Z__20250115T134749Z.mseed,HE,KEF,0,0,0,0,2025-01-15 13:46:53.580000,0.762,,,2025-01-15 13:46:49.000000,2025-01-15 13:47:49.000000,eqcct_explosions_th0_1/20250115T134649Z_20250115T134749Z/KEF_outputs/X_prediction_results.csv
AAL/UP.AAL..HHZ__20250115T134716Z__20250115T134816Z.mseed,UP,AAL,0,0,0,0,2025-01-15 13:47:20.520000,0.452,,,2025-01-15 13:47:16.000000,2025-01-15 13:48:16.000000,eqcct_explosions_th0_1/20250115T134716Z_20250115T134816Z/AAL_outputs/X_prediction_results.csv
KAF/HE.KAF..HHN__20250115T134721Z__20250115T134821Z.mseed,HE,KAF,0,0,0,0,2025-01-15 13:47:25.410000,0.268,,,2025-01-15 13:47:21.000000,2025-01-15 13:48:21.000000,eqcct_explosions_th0_1/20250115T134721Z_20250115T134821Z/KAF_outputs/X_prediction_results.csv
ECKF/HE.ECKF..CHZ__20250115T134724Z__20250115T134824Z.mseed,HE,ECKF,0,0,0,0,2025-01-15 13:47:28.120000,0.117,,,2025-01-15 13:47:24.000000,2025-01-15 13:48:24.000000,eqcct_explosions_th0_1/20250115T134724Z_20250115T134824Z/ECKF_outputs/X_prediction_results.csv
ECKF/HE.ECKF..CHZ__20250115T142945Z__20250115T143045Z.mseed,HE,ECKF,0,0,0,0,2025-01-15 14:29:50.130000,0.813,2025-01-15 14:30:09.330000,0.384,2025-01-15 14:29:45.000000,2025-01-15 14:30:45.000000,eqcct_explosions_th0_1/20250115T142945Z_20250115T143045Z/ECKF_outputs/X_prediction_results.csv
AAL/UP.AAL..HHE__20250115T142947Z__20250115T143047Z.mseed,UP,AAL,0,0,0,0,2025-01-15 14:29:52.050000,0.904,2025-01-15 14:30:13.080000,0.118,2025-01-15 14:29:47.000000,2025-01-15 14:30:47.000000,eqcct_explosions_th0_1/20250115T142947Z_20250115T143047Z/AAL_outputs/X_prediction_results.csv
KORF/HE.KORF..CHZ__20250115T142956Z__20250115T143056Z.mseed,HE,KORF,0,0,0,0,2025-01-15 14:30:02.446000,0.428,,,2025-01-15 14:29:56.000000,2025-01-15 14:30:56.000000,eqcct_explosions_th0_1/20250115T142956Z_20250115T143056Z/KORF_outputs/X_prediction_results.csv
MEF/HE.MEF..HHE__20250115T152117Z__20250115T152217Z.mseed,HE,MEF,0,0,0,0,2025-01-15 15:21:22.660000,0.782,2025-01-15 15:21:27.370000,0.816,2025-01-15 15:21:17.000000,2025-01-15 15:22:17.000000,eqcct_explosions_th0_1/20250115T152117Z_20250115T152217Z/MEF_outputs/X_prediction_results.csv
NUR/HE.NUR..HHZ__20250115T152119Z__20250115T152219Z.mseed,HE,NUR,0,0,0,0,2025-01-15 15:21:24.080000,0.94,2025-01-15 15:21:29.850000,0.563,2025-01-15 15:21:19.000000,2025-01-15 15:22:19.000000,eqcct_explosions_th0_1/20250115T152119Z_20250115T152219Z/NUR_outputs/X_prediction_results.csv
KUNI/HE.KUNI..HHZ__20250115T152121Z__20250115T152221Z.mseed,HE,KUNI,0,0,0,0,2025-01-15 15:21:26.780000,0.822,2025-01-15 15:21:34.090000,0.742,2025-01-15 15:21:21.000000,2025-01-15 15:22:21.000000,eqcct_explosions_th0_1/20250115T152121Z_20250115T152221Z/KUNI_outputs/X_prediction_results.csv
HEL5/HE.HEL5..HHE__20250115T152121Z__20250115T152221Z.mseed,HE,HEL5,0,0,0,0,2025-01-15 15:21:26.480000,0.772,2025-01-15 15:21:33.650000,0.668,2025-01-15 15:21:21.000000,2025-01-15 15:22:21.000000,eqcct_explosions_th0_1/20250115T152121Z_20250115T152221Z/HEL5_outputs/X_prediction_results.csv
TVF/HE.TVF..HHN__20250115T152122Z__20250115T152222Z.mseed,HE,TVF,0,0,0,0,2025-01-15 15:21:27.980000,0.895,2025-01-15 15:21:37.100000,0.365,2025-01-15 15:21:22.000000,2025-01-15 15:22:22.000000,eqcct_explosions_th0_1/20250115T152122Z_20250115T152222Z/TVF_outputs/X_prediction_results.csv
VUOS/HE.VUOS..HHE__20250115T152124Z__20250115T152224Z.mseed,HE,VUOS,0,0,0,0,2025-01-15 15:21:28.892000,0.87,2025-01-15 15:21:38.282000,0.351,2025-01-15 15:21:24.000000,2025-01-15 15:22:24.000000,eqcct_explosions_th0_1/20250115T152124Z_20250115T152224Z/VUOS_outputs/X_prediction_results.csv
PVF/HE.PVF..CHN__20250115T152130Z__20250115T152230Z.mseed,HE,PVF,0,0,0,0,2025-01-15 15:21:35.260000,0.909,2025-01-15 15:21:48.580000,0.522,2025-01-15 15:21:30.000000,2025-01-15 15:22:30.000000,eqcct_explosions_th0_1/20250115T152130Z_20250115T152230Z/PVF_outputs/X_prediction_results.csv
RAF/HE.RAF..HHN__20250115T152132Z__20250115T152232Z.mseed,HE,RAF,0,0,0,0,2025-01-15 15:21:37.930000,0.855,2025-01-15 15:21:53.900000,0.571,2025-01-15 15:21:32.000000,2025-01-15 15:22:32.000000,eqcct_explosions_th0_1/20250115T152132Z_20250115T152232Z/RAF_outputs/X_prediction_results.csv
KORF/HE.KORF..CHE__20250115T152133Z__20250115T152233Z.mseed,HE,KORF,0,0,0,0,2025-01-15 15:21:38.640000,0.803,2025-01-15 15:21:54.230000,0.351,2025-01-15 15:21:33.000000,2025-01-15 15:22:33.000000,eqcct_explosions_th0_1/20250115T152133Z_20250115T152233Z/KORF_outputs/X_prediction_results.csv
TRE03/HE.TRE03..CHE__20250115T152134Z__20250115T152234Z.mseed,HE,TRE03,0,0,0,0,2025-01-15 15:21:39.180000,0.886,2025-01-15 15:21:55.730000,0.195,2025-01-15 15:21:34.000000,2025-01-15 15:22:34.000000,eqcct_explosions_th0_1/20250115T152134Z_20250115T152234Z/TRE03_outputs/X_prediction_results.csv
FIA0/HE.FIA0..HHZ__20250115T152138Z__20250115T152238Z.mseed,HE,FIA0,0,0,0,0,2025-01-15 15:21:43.900000,0.869,2025-01-15 15:22:04.450000,0.145,2025-01-15 15:21:38.000000,2025-01-15 15:22:38.000000,eqcct_explosions_th0_1/20250115T152138Z_20250115T152238Z/FIA0_outputs/X_prediction_results.csv
KPF/HE.KPF..HHN__20250115T152141Z__20250115T152241Z.mseed,HE,KPF,0,0,0,0,2025-01-15 15:21:46.800000,0.702,,,2025-01-15 15:21:41.000000,2025-01-15 15:22:41.000000,eqcct_explosions_th0_1/20250115T152141Z_20250115T152241Z/KPF_outputs/X_prediction_results.csv
KY17/HE.KY17..CHE__20250115T152142Z__20250115T152242Z.mseed,HE,KY17,0,0,0,0,2025-01-15 15:21:46.260000,0.882,2025-01-15 15:22:09.570000,0.488,2025-01-15 15:21:42.000000,2025-01-15 15:22:42.000000,eqcct_explosions_th0_1/20250115T152142Z_20250115T152242Z/KY17_outputs/X_prediction_results.csv
KEF/HE.KEF..HHN__20250115T152144Z__20250115T152244Z.mseed,HE,KEF,0,0,0,0,2025-01-15 15:21:49.880000,0.61,2025-01-15 15:22:14.110000,0.368,2025-01-15 15:21:44.000000,2025-01-15 15:22:44.000000,eqcct_explosions_th0_1/20250115T152144Z_20250115T152244Z/KEF_outputs/X_prediction_results.csv
AAL/UP.AAL..HHN__20250115T152146Z__20250115T152246Z.mseed,UP,AAL,0,0,0,0,2025-01-15 15:21:50.000000,0.68,2025-01-15 15:22:15.570000,0.183,2025-01-15 15:21:46.000000,2025-01-15 15:22:46.000000,eqcct_explosions_th0_1/20250115T152146Z_20250115T152246Z/AAL_outputs/X_prediction_results.csv
KAF/HE.KAF..HHZ__20250115T152148Z__20250115T152248Z.mseed,HE,KAF,0,0,0,0,2025-01-15 15:21:52.980000,0.761,2025-01-15 15:22:21.240000,0.339,2025-01-15 15:21:48.000000,2025-01-15 15:22:48.000000,eqcct_explosions_th0_1/20250115T152148Z_20250115T152248Z/KAF_outputs/X_prediction_results.csv
ECKF/HE.ECKF..CHN__20250115T152149Z__20250115T152249Z.mseed,HE,ECKF,0,0,0,0,2025-01-15 15:21:54.180000,0.685,2025-01-15 15:22:23.110000,0.104,2025-01-15 15:21:49.000000,2025-01-15 15:22:49.000000,eqcct_explosions_th0_1/20250115T152149Z_20250115T152249Z/ECKF_outputs/X_prediction_results.csv
VJF/HE.VJF..HHE__20250115T152208Z__20250115T152308Z.mseed,HE,VJF,0,0,0,0,2025-01-15 15:22:12.780000,0.689,,,2025-01-15 15:22:08.000000,2025-01-15 15:23:08.000000,eqcct_explosions_th0_1/20250115T152208Z_20250115T152308Z/VJF_outputs/X_prediction_results.csv
RAF/HE.RAF..HHE__20250116T091910Z__20250116T092010Z.mseed,HE,RAF,0,0,0,0,2025-01-16 09:19:15.610000,0.89,2025-01-16 09:19:24.930000,0.699,2025-01-16 09:19:10.000000,2025-01-16 09:20:10.000000,eqcct_explosions_th0_1/20250116T091910Z_20250116T092010Z/RAF_outputs/X_prediction_results.csv
MEF/HE.MEF..HHZ__20250116T091912Z__20250116T092012Z.mseed,HE,MEF,0,0,0,0,2025-01-16 09:19:16.940000,0.652,,,2025-01-16 09:19:12.000000,2025-01-16 09:20:12.000000,eqcct_explosions_th0_1/20250116T091912Z_20250116T092012Z/MEF_outputs/X_prediction_results.csv
TVF/HE.TVF..HHE__20250116T091913Z__20250116T092013Z.mseed,HE,TVF,0,0,0,0,2025-01-16 09:19:17.286000,0.253,,,2025-01-16 09:19:13.000000,2025-01-16 09:20:13.000000,eqcct_explosions_th0_1/20250116T091913Z_20250116T092013Z/TVF_outputs/X_prediction_results.csv
KORF/HE.KORF..CHZ__20250116T091914Z__20250116T092014Z.mseed,HE,KORF,0,0,0,0,2025-01-16 09:19:19.928000,0.902,2025-01-16 09:19:32.088000,0.451,2025-01-16 09:19:14.000000,2025-01-16 09:20:14.000000,eqcct_explosions_th0_1/20250116T091914Z_20250116T092014Z/KORF_outputs/X_prediction_results.csv
KPF/HE.KPF..HHE__20250116T091920Z__20250116T092020Z.mseed,HE,KPF,0,0,0,0,2025-01-16 09:19:25.876000,0.833,,,2025-01-16 09:19:20.000000,2025-01-16 09:20:20.000000,eqcct_explosions_th0_1/20250116T091920Z_20250116T092020Z/KPF_outputs/X_prediction_results.csv
PVF/HE.PVF..CHN__20250116T091923Z__20250116T092023Z.mseed,HE,PVF,0,0,0,0,2025-01-16 09:19:27.708000,0.567,2025-01-16 09:19:47.338000,0.312,2025-01-16 09:19:23.000000,2025-01-16 09:20:23.000000,eqcct_explosions_th0_1/20250116T091923Z_20250116T092023Z/PVF_outputs/X_prediction_results.csv
AAL/UP.AAL..HHN__20250116T091926Z__20250116T092026Z.mseed,UP,AAL,0,0,0,0,2025-01-16 09:19:30.210000,0.636,2025-01-16 09:19:51.810000,0.375,2025-01-16 09:19:26.000000,2025-01-16 09:20:26.000000,eqcct_explosions_th0_1/20250116T091926Z_20250116T092026Z/AAL_outputs/X_prediction_results.csv
LOVF/HE.LOVF..CHE__20250116T091927Z__20250116T092027Z.mseed,HE,LOVF,0,0,0,0,2025-01-16 09:19:31.276000,0.422,2025-01-16 09:19:54.976000,0.404,2025-01-16 09:19:27.000000,2025-01-16 09:20:27.000000,eqcct_explosions_th0_1/20250116T091927Z_20250116T092027Z/LOVF_outputs/X_prediction_results.csv
FIA0/HE.FIA0..HHN__20250116T091928Z__20250116T092028Z.mseed,HE,FIA0,0,0,0,0,2025-01-16 09:19:34.100000,0.798,2025-01-16 09:19:55.090000,0.243,2025-01-16 09:19:28.000000,2025-01-16 09:20:28.000000,eqcct_explosions_th0_1/20250116T091928Z_20250116T092028Z/FIA0_outputs/X_prediction_results.csv
FIA1/HE.FIA1..HHZ__20250116T091928Z__20250116T092028Z.mseed,HE,FIA1,0,0,0,0,2025-01-16 09:19:34.110000,0.442,,,2025-01-16 09:19:28.000000,2025-01-16 09:20:28.000000,eqcct_explosions_th0_1/20250116T091928Z_20250116T092028Z/FIA1_outputs/X_prediction_results.csv
ECKF/HE.ECKF..CHE__20250116T091929Z__20250116T092029Z.mseed,HE,ECKF,0,0,0,0,2025-01-16 09:19:33.400000,0.801,2025-01-16 09:19:57.800000,0.464,2025-01-16 09:19:29.000000,2025-01-16 09:20:29.000000,eqcct_explosions_th0_1/20250116T091929Z_20250116T092029Z/ECKF_outputs/X_prediction_results.csv
KEF/HE.KEF..HHN__20250116T091929Z__20250116T092029Z.mseed,HE,KEF,0,0,0,0,2025-01-16 09:19:34.400000,0.665,2025-01-16 09:19:57.830000,0.376,2025-01-16 09:19:29.000000,2025-01-16 09:20:29.000000,eqcct_explosions_th0_1/20250116T091929Z_20250116T092029Z/KEF_outputs/X_prediction_results.csv
KAF/HE.KAF..HHE__20250116T091935Z__20250116T092035Z.mseed,HE,KAF,0,0,0,0,2025-01-16 09:19:40.310000,0.349,2025-01-16 09:20:09.100000,0.345,2025-01-16 09:19:35.000000,2025-01-16 09:20:35.000000,eqcct_explosions_th0_1/20250116T091935Z_20250116T092035Z/KAF_outputs/X_prediction_results.csv
VAF/HE.VAF..HHN__20250116T091939Z__20250116T092039Z.mseed,HE,VAF,0,0,0,0,2025-01-16 09:19:43.910000,0.602,,,2025-01-16 09:19:39.000000,2025-01-16 09:20:39.000000,eqcct_explosions_th0_1/20250116T091939Z_20250116T092039Z/VAF_outputs/X_prediction_results.csv
RUF/HE.RUF..HHE__20250116T095245Z__20250116T095345Z.mseed,HE,RUF,0,0,0,0,2025-01-16 09:52:50.384000,0.958,2025-01-16 09:52:52.594000,0.657,2025-01-16 09:52:45.000000,2025-01-16 09:53:45.000000,eqcct_explosions_th0_1/20250116T095245Z_20250116T095345Z/RUF_outputs/X_prediction_results.csv
KY17/HE.KY17..CHN__20250116T095259Z__20250116T095359Z.mseed,HE,KY17,0,0,0,0,2025-01-16 09:53:04.388000,0.806,2025-01-16 09:53:18.108000,0.27,2025-01-16 09:52:59.000000,2025-01-16 09:53:59.000000,eqcct_explosions_th0_1/20250116T095259Z_20250116T095359Z/KY17_outputs/X_prediction_results.csv
VJF/HE.VJF..HHE__20250116T095259Z__20250116T095359Z.mseed,HE,VJF,0,0,0,0,2025-01-16 09:53:04.660000,0.905,2025-01-16 09:53:18.590000,0.286,2025-01-16 09:52:59.000000,2025-01-16 09:53:59.000000,eqcct_explosions_th0_1/20250116T095259Z_20250116T095359Z/VJF_outputs/X_prediction_results.csv
KY02/HE.KY02..CHE__20250116T095301Z__20250116T095401Z.mseed,HE,KY02,0,0,0,0,2025-01-16 09:53:06.444000,0.785,2025-01-16 09:53:21.614000,0.702,2025-01-16 09:53:01.000000,2025-01-16 09:54:01.000000,eqcct_explosions_th0_1/20250116T095301Z_20250116T095401Z/KY02_outputs/X_prediction_results.csv
FIA0/HE.FIA0..HHZ__20250116T095306Z__20250116T095406Z.mseed,HE,FIA0,0,0,0,0,2025-01-16 09:53:11.930000,0.721,,,2025-01-16 09:53:06.000000,2025-01-16 09:54:06.000000,eqcct_explosions_th0_1/20250116T095306Z_20250116T095406Z/FIA0_outputs/X_prediction_results.csv
FIA1/HE.FIA1..HHN__20250116T095306Z__20250116T095406Z.mseed,HE,FIA1,0,0,0,0,2025-01-16 09:53:11.930000,0.356,,,2025-01-16 09:53:06.000000,2025-01-16 09:54:06.000000,eqcct_explosions_th0_1/20250116T095306Z_20250116T095406Z/FIA1_outputs/X_prediction_results.csv
LOVF/HE.LOVF..CHE__20250116T095309Z__20250116T095409Z.mseed,HE,LOVF,0,0,0,0,2025-01-16 09:53:14.432000,0.819,2025-01-16 09:53:37.462000,0.188,2025-01-16 09:53:09.000000,2025-01-16 09:54:09.000000,eqcct_explosions_th0_1/20250116T095309Z_20250116T095409Z/LOVF_outputs/X_prediction_results.csv
KAF/HE.KAF..HHN__20250116T095309Z__20250116T095409Z.mseed,HE,KAF,0,0,0,0,2025-01-16 09:53:15.200000,0.829,,,2025-01-16 09:53:09.000000,2025-01-16 09:54:09.000000,eqcct_explosions_th0_1/20250116T095309Z_20250116T095409Z/KAF_outputs/X_prediction_results.csv
PVF/HE.PVF..CHZ__20250116T095311Z__20250116T095411Z.mseed,HE,PVF,0,0,0,0,2025-01-16 09:53:16.796000,0.838,,,2025-01-16 09:53:11.000000,2025-01-16 09:54:11.000000,eqcct_explosions_th0_1/20250116T095311Z_20250116T095411Z/PVF_outputs/X_prediction_results.csv
RUF/HE.RUF..HHE__20250116T100334Z__20250116T100434Z.mseed,HE,RUF,0,0,0,0,2025-01-16 10:03:39.368000,0.868,2025-01-16 10:03:50.418000,0.634,2025-01-16 10:03:34.000000,2025-01-16 10:04:34.000000,eqcct_explosions_th0_1/20250116T100334Z_20250116T100434Z/RUF_outputs/X_prediction_results.csv
VJF/HE.VJF..HHN__20250116T100334Z__20250116T100434Z.mseed,HE,VJF,0,0,0,0,2025-01-16 10:03:39.072000,0.922,2025-01-16 10:03:49.992000,0.52,2025-01-16 10:03:34.000000,2025-01-16 10:04:34.000000,eqcct_explosions_th0_1/20250116T100334Z_20250116T100434Z/VJF_outputs/X_prediction_results.csv
KY17/HE.KY17..CHE__20250116T100338Z__20250116T100438Z.mseed,HE,KY17,0,0,0,0,2025-01-16 10:03:43.608000,0.925,2025-01-16 10:03:58.108000,0.662,2025-01-16 10:03:38.000000,2025-01-16 10:04:38.000000,eqcct_explosions_th0_1/20250116T100338Z_20250116T100438Z/KY17_outputs/X_prediction_results.csv
LOVF/HE.LOVF..CHE__20250116T100344Z__20250116T100444Z.mseed,HE,LOVF,0,0,0,0,2025-01-16 10:03:49.404000,0.775,,,2025-01-16 10:03:44.000000,2025-01-16 10:04:44.000000,eqcct_explosions_th0_1/20250116T100344Z_20250116T100444Z/LOVF_outputs/X_prediction_results.csv
PVF/HE.PVF..CHZ__20250116T100347Z__20250116T100447Z.mseed,HE,PVF,0,0,0,0,2025-01-16 10:03:52.904000,0.734,2025-01-16 10:03:54.334000,0.184,2025-01-16 10:03:47.000000,2025-01-16 10:04:47.000000,eqcct_explosions_th0_1/20250116T100347Z_20250116T100447Z/PVF_outputs/X_prediction_results.csv
FIA0/HE.FIA0..HHN__20250116T100349Z__20250116T100449Z.mseed,HE,FIA0,0,0,0,0,2025-01-16 10:03:54.770000,0.249,2025-01-16 10:04:08.780000,0.104,2025-01-16 10:03:49.000000,2025-01-16 10:04:49.000000,eqcct_explosions_th0_1/20250116T100349Z_20250116T100449Z/FIA0_outputs/X_prediction_results.csv
KAF/HE.KAF..HHZ__20250116T100354Z__20250116T100454Z.mseed,HE,KAF,0,0,0,0,2025-01-16 10:04:00.900000,0.862,2025-01-16 10:04:28.130000,0.103,2025-01-16 10:03:54.000000,2025-01-16 10:04:54.000000,eqcct_explosions_th0_1/20250116T100354Z_20250116T100454Z/KAF_outputs/X_prediction_results.csv
RAF/HE.RAF..HHN__20250116T104449Z__20250116T104549Z.mseed,HE,RAF,0,0,0,0,2025-01-16 10:44:55.190000,0.798,2025-01-16 10:45:00.460000,0.686,2025-01-16 10:44:49.000000,2025-01-16 10:45:49.000000,eqcct_explosions_th0_1/20250116T104449Z_20250116T104549Z/RAF_outputs/X_prediction_results.csv
KORF/HE.KORF..CHZ__20250116T104454Z__20250116T104554Z.mseed,HE,KORF,0,0,0,0,2025-01-16 10:44:58.920000,0.941,2025-01-16 10:45:07.180000,0.657,2025-01-16 10:44:54.000000,2025-01-16 10:45:54.000000,eqcct_explosions_th0_1/20250116T104454Z_20250116T104554Z/KORF_outputs/X_prediction_results.csv
TVF/HE.TVF..HHZ__20250116T104502Z__20250116T104602Z.mseed,HE,TVF,0,0,0,0,2025-01-16 10:45:07.130000,0.501,,,2025-01-16 10:45:02.000000,2025-01-16 10:46:02.000000,eqcct_explosions_th0_1/20250116T104502Z_20250116T104602Z/TVF_outputs/X_prediction_results.csv
AAL/UP.AAL..HHN__20250116T104503Z__20250116T104603Z.mseed,UP,AAL,0,0,0,0,2025-01-16 10:45:08.320000,0.902,2025-01-16 10:45:23.220000,0.611,2025-01-16 10:45:03.000000,2025-01-16 10:46:03.000000,eqcct_explosions_th0_1/20250116T104503Z_20250116T104603Z/AAL_outputs/X_prediction_results.csv
KPF/HE.KPF..HHZ__20250116T104504Z__20250116T104604Z.mseed,HE,KPF,0,0,0,0,2025-01-16 10:45:09.580000,0.85,2025-01-16 10:45:25.170000,0.361,2025-01-16 10:45:04.000000,2025-01-16 10:46:04.000000,eqcct_explosions_th0_1/20250116T104504Z_20250116T104604Z/KPF_outputs/X_prediction_results.csv
ECKF/HE.ECKF..CHZ__20250116T104507Z__20250116T104607Z.mseed,HE,ECKF,0,0,0,0,2025-01-16 10:45:11.980000,0.924,2025-01-16 10:45:33.740000,0.199,2025-01-16 10:45:07.000000,2025-01-16 10:46:07.000000,eqcct_explosions_th0_1/20250116T104507Z_20250116T104607Z/ECKF_outputs/X_prediction_results.csv
TRE03/HE.TRE03..CHE__20250116T104509Z__20250116T104609Z.mseed,HE,TRE03,0,0,0,0,2025-01-16 10:45:14.380000,0.67,,,2025-01-16 10:45:09.000000,2025-01-16 10:46:09.000000,eqcct_explosions_th0_1/20250116T104509Z_20250116T104609Z/TRE03_outputs/X_prediction_results.csv
PVF/HE.PVF..CHE__20250116T104517Z__20250116T104617Z.mseed,HE,PVF,0,0,0,0,2025-01-16 10:45:22.580000,0.544,2025-01-16 10:45:46.970000,0.57,2025-01-16 10:45:17.000000,2025-01-16 10:46:17.000000,eqcct_explosions_th0_1/20250116T104517Z_20250116T104617Z/PVF_outputs/X_prediction_results.csv
FIA0/HE.FIA0..HHE__20250116T104520Z__20250116T104620Z.mseed,HE,FIA0,0,0,0,0,2025-01-16 10:45:24.500000,0.498,2025-01-16 10:45:53.650000,0.185,2025-01-16 10:45:20.000000,2025-01-16 10:46:20.000000,eqcct_explosions_th0_1/20250116T104520Z_20250116T104620Z/FIA0_outputs/X_prediction_results.csv
KEF/HE.KEF..HHE__20250116T104520Z__20250116T104620Z.mseed,HE,KEF,0,0,0,0,2025-01-16 10:45:24.320000,0.862,,,2025-01-16 10:45:20.000000,2025-01-16 10:46:20.000000,eqcct_explosions_th0_1/20250116T104520Z_20250116T104620Z/KEF_outputs/X_prediction_results.csv
VAF/HE.VAF..HHN__20250116T104525Z__20250116T104625Z.mseed,HE,VAF,0,0,0,0,2025-01-16 10:45:29.790000,0.745,2025-01-16 10:46:02.250000,0.602,2025-01-16 10:45:25.000000,2025-01-16 10:46:25.000000,eqcct_explosions_th0_1/20250116T104525Z_20250116T104625Z/VAF_outputs/X_prediction_results.csv
KY17/HE.KY17..CHE__20250116T104559Z__20250116T104659Z.mseed,HE,KY17,0,0,0,0,2025-01-16 10:46:03.430000,0.337,,,2025-01-16 10:45:59.000000,2025-01-16 10:46:59.000000,eqcct_explosions_th0_1/20250116T104559Z_20250116T104659Z/KY17_outputs/X_prediction_results.csv
KAF/HE.KAF..HHZ__20250116T104600Z__20250116T104700Z.mseed,HE,KAF,0,0,0,0,2025-01-16 10:46:04.190000,0.287,2025-01-16 10:46:05.190000,0.36,2025-01-16 10:46:00.000000,2025-01-16 10:47:00.000000,eqcct_explosions_th0_1/20250116T104600Z_20250116T104700Z/KAF_outputs/X_prediction_results.csv
TVF/HE.TVF..HHN__20250116T110643Z__20250116T110743Z.mseed,HE,TVF,0,0,0,0,2025-01-16 11:06:47.412000,0.312,2025-01-16 11:06:55.892000,0.583,2025-01-16 11:06:43.000000,2025-01-16 11:07:43.000000,eqcct_explosions_th0_1/20250116T110643Z_20250116T110743Z/TVF_outputs/X_prediction_results.csv
MEF/HE.MEF..HHN__20250116T110651Z__20250116T110751Z.mseed,HE,MEF,0,0,0,0,2025-01-16 11:06:55.760000,0.704,,,2025-01-16 11:06:51.000000,2025-01-16 11:07:51.000000,eqcct_explosions_th0_1/20250116T110651Z_20250116T110751Z/MEF_outputs/X_prediction_results.csv
LAUT/HE.LAUT..HHN__20250116T110652Z__20250116T110752Z.mseed,HE,LAUT,0,0,0,0,,,2025-01-16 11:07:02.208000,0.132,2025-01-16 11:06:52.000000,2025-01-16 11:07:52.000000,eqcct_explosions_th0_1/20250116T110652Z_20250116T110752Z/LAUT_outputs/X_prediction_results.csv
PVF/HE.PVF..CHN__20250116T110655Z__20250116T110755Z.mseed,HE,PVF,0,0,0,0,2025-01-16 11:07:01.482000,0.403,2025-01-16 11:07:22.842000,0.111,2025-01-16 11:06:55.000000,2025-01-16 11:07:55.000000,eqcct_explosions_th0_1/20250116T110655Z_20250116T110755Z/PVF_outputs/X_prediction_results.csv
LOVF/HE.LOVF..CHN__20250116T110657Z__20250116T110757Z.mseed,HE,LOVF,0,0,0,0,2025-01-16 11:07:01.096000,0.377,2025-01-16 11:07:24.296000,0.565,2025-01-16 11:06:57.000000,2025-01-16 11:07:57.000000,eqcct_explosions_th0_1/20250116T110657Z_20250116T110757Z/LOVF_outputs/X_prediction_results.csv
KORF/HE.KORF..CHN__20250116T110700Z__20250116T110800Z.mseed,HE,KORF,0,0,0,0,2025-01-16 11:07:05.112000,0.836,2025-01-16 11:07:24.372000,0.291,2025-01-16 11:07:00.000000,2025-01-16 11:08:00.000000,eqcct_explosions_th0_1/20250116T110700Z_20250116T110800Z/KORF_outputs/X_prediction_results.csv
RAF/HE.RAF..HHZ__20250116T110706Z__20250116T110806Z.mseed,HE,RAF,0,0,0,0,2025-01-16 11:07:10.410000,0.424,,,2025-01-16 11:07:06.000000,2025-01-16 11:08:06.000000,eqcct_explosions_th0_1/20250116T110706Z_20250116T110806Z/RAF_outputs/X_prediction_results.csv
KY17/HE.KY17..CHN__20250116T110707Z__20250116T110807Z.mseed,HE,KY17,0,0,0,0,2025-01-16 11:07:12.300000,0.144,,,2025-01-16 11:07:07.000000,2025-01-16 11:08:07.000000,eqcct_explosions_th0_1/20250116T110707Z_20250116T110807Z/KY17_outputs/X_prediction_results.csv
TRE03/HE.TRE03..CHN__20250116T110708Z__20250116T110808Z.mseed,HE,TRE03,0,0,0,0,2025-01-16 11:07:12.530000,0.145,,,2025-01-16 11:07:08.000000,2025-01-16 11:08:08.000000,eqcct_explosions_th0_1/20250116T110708Z_20250116T110808Z/TRE03_outputs/X_prediction_results.csv
KU2/HE.KU2..SHE__20250116T110709Z__20250116T110809Z.mseed,HE,KU2,0,0,0,0,2025-01-16 11:07:14.680000,0.942,2025-01-16 11:07:20.740000,0.763,2025-01-16 11:07:09.000000,2025-01-16 11:08:09.000000,eqcct_explosions_th0_1/20250116T110709Z_20250116T110809Z/KU2_outputs/X_prediction_results.csv
FIA0/HE.FIA0..HHZ__20250116T110710Z__20250116T110810Z.mseed,HE,FIA0,0,0,0,0,2025-01-16 11:07:15.080000,0.303,,,2025-01-16 11:07:10.000000,2025-01-16 11:08:10.000000,eqcct_explosions_th0_1/20250116T110710Z_20250116T110810Z/FIA0_outputs/X_prediction_results.csv
FIA1/HE.FIA1..HHZ__20250116T110710Z__20250116T110810Z.mseed,HE,FIA1,0,0,0,0,2025-01-16 11:07:15.080000,0.652,2025-01-16 11:07:43.230000,0.108,2025-01-16 11:07:10.000000,2025-01-16 11:08:10.000000,eqcct_explosions_th0_1/20250116T110710Z_20250116T110810Z/FIA1_outputs/X_prediction_results.csv
KU1/HE.KU1..SHE__20250116T110711Z__20250116T110811Z.mseed,HE,KU1,0,0,0,0,2025-01-16 11:07:16.880000,0.928,2025-01-16 11:07:24.500000,0.667,2025-01-16 11:07:11.000000,2025-01-16 11:08:11.000000,eqcct_explosions_th0_1/20250116T110711Z_20250116T110811Z/KU1_outputs/X_prediction_results.csv
RANF/FN.RANF..BHN__20250116T110719Z__20250116T110819Z.mseed,FN,RANF,0,0,0,0,2025-01-16 11:07:24.720000,0.426,2025-01-16 11:07:37.470000,0.33,2025-01-16 11:07:19.000000,2025-01-16 11:08:19.000000,eqcct_explosions_th0_1/20250116T110719Z_20250116T110819Z/RANF_outputs/X_prediction_results.csv
KU6/HE.KU6..HHE__20250116T110719Z__20250116T110819Z.mseed,HE,KU6,0,0,0,0,2025-01-16 11:07:24.560000,0.768,2025-01-16 11:07:41.580000,0.163,2025-01-16 11:07:19.000000,2025-01-16 11:08:19.000000,eqcct_explosions_th0_1/20250116T110719Z_20250116T110819Z/KU6_outputs/X_prediction_results.csv
OLKF/FN.OLKF..BHE__20250116T110722Z__20250116T110822Z.mseed,FN,OLKF,0,0,0,0,2025-01-16 11:07:26.300000,0.595,2025-01-16 11:07:42.170000,0.262,2025-01-16 11:07:22.000000,2025-01-16 11:08:22.000000,eqcct_explosions_th0_1/20250116T110722Z_20250116T110822Z/OLKF_outputs/X_prediction_results.csv
RMF/HE.RMF..HHN__20250116T110724Z__20250116T110824Z.mseed,HE,RMF,0,0,0,0,2025-01-16 11:07:28.852000,0.875,2025-01-16 11:07:44.572000,0.144,2025-01-16 11:07:24.000000,2025-01-16 11:08:24.000000,eqcct_explosions_th0_1/20250116T110724Z_20250116T110824Z/RMF_outputs/X_prediction_results.csv
NIF/HE.NIF..HHE__20250116T110735Z__20250116T110835Z.mseed,HE,NIF,0,0,0,0,2025-01-16 11:07:39.480000,0.541,,,2025-01-16 11:07:35.000000,2025-01-16 11:08:35.000000,eqcct_explosions_th0_1/20250116T110735Z_20250116T110835Z/NIF_outputs/X_prediction_results.csv
JOF/HE.JOF..HHN__20250116T110748Z__20250116T110848Z.mseed,HE,JOF,0,0,0,0,2025-01-16 11:07:52.180000,0.275,2025-01-16 11:07:53.870000,0.103,2025-01-16 11:07:48.000000,2025-01-16 11:08:48.000000,eqcct_explosions_th0_1/20250116T110748Z_20250116T110848Z/JOF_outputs/X_prediction_results.csv
TOF/HE.TOF..HHE__20250116T110759Z__20250116T110859Z.mseed,HE,TOF,0,0,0,0,2025-01-16 11:08:03.410000,0.54,,,2025-01-16 11:07:59.000000,2025-01-16 11:08:59.000000,eqcct_explosions_th0_1/20250116T110759Z_20250116T110859Z/TOF_outputs/X_prediction_results.csv
KLF/FN.KLF..BHN__20250116T110819Z__20250116T110919Z.mseed,FN,KLF,0,0,0,0,2025-01-16 11:08:23.660000,0.142,,,2025-01-16 11:08:19.000000,2025-01-16 11:09:19.000000,eqcct_explosions_th0_1/20250116T110819Z_20250116T110919Z/KLF_outputs/X_prediction_results.csv
OBF3/HE.OBF3..HHZ__20250116T112454Z__20250116T112554Z.mseed,HE,OBF3,0,0,0,0,2025-01-16 11:24:59.336000,0.925,2025-01-16 11:25:06.336000,0.326,2025-01-16 11:24:54.000000,2025-01-16 11:25:54.000000,eqcct_explosions_th0_1/20250116T112454Z_20250116T112554Z/OBF3_outputs/X_prediction_results.csv
OUF/HE.OUF..HHE__20250116T112501Z__20250116T112601Z.mseed,HE,OUF,0,0,0,0,2025-01-16 11:25:06.330000,0.619,,,2025-01-16 11:25:01.000000,2025-01-16 11:26:01.000000,eqcct_explosions_th0_1/20250116T112501Z_20250116T112601Z/OUF_outputs/X_prediction_results.csv
OBF0/HE.OBF0..HHN__20250116T112501Z__20250116T112601Z.mseed,HE,OBF0,0,0,0,0,2025-01-16 11:25:06.476000,0.869,,,2025-01-16 11:25:01.000000,2025-01-16 11:26:01.000000,eqcct_explosions_th0_1/20250116T112501Z_20250116T112601Z/OBF0_outputs/X_prediction_results.csv
TOF/HE.TOF..HHE__20250116T112502Z__20250116T112602Z.mseed,HE,TOF,0,0,0,0,2025-01-16 11:25:06.870000,0.529,,,2025-01-16 11:25:02.000000,2025-01-16 11:26:02.000000,eqcct_explosions_th0_1/20250116T112502Z_20250116T112602Z/TOF_outputs/X_prediction_results.csv
RANF/FN.RANF..BHZ__20250116T112503Z__20250116T112603Z.mseed,FN,RANF,0,0,0,0,2025-01-16 11:25:08.320000,0.751,2025-01-16 11:25:22.070000,0.135,2025-01-16 11:25:03.000000,2025-01-16 11:26:03.000000,eqcct_explosions_th0_1/20250116T112503Z_20250116T112603Z/RANF_outputs/X_prediction_results.csv
KU2/HE.KU2..SHE__20250116T112508Z__20250116T112608Z.mseed,HE,KU2,0,0,0,0,2025-01-16 11:25:13.284000,0.171,2025-01-16 11:25:30.434000,0.467,2025-01-16 11:25:08.000000,2025-01-16 11:26:08.000000,eqcct_explosions_th0_1/20250116T112508Z_20250116T112608Z/KU2_outputs/X_prediction_results.csv
KU1/HE.KU1..SHZ__20250116T112516Z__20250116T112616Z.mseed,HE,KU1,0,0,0,0,2025-01-16 11:25:20.696000,0.106,,,2025-01-16 11:25:16.000000,2025-01-16 11:26:16.000000,eqcct_explosions_th0_1/20250116T112516Z_20250116T112616Z/KU1_outputs/X_prediction_results.csv
OLKF/FN.OLKF..HHE__20250116T112520Z__20250116T112620Z.mseed,FN,OLKF,0,0,0,0,2025-01-16 11:25:24.080000,0.165,,,2025-01-16 11:25:20.000000,2025-01-16 11:26:20.000000,eqcct_explosions_th0_1/20250116T112520Z_20250116T112620Z/OLKF_outputs/X_prediction_results.csv
NUR/HE.NUR..HHZ__20250116T113113Z__20250116T113213Z.mseed,HE,NUR,0,0,0,0,2025-01-16 11:31:18.480000,0.96,2025-01-16 11:31:20.320000,0.869,2025-01-16 11:31:13.000000,2025-01-16 11:32:13.000000,eqcct_explosions_th0_1/20250116T113113Z_20250116T113213Z/NUR_outputs/X_prediction_results.csv
KUNI/HE.KUNI..HHN__20250116T113114Z__20250116T113214Z.mseed,HE,KUNI,0,0,0,0,2025-01-16 11:31:18.990000,0.826,2025-01-16 11:31:21.050000,0.735,2025-01-16 11:31:14.000000,2025-01-16 11:32:14.000000,eqcct_explosions_th0_1/20250116T113114Z_20250116T113214Z/KUNI_outputs/X_prediction_results.csv
HEL1/HE.HEL1..HHN__20250116T113115Z__20250116T113215Z.mseed,HE,HEL1,0,0,0,0,2025-01-16 11:31:20.620000,0.891,2025-01-16 11:31:23.810000,0.663,2025-01-16 11:31:15.000000,2025-01-16 11:32:15.000000,eqcct_explosions_th0_1/20250116T113115Z_20250116T113215Z/HEL1_outputs/X_prediction_results.csv
MEF/HE.MEF..HHZ__20250116T113116Z__20250116T113216Z.mseed,HE,MEF,0,0,0,0,2025-01-16 11:31:21.580000,0.953,2025-01-16 11:31:25.870000,0.386,2025-01-16 11:31:16.000000,2025-01-16 11:32:16.000000,eqcct_explosions_th0_1/20250116T113116Z_20250116T113216Z/MEF_outputs/X_prediction_results.csv
HEL5/HE.HEL5..HHN__20250116T113116Z__20250116T113216Z.mseed,HE,HEL5,0,0,0,0,2025-01-16 11:31:21.780000,0.921,2025-01-16 11:31:26.480000,0.805,2025-01-16 11:31:16.000000,2025-01-16 11:32:16.000000,eqcct_explosions_th0_1/20250116T113116Z_20250116T113216Z/HEL5_outputs/X_prediction_results.csv
LAUT/HE.LAUT..HHZ__20250116T113116Z__20250116T113216Z.mseed,HE,LAUT,0,0,0,0,2025-01-16 11:31:21.080000,0.952,2025-01-16 11:31:24.650000,0.546,2025-01-16 11:31:16.000000,2025-01-16 11:32:16.000000,eqcct_explosions_th0_1/20250116T113116Z_20250116T113216Z/LAUT_outputs/X_prediction_results.csv
VUOS/HE.VUOS..HHZ__20250116T113116Z__20250116T113216Z.mseed,HE,VUOS,0,0,0,0,2025-01-16 11:31:21.180000,0.935,2025-01-16 11:31:24.900000,0.825,2025-01-16 11:31:16.000000,2025-01-16 11:32:16.000000,eqcct_explosions_th0_1/20250116T113116Z_20250116T113216Z/VUOS_outputs/X_prediction_results.csv
PVF/HE.PVF..CHN__20250116T113120Z__20250116T113220Z.mseed,HE,PVF,0,0,0,0,2025-01-16 11:31:25.680000,0.898,2025-01-16 11:31:33.600000,0.201,2025-01-16 11:31:20.000000,2025-01-16 11:32:20.000000,eqcct_explosions_th0_1/20250116T113120Z_20250116T113220Z/PVF_outputs/X_prediction_results.csv
TVF/HE.TVF..HHZ__20250116T113129Z__20250116T113229Z.mseed,HE,TVF,0,0,0,0,2025-01-16 11:31:34.080000,0.918,,,2025-01-16 11:31:29.000000,2025-01-16 11:32:29.000000,eqcct_explosions_th0_1/20250116T113129Z_20250116T113229Z/TVF_outputs/X_prediction_results.csv
FIA0/HE.FIA0..HHN__20250116T113133Z__20250116T113233Z.mseed,HE,FIA0,0,0,0,0,2025-01-16 11:31:38.100000,0.908,,,2025-01-16 11:31:33.000000,2025-01-16 11:32:33.000000,eqcct_explosions_th0_1/20250116T113133Z_20250116T113233Z/FIA0_outputs/X_prediction_results.csv
KY17/HE.KY17..CHN__20250116T113133Z__20250116T113233Z.mseed,HE,KY17,0,0,0,0,2025-01-16 11:31:38.222000,0.712,2025-01-16 11:31:54.552000,0.733,2025-01-16 11:31:33.000000,2025-01-16 11:32:33.000000,eqcct_explosions_th0_1/20250116T113133Z_20250116T113233Z/KY17_outputs/X_prediction_results.csv
TRE03/HE.TRE03..CHZ__20250116T113134Z__20250116T113234Z.mseed,HE,TRE03,0,0,0,0,2025-01-16 11:31:39.240000,0.82,,,2025-01-16 11:31:34.000000,2025-01-16 11:32:34.000000,eqcct_explosions_th0_1/20250116T113134Z_20250116T113234Z/TRE03_outputs/X_prediction_results.csv
VJF/HE.VJF..HHE__20250116T113135Z__20250116T113235Z.mseed,HE,VJF,0,0,0,0,2025-01-16 11:31:40.480000,0.665,,,2025-01-16 11:31:35.000000,2025-01-16 11:32:35.000000,eqcct_explosions_th0_1/20250116T113135Z_20250116T113235Z/VJF_outputs/X_prediction_results.csv
RAF/HE.RAF..HHN__20250116T113140Z__20250116T113240Z.mseed,HE,RAF,0,0,0,0,2025-01-16 11:31:45.930000,0.787,2025-01-16 11:32:07.730000,0.37,2025-01-16 11:31:40.000000,2025-01-16 11:32:40.000000,eqcct_explosions_th0_1/20250116T113140Z_20250116T113240Z/RAF_outputs/X_prediction_results.csv
KORF/HE.KORF..CHZ__20250116T113141Z__20250116T113241Z.mseed,HE,KORF,0,0,0,0,2025-01-16 11:31:46.980000,0.614,,,2025-01-16 11:31:41.000000,2025-01-16 11:32:41.000000,eqcct_explosions_th0_1/20250116T113141Z_20250116T113241Z/KORF_outputs/X_prediction_results.csv
KEF/HE.KEF..HHZ__20250116T113143Z__20250116T113243Z.mseed,HE,KEF,0,0,0,0,2025-01-16 11:31:48.700000,0.664,2025-01-16 11:32:11.340000,0.154,2025-01-16 11:31:43.000000,2025-01-16 11:32:43.000000,eqcct_explosions_th0_1/20250116T113143Z_20250116T113243Z/KEF_outputs/X_prediction_results.csv
KAF/HE.KAF..HHE__20250116T113145Z__20250116T113245Z.mseed,HE,KAF,0,0,0,0,2025-01-16 11:31:49.330000,0.776,,,2025-01-16 11:31:45.000000,2025-01-16 11:32:45.000000,eqcct_explosions_th0_1/20250116T113145Z_20250116T113245Z/KAF_outputs/X_prediction_results.csv
KPF/HE.KPF..HHN__20250116T113147Z__20250116T113247Z.mseed,HE,KPF,0,0,0,0,2025-01-16 11:31:51.080000,0.667,2025-01-16 11:32:17.670000,0.264,2025-01-16 11:31:47.000000,2025-01-16 11:32:47.000000,eqcct_explosions_th0_1/20250116T113147Z_20250116T113247Z/KPF_outputs/X_prediction_results.csv
VAF/HE.VAF..HHZ__20250116T113236Z__20250116T113336Z.mseed,HE,VAF,0,0,0,0,2025-01-16 11:32:40.760000,0.104,,,2025-01-16 11:32:36.000000,2025-01-16 11:33:36.000000,eqcct_explosions_th0_1/20250116T113236Z_20250116T113336Z/VAF_outputs/X_prediction_results.csv
KUNI/HE.KUNI..HHZ__20250116T113714Z__20250116T113814Z.mseed,HE,KUNI,0,0,0,0,2025-01-16 11:37:19.990000,0.868,2025-01-16 11:37:21.430000,0.761,2025-01-16 11:37:14.000000,2025-01-16 11:38:14.000000,eqcct_explosions_th0_1/20250116T113714Z_20250116T113814Z/KUNI_outputs/X_prediction_results.csv
NUR/HE.NUR..HHZ__20250116T113716Z__20250116T113816Z.mseed,HE,NUR,0,0,0,0,2025-01-16 11:37:21.480000,0.933,2025-01-16 11:37:24.100000,0.889,2025-01-16 11:37:16.000000,2025-01-16 11:38:16.000000,eqcct_explosions_th0_1/20250116T113716Z_20250116T113816Z/NUR_outputs/X_prediction_results.csv
VUOS/HE.VUOS..HHE__20250116T113716Z__20250116T113816Z.mseed,HE,VUOS,0,0,0,0,2025-01-16 11:37:22.060000,0.795,2025-01-16 11:37:24.980000,0.846,2025-01-16 11:37:16.000000,2025-01-16 11:38:16.000000,eqcct_explosions_th0_1/20250116T113716Z_20250116T113816Z/VUOS_outputs/X_prediction_results.csv
HEL1/HE.HEL1..HHZ__20250116T113716Z__20250116T113816Z.mseed,HE,HEL1,0,0,0,0,2025-01-16 11:37:21.680000,0.952,2025-01-16 11:37:24.380000,0.755,2025-01-16 11:37:16.000000,2025-01-16 11:38:16.000000,eqcct_explosions_th0_1/20250116T113716Z_20250116T113816Z/HEL1_outputs/X_prediction_results.csv
HEL5/HE.HEL5..HHZ__20250116T113717Z__20250116T113817Z.mseed,HE,HEL5,0,0,0,0,2025-01-16 11:37:22.980000,0.866,2025-01-16 11:37:26.740000,0.68,2025-01-16 11:37:17.000000,2025-01-16 11:38:17.000000,eqcct_explosions_th0_1/20250116T113717Z_20250116T113817Z/HEL5_outputs/X_prediction_results.csv
LAUT/HE.LAUT..HHN__20250116T113717Z__20250116T113817Z.mseed,HE,LAUT,0,0,0,0,2025-01-16 11:37:22.180000,0.953,2025-01-16 11:37:25.250000,0.262,2025-01-16 11:37:17.000000,2025-01-16 11:38:17.000000,eqcct_explosions_th0_1/20250116T113717Z_20250116T113817Z/LAUT_outputs/X_prediction_results.csv
MEF/HE.MEF..HHZ__20250116T113718Z__20250116T113818Z.mseed,HE,MEF,0,0,0,0,2025-01-16 11:37:23.570000,0.715,2025-01-16 11:37:27.600000,0.801,2025-01-16 11:37:18.000000,2025-01-16 11:38:18.000000,eqcct_explosions_th0_1/20250116T113718Z_20250116T113818Z/MEF_outputs/X_prediction_results.csv
PVF/HE.PVF..CHN__20250116T113722Z__20250116T113822Z.mseed,HE,PVF,0,0,0,0,2025-01-16 11:37:27.232000,0.83,2025-01-16 11:37:33.792000,0.874,2025-01-16 11:37:22.000000,2025-01-16 11:38:22.000000,eqcct_explosions_th0_1/20250116T113722Z_20250116T113822Z/PVF_outputs/X_prediction_results.csv
TVF/HE.TVF..HHZ__20250116T113731Z__20250116T113831Z.mseed,HE,TVF,0,0,0,0,2025-01-16 11:37:36.180000,0.863,,,2025-01-16 11:37:31.000000,2025-01-16 11:38:31.000000,eqcct_explosions_th0_1/20250116T113731Z_20250116T113831Z/TVF_outputs/X_prediction_results.csv
KY17/HE.KY17..CHN__20250116T113734Z__20250116T113834Z.mseed,HE,KY17,0,0,0,0,2025-01-16 11:37:39.780000,0.777,2025-01-16 11:37:55.900000,0.521,2025-01-16 11:37:34.000000,2025-01-16 11:38:34.000000,eqcct_explosions_th0_1/20250116T113734Z_20250116T113834Z/KY17_outputs/X_prediction_results.csv
FIA0/HE.FIA0..HHZ__20250116T113735Z__20250116T113835Z.mseed,HE,FIA0,0,0,0,0,2025-01-16 11:37:39.099999,0.756,2025-01-16 11:38:02.049999,0.423,2025-01-16 11:37:35.000000,2025-01-16 11:38:35.000000,eqcct_explosions_th0_1/20250116T113735Z_20250116T113835Z/FIA0_outputs/X_prediction_results.csv
TRE03/HE.TRE03..CHZ__20250116T113736Z__20250116T113836Z.mseed,HE,TRE03,0,0,0,0,2025-01-16 11:37:41.980000,0.879,2025-01-16 11:37:59.180000,0.472,2025-01-16 11:37:36.000000,2025-01-16 11:38:36.000000,eqcct_explosions_th0_1/20250116T113736Z_20250116T113836Z/TRE03_outputs/X_prediction_results.csv
VJF/HE.VJF..HHZ__20250116T113736Z__20250116T113836Z.mseed,HE,VJF,0,0,0,0,2025-01-16 11:37:41.880000,0.87,2025-01-16 11:37:59.980000,0.24,2025-01-16 11:37:36.000000,2025-01-16 11:38:36.000000,eqcct_explosions_th0_1/20250116T113736Z_20250116T113836Z/VJF_outputs/X_prediction_results.csv
RAF/HE.RAF..HHE__20250116T113743Z__20250116T113843Z.mseed,HE,RAF,0,0,0,0,2025-01-16 11:37:48.560000,0.811,2025-01-16 11:38:11.110000,0.517,2025-01-16 11:37:43.000000,2025-01-16 11:38:43.000000,eqcct_explosions_th0_1/20250116T113743Z_20250116T113843Z/RAF_outputs/X_prediction_results.csv
KORF/HE.KORF..CHZ__20250116T113744Z__20250116T113844Z.mseed,HE,KORF,0,0,0,0,2025-01-16 11:37:49.080000,0.864,2025-01-16 11:38:11.540000,0.562,2025-01-16 11:37:44.000000,2025-01-16 11:38:44.000000,eqcct_explosions_th0_1/20250116T113744Z_20250116T113844Z/KORF_outputs/X_prediction_results.csv
KEF/HE.KEF..HHZ__20250116T113746Z__20250116T113846Z.mseed,HE,KEF,0,0,0,0,2025-01-16 11:37:51.130000,0.666,2025-01-16 11:38:14.960000,0.266,2025-01-16 11:37:46.000000,2025-01-16 11:38:46.000000,eqcct_explosions_th0_1/20250116T113746Z_20250116T113846Z/KEF_outputs/X_prediction_results.csv
KAF/HE.KAF..HHN__20250116T113747Z__20250116T113847Z.mseed,HE,KAF,0,0,0,0,2025-01-16 11:37:52.080000,0.623,2025-01-16 11:38:16.450000,0.365,2025-01-16 11:37:47.000000,2025-01-16 11:38:47.000000,eqcct_explosions_th0_1/20250116T113747Z_20250116T113847Z/KAF_outputs/X_prediction_results.csv
KPF/HE.KPF..HHZ__20250116T113749Z__20250116T113849Z.mseed,HE,KPF,0,0,0,0,2025-01-16 11:37:54.180000,0.806,2025-01-16 11:38:20.330000,0.741,2025-01-16 11:37:49.000000,2025-01-16 11:38:49.000000,eqcct_explosions_th0_1/20250116T113749Z_20250116T113849Z/KPF_outputs/X_prediction_results.csv
RUF/HE.RUF..HHZ__20250116T113751Z__20250116T113851Z.mseed,HE,RUF,0,0,0,0,2025-01-16 11:37:55.680000,0.385,,,2025-01-16 11:37:51.000000,2025-01-16 11:38:51.000000,eqcct_explosions_th0_1/20250116T113751Z_20250116T113851Z/RUF_outputs/X_prediction_results.csv
SUF/HE.SUF..HHZ__20250116T113755Z__20250116T113855Z.mseed,HE,SUF,0,0,0,0,2025-01-16 11:38:00.700000,0.909,2025-01-16 11:38:33.000000,0.483,2025-01-16 11:37:55.000000,2025-01-16 11:38:55.000000,eqcct_explosions_th0_1/20250116T113755Z_20250116T113855Z/SUF_outputs/X_prediction_results.csv
VAF/HE.VAF..HHE__20250116T113803Z__20250116T113903Z.mseed,HE,VAF,0,0,0,0,2025-01-16 11:38:07.080000,0.725,2025-01-16 11:38:43.880000,0.264,2025-01-16 11:38:03.000000,2025-01-16 11:39:03.000000,eqcct_explosions_th0_1/20250116T113803Z_20250116T113903Z/VAF_outputs/X_prediction_results.csv
JOF/HE.JOF..HHE__20250116T113815Z__20250116T113915Z.mseed,HE,JOF,0,0,0,0,2025-01-16 11:38:19.740000,0.564,,,2025-01-16 11:38:15.000000,2025-01-16 11:39:15.000000,eqcct_explosions_th0_1/20250116T113815Z_20250116T113915Z/JOF_outputs/X_prediction_results.csv
AAL/UP.AAL..HHN__20250116T113828Z__20250116T113928Z.mseed,UP,AAL,0,0,0,0,2025-01-16 11:38:33.330000,0.115,,,2025-01-16 11:38:28.000000,2025-01-16 11:39:28.000000,eqcct_explosions_th0_1/20250116T113828Z_20250116T113928Z/AAL_outputs/X_prediction_results.csv
NIF/HE.NIF..HHE__20250116T114143Z__20250116T114243Z.mseed,HE,NIF,0,0,0,0,2025-01-16 11:41:48.080000,0.898,,,2025-01-16 11:41:43.000000,2025-01-16 11:42:43.000000,eqcct_explosions_th0_1/20250116T114143Z_20250116T114243Z/NIF_outputs/X_prediction_results.csv
SUF/HE.SUF..HHZ__20250116T114154Z__20250116T114254Z.mseed,HE,SUF,0,0,0,0,2025-01-16 11:41:59.180000,0.94,2025-01-16 11:42:12.180000,0.397,2025-01-16 11:41:54.000000,2025-01-16 11:42:54.000000,eqcct_explosions_th0_1/20250116T114154Z_20250116T114254Z/SUF_outputs/X_prediction_results.csv
KJNF/HE.KJNF..CHN__20250116T114159Z__20250116T114259Z.mseed,HE,KJNF,0,0,0,0,2025-01-16 11:42:04.580000,0.806,,,2025-01-16 11:41:59.000000,2025-01-16 11:42:59.000000,eqcct_explosions_th0_1/20250116T114159Z_20250116T114259Z/KJNF_outputs/X_prediction_results.csv
KAF/HE.KAF..HHE__20250116T114201Z__20250116T114301Z.mseed,HE,KAF,0,0,0,0,2025-01-16 11:42:06.180000,0.866,,,2025-01-16 11:42:01.000000,2025-01-16 11:43:01.000000,eqcct_explosions_th0_1/20250116T114201Z_20250116T114301Z/KAF_outputs/X_prediction_results.csv
RMF/HE.RMF..HHN__20250116T114205Z__20250116T114305Z.mseed,HE,RMF,0,0,0,0,2025-01-16 11:42:10.180000,0.864,2025-01-16 11:42:30.950000,0.363,2025-01-16 11:42:05.000000,2025-01-16 11:43:05.000000,eqcct_explosions_th0_1/20250116T114205Z_20250116T114305Z/RMF_outputs/X_prediction_results.csv
JOF/HE.JOF..HHZ__20250116T114208Z__20250116T114308Z.mseed,HE,JOF,0,0,0,0,2025-01-16 11:42:13.320000,0.924,,,2025-01-16 11:42:08.000000,2025-01-16 11:43:08.000000,eqcct_explosions_th0_1/20250116T114208Z_20250116T114308Z/JOF_outputs/X_prediction_results.csv
KEF/HE.KEF..HHE__20250116T114209Z__20250116T114309Z.mseed,HE,KEF,0,0,0,0,2025-01-16 11:42:14.100000,0.866,,,2025-01-16 11:42:09.000000,2025-01-16 11:43:09.000000,eqcct_explosions_th0_1/20250116T114209Z_20250116T114309Z/KEF_outputs/X_prediction_results.csv
RUF/HE.RUF..HHZ__20250116T114211Z__20250116T114311Z.mseed,HE,RUF,0,0,0,0,2025-01-16 11:42:16.380000,0.601,2025-01-16 11:42:41.660000,0.412,2025-01-16 11:42:11.000000,2025-01-16 11:43:11.000000,eqcct_explosions_th0_1/20250116T114211Z_20250116T114311Z/RUF_outputs/X_prediction_results.csv
OUF/HE.OUF..HHN__20250116T114211Z__20250116T114311Z.mseed,HE,OUF,0,0,0,0,2025-01-16 11:42:16.680000,0.633,,,2025-01-16 11:42:11.000000,2025-01-16 11:43:11.000000,eqcct_explosions_th0_1/20250116T114211Z_20250116T114311Z/OUF_outputs/X_prediction_results.csv
FIA0/HE.FIA0..HHZ__20250116T114213Z__20250116T114313Z.mseed,HE,FIA0,0,0,0,0,2025-01-16 11:42:17.400000,0.735,,,2025-01-16 11:42:13.000000,2025-01-16 11:43:13.000000,eqcct_explosions_th0_1/20250116T114213Z_20250116T114313Z/FIA0_outputs/X_prediction_results.csv
OBF0/HE.OBF0..SHN__20250116T114216Z__20250116T114316Z.mseed,HE,OBF0,0,0,0,0,2025-01-16 11:42:21.380000,0.774,,,2025-01-16 11:42:16.000000,2025-01-16 11:43:16.000000,eqcct_explosions_th0_1/20250116T114216Z_20250116T114316Z/OBF0_outputs/X_prediction_results.csv
OBF3/HE.OBF3..HHZ__20250116T114217Z__20250116T114317Z.mseed,HE,OBF3,0,0,0,0,2025-01-16 11:42:22.480000,0.641,,,2025-01-16 11:42:17.000000,2025-01-16 11:43:17.000000,eqcct_explosions_th0_1/20250116T114217Z_20250116T114317Z/OBF3_outputs/X_prediction_results.csv
KY17/HE.KY17..CHN__20250116T114218Z__20250116T114318Z.mseed,HE,KY17,0,0,0,0,2025-01-16 11:42:23.720000,0.756,,,2025-01-16 11:42:18.000000,2025-01-16 11:43:18.000000,eqcct_explosions_th0_1/20250116T114218Z_20250116T114318Z/KY17_outputs/X_prediction_results.csv
TRE03/HE.TRE03..CHZ__20250116T114219Z__20250116T114319Z.mseed,HE,TRE03,0,0,0,0,2025-01-16 11:42:24.260000,0.764,,,2025-01-16 11:42:19.000000,2025-01-16 11:43:19.000000,eqcct_explosions_th0_1/20250116T114219Z_20250116T114319Z/TRE03_outputs/X_prediction_results.csv
VAF/HE.VAF..HHZ__20250116T114219Z__20250116T114319Z.mseed,HE,VAF,0,0,0,0,2025-01-16 11:42:24.780000,0.85,2025-01-16 11:42:55.950000,0.513,2025-01-16 11:42:19.000000,2025-01-16 11:43:19.000000,eqcct_explosions_th0_1/20250116T114219Z_20250116T114319Z/VAF_outputs/X_prediction_results.csv
KU1/HE.KU1..SHE__20250116T114223Z__20250116T114323Z.mseed,HE,KU1,0,0,0,0,2025-01-16 11:42:27.080000,0.639,,,2025-01-16 11:42:23.000000,2025-01-16 11:43:23.000000,eqcct_explosions_th0_1/20250116T114223Z_20250116T114323Z/KU1_outputs/X_prediction_results.csv
KU2/HE.KU2..SHZ__20250116T114224Z__20250116T114324Z.mseed,HE,KU2,0,0,0,0,2025-01-16 11:42:28.480000,0.854,,,2025-01-16 11:42:24.000000,2025-01-16 11:43:24.000000,eqcct_explosions_th0_1/20250116T114224Z_20250116T114324Z/KU2_outputs/X_prediction_results.csv
VJF/HE.VJF..HHE__20250116T114224Z__20250116T114324Z.mseed,HE,VJF,0,0,0,0,2025-01-16 11:42:28.660000,0.337,,,2025-01-16 11:42:24.000000,2025-01-16 11:43:24.000000,eqcct_explosions_th0_1/20250116T114224Z_20250116T114324Z/VJF_outputs/X_prediction_results.csv
PVF/HE.PVF..CHN__20250116T114228Z__20250116T114328Z.mseed,HE,PVF,0,0,0,0,2025-01-16 11:42:32.190000,0.516,,,2025-01-16 11:42:28.000000,2025-01-16 11:43:28.000000,eqcct_explosions_th0_1/20250116T114228Z_20250116T114328Z/PVF_outputs/X_prediction_results.csv
RANF/FN.RANF..BHN__20250116T114229Z__20250116T114329Z.mseed,FN,RANF,0,0,0,0,2025-01-16 11:42:34.000000,0.705,,,2025-01-16 11:42:29.000000,2025-01-16 11:43:29.000000,eqcct_explosions_th0_1/20250116T114229Z_20250116T114329Z/RANF_outputs/X_prediction_results.csv
KPF/HE.KPF..HHE__20250116T114229Z__20250116T114329Z.mseed,HE,KPF,0,0,0,0,2025-01-16 11:42:34.270000,0.536,,,2025-01-16 11:42:29.000000,2025-01-16 11:43:29.000000,eqcct_explosions_th0_1/20250116T114229Z_20250116T114329Z/KPF_outputs/X_prediction_results.csv
KU6/HE.KU6..HHZ__20250116T114232Z__20250116T114332Z.mseed,HE,KU6,0,0,0,0,2025-01-16 11:42:36.430000,0.693,,,2025-01-16 11:42:32.000000,2025-01-16 11:43:32.000000,eqcct_explosions_th0_1/20250116T114232Z_20250116T114332Z/KU6_outputs/X_prediction_results.csv
OLKF/FN.OLKF..HHN__20250116T114236Z__20250116T114336Z.mseed,FN,OLKF,0,0,0,0,2025-01-16 11:42:40.200000,0.297,,,2025-01-16 11:42:36.000000,2025-01-16 11:43:36.000000,eqcct_explosions_th0_1/20250116T114236Z_20250116T114336Z/OLKF_outputs/X_prediction_results.csv
RAF/HE.RAF..HHE__20250116T114238Z__20250116T114338Z.mseed,HE,RAF,0,0,0,0,2025-01-16 11:42:42.370000,0.532,,,2025-01-16 11:42:38.000000,2025-01-16 11:43:38.000000,eqcct_explosions_th0_1/20250116T114238Z_20250116T114338Z/RAF_outputs/X_prediction_results.csv
NUR/HE.NUR..HHN__20250116T114313Z__20250116T114413Z.mseed,HE,NUR,0,0,0,0,2025-01-16 11:43:17.380000,0.656,,,2025-01-16 11:43:13.000000,2025-01-16 11:44:13.000000,eqcct_explosions_th0_1/20250116T114313Z_20250116T114413Z/NUR_outputs/X_prediction_results.csv
TOF/HE.TOF..HHN__20250116T114315Z__20250116T114415Z.mseed,HE,TOF,0,0,0,0,2025-01-16 11:43:19.070000,0.68,,,2025-01-16 11:43:15.000000,2025-01-16 11:44:15.000000,eqcct_explosions_th0_1/20250116T114315Z_20250116T114415Z/TOF_outputs/X_prediction_results.csv
TRE03/HE.TRE03..CHZ__20250116T115008Z__20250116T115108Z.mseed,HE,TRE03,0,0,0,0,2025-01-16 11:50:13.380000,0.911,2025-01-16 11:50:15.470000,0.724,2025-01-16 11:50:08.000000,2025-01-16 11:51:08.000000,eqcct_explosions_th0_1/20250116T115008Z_20250116T115108Z/TRE03_outputs/X_prediction_results.csv
KEF/HE.KEF..HHN__20250116T115019Z__20250116T115119Z.mseed,HE,KEF,0,0,0,0,2025-01-16 11:50:24.480000,0.91,2025-01-16 11:50:33.650000,0.333,2025-01-16 11:50:19.000000,2025-01-16 11:51:19.000000,eqcct_explosions_th0_1/20250116T115019Z_20250116T115119Z/KEF_outputs/X_prediction_results.csv
KPF/HE.KPF..HHZ__20250116T115022Z__20250116T115122Z.mseed,HE,KPF,0,0,0,0,2025-01-16 11:50:27.880000,0.888,2025-01-16 11:50:40.570000,0.155,2025-01-16 11:50:22.000000,2025-01-16 11:51:22.000000,eqcct_explosions_th0_1/20250116T115022Z_20250116T115122Z/KPF_outputs/X_prediction_results.csv
FIA0/HE.FIA0..HHZ__20250116T115025Z__20250116T115125Z.mseed,HE,FIA0,0,0,0,0,2025-01-16 11:50:30.100000,0.867,2025-01-16 11:50:44.550000,0.579,2025-01-16 11:50:25.000000,2025-01-16 11:51:25.000000,eqcct_explosions_th0_1/20250116T115025Z_20250116T115125Z/FIA0_outputs/X_prediction_results.csv
RAF/HE.RAF..HHN__20250116T115028Z__20250116T115128Z.mseed,HE,RAF,0,0,0,0,2025-01-16 11:50:33.030000,0.859,2025-01-16 11:50:49.630000,0.459,2025-01-16 11:50:28.000000,2025-01-16 11:51:28.000000,eqcct_explosions_th0_1/20250116T115028Z_20250116T115128Z/RAF_outputs/X_prediction_results.csv
KAF/HE.KAF..HHN__20250116T115028Z__20250116T115128Z.mseed,HE,KAF,0,0,0,0,2025-01-16 11:50:33.780000,0.79,2025-01-16 11:50:50.970000,0.425,2025-01-16 11:50:28.000000,2025-01-16 11:51:28.000000,eqcct_explosions_th0_1/20250116T115028Z_20250116T115128Z/KAF_outputs/X_prediction_results.csv
PVF/HE.PVF..CHN__20250116T115032Z__20250116T115132Z.mseed,HE,PVF,0,0,0,0,2025-01-16 11:50:36.340000,0.728,2025-01-16 11:50:55.090000,0.421,2025-01-16 11:50:32.000000,2025-01-16 11:51:32.000000,eqcct_explosions_th0_1/20250116T115032Z_20250116T115132Z/PVF_outputs/X_prediction_results.csv
SUF/HE.SUF..HHE__20250116T115034Z__20250116T115134Z.mseed,HE,SUF,0,0,0,0,2025-01-16 11:50:39.280000,0.83,,,2025-01-16 11:50:34.000000,2025-01-16 11:51:34.000000,eqcct_explosions_th0_1/20250116T115034Z_20250116T115134Z/SUF_outputs/X_prediction_results.csv
VAF/HE.VAF..HHZ__20250116T115035Z__20250116T115135Z.mseed,HE,VAF,0,0,0,0,2025-01-16 11:50:40.480000,0.812,2025-01-16 11:51:01.340000,0.315,2025-01-16 11:50:35.000000,2025-01-16 11:51:35.000000,eqcct_explosions_th0_1/20250116T115035Z_20250116T115135Z/VAF_outputs/X_prediction_results.csv
KY17/HE.KY17..CHN__20250116T115036Z__20250116T115136Z.mseed,HE,KY17,0,0,0,0,2025-01-16 11:50:40.740000,0.813,,,2025-01-16 11:50:36.000000,2025-01-16 11:51:36.000000,eqcct_explosions_th0_1/20250116T115036Z_20250116T115136Z/KY17_outputs/X_prediction_results.csv
TVF/HE.TVF..HHN__20250116T115038Z__20250116T115138Z.mseed,HE,TVF,0,0,0,0,2025-01-16 11:50:43.680000,0.732,,,2025-01-16 11:50:38.000000,2025-01-16 11:51:38.000000,eqcct_explosions_th0_1/20250116T115038Z_20250116T115138Z/TVF_outputs/X_prediction_results.csv
KORF/HE.KORF..CHE__20250116T115040Z__20250116T115140Z.mseed,HE,KORF,0,0,0,0,2025-01-16 11:50:44.680000,0.719,,,2025-01-16 11:50:40.000000,2025-01-16 11:51:40.000000,eqcct_explosions_th0_1/20250116T115040Z_20250116T115140Z/KORF_outputs/X_prediction_results.csv
NUR/HE.NUR..HHE__20250116T115042Z__20250116T115142Z.mseed,HE,NUR,0,0,0,0,2025-01-16 11:50:46.880000,0.592,,,2025-01-16 11:50:42.000000,2025-01-16 11:51:42.000000,eqcct_explosions_th0_1/20250116T115042Z_20250116T115142Z/NUR_outputs/X_prediction_results.csv
AAL/UP.AAL..HHE__20250116T115048Z__20250116T115148Z.mseed,UP,AAL,0,0,0,0,2025-01-16 11:50:52.280000,0.678,,,2025-01-16 11:50:48.000000,2025-01-16 11:51:48.000000,eqcct_explosions_th0_1/20250116T115048Z_20250116T115148Z/AAL_outputs/X_prediction_results.csv
RUF/HE.RUF..HHE__20250116T115049Z__20250116T115149Z.mseed,HE,RUF,0,0,0,0,2025-01-16 11:50:53.280000,0.733,2025-01-16 11:51:25.950000,0.137,2025-01-16 11:50:49.000000,2025-01-16 11:51:49.000000,eqcct_explosions_th0_1/20250116T115049Z_20250116T115149Z/RUF_outputs/X_prediction_results.csv
MEF/HE.MEF..HHE__20250116T115050Z__20250116T115150Z.mseed,HE,MEF,0,0,0,0,2025-01-16 11:50:54.560000,0.784,,,2025-01-16 11:50:50.000000,2025-01-16 11:51:50.000000,eqcct_explosions_th0_1/20250116T115050Z_20250116T115150Z/MEF_outputs/X_prediction_results.csv
VJF/HE.VJF..HHN__20250116T115109Z__20250116T115209Z.mseed,HE,VJF,0,0,0,0,2025-01-16 11:51:13.880000,0.543,,,2025-01-16 11:51:09.000000,2025-01-16 11:52:09.000000,eqcct_explosions_th0_1/20250116T115109Z_20250116T115209Z/VJF_outputs/X_prediction_results.csv
NIF/HE.NIF..HHN__20250116T115124Z__20250116T115224Z.mseed,HE,NIF,0,0,0,0,2025-01-16 11:51:28.260000,0.375,,,2025-01-16 11:51:24.000000,2025-01-16 11:52:24.000000,eqcct_explosions_th0_1/20250116T115124Z_20250116T115224Z/NIF_outputs/X_prediction_results.csv
KORF/HE.KORF..CHZ__20250116T120408Z__20250116T120508Z.mseed,HE,KORF,0,0,0,0,2025-01-16 12:04:13.912000,0.884,2025-01-16 12:04:20.302000,0.273,2025-01-16 12:04:08.000000,2025-01-16 12:05:08.000000,eqcct_explosions_th0_1/20250116T120408Z_20250116T120508Z/KORF_outputs/X_prediction_results.csv
TVF/HE.TVF..HHN__20250116T120414Z__20250116T120514Z.mseed,HE,TVF,0,0,0,0,2025-01-16 12:04:18.100000,0.863,,,2025-01-16 12:04:14.000000,2025-01-16 12:05:14.000000,eqcct_explosions_th0_1/20250116T120414Z_20250116T120514Z/TVF_outputs/X_prediction_results.csv
RAF/HE.RAF..HHZ__20250116T120414Z__20250116T120514Z.mseed,HE,RAF,0,0,0,0,2025-01-16 12:04:19.980000,0.889,2025-01-16 12:04:30.150000,0.517,2025-01-16 12:04:14.000000,2025-01-16 12:05:14.000000,eqcct_explosions_th0_1/20250116T120414Z_20250116T120514Z/RAF_outputs/X_prediction_results.csv
ECKF/HE.ECKF..CHN__20250116T120426Z__20250116T120526Z.mseed,HE,ECKF,0,0,0,0,2025-01-16 12:04:30.740000,0.713,2025-01-16 12:04:53.540000,0.162,2025-01-16 12:04:26.000000,2025-01-16 12:05:26.000000,eqcct_explosions_th0_1/20250116T120426Z_20250116T120526Z/ECKF_outputs/X_prediction_results.csv
KPF/HE.KPF..HHZ__20250116T120428Z__20250116T120528Z.mseed,HE,KPF,0,0,0,0,2025-01-16 12:04:33.750000,0.79,2025-01-16 12:04:35.790000,0.219,2025-01-16 12:04:28.000000,2025-01-16 12:05:28.000000,eqcct_explosions_th0_1/20250116T120428Z_20250116T120528Z/KPF_outputs/X_prediction_results.csv
AAL/UP.AAL..HHN__20250116T120443Z__20250116T120543Z.mseed,UP,AAL,0,0,0,0,2025-01-16 12:04:44.920000,0.32,,,2025-01-16 12:04:43.000000,2025-01-16 12:05:43.000000,eqcct_explosions_th0_1/20250116T120443Z_20250116T120543Z/AAL_outputs/X_prediction_results.csv
FIA0/HE.FIA0..HHE__20250116T120508Z__20250116T120608Z.mseed,HE,FIA0,0,0,0,0,2025-01-16 12:05:13.100000,0.203,2025-01-16 12:05:13.570000,0.131,2025-01-16 12:05:08.000000,2025-01-16 12:06:08.000000,eqcct_explosions_th0_1/20250116T120508Z_20250116T120608Z/FIA0_outputs/X_prediction_results.csv
TOF/HE.TOF..HHZ__20250116T120612Z__20250116T120712Z.mseed,HE,TOF,0,0,0,0,2025-01-16 12:06:17.180000,0.869,2025-01-16 12:06:34.790000,0.183,2025-01-16 12:06:12.000000,2025-01-16 12:07:12.000000,eqcct_explosions_th0_1/20250116T120612Z_20250116T120712Z/TOF_outputs/X_prediction_results.csv
OBF3/HE.OBF3..HHE__20250116T120620Z__20250116T120720Z.mseed,HE,OBF3,0,0,0,0,2025-01-16 12:06:25.840000,0.824,2025-01-16 12:06:47.770000,0.285,2025-01-16 12:06:20.000000,2025-01-16 12:07:20.000000,eqcct_explosions_th0_1/20250116T120620Z_20250116T120720Z/OBF3_outputs/X_prediction_results.csv
OBF0/HE.OBF0..SHZ__20250116T120622Z__20250116T120722Z.mseed,HE,OBF0,0,0,0,0,2025-01-16 12:06:27.860000,0.843,2025-01-16 12:06:50.890000,0.37,2025-01-16 12:06:22.000000,2025-01-16 12:07:22.000000,eqcct_explosions_th0_1/20250116T120622Z_20250116T120722Z/OBF0_outputs/X_prediction_results.csv
KLF/FN.KLF..HHE__20250116T120623Z__20250116T120723Z.mseed,FN,KLF,0,0,0,0,2025-01-16 12:06:28.500000,0.642,2025-01-16 12:06:49.980000,0.369,2025-01-16 12:06:23.000000,2025-01-16 12:07:23.000000,eqcct_explosions_th0_1/20250116T120623Z_20250116T120723Z/KLF_outputs/X_prediction_results.csv
OUF/HE.OUF..HHZ__20250116T120626Z__20250116T120726Z.mseed,HE,OUF,0,0,0,0,2025-01-16 12:06:31.730000,0.875,,,2025-01-16 12:06:26.000000,2025-01-16 12:07:26.000000,eqcct_explosions_th0_1/20250116T120626Z_20250116T120726Z/OUF_outputs/X_prediction_results.csv
RANF/FN.RANF..BHZ__20250116T120628Z__20250116T120728Z.mseed,FN,RANF,0,0,0,0,2025-01-16 12:06:33.000000,0.612,2025-01-16 12:07:00.630000,0.496,2025-01-16 12:06:28.000000,2025-01-16 12:07:28.000000,eqcct_explosions_th0_1/20250116T120628Z_20250116T120728Z/RANF_outputs/X_prediction_results.csv
HEF/HE.HEF..HHN__20250116T120636Z__20250116T120736Z.mseed,HE,HEF,0,0,0,0,2025-01-16 12:06:41.730000,0.206,,,2025-01-16 12:06:36.000000,2025-01-16 12:07:36.000000,eqcct_explosions_th0_1/20250116T120636Z_20250116T120736Z/HEF_outputs/X_prediction_results.csv
VAF/HE.VAF..HHE__20250116T120639Z__20250116T120739Z.mseed,HE,VAF,0,0,0,0,2025-01-16 12:06:43.630000,0.597,,,2025-01-16 12:06:39.000000,2025-01-16 12:07:39.000000,eqcct_explosions_th0_1/20250116T120639Z_20250116T120739Z/VAF_outputs/X_prediction_results.csv
VRF/HE.VRF..HHZ__20250116T120731Z__20250116T120831Z.mseed,HE,VRF,0,0,0,0,2025-01-16 12:07:35.750000,0.584,2025-01-16 12:07:37.940000,0.51,2025-01-16 12:07:31.000000,2025-01-16 12:08:31.000000,eqcct_explosions_th0_1/20250116T120731Z_20250116T120831Z/VRF_outputs/X_prediction_results.csv
KEV/HE.KEV..HHZ__20250116T161920Z__20250116T162020Z.mseed,HE,KEV,0,0,0,0,2025-01-16 16:19:25.700000,0.645,2025-01-16 16:19:43.450000,0.135,2025-01-16 16:19:20.000000,2025-01-16 16:20:20.000000,eqcct_explosions_th0_1/20250116T161920Z_20250116T162020Z/KEV_outputs/X_prediction_results.csv
VRF/HE.VRF..HHE__20250116T161948Z__20250116T162048Z.mseed,HE,VRF,0,0,0,0,2025-01-16 16:19:52.300000,0.397,2025-01-16 16:19:55.730000,0.673,2025-01-16 16:19:48.000000,2025-01-16 16:20:48.000000,eqcct_explosions_th0_1/20250116T161948Z_20250116T162048Z/VRF_outputs/X_prediction_results.csv
RUF/HE.RUF..HHZ__20250116T163443Z__20250116T163543Z.mseed,HE,RUF,0,0,0,0,2025-01-16 16:34:48.880000,0.927,2025-01-16 16:34:55.550000,0.672,2025-01-16 16:34:43.000000,2025-01-16 16:35:43.000000,eqcct_explosions_th0_1/20250116T163443Z_20250116T163543Z/RUF_outputs/X_prediction_results.csv
VJF/HE.VJF..HHZ__20250116T163456Z__20250116T163556Z.mseed,HE,VJF,0,0,0,0,2025-01-16 16:35:01.880000,0.887,2025-01-16 16:35:04.690000,0.298,2025-01-16 16:34:56.000000,2025-01-16 16:35:56.000000,eqcct_explosions_th0_1/20250116T163456Z_20250116T163556Z/VJF_outputs/X_prediction_results.csv
KY17/HE.KY17..CHN__20250116T163458Z__20250116T163558Z.mseed,HE,KY17,0,0,0,0,2025-01-16 16:35:03.780000,0.781,2025-01-16 16:35:05.530000,0.536,2025-01-16 16:34:58.000000,2025-01-16 16:35:58.000000,eqcct_explosions_th0_1/20250116T163458Z_20250116T163558Z/KY17_outputs/X_prediction_results.csv
FIA0/HE.FIA0..HHE__20250116T163507Z__20250116T163607Z.mseed,HE,FIA0,0,0,0,0,2025-01-16 16:35:11.100000,0.661,,,2025-01-16 16:35:07.000000,2025-01-16 16:36:07.000000,eqcct_explosions_th0_1/20250116T163507Z_20250116T163607Z/FIA0_outputs/X_prediction_results.csv
JOF/HE.JOF..HHZ__20250116T163508Z__20250116T163608Z.mseed,HE,JOF,0,0,0,0,2025-01-16 16:35:13.720000,0.882,,,2025-01-16 16:35:08.000000,2025-01-16 16:36:08.000000,eqcct_explosions_th0_1/20250116T163508Z_20250116T163608Z/JOF_outputs/X_prediction_results.csv
PVF/HE.PVF..CHZ__20250116T163509Z__20250116T163609Z.mseed,HE,PVF,0,0,0,0,2025-01-16 16:35:14.680000,0.821,2025-01-16 16:35:15.510000,0.148,2025-01-16 16:35:09.000000,2025-01-16 16:36:09.000000,eqcct_explosions_th0_1/20250116T163509Z_20250116T163609Z/PVF_outputs/X_prediction_results.csv
KAF/HE.KAF..HHE__20250116T163510Z__20250116T163610Z.mseed,HE,KAF,0,0,0,0,2025-01-16 16:35:15.100000,0.57,2025-01-16 16:35:39.290000,0.175,2025-01-16 16:35:10.000000,2025-01-16 16:36:10.000000,eqcct_explosions_th0_1/20250116T163510Z_20250116T163610Z/KAF_outputs/X_prediction_results.csv
SUF/HE.SUF..HHE__20250116T163517Z__20250116T163617Z.mseed,HE,SUF,0,0,0,0,2025-01-16 16:35:21.850000,0.687,2025-01-16 16:35:53.350000,0.342,2025-01-16 16:35:17.000000,2025-01-16 16:36:17.000000,eqcct_explosions_th0_1/20250116T163517Z_20250116T163617Z/SUF_outputs/X_prediction_results.csv
NIF/HE.NIF..HHE__20250116T163518Z__20250116T163618Z.mseed,HE,NIF,0,0,0,0,2025-01-16 16:35:22.690000,0.648,,,2025-01-16 16:35:18.000000,2025-01-16 16:36:18.000000,eqcct_explosions_th0_1/20250116T163518Z_20250116T163618Z/NIF_outputs/X_prediction_results.csv
NUR/HE.NUR..HHZ__20250116T163518Z__20250116T163618Z.mseed,HE,NUR,0,0,0,0,2025-01-16 16:35:23.080000,0.759,2025-01-16 16:35:25.550000,0.578,2025-01-16 16:35:18.000000,2025-01-16 16:36:18.000000,eqcct_explosions_th0_1/20250116T163518Z_20250116T163618Z/NUR_outputs/X_prediction_results.csv
VUOS/HE.VUOS..HHN__20250116T163518Z__20250116T163618Z.mseed,HE,VUOS,0,0,0,0,2025-01-16 16:35:22.680000,0.741,2025-01-16 16:35:23.630000,0.384,2025-01-16 16:35:18.000000,2025-01-16 16:36:18.000000,eqcct_explosions_th0_1/20250116T163518Z_20250116T163618Z/VUOS_outputs/X_prediction_results.csv
KUNI/HE.KUNI..HHZ__20250116T163519Z__20250116T163619Z.mseed,HE,KUNI,0,0,0,0,2025-01-16 16:35:23.842000,0.522,,,2025-01-16 16:35:19.000000,2025-01-16 16:36:19.000000,eqcct_explosions_th0_1/20250116T163519Z_20250116T163619Z/KUNI_outputs/X_prediction_results.csv
KEF/HE.KEF..HHN__20250116T163519Z__20250116T163619Z.mseed,HE,KEF,0,0,0,0,2025-01-16 16:35:24.180000,0.894,2025-01-16 16:35:58.160000,0.1,2025-01-16 16:35:19.000000,2025-01-16 16:36:19.000000,eqcct_explosions_th0_1/20250116T163519Z_20250116T163619Z/KEF_outputs/X_prediction_results.csv
HEL5/HE.HEL5..HHZ__20250116T163522Z__20250116T163622Z.mseed,HE,HEL5,0,0,0,0,2025-01-16 16:35:26.180000,0.105,,,2025-01-16 16:35:22.000000,2025-01-16 16:36:22.000000,eqcct_explosions_th0_1/20250116T163522Z_20250116T163622Z/HEL5_outputs/X_prediction_results.csv
TRE03/HE.TRE03..CHN__20250116T163523Z__20250116T163623Z.mseed,HE,TRE03,0,0,0,0,2025-01-16 16:35:27.180000,0.603,,,2025-01-16 16:35:23.000000,2025-01-16 16:36:23.000000,eqcct_explosions_th0_1/20250116T163523Z_20250116T163623Z/TRE03_outputs/X_prediction_results.csv
MEF/HE.MEF..HHN__20250116T163523Z__20250116T163623Z.mseed,HE,MEF,0,0,0,0,2025-01-16 16:35:27.990000,0.489,,,2025-01-16 16:35:23.000000,2025-01-16 16:36:23.000000,eqcct_explosions_th0_1/20250116T163523Z_20250116T163623Z/MEF_outputs/X_prediction_results.csv
RMF/HE.RMF..HHN__20250116T163527Z__20250116T163627Z.mseed,HE,RMF,0,0,0,0,2025-01-16 16:35:31.032000,0.722,,,2025-01-16 16:35:27.000000,2025-01-16 16:36:27.000000,eqcct_explosions_th0_1/20250116T163527Z_20250116T163627Z/RMF_outputs/X_prediction_results.csv
KJNF/HE.KJNF..CHZ__20250116T163530Z__20250116T163630Z.mseed,HE,KJNF,0,0,0,0,2025-01-16 16:35:34.470000,0.665,,,2025-01-16 16:35:30.000000,2025-01-16 16:36:30.000000,eqcct_explosions_th0_1/20250116T163530Z_20250116T163630Z/KJNF_outputs/X_prediction_results.csv
HEL1/HE.HEL1..HHE__20250116T163546Z__20250116T163646Z.mseed,HE,HEL1,0,0,0,0,2025-01-16 16:35:50.420000,0.674,2025-01-16 16:36:01.340000,0.2,2025-01-16 16:35:46.000000,2025-01-16 16:36:46.000000,eqcct_explosions_th0_1/20250116T163546Z_20250116T163646Z/HEL1_outputs/X_prediction_results.csv
TOF/HE.TOF..HHE__20250117T081642Z__20250117T081742Z.mseed,HE,TOF,0,0,0,0,2025-01-17 08:16:47.880000,0.889,2025-01-17 08:16:57.940000,0.63,2025-01-17 08:16:42.000000,2025-01-17 08:17:42.000000,eqcct_explosions_th0_1/20250117T081642Z_20250117T081742Z/TOF_outputs/X_prediction_results.csv
KLF/FN.KLF..HHE__20250117T081644Z__20250117T081744Z.mseed,FN,KLF,0,0,0,0,2025-01-17 08:16:49.270000,0.645,2025-01-17 08:16:59.220000,0.442,2025-01-17 08:16:44.000000,2025-01-17 08:17:44.000000,eqcct_explosions_th0_1/20250117T081644Z_20250117T081744Z/KLF_outputs/X_prediction_results.csv
RANF/FN.RANF..BHE__20250117T081646Z__20250117T081746Z.mseed,FN,RANF,0,0,0,0,2025-01-17 08:16:51.750000,0.884,2025-01-17 08:17:05.100000,0.325,2025-01-17 08:16:46.000000,2025-01-17 08:17:46.000000,eqcct_explosions_th0_1/20250117T081646Z_20250117T081746Z/RANF_outputs/X_prediction_results.csv
KU2/HE.KU2..SHE__20250117T081657Z__20250117T081757Z.mseed,HE,KU2,0,0,0,0,2025-01-17 08:17:02.980000,0.712,2025-01-17 08:17:22.970000,0.108,2025-01-17 08:16:57.000000,2025-01-17 08:17:57.000000,eqcct_explosions_th0_1/20250117T081657Z_20250117T081757Z/KU2_outputs/X_prediction_results.csv
OLKF/FN.OLKF..HHN__20250117T081701Z__20250117T081801Z.mseed,FN,OLKF,0,0,0,0,2025-01-17 08:17:05.260000,0.558,2025-01-17 08:17:28.020000,0.541,2025-01-17 08:17:01.000000,2025-01-17 08:18:01.000000,eqcct_explosions_th0_1/20250117T081701Z_20250117T081801Z/OLKF_outputs/X_prediction_results.csv
HEF/HE.HEF..HHN__20250117T081703Z__20250117T081803Z.mseed,HE,HEF,0,0,0,0,2025-01-17 08:17:08.980000,0.666,2025-01-17 08:17:33.340000,0.349,2025-01-17 08:17:03.000000,2025-01-17 08:18:03.000000,eqcct_explosions_th0_1/20250117T081703Z_20250117T081803Z/HEF_outputs/X_prediction_results.csv
OBF3/HE.OBF3..HHE__20250117T081704Z__20250117T081804Z.mseed,HE,OBF3,0,0,0,0,2025-01-17 08:17:09.052000,0.505,2025-01-17 08:17:31.602000,0.211,2025-01-17 08:17:04.000000,2025-01-17 08:18:04.000000,eqcct_explosions_th0_1/20250117T081704Z_20250117T081804Z/OBF3_outputs/X_prediction_results.csv
KU6/HE.KU6..HHE__20250117T081705Z__20250117T081805Z.mseed,HE,KU6,0,0,0,0,2025-01-17 08:17:10.440000,0.872,2025-01-17 08:17:36.810000,0.17,2025-01-17 08:17:05.000000,2025-01-17 08:18:05.000000,eqcct_explosions_th0_1/20250117T081705Z_20250117T081805Z/KU6_outputs/X_prediction_results.csv
VRF/HE.VRF..HHN__20250117T081706Z__20250117T081806Z.mseed,HE,VRF,0,0,0,0,2025-01-17 08:17:10.780000,0.901,,,2025-01-17 08:17:06.000000,2025-01-17 08:18:06.000000,eqcct_explosions_th0_1/20250117T081706Z_20250117T081806Z/VRF_outputs/X_prediction_results.csv
KU1/HE.KU1..SHZ__20250117T081707Z__20250117T081807Z.mseed,HE,KU1,0,0,0,0,2025-01-17 08:17:11.160000,0.658,2025-01-17 08:17:38.620000,0.517,2025-01-17 08:17:07.000000,2025-01-17 08:18:07.000000,eqcct_explosions_th0_1/20250117T081707Z_20250117T081807Z/KU1_outputs/X_prediction_results.csv
RAJF/FN.RAJF..BHZ__20250117T081736Z__20250117T081836Z.mseed,FN,RAJF,0,0,0,0,2025-01-17 08:17:40.950000,0.108,2025-01-17 08:17:42.320000,0.205,2025-01-17 08:17:36.000000,2025-01-17 08:18:36.000000,eqcct_explosions_th0_1/20250117T081736Z_20250117T081836Z/RAJF_outputs/X_prediction_results.csv
OBF0/HE.OBF0..SHN__20250117T081737Z__20250117T081837Z.mseed,HE,OBF0,0,0,0,0,2025-01-17 08:17:41.600000,0.497,,,2025-01-17 08:17:37.000000,2025-01-17 08:18:37.000000,eqcct_explosions_th0_1/20250117T081737Z_20250117T081837Z/OBF0_outputs/X_prediction_results.csv
RUF/HE.RUF..HHE__20250117T094346Z__20250117T094446Z.mseed,HE,RUF,0,0,0,0,2025-01-17 09:43:51.128000,0.677,2025-01-17 09:43:58.498000,0.42,2025-01-17 09:43:46.000000,2025-01-17 09:44:46.000000,eqcct_explosions_th0_1/20250117T094346Z_20250117T094446Z/RUF_outputs/X_prediction_results.csv
VJF/HE.VJF..HHE__20250117T094359Z__20250117T094459Z.mseed,HE,VJF,0,0,0,0,2025-01-17 09:44:04.448000,0.526,2025-01-17 09:44:21.918000,0.155,2025-01-17 09:43:59.000000,2025-01-17 09:44:59.000000,eqcct_explosions_th0_1/20250117T094359Z_20250117T094459Z/VJF_outputs/X_prediction_results.csv
KY17/HE.KY17..CHN__20250117T094401Z__20250117T094501Z.mseed,HE,KY17,0,0,0,0,2025-01-17 09:44:06.472000,0.737,2025-01-17 09:44:24.692000,0.349,2025-01-17 09:44:01.000000,2025-01-17 09:45:01.000000,eqcct_explosions_th0_1/20250117T094401Z_20250117T094501Z/KY17_outputs/X_prediction_results.csv
FIA0/HE.FIA0..HHZ__20250117T094409Z__20250117T094509Z.mseed,HE,FIA0,0,0,0,0,2025-01-17 09:44:14.740000,0.666,,,2025-01-17 09:44:09.000000,2025-01-17 09:45:09.000000,eqcct_explosions_th0_1/20250117T094409Z_20250117T094509Z/FIA0_outputs/X_prediction_results.csv
FIA1/HE.FIA1..HHE__20250117T094409Z__20250117T094509Z.mseed,HE,FIA1,0,0,0,0,2025-01-17 09:44:14.770000,0.673,,,2025-01-17 09:44:09.000000,2025-01-17 09:45:09.000000,eqcct_explosions_th0_1/20250117T094409Z_20250117T094509Z/FIA1_outputs/X_prediction_results.csv
LOVF/HE.LOVF..CHZ__20250117T094410Z__20250117T094510Z.mseed,HE,LOVF,0,0,0,0,2025-01-17 09:44:14.180000,0.62,2025-01-17 09:44:40.190000,0.178,2025-01-17 09:44:10.000000,2025-01-17 09:45:10.000000,eqcct_explosions_th0_1/20250117T094410Z_20250117T094510Z/LOVF_outputs/X_prediction_results.csv
JOF/HE.JOF..HHN__20250117T094410Z__20250117T094510Z.mseed,HE,JOF,0,0,0,0,2025-01-17 09:44:15.680000,0.863,,,2025-01-17 09:44:10.000000,2025-01-17 09:45:10.000000,eqcct_explosions_th0_1/20250117T094410Z_20250117T094510Z/JOF_outputs/X_prediction_results.csv
KAF/HE.KAF..HHE__20250117T094412Z__20250117T094512Z.mseed,HE,KAF,0,0,0,0,2025-01-17 09:44:17.120000,0.777,,,2025-01-17 09:44:12.000000,2025-01-17 09:45:12.000000,eqcct_explosions_th0_1/20250117T094412Z_20250117T094512Z/KAF_outputs/X_prediction_results.csv
PVF/HE.PVF..CHN__20250117T094412Z__20250117T094512Z.mseed,HE,PVF,0,0,0,0,2025-01-17 09:44:17.384000,0.864,,,2025-01-17 09:44:12.000000,2025-01-17 09:45:12.000000,eqcct_explosions_th0_1/20250117T094412Z_20250117T094512Z/PVF_outputs/X_prediction_results.csv
MEF/HE.MEF..HHN__20250117T113650Z__20250117T113750Z.mseed,HE,MEF,0,0,0,0,2025-01-17 11:36:55.800000,0.873,2025-01-17 11:36:57.150000,0.844,2025-01-17 11:36:50.000000,2025-01-17 11:37:50.000000,eqcct_explosions_th0_1/20250117T113650Z_20250117T113750Z/MEF_outputs/X_prediction_results.csv
KUNI/HE.KUNI..HHN__20250117T113652Z__20250117T113752Z.mseed,HE,KUNI,0,0,0,0,2025-01-17 11:36:57.592000,0.947,2025-01-17 11:37:00.062000,0.696,2025-01-17 11:36:52.000000,2025-01-17 11:37:52.000000,eqcct_explosions_th0_1/20250117T113652Z_20250117T113752Z/KUNI_outputs/X_prediction_results.csv
HEL5/HE.HEL5..HHE__20250117T113652Z__20250117T113752Z.mseed,HE,HEL5,0,0,0,0,2025-01-17 11:36:57.160000,0.846,,,2025-01-17 11:36:52.000000,2025-01-17 11:37:52.000000,eqcct_explosions_th0_1/20250117T113652Z_20250117T113752Z/HEL5_outputs/X_prediction_results.csv
LAUT/HE.LAUT..HHN__20250117T113652Z__20250117T113752Z.mseed,HE,LAUT,0,0,0,0,2025-01-17 11:36:57.452000,0.957,2025-01-17 11:36:59.912000,0.872,2025-01-17 11:36:52.000000,2025-01-17 11:37:52.000000,eqcct_explosions_th0_1/20250117T113652Z_20250117T113752Z/LAUT_outputs/X_prediction_results.csv
HEL1/HE.HEL1..HHN__20250117T113652Z__20250117T113752Z.mseed,HE,HEL1,0,0,0,0,2025-01-17 11:36:57.452000,0.91,2025-01-17 11:36:59.932000,0.801,2025-01-17 11:36:52.000000,2025-01-17 11:37:52.000000,eqcct_explosions_th0_1/20250117T113652Z_20250117T113752Z/HEL1_outputs/X_prediction_results.csv
VUOS/HE.VUOS..HHE__20250117T113654Z__20250117T113754Z.mseed,HE,VUOS,0,0,0,0,2025-01-17 11:36:59.820000,0.899,2025-01-17 11:37:03.660000,0.328,2025-01-17 11:36:54.000000,2025-01-17 11:37:54.000000,eqcct_explosions_th0_1/20250117T113654Z_20250117T113754Z/VUOS_outputs/X_prediction_results.csv
NUR/HE.NUR..HHZ__20250117T113654Z__20250117T113754Z.mseed,HE,NUR,0,0,0,0,2025-01-17 11:36:59.260000,0.959,2025-01-17 11:37:02.970000,0.793,2025-01-17 11:36:54.000000,2025-01-17 11:37:54.000000,eqcct_explosions_th0_1/20250117T113654Z_20250117T113754Z/NUR_outputs/X_prediction_results.csv
PVF/HE.PVF..CHN__20250117T113702Z__20250117T113802Z.mseed,HE,PVF,0,0,0,0,2025-01-17 11:37:07.540000,0.82,2025-01-17 11:37:17.130000,0.446,2025-01-17 11:37:02.000000,2025-01-17 11:38:02.000000,eqcct_explosions_th0_1/20250117T113702Z_20250117T113802Z/PVF_outputs/X_prediction_results.csv
FIA0/HE.FIA0..HHZ__20250117T113716Z__20250117T113816Z.mseed,HE,FIA0,0,0,0,0,2025-01-17 11:37:20.200000,0.884,,,2025-01-17 11:37:16.000000,2025-01-17 11:38:16.000000,eqcct_explosions_th0_1/20250117T113716Z_20250117T113816Z/FIA0_outputs/X_prediction_results.csv
KY17/HE.KY17..CHE__20250117T113716Z__20250117T113816Z.mseed,HE,KY17,0,0,0,0,2025-01-17 11:37:20.380000,0.937,2025-01-17 11:37:21.850000,0.157,2025-01-17 11:37:16.000000,2025-01-17 11:38:16.000000,eqcct_explosions_th0_1/20250117T113716Z_20250117T113816Z/KY17_outputs/X_prediction_results.csv
KORF/HE.KORF..CHE__20250117T113717Z__20250117T113817Z.mseed,HE,KORF,0,0,0,0,2025-01-17 11:37:22.660000,0.829,,,2025-01-17 11:37:17.000000,2025-01-17 11:38:17.000000,eqcct_explosions_th0_1/20250117T113717Z_20250117T113817Z/KORF_outputs/X_prediction_results.csv
RAF/HE.RAF..HHE__20250117T113718Z__20250117T113818Z.mseed,HE,RAF,0,0,0,0,2025-01-17 11:37:23.630000,0.774,,,2025-01-17 11:37:18.000000,2025-01-17 11:38:18.000000,eqcct_explosions_th0_1/20250117T113718Z_20250117T113818Z/RAF_outputs/X_prediction_results.csv
MEF/HE.MEF..HHN__20250117T121605Z__20250117T121705Z.mseed,HE,MEF,0,0,0,0,2025-01-17 12:16:10.420000,0.851,2025-01-17 12:16:11.930000,0.866,2025-01-17 12:16:05.000000,2025-01-17 12:17:05.000000,eqcct_explosions_th0_1/20250117T121605Z_20250117T121705Z/MEF_outputs/X_prediction_results.csv
HEL5/HE.HEL5..HHN__20250117T121605Z__20250117T121705Z.mseed,HE,HEL5,0,0,0,0,2025-01-17 12:16:10.350000,0.841,2025-01-17 12:16:11.850000,0.838,2025-01-17 12:16:05.000000,2025-01-17 12:17:05.000000,eqcct_explosions_th0_1/20250117T121605Z_20250117T121705Z/HEL5_outputs/X_prediction_results.csv
LAUT/HE.LAUT..HHN__20250117T121606Z__20250117T121706Z.mseed,HE,LAUT,0,0,0,0,2025-01-17 12:16:11.432000,0.82,2025-01-17 12:16:13.552000,0.75,2025-01-17 12:16:06.000000,2025-01-17 12:17:06.000000,eqcct_explosions_th0_1/20250117T121606Z_20250117T121706Z/LAUT_outputs/X_prediction_results.csv
HEL1/HE.HEL1..HHE__20250117T121606Z__20250117T121706Z.mseed,HE,HEL1,0,0,0,0,2025-01-17 12:16:11.640000,0.919,2025-01-17 12:16:14.240000,0.762,2025-01-17 12:16:06.000000,2025-01-17 12:17:06.000000,eqcct_explosions_th0_1/20250117T121606Z_20250117T121706Z/HEL1_outputs/X_prediction_results.csv
KUNI/HE.KUNI..HHZ__20250117T121607Z__20250117T121707Z.mseed,HE,KUNI,0,0,0,0,2025-01-17 12:16:12.560000,0.7,2025-01-17 12:16:15.640000,0.505,2025-01-17 12:16:07.000000,2025-01-17 12:17:07.000000,eqcct_explosions_th0_1/20250117T121607Z_20250117T121707Z/KUNI_outputs/X_prediction_results.csv
VUOS/HE.VUOS..HHZ__20250117T121609Z__20250117T121709Z.mseed,HE,VUOS,0,0,0,0,2025-01-17 12:16:13.212000,0.62,,,2025-01-17 12:16:09.000000,2025-01-17 12:17:09.000000,eqcct_explosions_th0_1/20250117T121609Z_20250117T121709Z/VUOS_outputs/X_prediction_results.csv
NUR/HE.NUR..HHE__20250117T121610Z__20250117T121710Z.mseed,HE,NUR,0,0,0,0,2025-01-17 12:16:15.312000,0.849,2025-01-17 12:16:20.062000,0.648,2025-01-17 12:16:10.000000,2025-01-17 12:17:10.000000,eqcct_explosions_th0_1/20250117T121610Z_20250117T121710Z/NUR_outputs/X_prediction_results.csv
PVF/HE.PVF..CHZ__20250117T121617Z__20250117T121717Z.mseed,HE,PVF,0,0,0,0,2025-01-17 12:16:22.742000,0.388,,,2025-01-17 12:16:17.000000,2025-01-17 12:17:17.000000,eqcct_explosions_th0_1/20250117T121617Z_20250117T121717Z/PVF_outputs/X_prediction_results.csv
KORF/HE.KORF..CHE__20250117T121632Z__20250117T121732Z.mseed,HE,KORF,0,0,0,0,2025-01-17 12:16:36.400000,0.632,,,2025-01-17 12:16:32.000000,2025-01-17 12:17:32.000000,eqcct_explosions_th0_1/20250117T121632Z_20250117T121732Z/KORF_outputs/X_prediction_results.csv
VRF/HE.VRF..HHE__20250117T123928Z__20250117T124028Z.mseed,HE,VRF,0,0,0,0,2025-01-17 12:39:33.170000,0.753,2025-01-17 12:39:37.840000,0.727,2025-01-17 12:39:28.000000,2025-01-17 12:40:28.000000,eqcct_explosions_th0_1/20250117T123928Z_20250117T124028Z/VRF_outputs/X_prediction_results.csv
RAJF/FN.RAJF..BHE__20250117T123943Z__20250117T124043Z.mseed,FN,RAJF,0,0,0,0,2025-01-17 12:39:48.300000,0.857,2025-01-17 12:40:03.890000,0.25,2025-01-17 12:39:43.000000,2025-01-17 12:40:43.000000,eqcct_explosions_th0_1/20250117T123943Z_20250117T124043Z/RAJF_outputs/X_prediction_results.csv
OLKF/FN.OLKF..HHN__20250117T123944Z__20250117T124044Z.mseed,FN,OLKF,0,0,0,0,2025-01-17 12:39:49.900000,0.81,2025-01-17 12:40:08.200000,0.506,2025-01-17 12:39:44.000000,2025-01-17 12:40:44.000000,eqcct_explosions_th0_1/20250117T123944Z_20250117T124044Z/OLKF_outputs/X_prediction_results.csv
KU6/HE.KU6..HHZ__20250117T123949Z__20250117T124049Z.mseed,HE,KU6,0,0,0,0,2025-01-17 12:39:54.200000,0.876,2025-01-17 12:40:14.490000,0.349,2025-01-17 12:39:49.000000,2025-01-17 12:40:49.000000,eqcct_explosions_th0_1/20250117T123949Z_20250117T124049Z/KU6_outputs/X_prediction_results.csv
KU2/HE.KU2..SHE__20250117T123957Z__20250117T124057Z.mseed,HE,KU2,0,0,0,0,2025-01-17 12:40:02.780000,0.939,2025-01-17 12:40:30.270000,0.189,2025-01-17 12:39:57.000000,2025-01-17 12:40:57.000000,eqcct_explosions_th0_1/20250117T123957Z_20250117T124057Z/KU2_outputs/X_prediction_results.csv
RANF/FN.RANF..BHE__20250117T123957Z__20250117T124057Z.mseed,FN,RANF,0,0,0,0,2025-01-17 12:40:02.900000,0.887,2025-01-17 12:40:31.010000,0.109,2025-01-17 12:39:57.000000,2025-01-17 12:40:57.000000,eqcct_explosions_th0_1/20250117T123957Z_20250117T124057Z/RANF_outputs/X_prediction_results.csv
KU1/HE.KU1..SHE__20250117T123957Z__20250117T124057Z.mseed,HE,KU1,0,0,0,0,2025-01-17 12:40:02.300000,0.817,2025-01-17 12:40:29.310000,0.593,2025-01-17 12:39:57.000000,2025-01-17 12:40:57.000000,eqcct_explosions_th0_1/20250117T123957Z_20250117T124057Z/KU1_outputs/X_prediction_results.csv
KLF/FN.KLF..BHN__20250117T124003Z__20250117T124103Z.mseed,FN,KLF,0,0,0,0,2025-01-17 12:40:07.750000,0.452,2025-01-17 12:40:42.980000,0.543,2025-01-17 12:40:03.000000,2025-01-17 12:41:03.000000,eqcct_explosions_th0_1/20250117T124003Z_20250117T124103Z/KLF_outputs/X_prediction_results.csv
KEV/HE.KEV..HHN__20250117T124004Z__20250117T124104Z.mseed,HE,KEV,0,0,0,0,2025-01-17 12:40:09.000000,0.78,2025-01-17 12:40:43.570000,0.669,2025-01-17 12:40:04.000000,2025-01-17 12:41:04.000000,eqcct_explosions_th0_1/20250117T124004Z_20250117T124104Z/KEV_outputs/X_prediction_results.csv
HEF/HE.HEF..HHE__20250117T124005Z__20250117T124105Z.mseed,HE,HEF,0,0,0,0,2025-01-17 12:40:10.680000,0.725,2025-01-17 12:40:47.540000,0.692,2025-01-17 12:40:05.000000,2025-01-17 12:41:05.000000,eqcct_explosions_th0_1/20250117T124005Z_20250117T124105Z/HEF_outputs/X_prediction_results.csv
TOF/HE.TOF..HHZ__20250117T124007Z__20250117T124107Z.mseed,HE,TOF,0,0,0,0,2025-01-17 12:40:12.240000,0.668,2025-01-17 12:40:53.010000,0.39,2025-01-17 12:40:07.000000,2025-01-17 12:41:07.000000,eqcct_explosions_th0_1/20250117T124007Z_20250117T124107Z/TOF_outputs/X_prediction_results.csv
RMF/HE.RMF..HHN__20250117T124015Z__20250117T124115Z.mseed,HE,RMF,0,0,0,0,2025-01-17 12:40:19.160000,0.518,,,2025-01-17 12:40:15.000000,2025-01-17 12:41:15.000000,eqcct_explosions_th0_1/20250117T124015Z_20250117T124115Z/RMF_outputs/X_prediction_results.csv
OBF3/HE.OBF3..HHZ__20250117T124018Z__20250117T124118Z.mseed,HE,OBF3,0,0,0,0,2025-01-17 12:40:22.900000,0.733,,,2025-01-17 12:40:18.000000,2025-01-17 12:41:18.000000,eqcct_explosions_th0_1/20250117T124018Z_20250117T124118Z/OBF3_outputs/X_prediction_results.csv
KIF/HE.KIF..HHZ__20250117T124022Z__20250117T124122Z.mseed,HE,KIF,0,0,0,0,2025-01-17 12:40:26.690000,0.599,,,2025-01-17 12:40:22.000000,2025-01-17 12:41:22.000000,eqcct_explosions_th0_1/20250117T124022Z_20250117T124122Z/KIF_outputs/X_prediction_results.csv
NUR/HE.NUR..HHN__20250117T130336Z__20250117T130436Z.mseed,HE,NUR,0,0,0,0,2025-01-17 13:03:40.480000,0.779,2025-01-17 13:03:45.710000,0.3,2025-01-17 13:03:36.000000,2025-01-17 13:04:36.000000,eqcct_explosions_th0_1/20250117T130336Z_20250117T130436Z/NUR_outputs/X_prediction_results.csv
MEF/HE.MEF..HHZ__20250117T130340Z__20250117T130440Z.mseed,HE,MEF,0,0,0,0,2025-01-17 13:03:44.680000,0.778,2025-01-17 13:03:54.050000,0.432,2025-01-17 13:03:40.000000,2025-01-17 13:04:40.000000,eqcct_explosions_th0_1/20250117T130340Z_20250117T130440Z/MEF_outputs/X_prediction_results.csv
TRE03/HE.TRE03..CHN__20250117T130343Z__20250117T130443Z.mseed,HE,TRE03,0,0,0,0,2025-01-17 13:03:48.752000,0.63,2025-01-17 13:03:59.072000,0.215,2025-01-17 13:03:43.000000,2025-01-17 13:04:43.000000,eqcct_explosions_th0_1/20250117T130343Z_20250117T130443Z/TRE03_outputs/X_prediction_results.csv
PVF/HE.PVF..CHE__20250117T130343Z__20250117T130443Z.mseed,HE,PVF,0,0,0,0,2025-01-17 13:03:47.460000,0.743,2025-01-17 13:03:58.430000,0.324,2025-01-17 13:03:43.000000,2025-01-17 13:04:43.000000,eqcct_explosions_th0_1/20250117T130343Z_20250117T130443Z/PVF_outputs/X_prediction_results.csv
RAF/HE.RAF..HHN__20250117T130352Z__20250117T130452Z.mseed,HE,RAF,0,0,0,0,2025-01-17 13:03:56.780000,0.846,2025-01-17 13:04:14.730000,0.3,2025-01-17 13:03:52.000000,2025-01-17 13:04:52.000000,eqcct_explosions_th0_1/20250117T130352Z_20250117T130452Z/RAF_outputs/X_prediction_results.csv
KEF/HE.KEF..HHZ__20250117T130353Z__20250117T130453Z.mseed,HE,KEF,0,0,0,0,2025-01-17 13:03:58.760000,0.635,2025-01-17 13:04:15.930000,0.438,2025-01-17 13:03:53.000000,2025-01-17 13:04:53.000000,eqcct_explosions_th0_1/20250117T130353Z_20250117T130453Z/KEF_outputs/X_prediction_results.csv
KPF/HE.KPF..HHZ__20250117T130356Z__20250117T130456Z.mseed,HE,KPF,0,0,0,0,2025-01-17 13:04:00.580000,0.325,2025-01-17 13:04:22.130000,0.312,2025-01-17 13:03:56.000000,2025-01-17 13:04:56.000000,eqcct_explosions_th0_1/20250117T130356Z_20250117T130456Z/KPF_outputs/X_prediction_results.csv
KORF/HE.KORF..CHN__20250117T130358Z__20250117T130458Z.mseed,HE,KORF,0,0,0,0,2025-01-17 13:04:02.140000,0.689,2025-01-17 13:04:24.310000,0.302,2025-01-17 13:03:58.000000,2025-01-17 13:04:58.000000,eqcct_explosions_th0_1/20250117T130358Z_20250117T130458Z/KORF_outputs/X_prediction_results.csv
KY17/HE.KY17..CHZ__20250117T130410Z__20250117T130510Z.mseed,HE,KY17,0,0,0,0,2025-01-17 13:04:14.420000,0.673,2025-01-17 13:04:19.450000,0.356,2025-01-17 13:04:10.000000,2025-01-17 13:05:10.000000,eqcct_explosions_th0_1/20250117T130410Z_20250117T130510Z/KY17_outputs/X_prediction_results.csv
KAF/HE.KAF..HHN__20250117T130418Z__20250117T130518Z.mseed,HE,KAF,0,0,0,0,2025-01-17 13:04:22.170000,0.606,,,2025-01-17 13:04:18.000000,2025-01-17 13:05:18.000000,eqcct_explosions_th0_1/20250117T130418Z_20250117T130518Z/KAF_outputs/X_prediction_results.csv
SUF/HE.SUF..HHN__20250117T130433Z__20250117T130533Z.mseed,HE,SUF,0,0,0,0,2025-01-17 13:04:37.400000,0.714,2025-01-17 13:04:50.100000,0.194,2025-01-17 13:04:33.000000,2025-01-17 13:05:33.000000,eqcct_explosions_th0_1/20250117T130433Z_20250117T130533Z/SUF_outputs/X_prediction_results.csv
RUF/HE.RUF..HHE__20250117T130439Z__20250117T130539Z.mseed,HE,RUF,0,0,0,0,2025-01-17 13:04:43.880000,0.491,,,2025-01-17 13:04:39.000000,2025-01-17 13:05:39.000000,eqcct_explosions_th0_1/20250117T130439Z_20250117T130539Z/RUF_outputs/X_prediction_results.csv
VAF/HE.VAF..HHZ__20250117T130441Z__20250117T130541Z.mseed,HE,VAF,0,0,0,0,2025-01-17 13:04:45.090000,0.556,,,2025-01-17 13:04:41.000000,2025-01-17 13:05:41.000000,eqcct_explosions_th0_1/20250117T130441Z_20250117T130541Z/VAF_outputs/X_prediction_results.csv
ECKF/HE.ECKF..CHN__20250117T130445Z__20250117T130545Z.mseed,HE,ECKF,0,0,0,0,2025-01-17 13:04:49.230000,0.301,,,2025-01-17 13:04:45.000000,2025-01-17 13:05:45.000000,eqcct_explosions_th0_1/20250117T130445Z_20250117T130545Z/ECKF_outputs/X_prediction_results.csv
ECKF/HE.ECKF..CHZ__20250118T151333Z__20250118T151433Z.mseed,HE,ECKF,0,0,0,0,2025-01-18 15:13:37.032000,0.638,2025-01-18 15:13:58.982000,0.212,2025-01-18 15:13:33.000000,2025-01-18 15:14:33.000000,eqcct_explosions_th0_1/20250118T151333Z_20250118T151433Z/ECKF_outputs/X_prediction_results.csv
AAL/UP.AAL..HHE__20250118T151336Z__20250118T151436Z.mseed,UP,AAL,0,0,0,0,2025-01-18 15:13:40.830000,0.725,,,2025-01-18 15:13:36.000000,2025-01-18 15:14:36.000000,eqcct_explosions_th0_1/20250118T151336Z_20250118T151436Z/AAL_outputs/X_prediction_results.csv
KLF/FN.KLF..HHE__20250119T101845Z__20250119T101945Z.mseed,FN,KLF,0,0,0,0,2025-01-19 10:18:50.760000,0.728,2025-01-19 10:18:55.070000,0.62,2025-01-19 10:18:45.000000,2025-01-19 10:19:45.000000,eqcct_explosions_th0_1/20250119T101845Z_20250119T101945Z/KLF_outputs/X_prediction_results.csv
HEF/HE.HEF..HHZ__20250119T101858Z__20250119T101958Z.mseed,HE,HEF,0,0,0,0,2025-01-19 10:19:03.560000,0.665,2025-01-19 10:19:18.110000,0.102,2025-01-19 10:18:58.000000,2025-01-19 10:19:58.000000,eqcct_explosions_th0_1/20250119T101858Z_20250119T101958Z/HEF_outputs/X_prediction_results.csv
TOF/HE.TOF..HHE__20250119T101905Z__20250119T102005Z.mseed,HE,TOF,0,0,0,0,2025-01-19 10:19:10.560000,0.911,,,2025-01-19 10:19:05.000000,2025-01-19 10:20:05.000000,eqcct_explosions_th0_1/20250119T101905Z_20250119T102005Z/TOF_outputs/X_prediction_results.csv
KIF/HE.KIF..HHE__20250119T101913Z__20250119T102013Z.mseed,HE,KIF,0,0,0,0,2025-01-19 10:19:18.770000,0.701,,,2025-01-19 10:19:13.000000,2025-01-19 10:20:13.000000,eqcct_explosions_th0_1/20250119T101913Z_20250119T102013Z/KIF_outputs/X_prediction_results.csv
RANF/FN.RANF..BHE__20250119T101915Z__20250119T102015Z.mseed,FN,RANF,0,0,0,0,2025-01-19 10:19:20.450000,0.755,,,2025-01-19 10:19:15.000000,2025-01-19 10:20:15.000000,eqcct_explosions_th0_1/20250119T101915Z_20250119T102015Z/RANF_outputs/X_prediction_results.csv
RAJF/FN.RAJF..BHZ__20250119T101917Z__20250119T102017Z.mseed,FN,RAJF,0,0,0,0,2025-01-19 10:19:22.300000,0.619,,,2025-01-19 10:19:17.000000,2025-01-19 10:20:17.000000,eqcct_explosions_th0_1/20250119T101917Z_20250119T102017Z/RAJF_outputs/X_prediction_results.csv
VRF/HE.VRF..HHZ__20250119T101922Z__20250119T102022Z.mseed,HE,VRF,0,0,0,0,2025-01-19 10:19:27.680000,0.661,,,2025-01-19 10:19:22.000000,2025-01-19 10:20:22.000000,eqcct_explosions_th0_1/20250119T101922Z_20250119T102022Z/VRF_outputs/X_prediction_results.csv
OLKF/FN.OLKF..HHE__20250119T101924Z__20250119T102024Z.mseed,FN,OLKF,0,0,0,0,2025-01-19 10:19:30.000000,0.532,2025-01-19 10:20:05.090000,0.214,2025-01-19 10:19:24.000000,2025-01-19 10:20:24.000000,eqcct_explosions_th0_1/20250119T101924Z_20250119T102024Z/OLKF_outputs/X_prediction_results.csv
OBF3/HE.OBF3..HHE__20250119T101925Z__20250119T102025Z.mseed,HE,OBF3,0,0,0,0,2025-01-19 10:19:30.880000,0.596,,,2025-01-19 10:19:25.000000,2025-01-19 10:20:25.000000,eqcct_explosions_th0_1/20250119T101925Z_20250119T102025Z/OBF3_outputs/X_prediction_results.csv
KEV/HE.KEV..HHE__20250119T101925Z__20250119T102025Z.mseed,HE,KEV,0,0,0,0,2025-01-19 10:19:30.100000,0.521,2025-01-19 10:20:04.090000,0.193,2025-01-19 10:19:25.000000,2025-01-19 10:20:25.000000,eqcct_explosions_th0_1/20250119T101925Z_20250119T102025Z/KEV_outputs/X_prediction_results.csv
KU2/HE.KU2..SHE__20250119T101926Z__20250119T102026Z.mseed,HE,KU2,0,0,0,0,2025-01-19 10:19:29.170000,0.278,2025-01-19 10:20:04.730000,0.462,2025-01-19 10:19:26.000000,2025-01-19 10:20:26.000000,eqcct_explosions_th0_1/20250119T101926Z_20250119T102026Z/KU2_outputs/X_prediction_results.csv
KU6/HE.KU6..HHZ__20250119T101929Z__20250119T102029Z.mseed,HE,KU6,0,0,0,0,2025-01-19 10:19:33.090000,0.499,2025-01-19 10:20:10.800000,0.128,2025-01-19 10:19:29.000000,2025-01-19 10:20:29.000000,eqcct_explosions_th0_1/20250119T101929Z_20250119T102029Z/KU6_outputs/X_prediction_results.csv
KU1/HE.KU1..SHN__20250119T101931Z__20250119T102031Z.mseed,HE,KU1,0,0,0,0,2025-01-19 10:19:36.180000,0.59,2025-01-19 10:20:13.650000,0.324,2025-01-19 10:19:31.000000,2025-01-19 10:20:31.000000,eqcct_explosions_th0_1/20250119T101931Z_20250119T102031Z/KU1_outputs/X_prediction_results.csv
KLF/FN.KLF..HHE__20250119T164554Z__20250119T164654Z.mseed,FN,KLF,0,0,0,0,2025-01-19 16:45:59.300000,0.659,2025-01-19 16:46:11.670000,0.281,2025-01-19 16:45:54.000000,2025-01-19 16:46:54.000000,eqcct_explosions_th0_1/20250119T164554Z_20250119T164654Z/KLF_outputs/X_prediction_results.csv
HEF/HE.HEF..HHN__20250119T164604Z__20250119T164704Z.mseed,HE,HEF,0,0,0,0,2025-01-19 16:46:08.830000,0.269,,,2025-01-19 16:46:04.000000,2025-01-19 16:47:04.000000,eqcct_explosions_th0_1/20250119T164604Z_20250119T164704Z/HEF_outputs/X_prediction_results.csv
VRF/HE.VRF..HHN__20250119T164607Z__20250119T164707Z.mseed,HE,VRF,0,0,0,0,2025-01-19 16:46:11.680000,0.856,,,2025-01-19 16:46:07.000000,2025-01-19 16:47:07.000000,eqcct_explosions_th0_1/20250119T164607Z_20250119T164707Z/VRF_outputs/X_prediction_results.csv
KEV/HE.KEV..HHE__20250119T164613Z__20250119T164713Z.mseed,HE,KEV,0,0,0,0,2025-01-19 16:46:17.000000,0.731,,,2025-01-19 16:46:13.000000,2025-01-19 16:47:13.000000,eqcct_explosions_th0_1/20250119T164613Z_20250119T164713Z/KEV_outputs/X_prediction_results.csv
RANF/FN.RANF..BHN__20250119T164614Z__20250119T164714Z.mseed,FN,RANF,0,0,0,0,2025-01-19 16:46:18.810000,0.208,,,2025-01-19 16:46:14.000000,2025-01-19 16:47:14.000000,eqcct_explosions_th0_1/20250119T164614Z_20250119T164714Z/RANF_outputs/X_prediction_results.csv
TOF/HE.TOF..HHZ__20250119T164637Z__20250119T164737Z.mseed,HE,TOF,0,0,0,0,2025-01-19 16:46:42.020000,0.101,,,2025-01-19 16:46:37.000000,2025-01-19 16:47:37.000000,eqcct_explosions_th0_1/20250119T164637Z_20250119T164737Z/TOF_outputs/X_prediction_results.csv
KIF/HE.KIF..HHN__20250119T164641Z__20250119T164741Z.mseed,HE,KIF,0,0,0,0,2025-01-19 16:46:45.810000,0.178,2025-01-19 16:46:46.450000,0.417,2025-01-19 16:46:41.000000,2025-01-19 16:47:41.000000,eqcct_explosions_th0_1/20250119T164641Z_20250119T164741Z/KIF_outputs/X_prediction_results.csv
VRF/HE.VRF..HHN__20250119T200947Z__20250119T201047Z.mseed,HE,VRF,0,0,0,0,2025-01-19 20:09:51.780000,0.848,2025-01-19 20:10:12.270000,0.399,2025-01-19 20:09:47.000000,2025-01-19 20:10:47.000000,eqcct_explosions_th0_1/20250119T200947Z_20250119T201047Z/VRF_outputs/X_prediction_results.csv
RAJF/FN.RAJF..BHE__20250119T200958Z__20250119T201058Z.mseed,FN,RAJF,0,0,0,0,2025-01-19 20:10:02.030000,0.11,,,2025-01-19 20:09:58.000000,2025-01-19 20:10:58.000000,eqcct_explosions_th0_1/20250119T200958Z_20250119T201058Z/RAJF_outputs/X_prediction_results.csv
OLKF/FN.OLKF..BHE__20250119T200958Z__20250119T201058Z.mseed,FN,OLKF,0,0,0,0,2025-01-19 20:10:03.250000,0.496,2025-01-19 20:10:31.080000,0.358,2025-01-19 20:09:58.000000,2025-01-19 20:10:58.000000,eqcct_explosions_th0_1/20250119T200958Z_20250119T201058Z/OLKF_outputs/X_prediction_results.csv
KU6/HE.KU6..HHN__20250119T201028Z__20250119T201128Z.mseed,HE,KU6,0,0,0,0,2025-01-19 20:10:32.240000,0.594,,,2025-01-19 20:10:28.000000,2025-01-19 20:11:28.000000,eqcct_explosions_th0_1/20250119T201028Z_20250119T201128Z/KU6_outputs/X_prediction_results.csv
RAJF/FN.RAJF..BHN__20250120T004234Z__20250120T004334Z.mseed,FN,RAJF,0,0,0,0,2025-01-20 00:42:38.300000,0.705,2025-01-20 00:43:07.990000,0.35,2025-01-20 00:42:34.000000,2025-01-20 00:43:34.000000,eqcct_explosions_th0_1/20250120T004234Z_20250120T004334Z/RAJF_outputs/X_prediction_results.csv
KU6/HE.KU6..HHN__20250120T004234Z__20250120T004334Z.mseed,HE,KU6,0,0,0,0,2025-01-20 00:42:38.770000,0.633,2025-01-20 00:43:10.130000,0.525,2025-01-20 00:42:34.000000,2025-01-20 00:43:34.000000,eqcct_explosions_th0_1/20250120T004234Z_20250120T004334Z/KU6_outputs/X_prediction_results.csv
KU6/HE.KU6..HHN__20250120T004234Z__20250120T004334Z.mseed,HE,KU6,0,0,0,0,2025-01-20 00:43:44.770000,0.142,,,2025-01-20 00:42:34.000000,2025-01-20 00:43:34.000000,eqcct_explosions_th0_1/20250120T004234Z_20250120T004334Z/KU6_outputs/X_prediction_results.csv
OLKF/FN.OLKF..BHN__20250120T004234Z__20250120T004334Z.mseed,FN,OLKF,0,0,0,0,2025-01-20 00:42:38.060000,0.759,2025-01-20 00:43:08.450000,0.39,2025-01-20 00:42:34.000000,2025-01-20 00:43:34.000000,eqcct_explosions_th0_1/20250120T004234Z_20250120T004334Z/OLKF_outputs/X_prediction_results.csv
VRF/HE.VRF..HHN__20250120T004246Z__20250120T004346Z.mseed,HE,VRF,0,0,0,0,2025-01-20 00:42:50.590000,0.257,,,2025-01-20 00:42:46.000000,2025-01-20 00:43:46.000000,eqcct_explosions_th0_1/20250120T004246Z_20250120T004346Z/VRF_outputs/X_prediction_results.csv
KEV/HE.KEV..HHZ__20250120T004326Z__20250120T004426Z.mseed,HE,KEV,0,0,0,0,,,2025-01-20 00:43:40.870000,0.221,2025-01-20 00:43:26.000000,2025-01-20 00:44:26.000000,eqcct_explosions_th0_1/20250120T004326Z_20250120T004426Z/KEV_outputs/X_prediction_results.csv
HEF/HE.HEF..HHN__20250120T004355Z__20250120T004455Z.mseed,HE,HEF,0,0,0,0,2025-01-20 00:43:59.780000,0.129,,,2025-01-20 00:43:55.000000,2025-01-20 00:44:55.000000,eqcct_explosions_th0_1/20250120T004355Z_20250120T004455Z/HEF_outputs/X_prediction_results.csv
KLF/FN.KLF..BHN__20250120T045948Z__20250120T050048Z.mseed,FN,KLF,0,0,0,0,2025-01-20 04:59:52.250000,0.788,,,2025-01-20 04:59:48.000000,2025-01-20 05:00:48.000000,eqcct_explosions_th0_1/20250120T045948Z_20250120T050048Z/KLF_outputs/X_prediction_results.csv
TOF/HE.TOF..HHE__20250120T045958Z__20250120T050058Z.mseed,HE,TOF,0,0,0,0,2025-01-20 05:00:02.860000,0.46,2025-01-20 05:00:27.720000,0.179,2025-01-20 04:59:58.000000,2025-01-20 05:00:58.000000,eqcct_explosions_th0_1/20250120T045958Z_20250120T050058Z/TOF_outputs/X_prediction_results.csv
HEF/HE.HEF..HHZ__20250120T050018Z__20250120T050118Z.mseed,HE,HEF,0,0,0,0,2025-01-20 05:00:22.380000,0.851,,,2025-01-20 05:00:18.000000,2025-01-20 05:01:18.000000,eqcct_explosions_th0_1/20250120T050018Z_20250120T050118Z/HEF_outputs/X_prediction_results.csv
RANF/FN.RANF..BHE__20250120T050048Z__20250120T050148Z.mseed,FN,RANF,0,0,0,0,2025-01-20 05:00:52.160000,0.381,,,2025-01-20 05:00:48.000000,2025-01-20 05:01:48.000000,eqcct_explosions_th0_1/20250120T050048Z_20250120T050148Z/RANF_outputs/X_prediction_results.csv
VRF/HE.VRF..HHE__20250120T065942Z__20250120T070042Z.mseed,HE,VRF,0,0,0,0,2025-01-20 06:59:46.240000,0.92,2025-01-20 07:00:09.440000,0.238,2025-01-20 06:59:42.000000,2025-01-20 07:00:42.000000,eqcct_explosions_th0_1/20250120T065942Z_20250120T070042Z/VRF_outputs/X_prediction_results.csv
OLKF/FN.OLKF..BHE__20250120T065951Z__20250120T070051Z.mseed,FN,OLKF,0,0,0,0,2025-01-20 06:59:55.960000,0.655,2025-01-20 07:00:27.150000,0.414,2025-01-20 06:59:51.000000,2025-01-20 07:00:51.000000,eqcct_explosions_th0_1/20250120T065951Z_20250120T070051Z/OLKF_outputs/X_prediction_results.csv
KU1/HE.KU1..SHZ__20250120T091408Z__20250120T091508Z.mseed,HE,KU1,0,0,0,0,2025-01-20 09:14:13.568000,0.959,2025-01-20 09:14:16.178000,0.835,2025-01-20 09:14:08.000000,2025-01-20 09:15:08.000000,eqcct_explosions_th0_1/20250120T091408Z_20250120T091508Z/KU1_outputs/X_prediction_results.csv
KU2/HE.KU2..SHZ__20250120T091412Z__20250120T091512Z.mseed,HE,KU2,0,0,0,0,2025-01-20 09:14:17.752000,0.957,2025-01-20 09:14:23.412000,0.768,2025-01-20 09:14:12.000000,2025-01-20 09:15:12.000000,eqcct_explosions_th0_1/20250120T091412Z_20250120T091512Z/KU2_outputs/X_prediction_results.csv
KU6/HE.KU6..HHZ__20250120T091416Z__20250120T091516Z.mseed,HE,KU6,0,0,0,0,2025-01-20 09:14:21.290000,0.926,2025-01-20 09:14:31.660000,0.44,2025-01-20 09:14:16.000000,2025-01-20 09:15:16.000000,eqcct_explosions_th0_1/20250120T091416Z_20250120T091516Z/KU6_outputs/X_prediction_results.csv
OLKF/FN.OLKF..HHN__20250120T091420Z__20250120T091520Z.mseed,FN,OLKF,0,0,0,0,2025-01-20 09:14:25.100000,0.934,,,2025-01-20 09:14:20.000000,2025-01-20 09:15:20.000000,eqcct_explosions_th0_1/20250120T091420Z_20250120T091520Z/OLKF_outputs/X_prediction_results.csv
RANF/FN.RANF..BHZ__20250120T091424Z__20250120T091524Z.mseed,FN,RANF,0,0,0,0,2025-01-20 09:14:29.500000,0.914,,,2025-01-20 09:14:24.000000,2025-01-20 09:15:24.000000,eqcct_explosions_th0_1/20250120T091424Z_20250120T091524Z/RANF_outputs/X_prediction_results.csv
RMF/HE.RMF..HHZ__20250120T091429Z__20250120T091529Z.mseed,HE,RMF,0,0,0,0,2025-01-20 09:14:34.168000,0.935,,,2025-01-20 09:14:29.000000,2025-01-20 09:15:29.000000,eqcct_explosions_th0_1/20250120T091429Z_20250120T091529Z/RMF_outputs/X_prediction_results.csv
OBF8/HE.OBF8..HHZ__20250120T100959Z__20250120T101059Z.mseed,HE,OBF8,0,0,0,0,2025-01-20 10:10:04.824000,0.934,2025-01-20 10:10:07.944000,0.721,2025-01-20 10:09:59.000000,2025-01-20 10:10:59.000000,eqcct_explosions_th0_1/20250120T100959Z_20250120T101059Z/OBF8_outputs/X_prediction_results.csv
OBF0/HE.OBF0..HHN__20250120T101003Z__20250120T101103Z.mseed,HE,OBF0,0,0,0,0,2025-01-20 10:10:08.488000,0.947,2025-01-20 10:10:14.158000,0.637,2025-01-20 10:10:03.000000,2025-01-20 10:11:03.000000,eqcct_explosions_th0_1/20250120T101003Z_20250120T101103Z/OBF0_outputs/X_prediction_results.csv
OUF/HE.OUF..HHN__20250120T101004Z__20250120T101104Z.mseed,HE,OUF,0,0,0,0,2025-01-20 10:10:09.980000,0.912,2025-01-20 10:10:16.870000,0.777,2025-01-20 10:10:04.000000,2025-01-20 10:11:04.000000,eqcct_explosions_th0_1/20250120T101004Z_20250120T101104Z/OUF_outputs/X_prediction_results.csv
OBF3/HE.OBF3..HHN__20250120T101010Z__20250120T101110Z.mseed,HE,OBF3,0,0,0,0,2025-01-20 10:10:15.852000,0.742,2025-01-20 10:10:26.542000,0.424,2025-01-20 10:10:10.000000,2025-01-20 10:11:10.000000,eqcct_explosions_th0_1/20250120T101010Z_20250120T101110Z/OBF3_outputs/X_prediction_results.csv
ALAJF/HE.ALAJF..HHN__20250120T101015Z__20250120T101115Z.mseed,HE,ALAJF,0,0,0,0,2025-01-20 10:10:20.940000,0.899,2025-01-20 10:10:35.190000,0.693,2025-01-20 10:10:15.000000,2025-01-20 10:11:15.000000,eqcct_explosions_th0_1/20250120T101015Z_20250120T101115Z/ALAJF_outputs/X_prediction_results.csv
VAF/HE.VAF..HHZ__20250120T101019Z__20250120T101119Z.mseed,HE,VAF,0,0,0,0,2025-01-20 10:10:24.370000,0.741,2025-01-20 10:10:40.550000,0.438,2025-01-20 10:10:19.000000,2025-01-20 10:11:19.000000,eqcct_explosions_th0_1/20250120T101019Z_20250120T101119Z/VAF_outputs/X_prediction_results.csv
SUF/HE.SUF..HHE__20250120T101028Z__20250120T101128Z.mseed,HE,SUF,0,0,0,0,2025-01-20 10:10:33.950000,0.687,2025-01-20 10:10:59.460000,0.216,2025-01-20 10:10:28.000000,2025-01-20 10:11:28.000000,eqcct_explosions_th0_1/20250120T101028Z_20250120T101128Z/SUF_outputs/X_prediction_results.csv
NIF/HE.NIF..HHN__20250120T101057Z__20250120T101157Z.mseed,HE,NIF,0,0,0,0,2025-01-20 10:11:02.170000,0.227,,,2025-01-20 10:10:57.000000,2025-01-20 10:11:57.000000,eqcct_explosions_th0_1/20250120T101057Z_20250120T101157Z/NIF_outputs/X_prediction_results.csv
VAF/HE.VAF..HHN__20250120T103208Z__20250120T103308Z.mseed,HE,VAF,0,0,0,0,2025-01-20 10:32:13.700000,0.941,2025-01-20 10:32:16.560000,0.811,2025-01-20 10:32:08.000000,2025-01-20 10:33:08.000000,eqcct_explosions_th0_1/20250120T103208Z_20250120T103308Z/VAF_outputs/X_prediction_results.csv
ALAJF/HE.ALAJF..HHZ__20250120T103214Z__20250120T103314Z.mseed,HE,ALAJF,0,0,0,0,2025-01-20 10:32:19.294000,0.812,2025-01-20 10:32:27.144000,0.463,2025-01-20 10:32:14.000000,2025-01-20 10:33:14.000000,eqcct_explosions_th0_1/20250120T103214Z_20250120T103314Z/ALAJF_outputs/X_prediction_results.csv
KEF/HE.KEF..HHN__20250120T103227Z__20250120T103327Z.mseed,HE,KEF,0,0,0,0,2025-01-20 10:32:32.670000,0.864,2025-01-20 10:32:49.220000,0.406,2025-01-20 10:32:27.000000,2025-01-20 10:33:27.000000,eqcct_explosions_th0_1/20250120T103227Z_20250120T103327Z/KEF_outputs/X_prediction_results.csv
KPF/HE.KPF..HHE__20250120T103228Z__20250120T103328Z.mseed,HE,KPF,0,0,0,0,2025-01-20 10:32:33.884000,0.904,2025-01-20 10:32:36.584000,0.762,2025-01-20 10:32:28.000000,2025-01-20 10:33:28.000000,eqcct_explosions_th0_1/20250120T103228Z_20250120T103328Z/KPF_outputs/X_prediction_results.csv
SUF/HE.SUF..HHE__20250120T103231Z__20250120T103331Z.mseed,HE,SUF,0,0,0,0,2025-01-20 10:32:36.792000,0.728,2025-01-20 10:32:37.582000,0.103,2025-01-20 10:32:31.000000,2025-01-20 10:33:31.000000,eqcct_explosions_th0_1/20250120T103231Z_20250120T103331Z/SUF_outputs/X_prediction_results.csv
TRE03/HE.TRE03..CHN__20250120T103232Z__20250120T103332Z.mseed,HE,TRE03,0,0,0,0,2025-01-20 10:32:36.712000,0.613,,,2025-01-20 10:32:32.000000,2025-01-20 10:33:32.000000,eqcct_explosions_th0_1/20250120T103232Z_20250120T103332Z/TRE03_outputs/X_prediction_results.csv
OUF/HE.OUF..HHN__20250120T103234Z__20250120T103334Z.mseed,HE,OUF,0,0,0,0,2025-01-20 10:32:40.020000,0.47,2025-01-20 10:33:00.360000,0.252,2025-01-20 10:32:34.000000,2025-01-20 10:33:34.000000,eqcct_explosions_th0_1/20250120T103234Z_20250120T103334Z/OUF_outputs/X_prediction_results.csv
OBF0/HE.OBF0..HHN__20250120T103234Z__20250120T103334Z.mseed,HE,OBF0,0,0,0,0,2025-01-20 10:32:40.650000,0.357,,,2025-01-20 10:32:34.000000,2025-01-20 10:33:34.000000,eqcct_explosions_th0_1/20250120T103234Z_20250120T103334Z/OBF0_outputs/X_prediction_results.csv
KAF/HE.KAF..HHE__20250120T103237Z__20250120T103337Z.mseed,HE,KAF,0,0,0,0,2025-01-20 10:32:42.140000,0.865,2025-01-20 10:33:06.510000,0.437,2025-01-20 10:32:37.000000,2025-01-20 10:33:37.000000,eqcct_explosions_th0_1/20250120T103237Z_20250120T103337Z/KAF_outputs/X_prediction_results.csv
NIF/HE.NIF..HHN__20250120T113655Z__20250120T113755Z.mseed,HE,NIF,0,0,0,0,2025-01-20 11:37:00.240000,0.825,,,2025-01-20 11:36:55.000000,2025-01-20 11:37:55.000000,eqcct_explosions_th0_1/20250120T113655Z_20250120T113755Z/NIF_outputs/X_prediction_results.csv
SUF/HE.SUF..HHE__20250120T113706Z__20250120T113806Z.mseed,HE,SUF,0,0,0,0,2025-01-20 11:37:11.380000,0.949,2025-01-20 11:37:23.480000,0.475,2025-01-20 11:37:06.000000,2025-01-20 11:38:06.000000,eqcct_explosions_th0_1/20250120T113706Z_20250120T113806Z/SUF_outputs/X_prediction_results.csv
KAF/HE.KAF..HHN__20250120T113713Z__20250120T113813Z.mseed,HE,KAF,0,0,0,0,2025-01-20 11:37:18.280000,0.892,,,2025-01-20 11:37:13.000000,2025-01-20 11:38:13.000000,eqcct_explosions_th0_1/20250120T113713Z_20250120T113813Z/KAF_outputs/X_prediction_results.csv
RMF/HE.RMF..HHN__20250120T113717Z__20250120T113817Z.mseed,HE,RMF,0,0,0,0,2025-01-20 11:37:22.280000,0.885,2025-01-20 11:37:42.030000,0.181,2025-01-20 11:37:17.000000,2025-01-20 11:38:17.000000,eqcct_explosions_th0_1/20250120T113717Z_20250120T113817Z/RMF_outputs/X_prediction_results.csv
JOF/HE.JOF..HHZ__20250120T113720Z__20250120T113820Z.mseed,HE,JOF,0,0,0,0,2025-01-20 11:37:25.480000,0.915,,,2025-01-20 11:37:20.000000,2025-01-20 11:38:20.000000,eqcct_explosions_th0_1/20250120T113720Z_20250120T113820Z/JOF_outputs/X_prediction_results.csv
OUF/HE.OUF..HHN__20250120T113723Z__20250120T113823Z.mseed,HE,OUF,0,0,0,0,2025-01-20 11:37:28.580000,0.789,,,2025-01-20 11:37:23.000000,2025-01-20 11:38:23.000000,eqcct_explosions_th0_1/20250120T113723Z_20250120T113823Z/OUF_outputs/X_prediction_results.csv
OBF0/HE.OBF0..SHZ__20250120T113728Z__20250120T113828Z.mseed,HE,OBF0,0,0,0,0,2025-01-20 11:37:33.350000,0.581,2025-01-20 11:38:01.660000,0.269,2025-01-20 11:37:28.000000,2025-01-20 11:38:28.000000,eqcct_explosions_th0_1/20250120T113728Z_20250120T113828Z/OBF0_outputs/X_prediction_results.csv
OBF3/HE.OBF3..HHE__20250120T113729Z__20250120T113829Z.mseed,HE,OBF3,0,0,0,0,2025-01-20 11:37:34.480000,0.653,2025-01-20 11:38:02.770000,0.13,2025-01-20 11:37:29.000000,2025-01-20 11:38:29.000000,eqcct_explosions_th0_1/20250120T113729Z_20250120T113829Z/OBF3_outputs/X_prediction_results.csv
OBF8/HE.OBF8..HHN__20250120T113730Z__20250120T113830Z.mseed,HE,OBF8,0,0,0,0,2025-01-20 11:37:35.980000,0.582,,,2025-01-20 11:37:30.000000,2025-01-20 11:38:30.000000,eqcct_explosions_th0_1/20250120T113730Z_20250120T113830Z/OBF8_outputs/X_prediction_results.csv
TRE03/HE.TRE03..CHZ__20250120T113731Z__20250120T113831Z.mseed,HE,TRE03,0,0,0,0,2025-01-20 11:37:36.450000,0.726,,,2025-01-20 11:37:31.000000,2025-01-20 11:38:31.000000,eqcct_explosions_th0_1/20250120T113731Z_20250120T113831Z/TRE03_outputs/X_prediction_results.csv
VAF/HE.VAF..HHN__20250120T113732Z__20250120T113832Z.mseed,HE,VAF,0,0,0,0,2025-01-20 11:37:37.050000,0.526,2025-01-20 11:38:07.560000,0.283,2025-01-20 11:37:32.000000,2025-01-20 11:38:32.000000,eqcct_explosions_th0_1/20250120T113732Z_20250120T113832Z/VAF_outputs/X_prediction_results.csv
KU2/HE.KU2..SHN__20250120T113735Z__20250120T113835Z.mseed,HE,KU2,0,0,0,0,2025-01-20 11:37:39.980000,0.692,,,2025-01-20 11:37:35.000000,2025-01-20 11:38:35.000000,eqcct_explosions_th0_1/20250120T113735Z_20250120T113835Z/KU2_outputs/X_prediction_results.csv
KU1/HE.KU1..SHN__20250120T113735Z__20250120T113835Z.mseed,HE,KU1,0,0,0,0,2025-01-20 11:37:39.380000,0.692,,,2025-01-20 11:37:35.000000,2025-01-20 11:38:35.000000,eqcct_explosions_th0_1/20250120T113735Z_20250120T113835Z/KU1_outputs/X_prediction_results.csv
RANF/FN.RANF..BHZ__20250120T113742Z__20250120T113842Z.mseed,FN,RANF,0,0,0,0,2025-01-20 11:37:46.160000,0.38,,,2025-01-20 11:37:42.000000,2025-01-20 11:38:42.000000,eqcct_explosions_th0_1/20250120T113742Z_20250120T113842Z/RANF_outputs/X_prediction_results.csv
KPF/HE.KPF..HHZ__20250120T113742Z__20250120T113842Z.mseed,HE,KPF,0,0,0,0,2025-01-20 11:37:46.180000,0.886,2025-01-20 11:38:24.100000,0.183,2025-01-20 11:37:42.000000,2025-01-20 11:38:42.000000,eqcct_explosions_th0_1/20250120T113742Z_20250120T113842Z/KPF_outputs/X_prediction_results.csv
KEF/HE.KEF..HHN__20250120T113743Z__20250120T113843Z.mseed,HE,KEF,0,0,0,0,2025-01-20 11:37:48.930000,0.215,,,2025-01-20 11:37:43.000000,2025-01-20 11:38:43.000000,eqcct_explosions_th0_1/20250120T113743Z_20250120T113843Z/KEF_outputs/X_prediction_results.csv
KU6/HE.KU6..HHZ__20250120T113743Z__20250120T113843Z.mseed,HE,KU6,0,0,0,0,2025-01-20 11:37:47.090000,0.361,,,2025-01-20 11:37:43.000000,2025-01-20 11:38:43.000000,eqcct_explosions_th0_1/20250120T113743Z_20250120T113843Z/KU6_outputs/X_prediction_results.csv
MEF/HE.MEF..HHE__20250120T113752Z__20250120T113852Z.mseed,HE,MEF,0,0,0,0,2025-01-20 11:37:57.320000,0.964,2025-01-20 11:37:59.520000,0.682,2025-01-20 11:37:52.000000,2025-01-20 11:38:52.000000,eqcct_explosions_th0_1/20250120T113752Z_20250120T113852Z/MEF_outputs/X_prediction_results.csv
HEL5/HE.HEL5..HHZ__20250120T113755Z__20250120T113855Z.mseed,HE,HEL5,0,0,0,0,2025-01-20 11:38:00.664000,0.82,2025-01-20 11:38:05.454000,0.453,2025-01-20 11:37:55.000000,2025-01-20 11:38:55.000000,eqcct_explosions_th0_1/20250120T113755Z_20250120T113855Z/HEL5_outputs/X_prediction_results.csv
NUR/HE.NUR..HHZ__20250120T113756Z__20250120T113856Z.mseed,HE,NUR,0,0,0,0,2025-01-20 11:38:01.860000,0.927,2025-01-20 11:38:07.360000,0.346,2025-01-20 11:37:56.000000,2025-01-20 11:38:56.000000,eqcct_explosions_th0_1/20250120T113756Z_20250120T113856Z/NUR_outputs/X_prediction_results.csv
LAUT/HE.LAUT..HHZ__20250120T113756Z__20250120T113856Z.mseed,HE,LAUT,0,0,0,0,2025-01-20 11:38:01.396000,0.847,2025-01-20 11:38:06.996000,0.59,2025-01-20 11:37:56.000000,2025-01-20 11:38:56.000000,eqcct_explosions_th0_1/20250120T113756Z_20250120T113856Z/LAUT_outputs/X_prediction_results.csv
HEL1/HE.HEL1..HHZ__20250120T113756Z__20250120T113856Z.mseed,HE,HEL1,0,0,0,0,2025-01-20 11:38:01.552000,0.883,2025-01-20 11:38:07.122000,0.62,2025-01-20 11:37:56.000000,2025-01-20 11:38:56.000000,eqcct_explosions_th0_1/20250120T113756Z_20250120T113856Z/HEL1_outputs/X_prediction_results.csv
RSUO/HE.RSUO..HHZ__20250120T113757Z__20250120T113857Z.mseed,HE,RSUO,0,0,0,0,2025-01-20 11:38:02.190000,0.729,2025-01-20 11:38:07.460000,0.217,2025-01-20 11:37:57.000000,2025-01-20 11:38:57.000000,eqcct_explosions_th0_1/20250120T113757Z_20250120T113857Z/RSUO_outputs/X_prediction_results.csv
KUNI/HE.KUNI..HHE__20250120T113757Z__20250120T113857Z.mseed,HE,KUNI,0,0,0,0,2025-01-20 11:38:02.072000,0.934,2025-01-20 11:38:07.642000,0.353,2025-01-20 11:37:57.000000,2025-01-20 11:38:57.000000,eqcct_explosions_th0_1/20250120T113757Z_20250120T113857Z/KUNI_outputs/X_prediction_results.csv
VUOS/HE.VUOS..HHE__20250120T113759Z__20250120T113859Z.mseed,HE,VUOS,0,0,0,0,2025-01-20 11:38:04.356000,0.805,2025-01-20 11:38:11.276000,0.252,2025-01-20 11:37:59.000000,2025-01-20 11:38:59.000000,eqcct_explosions_th0_1/20250120T113759Z_20250120T113859Z/VUOS_outputs/X_prediction_results.csv
KLF/FN.KLF..BHN__20250120T113800Z__20250120T113900Z.mseed,FN,KLF,0,0,0,0,2025-01-20 11:38:04.900000,0.641,2025-01-20 11:38:12.600000,0.493,2025-01-20 11:38:00.000000,2025-01-20 11:39:00.000000,eqcct_explosions_th0_1/20250120T113800Z_20250120T113900Z/KLF_outputs/X_prediction_results.csv
PVF/HE.PVF..CHZ__20250120T113807Z__20250120T113907Z.mseed,HE,PVF,0,0,0,0,2025-01-20 11:38:12.020000,0.675,,,2025-01-20 11:38:07.000000,2025-01-20 11:39:07.000000,eqcct_explosions_th0_1/20250120T113807Z_20250120T113907Z/PVF_outputs/X_prediction_results.csv
HEF/HE.HEF..HHZ__20250120T113812Z__20250120T113912Z.mseed,HE,HEF,0,0,0,0,2025-01-20 11:38:16.960000,0.583,,,2025-01-20 11:38:12.000000,2025-01-20 11:39:12.000000,eqcct_explosions_th0_1/20250120T113812Z_20250120T113912Z/HEF_outputs/X_prediction_results.csv
RAF/HE.RAF..HHE__20250120T113833Z__20250120T113933Z.mseed,HE,RAF,0,0,0,0,2025-01-20 11:38:37.970000,0.479,2025-01-20 11:38:44.630000,0.338,2025-01-20 11:38:33.000000,2025-01-20 11:39:33.000000,eqcct_explosions_th0_1/20250120T113833Z_20250120T113933Z/RAF_outputs/X_prediction_results.csv
TOF/HE.TOF..HHZ__20250120T115322Z__20250120T115422Z.mseed,HE,TOF,0,0,0,0,2025-01-20 11:53:26.770000,0.652,,,2025-01-20 11:53:22.000000,2025-01-20 11:54:22.000000,eqcct_explosions_th0_1/20250120T115322Z_20250120T115422Z/TOF_outputs/X_prediction_results.csv
HEF/HE.HEF..HHN__20250120T115343Z__20250120T115443Z.mseed,HE,HEF,0,0,0,0,2025-01-20 11:53:47.850000,0.384,,,2025-01-20 11:53:43.000000,2025-01-20 11:54:43.000000,eqcct_explosions_th0_1/20250120T115343Z_20250120T115443Z/HEF_outputs/X_prediction_results.csv
VRF/HE.VRF..HHE__20250120T120524Z__20250120T120624Z.mseed,HE,VRF,0,0,0,0,2025-01-20 12:05:28.080000,0.849,2025-01-20 12:05:49.000000,0.439,2025-01-20 12:05:24.000000,2025-01-20 12:06:24.000000,eqcct_explosions_th0_1/20250120T120524Z_20250120T120624Z/VRF_outputs/X_prediction_results.csv
OLKF/FN.OLKF..HHZ__20250120T120534Z__20250120T120634Z.mseed,FN,OLKF,0,0,0,0,2025-01-20 12:05:38.600000,0.659,2025-01-20 12:06:07.590000,0.533,2025-01-20 12:05:34.000000,2025-01-20 12:06:34.000000,eqcct_explosions_th0_1/20250120T120534Z_20250120T120634Z/OLKF_outputs/X_prediction_results.csv
KU6/HE.KU6..HHN__20250120T120535Z__20250120T120635Z.mseed,HE,KU6,0,0,0,0,2025-01-20 12:05:39.620000,0.832,2025-01-20 12:06:09.620000,0.526,2025-01-20 12:05:35.000000,2025-01-20 12:06:35.000000,eqcct_explosions_th0_1/20250120T120535Z_20250120T120635Z/KU6_outputs/X_prediction_results.csv
KU1/HE.KU1..SHE__20250120T120544Z__20250120T120644Z.mseed,HE,KU1,0,0,0,0,,,2025-01-20 12:06:22.240000,0.101,2025-01-20 12:05:44.000000,2025-01-20 12:06:44.000000,eqcct_explosions_th0_1/20250120T120544Z_20250120T120644Z/KU1_outputs/X_prediction_results.csv
KEV/HE.KEV..HHE__20250120T120547Z__20250120T120647Z.mseed,HE,KEV,0,0,0,0,2025-01-20 12:05:52.860000,0.581,,,2025-01-20 12:05:47.000000,2025-01-20 12:06:47.000000,eqcct_explosions_th0_1/20250120T120547Z_20250120T120647Z/KEV_outputs/X_prediction_results.csv
RANF/FN.RANF..HHN__20250120T120551Z__20250120T120651Z.mseed,FN,RANF,0,0,0,0,2025-01-20 12:05:55.600000,0.781,2025-01-20 12:06:37.600000,0.277,2025-01-20 12:05:51.000000,2025-01-20 12:06:51.000000,eqcct_explosions_th0_1/20250120T120551Z_20250120T120651Z/RANF_outputs/X_prediction_results.csv
RAF/HE.RAF..HHE__20250120T123527Z__20250120T123627Z.mseed,HE,RAF,0,0,0,0,2025-01-20 12:35:32.350000,0.908,2025-01-20 12:35:36.020000,0.601,2025-01-20 12:35:27.000000,2025-01-20 12:36:27.000000,eqcct_explosions_th0_1/20250120T123527Z_20250120T123627Z/RAF_outputs/X_prediction_results.csv
KORF/HE.KORF..CHN__20250120T123535Z__20250120T123635Z.mseed,HE,KORF,0,0,0,0,2025-01-20 12:35:40.300000,0.916,2025-01-20 12:35:50.620000,0.431,2025-01-20 12:35:35.000000,2025-01-20 12:36:35.000000,eqcct_explosions_th0_1/20250120T123535Z_20250120T123635Z/KORF_outputs/X_prediction_results.csv
AAL/UP.AAL..HHE__20250120T123540Z__20250120T123640Z.mseed,UP,AAL,0,0,0,0,2025-01-20 12:35:45.540000,0.903,2025-01-20 12:35:59.030000,0.345,2025-01-20 12:35:40.000000,2025-01-20 12:36:40.000000,eqcct_explosions_th0_1/20250120T123540Z_20250120T123640Z/AAL_outputs/X_prediction_results.csv
ECKF/HE.ECKF..CHZ__20250120T123542Z__20250120T123642Z.mseed,HE,ECKF,0,0,0,0,2025-01-20 12:35:47.864000,0.82,2025-01-20 12:36:03.834000,0.346,2025-01-20 12:35:42.000000,2025-01-20 12:36:42.000000,eqcct_explosions_th0_1/20250120T123542Z_20250120T123642Z/ECKF_outputs/X_prediction_results.csv
KPF/HE.KPF..HHE__20250120T123542Z__20250120T123642Z.mseed,HE,KPF,0,0,0,0,2025-01-20 12:35:47.292000,0.893,2025-01-20 12:35:57.042000,0.325,2025-01-20 12:35:42.000000,2025-01-20 12:36:42.000000,eqcct_explosions_th0_1/20250120T123542Z_20250120T123642Z/KPF_outputs/X_prediction_results.csv
TVF/HE.TVF..HHE__20250120T123546Z__20250120T123646Z.mseed,HE,TVF,0,0,0,0,2025-01-20 12:35:51.624000,0.83,2025-01-20 12:36:08.034000,0.374,2025-01-20 12:35:46.000000,2025-01-20 12:36:46.000000,eqcct_explosions_th0_1/20250120T123546Z_20250120T123646Z/TVF_outputs/X_prediction_results.csv
TRE03/HE.TRE03..CHZ__20250120T123550Z__20250120T123650Z.mseed,HE,TRE03,0,0,0,0,2025-01-20 12:35:55.440000,0.842,,,2025-01-20 12:35:50.000000,2025-01-20 12:36:50.000000,eqcct_explosions_th0_1/20250120T123550Z_20250120T123650Z/TRE03_outputs/X_prediction_results.csv
MEF/HE.MEF..HHZ__20250120T123610Z__20250120T123710Z.mseed,HE,MEF,0,0,0,0,2025-01-20 12:36:14.570000,0.762,2025-01-20 12:36:20.700000,0.375,2025-01-20 12:36:10.000000,2025-01-20 12:37:10.000000,eqcct_explosions_th0_1/20250120T123610Z_20250120T123710Z/MEF_outputs/X_prediction_results.csv
NUR/HE.NUR..HHZ__20250120T123611Z__20250120T123711Z.mseed,HE,NUR,0,0,0,0,2025-01-20 12:36:15.780000,0.415,2025-01-20 12:36:21.480000,0.298,2025-01-20 12:36:11.000000,2025-01-20 12:37:11.000000,eqcct_explosions_th0_1/20250120T123611Z_20250120T123711Z/NUR_outputs/X_prediction_results.csv
HEL5/HE.HEL5..HHZ__20250120T123616Z__20250120T123716Z.mseed,HE,HEL5,0,0,0,0,2025-01-20 12:36:21.816000,0.118,,,2025-01-20 12:36:16.000000,2025-01-20 12:37:16.000000,eqcct_explosions_th0_1/20250120T123616Z_20250120T123716Z/HEL5_outputs/X_prediction_results.csv
KORF/HE.KORF..CHN__20250120T135154Z__20250120T135254Z.mseed,HE,KORF,0,0,0,0,2025-01-20 13:51:59.672000,0.924,2025-01-20 13:52:07.342000,0.607,2025-01-20 13:51:54.000000,2025-01-20 13:52:54.000000,eqcct_explosions_th0_1/20250120T135154Z_20250120T135254Z/KORF_outputs/X_prediction_results.csv
RAF/HE.RAF..HHN__20250120T135155Z__20250120T135255Z.mseed,HE,RAF,0,0,0,0,2025-01-20 13:52:00.550000,0.922,2025-01-20 13:52:09.450000,0.646,2025-01-20 13:51:55.000000,2025-01-20 13:52:55.000000,eqcct_explosions_th0_1/20250120T135155Z_20250120T135255Z/RAF_outputs/X_prediction_results.csv
TVF/HE.TVF..HHE__20250120T135157Z__20250120T135257Z.mseed,HE,TVF,0,0,0,0,2025-01-20 13:52:02.424000,0.392,,,2025-01-20 13:51:57.000000,2025-01-20 13:52:57.000000,eqcct_explosions_th0_1/20250120T135157Z_20250120T135257Z/TVF_outputs/X_prediction_results.csv
MEF/HE.MEF..HHZ__20250120T135202Z__20250120T135302Z.mseed,HE,MEF,0,0,0,0,2025-01-20 13:52:07.570000,0.322,,,2025-01-20 13:52:02.000000,2025-01-20 13:53:02.000000,eqcct_explosions_th0_1/20250120T135202Z_20250120T135302Z/MEF_outputs/X_prediction_results.csv
KPF/HE.KPF..HHE__20250120T135207Z__20250120T135307Z.mseed,HE,KPF,0,0,0,0,2025-01-20 13:52:11.508000,0.113,,,2025-01-20 13:52:07.000000,2025-01-20 13:53:07.000000,eqcct_explosions_th0_1/20250120T135207Z_20250120T135307Z/KPF_outputs/X_prediction_results.csv
TRE03/HE.TRE03..CHE__20250120T135210Z__20250120T135310Z.mseed,HE,TRE03,0,0,0,0,2025-01-20 13:52:15.536000,0.842,,,2025-01-20 13:52:10.000000,2025-01-20 13:53:10.000000,eqcct_explosions_th0_1/20250120T135210Z_20250120T135310Z/TRE03_outputs/X_prediction_results.csv
ECKF/HE.ECKF..CHZ__20250120T135211Z__20250120T135311Z.mseed,HE,ECKF,0,0,0,0,2025-01-20 13:52:15.328000,0.924,,,2025-01-20 13:52:11.000000,2025-01-20 13:53:11.000000,eqcct_explosions_th0_1/20250120T135211Z_20250120T135311Z/ECKF_outputs/X_prediction_results.csv
PVF/HE.PVF..CHZ__20250120T135215Z__20250120T135315Z.mseed,HE,PVF,0,0,0,0,2025-01-20 13:52:20.216000,0.809,,,2025-01-20 13:52:15.000000,2025-01-20 13:53:15.000000,eqcct_explosions_th0_1/20250120T135215Z_20250120T135315Z/PVF_outputs/X_prediction_results.csv
NUR/HE.NUR..HHZ__20250120T135218Z__20250120T135318Z.mseed,HE,NUR,0,0,0,0,2025-01-20 13:52:22.166000,0.144,,,2025-01-20 13:52:18.000000,2025-01-20 13:53:18.000000,eqcct_explosions_th0_1/20250120T135218Z_20250120T135318Z/NUR_outputs/X_prediction_results.csv
AAL/UP.AAL..HHN__20250120T135223Z__20250120T135323Z.mseed,UP,AAL,0,0,0,0,2025-01-20 13:52:27.340000,0.292,,,2025-01-20 13:52:23.000000,2025-01-20 13:53:23.000000,eqcct_explosions_th0_1/20250120T135223Z_20250120T135323Z/AAL_outputs/X_prediction_results.csv
LOVF/HE.LOVF..CHE__20250120T135241Z__20250120T135341Z.mseed,HE,LOVF,0,0,0,0,2025-01-20 13:52:45.590000,0.399,2025-01-20 13:52:50.130000,0.232,2025-01-20 13:52:41.000000,2025-01-20 13:53:41.000000,eqcct_explosions_th0_1/20250120T135241Z_20250120T135341Z/LOVF_outputs/X_prediction_results.csv
FIA0/HE.FIA0..HHE__20250120T135244Z__20250120T135344Z.mseed,HE,FIA0,0,0,0,0,2025-01-20 13:52:49.060000,0.392,2025-01-20 13:52:52.680000,0.284,2025-01-20 13:52:44.000000,2025-01-20 13:53:44.000000,eqcct_explosions_th0_1/20250120T135244Z_20250120T135344Z/FIA0_outputs/X_prediction_results.csv
ECKF/HE.ECKF..CHN__20250120T151555Z__20250120T151655Z.mseed,HE,ECKF,0,0,0,0,2025-01-20 15:16:00.750000,0.766,2025-01-20 15:16:21.900000,0.345,2025-01-20 15:15:55.000000,2025-01-20 15:16:55.000000,eqcct_explosions_th0_1/20250120T151555Z_20250120T151655Z/ECKF_outputs/X_prediction_results.csv
AAL/UP.AAL..HHZ__20250120T151559Z__20250120T151659Z.mseed,UP,AAL,0,0,0,0,2025-01-20 15:16:04.720000,0.794,2025-01-20 15:16:29.110000,0.357,2025-01-20 15:15:59.000000,2025-01-20 15:16:59.000000,eqcct_explosions_th0_1/20250120T151559Z_20250120T151659Z/AAL_outputs/X_prediction_results.csv
KORF/HE.KORF..CHN__20250120T151612Z__20250120T151712Z.mseed,HE,KORF,0,0,0,0,2025-01-20 15:16:16.440000,0.759,,,2025-01-20 15:16:12.000000,2025-01-20 15:17:12.000000,eqcct_explosions_th0_1/20250120T151612Z_20250120T151712Z/KORF_outputs/X_prediction_results.csv
RAF/HE.RAF..HHN__20250120T151651Z__20250120T151751Z.mseed,HE,RAF,0,0,0,0,2025-01-20 15:16:56.220000,0.663,,,2025-01-20 15:16:51.000000,2025-01-20 15:17:51.000000,eqcct_explosions_th0_1/20250120T151651Z_20250120T151751Z/RAF_outputs/X_prediction_results.csv
VRF/HE.VRF..HHN__20250120T201052Z__20250120T201152Z.mseed,HE,VRF,0,0,0,0,2025-01-20 20:10:56.980000,0.833,2025-01-20 20:11:18.500000,0.527,2025-01-20 20:10:52.000000,2025-01-20 20:11:52.000000,eqcct_explosions_th0_1/20250120T201052Z_20250120T201152Z/VRF_outputs/X_prediction_results.csv
OLKF/FN.OLKF..HHZ__20250120T201103Z__20250120T201203Z.mseed,FN,OLKF,0,0,0,0,2025-01-20 20:11:07.400000,0.799,2025-01-20 20:11:36.570000,0.393,2025-01-20 20:11:03.000000,2025-01-20 20:12:03.000000,eqcct_explosions_th0_1/20250120T201103Z_20250120T201203Z/OLKF_outputs/X_prediction_results.csv
RAJF/FN.RAJF..BHE__20250120T201103Z__20250120T201203Z.mseed,FN,RAJF,0,0,0,0,2025-01-20 20:11:07.880000,0.21,,,2025-01-20 20:11:03.000000,2025-01-20 20:12:03.000000,eqcct_explosions_th0_1/20250120T201103Z_20250120T201203Z/RAJF_outputs/X_prediction_results.csv
KU6/HE.KU6..HHE__20250120T201103Z__20250120T201203Z.mseed,HE,KU6,0,0,0,0,2025-01-20 20:11:07.600000,0.814,2025-01-20 20:11:38.170000,0.437,2025-01-20 20:11:03.000000,2025-01-20 20:12:03.000000,eqcct_explosions_th0_1/20250120T201103Z_20250120T201203Z/KU6_outputs/X_prediction_results.csv
KEV/HE.KEV..HHZ__20250120T201116Z__20250120T201216Z.mseed,HE,KEV,0,0,0,0,2025-01-20 20:11:20.690000,0.448,,,2025-01-20 20:11:16.000000,2025-01-20 20:12:16.000000,eqcct_explosions_th0_1/20250120T201116Z_20250120T201216Z/KEV_outputs/X_prediction_results.csv
HEF/HE.HEF..HHZ__20250120T201132Z__20250120T201232Z.mseed,HE,HEF,0,0,0,0,2025-01-20 20:11:36.180000,0.729,,,2025-01-20 20:11:32.000000,2025-01-20 20:12:32.000000,eqcct_explosions_th0_1/20250120T201132Z_20250120T201232Z/HEF_outputs/X_prediction_results.csv
KLF/FN.KLF..HHZ__20250120T230545Z__20250120T230645Z.mseed,FN,KLF,0,0,0,0,2025-01-20 23:05:49.000000,0.751,,,2025-01-20 23:05:45.000000,2025-01-20 23:06:45.000000,eqcct_explosions_th0_1/20250120T230545Z_20250120T230645Z/KLF_outputs/X_prediction_results.csv
HEF/HE.HEF..HHZ__20250120T230552Z__20250120T230652Z.mseed,HE,HEF,0,0,0,0,2025-01-20 23:05:56.120000,0.897,,,2025-01-20 23:05:52.000000,2025-01-20 23:06:52.000000,eqcct_explosions_th0_1/20250120T230552Z_20250120T230652Z/HEF_outputs/X_prediction_results.csv
KIF/HE.KIF..HHN__20250120T230554Z__20250120T230654Z.mseed,HE,KIF,0,0,0,0,2025-01-20 23:05:59.860000,0.719,,,2025-01-20 23:05:54.000000,2025-01-20 23:06:54.000000,eqcct_explosions_th0_1/20250120T230554Z_20250120T230654Z/KIF_outputs/X_prediction_results.csv
TOF/HE.TOF..HHN__20250120T230555Z__20250120T230655Z.mseed,HE,TOF,0,0,0,0,2025-01-20 23:05:59.080000,0.886,2025-01-20 23:06:24.310000,0.264,2025-01-20 23:05:55.000000,2025-01-20 23:06:55.000000,eqcct_explosions_th0_1/20250120T230555Z_20250120T230655Z/TOF_outputs/X_prediction_results.csv
RAJF/FN.RAJF..BHZ__20250121T102039Z__20250121T102139Z.mseed,FN,RAJF,0,0,0,0,2025-01-21 10:20:45.950000,0.63,2025-01-21 10:21:16.120000,0.643,2025-01-21 10:20:39.000000,2025-01-21 10:21:39.000000,eqcct_explosions_th0_1/20250121T102039Z_20250121T102139Z/RAJF_outputs/X_prediction_results.csv
OLKF/FN.OLKF..HHN__20250121T102040Z__20250121T102140Z.mseed,FN,OLKF,0,0,0,0,2025-01-21 10:20:44.600000,0.517,2025-01-21 10:21:15.310000,0.559,2025-01-21 10:20:40.000000,2025-01-21 10:21:40.000000,eqcct_explosions_th0_1/20250121T102040Z_20250121T102140Z/OLKF_outputs/X_prediction_results.csv
KU6/HE.KU6..HHN__20250121T102041Z__20250121T102141Z.mseed,HE,KU6,0,0,0,0,2025-01-21 10:20:45.560000,0.788,2025-01-21 10:21:18.230000,0.295,2025-01-21 10:20:41.000000,2025-01-21 10:21:41.000000,eqcct_explosions_th0_1/20250121T102041Z_20250121T102141Z/KU6_outputs/X_prediction_results.csv
KU1/HE.KU1..SHZ__20250121T102047Z__20250121T102147Z.mseed,HE,KU1,0,0,0,0,2025-01-21 10:20:51.080000,0.43,,,2025-01-21 10:20:47.000000,2025-01-21 10:21:47.000000,eqcct_explosions_th0_1/20250121T102047Z_20250121T102147Z/KU1_outputs/X_prediction_results.csv
KU2/HE.KU2..SHN__20250121T102051Z__20250121T102151Z.mseed,HE,KU2,0,0,0,0,2025-01-21 10:20:55.820000,0.881,,,2025-01-21 10:20:51.000000,2025-01-21 10:21:51.000000,eqcct_explosions_th0_1/20250121T102051Z_20250121T102151Z/KU2_outputs/X_prediction_results.csv
KEV/HE.KEV..HHZ__20250121T102054Z__20250121T102154Z.mseed,HE,KEV,0,0,0,0,2025-01-21 10:20:59.250000,0.598,2025-01-21 10:21:38.870000,0.603,2025-01-21 10:20:54.000000,2025-01-21 10:21:54.000000,eqcct_explosions_th0_1/20250121T102054Z_20250121T102154Z/KEV_outputs/X_prediction_results.csv
RANF/FN.RANF..BHE__20250121T102058Z__20250121T102158Z.mseed,FN,RANF,0,0,0,0,2025-01-21 10:21:02.900000,0.167,,,2025-01-21 10:20:58.000000,2025-01-21 10:21:58.000000,eqcct_explosions_th0_1/20250121T102058Z_20250121T102158Z/RANF_outputs/X_prediction_results.csv
RMF/HE.RMF..HHN__20250121T102100Z__20250121T102200Z.mseed,HE,RMF,0,0,0,0,2025-01-21 10:21:04.880000,0.536,2025-01-21 10:21:06.450000,0.491,2025-01-21 10:21:00.000000,2025-01-21 10:22:00.000000,eqcct_explosions_th0_1/20250121T102100Z_20250121T102200Z/RMF_outputs/X_prediction_results.csv
HEF/HE.HEF..HHZ__20250121T102103Z__20250121T102203Z.mseed,HE,HEF,0,0,0,0,2025-01-21 10:21:07.480000,0.781,2025-01-21 10:21:54.670000,0.415,2025-01-21 10:21:03.000000,2025-01-21 10:22:03.000000,eqcct_explosions_th0_1/20250121T102103Z_20250121T102203Z/HEF_outputs/X_prediction_results.csv
KEF/HE.KEF..HHN__20250121T112043Z__20250121T112143Z.mseed,HE,KEF,0,0,0,0,2025-01-21 11:20:48.420000,0.915,2025-01-21 11:20:53.290000,0.329,2025-01-21 11:20:43.000000,2025-01-21 11:21:43.000000,eqcct_explosions_th0_1/20250121T112043Z_20250121T112143Z/KEF_outputs/X_prediction_results.csv
KAF/HE.KAF..HHN__20250121T112046Z__20250121T112146Z.mseed,HE,KAF,0,0,0,0,2025-01-21 11:20:51.810000,0.93,2025-01-21 11:20:59.480000,0.348,2025-01-21 11:20:46.000000,2025-01-21 11:21:46.000000,eqcct_explosions_th0_1/20250121T112046Z_20250121T112146Z/KAF_outputs/X_prediction_results.csv
TRE03/HE.TRE03..CHN__20250121T112048Z__20250121T112148Z.mseed,HE,TRE03,0,0,0,0,2025-01-21 11:20:53.420000,0.541,,,2025-01-21 11:20:48.000000,2025-01-21 11:21:48.000000,eqcct_explosions_th0_1/20250121T112048Z_20250121T112148Z/TRE03_outputs/X_prediction_results.csv
FIA0/HE.FIA0..HHZ__20250121T112048Z__20250121T112148Z.mseed,HE,FIA0,0,0,0,0,2025-01-21 11:20:53.840000,0.868,,,2025-01-21 11:20:48.000000,2025-01-21 11:21:48.000000,eqcct_explosions_th0_1/20250121T112048Z_20250121T112148Z/FIA0_outputs/X_prediction_results.csv
FIA1/HE.FIA1..HHE__20250121T112048Z__20250121T112148Z.mseed,HE,FIA1,0,0,0,0,2025-01-21 11:20:53.740000,0.711,2025-01-21 11:21:02.260000,0.188,2025-01-21 11:20:48.000000,2025-01-21 11:21:48.000000,eqcct_explosions_th0_1/20250121T112048Z_20250121T112148Z/FIA1_outputs/X_prediction_results.csv
SUF/HE.SUF..HHN__20250121T112054Z__20250121T112154Z.mseed,HE,SUF,0,0,0,0,2025-01-21 11:20:59.296000,0.896,2025-01-21 11:21:12.216000,0.226,2025-01-21 11:20:54.000000,2025-01-21 11:21:54.000000,eqcct_explosions_th0_1/20250121T112054Z_20250121T112154Z/SUF_outputs/X_prediction_results.csv
ALAJF/HE.ALAJF..HHE__20250121T112102Z__20250121T112202Z.mseed,HE,ALAJF,0,0,0,0,2025-01-21 11:21:07.396000,0.933,2025-01-21 11:21:25.706000,0.258,2025-01-21 11:21:02.000000,2025-01-21 11:22:02.000000,eqcct_explosions_th0_1/20250121T112102Z_20250121T112202Z/ALAJF_outputs/X_prediction_results.csv
PVF/HE.PVF..CHE__20250121T112103Z__20250121T112203Z.mseed,HE,PVF,0,0,0,0,2025-01-21 11:21:08.644000,0.695,,,2025-01-21 11:21:03.000000,2025-01-21 11:22:03.000000,eqcct_explosions_th0_1/20250121T112103Z_20250121T112203Z/PVF_outputs/X_prediction_results.csv
KPF/HE.KPF..HHN__20250121T112106Z__20250121T112206Z.mseed,HE,KPF,0,0,0,0,2025-01-21 11:21:10.148000,0.911,,,2025-01-21 11:21:06.000000,2025-01-21 11:22:06.000000,eqcct_explosions_th0_1/20250121T112106Z_20250121T112206Z/KPF_outputs/X_prediction_results.csv
VAF/HE.VAF..HHN__20250121T112107Z__20250121T112207Z.mseed,HE,VAF,0,0,0,0,2025-01-21 11:21:12.990000,0.876,2025-01-21 11:21:35.220000,0.263,2025-01-21 11:21:07.000000,2025-01-21 11:22:07.000000,eqcct_explosions_th0_1/20250121T112107Z_20250121T112207Z/VAF_outputs/X_prediction_results.csv
NIF/HE.NIF..HHE__20250121T112111Z__20250121T112211Z.mseed,HE,NIF,0,0,0,0,2025-01-21 11:21:16.408000,0.742,,,2025-01-21 11:21:11.000000,2025-01-21 11:22:11.000000,eqcct_explosions_th0_1/20250121T112111Z_20250121T112211Z/NIF_outputs/X_prediction_results.csv
VJF/HE.VJF..HHZ__20250121T112131Z__20250121T112231Z.mseed,HE,VJF,0,0,0,0,2025-01-21 11:21:36.832000,0.354,,,2025-01-21 11:21:31.000000,2025-01-21 11:22:31.000000,eqcct_explosions_th0_1/20250121T112131Z_20250121T112231Z/VJF_outputs/X_prediction_results.csv
RAF/HE.RAF..HHE__20250121T112136Z__20250121T112236Z.mseed,HE,RAF,0,0,0,0,2025-01-21 11:21:40.650000,0.218,,,2025-01-21 11:21:36.000000,2025-01-21 11:22:36.000000,eqcct_explosions_th0_1/20250121T112136Z_20250121T112236Z/RAF_outputs/X_prediction_results.csv
RAF/HE.RAF..HHE__20250121T121408Z__20250121T121508Z.mseed,HE,RAF,0,0,0,0,2025-01-21 12:14:13.120000,0.845,2025-01-21 12:14:20.440000,0.671,2025-01-21 12:14:08.000000,2025-01-21 12:15:08.000000,eqcct_explosions_th0_1/20250121T121408Z_20250121T121508Z/RAF_outputs/X_prediction_results.csv
KORF/HE.KORF..CHZ__20250121T121414Z__20250121T121514Z.mseed,HE,KORF,0,0,0,0,2025-01-21 12:14:19.840000,0.848,,,2025-01-21 12:14:14.000000,2025-01-21 12:15:14.000000,eqcct_explosions_th0_1/20250121T121414Z_20250121T121514Z/KORF_outputs/X_prediction_results.csv
TRE03/HE.TRE03..CHE__20250121T121419Z__20250121T121519Z.mseed,HE,TRE03,0,0,0,0,2025-01-21 12:14:24.968000,0.866,,,2025-01-21 12:14:19.000000,2025-01-21 12:15:19.000000,eqcct_explosions_th0_1/20250121T121419Z_20250121T121519Z/TRE03_outputs/X_prediction_results.csv
KPF/HE.KPF..HHE__20250121T121419Z__20250121T121519Z.mseed,HE,KPF,0,0,0,0,2025-01-21 12:14:24.804000,0.917,,,2025-01-21 12:14:19.000000,2025-01-21 12:15:19.000000,eqcct_explosions_th0_1/20250121T121419Z_20250121T121519Z/KPF_outputs/X_prediction_results.csv
AAL/UP.AAL..HHZ__20250121T121425Z__20250121T121525Z.mseed,UP,AAL,0,0,0,0,2025-01-21 12:14:30.150000,0.486,2025-01-21 12:14:31.830000,0.355,2025-01-21 12:14:25.000000,2025-01-21 12:15:25.000000,eqcct_explosions_th0_1/20250121T121425Z_20250121T121525Z/AAL_outputs/X_prediction_results.csv
ECKF/HE.ECKF..CHE__20250121T121428Z__20250121T121528Z.mseed,HE,ECKF,0,0,0,0,2025-01-21 12:14:33.244000,0.814,,,2025-01-21 12:14:28.000000,2025-01-21 12:15:28.000000,eqcct_explosions_th0_1/20250121T121428Z_20250121T121528Z/ECKF_outputs/X_prediction_results.csv
PVF/HE.PVF..CHE__20250121T121428Z__20250121T121528Z.mseed,HE,PVF,0,0,0,0,2025-01-21 12:14:32.008000,0.374,,,2025-01-21 12:14:28.000000,2025-01-21 12:15:28.000000,eqcct_explosions_th0_1/20250121T121428Z_20250121T121528Z/PVF_outputs/X_prediction_results.csv
NUR/HE.NUR..HHN__20250121T121430Z__20250121T121530Z.mseed,HE,NUR,0,0,0,0,2025-01-21 12:14:34.082000,0.276,,,2025-01-21 12:14:30.000000,2025-01-21 12:15:30.000000,eqcct_explosions_th0_1/20250121T121430Z_20250121T121530Z/NUR_outputs/X_prediction_results.csv
KEF/HE.KEF..HHZ__20250121T121430Z__20250121T121530Z.mseed,HE,KEF,0,0,0,0,2025-01-21 12:14:34.690000,0.637,2025-01-21 12:14:59.360000,0.438,2025-01-21 12:14:30.000000,2025-01-21 12:15:30.000000,eqcct_explosions_th0_1/20250121T121430Z_20250121T121530Z/KEF_outputs/X_prediction_results.csv
FIA0/HE.FIA0..HHE__20250121T121431Z__20250121T121531Z.mseed,HE,FIA0,0,0,0,0,2025-01-21 12:14:36.090000,0.595,,,2025-01-21 12:14:31.000000,2025-01-21 12:15:31.000000,eqcct_explosions_th0_1/20250121T121431Z_20250121T121531Z/FIA0_outputs/X_prediction_results.csv
RMF/HE.RMF..HHE__20250121T121849Z__20250121T121949Z.mseed,HE,RMF,0,0,0,0,2025-01-21 12:18:54.280000,0.869,2025-01-21 12:19:03.690000,0.533,2025-01-21 12:18:49.000000,2025-01-21 12:19:49.000000,eqcct_explosions_th0_1/20250121T121849Z_20250121T121949Z/RMF_outputs/X_prediction_results.csv
KU1/HE.KU1..SHZ__20250121T121854Z__20250121T121954Z.mseed,HE,KU1,0,0,0,0,2025-01-21 12:18:59.380000,0.906,2025-01-21 12:19:12.530000,0.206,2025-01-21 12:18:54.000000,2025-01-21 12:19:54.000000,eqcct_explosions_th0_1/20250121T121854Z_20250121T121954Z/KU1_outputs/X_prediction_results.csv
KU6/HE.KU6..HHZ__20250121T121901Z__20250121T122001Z.mseed,HE,KU6,0,0,0,0,2025-01-21 12:19:06.280000,0.834,2025-01-21 12:19:25.710000,0.276,2025-01-21 12:19:01.000000,2025-01-21 12:20:01.000000,eqcct_explosions_th0_1/20250121T121901Z_20250121T122001Z/KU6_outputs/X_prediction_results.csv
KU2/HE.KU2..SHZ__20250121T121902Z__20250121T122002Z.mseed,HE,KU2,0,0,0,0,2025-01-21 12:19:07.780000,0.915,,,2025-01-21 12:19:02.000000,2025-01-21 12:20:02.000000,eqcct_explosions_th0_1/20250121T121902Z_20250121T122002Z/KU2_outputs/X_prediction_results.csv
KJNF/HE.KJNF..CHZ__20250121T121903Z__20250121T122003Z.mseed,HE,KJNF,0,0,0,0,2025-01-21 12:19:08.780000,0.745,2025-01-21 12:19:28.670000,0.101,2025-01-21 12:19:03.000000,2025-01-21 12:20:03.000000,eqcct_explosions_th0_1/20250121T121903Z_20250121T122003Z/KJNF_outputs/X_prediction_results.csv
OLKF/FN.OLKF..HHZ__20250121T121907Z__20250121T122007Z.mseed,FN,OLKF,0,0,0,0,2025-01-21 12:19:12.200000,0.683,2025-01-21 12:19:34.160000,0.309,2025-01-21 12:19:07.000000,2025-01-21 12:20:07.000000,eqcct_explosions_th0_1/20250121T121907Z_20250121T122007Z/OLKF_outputs/X_prediction_results.csv
JOF/HE.JOF..HHE__20250121T121909Z__20250121T122009Z.mseed,HE,JOF,0,0,0,0,2025-01-21 12:19:14.980000,0.776,,,2025-01-21 12:19:09.000000,2025-01-21 12:20:09.000000,eqcct_explosions_th0_1/20250121T121909Z_20250121T122009Z/JOF_outputs/X_prediction_results.csv
NIF/HE.NIF..HHN__20250121T121911Z__20250121T122011Z.mseed,HE,NIF,0,0,0,0,2025-01-21 12:19:16.180000,0.739,2025-01-21 12:19:40.410000,0.249,2025-01-21 12:19:11.000000,2025-01-21 12:20:11.000000,eqcct_explosions_th0_1/20250121T121911Z_20250121T122011Z/NIF_outputs/X_prediction_results.csv
RANF/FN.RANF..HHE__20250121T121914Z__20250121T122014Z.mseed,FN,RANF,0,0,0,0,2025-01-21 12:19:18.550000,0.89,2025-01-21 12:19:45.070000,0.318,2025-01-21 12:19:14.000000,2025-01-21 12:20:14.000000,eqcct_explosions_th0_1/20250121T121914Z_20250121T122014Z/RANF_outputs/X_prediction_results.csv
OBF3/HE.OBF3..HHZ__20250121T121921Z__20250121T122021Z.mseed,HE,OBF3,0,0,0,0,2025-01-21 12:19:25.890000,0.608,2025-01-21 12:20:00.150000,0.656,2025-01-21 12:19:21.000000,2025-01-21 12:20:21.000000,eqcct_explosions_th0_1/20250121T121921Z_20250121T122021Z/OBF3_outputs/X_prediction_results.csv
OUF/HE.OUF..HHZ__20250121T121922Z__20250121T122022Z.mseed,HE,OUF,0,0,0,0,2025-01-21 12:19:27.200000,0.591,2025-01-21 12:20:02.330000,0.613,2025-01-21 12:19:22.000000,2025-01-21 12:20:22.000000,eqcct_explosions_th0_1/20250121T121922Z_20250121T122022Z/OUF_outputs/X_prediction_results.csv
OBF0/HE.OBF0..HHE__20250121T121925Z__20250121T122025Z.mseed,HE,OBF0,0,0,0,0,2025-01-21 12:19:29.740000,0.39,2025-01-21 12:20:07.710000,0.218,2025-01-21 12:19:25.000000,2025-01-21 12:20:25.000000,eqcct_explosions_th0_1/20250121T121925Z_20250121T122025Z/OBF0_outputs/X_prediction_results.csv
SUF/HE.SUF..HHZ__20250121T121926Z__20250121T122026Z.mseed,HE,SUF,0,0,0,0,2025-01-21 12:19:30.480000,0.638,2025-01-21 12:20:09.770000,0.49,2025-01-21 12:19:26.000000,2025-01-21 12:20:26.000000,eqcct_explosions_th0_1/20250121T121926Z_20250121T122026Z/SUF_outputs/X_prediction_results.csv
VRF/HE.VRF..HHE__20250121T121927Z__20250121T122027Z.mseed,HE,VRF,0,0,0,0,2025-01-21 12:19:32.180000,0.67,,,2025-01-21 12:19:27.000000,2025-01-21 12:20:27.000000,eqcct_explosions_th0_1/20250121T121927Z_20250121T122027Z/VRF_outputs/X_prediction_results.csv
RAJF/FN.RAJF..BHE__20250121T121937Z__20250121T122037Z.mseed,FN,RAJF,0,0,0,0,2025-01-21 12:19:42.770000,0.277,,,2025-01-21 12:19:37.000000,2025-01-21 12:20:37.000000,eqcct_explosions_th0_1/20250121T121937Z_20250121T122037Z/RAJF_outputs/X_prediction_results.csv
KEF/HE.KEF..HHE__20250121T121937Z__20250121T122037Z.mseed,HE,KEF,0,0,0,0,2025-01-21 12:19:42.680000,0.567,,,2025-01-21 12:19:37.000000,2025-01-21 12:20:37.000000,eqcct_explosions_th0_1/20250121T121937Z_20250121T122037Z/KEF_outputs/X_prediction_results.csv
VAF/HE.VAF..HHZ__20250121T122040Z__20250121T122140Z.mseed,HE,VAF,0,0,0,0,2025-01-21 12:20:44.910000,0.24,,,2025-01-21 12:20:40.000000,2025-01-21 12:21:40.000000,eqcct_explosions_th0_1/20250121T122040Z_20250121T122140Z/VAF_outputs/X_prediction_results.csv
MEF/HE.MEF..HHZ__20250121T124837Z__20250121T124937Z.mseed,HE,MEF,0,0,0,0,2025-01-21 12:48:42.340000,0.965,2025-01-21 12:48:43.840000,0.879,2025-01-21 12:48:37.000000,2025-01-21 12:49:37.000000,eqcct_explosions_th0_1/20250121T124837Z_20250121T124937Z/MEF_outputs/X_prediction_results.csv
HEL5/HE.HEL5..HHE__20250121T124837Z__20250121T124937Z.mseed,HE,HEL5,0,0,0,0,2025-01-21 12:48:42.244000,0.896,2025-01-21 12:48:43.764000,0.569,2025-01-21 12:48:37.000000,2025-01-21 12:49:37.000000,eqcct_explosions_th0_1/20250121T124837Z_20250121T124937Z/HEL5_outputs/X_prediction_results.csv
LAUT/HE.LAUT..HHZ__20250121T124838Z__20250121T124938Z.mseed,HE,LAUT,0,0,0,0,2025-01-21 12:48:43.144000,0.94,2025-01-21 12:48:45.424000,0.726,2025-01-21 12:48:38.000000,2025-01-21 12:49:38.000000,eqcct_explosions_th0_1/20250121T124838Z_20250121T124938Z/LAUT_outputs/X_prediction_results.csv
HEL1/HE.HEL1..HHE__20250121T124838Z__20250121T124938Z.mseed,HE,HEL1,0,0,0,0,2025-01-21 12:48:43.416000,0.917,2025-01-21 12:48:45.966000,0.744,2025-01-21 12:48:38.000000,2025-01-21 12:49:38.000000,eqcct_explosions_th0_1/20250121T124838Z_20250121T124938Z/HEL1_outputs/X_prediction_results.csv
RSUO/HE.RSUO..HHZ__20250121T124838Z__20250121T124938Z.mseed,HE,RSUO,0,0,0,0,2025-01-21 12:48:43.936000,0.717,2025-01-21 12:48:46.586000,0.584,2025-01-21 12:48:38.000000,2025-01-21 12:49:38.000000,eqcct_explosions_th0_1/20250121T124838Z_20250121T124938Z/RSUO_outputs/X_prediction_results.csv
KUNI/HE.KUNI..HHZ__20250121T124839Z__20250121T124939Z.mseed,HE,KUNI,0,0,0,0,2025-01-21 12:48:44.396000,0.924,2025-01-21 12:48:47.496000,0.423,2025-01-21 12:48:39.000000,2025-01-21 12:49:39.000000,eqcct_explosions_th0_1/20250121T124839Z_20250121T124939Z/KUNI_outputs/X_prediction_results.csv
VUOS/HE.VUOS..HHN__20250121T124840Z__20250121T124940Z.mseed,HE,VUOS,0,0,0,0,2025-01-21 12:48:45.908000,0.855,2025-01-21 12:48:50.368000,0.606,2025-01-21 12:48:40.000000,2025-01-21 12:49:40.000000,eqcct_explosions_th0_1/20250121T124840Z_20250121T124940Z/VUOS_outputs/X_prediction_results.csv
NUR/HE.NUR..HHN__20250121T124842Z__20250121T124942Z.mseed,HE,NUR,0,0,0,0,2025-01-21 12:48:47.204000,0.775,2025-01-21 12:48:51.854000,0.496,2025-01-21 12:48:42.000000,2025-01-21 12:49:42.000000,eqcct_explosions_th0_1/20250121T124842Z_20250121T124942Z/NUR_outputs/X_prediction_results.csv
HEF/HE.HEF..HHZ__20250121T173652Z__20250121T173752Z.mseed,HE,HEF,0,0,0,0,2025-01-21 17:36:56.250000,0.715,2025-01-21 17:37:21.110000,0.235,2025-01-21 17:36:52.000000,2025-01-21 17:37:52.000000,eqcct_explosions_th0_1/20250121T173652Z_20250121T173752Z/HEF_outputs/X_prediction_results.csv
TOF/HE.TOF..HHE__20250121T173654Z__20250121T173754Z.mseed,HE,TOF,0,0,0,0,2025-01-21 17:36:58.530000,0.8,,,2025-01-21 17:36:54.000000,2025-01-21 17:37:54.000000,eqcct_explosions_th0_1/20250121T173654Z_20250121T173754Z/TOF_outputs/X_prediction_results.csv
KLF/FN.KLF..HHZ__20250121T173702Z__20250121T173802Z.mseed,FN,KLF,0,0,0,0,2025-01-21 17:37:06.460000,0.224,,,2025-01-21 17:37:02.000000,2025-01-21 17:38:02.000000,eqcct_explosions_th0_1/20250121T173702Z_20250121T173802Z/KLF_outputs/X_prediction_results.csv
KIF/HE.KIF..HHZ__20250121T173720Z__20250121T173820Z.mseed,HE,KIF,0,0,0,0,2025-01-21 17:37:25.490000,0.263,,,2025-01-21 17:37:20.000000,2025-01-21 17:38:20.000000,eqcct_explosions_th0_1/20250121T173720Z_20250121T173820Z/KIF_outputs/X_prediction_results.csv
RANF/FN.RANF..HHE__20250121T173745Z__20250121T173845Z.mseed,FN,RANF,0,0,0,0,2025-01-21 17:37:49.210000,0.199,,,2025-01-21 17:37:45.000000,2025-01-21 17:38:45.000000,eqcct_explosions_th0_1/20250121T173745Z_20250121T173845Z/RANF_outputs/X_prediction_results.csv
KEV/HE.KEV..HHE__20250121T173812Z__20250121T173912Z.mseed,HE,KEV,0,0,0,0,,,2025-01-21 17:38:53.800000,0.375,2025-01-21 17:38:12.000000,2025-01-21 17:39:12.000000,eqcct_explosions_th0_1/20250121T173812Z_20250121T173912Z/KEV_outputs/X_prediction_results.csv
KU1/HE.KU1..SHZ__20250121T173825Z__20250121T173925Z.mseed,HE,KU1,0,0,0,0,2025-01-21 17:38:30.522000,0.809,2025-01-21 17:38:30.832000,0.798,2025-01-21 17:38:25.000000,2025-01-21 17:39:25.000000,eqcct_explosions_th0_1/20250121T173825Z_20250121T173925Z/KU1_outputs/X_prediction_results.csv
KLF/FN.KLF..BHE__20250121T185247Z__20250121T185347Z.mseed,FN,KLF,0,0,0,0,2025-01-21 18:52:51.900000,0.578,2025-01-21 18:53:10.090000,0.152,2025-01-21 18:52:47.000000,2025-01-21 18:53:47.000000,eqcct_explosions_th0_1/20250121T185247Z_20250121T185347Z/KLF_outputs/X_prediction_results.csv
TOF/HE.TOF..HHZ__20250121T185257Z__20250121T185357Z.mseed,HE,TOF,0,0,0,0,2025-01-21 18:53:01.440000,0.786,2025-01-21 18:53:26.830000,0.259,2025-01-21 18:52:57.000000,2025-01-21 18:53:57.000000,eqcct_explosions_th0_1/20250121T185257Z_20250121T185357Z/TOF_outputs/X_prediction_results.csv
KIF/HE.KIF..HHN__20250121T185258Z__20250121T185358Z.mseed,HE,KIF,0,0,0,0,2025-01-21 18:53:02.920000,0.49,2025-01-21 18:53:28.780000,0.379,2025-01-21 18:52:58.000000,2025-01-21 18:53:58.000000,eqcct_explosions_th0_1/20250121T185258Z_20250121T185358Z/KIF_outputs/X_prediction_results.csv
KEV/HE.KEV..HHE__20250121T185326Z__20250121T185426Z.mseed,HE,KEV,0,0,0,0,2025-01-21 18:54:37.910000,0.11,,,2025-01-21 18:53:26.000000,2025-01-21 18:54:26.000000,eqcct_explosions_th0_1/20250121T185326Z_20250121T185426Z/KEV_outputs/X_prediction_results.csv
KEV/HE.KEV..HHE__20250121T185326Z__20250121T185426Z.mseed,HE,KEV,0,0,0,0,2025-01-21 18:53:31.950000,0.771,2025-01-21 18:53:32.620000,0.844,2025-01-21 18:53:26.000000,2025-01-21 18:54:26.000000,eqcct_explosions_th0_1/20250121T185326Z_20250121T185426Z/KEV_outputs/X_prediction_results.csv
RANF/FN.RANF..HHZ__20250121T185346Z__20250121T185446Z.mseed,FN,RANF,0,0,0,0,2025-01-21 18:53:50.700000,0.79,,,2025-01-21 18:53:46.000000,2025-01-21 18:54:46.000000,eqcct_explosions_th0_1/20250121T185346Z_20250121T185446Z/RANF_outputs/X_prediction_results.csv
VRF/HE.VRF..HHE__20250121T201043Z__20250121T201143Z.mseed,HE,VRF,0,0,0,0,2025-01-21 20:10:47.600000,0.824,2025-01-21 20:11:08.190000,0.382,2025-01-21 20:10:43.000000,2025-01-21 20:11:43.000000,eqcct_explosions_th0_1/20250121T201043Z_20250121T201143Z/VRF_outputs/X_prediction_results.csv
RAJF/FN.RAJF..HHE__20250121T201052Z__20250121T201152Z.mseed,FN,RAJF,0,0,0,0,2025-01-21 20:10:56.700000,0.132,,,2025-01-21 20:10:52.000000,2025-01-21 20:11:52.000000,eqcct_explosions_th0_1/20250121T201052Z_20250121T201152Z/RAJF_outputs/X_prediction_results.csv
OLKF/FN.OLKF..BHZ__20250121T201054Z__20250121T201154Z.mseed,FN,OLKF,0,0,0,0,2025-01-21 20:10:58.350000,0.584,2025-01-21 20:11:27.000000,0.492,2025-01-21 20:10:54.000000,2025-01-21 20:11:54.000000,eqcct_explosions_th0_1/20250121T201054Z_20250121T201154Z/OLKF_outputs/X_prediction_results.csv
KU2/HE.KU2..SHE__20250121T201107Z__20250121T201207Z.mseed,HE,KU2,0,0,0,0,2025-01-21 20:11:11.100000,0.29,,,2025-01-21 20:11:07.000000,2025-01-21 20:12:07.000000,eqcct_explosions_th0_1/20250121T201107Z_20250121T201207Z/KU2_outputs/X_prediction_results.csv
KEV/HE.KEV..HHN__20250121T201107Z__20250121T201207Z.mseed,HE,KEV,0,0,0,0,2025-01-21 20:11:12.110000,0.628,,,2025-01-21 20:11:07.000000,2025-01-21 20:12:07.000000,eqcct_explosions_th0_1/20250121T201107Z_20250121T201207Z/KEV_outputs/X_prediction_results.csv
KU6/HE.KU6..HHE__20250121T201123Z__20250121T201223Z.mseed,HE,KU6,0,0,0,0,2025-01-21 20:11:28.960000,0.458,2025-01-21 20:11:29.160000,0.29,2025-01-21 20:11:23.000000,2025-01-21 20:12:23.000000,eqcct_explosions_th0_1/20250121T201123Z_20250121T201223Z/KU6_outputs/X_prediction_results.csv
KIF/HE.KIF..HHZ__20250121T225434Z__20250121T225534Z.mseed,HE,KIF,0,0,0,0,2025-01-21 22:54:39.220000,0.671,2025-01-21 22:54:58.720000,0.468,2025-01-21 22:54:34.000000,2025-01-21 22:55:34.000000,eqcct_explosions_th0_1/20250121T225434Z_20250121T225534Z/KIF_outputs/X_prediction_results.csv
HEF/HE.HEF..HHZ__20250121T225436Z__20250121T225536Z.mseed,HE,HEF,0,0,0,0,2025-01-21 22:54:40.760000,0.722,2025-01-21 22:55:01.110000,0.423,2025-01-21 22:54:36.000000,2025-01-21 22:55:36.000000,eqcct_explosions_th0_1/20250121T225436Z_20250121T225536Z/HEF_outputs/X_prediction_results.csv
KLF/FN.KLF..BHN__20250121T225438Z__20250121T225538Z.mseed,FN,KLF,0,0,0,0,2025-01-21 22:54:42.550000,0.811,2025-01-21 22:55:05.590000,0.51,2025-01-21 22:54:38.000000,2025-01-21 22:55:38.000000,eqcct_explosions_th0_1/20250121T225438Z_20250121T225538Z/KLF_outputs/X_prediction_results.csv
KEV/HE.KEV..HHN__20250121T225508Z__20250121T225608Z.mseed,HE,KEV,0,0,0,0,2025-01-21 22:55:12.090000,0.418,2025-01-21 22:55:47.730000,0.266,2025-01-21 22:55:08.000000,2025-01-21 22:56:08.000000,eqcct_explosions_th0_1/20250121T225508Z_20250121T225608Z/KEV_outputs/X_prediction_results.csv
KU6/HE.KU6..HHN__20250121T225520Z__20250121T225620Z.mseed,HE,KU6,0,0,0,0,2025-01-21 22:55:25.050000,0.535,2025-01-21 22:55:27.150000,0.562,2025-01-21 22:55:20.000000,2025-01-21 22:56:20.000000,eqcct_explosions_th0_1/20250121T225520Z_20250121T225620Z/KU6_outputs/X_prediction_results.csv
RAJF/FN.RAJF..BHN__20250121T225545Z__20250121T225645Z.mseed,FN,RAJF,0,0,0,0,2025-01-21 22:55:49.350000,0.33,,,2025-01-21 22:55:45.000000,2025-01-21 22:56:45.000000,eqcct_explosions_th0_1/20250121T225545Z_20250121T225645Z/RAJF_outputs/X_prediction_results.csv
HEF/HE.HEF..HHE__20250122T045312Z__20250122T045412Z.mseed,HE,HEF,0,0,0,0,2025-01-22 04:53:16.710000,0.423,2025-01-22 04:53:31.500000,0.327,2025-01-22 04:53:12.000000,2025-01-22 04:54:12.000000,eqcct_explosions_th0_1/20250122T045312Z_20250122T045412Z/HEF_outputs/X_prediction_results.csv
KLF/FN.KLF..BHE__20250122T045314Z__20250122T045414Z.mseed,FN,KLF,0,0,0,0,2025-01-22 04:53:18.800000,0.778,,,2025-01-22 04:53:14.000000,2025-01-22 04:54:14.000000,eqcct_explosions_th0_1/20250122T045314Z_20250122T045414Z/KLF_outputs/X_prediction_results.csv
RAJF/FN.RAJF..HHN__20250122T045320Z__20250122T045420Z.mseed,FN,RAJF,0,0,0,0,2025-01-22 04:53:25.350000,0.427,,,2025-01-22 04:53:20.000000,2025-01-22 04:54:20.000000,eqcct_explosions_th0_1/20250122T045320Z_20250122T045420Z/RAJF_outputs/X_prediction_results.csv
KMNF/FN.KMNF..BHZ__20250122T045322Z__20250122T045422Z.mseed,FN,KMNF,0,0,0,0,2025-01-22 04:53:27.650000,0.736,2025-01-22 04:53:46.600000,0.117,2025-01-22 04:53:22.000000,2025-01-22 04:54:22.000000,eqcct_explosions_th0_1/20250122T045322Z_20250122T045422Z/KMNF_outputs/X_prediction_results.csv
VRF/HE.VRF..HHE__20250122T045327Z__20250122T045427Z.mseed,HE,VRF,0,0,0,0,2025-01-22 04:53:31.290000,0.604,,,2025-01-22 04:53:27.000000,2025-01-22 04:54:27.000000,eqcct_explosions_th0_1/20250122T045327Z_20250122T045427Z/VRF_outputs/X_prediction_results.csv
KEV/HE.KEV..HHN__20250122T045331Z__20250122T045431Z.mseed,HE,KEV,0,0,0,0,2025-01-22 04:53:35.910000,0.86,,,2025-01-22 04:53:31.000000,2025-01-22 04:54:31.000000,eqcct_explosions_th0_1/20250122T045331Z_20250122T045431Z/KEV_outputs/X_prediction_results.csv
TOF/HE.TOF..HHZ__20250122T045332Z__20250122T045432Z.mseed,HE,TOF,0,0,0,0,2025-01-22 04:53:36.370000,0.485,,,2025-01-22 04:53:32.000000,2025-01-22 04:54:32.000000,eqcct_explosions_th0_1/20250122T045332Z_20250122T045432Z/TOF_outputs/X_prediction_results.csv
RANF/FN.RANF..BHZ__20250122T045333Z__20250122T045433Z.mseed,FN,RANF,0,0,0,0,2025-01-22 04:53:37.750000,0.791,,,2025-01-22 04:53:33.000000,2025-01-22 04:54:33.000000,eqcct_explosions_th0_1/20250122T045333Z_20250122T045433Z/RANF_outputs/X_prediction_results.csv
KIF/HE.KIF..HHE__20250122T045333Z__20250122T045433Z.mseed,HE,KIF,0,0,0,0,2025-01-22 04:53:37.540000,0.546,,,2025-01-22 04:53:33.000000,2025-01-22 04:54:33.000000,eqcct_explosions_th0_1/20250122T045333Z_20250122T045433Z/KIF_outputs/X_prediction_results.csv
VAF/HE.VAF..HHE__20250122T083134Z__20250122T083234Z.mseed,HE,VAF,0,0,0,0,2025-01-22 08:31:39.480000,0.901,2025-01-22 08:31:47.230000,0.257,2025-01-22 08:31:34.000000,2025-01-22 08:32:34.000000,eqcct_explosions_th0_1/20250122T083134Z_20250122T083234Z/VAF_outputs/X_prediction_results.csv
KPF/HE.KPF..HHZ__20250122T083136Z__20250122T083236Z.mseed,HE,KPF,0,0,0,0,2025-01-22 08:31:41.580000,0.95,2025-01-22 08:31:51.330000,0.345,2025-01-22 08:31:36.000000,2025-01-22 08:32:36.000000,eqcct_explosions_th0_1/20250122T083136Z_20250122T083236Z/KPF_outputs/X_prediction_results.csv
KEF/HE.KEF..HHE__20250122T083142Z__20250122T083242Z.mseed,HE,KEF,0,0,0,0,2025-01-22 08:31:47.960000,0.871,2025-01-22 08:32:02.560000,0.269,2025-01-22 08:31:42.000000,2025-01-22 08:32:42.000000,eqcct_explosions_th0_1/20250122T083142Z_20250122T083242Z/KEF_outputs/X_prediction_results.csv
TRE03/HE.TRE03..CHZ__20250122T083144Z__20250122T083244Z.mseed,HE,TRE03,0,0,0,0,2025-01-22 08:31:49.220000,0.87,2025-01-22 08:32:04.730000,0.362,2025-01-22 08:31:44.000000,2025-01-22 08:32:44.000000,eqcct_explosions_th0_1/20250122T083144Z_20250122T083244Z/TRE03_outputs/X_prediction_results.csv
RAF/HE.RAF..HHZ__20250122T083152Z__20250122T083252Z.mseed,HE,RAF,0,0,0,0,2025-01-22 08:31:56.030000,0.713,2025-01-22 08:32:16.150000,0.45,2025-01-22 08:31:52.000000,2025-01-22 08:32:52.000000,eqcct_explosions_th0_1/20250122T083152Z_20250122T083252Z/RAF_outputs/X_prediction_results.csv
SUF/HE.SUF..HHN__20250122T083152Z__20250122T083252Z.mseed,HE,SUF,0,0,0,0,2025-01-22 08:31:57.600000,0.786,2025-01-22 08:32:19.110000,0.39,2025-01-22 08:31:52.000000,2025-01-22 08:32:52.000000,eqcct_explosions_th0_1/20250122T083152Z_20250122T083252Z/SUF_outputs/X_prediction_results.csv
KAF/HE.KAF..HHN__20250122T083154Z__20250122T083254Z.mseed,HE,KAF,0,0,0,0,2025-01-22 08:31:59.780000,0.785,2025-01-22 08:32:22.410000,0.41,2025-01-22 08:31:54.000000,2025-01-22 08:32:54.000000,eqcct_explosions_th0_1/20250122T083154Z_20250122T083254Z/KAF_outputs/X_prediction_results.csv
FIA0/HE.FIA0..HHZ__20250122T083158Z__20250122T083258Z.mseed,HE,FIA0,0,0,0,0,2025-01-22 08:32:03.400000,0.744,2025-01-22 08:32:28.660000,0.336,2025-01-22 08:31:58.000000,2025-01-22 08:32:58.000000,eqcct_explosions_th0_1/20250122T083158Z_20250122T083258Z/FIA0_outputs/X_prediction_results.csv
OUF/HE.OUF..HHN__20250122T083228Z__20250122T083328Z.mseed,HE,OUF,0,0,0,0,2025-01-22 08:32:32.720000,0.603,2025-01-22 08:32:33.840000,0.475,2025-01-22 08:32:28.000000,2025-01-22 08:33:28.000000,eqcct_explosions_th0_1/20250122T083228Z_20250122T083328Z/OUF_outputs/X_prediction_results.csv
OBF0/HE.OBF0..SHN__20250122T083229Z__20250122T083329Z.mseed,HE,OBF0,0,0,0,0,2025-01-22 08:32:33.740000,0.117,2025-01-22 08:32:34.640000,0.675,2025-01-22 08:32:29.000000,2025-01-22 08:33:29.000000,eqcct_explosions_th0_1/20250122T083229Z_20250122T083329Z/OBF0_outputs/X_prediction_results.csv
KORF/HE.KORF..CHN__20250122T083238Z__20250122T083338Z.mseed,HE,KORF,0,0,0,0,2025-01-22 08:32:42.980000,0.167,,,2025-01-22 08:32:38.000000,2025-01-22 08:33:38.000000,eqcct_explosions_th0_1/20250122T083238Z_20250122T083338Z/KORF_outputs/X_prediction_results.csv
PVF/HE.PVF..CHZ__20250122T083239Z__20250122T083339Z.mseed,HE,PVF,0,0,0,0,2025-01-22 08:32:43.980000,0.212,,,2025-01-22 08:32:39.000000,2025-01-22 08:33:39.000000,eqcct_explosions_th0_1/20250122T083239Z_20250122T083339Z/PVF_outputs/X_prediction_results.csv
NIF/HE.NIF..HHE__20250122T083240Z__20250122T083340Z.mseed,HE,NIF,0,0,0,0,2025-01-22 08:32:44.220000,0.512,,,2025-01-22 08:32:40.000000,2025-01-22 08:33:40.000000,eqcct_explosions_th0_1/20250122T083240Z_20250122T083340Z/NIF_outputs/X_prediction_results.csv
OBF3/HE.OBF3..HHE__20250122T083241Z__20250122T083341Z.mseed,HE,OBF3,0,0,0,0,2025-01-22 08:32:43.400000,0.175,,,2025-01-22 08:32:41.000000,2025-01-22 08:33:41.000000,eqcct_explosions_th0_1/20250122T083241Z_20250122T083341Z/OBF3_outputs/X_prediction_results.csv
AAL/UP.AAL..HHE__20250122T083244Z__20250122T083344Z.mseed,UP,AAL,0,0,0,0,2025-01-22 08:32:48.540000,0.375,,,2025-01-22 08:32:44.000000,2025-01-22 08:33:44.000000,eqcct_explosions_th0_1/20250122T083244Z_20250122T083344Z/AAL_outputs/X_prediction_results.csv
VJF/HE.VJF..HHN__20250122T090239Z__20250122T090339Z.mseed,HE,VJF,0,0,0,0,2025-01-22 09:02:44.320000,0.906,2025-01-22 09:02:48.510000,0.781,2025-01-22 09:02:39.000000,2025-01-22 09:03:39.000000,eqcct_explosions_th0_1/20250122T090239Z_20250122T090339Z/VJF_outputs/X_prediction_results.csv
KY17/HE.KY17..CHN__20250122T090243Z__20250122T090343Z.mseed,HE,KY17,0,0,0,0,2025-01-22 09:02:48.024000,0.867,2025-01-22 09:02:55.574000,0.587,2025-01-22 09:02:43.000000,2025-01-22 09:03:43.000000,eqcct_explosions_th0_1/20250122T090243Z_20250122T090343Z/KY17_outputs/X_prediction_results.csv
KY02/HE.KY02..CHE__20250122T090245Z__20250122T090345Z.mseed,HE,KY02,0,0,0,0,2025-01-22 09:02:50.292000,0.869,2025-01-22 09:02:59.242000,0.174,2025-01-22 09:02:45.000000,2025-01-22 09:03:45.000000,eqcct_explosions_th0_1/20250122T090245Z_20250122T090345Z/KY02_outputs/X_prediction_results.csv
RUF/HE.RUF..HHE__20250122T090248Z__20250122T090348Z.mseed,HE,RUF,0,0,0,0,2025-01-22 09:02:53.300000,0.5,2025-01-22 09:03:05.360000,0.475,2025-01-22 09:02:48.000000,2025-01-22 09:03:48.000000,eqcct_explosions_th0_1/20250122T090248Z_20250122T090348Z/RUF_outputs/X_prediction_results.csv
LOVF/HE.LOVF..CHZ__20250122T090250Z__20250122T090350Z.mseed,HE,LOVF,0,0,0,0,2025-01-22 09:02:55.056000,0.912,2025-01-22 09:03:07.516000,0.666,2025-01-22 09:02:50.000000,2025-01-22 09:03:50.000000,eqcct_explosions_th0_1/20250122T090250Z_20250122T090350Z/LOVF_outputs/X_prediction_results.csv
PVF/HE.PVF..CHN__20250122T090252Z__20250122T090352Z.mseed,HE,PVF,0,0,0,0,2025-01-22 09:02:57.600000,0.612,,,2025-01-22 09:02:52.000000,2025-01-22 09:03:52.000000,eqcct_explosions_th0_1/20250122T090252Z_20250122T090352Z/PVF_outputs/X_prediction_results.csv
FIA0/HE.FIA0..HHN__20250122T090255Z__20250122T090355Z.mseed,HE,FIA0,0,0,0,0,2025-01-22 09:03:00.150000,0.833,,,2025-01-22 09:02:55.000000,2025-01-22 09:03:55.000000,eqcct_explosions_th0_1/20250122T090255Z_20250122T090355Z/FIA0_outputs/X_prediction_results.csv
FIA1/HE.FIA1..HHZ__20250122T090255Z__20250122T090355Z.mseed,HE,FIA1,0,0,0,0,2025-01-22 09:03:00.150000,0.743,,,2025-01-22 09:02:55.000000,2025-01-22 09:03:55.000000,eqcct_explosions_th0_1/20250122T090255Z_20250122T090355Z/FIA1_outputs/X_prediction_results.csv
KAF/HE.KAF..HHZ__20250122T090302Z__20250122T090402Z.mseed,HE,KAF,0,0,0,0,2025-01-22 09:03:07.090000,0.103,,,2025-01-22 09:03:02.000000,2025-01-22 09:04:02.000000,eqcct_explosions_th0_1/20250122T090302Z_20250122T090402Z/KAF_outputs/X_prediction_results.csv
RAF/HE.RAF..HHN__20250122T111135Z__20250122T111235Z.mseed,HE,RAF,0,0,0,0,2025-01-22 11:11:40.960000,0.917,2025-01-22 11:11:45.910000,0.716,2025-01-22 11:11:35.000000,2025-01-22 11:12:35.000000,eqcct_explosions_th0_1/20250122T111135Z_20250122T111235Z/RAF_outputs/X_prediction_results.csv
KPF/HE.KPF..HHN__20250122T111137Z__20250122T111237Z.mseed,HE,KPF,0,0,0,0,2025-01-22 11:11:42.480000,0.937,2025-01-22 11:11:48.540000,0.616,2025-01-22 11:11:37.000000,2025-01-22 11:12:37.000000,eqcct_explosions_th0_1/20250122T111137Z_20250122T111237Z/KPF_outputs/X_prediction_results.csv
TRE03/HE.TRE03..CHN__20250122T111149Z__20250122T111249Z.mseed,HE,TRE03,0,0,0,0,2025-01-22 11:11:54.980000,0.937,2025-01-22 11:12:10.240000,0.483,2025-01-22 11:11:49.000000,2025-01-22 11:12:49.000000,eqcct_explosions_th0_1/20250122T111149Z_20250122T111249Z/TRE03_outputs/X_prediction_results.csv
KORF/HE.KORF..CHZ__20250122T111152Z__20250122T111252Z.mseed,HE,KORF,0,0,0,0,2025-01-22 11:11:56.580000,0.693,2025-01-22 11:12:14.680000,0.455,2025-01-22 11:11:52.000000,2025-01-22 11:12:52.000000,eqcct_explosions_th0_1/20250122T111152Z_20250122T111252Z/KORF_outputs/X_prediction_results.csv
AAL/UP.AAL..HHN__20250122T111157Z__20250122T111257Z.mseed,UP,AAL,0,0,0,0,2025-01-22 11:12:01.680000,0.883,2025-01-22 11:12:25.280000,0.193,2025-01-22 11:11:57.000000,2025-01-22 11:12:57.000000,eqcct_explosions_th0_1/20250122T111157Z_20250122T111257Z/AAL_outputs/X_prediction_results.csv
ECKF/HE.ECKF..CHN__20250122T111158Z__20250122T111258Z.mseed,HE,ECKF,0,0,0,0,2025-01-22 11:12:02.580000,0.687,2025-01-22 11:12:24.730000,0.633,2025-01-22 11:11:58.000000,2025-01-22 11:12:58.000000,eqcct_explosions_th0_1/20250122T111158Z_20250122T111258Z/ECKF_outputs/X_prediction_results.csv
KEF/HE.KEF..HHE__20250122T111158Z__20250122T111258Z.mseed,HE,KEF,0,0,0,0,2025-01-22 11:12:03.360000,0.879,2025-01-22 11:12:24.510000,0.637,2025-01-22 11:11:58.000000,2025-01-22 11:12:58.000000,eqcct_explosions_th0_1/20250122T111158Z_20250122T111258Z/KEF_outputs/X_prediction_results.csv
MEF/HE.MEF..HHN__20250122T111200Z__20250122T111300Z.mseed,HE,MEF,0,0,0,0,2025-01-22 11:12:05.050000,0.483,2025-01-22 11:12:27.070000,0.434,2025-01-22 11:12:00.000000,2025-01-22 11:13:00.000000,eqcct_explosions_th0_1/20250122T111200Z_20250122T111300Z/MEF_outputs/X_prediction_results.csv
VAF/HE.VAF..HHE__20250122T111200Z__20250122T111300Z.mseed,HE,VAF,0,0,0,0,2025-01-22 11:12:05.140000,0.87,2025-01-22 11:12:27.740000,0.292,2025-01-22 11:12:00.000000,2025-01-22 11:13:00.000000,eqcct_explosions_th0_1/20250122T111200Z_20250122T111300Z/VAF_outputs/X_prediction_results.csv
TVF/HE.TVF..HHE__20250122T111201Z__20250122T111301Z.mseed,HE,TVF,0,0,0,0,2025-01-22 11:12:05.180000,0.895,,,2025-01-22 11:12:01.000000,2025-01-22 11:13:01.000000,eqcct_explosions_th0_1/20250122T111201Z_20250122T111301Z/TVF_outputs/X_prediction_results.csv
FIA0/HE.FIA0..HHZ__20250122T111205Z__20250122T111305Z.mseed,HE,FIA0,0,0,0,0,2025-01-22 11:12:10.100000,0.705,2025-01-22 11:12:36.490000,0.497,2025-01-22 11:12:05.000000,2025-01-22 11:13:05.000000,eqcct_explosions_th0_1/20250122T111205Z_20250122T111305Z/FIA0_outputs/X_prediction_results.csv
PVF/HE.PVF..CHZ__20250122T111206Z__20250122T111306Z.mseed,HE,PVF,0,0,0,0,2025-01-22 11:12:11.770000,0.656,2025-01-22 11:12:39.390000,0.189,2025-01-22 11:12:06.000000,2025-01-22 11:13:06.000000,eqcct_explosions_th0_1/20250122T111206Z_20250122T111306Z/PVF_outputs/X_prediction_results.csv
KAF/HE.KAF..HHN__20250122T111208Z__20250122T111308Z.mseed,HE,KAF,0,0,0,0,2025-01-22 11:12:13.660000,0.723,2025-01-22 11:12:42.430000,0.545,2025-01-22 11:12:08.000000,2025-01-22 11:13:08.000000,eqcct_explosions_th0_1/20250122T111208Z_20250122T111308Z/KAF_outputs/X_prediction_results.csv
SUF/HE.SUF..HHZ__20250122T111211Z__20250122T111311Z.mseed,HE,SUF,0,0,0,0,2025-01-22 11:12:15.390000,0.646,,,2025-01-22 11:12:11.000000,2025-01-22 11:13:11.000000,eqcct_explosions_th0_1/20250122T111211Z_20250122T111311Z/SUF_outputs/X_prediction_results.csv
RUF/HE.RUF..HHZ__20250122T115408Z__20250122T115508Z.mseed,HE,RUF,0,0,0,0,2025-01-22 11:54:13.476000,0.942,2025-01-22 11:54:20.666000,0.717,2025-01-22 11:54:08.000000,2025-01-22 11:55:08.000000,eqcct_explosions_th0_1/20250122T115408Z_20250122T115508Z/RUF_outputs/X_prediction_results.csv
KY02/HE.KY02..CHN__20250122T115410Z__20250122T115510Z.mseed,HE,KY02,0,0,0,0,2025-01-22 11:54:15.868000,0.917,2025-01-22 11:54:25.458000,0.426,2025-01-22 11:54:10.000000,2025-01-22 11:55:10.000000,eqcct_explosions_th0_1/20250122T115410Z_20250122T115510Z/KY02_outputs/X_prediction_results.csv
FIA0/HE.FIA0..HHE__20250122T115418Z__20250122T115518Z.mseed,HE,FIA0,0,0,0,0,2025-01-22 11:54:23.300000,0.741,,,2025-01-22 11:54:18.000000,2025-01-22 11:55:18.000000,eqcct_explosions_th0_1/20250122T115418Z_20250122T115518Z/FIA0_outputs/X_prediction_results.csv
FIA1/HE.FIA1..HHZ__20250122T115418Z__20250122T115518Z.mseed,HE,FIA1,0,0,0,0,2025-01-22 11:54:23.299999,0.849,,,2025-01-22 11:54:18.000000,2025-01-22 11:55:18.000000,eqcct_explosions_th0_1/20250122T115418Z_20250122T115518Z/FIA1_outputs/X_prediction_results.csv
KAF/HE.KAF..HHZ__20250122T115424Z__20250122T115524Z.mseed,HE,KAF,0,0,0,0,2025-01-22 11:54:29.170000,0.9,2025-01-22 11:54:47.860000,0.246,2025-01-22 11:54:24.000000,2025-01-22 11:55:24.000000,eqcct_explosions_th0_1/20250122T115424Z_20250122T115524Z/KAF_outputs/X_prediction_results.csv
KEF/HE.KEF..HHE__20250122T115432Z__20250122T115532Z.mseed,HE,KEF,0,0,0,0,2025-01-22 11:54:38.780000,0.695,2025-01-22 11:54:39.660000,0.171,2025-01-22 11:54:32.000000,2025-01-22 11:55:32.000000,eqcct_explosions_th0_1/20250122T115432Z_20250122T115532Z/KEF_outputs/X_prediction_results.csv
TRE03/HE.TRE03..CHE__20250122T115433Z__20250122T115533Z.mseed,HE,TRE03,0,0,0,0,2025-01-22 11:54:38.936000,0.516,,,2025-01-22 11:54:33.000000,2025-01-22 11:55:33.000000,eqcct_explosions_th0_1/20250122T115433Z_20250122T115533Z/TRE03_outputs/X_prediction_results.csv
VJF/HE.VJF..HHZ__20250122T115450Z__20250122T115550Z.mseed,HE,VJF,0,0,0,0,2025-01-22 11:54:56.020000,0.583,,,2025-01-22 11:54:50.000000,2025-01-22 11:55:50.000000,eqcct_explosions_th0_1/20250122T115450Z_20250122T115550Z/VJF_outputs/X_prediction_results.csv
LOVF/HE.LOVF..CHE__20250122T115453Z__20250122T115553Z.mseed,HE,LOVF,0,0,0,0,2025-01-22 11:54:58.584000,0.9,2025-01-22 11:54:58.554000,0.333,2025-01-22 11:54:53.000000,2025-01-22 11:55:53.000000,eqcct_explosions_th0_1/20250122T115453Z_20250122T115553Z/LOVF_outputs/X_prediction_results.csv
PVF/HE.PVF..CHZ__20250122T115456Z__20250122T115556Z.mseed,HE,PVF,0,0,0,0,2025-01-22 11:55:00.876000,0.302,2025-01-22 11:55:02.606000,0.328,2025-01-22 11:54:56.000000,2025-01-22 11:55:56.000000,eqcct_explosions_th0_1/20250122T115456Z_20250122T115556Z/PVF_outputs/X_prediction_results.csv
KY17/HE.KY17..CHN__20250122T115458Z__20250122T115558Z.mseed,HE,KY17,0,0,0,0,2025-01-22 11:55:03.286000,0.66,2025-01-22 11:55:28.236000,0.438,2025-01-22 11:54:58.000000,2025-01-22 11:55:58.000000,eqcct_explosions_th0_1/20250122T115458Z_20250122T115558Z/KY17_outputs/X_prediction_results.csv
KUNI/HE.KUNI..HHZ__20250122T115459Z__20250122T115559Z.mseed,HE,KUNI,0,0,0,0,2025-01-22 11:55:03.672000,0.246,2025-01-22 11:55:28.082000,0.385,2025-01-22 11:54:59.000000,2025-01-22 11:55:59.000000,eqcct_explosions_th0_1/20250122T115459Z_20250122T115559Z/KUNI_outputs/X_prediction_results.csv
NUR/HE.NUR..HHE__20250122T115504Z__20250122T115604Z.mseed,HE,NUR,0,0,0,0,2025-01-22 11:55:09.264000,0.664,2025-01-22 11:55:35.634000,0.496,2025-01-22 11:55:04.000000,2025-01-22 11:56:04.000000,eqcct_explosions_th0_1/20250122T115504Z_20250122T115604Z/NUR_outputs/X_prediction_results.csv
RUF/HE.RUF..HHE__20250122T115506Z__20250122T115606Z.mseed,HE,RUF,0,0,0,0,2025-01-22 11:55:10.088000,0.722,2025-01-22 11:55:43.308000,0.149,2025-01-22 11:55:06.000000,2025-01-22 11:56:06.000000,eqcct_explosions_th0_1/20250122T115506Z_20250122T115606Z/RUF_outputs/X_prediction_results.csv
TVF/HE.TVF..HHZ__20250122T115509Z__20250122T115609Z.mseed,HE,TVF,0,0,0,0,2025-01-22 11:55:13.486000,0.398,2025-01-22 11:55:46.366000,0.317,2025-01-22 11:55:09.000000,2025-01-22 11:56:09.000000,eqcct_explosions_th0_1/20250122T115509Z_20250122T115609Z/TVF_outputs/X_prediction_results.csv
VUOS/HE.VUOS..HHE__20250122T115518Z__20250122T115618Z.mseed,HE,VUOS,0,0,0,0,2025-01-22 11:55:22.978000,0.155,2025-01-22 11:55:24.928000,0.16,2025-01-22 11:55:18.000000,2025-01-22 11:56:18.000000,eqcct_explosions_th0_1/20250122T115518Z_20250122T115618Z/VUOS_outputs/X_prediction_results.csv
TOF/HE.TOF..HHN__20250122T120335Z__20250122T120435Z.mseed,HE,TOF,0,0,0,0,2025-01-22 12:03:40.630000,0.837,2025-01-22 12:03:50.580000,0.261,2025-01-22 12:03:35.000000,2025-01-22 12:04:35.000000,eqcct_explosions_th0_1/20250122T120335Z_20250122T120435Z/TOF_outputs/X_prediction_results.csv
OBF3/HE.OBF3..HHN__20250122T120343Z__20250122T120443Z.mseed,HE,OBF3,0,0,0,0,2025-01-22 12:03:48.220000,0.847,2025-01-22 12:04:06.720000,0.321,2025-01-22 12:03:43.000000,2025-01-22 12:04:43.000000,eqcct_explosions_th0_1/20250122T120343Z_20250122T120443Z/OBF3_outputs/X_prediction_results.csv
OBF8/HE.OBF8..HHZ__20250122T120344Z__20250122T120444Z.mseed,HE,OBF8,0,0,0,0,2025-01-22 12:03:49.680000,0.707,,,2025-01-22 12:03:44.000000,2025-01-22 12:04:44.000000,eqcct_explosions_th0_1/20250122T120344Z_20250122T120444Z/OBF8_outputs/X_prediction_results.csv
OBF0/HE.OBF0..HHE__20250122T120345Z__20250122T120445Z.mseed,HE,OBF0,0,0,0,0,2025-01-22 12:03:50.020000,0.862,,,2025-01-22 12:03:45.000000,2025-01-22 12:04:45.000000,eqcct_explosions_th0_1/20250122T120345Z_20250122T120445Z/OBF0_outputs/X_prediction_results.csv
KLF/FN.KLF..HHZ__20250122T120348Z__20250122T120448Z.mseed,FN,KLF,0,0,0,0,2025-01-22 12:03:53.350000,0.87,2025-01-22 12:04:18.670000,0.461,2025-01-22 12:03:48.000000,2025-01-22 12:04:48.000000,eqcct_explosions_th0_1/20250122T120348Z_20250122T120448Z/KLF_outputs/X_prediction_results.csv
OUF/HE.OUF..HHE__20250122T120349Z__20250122T120449Z.mseed,HE,OUF,0,0,0,0,2025-01-22 12:03:53.130000,0.709,,,2025-01-22 12:03:49.000000,2025-01-22 12:04:49.000000,eqcct_explosions_th0_1/20250122T120349Z_20250122T120449Z/OUF_outputs/X_prediction_results.csv
RANF/FN.RANF..BHN__20250122T120352Z__20250122T120452Z.mseed,FN,RANF,0,0,0,0,2025-01-22 12:03:57.300000,0.819,2025-01-22 12:04:23.420000,0.532,2025-01-22 12:03:52.000000,2025-01-22 12:04:52.000000,eqcct_explosions_th0_1/20250122T120352Z_20250122T120452Z/RANF_outputs/X_prediction_results.csv
VAF/HE.VAF..HHE__20250122T120402Z__20250122T120502Z.mseed,HE,VAF,0,0,0,0,2025-01-22 12:04:06.980000,0.743,,,2025-01-22 12:04:02.000000,2025-01-22 12:05:02.000000,eqcct_explosions_th0_1/20250122T120402Z_20250122T120502Z/VAF_outputs/X_prediction_results.csv
HEF/HE.HEF..HHZ__20250122T120403Z__20250122T120503Z.mseed,HE,HEF,0,0,0,0,2025-01-22 12:04:08.800000,0.739,,,2025-01-22 12:04:03.000000,2025-01-22 12:05:03.000000,eqcct_explosions_th0_1/20250122T120403Z_20250122T120503Z/HEF_outputs/X_prediction_results.csv
OLKF/FN.OLKF..HHN__20250122T120407Z__20250122T120507Z.mseed,FN,OLKF,0,0,0,0,2025-01-22 12:04:11.330000,0.163,,,2025-01-22 12:04:07.000000,2025-01-22 12:05:07.000000,eqcct_explosions_th0_1/20250122T120407Z_20250122T120507Z/OLKF_outputs/X_prediction_results.csv
KORF/HE.KORF..CHE__20250122T120408Z__20250122T120508Z.mseed,HE,KORF,0,0,0,0,2025-01-22 12:04:13.912000,0.926,2025-01-22 12:04:20.612000,0.436,2025-01-22 12:04:08.000000,2025-01-22 12:05:08.000000,eqcct_explosions_th0_1/20250122T120408Z_20250122T120508Z/KORF_outputs/X_prediction_results.csv
KU6/HE.KU6..HHE__20250122T120409Z__20250122T120509Z.mseed,HE,KU6,0,0,0,0,2025-01-22 12:04:13.910000,0.108,,,2025-01-22 12:04:09.000000,2025-01-22 12:05:09.000000,eqcct_explosions_th0_1/20250122T120409Z_20250122T120509Z/KU6_outputs/X_prediction_results.csv
TVF/HE.TVF..HHN__20250122T120413Z__20250122T120513Z.mseed,HE,TVF,0,0,0,0,2025-01-22 12:04:17.480000,0.907,2025-01-22 12:04:26.770000,0.284,2025-01-22 12:04:13.000000,2025-01-22 12:05:13.000000,eqcct_explosions_th0_1/20250122T120413Z_20250122T120513Z/TVF_outputs/X_prediction_results.csv
RAF/HE.RAF..HHZ__20250122T120415Z__20250122T120515Z.mseed,HE,RAF,0,0,0,0,2025-01-22 12:04:20.010000,0.823,2025-01-22 12:04:30.180000,0.418,2025-01-22 12:04:15.000000,2025-01-22 12:05:15.000000,eqcct_explosions_th0_1/20250122T120415Z_20250122T120515Z/RAF_outputs/X_prediction_results.csv
RAJF/FN.RAJF..BHN__20250122T120415Z__20250122T120515Z.mseed,FN,RAJF,0,0,0,0,2025-01-22 12:04:19.850000,0.172,2025-01-22 12:05:04.170000,0.357,2025-01-22 12:04:15.000000,2025-01-22 12:05:15.000000,eqcct_explosions_th0_1/20250122T120415Z_20250122T120515Z/RAJF_outputs/X_prediction_results.csv
ECKF/HE.ECKF..CHE__20250122T120426Z__20250122T120526Z.mseed,HE,ECKF,0,0,0,0,2025-01-22 12:04:30.892000,0.906,,,2025-01-22 12:04:26.000000,2025-01-22 12:05:26.000000,eqcct_explosions_th0_1/20250122T120426Z_20250122T120526Z/ECKF_outputs/X_prediction_results.csv
KPF/HE.KPF..HHN__20250122T120428Z__20250122T120528Z.mseed,HE,KPF,0,0,0,0,2025-01-22 12:04:33.382000,0.731,2025-01-22 12:04:54.442000,0.429,2025-01-22 12:04:28.000000,2025-01-22 12:05:28.000000,eqcct_explosions_th0_1/20250122T120428Z_20250122T120528Z/KPF_outputs/X_prediction_results.csv
PVF/HE.PVF..CHN__20250122T120434Z__20250122T120534Z.mseed,HE,PVF,0,0,0,0,2025-01-22 12:04:38.580000,0.426,,,2025-01-22 12:04:34.000000,2025-01-22 12:05:34.000000,eqcct_explosions_th0_1/20250122T120434Z_20250122T120534Z/PVF_outputs/X_prediction_results.csv
FIA0/HE.FIA0..HHZ__20250122T120439Z__20250122T120539Z.mseed,HE,FIA0,0,0,0,0,2025-01-22 12:04:43.900000,0.293,,,2025-01-22 12:04:39.000000,2025-01-22 12:05:39.000000,eqcct_explosions_th0_1/20250122T120439Z_20250122T120539Z/FIA0_outputs/X_prediction_results.csv
KIF/HE.KIF..HHN__20250122T120451Z__20250122T120551Z.mseed,HE,KIF,0,0,0,0,2025-01-22 12:04:56.840000,0.592,2025-01-22 12:04:56.890000,0.845,2025-01-22 12:04:51.000000,2025-01-22 12:05:51.000000,eqcct_explosions_th0_1/20250122T120451Z_20250122T120551Z/KIF_outputs/X_prediction_results.csv
ECKF/HE.ECKF..CHZ__20250122T120833Z__20250122T120933Z.mseed,HE,ECKF,0,0,0,0,2025-01-22 12:08:38.180000,0.842,2025-01-22 12:08:50.700000,0.423,2025-01-22 12:08:33.000000,2025-01-22 12:09:33.000000,eqcct_explosions_th0_1/20250122T120833Z_20250122T120933Z/ECKF_outputs/X_prediction_results.csv
AAL/UP.AAL..HHE__20250122T120836Z__20250122T120936Z.mseed,UP,AAL,0,0,0,0,2025-01-22 12:08:41.650000,0.891,2025-01-22 12:08:57.400000,0.219,2025-01-22 12:08:36.000000,2025-01-22 12:09:36.000000,eqcct_explosions_th0_1/20250122T120836Z_20250122T120936Z/AAL_outputs/X_prediction_results.csv
KORF/HE.KORF..CHZ__20250122T120849Z__20250122T120949Z.mseed,HE,KORF,0,0,0,0,2025-01-22 12:08:54.420000,0.859,2025-01-22 12:09:21.050000,0.634,2025-01-22 12:08:49.000000,2025-01-22 12:09:49.000000,eqcct_explosions_th0_1/20250122T120849Z_20250122T120949Z/KORF_outputs/X_prediction_results.csv
RAF/HE.RAF..HHZ__20250122T120855Z__20250122T120955Z.mseed,HE,RAF,0,0,0,0,2025-01-22 12:08:59.110000,0.451,2025-01-22 12:09:30.710000,0.207,2025-01-22 12:08:55.000000,2025-01-22 12:09:55.000000,eqcct_explosions_th0_1/20250122T120855Z_20250122T120955Z/RAF_outputs/X_prediction_results.csv
TVF/HE.TVF..HHN__20250122T120904Z__20250122T121004Z.mseed,HE,TVF,0,0,0,0,2025-01-22 12:09:08.276000,0.287,,,2025-01-22 12:09:04.000000,2025-01-22 12:10:04.000000,eqcct_explosions_th0_1/20250122T120904Z_20250122T121004Z/TVF_outputs/X_prediction_results.csv
MEF/HE.MEF..HHE__20250122T122742Z__20250122T122842Z.mseed,HE,MEF,0,0,0,0,2025-01-22 12:27:47.790000,0.949,2025-01-22 12:27:48.980000,0.832,2025-01-22 12:27:42.000000,2025-01-22 12:28:42.000000,eqcct_explosions_th0_1/20250122T122742Z_20250122T122842Z/MEF_outputs/X_prediction_results.csv
HEL5/HE.HEL5..HHN__20250122T122743Z__20250122T122843Z.mseed,HE,HEL5,0,0,0,0,2025-01-22 12:27:48.972000,0.92,2025-01-22 12:27:51.492000,0.348,2025-01-22 12:27:43.000000,2025-01-22 12:28:43.000000,eqcct_explosions_th0_1/20250122T122743Z_20250122T122843Z/HEL5_outputs/X_prediction_results.csv
RSUO/HE.RSUO..HHZ__20250122T122744Z__20250122T122844Z.mseed,HE,RSUO,0,0,0,0,2025-01-22 12:27:49.308000,0.915,2025-01-22 12:27:51.958000,0.768,2025-01-22 12:27:44.000000,2025-01-22 12:28:44.000000,eqcct_explosions_th0_1/20250122T122744Z_20250122T122844Z/RSUO_outputs/X_prediction_results.csv
KUNI/HE.KUNI..HHZ__20250122T122744Z__20250122T122844Z.mseed,HE,KUNI,0,0,0,0,2025-01-22 12:27:49.452000,0.904,2025-01-22 12:27:52.012000,0.677,2025-01-22 12:27:44.000000,2025-01-22 12:28:44.000000,eqcct_explosions_th0_1/20250122T122744Z_20250122T122844Z/KUNI_outputs/X_prediction_results.csv
LAUT/HE.LAUT..HHN__20250122T122744Z__20250122T122844Z.mseed,HE,LAUT,0,0,0,0,2025-01-22 12:27:49.366000,0.909,2025-01-22 12:27:51.816000,0.796,2025-01-22 12:27:44.000000,2025-01-22 12:28:44.000000,eqcct_explosions_th0_1/20250122T122744Z_20250122T122844Z/LAUT_outputs/X_prediction_results.csv
HEL1/HE.HEL1..HHE__20250122T122744Z__20250122T122844Z.mseed,HE,HEL1,0,0,0,0,2025-01-22 12:27:49.308000,0.886,2025-01-22 12:27:51.818000,0.718,2025-01-22 12:27:44.000000,2025-01-22 12:28:44.000000,eqcct_explosions_th0_1/20250122T122744Z_20250122T122844Z/HEL1_outputs/X_prediction_results.csv
VUOS/HE.VUOS..HHZ__20250122T122746Z__20250122T122846Z.mseed,HE,VUOS,0,0,0,0,2025-01-22 12:27:50.568000,0.738,2025-01-22 12:27:55.658000,0.76,2025-01-22 12:27:46.000000,2025-01-22 12:28:46.000000,eqcct_explosions_th0_1/20250122T122746Z_20250122T122846Z/VUOS_outputs/X_prediction_results.csv
NUR/HE.NUR..HHZ__20250122T122746Z__20250122T122846Z.mseed,HE,NUR,0,0,0,0,2025-01-22 12:27:51.252000,0.895,2025-01-22 12:27:54.992000,0.375,2025-01-22 12:27:46.000000,2025-01-22 12:28:46.000000,eqcct_explosions_th0_1/20250122T122746Z_20250122T122846Z/NUR_outputs/X_prediction_results.csv
PVF/HE.PVF..CHN__20250122T122754Z__20250122T122854Z.mseed,HE,PVF,0,0,0,0,2025-01-22 12:27:59.264000,0.863,2025-01-22 12:28:09.554000,0.327,2025-01-22 12:27:54.000000,2025-01-22 12:28:54.000000,eqcct_explosions_th0_1/20250122T122754Z_20250122T122854Z/PVF_outputs/X_prediction_results.csv
TVF/HE.TVF..HHE__20250122T122755Z__20250122T122855Z.mseed,HE,TVF,0,0,0,0,2025-01-22 12:27:59.372000,0.368,,,2025-01-22 12:27:55.000000,2025-01-22 12:28:55.000000,eqcct_explosions_th0_1/20250122T122755Z_20250122T122855Z/TVF_outputs/X_prediction_results.csv
LOVF/HE.LOVF..CHN__20250122T122757Z__20250122T122857Z.mseed,HE,LOVF,0,0,0,0,2025-01-22 12:28:02.312000,0.802,2025-01-22 12:28:14.832000,0.156,2025-01-22 12:27:57.000000,2025-01-22 12:28:57.000000,eqcct_explosions_th0_1/20250122T122757Z_20250122T122857Z/LOVF_outputs/X_prediction_results.csv
KY02/HE.KY02..CHN__20250122T122805Z__20250122T122905Z.mseed,HE,KY02,0,0,0,0,2025-01-22 12:28:10.112000,0.668,,,2025-01-22 12:28:05.000000,2025-01-22 12:29:05.000000,eqcct_explosions_th0_1/20250122T122805Z_20250122T122905Z/KY02_outputs/X_prediction_results.csv
TRE03/HE.TRE03..CHN__20250122T122806Z__20250122T122906Z.mseed,HE,TRE03,0,0,0,0,2025-01-22 12:28:11.736000,0.889,,,2025-01-22 12:28:06.000000,2025-01-22 12:29:06.000000,eqcct_explosions_th0_1/20250122T122806Z_20250122T122906Z/TRE03_outputs/X_prediction_results.csv
FIA0/HE.FIA0..HHZ__20250122T122806Z__20250122T122906Z.mseed,HE,FIA0,0,0,0,0,2025-01-22 12:28:11.970000,0.785,,,2025-01-22 12:28:06.000000,2025-01-22 12:29:06.000000,eqcct_explosions_th0_1/20250122T122806Z_20250122T122906Z/FIA0_outputs/X_prediction_results.csv
KY17/HE.KY17..CHN__20250122T122806Z__20250122T122906Z.mseed,HE,KY17,0,0,0,0,2025-01-22 12:28:12.974000,0.443,2025-01-22 12:28:31.174000,0.452,2025-01-22 12:28:06.000000,2025-01-22 12:29:06.000000,eqcct_explosions_th0_1/20250122T122806Z_20250122T122906Z/KY17_outputs/X_prediction_results.csv
FIA1/HE.FIA1..HHN__20250122T122806Z__20250122T122906Z.mseed,HE,FIA1,0,0,0,0,2025-01-22 12:28:11.970000,0.573,,,2025-01-22 12:28:06.000000,2025-01-22 12:29:06.000000,eqcct_explosions_th0_1/20250122T122806Z_20250122T122906Z/FIA1_outputs/X_prediction_results.csv
KORF/HE.KORF..CHZ__20250122T122808Z__20250122T122908Z.mseed,HE,KORF,0,0,0,0,2025-01-22 12:28:13.816000,0.744,2025-01-22 12:28:34.416000,0.102,2025-01-22 12:28:08.000000,2025-01-22 12:29:08.000000,eqcct_explosions_th0_1/20250122T122808Z_20250122T122908Z/KORF_outputs/X_prediction_results.csv
VJF/HE.VJF..HHN__20250122T122808Z__20250122T122908Z.mseed,HE,VJF,0,0,0,0,2025-01-22 12:28:12.588000,0.698,,,2025-01-22 12:28:08.000000,2025-01-22 12:29:08.000000,eqcct_explosions_th0_1/20250122T122808Z_20250122T122908Z/VJF_outputs/X_prediction_results.csv
RAF/HE.RAF..HHE__20250122T122809Z__20250122T122909Z.mseed,HE,RAF,0,0,0,0,2025-01-22 12:28:13.740000,0.647,,,2025-01-22 12:28:09.000000,2025-01-22 12:29:09.000000,eqcct_explosions_th0_1/20250122T122809Z_20250122T122909Z/RAF_outputs/X_prediction_results.csv
KEF/HE.KEF..HHZ__20250122T122841Z__20250122T122941Z.mseed,HE,KEF,0,0,0,0,2025-01-22 12:28:45.560000,0.367,2025-01-22 12:28:48.700000,0.771,2025-01-22 12:28:41.000000,2025-01-22 12:29:41.000000,eqcct_explosions_th0_1/20250122T122841Z_20250122T122941Z/KEF_outputs/X_prediction_results.csv
KPF/HE.KPF..HHZ__20250122T122843Z__20250122T122943Z.mseed,HE,KPF,0,0,0,0,2025-01-22 12:28:47.646000,0.305,,,2025-01-22 12:28:43.000000,2025-01-22 12:29:43.000000,eqcct_explosions_th0_1/20250122T122843Z_20250122T122943Z/KPF_outputs/X_prediction_results.csv
KAF/HE.KAF..HHE__20250122T122845Z__20250122T122945Z.mseed,HE,KAF,0,0,0,0,2025-01-22 12:28:49.210000,0.527,2025-01-22 12:28:52.100000,0.561,2025-01-22 12:28:45.000000,2025-01-22 12:29:45.000000,eqcct_explosions_th0_1/20250122T122845Z_20250122T122945Z/KAF_outputs/X_prediction_results.csv
VUOS/HE.VUOS..HHN__20250122T131038Z__20250122T131138Z.mseed,HE,VUOS,0,0,0,0,2025-01-22 13:10:43.990000,0.88,2025-01-22 13:10:46.930000,0.845,2025-01-22 13:10:38.000000,2025-01-22 13:11:38.000000,eqcct_explosions_th0_1/20250122T131038Z_20250122T131138Z/VUOS_outputs/X_prediction_results.csv
KUNI/HE.KUNI..HHZ__20250122T131039Z__20250122T131139Z.mseed,HE,KUNI,0,0,0,0,2025-01-22 13:10:44.680000,0.913,2025-01-22 13:10:48.160000,0.771,2025-01-22 13:10:39.000000,2025-01-22 13:11:39.000000,eqcct_explosions_th0_1/20250122T131039Z_20250122T131139Z/KUNI_outputs/X_prediction_results.csv
PVF/HE.PVF..CHE__20250122T131040Z__20250122T131140Z.mseed,HE,PVF,0,0,0,0,2025-01-22 13:10:45.780000,0.917,2025-01-22 13:10:50.050000,0.824,2025-01-22 13:10:40.000000,2025-01-22 13:11:40.000000,eqcct_explosions_th0_1/20250122T131040Z_20250122T131140Z/PVF_outputs/X_prediction_results.csv
LAUT/HE.LAUT..HHN__20250122T131041Z__20250122T131141Z.mseed,HE,LAUT,0,0,0,0,2025-01-22 13:10:46.420000,0.863,2025-01-22 13:10:50.910000,0.701,2025-01-22 13:10:41.000000,2025-01-22 13:11:41.000000,eqcct_explosions_th0_1/20250122T131041Z_20250122T131141Z/LAUT_outputs/X_prediction_results.csv
HEL1/HE.HEL1..HHE__20250122T131041Z__20250122T131141Z.mseed,HE,HEL1,0,0,0,0,2025-01-22 13:10:45.810000,0.712,2025-01-22 13:10:50.120000,0.775,2025-01-22 13:10:41.000000,2025-01-22 13:11:41.000000,eqcct_explosions_th0_1/20250122T131041Z_20250122T131141Z/HEL1_outputs/X_prediction_results.csv
NUR/HE.NUR..HHE__20250122T131042Z__20250122T131142Z.mseed,HE,NUR,0,0,0,0,2025-01-22 13:10:47.160000,0.954,2025-01-22 13:10:52.430000,0.773,2025-01-22 13:10:42.000000,2025-01-22 13:11:42.000000,eqcct_explosions_th0_1/20250122T131042Z_20250122T131142Z/NUR_outputs/X_prediction_results.csv
HEL5/HE.HEL5..HHE__20250122T131042Z__20250122T131142Z.mseed,HE,HEL5,0,0,0,0,2025-01-22 13:10:47.680000,0.823,2025-01-22 13:10:53.400000,0.47,2025-01-22 13:10:42.000000,2025-01-22 13:11:42.000000,eqcct_explosions_th0_1/20250122T131042Z_20250122T131142Z/HEL5_outputs/X_prediction_results.csv
MEF/HE.MEF..HHN__20250122T131044Z__20250122T131144Z.mseed,HE,MEF,0,0,0,0,2025-01-22 13:10:49.580000,0.874,2025-01-22 13:10:56.500000,0.729,2025-01-22 13:10:44.000000,2025-01-22 13:11:44.000000,eqcct_explosions_th0_1/20250122T131044Z_20250122T131144Z/MEF_outputs/X_prediction_results.csv
KY17/HE.KY17..CHE__20250122T131052Z__20250122T131152Z.mseed,HE,KY17,0,0,0,0,2025-01-22 13:10:56.332000,0.411,2025-01-22 13:11:12.212000,0.674,2025-01-22 13:10:52.000000,2025-01-22 13:11:52.000000,eqcct_explosions_th0_1/20250122T131052Z_20250122T131152Z/KY17_outputs/X_prediction_results.csv
FIA0/HE.FIA0..HHZ__20250122T131056Z__20250122T131156Z.mseed,HE,FIA0,0,0,0,0,2025-01-22 13:11:01.100000,0.856,2025-01-22 13:11:15.790000,0.243,2025-01-22 13:10:56.000000,2025-01-22 13:11:56.000000,eqcct_explosions_th0_1/20250122T131056Z_20250122T131156Z/FIA0_outputs/X_prediction_results.csv
TVF/HE.TVF..HHN__20250122T131057Z__20250122T131157Z.mseed,HE,TVF,0,0,0,0,2025-01-22 13:11:01.080000,0.888,,,2025-01-22 13:10:57.000000,2025-01-22 13:11:57.000000,eqcct_explosions_th0_1/20250122T131057Z_20250122T131157Z/TVF_outputs/X_prediction_results.csv
TRE03/HE.TRE03..CHN__20250122T131100Z__20250122T131200Z.mseed,HE,TRE03,0,0,0,0,2025-01-22 13:11:05.760000,0.729,2025-01-22 13:11:23.750000,0.346,2025-01-22 13:11:00.000000,2025-01-22 13:12:00.000000,eqcct_explosions_th0_1/20250122T131100Z_20250122T131200Z/TRE03_outputs/X_prediction_results.csv
KEF/HE.KEF..HHN__20250122T131108Z__20250122T131208Z.mseed,HE,KEF,0,0,0,0,2025-01-22 13:11:13.480000,0.844,,,2025-01-22 13:11:08.000000,2025-01-22 13:12:08.000000,eqcct_explosions_th0_1/20250122T131108Z_20250122T131208Z/KEF_outputs/X_prediction_results.csv
RAF/HE.RAF..HHZ__20250122T131109Z__20250122T131209Z.mseed,HE,RAF,0,0,0,0,2025-01-22 13:11:14.580000,0.704,2025-01-22 13:11:39.370000,0.47,2025-01-22 13:11:09.000000,2025-01-22 13:12:09.000000,eqcct_explosions_th0_1/20250122T131109Z_20250122T131209Z/RAF_outputs/X_prediction_results.csv
KORF/HE.KORF..CHN__20250122T131110Z__20250122T131210Z.mseed,HE,KORF,0,0,0,0,2025-01-22 13:11:15.480000,0.893,2025-01-22 13:11:40.590000,0.306,2025-01-22 13:11:10.000000,2025-01-22 13:12:10.000000,eqcct_explosions_th0_1/20250122T131110Z_20250122T131210Z/KORF_outputs/X_prediction_results.csv
KPF/HE.KPF..HHE__20250122T131114Z__20250122T131214Z.mseed,HE,KPF,0,0,0,0,2025-01-22 13:11:19.450000,0.76,2025-01-22 13:11:47.770000,0.254,2025-01-22 13:11:14.000000,2025-01-22 13:12:14.000000,eqcct_explosions_th0_1/20250122T131114Z_20250122T131214Z/KPF_outputs/X_prediction_results.csv
VJF/HE.VJF..HHN__20250122T131114Z__20250122T131214Z.mseed,HE,VJF,0,0,0,0,2025-01-22 13:11:17.030000,0.583,,,2025-01-22 13:11:14.000000,2025-01-22 13:12:14.000000,eqcct_explosions_th0_1/20250122T131114Z_20250122T131214Z/VJF_outputs/X_prediction_results.csv
KAF/HE.KAF..HHZ__20250122T131132Z__20250122T131232Z.mseed,HE,KAF,0,0,0,0,2025-01-22 13:11:36.360000,0.811,2025-01-22 13:11:40.060000,0.244,2025-01-22 13:11:32.000000,2025-01-22 13:12:32.000000,eqcct_explosions_th0_1/20250122T131132Z_20250122T131232Z/KAF_outputs/X_prediction_results.csv
SUF/HE.SUF..HHE__20250122T131149Z__20250122T131249Z.mseed,HE,SUF,0,0,0,0,2025-01-22 13:11:53.150000,0.352,,,2025-01-22 13:11:49.000000,2025-01-22 13:12:49.000000,eqcct_explosions_th0_1/20250122T131149Z_20250122T131249Z/SUF_outputs/X_prediction_results.csv
KJNF/HE.KJNF..CHZ__20250122T142421Z__20250122T142521Z.mseed,HE,KJNF,0,0,0,0,2025-01-22 14:24:26.040000,0.969,2025-01-22 14:24:27.920000,0.601,2025-01-22 14:24:21.000000,2025-01-22 14:25:21.000000,eqcct_explosions_th0_1/20250122T142421Z_20250122T142521Z/KJNF_outputs/X_prediction_results.csv
NIF/HE.NIF..HHN__20250122T142433Z__20250122T142533Z.mseed,HE,NIF,0,0,0,0,2025-01-22 14:24:38.280000,0.91,2025-01-22 14:24:49.070000,0.336,2025-01-22 14:24:33.000000,2025-01-22 14:25:33.000000,eqcct_explosions_th0_1/20250122T142433Z_20250122T142533Z/NIF_outputs/X_prediction_results.csv
RMF/HE.RMF..HHN__20250122T142436Z__20250122T142536Z.mseed,HE,RMF,0,0,0,0,2025-01-22 14:24:41.580000,0.932,2025-01-22 14:24:53.410000,0.293,2025-01-22 14:24:36.000000,2025-01-22 14:25:36.000000,eqcct_explosions_th0_1/20250122T142436Z_20250122T142536Z/RMF_outputs/X_prediction_results.csv
OUF/HE.OUF..HHE__20250122T142443Z__20250122T142543Z.mseed,HE,OUF,0,0,0,0,2025-01-22 14:24:48.720000,0.84,,,2025-01-22 14:24:43.000000,2025-01-22 14:25:43.000000,eqcct_explosions_th0_1/20250122T142443Z_20250122T142543Z/OUF_outputs/X_prediction_results.csv
OBF3/HE.OBF3..HHN__20250122T142446Z__20250122T142546Z.mseed,HE,OBF3,0,0,0,0,2025-01-22 14:24:51.080000,0.922,2025-01-22 14:25:10.670000,0.342,2025-01-22 14:24:46.000000,2025-01-22 14:25:46.000000,eqcct_explosions_th0_1/20250122T142446Z_20250122T142546Z/OBF3_outputs/X_prediction_results.csv
OBF0/HE.OBF0..HHE__20250122T142448Z__20250122T142548Z.mseed,HE,OBF0,0,0,0,0,2025-01-22 14:24:52.212000,0.663,2025-01-22 14:25:13.222000,0.54,2025-01-22 14:24:48.000000,2025-01-22 14:25:48.000000,eqcct_explosions_th0_1/20250122T142448Z_20250122T142548Z/OBF0_outputs/X_prediction_results.csv
SUF/HE.SUF..HHE__20250122T142448Z__20250122T142548Z.mseed,HE,SUF,0,0,0,0,2025-01-22 14:24:53.960000,0.912,2025-01-22 14:25:15.440000,0.461,2025-01-22 14:24:48.000000,2025-01-22 14:25:48.000000,eqcct_explosions_th0_1/20250122T142448Z_20250122T142548Z/SUF_outputs/X_prediction_results.csv
JOF/HE.JOF..HHN__20250122T142455Z__20250122T142555Z.mseed,HE,JOF,0,0,0,0,2025-01-22 14:24:59.320000,0.628,2025-01-22 14:25:26.070000,0.273,2025-01-22 14:24:55.000000,2025-01-22 14:25:55.000000,eqcct_explosions_th0_1/20250122T142455Z_20250122T142555Z/JOF_outputs/X_prediction_results.csv
KEF/HE.KEF..HHN__20250122T142501Z__20250122T142601Z.mseed,HE,KEF,0,0,0,0,2025-01-22 14:25:06.530000,0.702,2025-01-22 14:25:37.260000,0.643,2025-01-22 14:25:01.000000,2025-01-22 14:26:01.000000,eqcct_explosions_th0_1/20250122T142501Z_20250122T142601Z/KEF_outputs/X_prediction_results.csv
KAF/HE.KAF..HHZ__20250122T142526Z__20250122T142626Z.mseed,HE,KAF,0,0,0,0,2025-01-22 14:25:31.080000,0.211,2025-01-22 14:25:31.050000,0.144,2025-01-22 14:25:26.000000,2025-01-22 14:26:26.000000,eqcct_explosions_th0_1/20250122T142526Z_20250122T142626Z/KAF_outputs/X_prediction_results.csv
VAF/HE.VAF..HHZ__20250122T142536Z__20250122T142636Z.mseed,HE,VAF,0,0,0,0,2025-01-22 14:25:41.650000,0.187,2025-01-22 14:25:41.550000,0.585,2025-01-22 14:25:36.000000,2025-01-22 14:26:36.000000,eqcct_explosions_th0_1/20250122T142536Z_20250122T142636Z/VAF_outputs/X_prediction_results.csv
TRE03/HE.TRE03..CHZ__20250122T142543Z__20250122T142643Z.mseed,HE,TRE03,0,0,0,0,2025-01-22 14:25:47.580000,0.784,,,2025-01-22 14:25:43.000000,2025-01-22 14:26:43.000000,eqcct_explosions_th0_1/20250122T142543Z_20250122T142643Z/TRE03_outputs/X_prediction_results.csv
VJF/HE.VJF..HHZ__20250122T142815Z__20250122T142915Z.mseed,HE,VJF,0,0,0,0,2025-01-22 14:28:20.700000,0.881,2025-01-22 14:28:24.710000,0.631,2025-01-22 14:28:15.000000,2025-01-22 14:29:15.000000,eqcct_explosions_th0_1/20250122T142815Z_20250122T142915Z/VJF_outputs/X_prediction_results.csv
KY17/HE.KY17..CHZ__20250122T142816Z__20250122T142916Z.mseed,HE,KY17,0,0,0,0,2025-01-22 14:28:21.566000,0.887,2025-01-22 14:28:26.106000,0.444,2025-01-22 14:28:16.000000,2025-01-22 14:29:16.000000,eqcct_explosions_th0_1/20250122T142816Z_20250122T142916Z/KY17_outputs/X_prediction_results.csv
LOVF/HE.LOVF..CHE__20250122T142817Z__20250122T142917Z.mseed,HE,LOVF,0,0,0,0,2025-01-22 14:28:22.744000,0.944,2025-01-22 14:28:28.314000,0.527,2025-01-22 14:28:17.000000,2025-01-22 14:29:17.000000,eqcct_explosions_th0_1/20250122T142817Z_20250122T142917Z/LOVF_outputs/X_prediction_results.csv
KY02/HE.KY02..CHN__20250122T142817Z__20250122T142917Z.mseed,HE,KY02,0,0,0,0,2025-01-22 14:28:22.334000,0.87,2025-01-22 14:28:27.774000,0.815,2025-01-22 14:28:17.000000,2025-01-22 14:29:17.000000,eqcct_explosions_th0_1/20250122T142817Z_20250122T142917Z/KY02_outputs/X_prediction_results.csv
PVF/HE.PVF..CHN__20250122T142820Z__20250122T142920Z.mseed,HE,PVF,0,0,0,0,2025-01-22 14:28:25.914000,0.772,2025-01-22 14:28:33.554000,0.613,2025-01-22 14:28:20.000000,2025-01-22 14:29:20.000000,eqcct_explosions_th0_1/20250122T142820Z_20250122T142920Z/PVF_outputs/X_prediction_results.csv
FIA0/HE.FIA0..HHN__20250122T142827Z__20250122T142927Z.mseed,HE,FIA0,0,0,0,0,2025-01-22 14:28:32.700000,0.729,2025-01-22 14:28:45.890000,0.735,2025-01-22 14:28:27.000000,2025-01-22 14:29:27.000000,eqcct_explosions_th0_1/20250122T142827Z_20250122T142927Z/FIA0_outputs/X_prediction_results.csv
FIA1/HE.FIA1..HHN__20250122T142827Z__20250122T142927Z.mseed,HE,FIA1,0,0,0,0,2025-01-22 14:28:32.699999,0.729,2025-01-22 14:28:45.889999,0.601,2025-01-22 14:28:27.000000,2025-01-22 14:29:27.000000,eqcct_explosions_th0_1/20250122T142827Z_20250122T142927Z/FIA1_outputs/X_prediction_results.csv
VUOS/HE.VUOS..HHZ__20250122T142828Z__20250122T142928Z.mseed,HE,VUOS,0,0,0,0,2025-01-22 14:28:33.680000,0.905,,,2025-01-22 14:28:28.000000,2025-01-22 14:29:28.000000,eqcct_explosions_th0_1/20250122T142828Z_20250122T142928Z/VUOS_outputs/X_prediction_results.csv
KUNI/HE.KUNI..HHE__20250122T142830Z__20250122T142930Z.mseed,HE,KUNI,0,0,0,0,2025-01-22 14:28:34.072000,0.389,,,2025-01-22 14:28:30.000000,2025-01-22 14:29:30.000000,eqcct_explosions_th0_1/20250122T142830Z_20250122T142930Z/KUNI_outputs/X_prediction_results.csv
NUR/HE.NUR..HHZ__20250122T142831Z__20250122T142931Z.mseed,HE,NUR,0,0,0,0,2025-01-22 14:28:36.464000,0.885,,,2025-01-22 14:28:31.000000,2025-01-22 14:29:31.000000,eqcct_explosions_th0_1/20250122T142831Z_20250122T142931Z/NUR_outputs/X_prediction_results.csv
RUF/HE.RUF..HHZ__20250122T142832Z__20250122T142932Z.mseed,HE,RUF,0,0,0,0,2025-01-22 14:28:37.624000,0.849,,,2025-01-22 14:28:32.000000,2025-01-22 14:29:32.000000,eqcct_explosions_th0_1/20250122T142832Z_20250122T142932Z/RUF_outputs/X_prediction_results.csv
HEL5/HE.HEL5..HHN__20250122T142832Z__20250122T142932Z.mseed,HE,HEL5,0,0,0,0,2025-01-22 14:28:36.624000,0.683,,,2025-01-22 14:28:32.000000,2025-01-22 14:29:32.000000,eqcct_explosions_th0_1/20250122T142832Z_20250122T142932Z/HEL5_outputs/X_prediction_results.csv
MEF/HE.MEF..HHE__20250122T142834Z__20250122T142934Z.mseed,HE,MEF,0,0,0,0,2025-01-22 14:28:38.940000,0.767,,,2025-01-22 14:28:34.000000,2025-01-22 14:29:34.000000,eqcct_explosions_th0_1/20250122T142834Z_20250122T142934Z/MEF_outputs/X_prediction_results.csv
KAF/HE.KAF..HHZ__20250122T142838Z__20250122T142938Z.mseed,HE,KAF,0,0,0,0,2025-01-22 14:28:43.290000,0.835,2025-01-22 14:29:04.160000,0.441,2025-01-22 14:28:38.000000,2025-01-22 14:29:38.000000,eqcct_explosions_th0_1/20250122T142838Z_20250122T142938Z/KAF_outputs/X_prediction_results.csv
TRE03/HE.TRE03..CHZ__20250122T142840Z__20250122T142940Z.mseed,HE,TRE03,0,0,0,0,2025-01-22 14:28:45.740000,0.801,2025-01-22 14:29:08.950000,0.114,2025-01-22 14:28:40.000000,2025-01-22 14:29:40.000000,eqcct_explosions_th0_1/20250122T142840Z_20250122T142940Z/TRE03_outputs/X_prediction_results.csv
KEF/HE.KEF..HHE__20250122T142843Z__20250122T142943Z.mseed,HE,KEF,0,0,0,0,2025-01-22 14:28:48.760000,0.84,2025-01-22 14:29:14.460000,0.505,2025-01-22 14:28:43.000000,2025-01-22 14:29:43.000000,eqcct_explosions_th0_1/20250122T142843Z_20250122T142943Z/KEF_outputs/X_prediction_results.csv
SUF/HE.SUF..HHE__20250122T142847Z__20250122T142947Z.mseed,HE,SUF,0,0,0,0,2025-01-22 14:28:51.928000,0.571,2025-01-22 14:29:22.898000,0.463,2025-01-22 14:28:47.000000,2025-01-22 14:29:47.000000,eqcct_explosions_th0_1/20250122T142847Z_20250122T142947Z/SUF_outputs/X_prediction_results.csv
RAF/HE.RAF..HHZ__20250123T023936Z__20250123T024036Z.mseed,HE,RAF,0,0,0,0,2025-01-23 02:39:41.320000,0.951,2025-01-23 02:39:47.260000,0.814,2025-01-23 02:39:36.000000,2025-01-23 02:40:36.000000,eqcct_explosions_th0_1/20250123T023936Z_20250123T024036Z/RAF_outputs/X_prediction_results.csv
KPF/HE.KPF..HHE__20250123T023942Z__20250123T024042Z.mseed,HE,KPF,0,0,0,0,2025-01-23 02:39:47.540000,0.859,2025-01-23 02:39:58.310000,0.258,2025-01-23 02:39:42.000000,2025-01-23 02:40:42.000000,eqcct_explosions_th0_1/20250123T023942Z_20250123T024042Z/KPF_outputs/X_prediction_results.csv
TRE03/HE.TRE03..CHE__20250123T023945Z__20250123T024045Z.mseed,HE,TRE03,0,0,0,0,2025-01-23 02:39:49.152000,0.426,,,2025-01-23 02:39:45.000000,2025-01-23 02:40:45.000000,eqcct_explosions_th0_1/20250123T023945Z_20250123T024045Z/TRE03_outputs/X_prediction_results.csv
KEF/HE.KEF..HHE__20250123T023955Z__20250123T024055Z.mseed,HE,KEF,0,0,0,0,2025-01-23 02:39:59.890000,0.186,,,2025-01-23 02:39:55.000000,2025-01-23 02:40:55.000000,eqcct_explosions_th0_1/20250123T023955Z_20250123T024055Z/KEF_outputs/X_prediction_results.csv
ECKF/HE.ECKF..CHE__20250123T023959Z__20250123T024059Z.mseed,HE,ECKF,0,0,0,0,2025-01-23 02:40:03.508000,0.158,,,2025-01-23 02:39:59.000000,2025-01-23 02:40:59.000000,eqcct_explosions_th0_1/20250123T023959Z_20250123T024059Z/ECKF_outputs/X_prediction_results.csv
FIA0/HE.FIA0..HHZ__20250123T023959Z__20250123T024059Z.mseed,HE,FIA0,0,0,0,0,2025-01-23 02:40:03.140000,0.286,,,2025-01-23 02:39:59.000000,2025-01-23 02:40:59.000000,eqcct_explosions_th0_1/20250123T023959Z_20250123T024059Z/FIA0_outputs/X_prediction_results.csv
FIA1/HE.FIA1..HHE__20250123T023959Z__20250123T024059Z.mseed,HE,FIA1,0,0,0,0,2025-01-23 02:40:03.130000,0.427,,,2025-01-23 02:39:59.000000,2025-01-23 02:40:59.000000,eqcct_explosions_th0_1/20250123T023959Z_20250123T024059Z/FIA1_outputs/X_prediction_results.csv
OBF8/HE.OBF8..HHE__20250123T074914Z__20250123T075014Z.mseed,HE,OBF8,0,0,0,0,2025-01-23 07:49:19.880000,0.889,2025-01-23 07:49:31.890000,0.441,2025-01-23 07:49:14.000000,2025-01-23 07:50:14.000000,eqcct_explosions_th0_1/20250123T074914Z_20250123T075014Z/OBF8_outputs/X_prediction_results.csv
VAF/HE.VAF..HHZ__20250123T074916Z__20250123T075016Z.mseed,HE,VAF,0,0,0,0,2025-01-23 07:49:21.780000,0.74,2025-01-23 07:49:33.850000,0.699,2025-01-23 07:49:16.000000,2025-01-23 07:50:16.000000,eqcct_explosions_th0_1/20250123T074916Z_20250123T075016Z/VAF_outputs/X_prediction_results.csv
OUF/HE.OUF..HHZ__20250123T074917Z__20250123T075017Z.mseed,HE,OUF,0,0,0,0,2025-01-23 07:49:22.180000,0.915,2025-01-23 07:49:33.670000,0.104,2025-01-23 07:49:17.000000,2025-01-23 07:50:17.000000,eqcct_explosions_th0_1/20250123T074917Z_20250123T075017Z/OUF_outputs/X_prediction_results.csv
OBF0/HE.OBF0..HHE__20250123T074918Z__20250123T075018Z.mseed,HE,OBF0,0,0,0,0,2025-01-23 07:49:23.180000,0.904,2025-01-23 07:49:36.380000,0.672,2025-01-23 07:49:18.000000,2025-01-23 07:50:18.000000,eqcct_explosions_th0_1/20250123T074918Z_20250123T075018Z/OBF0_outputs/X_prediction_results.csv
OBF3/HE.OBF3..HHE__20250123T074924Z__20250123T075024Z.mseed,HE,OBF3,0,0,0,0,2025-01-23 07:49:29.880000,0.843,2025-01-23 07:49:47.360000,0.453,2025-01-23 07:49:24.000000,2025-01-23 07:50:24.000000,eqcct_explosions_th0_1/20250123T074924Z_20250123T075024Z/OBF3_outputs/X_prediction_results.csv
SUF/HE.SUF..HHN__20250123T074928Z__20250123T075028Z.mseed,HE,SUF,0,0,0,0,2025-01-23 07:49:33.180000,0.907,2025-01-23 07:49:52.530000,0.365,2025-01-23 07:49:28.000000,2025-01-23 07:50:28.000000,eqcct_explosions_th0_1/20250123T074928Z_20250123T075028Z/SUF_outputs/X_prediction_results.csv
KEF/HE.KEF..HHE__20250123T074930Z__20250123T075030Z.mseed,HE,KEF,0,0,0,0,2025-01-23 07:49:35.680000,0.757,2025-01-23 07:49:57.030000,0.391,2025-01-23 07:49:30.000000,2025-01-23 07:50:30.000000,eqcct_explosions_th0_1/20250123T074930Z_20250123T075030Z/KEF_outputs/X_prediction_results.csv
NIF/HE.NIF..HHE__20250123T074935Z__20250123T075035Z.mseed,HE,NIF,0,0,0,0,2025-01-23 07:49:40.000000,0.76,2025-01-23 07:50:03.960000,0.282,2025-01-23 07:49:35.000000,2025-01-23 07:50:35.000000,eqcct_explosions_th0_1/20250123T074935Z_20250123T075035Z/NIF_outputs/X_prediction_results.csv
KAF/HE.KAF..HHN__20250123T074936Z__20250123T075036Z.mseed,HE,KAF,0,0,0,0,2025-01-23 07:49:41.730000,0.475,2025-01-23 07:50:08.040000,0.262,2025-01-23 07:49:36.000000,2025-01-23 07:50:36.000000,eqcct_explosions_th0_1/20250123T074936Z_20250123T075036Z/KAF_outputs/X_prediction_results.csv
KPF/HE.KPF..HHE__20250123T074938Z__20250123T075038Z.mseed,HE,KPF,0,0,0,0,2025-01-23 07:49:43.080000,0.802,,,2025-01-23 07:49:38.000000,2025-01-23 07:50:38.000000,eqcct_explosions_th0_1/20250123T074938Z_20250123T075038Z/KPF_outputs/X_prediction_results.csv
TRE03/HE.TRE03..CHN__20250123T074940Z__20250123T075040Z.mseed,HE,TRE03,0,0,0,0,2025-01-23 07:49:44.280000,0.904,,,2025-01-23 07:49:40.000000,2025-01-23 07:50:40.000000,eqcct_explosions_th0_1/20250123T074940Z_20250123T075040Z/TRE03_outputs/X_prediction_results.csv
FIA0/HE.FIA0..HHE__20250123T074945Z__20250123T075045Z.mseed,HE,FIA0,0,0,0,0,2025-01-23 07:49:49.300000,0.537,,,2025-01-23 07:49:45.000000,2025-01-23 07:50:45.000000,eqcct_explosions_th0_1/20250123T074945Z_20250123T075045Z/FIA0_outputs/X_prediction_results.csv
TOF/HE.TOF..HHZ__20250123T074945Z__20250123T075045Z.mseed,HE,TOF,0,0,0,0,2025-01-23 07:49:49.480000,0.774,,,2025-01-23 07:49:45.000000,2025-01-23 07:50:45.000000,eqcct_explosions_th0_1/20250123T074945Z_20250123T075045Z/TOF_outputs/X_prediction_results.csv
KU2/HE.KU2..SHZ__20250123T074948Z__20250123T075048Z.mseed,HE,KU2,0,0,0,0,2025-01-23 07:49:53.950000,0.76,,,2025-01-23 07:49:48.000000,2025-01-23 07:50:48.000000,eqcct_explosions_th0_1/20250123T074948Z_20250123T075048Z/KU2_outputs/X_prediction_results.csv
RMF/HE.RMF..HHE__20250123T074950Z__20250123T075050Z.mseed,HE,RMF,0,0,0,0,2025-01-23 07:49:54.402000,0.514,,,2025-01-23 07:49:50.000000,2025-01-23 07:50:50.000000,eqcct_explosions_th0_1/20250123T074950Z_20250123T075050Z/RMF_outputs/X_prediction_results.csv
KU6/HE.KU6..HHE__20250123T074959Z__20250123T075059Z.mseed,HE,KU6,0,0,0,0,2025-01-23 07:50:03.140000,0.394,,,2025-01-23 07:49:59.000000,2025-01-23 07:50:59.000000,eqcct_explosions_th0_1/20250123T074959Z_20250123T075059Z/KU6_outputs/X_prediction_results.csv
RAF/HE.RAF..HHN__20250123T075028Z__20250123T075128Z.mseed,HE,RAF,0,0,0,0,2025-01-23 07:50:32.750000,0.27,,,2025-01-23 07:50:28.000000,2025-01-23 07:51:28.000000,eqcct_explosions_th0_1/20250123T075028Z_20250123T075128Z/RAF_outputs/X_prediction_results.csv
RUF/HE.RUF..HHZ__20250123T110228Z__20250123T110328Z.mseed,HE,RUF,0,0,0,0,2025-01-23 11:02:33.216000,0.932,2025-01-23 11:02:35.716000,0.69,2025-01-23 11:02:28.000000,2025-01-23 11:03:28.000000,eqcct_explosions_th0_1/20250123T110228Z_20250123T110328Z/RUF_outputs/X_prediction_results.csv
KY17/HE.KY17..CHN__20250123T110242Z__20250123T110342Z.mseed,HE,KY17,0,0,0,0,2025-01-23 11:02:47.480000,0.903,2025-01-23 11:03:00.800000,0.562,2025-01-23 11:02:42.000000,2025-01-23 11:03:42.000000,eqcct_explosions_th0_1/20250123T110242Z_20250123T110342Z/KY17_outputs/X_prediction_results.csv
VJF/HE.VJF..HHE__20250123T110242Z__20250123T110342Z.mseed,HE,VJF,0,0,0,0,2025-01-23 11:02:47.360000,0.481,2025-01-23 11:03:01.190000,0.321,2025-01-23 11:02:42.000000,2025-01-23 11:03:42.000000,eqcct_explosions_th0_1/20250123T110242Z_20250123T110342Z/VJF_outputs/X_prediction_results.csv
KY02/HE.KY02..CHZ__20250123T110244Z__20250123T110344Z.mseed,HE,KY02,0,0,0,0,2025-01-23 11:02:49.312000,0.574,2025-01-23 11:03:04.502000,0.537,2025-01-23 11:02:44.000000,2025-01-23 11:03:44.000000,eqcct_explosions_th0_1/20250123T110244Z_20250123T110344Z/KY02_outputs/X_prediction_results.csv
FIA1/HE.FIA1..HHN__20250123T110249Z__20250123T110349Z.mseed,HE,FIA1,0,0,0,0,2025-01-23 11:02:54.880000,0.761,,,2025-01-23 11:02:49.000000,2025-01-23 11:03:49.000000,eqcct_explosions_th0_1/20250123T110249Z_20250123T110349Z/FIA1_outputs/X_prediction_results.csv
FIA0/HE.FIA0..HHN__20250123T110249Z__20250123T110349Z.mseed,HE,FIA0,0,0,0,0,2025-01-23 11:02:54.880000,0.624,,,2025-01-23 11:02:49.000000,2025-01-23 11:03:49.000000,eqcct_explosions_th0_1/20250123T110249Z_20250123T110349Z/FIA0_outputs/X_prediction_results.csv
LOVF/HE.LOVF..CHZ__20250123T110251Z__20250123T110351Z.mseed,HE,LOVF,0,0,0,0,2025-01-23 11:02:56.964000,0.84,,,2025-01-23 11:02:51.000000,2025-01-23 11:03:51.000000,eqcct_explosions_th0_1/20250123T110251Z_20250123T110351Z/LOVF_outputs/X_prediction_results.csv
KAF/HE.KAF..HHN__20250123T110252Z__20250123T110352Z.mseed,HE,KAF,0,0,0,0,2025-01-23 11:02:57.880000,0.44,,,2025-01-23 11:02:52.000000,2025-01-23 11:03:52.000000,eqcct_explosions_th0_1/20250123T110252Z_20250123T110352Z/KAF_outputs/X_prediction_results.csv
PVF/HE.PVF..CHN__20250123T110254Z__20250123T110354Z.mseed,HE,PVF,0,0,0,0,2025-01-23 11:02:59.284000,0.813,,,2025-01-23 11:02:54.000000,2025-01-23 11:03:54.000000,eqcct_explosions_th0_1/20250123T110254Z_20250123T110354Z/PVF_outputs/X_prediction_results.csv
SUF/HE.SUF..HHN__20250123T110300Z__20250123T110400Z.mseed,HE,SUF,0,0,0,0,2025-01-23 11:03:05.084000,0.832,2025-01-23 11:03:30.354000,0.309,2025-01-23 11:03:00.000000,2025-01-23 11:04:00.000000,eqcct_explosions_th0_1/20250123T110300Z_20250123T110400Z/SUF_outputs/X_prediction_results.csv
JOF/HE.JOF..HHE__20250123T110300Z__20250123T110400Z.mseed,HE,JOF,0,0,0,0,2025-01-23 11:03:05.080000,0.165,,,2025-01-23 11:03:00.000000,2025-01-23 11:04:00.000000,eqcct_explosions_th0_1/20250123T110300Z_20250123T110400Z/JOF_outputs/X_prediction_results.csv
KEF/HE.KEF..HHE__20250123T110301Z__20250123T110401Z.mseed,HE,KEF,0,0,0,0,2025-01-23 11:03:06.940000,0.192,,,2025-01-23 11:03:01.000000,2025-01-23 11:04:01.000000,eqcct_explosions_th0_1/20250123T110301Z_20250123T110401Z/KEF_outputs/X_prediction_results.csv
OBF3/HE.OBF3..HHE__20250123T111110Z__20250123T111210Z.mseed,HE,OBF3,0,0,0,0,2025-01-23 11:11:15.524000,0.917,2025-01-23 11:11:22.294000,0.61,2025-01-23 11:11:10.000000,2025-01-23 11:12:10.000000,eqcct_explosions_th0_1/20250123T111110Z_20250123T111210Z/OBF3_outputs/X_prediction_results.csv
OUF/HE.OUF..HHZ__20250123T111116Z__20250123T111216Z.mseed,HE,OUF,0,0,0,0,2025-01-23 11:11:21.710000,0.931,2025-01-23 11:11:33.280000,0.375,2025-01-23 11:11:16.000000,2025-01-23 11:12:16.000000,eqcct_explosions_th0_1/20250123T111116Z_20250123T111216Z/OUF_outputs/X_prediction_results.csv
OBF0/HE.OBF0..SHE__20250123T111117Z__20250123T111217Z.mseed,HE,OBF0,0,0,0,0,2025-01-23 11:11:22.384000,0.906,2025-01-23 11:11:34.054000,0.485,2025-01-23 11:11:17.000000,2025-01-23 11:12:17.000000,eqcct_explosions_th0_1/20250123T111117Z_20250123T111217Z/OBF0_outputs/X_prediction_results.csv
RANF/FN.RANF..HHZ__20250123T111120Z__20250123T111220Z.mseed,FN,RANF,0,0,0,0,2025-01-23 11:11:25.550000,0.57,2025-01-23 11:11:41.300000,0.183,2025-01-23 11:11:20.000000,2025-01-23 11:12:20.000000,eqcct_explosions_th0_1/20250123T111120Z_20250123T111220Z/RANF_outputs/X_prediction_results.csv
TOF/HE.TOF..HHN__20250123T111121Z__20250123T111221Z.mseed,HE,TOF,0,0,0,0,2025-01-23 11:11:26.770000,0.832,2025-01-23 11:11:41.180000,0.375,2025-01-23 11:11:21.000000,2025-01-23 11:12:21.000000,eqcct_explosions_th0_1/20250123T111121Z_20250123T111221Z/TOF_outputs/X_prediction_results.csv
KU2/HE.KU2..SHN__20250123T111123Z__20250123T111223Z.mseed,HE,KU2,0,0,0,0,2025-01-23 11:11:28.888000,0.839,2025-01-23 11:11:46.358000,0.371,2025-01-23 11:11:23.000000,2025-01-23 11:12:23.000000,eqcct_explosions_th0_1/20250123T111123Z_20250123T111223Z/KU2_outputs/X_prediction_results.csv
OBF8/HE.OBF8..HHN__20250123T111123Z__20250123T111223Z.mseed,HE,OBF8,0,0,0,0,2025-01-23 11:11:28.712000,0.886,,,2025-01-23 11:11:23.000000,2025-01-23 11:12:23.000000,eqcct_explosions_th0_1/20250123T111123Z_20250123T111223Z/OBF8_outputs/X_prediction_results.csv
KU1/HE.KU1..SHE__20250123T111132Z__20250123T111232Z.mseed,HE,KU1,0,0,0,0,2025-01-23 11:11:37.004000,0.737,,,2025-01-23 11:11:32.000000,2025-01-23 11:12:32.000000,eqcct_explosions_th0_1/20250123T111132Z_20250123T111232Z/KU1_outputs/X_prediction_results.csv
NIF/HE.NIF..HHZ__20250123T111136Z__20250123T111236Z.mseed,HE,NIF,0,0,0,0,2025-01-23 11:11:41.332000,0.854,,,2025-01-23 11:11:36.000000,2025-01-23 11:12:36.000000,eqcct_explosions_th0_1/20250123T111136Z_20250123T111236Z/NIF_outputs/X_prediction_results.csv
KU6/HE.KU6..HHE__20250123T111136Z__20250123T111236Z.mseed,HE,KU6,0,0,0,0,2025-01-23 11:11:41.660000,0.759,2025-01-23 11:12:07.950000,0.246,2025-01-23 11:11:36.000000,2025-01-23 11:12:36.000000,eqcct_explosions_th0_1/20250123T111136Z_20250123T111236Z/KU6_outputs/X_prediction_results.csv
RMF/HE.RMF..HHZ__20250123T111137Z__20250123T111237Z.mseed,HE,RMF,0,0,0,0,2025-01-23 11:11:41.592000,0.634,2025-01-23 11:12:09.222000,0.323,2025-01-23 11:11:37.000000,2025-01-23 11:12:37.000000,eqcct_explosions_th0_1/20250123T111137Z_20250123T111237Z/RMF_outputs/X_prediction_results.csv
OLKF/FN.OLKF..BHZ__20250123T111137Z__20250123T111237Z.mseed,FN,OLKF,0,0,0,0,2025-01-23 11:11:42.250000,0.597,2025-01-23 11:12:08.450000,0.161,2025-01-23 11:11:37.000000,2025-01-23 11:12:37.000000,eqcct_explosions_th0_1/20250123T111137Z_20250123T111237Z/OLKF_outputs/X_prediction_results.csv
ALAJF/HE.ALAJF..HHE__20250123T111138Z__20250123T111238Z.mseed,HE,ALAJF,0,0,0,0,2025-01-23 11:11:43.516000,0.429,,,2025-01-23 11:11:38.000000,2025-01-23 11:12:38.000000,eqcct_explosions_th0_1/20250123T111138Z_20250123T111238Z/ALAJF_outputs/X_prediction_results.csv
KLF/FN.KLF..HHZ__20250123T111140Z__20250123T111240Z.mseed,FN,KLF,0,0,0,0,2025-01-23 11:11:44.150000,0.406,,,2025-01-23 11:11:40.000000,2025-01-23 11:12:40.000000,eqcct_explosions_th0_1/20250123T111140Z_20250123T111240Z/KLF_outputs/X_prediction_results.csv
NUR/HE.NUR..HHN__20250123T111518Z__20250123T111618Z.mseed,HE,NUR,0,0,0,0,2025-01-23 11:15:23.540000,0.874,2025-01-23 11:15:25.520000,0.661,2025-01-23 11:15:18.000000,2025-01-23 11:16:18.000000,eqcct_explosions_th0_1/20250123T111518Z_20250123T111618Z/NUR_outputs/X_prediction_results.csv
KUNI/HE.KUNI..HHE__20250123T111519Z__20250123T111619Z.mseed,HE,KUNI,0,0,0,0,2025-01-23 11:15:24.140000,0.907,2025-01-23 11:15:26.350000,0.748,2025-01-23 11:15:19.000000,2025-01-23 11:16:19.000000,eqcct_explosions_th0_1/20250123T111519Z_20250123T111619Z/KUNI_outputs/X_prediction_results.csv
HEL5/HE.HEL5..HHN__20250123T111521Z__20250123T111621Z.mseed,HE,HEL5,0,0,0,0,2025-01-23 11:15:26.980000,0.954,2025-01-23 11:15:31.630000,0.766,2025-01-23 11:15:21.000000,2025-01-23 11:16:21.000000,eqcct_explosions_th0_1/20250123T111521Z_20250123T111621Z/HEL5_outputs/X_prediction_results.csv
LAUT/HE.LAUT..HHZ__20250123T111521Z__20250123T111621Z.mseed,HE,LAUT,0,0,0,0,2025-01-23 11:15:26.300000,0.876,2025-01-23 11:15:30.020000,0.718,2025-01-23 11:15:21.000000,2025-01-23 11:16:21.000000,eqcct_explosions_th0_1/20250123T111521Z_20250123T111621Z/LAUT_outputs/X_prediction_results.csv
VUOS/HE.VUOS..HHZ__20250123T111521Z__20250123T111621Z.mseed,HE,VUOS,0,0,0,0,2025-01-23 11:15:26.380000,0.872,2025-01-23 11:15:30.280000,0.512,2025-01-23 11:15:21.000000,2025-01-23 11:16:21.000000,eqcct_explosions_th0_1/20250123T111521Z_20250123T111621Z/VUOS_outputs/X_prediction_results.csv
PVF/HE.PVF..CHZ__20250123T111525Z__20250123T111625Z.mseed,HE,PVF,0,0,0,0,2025-01-23 11:15:30.780000,0.914,2025-01-23 11:15:37.980000,0.604,2025-01-23 11:15:25.000000,2025-01-23 11:16:25.000000,eqcct_explosions_th0_1/20250123T111525Z_20250123T111625Z/PVF_outputs/X_prediction_results.csv
TVF/HE.TVF..HHE__20250123T111534Z__20250123T111634Z.mseed,HE,TVF,0,0,0,0,2025-01-23 11:15:39.680000,0.891,,,2025-01-23 11:15:34.000000,2025-01-23 11:16:34.000000,eqcct_explosions_th0_1/20250123T111534Z_20250123T111634Z/TVF_outputs/X_prediction_results.csv
FIA0/HE.FIA0..HHN__20250123T111538Z__20250123T111638Z.mseed,HE,FIA0,0,0,0,0,2025-01-23 11:15:43.100000,0.915,2025-01-23 11:16:04.660000,0.165,2025-01-23 11:15:38.000000,2025-01-23 11:16:38.000000,eqcct_explosions_th0_1/20250123T111538Z_20250123T111638Z/FIA0_outputs/X_prediction_results.csv
KY17/HE.KY17..CHZ__20250123T111538Z__20250123T111638Z.mseed,HE,KY17,0,0,0,0,2025-01-23 11:15:43.410000,0.696,2025-01-23 11:15:59.740000,0.736,2025-01-23 11:15:38.000000,2025-01-23 11:16:38.000000,eqcct_explosions_th0_1/20250123T111538Z_20250123T111638Z/KY17_outputs/X_prediction_results.csv
TRE03/HE.TRE03..CHE__20250123T111539Z__20250123T111639Z.mseed,HE,TRE03,0,0,0,0,2025-01-23 11:15:44.470000,0.663,,,2025-01-23 11:15:39.000000,2025-01-23 11:16:39.000000,eqcct_explosions_th0_1/20250123T111539Z_20250123T111639Z/TRE03_outputs/X_prediction_results.csv
VJF/HE.VJF..HHE__20250123T111540Z__20250123T111640Z.mseed,HE,VJF,0,0,0,0,2025-01-23 11:15:44.952000,0.901,,,2025-01-23 11:15:40.000000,2025-01-23 11:16:40.000000,eqcct_explosions_th0_1/20250123T111540Z_20250123T111640Z/VJF_outputs/X_prediction_results.csv
RAF/HE.RAF..HHE__20250123T111546Z__20250123T111646Z.mseed,HE,RAF,0,0,0,0,2025-01-23 11:15:51.080000,0.83,2025-01-23 11:16:12.800000,0.5,2025-01-23 11:15:46.000000,2025-01-23 11:16:46.000000,eqcct_explosions_th0_1/20250123T111546Z_20250123T111646Z/RAF_outputs/X_prediction_results.csv
KORF/HE.KORF..CHZ__20250123T111547Z__20250123T111647Z.mseed,HE,KORF,0,0,0,0,2025-01-23 11:15:51.220000,0.622,,,2025-01-23 11:15:47.000000,2025-01-23 11:16:47.000000,eqcct_explosions_th0_1/20250123T111547Z_20250123T111647Z/KORF_outputs/X_prediction_results.csv
KEF/HE.KEF..HHZ__20250123T111548Z__20250123T111648Z.mseed,HE,KEF,0,0,0,0,2025-01-23 11:15:53.880000,0.528,,,2025-01-23 11:15:48.000000,2025-01-23 11:16:48.000000,eqcct_explosions_th0_1/20250123T111548Z_20250123T111648Z/KEF_outputs/X_prediction_results.csv
KAF/HE.KAF..HHZ__20250123T111549Z__20250123T111649Z.mseed,HE,KAF,0,0,0,0,2025-01-23 11:15:54.950000,0.58,,,2025-01-23 11:15:49.000000,2025-01-23 11:16:49.000000,eqcct_explosions_th0_1/20250123T111549Z_20250123T111649Z/KAF_outputs/X_prediction_results.csv
KPF/HE.KPF..HHN__20250123T111552Z__20250123T111652Z.mseed,HE,KPF,0,0,0,0,2025-01-23 11:15:57.042000,0.685,2025-01-23 11:16:22.322000,0.289,2025-01-23 11:15:52.000000,2025-01-23 11:16:52.000000,eqcct_explosions_th0_1/20250123T111552Z_20250123T111652Z/KPF_outputs/X_prediction_results.csv
SUF/HE.SUF..HHZ__20250123T111558Z__20250123T111658Z.mseed,HE,SUF,0,0,0,0,2025-01-23 11:16:03.020000,0.131,,,2025-01-23 11:15:58.000000,2025-01-23 11:16:58.000000,eqcct_explosions_th0_1/20250123T111558Z_20250123T111658Z/SUF_outputs/X_prediction_results.csv
AAL/UP.AAL..HHZ__20250123T111633Z__20250123T111733Z.mseed,UP,AAL,0,0,0,0,2025-01-23 11:16:38.600000,0.788,2025-01-23 11:16:50.750000,0.124,2025-01-23 11:16:33.000000,2025-01-23 11:17:33.000000,eqcct_explosions_th0_1/20250123T111633Z_20250123T111733Z/AAL_outputs/X_prediction_results.csv
NIF/HE.NIF..HHN__20250123T113314Z__20250123T113414Z.mseed,HE,NIF,0,0,0,0,2025-01-23 11:33:19.290000,0.841,,,2025-01-23 11:33:14.000000,2025-01-23 11:34:14.000000,eqcct_explosions_th0_1/20250123T113314Z_20250123T113414Z/NIF_outputs/X_prediction_results.csv
SUF/HE.SUF..HHN__20250123T113324Z__20250123T113424Z.mseed,HE,SUF,0,0,0,0,2025-01-23 11:33:29.880000,0.883,2025-01-23 11:33:41.990000,0.524,2025-01-23 11:33:24.000000,2025-01-23 11:34:24.000000,eqcct_explosions_th0_1/20250123T113324Z_20250123T113424Z/SUF_outputs/X_prediction_results.csv
KJNF/HE.KJNF..CHE__20250123T113330Z__20250123T113430Z.mseed,HE,KJNF,0,0,0,0,2025-01-23 11:33:35.280000,0.742,2025-01-23 11:33:50.470000,0.248,2025-01-23 11:33:30.000000,2025-01-23 11:34:30.000000,eqcct_explosions_th0_1/20250123T113330Z_20250123T113430Z/KJNF_outputs/X_prediction_results.csv
KAF/HE.KAF..HHZ__20250123T113331Z__20250123T113431Z.mseed,HE,KAF,0,0,0,0,2025-01-23 11:33:36.780000,0.815,,,2025-01-23 11:33:31.000000,2025-01-23 11:34:31.000000,eqcct_explosions_th0_1/20250123T113331Z_20250123T113431Z/KAF_outputs/X_prediction_results.csv
RMF/HE.RMF..HHE__20250123T113336Z__20250123T113436Z.mseed,HE,RMF,0,0,0,0,2025-01-23 11:33:41.180000,0.89,2025-01-23 11:34:01.500000,0.291,2025-01-23 11:33:36.000000,2025-01-23 11:34:36.000000,eqcct_explosions_th0_1/20250123T113336Z_20250123T113436Z/RMF_outputs/X_prediction_results.csv
KEF/HE.KEF..HHN__20250123T113339Z__20250123T113439Z.mseed,HE,KEF,0,0,0,0,2025-01-23 11:33:44.380000,0.778,2025-01-23 11:34:06.770000,0.264,2025-01-23 11:33:39.000000,2025-01-23 11:34:39.000000,eqcct_explosions_th0_1/20250123T113339Z_20250123T113439Z/KEF_outputs/X_prediction_results.csv
JOF/HE.JOF..HHE__20250123T113339Z__20250123T113439Z.mseed,HE,JOF,0,0,0,0,2025-01-23 11:33:44.240000,0.796,,,2025-01-23 11:33:39.000000,2025-01-23 11:34:39.000000,eqcct_explosions_th0_1/20250123T113339Z_20250123T113439Z/JOF_outputs/X_prediction_results.csv
RUF/HE.RUF..HHN__20250123T113341Z__20250123T113441Z.mseed,HE,RUF,0,0,0,0,2025-01-23 11:33:46.720000,0.834,2025-01-23 11:34:10.920000,0.464,2025-01-23 11:33:41.000000,2025-01-23 11:34:41.000000,eqcct_explosions_th0_1/20250123T113341Z_20250123T113441Z/RUF_outputs/X_prediction_results.csv
OUF/HE.OUF..HHE__20250123T113342Z__20250123T113442Z.mseed,HE,OUF,0,0,0,0,2025-01-23 11:33:47.380000,0.742,2025-01-23 11:33:49.260000,0.113,2025-01-23 11:33:42.000000,2025-01-23 11:34:42.000000,eqcct_explosions_th0_1/20250123T113342Z_20250123T113442Z/OUF_outputs/X_prediction_results.csv
FIA0/HE.FIA0..HHN__20250123T113343Z__20250123T113443Z.mseed,HE,FIA0,0,0,0,0,2025-01-23 11:33:47.700000,0.699,,,2025-01-23 11:33:43.000000,2025-01-23 11:34:43.000000,eqcct_explosions_th0_1/20250123T113343Z_20250123T113443Z/FIA0_outputs/X_prediction_results.csv
OBF0/HE.OBF0..HHN__20250123T113346Z__20250123T113446Z.mseed,HE,OBF0,0,0,0,0,2025-01-23 11:33:51.780000,0.665,2025-01-23 11:34:20.100000,0.148,2025-01-23 11:33:46.000000,2025-01-23 11:34:46.000000,eqcct_explosions_th0_1/20250123T113346Z_20250123T113446Z/OBF0_outputs/X_prediction_results.csv
OBF3/HE.OBF3..HHZ__20250123T113348Z__20250123T113448Z.mseed,HE,OBF3,0,0,0,0,2025-01-23 11:33:53.280000,0.487,2025-01-23 11:33:55.630000,0.119,2025-01-23 11:33:48.000000,2025-01-23 11:34:48.000000,eqcct_explosions_th0_1/20250123T113348Z_20250123T113448Z/OBF3_outputs/X_prediction_results.csv
OBF8/HE.OBF8..HHZ__20250123T113349Z__20250123T113449Z.mseed,HE,OBF8,0,0,0,0,2025-01-23 11:33:53.740000,0.609,,,2025-01-23 11:33:49.000000,2025-01-23 11:34:49.000000,eqcct_explosions_th0_1/20250123T113349Z_20250123T113449Z/OBF8_outputs/X_prediction_results.csv
KY17/HE.KY17..CHN__20250123T113349Z__20250123T113449Z.mseed,HE,KY17,0,0,0,0,2025-01-23 11:33:54.360000,0.529,,,2025-01-23 11:33:49.000000,2025-01-23 11:34:49.000000,eqcct_explosions_th0_1/20250123T113349Z_20250123T113449Z/KY17_outputs/X_prediction_results.csv
TRE03/HE.TRE03..CHE__20250123T113350Z__20250123T113450Z.mseed,HE,TRE03,0,0,0,0,2025-01-23 11:33:54.480000,0.726,,,2025-01-23 11:33:50.000000,2025-01-23 11:34:50.000000,eqcct_explosions_th0_1/20250123T113350Z_20250123T113450Z/TRE03_outputs/X_prediction_results.csv
VAF/HE.VAF..HHN__20250123T113350Z__20250123T113450Z.mseed,HE,VAF,0,0,0,0,2025-01-23 11:33:55.480000,0.632,2025-01-23 11:34:25.850000,0.504,2025-01-23 11:33:50.000000,2025-01-23 11:34:50.000000,eqcct_explosions_th0_1/20250123T113350Z_20250123T113450Z/VAF_outputs/X_prediction_results.csv
KU2/HE.KU2..SHZ__20250123T113351Z__20250123T113451Z.mseed,HE,KU2,0,0,0,0,2025-01-23 11:33:59.052000,0.798,,,2025-01-23 11:33:51.000000,2025-01-23 11:34:51.000000,eqcct_explosions_th0_1/20250123T113351Z_20250123T113451Z/KU2_outputs/X_prediction_results.csv
KU1/HE.KU1..SHZ__20250123T113354Z__20250123T113454Z.mseed,HE,KU1,0,0,0,0,2025-01-23 11:33:59.192000,0.646,,,2025-01-23 11:33:54.000000,2025-01-23 11:34:54.000000,eqcct_explosions_th0_1/20250123T113354Z_20250123T113454Z/KU1_outputs/X_prediction_results.csv
VJF/HE.VJF..HHN__20250123T113355Z__20250123T113455Z.mseed,HE,VJF,0,0,0,0,2025-01-23 11:33:59.280000,0.68,,,2025-01-23 11:33:55.000000,2025-01-23 11:34:55.000000,eqcct_explosions_th0_1/20250123T113355Z_20250123T113455Z/VJF_outputs/X_prediction_results.csv
RANF/FN.RANF..HHZ__20250123T113358Z__20250123T113458Z.mseed,FN,RANF,0,0,0,0,2025-01-23 11:34:03.900000,0.418,2025-01-23 11:34:06.560000,0.416,2025-01-23 11:33:58.000000,2025-01-23 11:34:58.000000,eqcct_explosions_th0_1/20250123T113358Z_20250123T113458Z/RANF_outputs/X_prediction_results.csv
PVF/HE.PVF..CHE__20250123T113358Z__20250123T113458Z.mseed,HE,PVF,0,0,0,0,2025-01-23 11:34:02.480000,0.302,,,2025-01-23 11:33:58.000000,2025-01-23 11:34:58.000000,eqcct_explosions_th0_1/20250123T113358Z_20250123T113458Z/PVF_outputs/X_prediction_results.csv
KU6/HE.KU6..HHN__20250123T113400Z__20250123T113500Z.mseed,HE,KU6,0,0,0,0,2025-01-23 11:34:04.280000,0.534,,,2025-01-23 11:34:00.000000,2025-01-23 11:35:00.000000,eqcct_explosions_th0_1/20250123T113400Z_20250123T113500Z/KU6_outputs/X_prediction_results.csv
OLKF/FN.OLKF..HHZ__20250123T113404Z__20250123T113504Z.mseed,FN,OLKF,0,0,0,0,2025-01-23 11:34:08.200000,0.837,,,2025-01-23 11:34:04.000000,2025-01-23 11:35:04.000000,eqcct_explosions_th0_1/20250123T113404Z_20250123T113504Z/OLKF_outputs/X_prediction_results.csv
TRE03/HE.TRE03..CHZ__20250123T115158Z__20250123T115258Z.mseed,HE,TRE03,0,0,0,0,2025-01-23 11:52:03.760000,0.952,2025-01-23 11:52:09.080000,0.575,2025-01-23 11:51:58.000000,2025-01-23 11:52:58.000000,eqcct_explosions_th0_1/20250123T115158Z_20250123T115258Z/TRE03_outputs/X_prediction_results.csv
KPF/HE.KPF..HHN__20250123T115208Z__20250123T115308Z.mseed,HE,KPF,0,0,0,0,2025-01-23 11:52:13.580000,0.804,2025-01-23 11:52:26.750000,0.633,2025-01-23 11:52:08.000000,2025-01-23 11:53:08.000000,eqcct_explosions_th0_1/20250123T115208Z_20250123T115308Z/KPF_outputs/X_prediction_results.csv
RAF/HE.RAF..HHE__20250123T115209Z__20250123T115309Z.mseed,HE,RAF,0,0,0,0,2025-01-23 11:52:14.980000,0.884,2025-01-23 11:52:28.110000,0.347,2025-01-23 11:52:09.000000,2025-01-23 11:53:09.000000,eqcct_explosions_th0_1/20250123T115209Z_20250123T115309Z/RAF_outputs/X_prediction_results.csv
KEF/HE.KEF..HHN__20250123T115210Z__20250123T115310Z.mseed,HE,KEF,0,0,0,0,2025-01-23 11:52:15.680000,0.795,2025-01-23 11:52:29.350000,0.363,2025-01-23 11:52:10.000000,2025-01-23 11:53:10.000000,eqcct_explosions_th0_1/20250123T115210Z_20250123T115310Z/KEF_outputs/X_prediction_results.csv
FIA0/HE.FIA0..HHZ__20250123T115213Z__20250123T115313Z.mseed,HE,FIA0,0,0,0,0,2025-01-23 11:52:18.400000,0.826,2025-01-23 11:52:34.150000,0.597,2025-01-23 11:52:13.000000,2025-01-23 11:53:13.000000,eqcct_explosions_th0_1/20250123T115213Z_20250123T115313Z/FIA0_outputs/X_prediction_results.csv
MEF/HE.MEF..HHN__20250123T115214Z__20250123T115314Z.mseed,HE,MEF,0,0,0,0,2025-01-23 11:52:19.480000,0.734,2025-01-23 11:52:35.140000,0.451,2025-01-23 11:52:14.000000,2025-01-23 11:53:14.000000,eqcct_explosions_th0_1/20250123T115214Z_20250123T115314Z/MEF_outputs/X_prediction_results.csv
PVF/HE.PVF..CHE__20250123T115216Z__20250123T115316Z.mseed,HE,PVF,0,0,0,0,2025-01-23 11:52:21.940000,0.818,,,2025-01-23 11:52:16.000000,2025-01-23 11:53:16.000000,eqcct_explosions_th0_1/20250123T115216Z_20250123T115316Z/PVF_outputs/X_prediction_results.csv
KAF/HE.KAF..HHZ__20250123T115218Z__20250123T115318Z.mseed,HE,KAF,0,0,0,0,2025-01-23 11:52:23.680000,0.891,2025-01-23 11:52:44.140000,0.509,2025-01-23 11:52:18.000000,2025-01-23 11:53:18.000000,eqcct_explosions_th0_1/20250123T115218Z_20250123T115318Z/KAF_outputs/X_prediction_results.csv
TVF/HE.TVF..HHZ__20250123T115220Z__20250123T115320Z.mseed,HE,TVF,0,0,0,0,2025-01-23 11:52:25.380000,0.73,,,2025-01-23 11:52:20.000000,2025-01-23 11:53:20.000000,eqcct_explosions_th0_1/20250123T115220Z_20250123T115320Z/TVF_outputs/X_prediction_results.csv
KORF/HE.KORF..CHZ__20250123T115222Z__20250123T115322Z.mseed,HE,KORF,0,0,0,0,2025-01-23 11:52:27.180000,0.678,2025-01-23 11:52:48.370000,0.443,2025-01-23 11:52:22.000000,2025-01-23 11:53:22.000000,eqcct_explosions_th0_1/20250123T115222Z_20250123T115322Z/KORF_outputs/X_prediction_results.csv
KY17/HE.KY17..CHN__20250123T115223Z__20250123T115323Z.mseed,HE,KY17,0,0,0,0,2025-01-23 11:52:27.140000,0.668,,,2025-01-23 11:52:23.000000,2025-01-23 11:53:23.000000,eqcct_explosions_th0_1/20250123T115223Z_20250123T115323Z/KY17_outputs/X_prediction_results.csv
VAF/HE.VAF..HHN__20250123T115224Z__20250123T115324Z.mseed,HE,VAF,0,0,0,0,2025-01-23 11:52:29.530000,0.778,,,2025-01-23 11:52:24.000000,2025-01-23 11:53:24.000000,eqcct_explosions_th0_1/20250123T115224Z_20250123T115324Z/VAF_outputs/X_prediction_results.csv
SUF/HE.SUF..HHE__20250123T115224Z__20250123T115324Z.mseed,HE,SUF,0,0,0,0,2025-01-23 11:52:29.780000,0.82,2025-01-23 11:52:53.290000,0.373,2025-01-23 11:52:24.000000,2025-01-23 11:53:24.000000,eqcct_explosions_th0_1/20250123T115224Z_20250123T115324Z/SUF_outputs/X_prediction_results.csv
AAL/UP.AAL..HHN__20250123T115229Z__20250123T115329Z.mseed,UP,AAL,0,0,0,0,2025-01-23 11:52:33.890000,0.627,2025-01-23 11:53:04.070000,0.231,2025-01-23 11:52:29.000000,2025-01-23 11:53:29.000000,eqcct_explosions_th0_1/20250123T115229Z_20250123T115329Z/AAL_outputs/X_prediction_results.csv
ECKF/HE.ECKF..CHE__20250123T115232Z__20250123T115332Z.mseed,HE,ECKF,0,0,0,0,2025-01-23 11:52:37.482000,0.569,2025-01-23 11:53:08.662000,0.451,2025-01-23 11:52:32.000000,2025-01-23 11:53:32.000000,eqcct_explosions_th0_1/20250123T115232Z_20250123T115332Z/ECKF_outputs/X_prediction_results.csv
OBF0/HE.OBF0..SHE__20250123T115245Z__20250123T115345Z.mseed,HE,OBF0,0,0,0,0,2025-01-23 11:52:49.820000,0.829,,,2025-01-23 11:52:45.000000,2025-01-23 11:53:45.000000,eqcct_explosions_th0_1/20250123T115245Z_20250123T115345Z/OBF0_outputs/X_prediction_results.csv
OBF3/HE.OBF3..HHE__20250123T115250Z__20250123T115350Z.mseed,HE,OBF3,0,0,0,0,2025-01-23 11:52:54.360000,0.42,,,2025-01-23 11:52:50.000000,2025-01-23 11:53:50.000000,eqcct_explosions_th0_1/20250123T115250Z_20250123T115350Z/OBF3_outputs/X_prediction_results.csv
VJF/HE.VJF..HHN__20250123T115257Z__20250123T115357Z.mseed,HE,VJF,0,0,0,0,2025-01-23 11:53:01.570000,0.566,,,2025-01-23 11:52:57.000000,2025-01-23 11:53:57.000000,eqcct_explosions_th0_1/20250123T115257Z_20250123T115357Z/VJF_outputs/X_prediction_results.csv
NIF/HE.NIF..HHN__20250123T115317Z__20250123T115417Z.mseed,HE,NIF,0,0,0,0,2025-01-23 11:53:21.700000,0.197,,,2025-01-23 11:53:17.000000,2025-01-23 11:54:17.000000,eqcct_explosions_th0_1/20250123T115317Z_20250123T115417Z/NIF_outputs/X_prediction_results.csv
KPF/HE.KPF..HHZ__20250123T115817Z__20250123T115917Z.mseed,HE,KPF,0,0,0,0,2025-01-23 11:58:22.072000,0.921,,,2025-01-23 11:58:17.000000,2025-01-23 11:59:17.000000,eqcct_explosions_th0_1/20250123T115817Z_20250123T115917Z/KPF_outputs/X_prediction_results.csv
VAF/HE.VAF..HHZ__20250123T115819Z__20250123T115919Z.mseed,HE,VAF,0,0,0,0,2025-01-23 11:58:24.130000,0.905,2025-01-23 11:58:36.260000,0.562,2025-01-23 11:58:19.000000,2025-01-23 11:59:19.000000,eqcct_explosions_th0_1/20250123T115819Z_20250123T115919Z/VAF_outputs/X_prediction_results.csv
RAF/HE.RAF..HHZ__20250123T115831Z__20250123T115931Z.mseed,HE,RAF,0,0,0,0,2025-01-23 11:58:36.330000,0.758,,,2025-01-23 11:58:31.000000,2025-01-23 11:59:31.000000,eqcct_explosions_th0_1/20250123T115831Z_20250123T115931Z/RAF_outputs/X_prediction_results.csv
TRE03/HE.TRE03..CHN__20250123T115832Z__20250123T115932Z.mseed,HE,TRE03,0,0,0,0,2025-01-23 11:58:37.580000,0.762,,,2025-01-23 11:58:32.000000,2025-01-23 11:59:32.000000,eqcct_explosions_th0_1/20250123T115832Z_20250123T115932Z/TRE03_outputs/X_prediction_results.csv
KEF/HE.KEF..HHZ__20250123T115833Z__20250123T115933Z.mseed,HE,KEF,0,0,0,0,2025-01-23 11:58:38.900000,0.676,2025-01-23 11:59:00.730000,0.17,2025-01-23 11:58:33.000000,2025-01-23 11:59:33.000000,eqcct_explosions_th0_1/20250123T115833Z_20250123T115933Z/KEF_outputs/X_prediction_results.csv
AAL/UP.AAL..HHN__20250123T115843Z__20250123T115943Z.mseed,UP,AAL,0,0,0,0,2025-01-23 11:58:47.160000,0.436,,,2025-01-23 11:58:43.000000,2025-01-23 11:59:43.000000,eqcct_explosions_th0_1/20250123T115843Z_20250123T115943Z/AAL_outputs/X_prediction_results.csv
SUF/HE.SUF..HHN__20250123T115843Z__20250123T115943Z.mseed,HE,SUF,0,0,0,0,2025-01-23 11:58:48.282000,0.816,2025-01-23 11:59:17.232000,0.233,2025-01-23 11:58:43.000000,2025-01-23 11:59:43.000000,eqcct_explosions_th0_1/20250123T115843Z_20250123T115943Z/SUF_outputs/X_prediction_results.csv
KAF/HE.KAF..HHN__20250123T115845Z__20250123T115945Z.mseed,HE,KAF,0,0,0,0,2025-01-23 11:58:49.830000,0.688,2025-01-23 11:59:19.130000,0.379,2025-01-23 11:58:45.000000,2025-01-23 11:59:45.000000,eqcct_explosions_th0_1/20250123T115845Z_20250123T115945Z/KAF_outputs/X_prediction_results.csv
OUF/HE.OUF..HHE__20250123T115846Z__20250123T115946Z.mseed,HE,OUF,0,0,0,0,2025-01-23 11:58:50.980000,0.815,2025-01-23 11:59:23.210000,0.302,2025-01-23 11:58:46.000000,2025-01-23 11:59:46.000000,eqcct_explosions_th0_1/20250123T115846Z_20250123T115946Z/OUF_outputs/X_prediction_results.csv
OBF0/HE.OBF0..HHN__20250123T115846Z__20250123T115946Z.mseed,HE,OBF0,0,0,0,0,2025-01-23 11:58:51.240000,0.377,,,2025-01-23 11:58:46.000000,2025-01-23 11:59:46.000000,eqcct_explosions_th0_1/20250123T115846Z_20250123T115946Z/OBF0_outputs/X_prediction_results.csv
KORF/HE.KORF..CHN__20250123T120406Z__20250123T120506Z.mseed,HE,KORF,0,0,0,0,2025-01-23 12:04:11.680000,0.928,2025-01-23 12:04:18.150000,0.423,2025-01-23 12:04:06.000000,2025-01-23 12:05:06.000000,eqcct_explosions_th0_1/20250123T120406Z_20250123T120506Z/KORF_outputs/X_prediction_results.csv
TVF/HE.TVF..HHE__20250123T120411Z__20250123T120511Z.mseed,HE,TVF,0,0,0,0,2025-01-23 12:04:15.144000,0.329,,,2025-01-23 12:04:11.000000,2025-01-23 12:05:11.000000,eqcct_explosions_th0_1/20250123T120411Z_20250123T120511Z/TVF_outputs/X_prediction_results.csv
RAF/HE.RAF..HHZ__20250123T120413Z__20250123T120513Z.mseed,HE,RAF,0,0,0,0,2025-01-23 12:04:18.030000,0.918,2025-01-23 12:04:28.400000,0.71,2025-01-23 12:04:13.000000,2025-01-23 12:05:13.000000,eqcct_explosions_th0_1/20250123T120413Z_20250123T120513Z/RAF_outputs/X_prediction_results.csv
ECKF/HE.ECKF..CHZ__20250123T120423Z__20250123T120523Z.mseed,HE,ECKF,0,0,0,0,2025-01-23 12:04:28.892000,0.922,,,2025-01-23 12:04:23.000000,2025-01-23 12:05:23.000000,eqcct_explosions_th0_1/20250123T120423Z_20250123T120523Z/ECKF_outputs/X_prediction_results.csv
KPF/HE.KPF..HHZ__20250123T120427Z__20250123T120527Z.mseed,HE,KPF,0,0,0,0,2025-01-23 12:04:31.136000,0.764,,,2025-01-23 12:04:27.000000,2025-01-23 12:05:27.000000,eqcct_explosions_th0_1/20250123T120427Z_20250123T120527Z/KPF_outputs/X_prediction_results.csv
AAL/UP.AAL..HHN__20250123T120433Z__20250123T120533Z.mseed,UP,AAL,0,0,0,0,2025-01-23 12:04:37.860000,0.724,2025-01-23 12:04:46.180000,0.207,2025-01-23 12:04:33.000000,2025-01-23 12:05:33.000000,eqcct_explosions_th0_1/20250123T120433Z_20250123T120533Z/AAL_outputs/X_prediction_results.csv
NUR/HE.NUR..HHN__20250123T120436Z__20250123T120536Z.mseed,HE,NUR,0,0,0,0,2025-01-23 12:04:40.620000,0.134,,,2025-01-23 12:04:36.000000,2025-01-23 12:05:36.000000,eqcct_explosions_th0_1/20250123T120436Z_20250123T120536Z/NUR_outputs/X_prediction_results.csv
TOF/HE.TOF..HHE__20250123T120747Z__20250123T120847Z.mseed,HE,TOF,0,0,0,0,2025-01-23 12:07:52.880000,0.859,2025-01-23 12:08:10.070000,0.198,2025-01-23 12:07:47.000000,2025-01-23 12:08:47.000000,eqcct_explosions_th0_1/20250123T120747Z_20250123T120847Z/TOF_outputs/X_prediction_results.csv
OBF3/HE.OBF3..HHN__20250123T120756Z__20250123T120856Z.mseed,HE,OBF3,0,0,0,0,2025-01-23 12:08:01.460000,0.796,2025-01-23 12:08:23.540000,0.117,2025-01-23 12:07:56.000000,2025-01-23 12:08:56.000000,eqcct_explosions_th0_1/20250123T120756Z_20250123T120856Z/OBF3_outputs/X_prediction_results.csv
OBF8/HE.OBF8..HHE__20250123T120758Z__20250123T120858Z.mseed,HE,OBF8,0,0,0,0,2025-01-23 12:08:02.180000,0.275,,,2025-01-23 12:07:58.000000,2025-01-23 12:08:58.000000,eqcct_explosions_th0_1/20250123T120758Z_20250123T120858Z/OBF8_outputs/X_prediction_results.csv
OBF0/HE.OBF0..SHE__20250123T120758Z__20250123T120858Z.mseed,HE,OBF0,0,0,0,0,2025-01-23 12:08:02.552000,0.692,2025-01-23 12:08:26.592000,0.22,2025-01-23 12:07:58.000000,2025-01-23 12:08:58.000000,eqcct_explosions_th0_1/20250123T120758Z_20250123T120858Z/OBF0_outputs/X_prediction_results.csv
KLF/FN.KLF..HHN__20250123T120759Z__20250123T120859Z.mseed,FN,KLF,0,0,0,0,2025-01-23 12:08:04.100000,0.655,2025-01-23 12:08:25.860000,0.411,2025-01-23 12:07:59.000000,2025-01-23 12:08:59.000000,eqcct_explosions_th0_1/20250123T120759Z_20250123T120859Z/KLF_outputs/X_prediction_results.csv
OUF/HE.OUF..HHZ__20250123T120802Z__20250123T120902Z.mseed,HE,OUF,0,0,0,0,2025-01-23 12:08:07.370000,0.646,,,2025-01-23 12:08:02.000000,2025-01-23 12:09:02.000000,eqcct_explosions_th0_1/20250123T120802Z_20250123T120902Z/OUF_outputs/X_prediction_results.csv
RANF/FN.RANF..BHE__20250123T120804Z__20250123T120904Z.mseed,FN,RANF,0,0,0,0,2025-01-23 12:08:08.700000,0.743,2025-01-23 12:08:36.950000,0.4,2025-01-23 12:08:04.000000,2025-01-23 12:09:04.000000,eqcct_explosions_th0_1/20250123T120804Z_20250123T120904Z/RANF_outputs/X_prediction_results.csv
HEF/HE.HEF..HHE__20250123T120814Z__20250123T120914Z.mseed,HE,HEF,0,0,0,0,2025-01-23 12:08:18.080000,0.389,,,2025-01-23 12:08:14.000000,2025-01-23 12:09:14.000000,eqcct_explosions_th0_1/20250123T120814Z_20250123T120914Z/HEF_outputs/X_prediction_results.csv
VAF/HE.VAF..HHZ__20250123T120815Z__20250123T120915Z.mseed,HE,VAF,0,0,0,0,2025-01-23 12:08:20.150000,0.512,,,2025-01-23 12:08:15.000000,2025-01-23 12:09:15.000000,eqcct_explosions_th0_1/20250123T120815Z_20250123T120915Z/VAF_outputs/X_prediction_results.csv
OLKF/FN.OLKF..BHE__20250123T120819Z__20250123T120919Z.mseed,FN,OLKF,0,0,0,0,2025-01-23 12:08:23.810000,0.447,,,2025-01-23 12:08:19.000000,2025-01-23 12:09:19.000000,eqcct_explosions_th0_1/20250123T120819Z_20250123T120919Z/OLKF_outputs/X_prediction_results.csv
KU1/HE.KU1..SHE__20250123T120820Z__20250123T120920Z.mseed,HE,KU1,0,0,0,0,2025-01-23 12:08:24.780000,0.309,2025-01-23 12:09:05.350000,0.144,2025-01-23 12:08:20.000000,2025-01-23 12:09:20.000000,eqcct_explosions_th0_1/20250123T120820Z_20250123T120920Z/KU1_outputs/X_prediction_results.csv
KU6/HE.KU6..HHE__20250123T120822Z__20250123T120922Z.mseed,HE,KU6,0,0,0,0,2025-01-23 12:08:26.280000,0.638,,,2025-01-23 12:08:22.000000,2025-01-23 12:09:22.000000,eqcct_explosions_th0_1/20250123T120822Z_20250123T120922Z/KU6_outputs/X_prediction_results.csv
SUF/HE.SUF..HHE__20250123T120828Z__20250123T120928Z.mseed,HE,SUF,0,0,0,0,2025-01-23 12:08:32.652000,0.262,,,2025-01-23 12:08:28.000000,2025-01-23 12:09:28.000000,eqcct_explosions_th0_1/20250123T120828Z_20250123T120928Z/SUF_outputs/X_prediction_results.csv
RAJF/FN.RAJF..BHN__20250123T120920Z__20250123T121020Z.mseed,FN,RAJF,0,0,0,0,2025-01-23 12:09:24.400000,0.632,,,2025-01-23 12:09:20.000000,2025-01-23 12:10:20.000000,eqcct_explosions_th0_1/20250123T120920Z_20250123T121020Z/RAJF_outputs/X_prediction_results.csv
OBF3/HE.OBF3..HHZ__20250123T123214Z__20250123T123314Z.mseed,HE,OBF3,0,0,0,0,2025-01-23 12:32:18.472000,0.853,,,2025-01-23 12:32:14.000000,2025-01-23 12:33:14.000000,eqcct_explosions_th0_1/20250123T123214Z_20250123T123314Z/OBF3_outputs/X_prediction_results.csv
KLF/FN.KLF..HHN__20250123T123215Z__20250123T123315Z.mseed,FN,KLF,0,0,0,0,2025-01-23 12:32:19.750000,0.718,,,2025-01-23 12:32:15.000000,2025-01-23 12:33:15.000000,eqcct_explosions_th0_1/20250123T123215Z_20250123T123315Z/KLF_outputs/X_prediction_results.csv
OBF0/HE.OBF0..HHE__20250123T123216Z__20250123T123316Z.mseed,HE,OBF0,0,0,0,0,2025-01-23 12:32:20.312000,0.859,,,2025-01-23 12:32:16.000000,2025-01-23 12:33:16.000000,eqcct_explosions_th0_1/20250123T123216Z_20250123T123316Z/OBF0_outputs/X_prediction_results.csv
RANF/FN.RANF..HHZ__20250123T123248Z__20250123T123348Z.mseed,FN,RANF,0,0,0,0,2025-01-23 12:32:52.950000,0.484,,,2025-01-23 12:32:48.000000,2025-01-23 12:33:48.000000,eqcct_explosions_th0_1/20250123T123248Z_20250123T123348Z/RANF_outputs/X_prediction_results.csv
KPF/HE.KPF..HHN__20250123T132027Z__20250123T132127Z.mseed,HE,KPF,0,0,0,0,2025-01-23 13:20:32.530000,0.785,2025-01-23 13:20:38.530000,0.275,2025-01-23 13:20:27.000000,2025-01-23 13:21:27.000000,eqcct_explosions_th0_1/20250123T132027Z_20250123T132127Z/KPF_outputs/X_prediction_results.csv
RAF/HE.RAF..HHN__20250123T132028Z__20250123T132128Z.mseed,HE,RAF,0,0,0,0,2025-01-23 13:20:33.720000,0.874,2025-01-23 13:20:40.630000,0.562,2025-01-23 13:20:28.000000,2025-01-23 13:21:28.000000,eqcct_explosions_th0_1/20250123T132028Z_20250123T132128Z/RAF_outputs/X_prediction_results.csv
TRE03/HE.TRE03..CHE__20250123T132041Z__20250123T132141Z.mseed,HE,TRE03,0,0,0,0,2025-01-23 13:20:46.240000,0.79,2025-01-23 13:21:01.370000,0.168,2025-01-23 13:20:41.000000,2025-01-23 13:21:41.000000,eqcct_explosions_th0_1/20250123T132041Z_20250123T132141Z/TRE03_outputs/X_prediction_results.csv
KORF/HE.KORF..CHN__20250123T132045Z__20250123T132145Z.mseed,HE,KORF,0,0,0,0,2025-01-23 13:20:50.150000,0.725,2025-01-23 13:21:09.080000,0.161,2025-01-23 13:20:45.000000,2025-01-23 13:21:45.000000,eqcct_explosions_th0_1/20250123T132045Z_20250123T132145Z/KORF_outputs/X_prediction_results.csv
KEF/HE.KEF..HHN__20250123T132048Z__20250123T132148Z.mseed,HE,KEF,0,0,0,0,2025-01-23 13:20:53.730000,0.602,2025-01-23 13:21:14.990000,0.265,2025-01-23 13:20:48.000000,2025-01-23 13:21:48.000000,eqcct_explosions_th0_1/20250123T132048Z_20250123T132148Z/KEF_outputs/X_prediction_results.csv
VAF/HE.VAF..HHE__20250123T132051Z__20250123T132151Z.mseed,HE,VAF,0,0,0,0,2025-01-23 13:20:55.280000,0.942,2025-01-23 13:21:16.880000,0.3,2025-01-23 13:20:51.000000,2025-01-23 13:21:51.000000,eqcct_explosions_th0_1/20250123T132051Z_20250123T132151Z/VAF_outputs/X_prediction_results.csv
HEL5/HE.HEL5..HHN__20250123T132052Z__20250123T132152Z.mseed,HE,HEL5,0,0,0,0,2025-01-23 13:20:56.700000,0.656,,,2025-01-23 13:20:52.000000,2025-01-23 13:21:52.000000,eqcct_explosions_th0_1/20250123T132052Z_20250123T132152Z/HEL5_outputs/X_prediction_results.csv
TVF/HE.TVF..HHE__20250123T132053Z__20250123T132153Z.mseed,HE,TVF,0,0,0,0,2025-01-23 13:20:57.180000,0.613,,,2025-01-23 13:20:53.000000,2025-01-23 13:21:53.000000,eqcct_explosions_th0_1/20250123T132053Z_20250123T132153Z/TVF_outputs/X_prediction_results.csv
MEF/HE.MEF..HHN__20250123T132053Z__20250123T132153Z.mseed,HE,MEF,0,0,0,0,2025-01-23 13:20:57.830000,0.783,,,2025-01-23 13:20:53.000000,2025-01-23 13:21:53.000000,eqcct_explosions_th0_1/20250123T132053Z_20250123T132153Z/MEF_outputs/X_prediction_results.csv
FIA0/HE.FIA0..HHE__20250123T132057Z__20250123T132157Z.mseed,HE,FIA0,0,0,0,0,2025-01-23 13:21:02.100000,0.546,2025-01-23 13:21:27.890000,0.46,2025-01-23 13:20:57.000000,2025-01-23 13:21:57.000000,eqcct_explosions_th0_1/20250123T132057Z_20250123T132157Z/FIA0_outputs/X_prediction_results.csv
PVF/HE.PVF..CHN__20250123T132058Z__20250123T132158Z.mseed,HE,PVF,0,0,0,0,2025-01-23 13:21:03.820000,0.636,2025-01-23 13:21:30.940000,0.249,2025-01-23 13:20:58.000000,2025-01-23 13:21:58.000000,eqcct_explosions_th0_1/20250123T132058Z_20250123T132158Z/PVF_outputs/X_prediction_results.csv
KAF/HE.KAF..HHE__20250123T132100Z__20250123T132200Z.mseed,HE,KAF,0,0,0,0,2025-01-23 13:21:04.330000,0.748,2025-01-23 13:21:33.080000,0.154,2025-01-23 13:21:00.000000,2025-01-23 13:22:00.000000,eqcct_explosions_th0_1/20250123T132100Z_20250123T132200Z/KAF_outputs/X_prediction_results.csv
SUF/HE.SUF..HHZ__20250123T132103Z__20250123T132203Z.mseed,HE,SUF,0,0,0,0,2025-01-23 13:21:07.172000,0.798,,,2025-01-23 13:21:03.000000,2025-01-23 13:22:03.000000,eqcct_explosions_th0_1/20250123T132103Z_20250123T132203Z/SUF_outputs/X_prediction_results.csv
ECKF/HE.ECKF..CHN__20250123T132113Z__20250123T132213Z.mseed,HE,ECKF,0,0,0,0,2025-01-23 13:21:17.820000,0.571,,,2025-01-23 13:21:13.000000,2025-01-23 13:22:13.000000,eqcct_explosions_th0_1/20250123T132113Z_20250123T132213Z/ECKF_outputs/X_prediction_results.csv
AAL/UP.AAL..HHN__20250123T132113Z__20250123T132213Z.mseed,UP,AAL,0,0,0,0,2025-01-23 13:21:15.710000,0.284,,,2025-01-23 13:21:13.000000,2025-01-23 13:22:13.000000,eqcct_explosions_th0_1/20250123T132113Z_20250123T132213Z/AAL_outputs/X_prediction_results.csv
KY17/HE.KY17..CHE__20250123T132138Z__20250123T132238Z.mseed,HE,KY17,0,0,0,0,2025-01-23 13:21:43.800000,0.439,2025-01-23 13:21:43.680000,0.225,2025-01-23 13:21:38.000000,2025-01-23 13:22:38.000000,eqcct_explosions_th0_1/20250123T132138Z_20250123T132238Z/KY17_outputs/X_prediction_results.csv
RSUO/HE.RSUO..HHZ__20250124T085513Z__20250124T085613Z.mseed,HE,RSUO,0,0,0,0,2025-01-24 08:55:18.072000,0.944,2025-01-24 08:55:29.142000,0.85,2025-01-24 08:55:13.000000,2025-01-24 08:56:13.000000,eqcct_explosions_th0_1/20250124T085513Z_20250124T085613Z/RSUO_outputs/X_prediction_results.csv
KUNI/HE.KUNI..HHN__20250124T085513Z__20250124T085613Z.mseed,HE,KUNI,0,0,0,0,2025-01-24 08:55:18.940000,0.916,2025-01-24 08:55:20.510000,0.82,2025-01-24 08:55:13.000000,2025-01-24 08:56:13.000000,eqcct_explosions_th0_1/20250124T085513Z_20250124T085613Z/KUNI_outputs/X_prediction_results.csv
LAUT/HE.LAUT..HHZ__20250124T085513Z__20250124T085613Z.mseed,HE,LAUT,0,0,0,0,2025-01-24 08:55:18.340000,0.871,2025-01-24 08:55:30.530000,0.706,2025-01-24 08:55:13.000000,2025-01-24 08:56:13.000000,eqcct_explosions_th0_1/20250124T085513Z_20250124T085613Z/LAUT_outputs/X_prediction_results.csv
VUOS/HE.VUOS..HHZ__20250124T085513Z__20250124T085613Z.mseed,HE,VUOS,0,0,0,0,2025-01-24 08:55:18.120000,0.923,2025-01-24 08:55:19.270000,0.527,2025-01-24 08:55:13.000000,2025-01-24 08:56:13.000000,eqcct_explosions_th0_1/20250124T085513Z_20250124T085613Z/VUOS_outputs/X_prediction_results.csv
HEL5/HE.HEL5..HHZ__20250124T085514Z__20250124T085614Z.mseed,HE,HEL5,0,0,0,0,2025-01-24 08:55:19.548000,0.926,,,2025-01-24 08:55:14.000000,2025-01-24 08:56:14.000000,eqcct_explosions_th0_1/20250124T085514Z_20250124T085614Z/HEL5_outputs/X_prediction_results.csv
RUF/HE.RUF..HHZ__20250124T092737Z__20250124T092837Z.mseed,HE,RUF,0,0,0,0,2025-01-24 09:27:42.340000,0.952,2025-01-24 09:27:47.670000,0.208,2025-01-24 09:27:37.000000,2025-01-24 09:28:37.000000,eqcct_explosions_th0_1/20250124T092737Z_20250124T092837Z/RUF_outputs/X_prediction_results.csv
LOVF/HE.LOVF..CHE__20250124T092801Z__20250124T092901Z.mseed,HE,LOVF,0,0,0,0,2025-01-24 09:28:06.776000,0.677,2025-01-24 09:28:30.346000,0.566,2025-01-24 09:28:01.000000,2025-01-24 09:29:01.000000,eqcct_explosions_th0_1/20250124T092801Z_20250124T092901Z/LOVF_outputs/X_prediction_results.csv
JOF/HE.JOF..HHZ__20250124T092803Z__20250124T092903Z.mseed,HE,JOF,0,0,0,0,,,2025-01-24 09:28:34.390000,0.252,2025-01-24 09:28:03.000000,2025-01-24 09:29:03.000000,eqcct_explosions_th0_1/20250124T092803Z_20250124T092903Z/JOF_outputs/X_prediction_results.csv
KAF/HE.KAF..HHN__20250124T092803Z__20250124T092903Z.mseed,HE,KAF,0,0,0,0,2025-01-24 09:28:08.440000,0.743,2025-01-24 09:28:31.950000,0.271,2025-01-24 09:28:03.000000,2025-01-24 09:29:03.000000,eqcct_explosions_th0_1/20250124T092803Z_20250124T092903Z/KAF_outputs/X_prediction_results.csv
PVF/HE.PVF..CHE__20250124T092804Z__20250124T092904Z.mseed,HE,PVF,0,0,0,0,2025-01-24 09:28:09.404000,0.637,2025-01-24 09:28:36.874000,0.48,2025-01-24 09:28:04.000000,2025-01-24 09:29:04.000000,eqcct_explosions_th0_1/20250124T092804Z_20250124T092904Z/PVF_outputs/X_prediction_results.csv
SUF/HE.SUF..HHE__20250124T094807Z__20250124T094907Z.mseed,HE,SUF,0,0,0,0,2025-01-24 09:48:12.980000,0.934,2025-01-24 09:48:18.540000,0.339,2025-01-24 09:48:07.000000,2025-01-24 09:49:07.000000,eqcct_explosions_th0_1/20250124T094807Z_20250124T094907Z/SUF_outputs/X_prediction_results.csv
NIF/HE.NIF..HHN__20250124T094813Z__20250124T094913Z.mseed,HE,NIF,0,0,0,0,2025-01-24 09:48:18.280000,0.93,,,2025-01-24 09:48:13.000000,2025-01-24 09:49:13.000000,eqcct_explosions_th0_1/20250124T094813Z_20250124T094913Z/NIF_outputs/X_prediction_results.csv
KAF/HE.KAF..HHE__20250124T094819Z__20250124T094919Z.mseed,HE,KAF,0,0,0,0,2025-01-24 09:48:24.130000,0.905,2025-01-24 09:48:37.570000,0.765,2025-01-24 09:48:19.000000,2025-01-24 09:49:19.000000,eqcct_explosions_th0_1/20250124T094819Z_20250124T094919Z/KAF_outputs/X_prediction_results.csv
KEF/HE.KEF..HHZ__20250124T094822Z__20250124T094922Z.mseed,HE,KEF,0,0,0,0,2025-01-24 09:48:27.080000,0.819,2025-01-24 09:48:43.600000,0.327,2025-01-24 09:48:22.000000,2025-01-24 09:49:22.000000,eqcct_explosions_th0_1/20250124T094822Z_20250124T094922Z/KEF_outputs/X_prediction_results.csv
OUF/HE.OUF..HHZ__20250124T094827Z__20250124T094927Z.mseed,HE,OUF,0,0,0,0,2025-01-24 09:48:32.380000,0.81,2025-01-24 09:48:52.950000,0.62,2025-01-24 09:48:27.000000,2025-01-24 09:49:27.000000,eqcct_explosions_th0_1/20250124T094827Z_20250124T094927Z/OUF_outputs/X_prediction_results.csv
OBF0/HE.OBF0..HHE__20250124T094831Z__20250124T094931Z.mseed,HE,OBF0,0,0,0,0,2025-01-24 09:48:35.772000,0.906,,,2025-01-24 09:48:31.000000,2025-01-24 09:49:31.000000,eqcct_explosions_th0_1/20250124T094831Z_20250124T094931Z/OBF0_outputs/X_prediction_results.csv
FIA0/HE.FIA0..HHE__20250124T094831Z__20250124T094931Z.mseed,HE,FIA0,0,0,0,0,2025-01-24 09:48:36.100000,0.852,2025-01-24 09:48:58.300000,0.292,2025-01-24 09:48:31.000000,2025-01-24 09:49:31.000000,eqcct_explosions_th0_1/20250124T094831Z_20250124T094931Z/FIA0_outputs/X_prediction_results.csv
VAF/HE.VAF..HHN__20250124T094831Z__20250124T094931Z.mseed,HE,VAF,0,0,0,0,2025-01-24 09:48:36.380000,0.786,,,2025-01-24 09:48:31.000000,2025-01-24 09:49:31.000000,eqcct_explosions_th0_1/20250124T094831Z_20250124T094931Z/VAF_outputs/X_prediction_results.csv
TRE03/HE.TRE03..CHE__20250124T094833Z__20250124T094933Z.mseed,HE,TRE03,0,0,0,0,2025-01-24 09:48:37.740000,0.749,,,2025-01-24 09:48:33.000000,2025-01-24 09:49:33.000000,eqcct_explosions_th0_1/20250124T094833Z_20250124T094933Z/TRE03_outputs/X_prediction_results.csv
OBF3/HE.OBF3..HHN__20250124T094834Z__20250124T094934Z.mseed,HE,OBF3,0,0,0,0,2025-01-24 09:48:38.880000,0.873,2025-01-24 09:49:05.550000,0.216,2025-01-24 09:48:34.000000,2025-01-24 09:49:34.000000,eqcct_explosions_th0_1/20250124T094834Z_20250124T094934Z/OBF3_outputs/X_prediction_results.csv
RMF/HE.RMF..HHN__20250124T094835Z__20250124T094935Z.mseed,HE,RMF,0,0,0,0,2025-01-24 09:48:39.580000,0.874,,,2025-01-24 09:48:35.000000,2025-01-24 09:49:35.000000,eqcct_explosions_th0_1/20250124T094835Z_20250124T094935Z/RMF_outputs/X_prediction_results.csv
RUF/HE.RUF..HHZ__20250124T094838Z__20250124T094938Z.mseed,HE,RUF,0,0,0,0,2025-01-24 09:48:43.500000,0.731,,,2025-01-24 09:48:38.000000,2025-01-24 09:49:38.000000,eqcct_explosions_th0_1/20250124T094838Z_20250124T094938Z/RUF_outputs/X_prediction_results.csv
JOF/HE.JOF..HHE__20250124T094910Z__20250124T095010Z.mseed,HE,JOF,0,0,0,0,2025-01-24 09:49:14.050000,0.599,2025-01-24 09:49:16.610000,0.124,2025-01-24 09:49:10.000000,2025-01-24 09:50:10.000000,eqcct_explosions_th0_1/20250124T094910Z_20250124T095010Z/JOF_outputs/X_prediction_results.csv
KY17/HE.KY17..CHZ__20250124T094910Z__20250124T095010Z.mseed,HE,KY17,0,0,0,0,2025-01-24 09:49:14.140000,0.159,,,2025-01-24 09:49:10.000000,2025-01-24 09:50:10.000000,eqcct_explosions_th0_1/20250124T094910Z_20250124T095010Z/KY17_outputs/X_prediction_results.csv
KPF/HE.KPF..HHN__20250124T094913Z__20250124T095013Z.mseed,HE,KPF,0,0,0,0,2025-01-24 09:49:17.610000,0.224,,,2025-01-24 09:49:13.000000,2025-01-24 09:50:13.000000,eqcct_explosions_th0_1/20250124T094913Z_20250124T095013Z/KPF_outputs/X_prediction_results.csv
PVF/HE.PVF..CHE__20250124T094921Z__20250124T095021Z.mseed,HE,PVF,0,0,0,0,2025-01-24 09:49:25.340000,0.476,,,2025-01-24 09:49:21.000000,2025-01-24 09:50:21.000000,eqcct_explosions_th0_1/20250124T094921Z_20250124T095021Z/PVF_outputs/X_prediction_results.csv
KU2/HE.KU2..SHZ__20250124T094923Z__20250124T095023Z.mseed,HE,KU2,0,0,0,0,2025-01-24 09:49:24.840000,0.26,,,2025-01-24 09:49:23.000000,2025-01-24 09:50:23.000000,eqcct_explosions_th0_1/20250124T094923Z_20250124T095023Z/KU2_outputs/X_prediction_results.csv
KU1/HE.KU1..SHZ__20250124T094923Z__20250124T095023Z.mseed,HE,KU1,0,0,0,0,2025-01-24 09:49:27.880000,0.411,,,2025-01-24 09:49:23.000000,2025-01-24 09:50:23.000000,eqcct_explosions_th0_1/20250124T094923Z_20250124T095023Z/KU1_outputs/X_prediction_results.csv
MEF/HE.MEF..HHN__20250124T100250Z__20250124T100350Z.mseed,HE,MEF,0,0,0,0,2025-01-24 10:02:55.880000,0.933,2025-01-24 10:02:57.380000,0.861,2025-01-24 10:02:50.000000,2025-01-24 10:03:50.000000,eqcct_explosions_th0_1/20250124T100250Z_20250124T100350Z/MEF_outputs/X_prediction_results.csv
HEL5/HE.HEL5..HHZ__20250124T100250Z__20250124T100350Z.mseed,HE,HEL5,0,0,0,0,2025-01-24 10:02:55.820000,0.858,2025-01-24 10:02:57.230000,0.808,2025-01-24 10:02:50.000000,2025-01-24 10:03:50.000000,eqcct_explosions_th0_1/20250124T100250Z_20250124T100350Z/HEL5_outputs/X_prediction_results.csv
LAUT/HE.LAUT..HHZ__20250124T100251Z__20250124T100351Z.mseed,HE,LAUT,0,0,0,0,2025-01-24 10:02:56.860000,0.925,2025-01-24 10:02:58.950000,0.836,2025-01-24 10:02:51.000000,2025-01-24 10:03:51.000000,eqcct_explosions_th0_1/20250124T100251Z_20250124T100351Z/LAUT_outputs/X_prediction_results.csv
HEL1/HE.HEL1..HHN__20250124T100252Z__20250124T100352Z.mseed,HE,HEL1,0,0,0,0,2025-01-24 10:02:57.150000,0.815,2025-01-24 10:02:59.450000,0.831,2025-01-24 10:02:52.000000,2025-01-24 10:03:52.000000,eqcct_explosions_th0_1/20250124T100252Z_20250124T100352Z/HEL1_outputs/X_prediction_results.csv
KUNI/HE.KUNI..HHE__20250124T100253Z__20250124T100353Z.mseed,HE,KUNI,0,0,0,0,2025-01-24 10:02:58.010000,0.857,2025-01-24 10:03:01.000000,0.814,2025-01-24 10:02:53.000000,2025-01-24 10:03:53.000000,eqcct_explosions_th0_1/20250124T100253Z_20250124T100353Z/KUNI_outputs/X_prediction_results.csv
VUOS/HE.VUOS..HHZ__20250124T100254Z__20250124T100354Z.mseed,HE,VUOS,0,0,0,0,2025-01-24 10:02:58.792000,0.827,2025-01-24 10:03:03.512000,0.62,2025-01-24 10:02:54.000000,2025-01-24 10:03:54.000000,eqcct_explosions_th0_1/20250124T100254Z_20250124T100354Z/VUOS_outputs/X_prediction_results.csv
NUR/HE.NUR..HHN__20250124T100255Z__20250124T100355Z.mseed,HE,NUR,0,0,0,0,2025-01-24 10:03:00.740000,0.952,2025-01-24 10:03:06.230000,0.343,2025-01-24 10:02:55.000000,2025-01-24 10:03:55.000000,eqcct_explosions_th0_1/20250124T100255Z_20250124T100355Z/NUR_outputs/X_prediction_results.csv
PVF/HE.PVF..CHE__20250124T100303Z__20250124T100403Z.mseed,HE,PVF,0,0,0,0,2025-01-24 10:03:08.360000,0.696,2025-01-24 10:03:18.350000,0.224,2025-01-24 10:03:03.000000,2025-01-24 10:04:03.000000,eqcct_explosions_th0_1/20250124T100303Z_20250124T100403Z/PVF_outputs/X_prediction_results.csv
FIA0/HE.FIA0..HHN__20250124T100318Z__20250124T100418Z.mseed,HE,FIA0,0,0,0,0,2025-01-24 10:03:22.410000,0.56,,,2025-01-24 10:03:18.000000,2025-01-24 10:04:18.000000,eqcct_explosions_th0_1/20250124T100318Z_20250124T100418Z/FIA0_outputs/X_prediction_results.csv
RAF/HE.RAF..HHZ__20250124T100319Z__20250124T100419Z.mseed,HE,RAF,0,0,0,0,2025-01-24 10:03:23.330000,0.81,2025-01-24 10:03:45.050000,0.372,2025-01-24 10:03:19.000000,2025-01-24 10:04:19.000000,eqcct_explosions_th0_1/20250124T100319Z_20250124T100419Z/RAF_outputs/X_prediction_results.csv
TOF/HE.TOF..HHZ__20250124T104759Z__20250124T104859Z.mseed,HE,TOF,0,0,0,0,2025-01-24 10:48:04.580000,0.892,2025-01-24 10:48:17.490000,0.351,2025-01-24 10:47:59.000000,2025-01-24 10:48:59.000000,eqcct_explosions_th0_1/20250124T104759Z_20250124T104859Z/TOF_outputs/X_prediction_results.csv
RANF/FN.RANF..BHN__20250124T104800Z__20250124T104900Z.mseed,FN,RANF,0,0,0,0,2025-01-24 10:48:05.450000,0.862,2025-01-24 10:48:15.350000,0.412,2025-01-24 10:48:00.000000,2025-01-24 10:49:00.000000,eqcct_explosions_th0_1/20250124T104800Z_20250124T104900Z/RANF_outputs/X_prediction_results.csv
KLF/FN.KLF..HHE__20250124T104804Z__20250124T104904Z.mseed,FN,KLF,0,0,0,0,2025-01-24 10:48:09.700000,0.869,2025-01-24 10:48:22.840000,0.792,2025-01-24 10:48:04.000000,2025-01-24 10:49:04.000000,eqcct_explosions_th0_1/20250124T104804Z_20250124T104904Z/KLF_outputs/X_prediction_results.csv
KU2/HE.KU2..SHZ__20250124T104812Z__20250124T104912Z.mseed,HE,KU2,0,0,0,0,2025-01-24 10:48:17.328000,0.894,2025-01-24 10:48:35.478000,0.6,2025-01-24 10:48:12.000000,2025-01-24 10:49:12.000000,eqcct_explosions_th0_1/20250124T104812Z_20250124T104912Z/KU2_outputs/X_prediction_results.csv
OLKF/FN.OLKF..HHN__20250124T104816Z__20250124T104916Z.mseed,FN,OLKF,0,0,0,0,2025-01-24 10:48:21.150000,0.804,2025-01-24 10:48:41.500000,0.596,2025-01-24 10:48:16.000000,2025-01-24 10:49:16.000000,eqcct_explosions_th0_1/20250124T104816Z_20250124T104916Z/OLKF_outputs/X_prediction_results.csv
OBF3/HE.OBF3..HHZ__20250124T104818Z__20250124T104918Z.mseed,HE,OBF3,0,0,0,0,2025-01-24 10:48:23.900000,0.805,,,2025-01-24 10:48:18.000000,2025-01-24 10:49:18.000000,eqcct_explosions_th0_1/20250124T104818Z_20250124T104918Z/OBF3_outputs/X_prediction_results.csv
KU6/HE.KU6..HHZ__20250124T104820Z__20250124T104920Z.mseed,HE,KU6,0,0,0,0,2025-01-24 10:48:25.190000,0.832,2025-01-24 10:48:49.560000,0.532,2025-01-24 10:48:20.000000,2025-01-24 10:49:20.000000,eqcct_explosions_th0_1/20250124T104820Z_20250124T104920Z/KU6_outputs/X_prediction_results.csv
KU1/HE.KU1..SHZ__20250124T104821Z__20250124T104921Z.mseed,HE,KU1,0,0,0,0,2025-01-24 10:48:25.456000,0.566,2025-01-24 10:48:51.246000,0.399,2025-01-24 10:48:21.000000,2025-01-24 10:49:21.000000,eqcct_explosions_th0_1/20250124T104821Z_20250124T104921Z/KU1_outputs/X_prediction_results.csv
VRF/HE.VRF..HHE__20250124T104823Z__20250124T104923Z.mseed,HE,VRF,0,0,0,0,2025-01-24 10:48:28.550000,0.347,,,2025-01-24 10:48:23.000000,2025-01-24 10:49:23.000000,eqcct_explosions_th0_1/20250124T104823Z_20250124T104923Z/VRF_outputs/X_prediction_results.csv
HEF/HE.HEF..HHZ__20250124T104824Z__20250124T104924Z.mseed,HE,HEF,0,0,0,0,2025-01-24 10:48:29.020000,0.763,2025-01-24 10:48:56.370000,0.281,2025-01-24 10:48:24.000000,2025-01-24 10:49:24.000000,eqcct_explosions_th0_1/20250124T104824Z_20250124T104924Z/HEF_outputs/X_prediction_results.csv
NIF/HE.NIF..HHE__20250124T113816Z__20250124T113916Z.mseed,HE,NIF,0,0,0,0,2025-01-24 11:38:22.030000,0.801,2025-01-24 11:38:40.970000,0.124,2025-01-24 11:38:16.000000,2025-01-24 11:39:16.000000,eqcct_explosions_th0_1/20250124T113816Z_20250124T113916Z/NIF_outputs/X_prediction_results.csv
SUF/HE.SUF..HHE__20250124T113827Z__20250124T113927Z.mseed,HE,SUF,0,0,0,0,2025-01-24 11:38:32.960000,0.938,2025-01-24 11:38:44.630000,0.638,2025-01-24 11:38:27.000000,2025-01-24 11:39:27.000000,eqcct_explosions_th0_1/20250124T113827Z_20250124T113927Z/SUF_outputs/X_prediction_results.csv
KJNF/HE.KJNF..CHE__20250124T113833Z__20250124T113933Z.mseed,HE,KJNF,0,0,0,0,2025-01-24 11:38:38.120000,0.748,,,2025-01-24 11:38:33.000000,2025-01-24 11:39:33.000000,eqcct_explosions_th0_1/20250124T113833Z_20250124T113933Z/KJNF_outputs/X_prediction_results.csv
KAF/HE.KAF..HHE__20250124T113834Z__20250124T113934Z.mseed,HE,KAF,0,0,0,0,2025-01-24 11:38:39.880000,0.85,,,2025-01-24 11:38:34.000000,2025-01-24 11:39:34.000000,eqcct_explosions_th0_1/20250124T113834Z_20250124T113934Z/KAF_outputs/X_prediction_results.csv
RMF/HE.RMF..HHE__20250124T113838Z__20250124T113938Z.mseed,HE,RMF,0,0,0,0,2025-01-24 11:38:43.980000,0.898,,,2025-01-24 11:38:38.000000,2025-01-24 11:39:38.000000,eqcct_explosions_th0_1/20250124T113838Z_20250124T113938Z/RMF_outputs/X_prediction_results.csv
KEF/HE.KEF..HHZ__20250124T113842Z__20250124T113942Z.mseed,HE,KEF,0,0,0,0,2025-01-24 11:38:47.680000,0.825,,,2025-01-24 11:38:42.000000,2025-01-24 11:39:42.000000,eqcct_explosions_th0_1/20250124T113842Z_20250124T113942Z/KEF_outputs/X_prediction_results.csv
JOF/HE.JOF..HHE__20250124T113842Z__20250124T113942Z.mseed,HE,JOF,0,0,0,0,2025-01-24 11:38:47.290000,0.648,2025-01-24 11:39:02.670000,0.391,2025-01-24 11:38:42.000000,2025-01-24 11:39:42.000000,eqcct_explosions_th0_1/20250124T113842Z_20250124T113942Z/JOF_outputs/X_prediction_results.csv
RUF/HE.RUF..HHN__20250124T113844Z__20250124T113944Z.mseed,HE,RUF,0,0,0,0,2025-01-24 11:38:49.840000,0.857,,,2025-01-24 11:38:44.000000,2025-01-24 11:39:44.000000,eqcct_explosions_th0_1/20250124T113844Z_20250124T113944Z/RUF_outputs/X_prediction_results.csv
OUF/HE.OUF..HHN__20250124T113845Z__20250124T113945Z.mseed,HE,OUF,0,0,0,0,2025-01-24 11:38:49.480000,0.67,,,2025-01-24 11:38:45.000000,2025-01-24 11:39:45.000000,eqcct_explosions_th0_1/20250124T113845Z_20250124T113945Z/OUF_outputs/X_prediction_results.csv
FIA0/HE.FIA0..HHZ__20250124T113846Z__20250124T113946Z.mseed,HE,FIA0,0,0,0,0,2025-01-24 11:38:51.500000,0.766,,,2025-01-24 11:38:46.000000,2025-01-24 11:39:46.000000,eqcct_explosions_th0_1/20250124T113846Z_20250124T113946Z/FIA0_outputs/X_prediction_results.csv
OBF0/HE.OBF0..HHN__20250124T113849Z__20250124T113949Z.mseed,HE,OBF0,0,0,0,0,2025-01-24 11:38:53.880000,0.759,,,2025-01-24 11:38:49.000000,2025-01-24 11:39:49.000000,eqcct_explosions_th0_1/20250124T113849Z_20250124T113949Z/OBF0_outputs/X_prediction_results.csv
OBF3/HE.OBF3..HHZ__20250124T113851Z__20250124T113951Z.mseed,HE,OBF3,0,0,0,0,2025-01-24 11:38:55.080000,0.703,,,2025-01-24 11:38:51.000000,2025-01-24 11:39:51.000000,eqcct_explosions_th0_1/20250124T113851Z_20250124T113951Z/OBF3_outputs/X_prediction_results.csv
TRE03/HE.TRE03..CHN__20250124T113852Z__20250124T113952Z.mseed,HE,TRE03,0,0,0,0,2025-01-24 11:38:57.780000,0.87,,,2025-01-24 11:38:52.000000,2025-01-24 11:39:52.000000,eqcct_explosions_th0_1/20250124T113852Z_20250124T113952Z/TRE03_outputs/X_prediction_results.csv
KY17/HE.KY17..CHZ__20250124T113852Z__20250124T113952Z.mseed,HE,KY17,0,0,0,0,2025-01-24 11:38:57.380000,0.797,,,2025-01-24 11:38:52.000000,2025-01-24 11:39:52.000000,eqcct_explosions_th0_1/20250124T113852Z_20250124T113952Z/KY17_outputs/X_prediction_results.csv
VAF/HE.VAF..HHE__20250124T113853Z__20250124T113953Z.mseed,HE,VAF,0,0,0,0,2025-01-24 11:38:58.700000,0.652,,,2025-01-24 11:38:53.000000,2025-01-24 11:39:53.000000,eqcct_explosions_th0_1/20250124T113853Z_20250124T113953Z/VAF_outputs/X_prediction_results.csv
KU2/HE.KU2..SHE__20250124T113857Z__20250124T113957Z.mseed,HE,KU2,0,0,0,0,2025-01-24 11:39:01.780000,0.726,,,2025-01-24 11:38:57.000000,2025-01-24 11:39:57.000000,eqcct_explosions_th0_1/20250124T113857Z_20250124T113957Z/KU2_outputs/X_prediction_results.csv
KU1/HE.KU1..SHN__20250124T113857Z__20250124T113957Z.mseed,HE,KU1,0,0,0,0,2025-01-24 11:39:01.080000,0.548,,,2025-01-24 11:38:57.000000,2025-01-24 11:39:57.000000,eqcct_explosions_th0_1/20250124T113857Z_20250124T113957Z/KU1_outputs/X_prediction_results.csv
RANF/FN.RANF..HHZ__20250124T113901Z__20250124T114001Z.mseed,FN,RANF,0,0,0,0,,,2025-01-24 11:39:42.470000,0.106,2025-01-24 11:39:01.000000,2025-01-24 11:40:01.000000,eqcct_explosions_th0_1/20250124T113901Z_20250124T114001Z/RANF_outputs/X_prediction_results.csv
KPF/HE.KPF..HHN__20250124T113903Z__20250124T114003Z.mseed,HE,KPF,0,0,0,0,2025-01-24 11:39:07.420000,0.777,2025-01-24 11:39:45.210000,0.372,2025-01-24 11:39:03.000000,2025-01-24 11:40:03.000000,eqcct_explosions_th0_1/20250124T113903Z_20250124T114003Z/KPF_outputs/X_prediction_results.csv
KU6/HE.KU6..HHN__20250124T113904Z__20250124T114004Z.mseed,HE,KU6,0,0,0,0,2025-01-24 11:39:08.080000,0.795,,,2025-01-24 11:39:04.000000,2025-01-24 11:40:04.000000,eqcct_explosions_th0_1/20250124T113904Z_20250124T114004Z/KU6_outputs/X_prediction_results.csv
VJF/HE.VJF..HHN__20250124T113931Z__20250124T114031Z.mseed,HE,VJF,0,0,0,0,2025-01-24 11:39:35.360000,0.468,,,2025-01-24 11:39:31.000000,2025-01-24 11:40:31.000000,eqcct_explosions_th0_1/20250124T113931Z_20250124T114031Z/VJF_outputs/X_prediction_results.csv
PVF/HE.PVF..CHN__20250124T113937Z__20250124T114037Z.mseed,HE,PVF,0,0,0,0,2025-01-24 11:39:41.660000,0.131,,,2025-01-24 11:39:37.000000,2025-01-24 11:40:37.000000,eqcct_explosions_th0_1/20250124T113937Z_20250124T114037Z/PVF_outputs/X_prediction_results.csv
KUNI/HE.KUNI..HHE__20250124T114111Z__20250124T114211Z.mseed,HE,KUNI,0,0,0,0,2025-01-24 11:41:16.392000,0.867,2025-01-24 11:41:18.542000,0.537,2025-01-24 11:41:11.000000,2025-01-24 11:42:11.000000,eqcct_explosions_th0_1/20250124T114111Z_20250124T114211Z/KUNI_outputs/X_prediction_results.csv
NUR/HE.NUR..HHE__20250124T114112Z__20250124T114212Z.mseed,HE,NUR,0,0,0,0,2025-01-24 11:41:17.890000,0.887,2025-01-24 11:41:20.620000,0.77,2025-01-24 11:41:12.000000,2025-01-24 11:42:12.000000,eqcct_explosions_th0_1/20250124T114112Z_20250124T114212Z/NUR_outputs/X_prediction_results.csv
LAUT/HE.LAUT..HHN__20250124T114113Z__20250124T114213Z.mseed,HE,LAUT,0,0,0,0,2025-01-24 11:41:18.580000,0.942,2025-01-24 11:41:21.750000,0.639,2025-01-24 11:41:13.000000,2025-01-24 11:42:13.000000,eqcct_explosions_th0_1/20250124T114113Z_20250124T114213Z/LAUT_outputs/X_prediction_results.csv
VUOS/HE.VUOS..HHZ__20250124T114113Z__20250124T114213Z.mseed,HE,VUOS,0,0,0,0,2025-01-24 11:41:18.480000,0.942,2025-01-24 11:41:21.430000,0.806,2025-01-24 11:41:13.000000,2025-01-24 11:42:13.000000,eqcct_explosions_th0_1/20250124T114113Z_20250124T114213Z/VUOS_outputs/X_prediction_results.csv
HEL1/HE.HEL1..HHE__20250124T114113Z__20250124T114213Z.mseed,HE,HEL1,0,0,0,0,2025-01-24 11:41:18.080000,0.94,2025-01-24 11:41:20.950000,0.669,2025-01-24 11:41:13.000000,2025-01-24 11:42:13.000000,eqcct_explosions_th0_1/20250124T114113Z_20250124T114213Z/HEL1_outputs/X_prediction_results.csv
HEL5/HE.HEL5..HHZ__20250124T114114Z__20250124T114214Z.mseed,HE,HEL5,0,0,0,0,2025-01-24 11:41:19.480000,0.957,2025-01-24 11:41:23.850000,0.705,2025-01-24 11:41:14.000000,2025-01-24 11:42:14.000000,eqcct_explosions_th0_1/20250124T114114Z_20250124T114214Z/HEL5_outputs/X_prediction_results.csv
MEF/HE.MEF..HHN__20250124T114115Z__20250124T114215Z.mseed,HE,MEF,0,0,0,0,2025-01-24 11:41:20.080000,0.913,2025-01-24 11:41:24.150000,0.415,2025-01-24 11:41:15.000000,2025-01-24 11:42:15.000000,eqcct_explosions_th0_1/20250124T114115Z_20250124T114215Z/MEF_outputs/X_prediction_results.csv
PVF/HE.PVF..CHN__20250124T114118Z__20250124T114218Z.mseed,HE,PVF,0,0,0,0,2025-01-24 11:41:23.610000,0.838,2025-01-24 11:41:30.280000,0.81,2025-01-24 11:41:18.000000,2025-01-24 11:42:18.000000,eqcct_explosions_th0_1/20250124T114118Z_20250124T114218Z/PVF_outputs/X_prediction_results.csv
TVF/HE.TVF..HHE__20250124T114128Z__20250124T114228Z.mseed,HE,TVF,0,0,0,0,2025-01-24 11:41:32.280000,0.856,,,2025-01-24 11:41:28.000000,2025-01-24 11:42:28.000000,eqcct_explosions_th0_1/20250124T114128Z_20250124T114228Z/TVF_outputs/X_prediction_results.csv
FIA0/HE.FIA0..HHE__20250124T114131Z__20250124T114231Z.mseed,HE,FIA0,0,0,0,0,2025-01-24 11:41:36.800000,0.857,,,2025-01-24 11:41:31.000000,2025-01-24 11:42:31.000000,eqcct_explosions_th0_1/20250124T114131Z_20250124T114231Z/FIA0_outputs/X_prediction_results.csv
KY17/HE.KY17..CHE__20250124T114131Z__20250124T114231Z.mseed,HE,KY17,0,0,0,0,2025-01-24 11:41:36.492000,0.724,2025-01-24 11:41:52.722000,0.517,2025-01-24 11:41:31.000000,2025-01-24 11:42:31.000000,eqcct_explosions_th0_1/20250124T114131Z_20250124T114231Z/KY17_outputs/X_prediction_results.csv
TRE03/HE.TRE03..CHN__20250124T114133Z__20250124T114233Z.mseed,HE,TRE03,0,0,0,0,2025-01-24 11:41:38.550000,0.789,2025-01-24 11:41:55.530000,0.298,2025-01-24 11:41:33.000000,2025-01-24 11:42:33.000000,eqcct_explosions_th0_1/20250124T114133Z_20250124T114233Z/TRE03_outputs/X_prediction_results.csv
VJF/HE.VJF..HHZ__20250124T114133Z__20250124T114233Z.mseed,HE,VJF,0,0,0,0,2025-01-24 11:41:38.560000,0.888,2025-01-24 11:41:56.280000,0.384,2025-01-24 11:41:33.000000,2025-01-24 11:42:33.000000,eqcct_explosions_th0_1/20250124T114133Z_20250124T114233Z/VJF_outputs/X_prediction_results.csv
RAF/HE.RAF..HHN__20250124T114139Z__20250124T114239Z.mseed,HE,RAF,0,0,0,0,2025-01-24 11:41:44.880000,0.792,2025-01-24 11:42:07.830000,0.36,2025-01-24 11:41:39.000000,2025-01-24 11:42:39.000000,eqcct_explosions_th0_1/20250124T114139Z_20250124T114239Z/RAF_outputs/X_prediction_results.csv
KORF/HE.KORF..CHN__20250124T114140Z__20250124T114240Z.mseed,HE,KORF,0,0,0,0,2025-01-24 11:41:44.980000,0.67,2025-01-24 11:42:08.650000,0.332,2025-01-24 11:41:40.000000,2025-01-24 11:42:40.000000,eqcct_explosions_th0_1/20250124T114140Z_20250124T114240Z/KORF_outputs/X_prediction_results.csv
KAF/HE.KAF..HHN__20250124T114143Z__20250124T114243Z.mseed,HE,KAF,0,0,0,0,2025-01-24 11:41:47.680000,0.731,2025-01-24 11:42:13.380000,0.497,2025-01-24 11:41:43.000000,2025-01-24 11:42:43.000000,eqcct_explosions_th0_1/20250124T114143Z_20250124T114243Z/KAF_outputs/X_prediction_results.csv
KEF/HE.KEF..HHN__20250124T114143Z__20250124T114243Z.mseed,HE,KEF,0,0,0,0,2025-01-24 11:41:47.240000,0.764,,,2025-01-24 11:41:43.000000,2025-01-24 11:42:43.000000,eqcct_explosions_th0_1/20250124T114143Z_20250124T114243Z/KEF_outputs/X_prediction_results.csv
KPF/HE.KPF..HHZ__20250124T114146Z__20250124T114246Z.mseed,HE,KPF,0,0,0,0,2025-01-24 11:41:50.080000,0.751,2025-01-24 11:42:16.830000,0.595,2025-01-24 11:41:46.000000,2025-01-24 11:42:46.000000,eqcct_explosions_th0_1/20250124T114146Z_20250124T114246Z/KPF_outputs/X_prediction_results.csv
RUF/HE.RUF..HHN__20250124T114149Z__20250124T114249Z.mseed,HE,RUF,0,0,0,0,2025-01-24 11:41:53.220000,0.825,,,2025-01-24 11:41:49.000000,2025-01-24 11:42:49.000000,eqcct_explosions_th0_1/20250124T114149Z_20250124T114249Z/RUF_outputs/X_prediction_results.csv
SUF/HE.SUF..HHE__20250124T114152Z__20250124T114252Z.mseed,HE,SUF,0,0,0,0,2025-01-24 11:41:57.460000,0.464,2025-01-24 11:42:29.840000,0.225,2025-01-24 11:41:52.000000,2025-01-24 11:42:52.000000,eqcct_explosions_th0_1/20250124T114152Z_20250124T114252Z/SUF_outputs/X_prediction_results.csv
AAL/UP.AAL..HHZ__20250124T114224Z__20250124T114324Z.mseed,UP,AAL,0,0,0,0,2025-01-24 11:42:28.890000,0.266,,,2025-01-24 11:42:24.000000,2025-01-24 11:43:24.000000,eqcct_explosions_th0_1/20250124T114224Z_20250124T114324Z/AAL_outputs/X_prediction_results.csv
RUF/HE.RUF..HHZ__20250124T115408Z__20250124T115508Z.mseed,HE,RUF,0,0,0,0,2025-01-24 11:54:13.480000,0.896,2025-01-24 11:54:20.570000,0.464,2025-01-24 11:54:08.000000,2025-01-24 11:55:08.000000,eqcct_explosions_th0_1/20250124T115408Z_20250124T115508Z/RUF_outputs/X_prediction_results.csv
KY17/HE.KY17..CHZ__20250124T115408Z__20250124T115508Z.mseed,HE,KY17,0,0,0,0,2025-01-24 11:54:13.840000,0.787,2025-01-24 11:54:21.680000,0.79,2025-01-24 11:54:08.000000,2025-01-24 11:55:08.000000,eqcct_explosions_th0_1/20250124T115408Z_20250124T115508Z/KY17_outputs/X_prediction_results.csv
VJF/HE.VJF..HHN__20250124T115409Z__20250124T115509Z.mseed,HE,VJF,0,0,0,0,2025-01-24 11:54:14.182000,0.762,2025-01-24 11:54:22.502000,0.444,2025-01-24 11:54:09.000000,2025-01-24 11:55:09.000000,eqcct_explosions_th0_1/20250124T115409Z_20250124T115509Z/VJF_outputs/X_prediction_results.csv
FIA0/HE.FIA0..HHE__20250124T115420Z__20250124T115520Z.mseed,HE,FIA0,0,0,0,0,2025-01-24 11:54:23.370000,0.119,,,2025-01-24 11:54:20.000000,2025-01-24 11:55:20.000000,eqcct_explosions_th0_1/20250124T115420Z_20250124T115520Z/FIA0_outputs/X_prediction_results.csv
PVF/HE.PVF..CHE__20250124T115420Z__20250124T115520Z.mseed,HE,PVF,0,0,0,0,2025-01-24 11:54:25.382000,0.794,2025-01-24 11:54:42.282000,0.412,2025-01-24 11:54:20.000000,2025-01-24 11:55:20.000000,eqcct_explosions_th0_1/20250124T115420Z_20250124T115520Z/PVF_outputs/X_prediction_results.csv
KAF/HE.KAF..HHN__20250124T115424Z__20250124T115524Z.mseed,HE,KAF,0,0,0,0,2025-01-24 11:54:29.450000,0.707,2025-01-24 11:54:48.080000,0.311,2025-01-24 11:54:24.000000,2025-01-24 11:55:24.000000,eqcct_explosions_th0_1/20250124T115424Z_20250124T115524Z/KAF_outputs/X_prediction_results.csv
TRE03/HE.TRE03..CHN__20250124T115434Z__20250124T115534Z.mseed,HE,TRE03,0,0,0,0,2025-01-24 11:54:39.340000,0.603,2025-01-24 11:55:07.270000,0.137,2025-01-24 11:54:34.000000,2025-01-24 11:55:34.000000,eqcct_explosions_th0_1/20250124T115434Z_20250124T115534Z/TRE03_outputs/X_prediction_results.csv
SUF/HE.SUF..HHE__20250124T115434Z__20250124T115534Z.mseed,HE,SUF,0,0,0,0,2025-01-24 11:54:39.330000,0.62,2025-01-24 11:55:04.350000,0.215,2025-01-24 11:54:34.000000,2025-01-24 11:55:34.000000,eqcct_explosions_th0_1/20250124T115434Z_20250124T115534Z/SUF_outputs/X_prediction_results.csv
KEF/HE.KEF..HHZ__20250124T115500Z__20250124T115600Z.mseed,HE,KEF,0,0,0,0,2025-01-24 11:55:04.570000,0.321,2025-01-24 11:55:05.540000,0.194,2025-01-24 11:55:00.000000,2025-01-24 11:56:00.000000,eqcct_explosions_th0_1/20250124T115500Z_20250124T115600Z/KEF_outputs/X_prediction_results.csv
JOF/HE.JOF..HHE__20250124T125856Z__20250124T125956Z.mseed,HE,JOF,0,0,0,0,2025-01-24 12:59:03.060000,0.716,2025-01-24 12:59:04.150000,0.767,2025-01-24 12:58:56.000000,2025-01-24 12:59:56.000000,eqcct_explosions_th0_1/20250124T125856Z_20250124T125956Z/JOF_outputs/X_prediction_results.csv
RMF/HE.RMF..HHE__20250124T125921Z__20250124T130021Z.mseed,HE,RMF,0,0,0,0,2025-01-24 12:59:26.580000,0.927,2025-01-24 12:59:44.700000,0.743,2025-01-24 12:59:21.000000,2025-01-24 13:00:21.000000,eqcct_explosions_th0_1/20250124T125921Z_20250124T130021Z/RMF_outputs/X_prediction_results.csv
NIF/HE.NIF..HHE__20250124T125925Z__20250124T130025Z.mseed,HE,NIF,0,0,0,0,2025-01-24 12:59:30.980000,0.927,2025-01-24 12:59:52.050000,0.804,2025-01-24 12:59:25.000000,2025-01-24 13:00:25.000000,eqcct_explosions_th0_1/20250124T125925Z_20250124T130025Z/NIF_outputs/X_prediction_results.csv
SUF/HE.SUF..HHN__20250124T125938Z__20250124T130038Z.mseed,HE,SUF,0,0,0,0,2025-01-24 12:59:42.940000,0.642,2025-01-24 13:00:13.690000,0.391,2025-01-24 12:59:38.000000,2025-01-24 13:00:38.000000,eqcct_explosions_th0_1/20250124T125938Z_20250124T130038Z/SUF_outputs/X_prediction_results.csv
KU1/HE.KU1..SHE__20250124T125944Z__20250124T130044Z.mseed,HE,KU1,0,0,0,0,2025-01-24 12:59:48.040000,0.564,2025-01-24 13:00:23.010000,0.368,2025-01-24 12:59:44.000000,2025-01-24 13:00:44.000000,eqcct_explosions_th0_1/20250124T125944Z_20250124T130044Z/KU1_outputs/X_prediction_results.csv
FIA0/HE.FIA0..HHN__20250124T125947Z__20250124T130047Z.mseed,HE,FIA0,0,0,0,0,2025-01-24 12:59:51.580000,0.317,2025-01-24 13:00:28.500000,0.369,2025-01-24 12:59:47.000000,2025-01-24 13:00:47.000000,eqcct_explosions_th0_1/20250124T125947Z_20250124T130047Z/FIA0_outputs/X_prediction_results.csv
RUF/HE.RUF..HHE__20250124T125956Z__20250124T130056Z.mseed,HE,RUF,0,0,0,0,2025-01-24 13:00:00.080000,0.493,2025-01-24 13:00:02.670000,0.271,2025-01-24 12:59:56.000000,2025-01-24 13:00:56.000000,eqcct_explosions_th0_1/20250124T125956Z_20250124T130056Z/RUF_outputs/X_prediction_results.csv
KAF/HE.KAF..HHN__20250124T130011Z__20250124T130111Z.mseed,HE,KAF,0,0,0,0,2025-01-24 13:00:15.950000,0.246,2025-01-24 13:00:18.740000,0.315,2025-01-24 13:00:11.000000,2025-01-24 13:01:11.000000,eqcct_explosions_th0_1/20250124T130011Z_20250124T130111Z/KAF_outputs/X_prediction_results.csv
KU2/HE.KU2..SHE__20250124T130020Z__20250124T130120Z.mseed,HE,KU2,0,0,0,0,2025-01-24 13:00:25.770000,0.157,2025-01-24 13:00:29.390000,0.19,2025-01-24 13:00:20.000000,2025-01-24 13:01:20.000000,eqcct_explosions_th0_1/20250124T130020Z_20250124T130120Z/KU2_outputs/X_prediction_results.csv
KEF/HE.KEF..HHE__20250124T130028Z__20250124T130128Z.mseed,HE,KEF,0,0,0,0,2025-01-24 13:00:32.360000,0.26,,,2025-01-24 13:00:28.000000,2025-01-24 13:01:28.000000,eqcct_explosions_th0_1/20250124T130028Z_20250124T130128Z/KEF_outputs/X_prediction_results.csv
RANF/FN.RANF..HHE__20250124T130042Z__20250124T130142Z.mseed,FN,RANF,0,0,0,0,2025-01-24 13:00:46.650000,0.202,,,2025-01-24 13:00:42.000000,2025-01-24 13:01:42.000000,eqcct_explosions_th0_1/20250124T130042Z_20250124T130142Z/RANF_outputs/X_prediction_results.csv
OLKF/FN.OLKF..HHN__20250124T130044Z__20250124T130144Z.mseed,FN,OLKF,0,0,0,0,2025-01-24 13:00:48.700000,0.443,,,2025-01-24 13:00:44.000000,2025-01-24 13:01:44.000000,eqcct_explosions_th0_1/20250124T130044Z_20250124T130144Z/OLKF_outputs/X_prediction_results.csv
RUF/HE.RUF..HHN__20250124T140851Z__20250124T140951Z.mseed,HE,RUF,0,0,0,0,2025-01-24 14:08:56.890000,0.84,2025-01-24 14:09:04.590000,0.342,2025-01-24 14:08:51.000000,2025-01-24 14:09:51.000000,eqcct_explosions_th0_1/20250124T140851Z_20250124T140951Z/RUF_outputs/X_prediction_results.csv
JOF/HE.JOF..HHN__20250124T140908Z__20250124T141008Z.mseed,HE,JOF,0,0,0,0,2025-01-24 14:09:13.650000,0.744,,,2025-01-24 14:09:08.000000,2025-01-24 14:10:08.000000,eqcct_explosions_th0_1/20250124T140908Z_20250124T141008Z/JOF_outputs/X_prediction_results.csv
VJF/HE.VJF..HHE__20250124T140909Z__20250124T141009Z.mseed,HE,VJF,0,0,0,0,2025-01-24 14:09:14.900000,0.821,2025-01-24 14:09:16.320000,0.262,2025-01-24 14:09:09.000000,2025-01-24 14:10:09.000000,eqcct_explosions_th0_1/20250124T140909Z_20250124T141009Z/VJF_outputs/X_prediction_results.csv
KY17/HE.KY17..CHN__20250124T140910Z__20250124T141010Z.mseed,HE,KY17,0,0,0,0,2025-01-24 14:09:15.122000,0.637,2025-01-24 14:09:36.052000,0.193,2025-01-24 14:09:10.000000,2025-01-24 14:10:10.000000,eqcct_explosions_th0_1/20250124T140910Z_20250124T141010Z/KY17_outputs/X_prediction_results.csv
KAF/HE.KAF..HHN__20250124T140915Z__20250124T141015Z.mseed,HE,KAF,0,0,0,0,2025-01-24 14:09:20.880000,0.785,2025-01-24 14:09:22.670000,0.15,2025-01-24 14:09:15.000000,2025-01-24 14:10:15.000000,eqcct_explosions_th0_1/20250124T140915Z_20250124T141015Z/KAF_outputs/X_prediction_results.csv
FIA0/HE.FIA0..HHE__20250124T140915Z__20250124T141015Z.mseed,HE,FIA0,0,0,0,0,2025-01-24 14:09:20.900000,0.411,2025-01-24 14:09:22.700000,0.825,2025-01-24 14:09:15.000000,2025-01-24 14:10:15.000000,eqcct_explosions_th0_1/20250124T140915Z_20250124T141015Z/FIA0_outputs/X_prediction_results.csv
NIF/HE.NIF..HHE__20250124T140919Z__20250124T141019Z.mseed,HE,NIF,0,0,0,0,2025-01-24 14:09:23.380000,0.148,,,2025-01-24 14:09:19.000000,2025-01-24 14:10:19.000000,eqcct_explosions_th0_1/20250124T140919Z_20250124T141019Z/NIF_outputs/X_prediction_results.csv
SUF/HE.SUF..HHE__20250124T140921Z__20250124T141021Z.mseed,HE,SUF,0,0,0,0,2025-01-24 14:09:26.150000,0.589,2025-01-24 14:09:55.660000,0.237,2025-01-24 14:09:21.000000,2025-01-24 14:10:21.000000,eqcct_explosions_th0_1/20250124T140921Z_20250124T141021Z/SUF_outputs/X_prediction_results.csv
PVF/HE.PVF..CHN__20250124T140921Z__20250124T141021Z.mseed,HE,PVF,0,0,0,0,2025-01-24 14:09:26.192000,0.488,,,2025-01-24 14:09:21.000000,2025-01-24 14:10:21.000000,eqcct_explosions_th0_1/20250124T140921Z_20250124T141021Z/PVF_outputs/X_prediction_results.csv
RMF/HE.RMF..HHN__20250124T140927Z__20250124T141027Z.mseed,HE,RMF,0,0,0,0,2025-01-24 14:09:31.640000,0.641,,,2025-01-24 14:09:27.000000,2025-01-24 14:10:27.000000,eqcct_explosions_th0_1/20250124T140927Z_20250124T141027Z/RMF_outputs/X_prediction_results.csv
VRF/HE.VRF..HHN__20250124T194142Z__20250124T194242Z.mseed,HE,VRF,0,0,0,0,2025-01-24 19:41:46.850000,0.591,,,2025-01-24 19:41:42.000000,2025-01-24 19:42:42.000000,eqcct_explosions_th0_1/20250124T194142Z_20250124T194242Z/VRF_outputs/X_prediction_results.csv
RAJF/FN.RAJF..BHE__20250124T194153Z__20250124T194253Z.mseed,FN,RAJF,0,0,0,0,2025-01-24 19:41:57.050000,0.407,,,2025-01-24 19:41:53.000000,2025-01-24 19:42:53.000000,eqcct_explosions_th0_1/20250124T194153Z_20250124T194253Z/RAJF_outputs/X_prediction_results.csv
OLKF/FN.OLKF..HHE__20250124T194153Z__20250124T194253Z.mseed,FN,OLKF,0,0,0,0,2025-01-24 19:41:57.910000,0.505,2025-01-24 19:42:26.800000,0.587,2025-01-24 19:41:53.000000,2025-01-24 19:42:53.000000,eqcct_explosions_th0_1/20250124T194153Z_20250124T194253Z/OLKF_outputs/X_prediction_results.csv
KU6/HE.KU6..HHZ__20250124T194154Z__20250124T194254Z.mseed,HE,KU6,0,0,0,0,2025-01-24 19:41:58.730000,0.746,2025-01-24 19:42:28.420000,0.547,2025-01-24 19:41:54.000000,2025-01-24 19:42:54.000000,eqcct_explosions_th0_1/20250124T194154Z_20250124T194254Z/KU6_outputs/X_prediction_results.csv
KU6/HE.KU6..HHZ__20250124T194154Z__20250124T194254Z.mseed,HE,KU6,0,0,0,0,2025-01-24 19:43:04.720000,0.12,,,2025-01-24 19:41:54.000000,2025-01-24 19:42:54.000000,eqcct_explosions_th0_1/20250124T194154Z_20250124T194254Z/KU6_outputs/X_prediction_results.csv
KU2/HE.KU2..SHZ__20250124T194244Z__20250124T194344Z.mseed,HE,KU2,0,0,0,0,,,2025-01-24 19:42:49.862000,0.297,2025-01-24 19:42:44.000000,2025-01-24 19:43:44.000000,eqcct_explosions_th0_1/20250124T194244Z_20250124T194344Z/KU2_outputs/X_prediction_results.csv
VRF/HE.VRF..HHE__20250125T005352Z__20250125T005452Z.mseed,HE,VRF,0,0,0,0,2025-01-25 00:53:57.960000,0.839,2025-01-25 00:54:18.640000,0.637,2025-01-25 00:53:52.000000,2025-01-25 00:54:52.000000,eqcct_explosions_th0_1/20250125T005352Z_20250125T005452Z/VRF_outputs/X_prediction_results.csv
RAJF/FN.RAJF..BHN__20250125T005402Z__20250125T005502Z.mseed,FN,RAJF,0,0,0,0,2025-01-25 00:54:06.550000,0.441,2025-01-25 00:54:35.310000,0.444,2025-01-25 00:54:02.000000,2025-01-25 00:55:02.000000,eqcct_explosions_th0_1/20250125T005402Z_20250125T005502Z/RAJF_outputs/X_prediction_results.csv
OLKF/FN.OLKF..HHZ__20250125T005403Z__20250125T005503Z.mseed,FN,OLKF,0,0,0,0,2025-01-25 00:54:08.450000,0.552,2025-01-25 00:54:37.000000,0.528,2025-01-25 00:54:03.000000,2025-01-25 00:55:03.000000,eqcct_explosions_th0_1/20250125T005403Z_20250125T005503Z/OLKF_outputs/X_prediction_results.csv
KU6/HE.KU6..HHZ__20250125T005403Z__20250125T005503Z.mseed,HE,KU6,0,0,0,0,2025-01-25 00:54:08.680000,0.654,2025-01-25 00:54:38.430000,0.364,2025-01-25 00:54:03.000000,2025-01-25 00:55:03.000000,eqcct_explosions_th0_1/20250125T005403Z_20250125T005503Z/KU6_outputs/X_prediction_results.csv
KU1/HE.KU1..SHE__20250125T005411Z__20250125T005511Z.mseed,HE,KU1,0,0,0,0,2025-01-25 00:54:15.720000,0.8,2025-01-25 00:54:50.730000,0.479,2025-01-25 00:54:11.000000,2025-01-25 00:55:11.000000,eqcct_explosions_th0_1/20250125T005411Z_20250125T005511Z/KU1_outputs/X_prediction_results.csv
KU2/HE.KU2..SHN__20250125T005415Z__20250125T005515Z.mseed,HE,KU2,0,0,0,0,2025-01-25 00:54:19.970000,0.494,2025-01-25 00:54:58.770000,0.61,2025-01-25 00:54:15.000000,2025-01-25 00:55:15.000000,eqcct_explosions_th0_1/20250125T005415Z_20250125T005515Z/KU2_outputs/X_prediction_results.csv
RANF/FN.RANF..HHN__20250125T005416Z__20250125T005516Z.mseed,FN,RANF,0,0,0,0,2025-01-25 00:54:20.910000,0.59,2025-01-25 00:55:06.570000,0.784,2025-01-25 00:54:16.000000,2025-01-25 00:55:16.000000,eqcct_explosions_th0_1/20250125T005416Z_20250125T005516Z/RANF_outputs/X_prediction_results.csv
KEV/HE.KEV..HHN__20250125T005416Z__20250125T005516Z.mseed,HE,KEV,0,0,0,0,2025-01-25 00:54:21.960000,0.724,2025-01-25 00:55:00.480000,0.678,2025-01-25 00:54:16.000000,2025-01-25 00:55:16.000000,eqcct_explosions_th0_1/20250125T005416Z_20250125T005516Z/KEV_outputs/X_prediction_results.csv
HEF/HE.HEF..HHN__20250125T005425Z__20250125T005525Z.mseed,HE,HEF,0,0,0,0,2025-01-25 00:54:29.050000,0.595,2025-01-25 00:55:14.720000,0.141,2025-01-25 00:54:25.000000,2025-01-25 00:55:25.000000,eqcct_explosions_th0_1/20250125T005425Z_20250125T005525Z/HEF_outputs/X_prediction_results.csv
KLF/FN.KLF..HHN__20250125T005431Z__20250125T005531Z.mseed,FN,KLF,0,0,0,0,2025-01-25 00:54:35.710000,0.418,2025-01-25 00:55:13.780000,0.253,2025-01-25 00:54:31.000000,2025-01-25 00:55:31.000000,eqcct_explosions_th0_1/20250125T005431Z_20250125T005531Z/KLF_outputs/X_prediction_results.csv
TOF/HE.TOF..HHN__20250125T005437Z__20250125T005537Z.mseed,HE,TOF,0,0,0,0,2025-01-25 00:54:41.650000,0.126,2025-01-25 00:55:19.880000,0.165,2025-01-25 00:54:37.000000,2025-01-25 00:55:37.000000,eqcct_explosions_th0_1/20250125T005437Z_20250125T005537Z/TOF_outputs/X_prediction_results.csv
KLF/FN.KLF..BHZ__20250125T102523Z__20250125T102623Z.mseed,FN,KLF,0,0,0,0,2025-01-25 10:25:28.590000,0.702,2025-01-25 10:25:32.450000,0.703,2025-01-25 10:25:23.000000,2025-01-25 10:26:23.000000,eqcct_explosions_th0_1/20250125T102523Z_20250125T102623Z/KLF_outputs/X_prediction_results.csv
HEF/HE.HEF..HHZ__20250125T102536Z__20250125T102636Z.mseed,HE,HEF,0,0,0,0,2025-01-25 10:25:41.180000,0.883,2025-01-25 10:25:55.730000,0.243,2025-01-25 10:25:36.000000,2025-01-25 10:26:36.000000,eqcct_explosions_th0_1/20250125T102536Z_20250125T102636Z/HEF_outputs/X_prediction_results.csv
TOF/HE.TOF..HHZ__20250125T102543Z__20250125T102643Z.mseed,HE,TOF,0,0,0,0,2025-01-25 10:25:48.790000,0.557,2025-01-25 10:26:07.450000,0.183,2025-01-25 10:25:43.000000,2025-01-25 10:26:43.000000,eqcct_explosions_th0_1/20250125T102543Z_20250125T102643Z/TOF_outputs/X_prediction_results.csv
KIF/HE.KIF..HHN__20250125T102551Z__20250125T102651Z.mseed,HE,KIF,0,0,0,0,2025-01-25 10:25:56.760000,0.752,2025-01-25 10:26:21.050000,0.252,2025-01-25 10:25:51.000000,2025-01-25 10:26:51.000000,eqcct_explosions_th0_1/20250125T102551Z_20250125T102651Z/KIF_outputs/X_prediction_results.csv
RANF/FN.RANF..HHN__20250125T102553Z__20250125T102653Z.mseed,FN,RANF,0,0,0,0,2025-01-25 10:25:57.700000,0.52,2025-01-25 10:26:22.490000,0.205,2025-01-25 10:25:53.000000,2025-01-25 10:26:53.000000,eqcct_explosions_th0_1/20250125T102553Z_20250125T102653Z/RANF_outputs/X_prediction_results.csv
RAJF/FN.RAJF..HHZ__20250125T102555Z__20250125T102655Z.mseed,FN,RAJF,0,0,0,0,2025-01-25 10:26:00.150000,0.422,2025-01-25 10:26:30.840000,0.269,2025-01-25 10:25:55.000000,2025-01-25 10:26:55.000000,eqcct_explosions_th0_1/20250125T102555Z_20250125T102655Z/RAJF_outputs/X_prediction_results.csv
VRF/HE.VRF..HHN__20250125T102600Z__20250125T102700Z.mseed,HE,VRF,0,0,0,0,2025-01-25 10:26:04.780000,0.522,,,2025-01-25 10:26:00.000000,2025-01-25 10:27:00.000000,eqcct_explosions_th0_1/20250125T102600Z_20250125T102700Z/VRF_outputs/X_prediction_results.csv
OLKF/FN.OLKF..HHN__20250125T102602Z__20250125T102702Z.mseed,FN,OLKF,0,0,0,0,2025-01-25 10:26:06.480000,0.43,2025-01-25 10:26:43.620000,0.278,2025-01-25 10:26:02.000000,2025-01-25 10:27:02.000000,eqcct_explosions_th0_1/20250125T102602Z_20250125T102702Z/OLKF_outputs/X_prediction_results.csv
KU2/HE.KU2..SHE__20250125T102602Z__20250125T102702Z.mseed,HE,KU2,0,0,0,0,2025-01-25 10:26:06.880000,0.908,2025-01-25 10:26:42.630000,0.495,2025-01-25 10:26:02.000000,2025-01-25 10:27:02.000000,eqcct_explosions_th0_1/20250125T102602Z_20250125T102702Z/KU2_outputs/X_prediction_results.csv
KEV/HE.KEV..HHE__20250125T102603Z__20250125T102703Z.mseed,HE,KEV,0,0,0,0,2025-01-25 10:26:07.130000,0.691,2025-01-25 10:26:44.800000,0.468,2025-01-25 10:26:03.000000,2025-01-25 10:27:03.000000,eqcct_explosions_th0_1/20250125T102603Z_20250125T102703Z/KEV_outputs/X_prediction_results.csv
KU6/HE.KU6..HHZ__20250125T102606Z__20250125T102706Z.mseed,HE,KU6,0,0,0,0,2025-01-25 10:26:11.750000,0.774,2025-01-25 10:26:47.450000,0.231,2025-01-25 10:26:06.000000,2025-01-25 10:27:06.000000,eqcct_explosions_th0_1/20250125T102606Z_20250125T102706Z/KU6_outputs/X_prediction_results.csv
KU1/HE.KU1..SHE__20250125T102608Z__20250125T102708Z.mseed,HE,KU1,0,0,0,0,2025-01-25 10:26:13.950000,0.681,2025-01-25 10:26:51.510000,0.547,2025-01-25 10:26:08.000000,2025-01-25 10:27:08.000000,eqcct_explosions_th0_1/20250125T102608Z_20250125T102708Z/KU1_outputs/X_prediction_results.csv
HEF/HE.HEF..HHN__20250125T164348Z__20250125T164448Z.mseed,HE,HEF,0,0,0,0,2025-01-25 16:43:52.480000,0.792,2025-01-25 16:44:01.690000,0.658,2025-01-25 16:43:48.000000,2025-01-25 16:44:48.000000,eqcct_explosions_th0_1/20250125T164348Z_20250125T164448Z/HEF_outputs/X_prediction_results.csv
KLF/FN.KLF..HHN__20250125T164349Z__20250125T164449Z.mseed,FN,KLF,0,0,0,0,2025-01-25 16:43:53.400000,0.909,2025-01-25 16:44:06.150000,0.254,2025-01-25 16:43:49.000000,2025-01-25 16:44:49.000000,eqcct_explosions_th0_1/20250125T164349Z_20250125T164449Z/KLF_outputs/X_prediction_results.csv
VRF/HE.VRF..HHE__20250125T164401Z__20250125T164501Z.mseed,HE,VRF,0,0,0,0,2025-01-25 16:44:05.250000,0.202,,,2025-01-25 16:44:01.000000,2025-01-25 16:45:01.000000,eqcct_explosions_th0_1/20250125T164401Z_20250125T164501Z/VRF_outputs/X_prediction_results.csv
RAJF/FN.RAJF..HHZ__20250125T164413Z__20250125T164513Z.mseed,FN,RAJF,0,0,0,0,2025-01-25 16:44:17.680000,0.102,,,2025-01-25 16:44:13.000000,2025-01-25 16:45:13.000000,eqcct_explosions_th0_1/20250125T164413Z_20250125T164513Z/RAJF_outputs/X_prediction_results.csv
KEV/HE.KEV..HHZ__20250125T164433Z__20250125T164533Z.mseed,HE,KEV,0,0,0,0,2025-01-25 16:44:37.730000,0.241,,,2025-01-25 16:44:33.000000,2025-01-25 16:45:33.000000,eqcct_explosions_th0_1/20250125T164433Z_20250125T164533Z/KEV_outputs/X_prediction_results.csv
KEV/HE.KEV..HHZ__20250125T164433Z__20250125T164533Z.mseed,HE,KEV,0,0,0,0,2025-01-25 16:45:41.700000,0.131,,,2025-01-25 16:44:33.000000,2025-01-25 16:45:33.000000,eqcct_explosions_th0_1/20250125T164433Z_20250125T164533Z/KEV_outputs/X_prediction_results.csv
KIF/HE.KIF..HHE__20250125T164436Z__20250125T164536Z.mseed,HE,KIF,0,0,0,0,2025-01-25 16:44:40.440000,0.134,,,2025-01-25 16:44:36.000000,2025-01-25 16:45:36.000000,eqcct_explosions_th0_1/20250125T164436Z_20250125T164536Z/KIF_outputs/X_prediction_results.csv
VRF/HE.VRF..HHE__20250125T201204Z__20250125T201304Z.mseed,HE,VRF,0,0,0,0,2025-01-25 20:12:08.300000,0.753,2025-01-25 20:12:28.860000,0.373,2025-01-25 20:12:04.000000,2025-01-25 20:13:04.000000,eqcct_explosions_th0_1/20250125T201204Z_20250125T201304Z/VRF_outputs/X_prediction_results.csv
OLKF/FN.OLKF..HHZ__20250125T201214Z__20250125T201314Z.mseed,FN,OLKF,0,0,0,0,2025-01-25 20:12:19.900000,0.589,2025-01-25 20:12:45.650000,0.477,2025-01-25 20:12:14.000000,2025-01-25 20:13:14.000000,eqcct_explosions_th0_1/20250125T201214Z_20250125T201314Z/OLKF_outputs/X_prediction_results.csv
KU6/HE.KU6..HHE__20250125T201215Z__20250125T201315Z.mseed,HE,KU6,0,0,0,0,2025-01-25 20:12:19.580000,0.709,2025-01-25 20:12:35.280000,0.471,2025-01-25 20:12:15.000000,2025-01-25 20:13:15.000000,eqcct_explosions_th0_1/20250125T201215Z_20250125T201315Z/KU6_outputs/X_prediction_results.csv
KEV/HE.KEV..HHZ__20250125T201227Z__20250125T201327Z.mseed,HE,KEV,0,0,0,0,2025-01-25 20:12:31.910000,0.255,,,2025-01-25 20:12:27.000000,2025-01-25 20:13:27.000000,eqcct_explosions_th0_1/20250125T201227Z_20250125T201327Z/KEV_outputs/X_prediction_results.csv
VRF/HE.VRF..HHE__20250125T201627Z__20250125T201727Z.mseed,HE,VRF,0,0,0,0,2025-01-25 20:16:31.380000,0.892,2025-01-25 20:16:52.030000,0.292,2025-01-25 20:16:27.000000,2025-01-25 20:17:27.000000,eqcct_explosions_th0_1/20250125T201627Z_20250125T201727Z/VRF_outputs/X_prediction_results.csv
KU6/HE.KU6..HHZ__20250125T201638Z__20250125T201738Z.mseed,HE,KU6,0,0,0,0,2025-01-25 20:16:42.530000,0.599,2025-01-25 20:17:12.440000,0.314,2025-01-25 20:16:38.000000,2025-01-25 20:17:38.000000,eqcct_explosions_th0_1/20250125T201638Z_20250125T201738Z/KU6_outputs/X_prediction_results.csv
OLKF/FN.OLKF..BHZ__20250125T201638Z__20250125T201738Z.mseed,FN,OLKF,0,0,0,0,2025-01-25 20:16:42.200000,0.87,2025-01-25 20:17:10.290000,0.429,2025-01-25 20:16:38.000000,2025-01-25 20:17:38.000000,eqcct_explosions_th0_1/20250125T201638Z_20250125T201738Z/OLKF_outputs/X_prediction_results.csv
RAJF/FN.RAJF..HHN__20250125T201704Z__20250125T201804Z.mseed,FN,RAJF,0,0,0,0,2025-01-25 20:17:08.750000,0.708,2025-01-25 20:17:19.760000,0.192,2025-01-25 20:17:04.000000,2025-01-25 20:18:04.000000,eqcct_explosions_th0_1/20250125T201704Z_20250125T201804Z/RAJF_outputs/X_prediction_results.csv
KEV/HE.KEV..HHE__20250125T201728Z__20250125T201828Z.mseed,HE,KEV,0,0,0,0,2025-01-25 20:17:33.770000,0.502,2025-01-25 20:17:47.990000,0.185,2025-01-25 20:17:28.000000,2025-01-25 20:18:28.000000,eqcct_explosions_th0_1/20250125T201728Z_20250125T201828Z/KEV_outputs/X_prediction_results.csv
KLF/FN.KLF..HHZ__20250125T201756Z__20250125T201856Z.mseed,FN,KLF,0,0,0,0,2025-01-25 20:18:00.310000,0.569,,,2025-01-25 20:17:56.000000,2025-01-25 20:18:56.000000,eqcct_explosions_th0_1/20250125T201756Z_20250125T201856Z/KLF_outputs/X_prediction_results.csv
KLF/FN.KLF..BHZ__20250125T230331Z__20250125T230431Z.mseed,FN,KLF,0,0,0,0,2025-01-25 23:03:36.150000,0.89,2025-01-25 23:03:53.640000,0.169,2025-01-25 23:03:31.000000,2025-01-25 23:04:31.000000,eqcct_explosions_th0_1/20250125T230331Z_20250125T230431Z/KLF_outputs/X_prediction_results.csv
HEF/HE.HEF..HHE__20250125T230337Z__20250125T230437Z.mseed,HE,HEF,0,0,0,0,2025-01-25 23:03:42.880000,0.85,2025-01-25 23:04:04.400000,0.255,2025-01-25 23:03:37.000000,2025-01-25 23:04:37.000000,eqcct_explosions_th0_1/20250125T230337Z_20250125T230437Z/HEF_outputs/X_prediction_results.csv
TOF/HE.TOF..HHZ__20250125T230340Z__20250125T230440Z.mseed,HE,TOF,0,0,0,0,2025-01-25 23:03:45.720000,0.46,2025-01-25 23:04:10.040000,0.285,2025-01-25 23:03:40.000000,2025-01-25 23:04:40.000000,eqcct_explosions_th0_1/20250125T230340Z_20250125T230440Z/TOF_outputs/X_prediction_results.csv
KIF/HE.KIF..HHE__20250125T230341Z__20250125T230441Z.mseed,HE,KIF,0,0,0,0,2025-01-25 23:03:46.270000,0.653,2025-01-25 23:04:11.810000,0.312,2025-01-25 23:03:41.000000,2025-01-25 23:04:41.000000,eqcct_explosions_th0_1/20250125T230341Z_20250125T230441Z/KIF_outputs/X_prediction_results.csv
RANF/FN.RANF..HHZ__20250125T230430Z__20250125T230530Z.mseed,FN,RANF,0,0,0,0,2025-01-25 23:04:34.300000,0.391,,,2025-01-25 23:04:30.000000,2025-01-25 23:05:30.000000,eqcct_explosions_th0_1/20250125T230430Z_20250125T230530Z/RANF_outputs/X_prediction_results.csv
JOF/HE.JOF..HHZ__20250126T084936Z__20250126T085036Z.mseed,HE,JOF,0,0,0,0,2025-01-26 08:49:41.890000,0.891,,,2025-01-26 08:49:36.000000,2025-01-26 08:50:36.000000,eqcct_explosions_th0_1/20250126T084936Z_20250126T085036Z/JOF_outputs/X_prediction_results.csv
RUF/HE.RUF..HHN__20250126T084940Z__20250126T085040Z.mseed,HE,RUF,0,0,0,0,2025-01-26 08:49:45.896000,0.923,2025-01-26 08:50:02.296000,0.126,2025-01-26 08:49:40.000000,2025-01-26 08:50:40.000000,eqcct_explosions_th0_1/20250126T084940Z_20250126T085040Z/RUF_outputs/X_prediction_results.csv
NIF/HE.NIF..HHN__20250126T084957Z__20250126T085057Z.mseed,HE,NIF,0,0,0,0,2025-01-26 08:50:02.388000,0.897,2025-01-26 08:50:31.028000,0.213,2025-01-26 08:49:57.000000,2025-01-26 08:50:57.000000,eqcct_explosions_th0_1/20250126T084957Z_20250126T085057Z/NIF_outputs/X_prediction_results.csv
KY17/HE.KY17..CHE__20250126T084957Z__20250126T085057Z.mseed,HE,KY17,0,0,0,0,2025-01-26 08:50:02.496000,0.764,,,2025-01-26 08:49:57.000000,2025-01-26 08:50:57.000000,eqcct_explosions_th0_1/20250126T084957Z_20250126T085057Z/KY17_outputs/X_prediction_results.csv
