file_name,network,station,instrument_type,station_lat,station_lon,station_elv,p_arrival_time,p_probability,s_arrival_time,s_probability,start_dt,end_dt,source_file
HEF/HE.HEF..HHN__20250101T092157Z__20250101T092257Z.mseed,HE,HEF,0,0,0,0,2025-01-01 09:22:02.640000,0.265,2025-01-01 09:22:11.460000,0.688,2025-01-01 09:21:57.000000,2025-01-01 09:22:57.000000,eqcct_earthquakes_th0_1/20250101T092157Z_20250101T092257Z/HEF_outputs/X_prediction_results.csv
KLF/FN.KLF..HHN__20250101T092202Z__20250101T092302Z.mseed,FN,KLF,0,0,0,0,,,2025-01-01 09:22:18.220000,0.318,2025-01-01 09:22:02.000000,2025-01-01 09:23:02.000000,eqcct_earthquakes_th0_1/20250101T092202Z_20250101T092302Z/KLF_outputs/X_prediction_results.csv
RNF/FN.RNF..HHE__20250101T092218Z__20250101T092318Z.mseed,FN,RNF,0,0,0,0,2025-01-01 09:22:24.790000,0.253,,,2025-01-01 09:22:18.000000,2025-01-01 09:23:18.000000,eqcct_earthquakes_th0_1/20250101T092218Z_20250101T092318Z/RNF_outputs/X_prediction_results.csv
KLF/FN.KLF..HHN__20250102T044208Z__20250102T044308Z.mseed,FN,KLF,0,0,0,0,2025-01-02 04:42:13.350000,0.965,2025-01-02 04:42:15.950000,0.906,2025-01-02 04:42:08.000000,2025-01-02 04:43:08.000000,eqcct_earthquakes_th0_1/20250102T044208Z_20250102T044308Z/KLF_outputs/X_prediction_results.csv
RNF/FN.RNF..HHE__20250102T044220Z__20250102T044320Z.mseed,FN,RNF,0,0,0,0,2025-01-02 04:42:25.750000,0.861,2025-01-02 04:42:37.320000,0.504,2025-01-02 04:42:20.000000,2025-01-02 04:43:20.000000,eqcct_earthquakes_th0_1/20250102T044220Z_20250102T044320Z/RNF_outputs/X_prediction_results.csv
TOF/HE.TOF..HHN__20250102T044222Z__20250102T044322Z.mseed,HE,TOF,0,0,0,0,2025-01-02 04:42:29.460000,0.292,,,2025-01-02 04:42:22.000000,2025-01-02 04:43:22.000000,eqcct_earthquakes_th0_1/20250102T044222Z_20250102T044322Z/TOF_outputs/X_prediction_results.csv
SGF/FN.SGF..HHE__20250102T044222Z__20250102T044322Z.mseed,FN,SGF,0,0,0,0,2025-01-02 04:42:27.980000,0.515,,,2025-01-02 04:42:22.000000,2025-01-02 04:43:22.000000,eqcct_earthquakes_th0_1/20250102T044222Z_20250102T044322Z/SGF_outputs/X_prediction_results.csv
HEF/HE.HEF..HHN__20250102T044228Z__20250102T044328Z.mseed,HE,HEF,0,0,0,0,2025-01-02 04:42:33.760000,0.311,,,2025-01-02 04:42:28.000000,2025-01-02 04:43:28.000000,eqcct_earthquakes_th0_1/20250102T044228Z_20250102T044328Z/HEF_outputs/X_prediction_results.csv
RANF/FN.RANF..HHN__20250102T044230Z__20250102T044330Z.mseed,FN,RANF,0,0,0,0,2025-01-02 04:42:35.900000,0.497,2025-01-02 04:42:56.930000,0.21,2025-01-02 04:42:30.000000,2025-01-02 04:43:30.000000,eqcct_earthquakes_th0_1/20250102T044230Z_20250102T044330Z/RANF_outputs/X_prediction_results.csv
OBF8/HE.OBF8..HHN__20250105T045454Z__20250105T045554Z.mseed,HE,OBF8,0,0,0,0,2025-01-05 04:54:59.756000,0.63,2025-01-05 04:55:14.576000,0.241,2025-01-05 04:54:54.000000,2025-01-05 04:55:54.000000,eqcct_earthquakes_th0_1/20250105T045454Z_20250105T045554Z/OBF8_outputs/X_prediction_results.csv
OBF0/HE.OBF0..HHZ__20250105T045500Z__20250105T045600Z.mseed,HE,OBF0,0,0,0,0,2025-01-05 04:55:05.540000,0.908,2025-01-05 04:55:24.800000,0.644,2025-01-05 04:55:00.000000,2025-01-05 04:56:00.000000,eqcct_earthquakes_th0_1/20250105T045500Z_20250105T045600Z/OBF0_outputs/X_prediction_results.csv
OUF/HE.OUF..HHZ__20250105T045503Z__20250105T045603Z.mseed,HE,OUF,0,0,0,0,2025-01-05 04:55:08.870000,0.81,2025-01-05 04:55:31.160000,0.228,2025-01-05 04:55:03.000000,2025-01-05 04:56:03.000000,eqcct_earthquakes_th0_1/20250105T045503Z_20250105T045603Z/OUF_outputs/X_prediction_results.csv
VAF/HE.VAF..HHZ__20250105T045503Z__20250105T045603Z.mseed,HE,VAF,0,0,0,0,2025-01-05 04:55:08.660000,0.793,2025-01-05 04:55:29.620000,0.418,2025-01-05 04:55:03.000000,2025-01-05 04:56:03.000000,eqcct_earthquakes_th0_1/20250105T045503Z_20250105T045603Z/VAF_outputs/X_prediction_results.csv
OBF3/HE.OBF3..HHN__20250105T045504Z__20250105T045604Z.mseed,HE,OBF3,0,0,0,0,2025-01-05 04:55:09.204000,0.75,2025-01-05 04:55:31.374000,0.339,2025-01-05 04:55:04.000000,2025-01-05 04:56:04.000000,eqcct_earthquakes_th0_1/20250105T045504Z_20250105T045604Z/OBF3_outputs/X_prediction_results.csv
ALAJF/HE.ALAJF..HHE__20250105T045508Z__20250105T045608Z.mseed,HE,ALAJF,0,0,0,0,2025-01-05 04:55:13.300000,0.798,2025-01-05 04:55:38.560000,0.487,2025-01-05 04:55:08.000000,2025-01-05 04:56:08.000000,eqcct_earthquakes_th0_1/20250105T045508Z_20250105T045608Z/ALAJF_outputs/X_prediction_results.csv
TOF/HE.TOF..HHN__20250105T045539Z__20250105T045639Z.mseed,HE,TOF,0,0,0,0,2025-01-05 04:55:43.690000,0.538,2025-01-05 04:55:46.030000,0.42,2025-01-05 04:55:39.000000,2025-01-05 04:56:39.000000,eqcct_earthquakes_th0_1/20250105T045539Z_20250105T045639Z/TOF_outputs/X_prediction_results.csv
KLF/FN.KLF..HHN__20250105T161945Z__20250105T162045Z.mseed,FN,KLF,0,0,0,0,2025-01-05 16:19:50.450000,0.707,2025-01-05 16:20:00.200000,0.466,2025-01-05 16:19:45.000000,2025-01-05 16:20:45.000000,eqcct_earthquakes_th0_1/20250105T161945Z_20250105T162045Z/KLF_outputs/X_prediction_results.csv
HEF/HE.HEF..HHZ__20250105T161947Z__20250105T162047Z.mseed,HE,HEF,0,0,0,0,2025-01-05 16:19:52.020000,0.832,2025-01-05 16:20:02.650000,0.427,2025-01-05 16:19:47.000000,2025-01-05 16:20:47.000000,eqcct_earthquakes_th0_1/20250105T161947Z_20250105T162047Z/HEF_outputs/X_prediction_results.csv
RNF/FN.RNF..HHZ__20250105T162002Z__20250105T162102Z.mseed,FN,RNF,0,0,0,0,2025-01-05 16:20:06.760000,0.267,,,2025-01-05 16:20:02.000000,2025-01-05 16:21:02.000000,eqcct_earthquakes_th0_1/20250105T162002Z_20250105T162102Z/RNF_outputs/X_prediction_results.csv
TOF/HE.TOF..HHE__20250105T162027Z__20250105T162127Z.mseed,HE,TOF,0,0,0,0,2025-01-05 16:20:31.350000,0.252,,,2025-01-05 16:20:27.000000,2025-01-05 16:21:27.000000,eqcct_earthquakes_th0_1/20250105T162027Z_20250105T162127Z/TOF_outputs/X_prediction_results.csv
VAF/HE.VAF..HHE__20250106T060337Z__20250106T060437Z.mseed,HE,VAF,0,0,0,0,2025-01-06 06:03:42.950000,0.634,,,2025-01-06 06:03:37.000000,2025-01-06 06:04:37.000000,eqcct_earthquakes_th0_1/20250106T060337Z_20250106T060437Z/VAF_outputs/X_prediction_results.csv
OBF0/HE.OBF0..HHE__20250106T060357Z__20250106T060457Z.mseed,HE,OBF0,0,0,0,0,2025-01-06 06:04:02.792000,0.288,,,2025-01-06 06:03:57.000000,2025-01-06 06:04:57.000000,eqcct_earthquakes_th0_1/20250106T060357Z_20250106T060457Z/OBF0_outputs/X_prediction_results.csv
VAF/HE.VAF..HHN__20250106T122653Z__20250106T122753Z.mseed,HE,VAF,0,0,0,0,2025-01-06 12:26:57.620000,0.715,2025-01-06 12:27:18.910000,0.358,2025-01-06 12:26:53.000000,2025-01-06 12:27:53.000000,eqcct_earthquakes_th0_1/20250106T122653Z_20250106T122753Z/VAF_outputs/X_prediction_results.csv
OBF0/HE.OBF0..HHN__20250106T122712Z__20250106T122812Z.mseed,HE,OBF0,0,0,0,0,2025-01-06 12:27:17.780000,0.245,,,2025-01-06 12:27:12.000000,2025-01-06 12:28:12.000000,eqcct_earthquakes_th0_1/20250106T122712Z_20250106T122812Z/OBF0_outputs/X_prediction_results.csv
TOF/HE.TOF..HHE__20250106T190146Z__20250106T190246Z.mseed,HE,TOF,0,0,0,0,2025-01-06 19:01:50.060000,0.711,2025-01-06 19:02:01.850000,0.411,2025-01-06 19:01:46.000000,2025-01-06 19:02:46.000000,eqcct_earthquakes_th0_1/20250106T190146Z_20250106T190246Z/TOF_outputs/X_prediction_results.csv
OBF3/HE.OBF3..HHE__20250106T190201Z__20250106T190301Z.mseed,HE,OBF3,0,0,0,0,2025-01-06 19:02:05.742000,0.421,2025-01-06 19:02:10.552000,0.285,2025-01-06 19:02:01.000000,2025-01-06 19:03:01.000000,eqcct_earthquakes_th0_1/20250106T190201Z_20250106T190301Z/OBF3_outputs/X_prediction_results.csv
OBF0/HE.OBF0..HHN__20250106T190205Z__20250106T190305Z.mseed,HE,OBF0,0,0,0,0,2025-01-06 19:02:09.222000,0.511,2025-01-06 19:02:12.982000,0.42,2025-01-06 19:02:05.000000,2025-01-06 19:03:05.000000,eqcct_earthquakes_th0_1/20250106T190205Z_20250106T190305Z/OBF0_outputs/X_prediction_results.csv
OUL/FN.OUL..HHZ__20250106T190210Z__20250106T190310Z.mseed,FN,OUL,0,0,0,0,2025-01-06 19:02:14.560000,0.411,,,2025-01-06 19:02:10.000000,2025-01-06 19:03:10.000000,eqcct_earthquakes_th0_1/20250106T190210Z_20250106T190310Z/OUL_outputs/X_prediction_results.csv
OUF/HE.OUF..HHE__20250106T190211Z__20250106T190311Z.mseed,HE,OUF,0,0,0,0,2025-01-06 19:02:15.950000,0.624,2025-01-06 19:02:19.390000,0.262,2025-01-06 19:02:11.000000,2025-01-06 19:03:11.000000,eqcct_earthquakes_th0_1/20250106T190211Z_20250106T190311Z/OUF_outputs/X_prediction_results.csv
RANF/FN.RANF..HHZ__20250106T190221Z__20250106T190321Z.mseed,FN,RANF,0,0,0,0,2025-01-06 19:02:25.770000,0.335,,,2025-01-06 19:02:21.000000,2025-01-06 19:03:21.000000,eqcct_earthquakes_th0_1/20250106T190221Z_20250106T190321Z/RANF_outputs/X_prediction_results.csv
RNF/FN.RNF..HHN__20250106T190221Z__20250106T190321Z.mseed,FN,RNF,0,0,0,0,2025-01-06 19:02:26.170000,0.122,2025-01-06 19:02:29.490000,0.177,2025-01-06 19:02:21.000000,2025-01-06 19:03:21.000000,eqcct_earthquakes_th0_1/20250106T190221Z_20250106T190321Z/RNF_outputs/X_prediction_results.csv
KLF/FN.KLF..HHZ__20250106T190224Z__20250106T190324Z.mseed,FN,KLF,0,0,0,0,2025-01-06 19:02:28.950000,0.229,,,2025-01-06 19:02:24.000000,2025-01-06 19:03:24.000000,eqcct_earthquakes_th0_1/20250106T190224Z_20250106T190324Z/KLF_outputs/X_prediction_results.csv
OUF/HE.OUF..HHE__20250107T041414Z__20250107T041514Z.mseed,HE,OUF,0,0,0,0,2025-01-07 04:14:19.440000,0.948,2025-01-07 04:14:21.660000,0.902,2025-01-07 04:14:14.000000,2025-01-07 04:15:14.000000,eqcct_earthquakes_th0_1/20250107T041414Z_20250107T041514Z/OUF_outputs/X_prediction_results.csv
OBF0/HE.OBF0..HHN__20250107T041416Z__20250107T041516Z.mseed,HE,OBF0,0,0,0,0,2025-01-07 04:14:21.868000,0.939,2025-01-07 04:14:25.808000,0.878,2025-01-07 04:14:16.000000,2025-01-07 04:15:16.000000,eqcct_earthquakes_th0_1/20250107T041416Z_20250107T041516Z/OBF0_outputs/X_prediction_results.csv
OBF3/HE.OBF3..HHN__20250107T041420Z__20250107T041520Z.mseed,HE,OBF3,0,0,0,0,2025-01-07 04:14:25.280000,0.954,2025-01-07 04:14:31.890000,0.819,2025-01-07 04:14:20.000000,2025-01-07 04:15:20.000000,eqcct_earthquakes_th0_1/20250107T041420Z_20250107T041520Z/OBF3_outputs/X_prediction_results.csv
OUL/FN.OUL..HHZ__20250107T041427Z__20250107T041527Z.mseed,FN,OUL,0,0,0,0,2025-01-07 04:14:32.540000,0.916,2025-01-07 04:14:44.290000,0.496,2025-01-07 04:14:27.000000,2025-01-07 04:15:27.000000,eqcct_earthquakes_th0_1/20250107T041427Z_20250107T041527Z/OUL_outputs/X_prediction_results.csv
ALAJF/HE.ALAJF..HHE__20250107T041433Z__20250107T041533Z.mseed,HE,ALAJF,0,0,0,0,2025-01-07 04:14:38.872000,0.937,2025-01-07 04:14:54.992000,0.613,2025-01-07 04:14:33.000000,2025-01-07 04:15:33.000000,eqcct_earthquakes_th0_1/20250107T041433Z_20250107T041533Z/ALAJF_outputs/X_prediction_results.csv
VAF/HE.VAF..HHN__20250107T041439Z__20250107T041539Z.mseed,HE,VAF,0,0,0,0,2025-01-07 04:14:44.440000,0.808,2025-01-07 04:15:04.950000,0.413,2025-01-07 04:14:39.000000,2025-01-07 04:15:39.000000,eqcct_earthquakes_th0_1/20250107T041439Z_20250107T041539Z/VAF_outputs/X_prediction_results.csv
TOF/HE.TOF..HHE__20250107T041441Z__20250107T041541Z.mseed,HE,TOF,0,0,0,0,2025-01-07 04:14:45.610000,0.621,,,2025-01-07 04:14:41.000000,2025-01-07 04:15:41.000000,eqcct_earthquakes_th0_1/20250107T041441Z_20250107T041541Z/TOF_outputs/X_prediction_results.csv
SUF/HE.SUF..HHN__20250107T041442Z__20250107T041542Z.mseed,HE,SUF,0,0,0,0,2025-01-07 04:14:46.240000,0.718,,,2025-01-07 04:14:42.000000,2025-01-07 04:15:42.000000,eqcct_earthquakes_th0_1/20250107T041442Z_20250107T041542Z/SUF_outputs/X_prediction_results.csv
NIF/HE.NIF..HHZ__20250107T041501Z__20250107T041601Z.mseed,HE,NIF,0,0,0,0,2025-01-07 04:15:07.886000,0.211,2025-01-07 04:15:07.636000,0.171,2025-01-07 04:15:01.000000,2025-01-07 04:16:01.000000,eqcct_earthquakes_th0_1/20250107T041501Z_20250107T041601Z/NIF_outputs/X_prediction_results.csv
VAF/HE.VAF..HHN__20250108T105016Z__20250108T105116Z.mseed,HE,VAF,0,0,0,0,2025-01-08 10:50:21.740000,0.816,2025-01-08 10:50:43.540000,0.416,2025-01-08 10:50:16.000000,2025-01-08 10:51:16.000000,eqcct_earthquakes_th0_1/20250108T105016Z_20250108T105116Z/VAF_outputs/X_prediction_results.csv
OBF0/HE.OBF0..HHN__20250108T105033Z__20250108T105133Z.mseed,HE,OBF0,0,0,0,0,2025-01-08 10:50:37.736000,0.633,2025-01-08 10:50:39.486000,0.376,2025-01-08 10:50:33.000000,2025-01-08 10:51:33.000000,eqcct_earthquakes_th0_1/20250108T105033Z_20250108T105133Z/OBF0_outputs/X_prediction_results.csv
OUF/HE.OUF..HHZ__20250108T105039Z__20250108T105139Z.mseed,HE,OUF,0,0,0,0,2025-01-08 10:50:44.050000,0.226,,,2025-01-08 10:50:39.000000,2025-01-08 10:51:39.000000,eqcct_earthquakes_th0_1/20250108T105039Z_20250108T105139Z/OUF_outputs/X_prediction_results.csv
ALAJF/HE.ALAJF..HHZ__20250108T105046Z__20250108T105146Z.mseed,HE,ALAJF,0,0,0,0,2025-01-08 10:50:50.312000,0.118,,,2025-01-08 10:50:46.000000,2025-01-08 10:51:46.000000,eqcct_earthquakes_th0_1/20250108T105046Z_20250108T105146Z/ALAJF_outputs/X_prediction_results.csv
TOF/HE.TOF..HHZ__20250108T105052Z__20250108T105152Z.mseed,HE,TOF,0,0,0,0,2025-01-08 10:50:54.880000,0.35,,,2025-01-08 10:50:52.000000,2025-01-08 10:51:52.000000,eqcct_earthquakes_th0_1/20250108T105052Z_20250108T105152Z/TOF_outputs/X_prediction_results.csv
KIF/HE.KIF..HHN__20250108T183544Z__20250108T183644Z.mseed,HE,KIF,0,0,0,0,2025-01-08 18:35:48.830000,0.62,2025-01-08 18:35:53.740000,0.594,2025-01-08 18:35:44.000000,2025-01-08 18:36:44.000000,eqcct_earthquakes_th0_1/20250108T183544Z_20250108T183644Z/KIF_outputs/X_prediction_results.csv
HEF/HE.HEF..HHZ__20250108T183546Z__20250108T183646Z.mseed,HE,HEF,0,0,0,0,2025-01-08 18:35:50.870000,0.43,2025-01-08 18:35:53.180000,0.407,2025-01-08 18:35:46.000000,2025-01-08 18:36:46.000000,eqcct_earthquakes_th0_1/20250108T183546Z_20250108T183646Z/HEF_outputs/X_prediction_results.csv
OBF0/HE.OBF0..HHE__20250109T034019Z__20250109T034119Z.mseed,HE,OBF0,0,0,0,0,2025-01-09 03:40:23.844000,0.843,2025-01-09 03:40:44.454000,0.481,2025-01-09 03:40:19.000000,2025-01-09 03:41:19.000000,eqcct_earthquakes_th0_1/20250109T034019Z_20250109T034119Z/OBF0_outputs/X_prediction_results.csv
VAF/HE.VAF..HHE__20250109T034019Z__20250109T034119Z.mseed,HE,VAF,0,0,0,0,2025-01-09 03:40:24.850000,0.706,2025-01-09 03:40:45.710000,0.39,2025-01-09 03:40:19.000000,2025-01-09 03:41:19.000000,eqcct_earthquakes_th0_1/20250109T034019Z_20250109T034119Z/VAF_outputs/X_prediction_results.csv
OUF/HE.OUF..HHZ__20250109T034023Z__20250109T034123Z.mseed,HE,OUF,0,0,0,0,2025-01-09 03:40:27.280000,0.512,2025-01-09 03:40:50.920000,0.134,2025-01-09 03:40:23.000000,2025-01-09 03:41:23.000000,eqcct_earthquakes_th0_1/20250109T034023Z_20250109T034123Z/OUF_outputs/X_prediction_results.csv
OBF3/HE.OBF3..HHE__20250109T034024Z__20250109T034124Z.mseed,HE,OBF3,0,0,0,0,2025-01-09 03:40:28.108000,0.493,2025-01-09 03:40:52.118000,0.58,2025-01-09 03:40:24.000000,2025-01-09 03:41:24.000000,eqcct_earthquakes_th0_1/20250109T034024Z_20250109T034124Z/OBF3_outputs/X_prediction_results.csv
ALAJF/HE.ALAJF..HHN__20250109T034048Z__20250109T034148Z.mseed,HE,ALAJF,0,0,0,0,2025-01-09 03:40:52.632000,0.5,2025-01-09 03:40:54.822000,0.782,2025-01-09 03:40:48.000000,2025-01-09 03:41:48.000000,eqcct_earthquakes_th0_1/20250109T034048Z_20250109T034148Z/ALAJF_outputs/X_prediction_results.csv
TOF/HE.TOF..HHN__20250110T124349Z__20250110T124449Z.mseed,HE,TOF,0,0,0,0,2025-01-10 12:43:54.900000,0.851,2025-01-10 12:44:07.850000,0.461,2025-01-10 12:43:49.000000,2025-01-10 12:44:49.000000,eqcct_earthquakes_th0_1/20250110T124349Z_20250110T124449Z/TOF_outputs/X_prediction_results.csv
KLF/FN.KLF..HHZ__20250110T124351Z__20250110T124451Z.mseed,FN,KLF,0,0,0,0,2025-01-10 12:43:56.750000,0.942,2025-01-10 12:44:10.920000,0.602,2025-01-10 12:43:51.000000,2025-01-10 12:44:51.000000,eqcct_earthquakes_th0_1/20250110T124351Z_20250110T124451Z/KLF_outputs/X_prediction_results.csv
RNF/FN.RNF..HHZ__20250110T124400Z__20250110T124500Z.mseed,FN,RNF,0,0,0,0,2025-01-10 12:44:05.920000,0.719,2025-01-10 12:44:26.220000,0.488,2025-01-10 12:44:00.000000,2025-01-10 12:45:00.000000,eqcct_earthquakes_th0_1/20250110T124400Z_20250110T124500Z/RNF_outputs/X_prediction_results.csv
RANF/FN.RANF..HHZ__20250110T124407Z__20250110T124507Z.mseed,FN,RANF,0,0,0,0,2025-01-10 12:44:11.300000,0.735,,,2025-01-10 12:44:07.000000,2025-01-10 12:45:07.000000,eqcct_earthquakes_th0_1/20250110T124407Z_20250110T124507Z/RANF_outputs/X_prediction_results.csv
HEF/HE.HEF..HHE__20250110T124407Z__20250110T124507Z.mseed,HE,HEF,0,0,0,0,2025-01-10 12:44:11.910000,0.806,,,2025-01-10 12:44:07.000000,2025-01-10 12:45:07.000000,eqcct_earthquakes_th0_1/20250110T124407Z_20250110T124507Z/HEF_outputs/X_prediction_results.csv
OBF3/HE.OBF3..HHN__20250110T124432Z__20250110T124532Z.mseed,HE,OBF3,0,0,0,0,2025-01-10 12:44:36.720000,0.156,,,2025-01-10 12:44:32.000000,2025-01-10 12:45:32.000000,eqcct_earthquakes_th0_1/20250110T124432Z_20250110T124532Z/OBF3_outputs/X_prediction_results.csv
OUL/FN.OUL..HHN__20250110T124434Z__20250110T124534Z.mseed,FN,OUL,0,0,0,0,2025-01-10 12:44:38.970000,0.597,,,2025-01-10 12:44:34.000000,2025-01-10 12:45:34.000000,eqcct_earthquakes_th0_1/20250110T124434Z_20250110T124534Z/OUL_outputs/X_prediction_results.csv
TOF/HE.TOF..HHZ__20250112T094227Z__20250112T094327Z.mseed,HE,TOF,0,0,0,0,2025-01-12 09:42:32.060000,0.815,2025-01-12 09:42:38.180000,0.381,2025-01-12 09:42:27.000000,2025-01-12 09:43:27.000000,eqcct_earthquakes_th0_1/20250112T094227Z_20250112T094327Z/TOF_outputs/X_prediction_results.csv
OBF3/HE.OBF3..HHZ__20250112T094239Z__20250112T094339Z.mseed,HE,OBF3,0,0,0,0,2025-01-12 09:42:43.288000,0.626,2025-01-12 09:42:59.458000,0.15,2025-01-12 09:42:39.000000,2025-01-12 09:43:39.000000,eqcct_earthquakes_th0_1/20250112T094239Z_20250112T094339Z/OBF3_outputs/X_prediction_results.csv
OUL/FN.OUL..HHZ__20250112T094241Z__20250112T094341Z.mseed,FN,OUL,0,0,0,0,2025-01-12 09:42:46.440000,0.813,2025-01-12 09:43:03.410000,0.29,2025-01-12 09:42:41.000000,2025-01-12 09:43:41.000000,eqcct_earthquakes_th0_1/20250112T094241Z_20250112T094341Z/OUL_outputs/X_prediction_results.csv
KLF/FN.KLF..HHZ__20250112T094243Z__20250112T094343Z.mseed,FN,KLF,0,0,0,0,2025-01-12 09:42:48.900000,0.891,2025-01-12 09:43:08.250000,0.378,2025-01-12 09:42:43.000000,2025-01-12 09:43:43.000000,eqcct_earthquakes_th0_1/20250112T094243Z_20250112T094343Z/KLF_outputs/X_prediction_results.csv
OBF0/HE.OBF0..HHN__20250112T094243Z__20250112T094343Z.mseed,HE,OBF0,0,0,0,0,2025-01-12 09:42:47.448000,0.862,,,2025-01-12 09:42:43.000000,2025-01-12 09:43:43.000000,eqcct_earthquakes_th0_1/20250112T094243Z_20250112T094343Z/OBF0_outputs/X_prediction_results.csv
RNF/FN.RNF..HHZ__20250112T094243Z__20250112T094343Z.mseed,FN,RNF,0,0,0,0,2025-01-12 09:42:47.310000,0.697,2025-01-12 09:43:05.210000,0.116,2025-01-12 09:42:43.000000,2025-01-12 09:43:43.000000,eqcct_earthquakes_th0_1/20250112T094243Z_20250112T094343Z/RNF_outputs/X_prediction_results.csv
RANF/FN.RANF..HHE__20250112T094244Z__20250112T094344Z.mseed,FN,RANF,0,0,0,0,2025-01-12 09:42:49.000000,0.879,2025-01-12 09:43:07.720000,0.467,2025-01-12 09:42:44.000000,2025-01-12 09:43:44.000000,eqcct_earthquakes_th0_1/20250112T094244Z_20250112T094344Z/RANF_outputs/X_prediction_results.csv
OUF/HE.OUF..HHE__20250112T094246Z__20250112T094346Z.mseed,HE,OUF,0,0,0,0,2025-01-12 09:42:50.330000,0.577,,,2025-01-12 09:42:46.000000,2025-01-12 09:43:46.000000,eqcct_earthquakes_th0_1/20250112T094246Z_20250112T094346Z/OUF_outputs/X_prediction_results.csv
SGF/FN.SGF..HHZ__20250112T094254Z__20250112T094354Z.mseed,FN,SGF,0,0,0,0,2025-01-12 09:42:58.060000,0.67,,,2025-01-12 09:42:54.000000,2025-01-12 09:43:54.000000,eqcct_earthquakes_th0_1/20250112T094254Z_20250112T094354Z/SGF_outputs/X_prediction_results.csv
TOF/HE.TOF..HHZ__20250112T172640Z__20250112T172740Z.mseed,HE,TOF,0,0,0,0,2025-01-12 17:26:45.020000,0.889,2025-01-12 17:26:54.890000,0.609,2025-01-12 17:26:40.000000,2025-01-12 17:27:40.000000,eqcct_earthquakes_th0_1/20250112T172640Z_20250112T172740Z/TOF_outputs/X_prediction_results.csv
OBF3/HE.OBF3..HHN__20250112T172646Z__20250112T172746Z.mseed,HE,OBF3,0,0,0,0,2025-01-12 17:26:51.204000,0.769,,,2025-01-12 17:26:46.000000,2025-01-12 17:27:46.000000,eqcct_earthquakes_th0_1/20250112T172646Z_20250112T172746Z/OBF3_outputs/X_prediction_results.csv
OUL/FN.OUL..HHN__20250112T172651Z__20250112T172751Z.mseed,FN,OUL,0,0,0,0,2025-01-12 17:26:55.380000,0.338,,,2025-01-12 17:26:51.000000,2025-01-12 17:27:51.000000,eqcct_earthquakes_th0_1/20250112T172651Z_20250112T172751Z/OUL_outputs/X_prediction_results.csv
RNF/FN.RNF..HHE__20250112T172655Z__20250112T172755Z.mseed,FN,RNF,0,0,0,0,2025-01-12 17:27:00.320000,0.84,,,2025-01-12 17:26:55.000000,2025-01-12 17:27:55.000000,eqcct_earthquakes_th0_1/20250112T172655Z_20250112T172755Z/RNF_outputs/X_prediction_results.csv
RANF/FN.RANF..HHE__20250112T172656Z__20250112T172756Z.mseed,FN,RANF,0,0,0,0,2025-01-12 17:27:01.100000,0.731,2025-01-12 17:27:22.370000,0.239,2025-01-12 17:26:56.000000,2025-01-12 17:27:56.000000,eqcct_earthquakes_th0_1/20250112T172656Z_20250112T172756Z/RANF_outputs/X_prediction_results.csv
KLF/FN.KLF..HHN__20250112T172656Z__20250112T172756Z.mseed,FN,KLF,0,0,0,0,2025-01-12 17:27:01.200000,0.765,2025-01-12 17:27:24.150000,0.193,2025-01-12 17:26:56.000000,2025-01-12 17:27:56.000000,eqcct_earthquakes_th0_1/20250112T172656Z_20250112T172756Z/KLF_outputs/X_prediction_results.csv
OBF0/HE.OBF0..HHE__20250112T172705Z__20250112T172805Z.mseed,HE,OBF0,0,0,0,0,2025-01-12 17:27:10.510000,0.419,2025-01-12 17:27:13.960000,0.509,2025-01-12 17:27:05.000000,2025-01-12 17:28:05.000000,eqcct_earthquakes_th0_1/20250112T172705Z_20250112T172805Z/OBF0_outputs/X_prediction_results.csv
KPF/HE.KPF..HHE__20250112T200742Z__20250112T200842Z.mseed,HE,KPF,0,0,0,0,2025-01-12 20:07:46.672000,0.657,,,2025-01-12 20:07:42.000000,2025-01-12 20:08:42.000000,eqcct_earthquakes_th0_1/20250112T200742Z_20250112T200842Z/KPF_outputs/X_prediction_results.csv
KPF/HE.KPF..HHN__20250112T200909Z__20250112T201009Z.mseed,HE,KPF,0,0,0,0,2025-01-12 20:09:13.426000,0.533,,,2025-01-12 20:09:09.000000,2025-01-12 20:10:09.000000,eqcct_earthquakes_th0_1/20250112T200909Z_20250112T201009Z/KPF_outputs/X_prediction_results.csv
AAL/UP.AAL..HHZ__20250113T034125Z__20250113T034225Z.mseed,UP,AAL,0,0,0,0,2025-01-13 03:41:29.110000,0.676,2025-01-13 03:41:58.480000,0.264,2025-01-13 03:41:25.000000,2025-01-13 03:42:25.000000,eqcct_earthquakes_th0_1/20250113T034125Z_20250113T034225Z/AAL_outputs/X_prediction_results.csv
RAF/HE.RAF..HHZ__20250113T034129Z__20250113T034229Z.mseed,HE,RAF,0,0,0,0,2025-01-13 03:41:33.570000,0.354,,,2025-01-13 03:41:29.000000,2025-01-13 03:42:29.000000,eqcct_earthquakes_th0_1/20250113T034129Z_20250113T034229Z/RAF_outputs/X_prediction_results.csv
KPF/HE.KPF..HHN__20250113T034205Z__20250113T034305Z.mseed,HE,KPF,0,0,0,0,2025-01-13 03:42:09.312000,0.422,,,2025-01-13 03:42:05.000000,2025-01-13 03:43:05.000000,eqcct_earthquakes_th0_1/20250113T034205Z_20250113T034305Z/KPF_outputs/X_prediction_results.csv
MSF/FN.MSF..HHN__20250114T150826Z__20250114T150926Z.mseed,FN,MSF,0,0,0,0,2025-01-14 15:08:31.370000,0.957,2025-01-14 15:08:33.860000,0.887,2025-01-14 15:08:26.000000,2025-01-14 15:09:26.000000,eqcct_earthquakes_th0_1/20250114T150826Z_20250114T150926Z/MSF_outputs/X_prediction_results.csv
KU6/HE.KU6..HHZ__20250114T150830Z__20250114T150930Z.mseed,HE,KU6,0,0,0,0,2025-01-14 15:08:35.670000,0.943,2025-01-14 15:08:41.370000,0.623,2025-01-14 15:08:30.000000,2025-01-14 15:09:30.000000,eqcct_earthquakes_th0_1/20250114T150830Z_20250114T150930Z/KU6_outputs/X_prediction_results.csv
OLKF/FN.OLKF..HHE__20250114T150830Z__20250114T150930Z.mseed,FN,OLKF,0,0,0,0,2025-01-14 15:08:35.550000,0.902,2025-01-14 15:08:40.960000,0.897,2025-01-14 15:08:30.000000,2025-01-14 15:09:30.000000,eqcct_earthquakes_th0_1/20250114T150830Z_20250114T150930Z/OLKF_outputs/X_prediction_results.csv
RANF/FN.RANF..HHN__20250114T150838Z__20250114T150938Z.mseed,FN,RANF,0,0,0,0,2025-01-14 15:08:43.450000,0.441,2025-01-14 15:08:54.770000,0.512,2025-01-14 15:08:38.000000,2025-01-14 15:09:38.000000,eqcct_earthquakes_th0_1/20250114T150838Z_20250114T150938Z/RANF_outputs/X_prediction_results.csv
KIF/HE.KIF..HHN__20250115T012759Z__20250115T012859Z.mseed,HE,KIF,0,0,0,0,2025-01-15 01:28:03.750000,0.682,2025-01-15 01:28:26.950000,0.772,2025-01-15 01:27:59.000000,2025-01-15 01:28:59.000000,eqcct_earthquakes_th0_1/20250115T012759Z_20250115T012859Z/KIF_outputs/X_prediction_results.csv
HEF/HE.HEF..HHE__20250115T012815Z__20250115T012915Z.mseed,HE,HEF,0,0,0,0,2025-01-15 01:28:19.500000,0.744,2025-01-15 01:29:00.310000,0.756,2025-01-15 01:28:15.000000,2025-01-15 01:29:15.000000,eqcct_earthquakes_th0_1/20250115T012815Z_20250115T012915Z/HEF_outputs/X_prediction_results.csv
KIF/HE.KIF..HHE__20250115T075811Z__20250115T075911Z.mseed,HE,KIF,0,0,0,0,2025-01-15 07:58:16.870000,0.799,2025-01-15 07:58:30.040000,0.651,2025-01-15 07:58:11.000000,2025-01-15 07:59:11.000000,eqcct_earthquakes_th0_1/20250115T075811Z_20250115T075911Z/KIF_outputs/X_prediction_results.csv
HEF/HE.HEF..HHZ__20250115T075821Z__20250115T075921Z.mseed,HE,HEF,0,0,0,0,2025-01-15 07:58:26.430000,0.763,2025-01-15 07:58:46.490000,0.417,2025-01-15 07:58:21.000000,2025-01-15 07:59:21.000000,eqcct_earthquakes_th0_1/20250115T075821Z_20250115T075921Z/HEF_outputs/X_prediction_results.csv
KLF/FN.KLF..HHZ__20250115T075826Z__20250115T075926Z.mseed,FN,KLF,0,0,0,0,2025-01-15 07:58:31.550000,0.442,2025-01-15 07:58:57.750000,0.27,2025-01-15 07:58:26.000000,2025-01-15 07:59:26.000000,eqcct_earthquakes_th0_1/20250115T075826Z_20250115T075926Z/KLF_outputs/X_prediction_results.csv
SGF/FN.SGF..HHN__20250115T075837Z__20250115T075937Z.mseed,FN,SGF,0,0,0,0,2025-01-15 07:58:41.690000,0.394,,,2025-01-15 07:58:37.000000,2025-01-15 07:59:37.000000,eqcct_earthquakes_th0_1/20250115T075837Z_20250115T075937Z/SGF_outputs/X_prediction_results.csv
VJF/HE.VJF..HHE__20250115T090323Z__20250115T090423Z.mseed,HE,VJF,0,0,0,0,2025-01-15 09:03:28.684000,0.958,2025-01-15 09:03:31.304000,0.891,2025-01-15 09:03:23.000000,2025-01-15 09:04:23.000000,eqcct_earthquakes_th0_1/20250115T090323Z_20250115T090423Z/VJF_outputs/X_prediction_results.csv
FIA0/HE.FIA0..HHZ__20250115T090339Z__20250115T090439Z.mseed,HE,FIA0,0,0,0,0,2025-01-15 09:03:44.540000,0.924,2025-01-15 09:03:59.460000,0.828,2025-01-15 09:03:39.000000,2025-01-15 09:04:39.000000,eqcct_earthquakes_th0_1/20250115T090339Z_20250115T090439Z/FIA0_outputs/X_prediction_results.csv
FIA1/HE.FIA1..HHN__20250115T090339Z__20250115T090439Z.mseed,HE,FIA1,0,0,0,0,2025-01-15 09:03:44.540000,0.906,2025-01-15 09:03:59.460000,0.811,2025-01-15 09:03:39.000000,2025-01-15 09:04:39.000000,eqcct_earthquakes_th0_1/20250115T090339Z_20250115T090439Z/FIA1_outputs/X_prediction_results.csv
VUOS/HE.VUOS..HHE__20250115T090339Z__20250115T090439Z.mseed,HE,VUOS,0,0,0,0,2025-01-15 09:03:43.068000,0.739,2025-01-15 09:03:58.438000,0.443,2025-01-15 09:03:39.000000,2025-01-15 09:04:39.000000,eqcct_earthquakes_th0_1/20250115T090339Z_20250115T090439Z/VUOS_outputs/X_prediction_results.csv
KUNI/HE.KUNI..HHZ__20250115T090340Z__20250115T090440Z.mseed,HE,KUNI,0,0,0,0,2025-01-15 09:03:45.740000,0.685,2025-01-15 09:04:01.050000,0.663,2025-01-15 09:03:40.000000,2025-01-15 09:04:40.000000,eqcct_earthquakes_th0_1/20250115T090340Z_20250115T090440Z/KUNI_outputs/X_prediction_results.csv
HEL1/HE.HEL1..HHN__20250115T090341Z__20250115T090441Z.mseed,HE,HEL1,0,0,0,0,,,2025-01-15 09:04:02.142000,0.251,2025-01-15 09:03:41.000000,2025-01-15 09:04:41.000000,eqcct_earthquakes_th0_1/20250115T090341Z_20250115T090441Z/HEL1_outputs/X_prediction_results.csv
LAUT/HE.LAUT..HHZ__20250115T090341Z__20250115T090441Z.mseed,HE,LAUT,0,0,0,0,2025-01-15 09:03:45.980000,0.665,2025-01-15 09:04:02.780000,0.664,2025-01-15 09:03:41.000000,2025-01-15 09:04:41.000000,eqcct_earthquakes_th0_1/20250115T090341Z_20250115T090441Z/LAUT_outputs/X_prediction_results.csv
RUF/HE.RUF..HHE__20250115T090342Z__20250115T090442Z.mseed,HE,RUF,0,0,0,0,2025-01-15 09:03:46.824000,0.771,2025-01-15 09:04:04.664000,0.679,2025-01-15 09:03:42.000000,2025-01-15 09:04:42.000000,eqcct_earthquakes_th0_1/20250115T090342Z_20250115T090442Z/RUF_outputs/X_prediction_results.csv
MEF/HE.MEF..HHN__20250115T090345Z__20250115T090445Z.mseed,HE,MEF,0,0,0,0,2025-01-15 09:03:49.470000,0.787,2025-01-15 09:04:09.180000,0.459,2025-01-15 09:03:45.000000,2025-01-15 09:04:45.000000,eqcct_earthquakes_th0_1/20250115T090345Z_20250115T090445Z/MEF_outputs/X_prediction_results.csv
KAF/HE.KAF..HHZ__20250115T090350Z__20250115T090450Z.mseed,HE,KAF,0,0,0,0,2025-01-15 09:03:54.060000,0.578,2025-01-15 09:04:17.180000,0.626,2025-01-15 09:03:50.000000,2025-01-15 09:04:50.000000,eqcct_earthquakes_th0_1/20250115T090350Z_20250115T090450Z/KAF_outputs/X_prediction_results.csv
KEF/HE.KEF..HHZ__20250115T090355Z__20250115T090455Z.mseed,HE,KEF,0,0,0,0,2025-01-15 09:04:00.360000,0.726,2025-01-15 09:04:27.610000,0.659,2025-01-15 09:03:55.000000,2025-01-15 09:04:55.000000,eqcct_earthquakes_th0_1/20250115T090355Z_20250115T090455Z/KEF_outputs/X_prediction_results.csv
TVF/HE.TVF..HHZ__20250115T090356Z__20250115T090456Z.mseed,HE,TVF,0,0,0,0,2025-01-15 09:04:00.124000,0.636,2025-01-15 09:04:28.694000,0.369,2025-01-15 09:03:56.000000,2025-01-15 09:04:56.000000,eqcct_earthquakes_th0_1/20250115T090356Z_20250115T090456Z/TVF_outputs/X_prediction_results.csv
NUR/HE.NUR..HHE__20250115T090358Z__20250115T090458Z.mseed,HE,NUR,0,0,0,0,2025-01-15 09:04:03.728000,0.7,2025-01-15 09:04:08.648000,0.397,2025-01-15 09:03:58.000000,2025-01-15 09:04:58.000000,eqcct_earthquakes_th0_1/20250115T090358Z_20250115T090458Z/NUR_outputs/X_prediction_results.csv
SUF/HE.SUF..HHE__20250115T090359Z__20250115T090459Z.mseed,HE,SUF,0,0,0,0,,,2025-01-15 09:04:34.978000,0.274,2025-01-15 09:03:59.000000,2025-01-15 09:04:59.000000,eqcct_earthquakes_th0_1/20250115T090359Z_20250115T090459Z/SUF_outputs/X_prediction_results.csv
HEL5/HE.HEL5..HHZ__20250115T090359Z__20250115T090459Z.mseed,HE,HEL5,0,0,0,0,2025-01-15 09:04:04.352000,0.64,,,2025-01-15 09:03:59.000000,2025-01-15 09:04:59.000000,eqcct_earthquakes_th0_1/20250115T090359Z_20250115T090459Z/HEL5_outputs/X_prediction_results.csv
KLF/FN.KLF..HHN__20250115T105432Z__20250115T105532Z.mseed,FN,KLF,0,0,0,0,2025-01-15 10:54:37.550000,0.941,2025-01-15 10:54:47.520000,0.683,2025-01-15 10:54:32.000000,2025-01-15 10:55:32.000000,eqcct_earthquakes_th0_1/20250115T105432Z_20250115T105532Z/KLF_outputs/X_prediction_results.csv
TOF/HE.TOF..HHE__20250115T105433Z__20250115T105533Z.mseed,HE,TOF,0,0,0,0,2025-01-15 10:54:38.430000,0.958,2025-01-15 10:54:48.580000,0.461,2025-01-15 10:54:33.000000,2025-01-15 10:55:33.000000,eqcct_earthquakes_th0_1/20250115T105433Z_20250115T105533Z/TOF_outputs/X_prediction_results.csv
RNF/FN.RNF..HHE__20250115T105441Z__20250115T105541Z.mseed,FN,RNF,0,0,0,0,2025-01-15 10:54:46.080000,0.939,2025-01-15 10:55:01.770000,0.782,2025-01-15 10:54:41.000000,2025-01-15 10:55:41.000000,eqcct_earthquakes_th0_1/20250115T105441Z_20250115T105541Z/RNF_outputs/X_prediction_results.csv
SGF/FN.SGF..HHE__20250115T105447Z__20250115T105547Z.mseed,FN,SGF,0,0,0,0,2025-01-15 10:54:52.620000,0.877,2025-01-15 10:55:13.570000,0.581,2025-01-15 10:54:47.000000,2025-01-15 10:55:47.000000,eqcct_earthquakes_th0_1/20250115T105447Z_20250115T105547Z/SGF_outputs/X_prediction_results.csv
RANF/FN.RANF..HHE__20250115T105448Z__20250115T105548Z.mseed,FN,RANF,0,0,0,0,2025-01-15 10:54:53.450000,0.862,2025-01-15 10:55:14.850000,0.617,2025-01-15 10:54:48.000000,2025-01-15 10:55:48.000000,eqcct_earthquakes_th0_1/20250115T105448Z_20250115T105548Z/RANF_outputs/X_prediction_results.csv
HEF/HE.HEF..HHZ__20250115T105451Z__20250115T105551Z.mseed,HE,HEF,0,0,0,0,2025-01-15 10:54:56.080000,0.841,2025-01-15 10:55:19.980000,0.592,2025-01-15 10:54:51.000000,2025-01-15 10:55:51.000000,eqcct_earthquakes_th0_1/20250115T105451Z_20250115T105551Z/HEF_outputs/X_prediction_results.csv
OUL/FN.OUL..HHN__20250115T105453Z__20250115T105553Z.mseed,FN,OUL,0,0,0,0,2025-01-15 10:54:58.030000,0.782,2025-01-15 10:55:23.200000,0.335,2025-01-15 10:54:53.000000,2025-01-15 10:55:53.000000,eqcct_earthquakes_th0_1/20250115T105453Z_20250115T105553Z/OUL_outputs/X_prediction_results.csv
OBF3/HE.OBF3..HHE__20250115T105453Z__20250115T105553Z.mseed,HE,OBF3,0,0,0,0,2025-01-15 10:54:58.340000,0.803,2025-01-15 10:55:23.910000,0.702,2025-01-15 10:54:53.000000,2025-01-15 10:55:53.000000,eqcct_earthquakes_th0_1/20250115T105453Z_20250115T105553Z/OBF3_outputs/X_prediction_results.csv
OBF0/HE.OBF0..HHN__20250115T105457Z__20250115T105557Z.mseed,HE,OBF0,0,0,0,0,2025-01-15 10:55:01.540000,0.724,2025-01-15 10:55:31.170000,0.448,2025-01-15 10:54:57.000000,2025-01-15 10:55:57.000000,eqcct_earthquakes_th0_1/20250115T105457Z_20250115T105557Z/OBF0_outputs/X_prediction_results.csv
OUF/HE.OUF..HHN__20250115T105530Z__20250115T105630Z.mseed,HE,OUF,0,0,0,0,2025-01-15 10:55:34.990000,0.466,2025-01-15 10:55:36.710000,0.267,2025-01-15 10:55:30.000000,2025-01-15 10:56:30.000000,eqcct_earthquakes_th0_1/20250115T105530Z_20250115T105630Z/OUF_outputs/X_prediction_results.csv
MSF/FN.MSF..HHN__20250115T105531Z__20250115T105631Z.mseed,FN,MSF,0,0,0,0,2025-01-15 10:55:35.990000,0.391,2025-01-15 10:55:40.500000,0.76,2025-01-15 10:55:31.000000,2025-01-15 10:56:31.000000,eqcct_earthquakes_th0_1/20250115T105531Z_20250115T105631Z/MSF_outputs/X_prediction_results.csv
RAJF/FN.RAJF..HHZ__20250117T181134Z__20250117T181234Z.mseed,FN,RAJF,0,0,0,0,2025-01-17 18:11:39.950000,0.961,2025-01-17 18:11:44.670000,0.871,2025-01-17 18:11:34.000000,2025-01-17 18:12:34.000000,eqcct_earthquakes_th0_1/20250117T181134Z_20250117T181234Z/RAJF_outputs/X_prediction_results.csv
VRF/HE.VRF..HHE__20250117T181139Z__20250117T181239Z.mseed,HE,VRF,0,0,0,0,2025-01-17 18:11:44.740000,0.892,2025-01-17 18:11:53.200000,0.689,2025-01-17 18:11:39.000000,2025-01-17 18:12:39.000000,eqcct_earthquakes_th0_1/20250117T181139Z_20250117T181239Z/VRF_outputs/X_prediction_results.csv
SGF/FN.SGF..HHE__20250117T181143Z__20250117T181243Z.mseed,FN,SGF,0,0,0,0,2025-01-17 18:11:48.890000,0.584,2025-01-17 18:11:59.230000,0.677,2025-01-17 18:11:43.000000,2025-01-17 18:12:43.000000,eqcct_earthquakes_th0_1/20250117T181143Z_20250117T181243Z/SGF_outputs/X_prediction_results.csv
KMNF/FN.KMNF..HHZ__20250117T181148Z__20250117T181248Z.mseed,FN,KMNF,0,0,0,0,2025-01-17 18:11:53.310000,0.831,2025-01-17 18:12:08.220000,0.203,2025-01-17 18:11:48.000000,2025-01-17 18:12:48.000000,eqcct_earthquakes_th0_1/20250117T181148Z_20250117T181248Z/KMNF_outputs/X_prediction_results.csv
RNF/FN.RNF..HHN__20250117T181157Z__20250117T181257Z.mseed,FN,RNF,0,0,0,0,2025-01-17 18:12:01.720000,0.467,,,2025-01-17 18:11:57.000000,2025-01-17 18:12:57.000000,eqcct_earthquakes_th0_1/20250117T181157Z_20250117T181257Z/RNF_outputs/X_prediction_results.csv
RANF/FN.RANF..HHN__20250117T181232Z__20250117T181332Z.mseed,FN,RANF,0,0,0,0,2025-01-17 18:12:36.600000,0.117,,,2025-01-17 18:12:32.000000,2025-01-17 18:13:32.000000,eqcct_earthquakes_th0_1/20250117T181232Z_20250117T181332Z/RANF_outputs/X_prediction_results.csv
KIF/HE.KIF..HHN__20250117T213902Z__20250117T214002Z.mseed,HE,KIF,0,0,0,0,2025-01-17 21:39:06.280000,0.564,2025-01-17 21:39:20.080000,0.438,2025-01-17 21:39:02.000000,2025-01-17 21:40:02.000000,eqcct_earthquakes_th0_1/20250117T213902Z_20250117T214002Z/KIF_outputs/X_prediction_results.csv
HEF/HE.HEF..HHZ__20250117T213911Z__20250117T214011Z.mseed,HE,HEF,0,0,0,0,2025-01-17 21:39:16.900000,0.721,,,2025-01-17 21:39:11.000000,2025-01-17 21:40:11.000000,eqcct_earthquakes_th0_1/20250117T213911Z_20250117T214011Z/HEF_outputs/X_prediction_results.csv
KLF/FN.KLF..HHN__20250117T213917Z__20250117T214017Z.mseed,FN,KLF,0,0,0,0,2025-01-17 21:39:22.300000,0.755,2025-01-17 21:39:47.790000,0.422,2025-01-17 21:39:17.000000,2025-01-17 21:40:17.000000,eqcct_earthquakes_th0_1/20250117T213917Z_20250117T214017Z/KLF_outputs/X_prediction_results.csv
KIF/HE.KIF..HHZ__20250117T234451Z__20250117T234551Z.mseed,HE,KIF,0,0,0,0,2025-01-17 23:44:56.880000,0.679,2025-01-17 23:45:10.050000,0.45,2025-01-17 23:44:51.000000,2025-01-17 23:45:51.000000,eqcct_earthquakes_th0_1/20250117T234451Z_20250117T234551Z/KIF_outputs/X_prediction_results.csv
HEF/HE.HEF..HHE__20250117T234501Z__20250117T234601Z.mseed,HE,HEF,0,0,0,0,2025-01-17 23:45:06.810000,0.902,2025-01-17 23:45:26.470000,0.312,2025-01-17 23:45:01.000000,2025-01-17 23:46:01.000000,eqcct_earthquakes_th0_1/20250117T234501Z_20250117T234601Z/HEF_outputs/X_prediction_results.csv
KLF/FN.KLF..HHN__20250117T234507Z__20250117T234607Z.mseed,FN,KLF,0,0,0,0,2025-01-17 23:45:12.350000,0.775,2025-01-17 23:45:37.700000,0.338,2025-01-17 23:45:07.000000,2025-01-17 23:46:07.000000,eqcct_earthquakes_th0_1/20250117T234507Z_20250117T234607Z/KLF_outputs/X_prediction_results.csv
KLF/FN.KLF..HHZ__20250119T020637Z__20250119T020737Z.mseed,FN,KLF,0,0,0,0,2025-01-19 02:06:42.750000,0.619,2025-01-19 02:06:52.050000,0.487,2025-01-19 02:06:37.000000,2025-01-19 02:07:37.000000,eqcct_earthquakes_th0_1/20250119T020637Z_20250119T020737Z/KLF_outputs/X_prediction_results.csv
TOF/HE.TOF..HHE__20250119T020640Z__20250119T020740Z.mseed,HE,TOF,0,0,0,0,2025-01-19 02:06:45.380000,0.923,2025-01-19 02:06:56.070000,0.319,2025-01-19 02:06:40.000000,2025-01-19 02:07:40.000000,eqcct_earthquakes_th0_1/20250119T020640Z_20250119T020740Z/TOF_outputs/X_prediction_results.csv
RNF/FN.RNF..HHZ__20250119T020647Z__20250119T020747Z.mseed,FN,RNF,0,0,0,0,2025-01-19 02:06:52.750000,0.927,2025-01-19 02:07:09.300000,0.717,2025-01-19 02:06:47.000000,2025-01-19 02:07:47.000000,eqcct_earthquakes_th0_1/20250119T020647Z_20250119T020747Z/RNF_outputs/X_prediction_results.csv
SGF/FN.SGF..HHE__20250119T020654Z__20250119T020754Z.mseed,FN,SGF,0,0,0,0,2025-01-19 02:06:58.480000,0.711,,,2025-01-19 02:06:54.000000,2025-01-19 02:07:54.000000,eqcct_earthquakes_th0_1/20250119T020654Z_20250119T020754Z/SGF_outputs/X_prediction_results.csv
RANF/FN.RANF..HHN__20250119T020655Z__20250119T020755Z.mseed,FN,RANF,0,0,0,0,2025-01-19 02:07:00.200000,0.744,2025-01-19 02:07:22.920000,0.239,2025-01-19 02:06:55.000000,2025-01-19 02:07:55.000000,eqcct_earthquakes_th0_1/20250119T020655Z_20250119T020755Z/RANF_outputs/X_prediction_results.csv
HEF/HE.HEF..HHZ__20250119T020719Z__20250119T020819Z.mseed,HE,HEF,0,0,0,0,2025-01-19 02:07:23.190000,0.158,,,2025-01-19 02:07:19.000000,2025-01-19 02:08:19.000000,eqcct_earthquakes_th0_1/20250119T020719Z_20250119T020819Z/HEF_outputs/X_prediction_results.csv
OUL/FN.OUL..HHE__20250119T020727Z__20250119T020827Z.mseed,FN,OUL,0,0,0,0,2025-01-19 02:07:31.640000,0.154,,,2025-01-19 02:07:27.000000,2025-01-19 02:08:27.000000,eqcct_earthquakes_th0_1/20250119T020727Z_20250119T020827Z/OUL_outputs/X_prediction_results.csv
OBF3/HE.OBF3..HHN__20250119T020727Z__20250119T020827Z.mseed,HE,OBF3,0,0,0,0,2025-01-19 02:07:31.348000,0.101,,,2025-01-19 02:07:27.000000,2025-01-19 02:08:27.000000,eqcct_earthquakes_th0_1/20250119T020727Z_20250119T020827Z/OBF3_outputs/X_prediction_results.csv
TOF/HE.TOF..HHZ__20250120T005025Z__20250120T005125Z.mseed,HE,TOF,0,0,0,0,2025-01-20 00:50:30.180000,0.957,2025-01-20 00:50:31.570000,0.893,2025-01-20 00:50:25.000000,2025-01-20 00:51:25.000000,eqcct_earthquakes_th0_1/20250120T005025Z_20250120T005125Z/TOF_outputs/X_prediction_results.csv
RNF/FN.RNF..HHN__20250120T005040Z__20250120T005140Z.mseed,FN,RNF,0,0,0,0,2025-01-20 00:50:45.310000,0.919,2025-01-20 00:50:56.430000,0.551,2025-01-20 00:50:40.000000,2025-01-20 00:51:40.000000,eqcct_earthquakes_th0_1/20250120T005040Z_20250120T005140Z/RNF_outputs/X_prediction_results.csv
RANF/FN.RANF..HHN__20250120T005043Z__20250120T005143Z.mseed,FN,RANF,0,0,0,0,2025-01-20 00:50:48.200000,0.944,2025-01-20 00:51:01.950000,0.467,2025-01-20 00:50:43.000000,2025-01-20 00:51:43.000000,eqcct_earthquakes_th0_1/20250120T005043Z_20250120T005143Z/RANF_outputs/X_prediction_results.csv
KLF/FN.KLF..HHE__20250120T005044Z__20250120T005144Z.mseed,FN,KLF,0,0,0,0,2025-01-20 00:50:49.070000,0.821,2025-01-20 00:51:03.770000,0.752,2025-01-20 00:50:44.000000,2025-01-20 00:51:44.000000,eqcct_earthquakes_th0_1/20250120T005044Z_20250120T005144Z/KLF_outputs/X_prediction_results.csv
OUL/FN.OUL..HHN__20250120T005045Z__20250120T005145Z.mseed,FN,OUL,0,0,0,0,2025-01-20 00:50:50.460000,0.921,2025-01-20 00:51:05.700000,0.524,2025-01-20 00:50:45.000000,2025-01-20 00:51:45.000000,eqcct_earthquakes_th0_1/20250120T005045Z_20250120T005145Z/OUL_outputs/X_prediction_results.csv
OBF3/HE.OBF3..HHZ__20250120T005046Z__20250120T005146Z.mseed,HE,OBF3,0,0,0,0,2025-01-20 00:50:51.644000,0.885,2025-01-20 00:51:08.104000,0.678,2025-01-20 00:50:46.000000,2025-01-20 00:51:46.000000,eqcct_earthquakes_th0_1/20250120T005046Z_20250120T005146Z/OBF3_outputs/X_prediction_results.csv
OBF0/HE.OBF0..HHE__20250120T005051Z__20250120T005151Z.mseed,HE,OBF0,0,0,0,0,2025-01-20 00:50:56.532000,0.861,2025-01-20 00:51:17.082000,0.272,2025-01-20 00:50:51.000000,2025-01-20 00:51:51.000000,eqcct_earthquakes_th0_1/20250120T005051Z_20250120T005151Z/OBF0_outputs/X_prediction_results.csv
SGF/FN.SGF..HHE__20250120T005052Z__20250120T005152Z.mseed,FN,SGF,0,0,0,0,2025-01-20 00:50:57.620000,0.816,2025-01-20 00:51:18.980000,0.645,2025-01-20 00:50:52.000000,2025-01-20 00:51:52.000000,eqcct_earthquakes_th0_1/20250120T005052Z_20250120T005152Z/SGF_outputs/X_prediction_results.csv
OUF/HE.OUF..HHZ__20250120T005054Z__20250120T005154Z.mseed,HE,OUF,0,0,0,0,2025-01-20 00:50:59.170000,0.856,2025-01-20 00:51:21.380000,0.537,2025-01-20 00:50:54.000000,2025-01-20 00:51:54.000000,eqcct_earthquakes_th0_1/20250120T005054Z_20250120T005154Z/OUF_outputs/X_prediction_results.csv
MSF/FN.MSF..HHN__20250120T005058Z__20250120T005158Z.mseed,FN,MSF,0,0,0,0,2025-01-20 00:51:03.240000,0.66,2025-01-20 00:51:29.440000,0.131,2025-01-20 00:50:58.000000,2025-01-20 00:51:58.000000,eqcct_earthquakes_th0_1/20250120T005058Z_20250120T005158Z/MSF_outputs/X_prediction_results.csv
OLKF/FN.OLKF..HHE__20250120T005100Z__20250120T005200Z.mseed,FN,OLKF,0,0,0,0,2025-01-20 00:51:04.550000,0.747,,,2025-01-20 00:51:00.000000,2025-01-20 00:52:00.000000,eqcct_earthquakes_th0_1/20250120T005100Z_20250120T005200Z/OLKF_outputs/X_prediction_results.csv
HEF/HE.HEF..HHE__20250120T005132Z__20250120T005232Z.mseed,HE,HEF,0,0,0,0,2025-01-20 00:51:36.980000,0.333,2025-01-20 00:51:39.520000,0.507,2025-01-20 00:51:32.000000,2025-01-20 00:52:32.000000,eqcct_earthquakes_th0_1/20250120T005132Z_20250120T005232Z/HEF_outputs/X_prediction_results.csv
KU6/HE.KU6..HHZ__20250120T005133Z__20250120T005233Z.mseed,HE,KU6,0,0,0,0,2025-01-20 00:51:37.450000,0.749,,,2025-01-20 00:51:33.000000,2025-01-20 00:52:33.000000,eqcct_earthquakes_th0_1/20250120T005133Z_20250120T005233Z/KU6_outputs/X_prediction_results.csv
KEV/HE.KEV..HHE__20250121T121951Z__20250121T122051Z.mseed,HE,KEV,0,0,0,0,2025-01-21 12:19:56.490000,0.783,2025-01-21 12:20:08.410000,0.512,2025-01-21 12:19:51.000000,2025-01-21 12:20:51.000000,eqcct_earthquakes_th0_1/20250121T121951Z_20250121T122051Z/KEV_outputs/X_prediction_results.csv
KMNF/FN.KMNF..HHE__20250121T121958Z__20250121T122058Z.mseed,FN,KMNF,0,0,0,0,2025-01-21 12:20:03.850000,0.89,2025-01-21 12:20:20.920000,0.728,2025-01-21 12:19:58.000000,2025-01-21 12:20:58.000000,eqcct_earthquakes_th0_1/20250121T121958Z_20250121T122058Z/KMNF_outputs/X_prediction_results.csv
KIF/HE.KIF..HHE__20250121T122006Z__20250121T122106Z.mseed,HE,KIF,0,0,0,0,2025-01-21 12:20:10.710000,0.742,2025-01-21 12:20:34.830000,0.566,2025-01-21 12:20:06.000000,2025-01-21 12:21:06.000000,eqcct_earthquakes_th0_1/20250121T122006Z_20250121T122106Z/KIF_outputs/X_prediction_results.csv
HEF/HE.HEF..HHE__20250121T122007Z__20250121T122107Z.mseed,HE,HEF,0,0,0,0,2025-01-21 12:20:11.400000,0.565,2025-01-21 12:20:34.190000,0.267,2025-01-21 12:20:07.000000,2025-01-21 12:21:07.000000,eqcct_earthquakes_th0_1/20250121T122007Z_20250121T122107Z/HEF_outputs/X_prediction_results.csv
KEV/HE.KEV..HHN__20250122T224717Z__20250122T224817Z.mseed,HE,KEV,0,0,0,0,2025-01-22 22:47:22.810000,0.928,2025-01-22 22:47:27.930000,0.886,2025-01-22 22:47:17.000000,2025-01-22 22:48:17.000000,eqcct_earthquakes_th0_1/20250122T224717Z_20250122T224817Z/KEV_outputs/X_prediction_results.csv
KMNF/FN.KMNF..HHE__20250122T224727Z__20250122T224827Z.mseed,FN,KMNF,0,0,0,0,2025-01-22 22:47:32.600000,0.788,2025-01-22 22:47:44.600000,0.557,2025-01-22 22:47:27.000000,2025-01-22 22:48:27.000000,eqcct_earthquakes_th0_1/20250122T224727Z_20250122T224827Z/KMNF_outputs/X_prediction_results.csv
HEF/HE.HEF..HHZ__20250122T224743Z__20250122T224843Z.mseed,HE,HEF,0,0,0,0,2025-01-22 22:47:48.150000,0.659,,,2025-01-22 22:47:43.000000,2025-01-22 22:48:43.000000,eqcct_earthquakes_th0_1/20250122T224743Z_20250122T224843Z/HEF_outputs/X_prediction_results.csv
RAJF/FN.RAJF..HHZ__20250122T224802Z__20250122T224902Z.mseed,FN,RAJF,0,0,0,0,2025-01-22 22:48:06.310000,0.609,2025-01-22 22:48:09.030000,0.335,2025-01-22 22:48:02.000000,2025-01-22 22:49:02.000000,eqcct_earthquakes_th0_1/20250122T224802Z_20250122T224902Z/RAJF_outputs/X_prediction_results.csv
KIF/HE.KIF..HHN__20250122T224813Z__20250122T224913Z.mseed,HE,KIF,0,0,0,0,2025-01-22 22:48:17.470000,0.819,2025-01-22 22:48:55.590000,0.728,2025-01-22 22:48:13.000000,2025-01-22 22:49:13.000000,eqcct_earthquakes_th0_1/20250122T224813Z_20250122T224913Z/KIF_outputs/X_prediction_results.csv
SGF/FN.SGF..HHN__20250122T224827Z__20250122T224927Z.mseed,FN,SGF,0,0,0,0,2025-01-22 22:48:31.700000,0.173,,,2025-01-22 22:48:27.000000,2025-01-22 22:49:27.000000,eqcct_earthquakes_th0_1/20250122T224827Z_20250122T224927Z/SGF_outputs/X_prediction_results.csv
VRF/HE.VRF..HHE__20250122T224827Z__20250122T224927Z.mseed,HE,VRF,0,0,0,0,,,2025-01-22 22:48:34.310000,0.688,2025-01-22 22:48:27.000000,2025-01-22 22:49:27.000000,eqcct_earthquakes_th0_1/20250122T224827Z_20250122T224927Z/VRF_outputs/X_prediction_results.csv
TOF/HE.TOF..HHN__20250123T181822Z__20250123T181922Z.mseed,HE,TOF,0,0,0,0,2025-01-23 18:18:27.310000,0.892,2025-01-23 18:18:35.110000,0.455,2025-01-23 18:18:22.000000,2025-01-23 18:19:22.000000,eqcct_earthquakes_th0_1/20250123T181822Z_20250123T181922Z/TOF_outputs/X_prediction_results.csv
OBF3/HE.OBF3..HHZ__20250123T181835Z__20250123T181935Z.mseed,HE,OBF3,0,0,0,0,2025-01-23 18:18:40.680000,0.64,,,2025-01-23 18:18:35.000000,2025-01-23 18:19:35.000000,eqcct_earthquakes_th0_1/20250123T181835Z_20250123T181935Z/OBF3_outputs/X_prediction_results.csv
KLF/FN.KLF..HHE__20250123T181835Z__20250123T181935Z.mseed,FN,KLF,0,0,0,0,2025-01-23 18:18:40.460000,0.67,,,2025-01-23 18:18:35.000000,2025-01-23 18:19:35.000000,eqcct_earthquakes_th0_1/20250123T181835Z_20250123T181935Z/KLF_outputs/X_prediction_results.csv
RNF/FN.RNF..HHZ__20250123T181837Z__20250123T181937Z.mseed,FN,RNF,0,0,0,0,2025-01-23 18:18:42.240000,0.862,2025-01-23 18:19:01.190000,0.251,2025-01-23 18:18:37.000000,2025-01-23 18:19:37.000000,eqcct_earthquakes_th0_1/20250123T181837Z_20250123T181937Z/RNF_outputs/X_prediction_results.csv
OUL/FN.OUL..HHN__20250123T181838Z__20250123T181938Z.mseed,FN,OUL,0,0,0,0,2025-01-23 18:18:43.250000,0.812,,,2025-01-23 18:18:38.000000,2025-01-23 18:19:38.000000,eqcct_earthquakes_th0_1/20250123T181838Z_20250123T181938Z/OUL_outputs/X_prediction_results.csv
RANF/FN.RANF..HHE__20250123T181839Z__20250123T181939Z.mseed,FN,RANF,0,0,0,0,2025-01-23 18:18:45.510000,0.505,2025-01-23 18:19:06.250000,0.109,2025-01-23 18:18:39.000000,2025-01-23 18:19:39.000000,eqcct_earthquakes_th0_1/20250123T181839Z_20250123T181939Z/RANF_outputs/X_prediction_results.csv
OBF0/HE.OBF0..HHE__20250123T181839Z__20250123T181939Z.mseed,HE,OBF0,0,0,0,0,2025-01-23 18:18:43.192000,0.664,,,2025-01-23 18:18:39.000000,2025-01-23 18:19:39.000000,eqcct_earthquakes_th0_1/20250123T181839Z_20250123T181939Z/OBF0_outputs/X_prediction_results.csv
OUF/HE.OUF..HHN__20250123T181842Z__20250123T181942Z.mseed,HE,OUF,0,0,0,0,2025-01-23 18:18:46.620000,0.646,,,2025-01-23 18:18:42.000000,2025-01-23 18:19:42.000000,eqcct_earthquakes_th0_1/20250123T181842Z_20250123T181942Z/OUF_outputs/X_prediction_results.csv
SGF/FN.SGF..HHE__20250123T181847Z__20250123T181947Z.mseed,FN,SGF,0,0,0,0,2025-01-23 18:18:51.630000,0.446,2025-01-23 18:19:20.750000,0.11,2025-01-23 18:18:47.000000,2025-01-23 18:19:47.000000,eqcct_earthquakes_th0_1/20250123T181847Z_20250123T181947Z/SGF_outputs/X_prediction_results.csv
KLF/FN.KLF..HHN__20250124T182532Z__20250124T182632Z.mseed,FN,KLF,0,0,0,0,2025-01-24 18:25:37.050000,0.956,2025-01-24 18:25:40.050000,0.888,2025-01-24 18:25:32.000000,2025-01-24 18:26:32.000000,eqcct_earthquakes_th0_1/20250124T182532Z_20250124T182632Z/KLF_outputs/X_prediction_results.csv
SGF/FN.SGF..HHE__20250124T182544Z__20250124T182644Z.mseed,FN,SGF,0,0,0,0,2025-01-24 18:25:49.160000,0.914,2025-01-24 18:26:00.510000,0.836,2025-01-24 18:25:44.000000,2025-01-24 18:26:44.000000,eqcct_earthquakes_th0_1/20250124T182544Z_20250124T182644Z/SGF_outputs/X_prediction_results.csv
HEF/HE.HEF..HHE__20250124T182545Z__20250124T182645Z.mseed,HE,HEF,0,0,0,0,2025-01-24 18:25:50.750000,0.789,2025-01-24 18:26:03.600000,0.714,2025-01-24 18:25:45.000000,2025-01-24 18:26:45.000000,eqcct_earthquakes_th0_1/20250124T182545Z_20250124T182645Z/HEF_outputs/X_prediction_results.csv
RNF/FN.RNF..HHE__20250124T182547Z__20250124T182647Z.mseed,FN,RNF,0,0,0,0,2025-01-24 18:25:52.300000,0.906,2025-01-24 18:26:06.220000,0.548,2025-01-24 18:25:47.000000,2025-01-24 18:26:47.000000,eqcct_earthquakes_th0_1/20250124T182547Z_20250124T182647Z/RNF_outputs/X_prediction_results.csv
TOF/HE.TOF..HHZ__20250124T182552Z__20250124T182652Z.mseed,HE,TOF,0,0,0,0,2025-01-24 18:25:56.700000,0.606,2025-01-24 18:26:13.910000,0.471,2025-01-24 18:25:52.000000,2025-01-24 18:26:52.000000,eqcct_earthquakes_th0_1/20250124T182552Z_20250124T182652Z/TOF_outputs/X_prediction_results.csv
RANF/FN.RANF..HHN__20250124T182559Z__20250124T182659Z.mseed,FN,RANF,0,0,0,0,2025-01-24 18:26:04.200000,0.544,2025-01-24 18:26:26.170000,0.102,2025-01-24 18:25:59.000000,2025-01-24 18:26:59.000000,eqcct_earthquakes_th0_1/20250124T182559Z_20250124T182659Z/RANF_outputs/X_prediction_results.csv
RAJF/FN.RAJF..HHE__20250124T182600Z__20250124T182700Z.mseed,FN,RAJF,0,0,0,0,2025-01-24 18:26:04.080000,0.507,,,2025-01-24 18:26:00.000000,2025-01-24 18:27:00.000000,eqcct_earthquakes_th0_1/20250124T182600Z_20250124T182700Z/RAJF_outputs/X_prediction_results.csv
KMNF/FN.KMNF..HHE__20250124T182601Z__20250124T182701Z.mseed,FN,KMNF,0,0,0,0,2025-01-24 18:26:06.900000,0.829,,,2025-01-24 18:26:01.000000,2025-01-24 18:27:01.000000,eqcct_earthquakes_th0_1/20250124T182601Z_20250124T182701Z/KMNF_outputs/X_prediction_results.csv
VRF/HE.VRF..HHN__20250124T182630Z__20250124T182730Z.mseed,HE,VRF,0,0,0,0,2025-01-24 18:26:34.650000,0.515,,,2025-01-24 18:26:30.000000,2025-01-24 18:27:30.000000,eqcct_earthquakes_th0_1/20250124T182630Z_20250124T182730Z/VRF_outputs/X_prediction_results.csv
KU6/HE.KU6..HHN__20250125T042823Z__20250125T042923Z.mseed,HE,KU6,0,0,0,0,2025-01-25 04:28:28.300000,0.934,2025-01-25 04:28:44.600000,0.702,2025-01-25 04:28:23.000000,2025-01-25 04:29:23.000000,eqcct_earthquakes_th0_1/20250125T042823Z_20250125T042923Z/KU6_outputs/X_prediction_results.csv
OLKF/FN.OLKF..HHN__20250125T042824Z__20250125T042924Z.mseed,FN,OLKF,0,0,0,0,2025-01-25 04:28:29.400000,0.915,2025-01-25 04:28:46.360000,0.607,2025-01-25 04:28:24.000000,2025-01-25 04:29:24.000000,eqcct_earthquakes_th0_1/20250125T042824Z_20250125T042924Z/OLKF_outputs/X_prediction_results.csv
VRF/HE.VRF..HHZ__20250125T042828Z__20250125T042928Z.mseed,HE,VRF,0,0,0,0,2025-01-25 04:28:33.820000,0.915,2025-01-25 04:28:53.840000,0.21,2025-01-25 04:28:28.000000,2025-01-25 04:29:28.000000,eqcct_earthquakes_th0_1/20250125T042828Z_20250125T042928Z/VRF_outputs/X_prediction_results.csv
MSF/FN.MSF..HHN__20250125T042829Z__20250125T042929Z.mseed,FN,MSF,0,0,0,0,2025-01-25 04:28:34.450000,0.899,2025-01-25 04:28:55.370000,0.76,2025-01-25 04:28:29.000000,2025-01-25 04:29:29.000000,eqcct_earthquakes_th0_1/20250125T042829Z_20250125T042929Z/MSF_outputs/X_prediction_results.csv
RANF/FN.RANF..HHE__20250125T042841Z__20250125T042941Z.mseed,FN,RANF,0,0,0,0,2025-01-25 04:28:45.850000,0.67,2025-01-25 04:29:18.260000,0.172,2025-01-25 04:28:41.000000,2025-01-25 04:29:41.000000,eqcct_earthquakes_th0_1/20250125T042841Z_20250125T042941Z/RANF_outputs/X_prediction_results.csv
SGF/FN.SGF..HHN__20250125T042841Z__20250125T042941Z.mseed,FN,SGF,0,0,0,0,2025-01-25 04:28:46.370000,0.766,2025-01-25 04:29:23.170000,0.591,2025-01-25 04:28:41.000000,2025-01-25 04:29:41.000000,eqcct_earthquakes_th0_1/20250125T042841Z_20250125T042941Z/SGF_outputs/X_prediction_results.csv
RMF/HE.RMF..HHN__20250125T042843Z__20250125T042943Z.mseed,HE,RMF,0,0,0,0,2025-01-25 04:28:48.032000,0.846,2025-01-25 04:29:19.632000,0.686,2025-01-25 04:28:43.000000,2025-01-25 04:29:43.000000,eqcct_earthquakes_th0_1/20250125T042843Z_20250125T042943Z/RMF_outputs/X_prediction_results.csv
RNF/FN.RNF..HHN__20250125T042843Z__20250125T042943Z.mseed,FN,RNF,0,0,0,0,2025-01-25 04:28:48.020000,0.757,,,2025-01-25 04:28:43.000000,2025-01-25 04:29:43.000000,eqcct_earthquakes_th0_1/20250125T042843Z_20250125T042943Z/RNF_outputs/X_prediction_results.csv
RAJF/FN.RAJF..HHZ__20250125T042909Z__20250125T043009Z.mseed,FN,RAJF,0,0,0,0,2025-01-25 04:29:14.000000,0.582,,,2025-01-25 04:29:09.000000,2025-01-25 04:30:09.000000,eqcct_earthquakes_th0_1/20250125T042909Z_20250125T043009Z/RAJF_outputs/X_prediction_results.csv
JOF/HE.JOF..HHE__20250125T042940Z__20250125T043040Z.mseed,HE,JOF,0,0,0,0,2025-01-25 04:29:44.610000,0.539,,,2025-01-25 04:29:40.000000,2025-01-25 04:30:40.000000,eqcct_earthquakes_th0_1/20250125T042940Z_20250125T043040Z/JOF_outputs/X_prediction_results.csv
FIA0/HE.FIA0..HHZ__20250125T132029Z__20250125T132129Z.mseed,HE,FIA0,0,0,0,0,2025-01-25 13:20:34.540000,0.946,2025-01-25 13:20:42.370000,0.731,2025-01-25 13:20:29.000000,2025-01-25 13:21:29.000000,eqcct_earthquakes_th0_1/20250125T132029Z_20250125T132129Z/FIA0_outputs/X_prediction_results.csv
FIA1/HE.FIA1..HHN__20250125T132029Z__20250125T132129Z.mseed,HE,FIA1,0,0,0,0,2025-01-25 13:20:34.540000,0.95,2025-01-25 13:20:45.730000,0.406,2025-01-25 13:20:29.000000,2025-01-25 13:21:29.000000,eqcct_earthquakes_th0_1/20250125T132029Z_20250125T132129Z/FIA1_outputs/X_prediction_results.csv
VJF/HE.VJF..HHE__20250125T132031Z__20250125T132131Z.mseed,HE,VJF,0,0,0,0,2025-01-25 13:20:36.696000,0.959,2025-01-25 13:20:46.636000,0.765,2025-01-25 13:20:31.000000,2025-01-25 13:21:31.000000,eqcct_earthquakes_th0_1/20250125T132031Z_20250125T132131Z/VJF_outputs/X_prediction_results.csv
RUF/HE.RUF..HHE__20250125T132034Z__20250125T132134Z.mseed,HE,RUF,0,0,0,0,2025-01-25 13:20:39.696000,0.804,2025-01-25 13:20:50.866000,0.62,2025-01-25 13:20:34.000000,2025-01-25 13:21:34.000000,eqcct_earthquakes_th0_1/20250125T132034Z_20250125T132134Z/RUF_outputs/X_prediction_results.csv
KAF/HE.KAF..HHE__20250125T132037Z__20250125T132137Z.mseed,HE,KAF,0,0,0,0,2025-01-25 13:20:42.030000,0.875,2025-01-25 13:20:55.240000,0.424,2025-01-25 13:20:37.000000,2025-01-25 13:21:37.000000,eqcct_earthquakes_th0_1/20250125T132037Z_20250125T132137Z/KAF_outputs/X_prediction_results.csv
KEF/HE.KEF..HHN__20250125T132045Z__20250125T132145Z.mseed,HE,KEF,0,0,0,0,2025-01-25 13:20:50.140000,0.895,2025-01-25 13:21:09.730000,0.283,2025-01-25 13:20:45.000000,2025-01-25 13:21:45.000000,eqcct_earthquakes_th0_1/20250125T132045Z_20250125T132145Z/KEF_outputs/X_prediction_results.csv
SUF/HE.SUF..HHE__20250125T132047Z__20250125T132147Z.mseed,HE,SUF,0,0,0,0,2025-01-25 13:20:52.478000,0.797,2025-01-25 13:21:13.628000,0.498,2025-01-25 13:20:47.000000,2025-01-25 13:21:47.000000,eqcct_earthquakes_th0_1/20250125T132047Z_20250125T132147Z/SUF_outputs/X_prediction_results.csv
MEF/HE.MEF..HHE__20250125T132049Z__20250125T132149Z.mseed,HE,MEF,0,0,0,0,2025-01-25 13:20:54.910000,0.869,2025-01-25 13:21:17.770000,0.294,2025-01-25 13:20:49.000000,2025-01-25 13:21:49.000000,eqcct_earthquakes_th0_1/20250125T132049Z_20250125T132149Z/MEF_outputs/X_prediction_results.csv
NIF/HE.NIF..HHZ__20250125T132057Z__20250125T132157Z.mseed,HE,NIF,0,0,0,0,2025-01-25 13:21:01.664000,0.75,2025-01-25 13:21:30.674000,0.259,2025-01-25 13:20:57.000000,2025-01-25 13:21:57.000000,eqcct_earthquakes_th0_1/20250125T132057Z_20250125T132157Z/NIF_outputs/X_prediction_results.csv
NUR/HE.NUR..HHZ__20250125T132103Z__20250125T132203Z.mseed,HE,NUR,0,0,0,0,2025-01-25 13:21:08.448000,0.402,2025-01-25 13:21:12.598000,0.634,2025-01-25 13:21:03.000000,2025-01-25 13:22:03.000000,eqcct_earthquakes_th0_1/20250125T132103Z_20250125T132203Z/NUR_outputs/X_prediction_results.csv
VUOS/HE.VUOS..HHE__20250125T132103Z__20250125T132203Z.mseed,HE,VUOS,0,0,0,0,2025-01-25 13:21:07.872000,0.736,2025-01-25 13:21:09.572000,0.544,2025-01-25 13:21:03.000000,2025-01-25 13:22:03.000000,eqcct_earthquakes_th0_1/20250125T132103Z_20250125T132203Z/VUOS_outputs/X_prediction_results.csv
KUNI/HE.KUNI..HHN__20250125T132104Z__20250125T132204Z.mseed,HE,KUNI,0,0,0,0,2025-01-25 13:21:09.916000,0.657,2025-01-25 13:21:13.786000,0.702,2025-01-25 13:21:04.000000,2025-01-25 13:22:04.000000,eqcct_earthquakes_th0_1/20250125T132104Z_20250125T132204Z/KUNI_outputs/X_prediction_results.csv
RSUO/HE.RSUO..HHE__20250125T132106Z__20250125T132206Z.mseed,HE,RSUO,0,0,0,0,2025-01-25 13:21:10.272000,0.2,,,2025-01-25 13:21:06.000000,2025-01-25 13:22:06.000000,eqcct_earthquakes_th0_1/20250125T132106Z_20250125T132206Z/RSUO_outputs/X_prediction_results.csv
LAUT/HE.LAUT..HHE__20250125T132107Z__20250125T132207Z.mseed,HE,LAUT,0,0,0,0,2025-01-25 13:21:11.974000,0.283,,,2025-01-25 13:21:07.000000,2025-01-25 13:22:07.000000,eqcct_earthquakes_th0_1/20250125T132107Z_20250125T132207Z/LAUT_outputs/X_prediction_results.csv
KEV/HE.KEV..HHZ__20250126T190619Z__20250126T190719Z.mseed,HE,KEV,0,0,0,0,2025-01-26 19:06:24.690000,0.943,2025-01-26 19:06:40.500000,0.683,2025-01-26 19:06:19.000000,2025-01-26 19:07:19.000000,eqcct_earthquakes_th0_1/20250126T190619Z_20250126T190719Z/KEV_outputs/X_prediction_results.csv
KMNF/FN.KMNF..HHE__20250126T190630Z__20250126T190730Z.mseed,FN,KMNF,0,0,0,0,2025-01-26 19:06:35.350000,0.599,2025-01-26 19:06:58.210000,0.552,2025-01-26 19:06:30.000000,2025-01-26 19:07:30.000000,eqcct_earthquakes_th0_1/20250126T190630Z_20250126T190730Z/KMNF_outputs/X_prediction_results.csv
KIF/HE.KIF..HHE__20250126T190708Z__20250126T190808Z.mseed,HE,KIF,0,0,0,0,2025-01-26 19:07:12.240000,0.578,2025-01-26 19:07:14.500000,0.219,2025-01-26 19:07:08.000000,2025-01-26 19:08:08.000000,eqcct_earthquakes_th0_1/20250126T190708Z_20250126T190808Z/KIF_outputs/X_prediction_results.csv
HEF/HE.HEF..HHZ__20250126T204934Z__20250126T205034Z.mseed,HE,HEF,0,0,0,0,2025-01-26 20:49:39.270000,0.917,2025-01-26 20:49:48.840000,0.554,2025-01-26 20:49:34.000000,2025-01-26 20:50:34.000000,eqcct_earthquakes_th0_1/20250126T204934Z_20250126T205034Z/HEF_outputs/X_prediction_results.csv
KLF/FN.KLF..HHZ__20250126T204935Z__20250126T205035Z.mseed,FN,KLF,0,0,0,0,2025-01-26 20:49:40.750000,0.919,2025-01-26 20:49:51.340000,0.487,2025-01-26 20:49:35.000000,2025-01-26 20:50:35.000000,eqcct_earthquakes_th0_1/20250126T204935Z_20250126T205035Z/KLF_outputs/X_prediction_results.csv
SGF/FN.SGF..HHN__20250126T204949Z__20250126T205049Z.mseed,FN,SGF,0,0,0,0,2025-01-26 20:49:54.240000,0.808,2025-01-26 20:50:14.760000,0.498,2025-01-26 20:49:49.000000,2025-01-26 20:50:49.000000,eqcct_earthquakes_th0_1/20250126T204949Z_20250126T205049Z/SGF_outputs/X_prediction_results.csv
RNF/FN.RNF..HHZ__20250126T204953Z__20250126T205053Z.mseed,FN,RNF,0,0,0,0,2025-01-26 20:49:57.710000,0.793,2025-01-26 20:50:22.280000,0.485,2025-01-26 20:49:53.000000,2025-01-26 20:50:53.000000,eqcct_earthquakes_th0_1/20250126T204953Z_20250126T205053Z/RNF_outputs/X_prediction_results.csv
TOF/HE.TOF..HHN__20250126T204955Z__20250126T205055Z.mseed,HE,TOF,0,0,0,0,2025-01-26 20:49:59.230000,0.169,,,2025-01-26 20:49:55.000000,2025-01-26 20:50:55.000000,eqcct_earthquakes_th0_1/20250126T204955Z_20250126T205055Z/TOF_outputs/X_prediction_results.csv
KIF/HE.KIF..HHZ__20250126T205003Z__20250126T205103Z.mseed,HE,KIF,0,0,0,0,2025-01-26 20:50:07.420000,0.443,2025-01-26 20:50:08.720000,0.817,2025-01-26 20:50:03.000000,2025-01-26 20:51:03.000000,eqcct_earthquakes_th0_1/20250126T205003Z_20250126T205103Z/KIF_outputs/X_prediction_results.csv
RAJF/FN.RAJF..HHN__20250126T205028Z__20250126T205128Z.mseed,FN,RAJF,0,0,0,0,2025-01-26 20:50:32.340000,0.129,,,2025-01-26 20:50:28.000000,2025-01-26 20:51:28.000000,eqcct_earthquakes_th0_1/20250126T205028Z_20250126T205128Z/RAJF_outputs/X_prediction_results.csv
VJF/HE.VJF..HHZ__20250127T012949Z__20250127T013049Z.mseed,HE,VJF,0,0,0,0,2025-01-27 01:29:54.644000,0.915,2025-01-27 01:30:00.254000,0.657,2025-01-27 01:29:49.000000,2025-01-27 01:30:49.000000,eqcct_earthquakes_th0_1/20250127T012949Z_20250127T013049Z/VJF_outputs/X_prediction_results.csv
FIA0/HE.FIA0..HHN__20250127T012955Z__20250127T013055Z.mseed,HE,FIA0,0,0,0,0,2025-01-27 01:30:00.990000,0.931,2025-01-27 01:30:11.690000,0.723,2025-01-27 01:29:55.000000,2025-01-27 01:30:55.000000,eqcct_earthquakes_th0_1/20250127T012955Z_20250127T013055Z/FIA0_outputs/X_prediction_results.csv
FIA1/HE.FIA1..HHZ__20250127T012956Z__20250127T013056Z.mseed,HE,FIA1,0,0,0,0,2025-01-27 01:30:01.110000,0.914,2025-01-27 01:30:11.720000,0.736,2025-01-27 01:29:56.000000,2025-01-27 01:30:56.000000,eqcct_earthquakes_th0_1/20250127T012956Z_20250127T013056Z/FIA1_outputs/X_prediction_results.csv
VUOS/HE.VUOS..HHN__20250127T012959Z__20250127T013059Z.mseed,HE,VUOS,0,0,0,0,2025-01-27 01:30:03.892000,0.905,,,2025-01-27 01:29:59.000000,2025-01-27 01:30:59.000000,eqcct_earthquakes_th0_1/20250127T012959Z_20250127T013059Z/VUOS_outputs/X_prediction_results.csv
LAUT/HE.LAUT..HHZ__20250127T013002Z__20250127T013102Z.mseed,HE,LAUT,0,0,0,0,2025-01-27 01:30:07.264000,0.701,2025-01-27 01:30:28.074000,0.502,2025-01-27 01:30:02.000000,2025-01-27 01:31:02.000000,eqcct_earthquakes_th0_1/20250127T013002Z_20250127T013102Z/LAUT_outputs/X_prediction_results.csv
MEF/HE.MEF..HHE__20250127T013005Z__20250127T013105Z.mseed,HE,MEF,0,0,0,0,2025-01-27 01:30:09.540000,0.395,2025-01-27 01:30:27.910000,0.519,2025-01-27 01:30:05.000000,2025-01-27 01:31:05.000000,eqcct_earthquakes_th0_1/20250127T013005Z_20250127T013105Z/MEF_outputs/X_prediction_results.csv
KAF/HE.KAF..HHZ__20250127T013006Z__20250127T013106Z.mseed,HE,KAF,0,0,0,0,2025-01-27 01:30:11.600000,0.281,,,2025-01-27 01:30:06.000000,2025-01-27 01:31:06.000000,eqcct_earthquakes_th0_1/20250127T013006Z_20250127T013106Z/KAF_outputs/X_prediction_results.csv
KEF/HE.KEF..HHZ__20250127T013012Z__20250127T013112Z.mseed,HE,KEF,0,0,0,0,2025-01-27 01:30:17.080000,0.852,2025-01-27 01:30:40.480000,0.37,2025-01-27 01:30:12.000000,2025-01-27 01:31:12.000000,eqcct_earthquakes_th0_1/20250127T013012Z_20250127T013112Z/KEF_outputs/X_prediction_results.csv
KUNI/HE.KUNI..HHE__20250127T013014Z__20250127T013114Z.mseed,HE,KUNI,0,0,0,0,2025-01-27 01:30:18.492000,0.619,2025-01-27 01:30:25.902000,0.808,2025-01-27 01:30:14.000000,2025-01-27 01:31:14.000000,eqcct_earthquakes_th0_1/20250127T013014Z_20250127T013114Z/KUNI_outputs/X_prediction_results.csv
RSUO/HE.RSUO..HHZ__20250127T013015Z__20250127T013115Z.mseed,HE,RSUO,0,0,0,0,2025-01-27 01:30:20.616000,0.253,2025-01-27 01:30:26.796000,0.589,2025-01-27 01:30:15.000000,2025-01-27 01:31:15.000000,eqcct_earthquakes_th0_1/20250127T013015Z_20250127T013115Z/RSUO_outputs/X_prediction_results.csv
SUF/HE.SUF..HHN__20250127T013016Z__20250127T013116Z.mseed,HE,SUF,0,0,0,0,2025-01-27 01:30:21.818000,0.242,,,2025-01-27 01:30:16.000000,2025-01-27 01:31:16.000000,eqcct_earthquakes_th0_1/20250127T013016Z_20250127T013116Z/SUF_outputs/X_prediction_results.csv
KLF/FN.KLF..HHZ__20250127T191800Z__20250127T191900Z.mseed,FN,KLF,0,0,0,0,2025-01-27 19:18:05.200000,0.418,2025-01-27 19:18:16.150000,0.474,2025-01-27 19:18:00.000000,2025-01-27 19:19:00.000000,eqcct_earthquakes_th0_1/20250127T191800Z_20250127T191900Z/KLF_outputs/X_prediction_results.csv
TOF/HE.TOF..HHZ__20250127T191804Z__20250127T191904Z.mseed,HE,TOF,0,0,0,0,2025-01-27 19:18:08.160000,0.341,2025-01-27 19:18:21.520000,0.439,2025-01-27 19:18:04.000000,2025-01-27 19:19:04.000000,eqcct_earthquakes_th0_1/20250127T191804Z_20250127T191904Z/TOF_outputs/X_prediction_results.csv
RNF/FN.RNF..HHE__20250127T191811Z__20250127T191911Z.mseed,FN,RNF,0,0,0,0,2025-01-27 19:18:16.320000,0.778,2025-01-27 19:18:35.510000,0.449,2025-01-27 19:18:11.000000,2025-01-27 19:19:11.000000,eqcct_earthquakes_th0_1/20250127T191811Z_20250127T191911Z/RNF_outputs/X_prediction_results.csv
RANF/FN.RANF..HHZ__20250127T191818Z__20250127T191918Z.mseed,FN,RANF,0,0,0,0,2025-01-27 19:18:23.300000,0.583,,,2025-01-27 19:18:18.000000,2025-01-27 19:19:18.000000,eqcct_earthquakes_th0_1/20250127T191818Z_20250127T191918Z/RANF_outputs/X_prediction_results.csv
HEF/HE.HEF..HHN__20250127T191839Z__20250127T191939Z.mseed,HE,HEF,0,0,0,0,2025-01-27 19:18:43.240000,0.271,,,2025-01-27 19:18:39.000000,2025-01-27 19:19:39.000000,eqcct_earthquakes_th0_1/20250127T191839Z_20250127T191939Z/HEF_outputs/X_prediction_results.csv
OBF3/HE.OBF3..HHZ__20250127T191848Z__20250127T191948Z.mseed,HE,OBF3,0,0,0,0,2025-01-27 19:18:52.100000,0.152,,,2025-01-27 19:18:48.000000,2025-01-27 19:19:48.000000,eqcct_earthquakes_th0_1/20250127T191848Z_20250127T191948Z/OBF3_outputs/X_prediction_results.csv
HEF/HE.HEF..HHZ__20250127T221851Z__20250127T221951Z.mseed,HE,HEF,0,0,0,0,2025-01-27 22:18:56.690000,0.854,2025-01-27 22:19:04.380000,0.587,2025-01-27 22:18:51.000000,2025-01-27 22:19:51.000000,eqcct_earthquakes_th0_1/20250127T221851Z_20250127T221951Z/HEF_outputs/X_prediction_results.csv
KIF/HE.KIF..HHN__20250127T221858Z__20250127T221958Z.mseed,HE,KIF,0,0,0,0,2025-01-27 22:19:03.190000,0.886,2025-01-27 22:19:15.140000,0.759,2025-01-27 22:18:58.000000,2025-01-27 22:19:58.000000,eqcct_earthquakes_th0_1/20250127T221858Z_20250127T221958Z/KIF_outputs/X_prediction_results.csv
KMNF/FN.KMNF..HHN__20250127T221904Z__20250127T222004Z.mseed,FN,KMNF,0,0,0,0,2025-01-27 22:19:09.100000,0.887,2025-01-27 22:19:25.250000,0.325,2025-01-27 22:19:04.000000,2025-01-27 22:20:04.000000,eqcct_earthquakes_th0_1/20250127T221904Z_20250127T222004Z/KMNF_outputs/X_prediction_results.csv
KEV/HE.KEV..HHE__20250127T221907Z__20250127T222007Z.mseed,HE,KEV,0,0,0,0,2025-01-27 22:19:12.180000,0.901,2025-01-27 22:19:30.900000,0.557,2025-01-27 22:19:07.000000,2025-01-27 22:20:07.000000,eqcct_earthquakes_th0_1/20250127T221907Z_20250127T222007Z/KEV_outputs/X_prediction_results.csv
KLF/FN.KLF..HHE__20250127T221911Z__20250127T222011Z.mseed,FN,KLF,0,0,0,0,2025-01-27 22:19:16.900000,0.838,2025-01-27 22:19:39.760000,0.372,2025-01-27 22:19:11.000000,2025-01-27 22:20:11.000000,eqcct_earthquakes_th0_1/20250127T221911Z_20250127T222011Z/KLF_outputs/X_prediction_results.csv
RAJF/FN.RAJF..HHE__20250127T221912Z__20250127T222012Z.mseed,FN,RAJF,0,0,0,0,2025-01-27 22:19:18.650000,0.363,2025-01-27 22:19:40.910000,0.397,2025-01-27 22:19:12.000000,2025-01-27 22:20:12.000000,eqcct_earthquakes_th0_1/20250127T221912Z_20250127T222012Z/RAJF_outputs/X_prediction_results.csv
SGF/FN.SGF..HHN__20250127T221938Z__20250127T222038Z.mseed,FN,SGF,0,0,0,0,2025-01-27 22:19:41.680000,0.356,2025-01-27 22:19:43.950000,0.453,2025-01-27 22:19:38.000000,2025-01-27 22:20:38.000000,eqcct_earthquakes_th0_1/20250127T221938Z_20250127T222038Z/SGF_outputs/X_prediction_results.csv
VAF/HE.VAF..HHE__20250129T060327Z__20250129T060427Z.mseed,HE,VAF,0,0,0,0,2025-01-29 06:03:33.410000,0.534,2025-01-29 06:03:49.750000,0.32,2025-01-29 06:03:27.000000,2025-01-29 06:04:27.000000,eqcct_earthquakes_th0_1/20250129T060327Z_20250129T060427Z/VAF_outputs/X_prediction_results.csv
ALAJF/HE.ALAJF..HHZ__20250129T060355Z__20250129T060455Z.mseed,HE,ALAJF,0,0,0,0,2025-01-29 06:03:59.046000,0.294,2025-01-29 06:04:01.096000,0.752,2025-01-29 06:03:55.000000,2025-01-29 06:04:55.000000,eqcct_earthquakes_th0_1/20250129T060355Z_20250129T060455Z/ALAJF_outputs/X_prediction_results.csv
MSF/FN.MSF..HHN__20250130T030156Z__20250130T030256Z.mseed,FN,MSF,0,0,0,0,2025-01-30 03:02:01.900000,0.952,2025-01-30 03:02:06.020000,0.827,2025-01-30 03:01:56.000000,2025-01-30 03:02:56.000000,eqcct_earthquakes_th0_1/20250130T030156Z_20250130T030256Z/MSF_outputs/X_prediction_results.csv
SGF/FN.SGF..HHN__20250131T023148Z__20250131T023248Z.mseed,FN,SGF,0,0,0,0,2025-01-31 02:31:53.910000,0.945,2025-01-31 02:32:01.120000,0.715,2025-01-31 02:31:48.000000,2025-01-31 02:32:48.000000,eqcct_earthquakes_th0_1/20250131T023148Z_20250131T023248Z/SGF_outputs/X_prediction_results.csv
VRF/HE.VRF..HHE__20250131T023150Z__20250131T023250Z.mseed,HE,VRF,0,0,0,0,2025-01-31 02:31:55.240000,0.953,2025-01-31 02:32:03.660000,0.68,2025-01-31 02:31:50.000000,2025-01-31 02:32:50.000000,eqcct_earthquakes_th0_1/20250131T023150Z_20250131T023250Z/VRF_outputs/X_prediction_results.csv
RAJF/FN.RAJF..HHN__20250131T023155Z__20250131T023255Z.mseed,FN,RAJF,0,0,0,0,2025-01-31 02:32:00.360000,0.791,2025-01-31 02:32:11.900000,0.831,2025-01-31 02:31:55.000000,2025-01-31 02:32:55.000000,eqcct_earthquakes_th0_1/20250131T023155Z_20250131T023255Z/RAJF_outputs/X_prediction_results.csv
RNF/FN.RNF..HHN__20250131T023200Z__20250131T023300Z.mseed,FN,RNF,0,0,0,0,2025-01-31 02:32:05.420000,0.929,2025-01-31 02:32:20.930000,0.182,2025-01-31 02:32:00.000000,2025-01-31 02:33:00.000000,eqcct_earthquakes_th0_1/20250131T023200Z_20250131T023300Z/RNF_outputs/X_prediction_results.csv
OLKF/FN.OLKF..HHE__20250131T023202Z__20250131T023302Z.mseed,FN,OLKF,0,0,0,0,2025-01-31 02:32:07.950000,0.924,2025-01-31 02:32:25.240000,0.641,2025-01-31 02:32:02.000000,2025-01-31 02:33:02.000000,eqcct_earthquakes_th0_1/20250131T023202Z_20250131T023302Z/OLKF_outputs/X_prediction_results.csv
KLF/FN.KLF..HHE__20250131T023206Z__20250131T023306Z.mseed,FN,KLF,0,0,0,0,2025-01-31 02:32:11.800000,0.928,2025-01-31 02:32:32.710000,0.244,2025-01-31 02:32:06.000000,2025-01-31 02:33:06.000000,eqcct_earthquakes_th0_1/20250131T023206Z_20250131T023306Z/KLF_outputs/X_prediction_results.csv
RANF/FN.RANF..HHE__20250131T023207Z__20250131T023307Z.mseed,FN,RANF,0,0,0,0,2025-01-31 02:32:12.450000,0.902,2025-01-31 02:32:32.620000,0.533,2025-01-31 02:32:07.000000,2025-01-31 02:33:07.000000,eqcct_earthquakes_th0_1/20250131T023207Z_20250131T023307Z/RANF_outputs/X_prediction_results.csv
KMNF/FN.KMNF..HHN__20250131T023207Z__20250131T023307Z.mseed,FN,KMNF,0,0,0,0,2025-01-31 02:32:12.850000,0.911,2025-01-31 02:32:33.640000,0.292,2025-01-31 02:32:07.000000,2025-01-31 02:33:07.000000,eqcct_earthquakes_th0_1/20250131T023207Z_20250131T023307Z/KMNF_outputs/X_prediction_results.csv
MSF/FN.MSF..HHE__20250131T023208Z__20250131T023308Z.mseed,FN,MSF,0,0,0,0,2025-01-31 02:32:13.939999,0.727,2025-01-31 02:32:35.059999,0.481,2025-01-31 02:32:08.000000,2025-01-31 02:33:08.000000,eqcct_earthquakes_th0_1/20250131T023208Z_20250131T023308Z/MSF_outputs/X_prediction_results.csv
KU6/HE.KU6..HHE__20250131T023209Z__20250131T023309Z.mseed,HE,KU6,0,0,0,0,2025-01-31 02:32:14.350000,0.873,2025-01-31 02:32:36.010000,0.473,2025-01-31 02:32:09.000000,2025-01-31 02:33:09.000000,eqcct_earthquakes_th0_1/20250131T023209Z_20250131T023309Z/KU6_outputs/X_prediction_results.csv
HEF/HE.HEF..HHZ__20250131T023211Z__20250131T023311Z.mseed,HE,HEF,0,0,0,0,2025-01-31 02:32:16.130000,0.798,2025-01-31 02:32:39.850000,0.606,2025-01-31 02:32:11.000000,2025-01-31 02:33:11.000000,eqcct_earthquakes_th0_1/20250131T023211Z_20250131T023311Z/HEF_outputs/X_prediction_results.csv
TOF/HE.TOF..HHZ__20250131T023215Z__20250131T023315Z.mseed,HE,TOF,0,0,0,0,2025-01-31 02:32:19.720000,0.923,2025-01-31 02:32:46.440000,0.132,2025-01-31 02:32:15.000000,2025-01-31 02:33:15.000000,eqcct_earthquakes_th0_1/20250131T023215Z_20250131T023315Z/TOF_outputs/X_prediction_results.csv
KEV/HE.KEV..HHN__20250131T023216Z__20250131T023316Z.mseed,HE,KEV,0,0,0,0,2025-01-31 02:32:21.570000,0.64,2025-01-31 02:32:50.930000,0.372,2025-01-31 02:32:16.000000,2025-01-31 02:33:16.000000,eqcct_earthquakes_th0_1/20250131T023216Z_20250131T023316Z/KEV_outputs/X_prediction_results.csv
KPF/HE.KPF..HHE__20250131T071939Z__20250131T072039Z.mseed,HE,KPF,0,0,0,0,2025-01-31 07:19:44.292000,0.89,2025-01-31 07:20:00.642000,0.632,2025-01-31 07:19:39.000000,2025-01-31 07:20:39.000000,eqcct_earthquakes_th0_1/20250131T071939Z_20250131T072039Z/KPF_outputs/X_prediction_results.csv
RAF/HE.RAF..HHZ__20250131T071944Z__20250131T072044Z.mseed,HE,RAF,0,0,0,0,2025-01-31 07:19:49.080000,0.879,2025-01-31 07:20:10.250000,0.457,2025-01-31 07:19:44.000000,2025-01-31 07:20:44.000000,eqcct_earthquakes_th0_1/20250131T071944Z_20250131T072044Z/RAF_outputs/X_prediction_results.csv
VAF/HE.VAF..HHE__20250131T071947Z__20250131T072047Z.mseed,HE,VAF,0,0,0,0,2025-01-31 07:19:51.620000,0.809,,,2025-01-31 07:19:47.000000,2025-01-31 07:20:47.000000,eqcct_earthquakes_th0_1/20250131T071947Z_20250131T072047Z/VAF_outputs/X_prediction_results.csv
AAL/UP.AAL..HHE__20250131T071950Z__20250131T072050Z.mseed,UP,AAL,0,0,0,0,2025-01-31 07:19:55.610000,0.444,2025-01-31 07:20:21.440000,0.521,2025-01-31 07:19:50.000000,2025-01-31 07:20:50.000000,eqcct_earthquakes_th0_1/20250131T071950Z_20250131T072050Z/AAL_outputs/X_prediction_results.csv
KLF/FN.KLF..HHN__20250131T231318Z__20250131T231418Z.mseed,FN,KLF,0,0,0,0,2025-01-31 23:13:23.930000,0.818,2025-01-31 23:13:26.680000,0.811,2025-01-31 23:13:18.000000,2025-01-31 23:14:18.000000,eqcct_earthquakes_th0_1/20250131T231318Z_20250131T231418Z/KLF_outputs/X_prediction_results.csv
RNF/FN.RNF..HHE__20250131T231331Z__20250131T231431Z.mseed,FN,RNF,0,0,0,0,2025-01-31 23:13:36.410000,0.87,2025-01-31 23:13:49.110000,0.587,2025-01-31 23:13:31.000000,2025-01-31 23:14:31.000000,eqcct_earthquakes_th0_1/20250131T231331Z_20250131T231431Z/RNF_outputs/X_prediction_results.csv
SGF/FN.SGF..HHE__20250131T231334Z__20250131T231434Z.mseed,FN,SGF,0,0,0,0,2025-01-31 23:13:38.260000,0.586,2025-01-31 23:13:41.150000,0.142,2025-01-31 23:13:34.000000,2025-01-31 23:14:34.000000,eqcct_earthquakes_th0_1/20250131T231334Z_20250131T231434Z/SGF_outputs/X_prediction_results.csv
HEF/HE.HEF..HHN__20250131T231357Z__20250131T231457Z.mseed,HE,HEF,0,0,0,0,2025-01-31 23:14:01.360000,0.834,,,2025-01-31 23:13:57.000000,2025-01-31 23:14:57.000000,eqcct_earthquakes_th0_1/20250131T231357Z_20250131T231457Z/HEF_outputs/X_prediction_results.csv
RANF/FN.RANF..HHN__20250131T231401Z__20250131T231501Z.mseed,FN,RANF,0,0,0,0,2025-01-31 23:14:03.380000,0.578,2025-01-31 23:14:07.610000,0.222,2025-01-31 23:14:01.000000,2025-01-31 23:15:01.000000,eqcct_earthquakes_th0_1/20250131T231401Z_20250131T231501Z/RANF_outputs/X_prediction_results.csv
RAJF/FN.RAJF..HHN__20250131T231420Z__20250131T231520Z.mseed,FN,RAJF,0,0,0,0,2025-01-31 23:14:24.920000,0.429,,,2025-01-31 23:14:20.000000,2025-01-31 23:15:20.000000,eqcct_earthquakes_th0_1/20250131T231420Z_20250131T231520Z/RAJF_outputs/X_prediction_results.csv
KU6/HE.KU6..HHZ__20250201T193612Z__20250201T193712Z.mseed,HE,KU6,0,0,0,0,2025-02-01 19:36:17.000000,0.961,2025-02-01 19:36:21.440000,0.832,2025-02-01 19:36:12.000000,2025-02-01 19:37:12.000000,eqcct_earthquakes_th0_1/20250201T193612Z_20250201T193712Z/KU6_outputs/X_prediction_results.csv
MSF/FN.MSF..HHE__20250201T193614Z__20250201T193714Z.mseed,FN,MSF,0,0,0,0,2025-02-01 19:36:19.970000,0.956,2025-02-01 19:36:26.530000,0.858,2025-02-01 19:36:14.000000,2025-02-01 19:37:14.000000,eqcct_earthquakes_th0_1/20250201T193614Z_20250201T193714Z/MSF_outputs/X_prediction_results.csv
OLKF/FN.OLKF..HHN__20250201T193617Z__20250201T193717Z.mseed,FN,OLKF,0,0,0,0,2025-02-01 19:36:22.700000,0.945,2025-02-01 19:36:31.220000,0.815,2025-02-01 19:36:17.000000,2025-02-01 19:37:17.000000,eqcct_earthquakes_th0_1/20250201T193617Z_20250201T193717Z/OLKF_outputs/X_prediction_results.csv
RANF/FN.RANF..HHZ__20250201T193630Z__20250201T193730Z.mseed,FN,RANF,0,0,0,0,2025-02-01 19:36:35.700000,0.818,,,2025-02-01 19:36:30.000000,2025-02-01 19:37:30.000000,eqcct_earthquakes_th0_1/20250201T193630Z_20250201T193730Z/RANF_outputs/X_prediction_results.csv
KIF/HE.KIF..HHE__20250202T002541Z__20250202T002641Z.mseed,HE,KIF,0,0,0,0,2025-02-02 00:25:46.990000,0.81,2025-02-02 00:25:54.850000,0.81,2025-02-02 00:25:41.000000,2025-02-02 00:26:41.000000,eqcct_earthquakes_th0_1/20250202T002541Z_20250202T002641Z/KIF_outputs/X_prediction_results.csv
HEF/HE.HEF..HHN__20250202T002603Z__20250202T002703Z.mseed,HE,HEF,0,0,0,0,2025-02-02 00:26:07.290000,0.247,,,2025-02-02 00:26:03.000000,2025-02-02 00:27:03.000000,eqcct_earthquakes_th0_1/20250202T002603Z_20250202T002703Z/HEF_outputs/X_prediction_results.csv
VRF/HE.VRF..HHE__20250202T003320Z__20250202T003420Z.mseed,HE,VRF,0,0,0,0,2025-02-02 00:33:25.170000,0.826,2025-02-02 00:33:46.180000,0.777,2025-02-02 00:33:20.000000,2025-02-02 00:34:20.000000,eqcct_earthquakes_th0_1/20250202T003320Z_20250202T003420Z/VRF_outputs/X_prediction_results.csv
RAJF/FN.RAJF..HHN__20250202T003328Z__20250202T003428Z.mseed,FN,RAJF,0,0,0,0,2025-02-02 00:33:32.400000,0.633,2025-02-02 00:33:35.920000,0.103,2025-02-02 00:33:28.000000,2025-02-02 00:34:28.000000,eqcct_earthquakes_th0_1/20250202T003328Z_20250202T003428Z/RAJF_outputs/X_prediction_results.csv
OLKF/FN.OLKF..HHZ__20250202T003330Z__20250202T003430Z.mseed,FN,OLKF,0,0,0,0,2025-02-02 00:33:35.850000,0.812,2025-02-02 00:34:08.460000,0.775,2025-02-02 00:33:30.000000,2025-02-02 00:34:30.000000,eqcct_earthquakes_th0_1/20250202T003330Z_20250202T003430Z/OLKF_outputs/X_prediction_results.csv
KU6/HE.KU6..HHE__20250202T003332Z__20250202T003432Z.mseed,HE,KU6,0,0,0,0,2025-02-02 00:33:37.040000,0.666,2025-02-02 00:33:43.410000,0.406,2025-02-02 00:33:32.000000,2025-02-02 00:34:32.000000,eqcct_earthquakes_th0_1/20250202T003332Z_20250202T003432Z/KU6_outputs/X_prediction_results.csv
KMNF/FN.KMNF..HHZ__20250202T003337Z__20250202T003437Z.mseed,FN,KMNF,0,0,0,0,2025-02-02 00:33:42.000000,0.915,,,2025-02-02 00:33:37.000000,2025-02-02 00:34:37.000000,eqcct_earthquakes_th0_1/20250202T003337Z_20250202T003437Z/KMNF_outputs/X_prediction_results.csv
MSF/FN.MSF..HHN__20250202T003337Z__20250202T003437Z.mseed,FN,MSF,0,0,0,0,2025-02-02 00:33:41.180000,0.641,,,2025-02-02 00:33:37.000000,2025-02-02 00:34:37.000000,eqcct_earthquakes_th0_1/20250202T003337Z_20250202T003437Z/MSF_outputs/X_prediction_results.csv
SGF/FN.SGF..HHE__20250202T003338Z__20250202T003438Z.mseed,FN,SGF,0,0,0,0,2025-02-02 00:33:42.110000,0.563,2025-02-02 00:34:24.020000,0.26,2025-02-02 00:33:38.000000,2025-02-02 00:34:38.000000,eqcct_earthquakes_th0_1/20250202T003338Z_20250202T003438Z/SGF_outputs/X_prediction_results.csv
KEV/HE.KEV..HHE__20250202T003341Z__20250202T003441Z.mseed,HE,KEV,0,0,0,0,2025-02-02 00:33:46.090000,0.842,,,2025-02-02 00:33:41.000000,2025-02-02 00:34:41.000000,eqcct_earthquakes_th0_1/20250202T003341Z_20250202T003441Z/KEV_outputs/X_prediction_results.csv
KLF/FN.KLF..HHN__20250208T051937Z__20250208T052037Z.mseed,FN,KLF,0,0,0,0,2025-02-08 05:19:41.820000,0.133,,,2025-02-08 05:19:37.000000,2025-02-08 05:20:37.000000,eqcct_earthquakes_th0_1/20250208T051937Z_20250208T052037Z/KLF_outputs/X_prediction_results.csv
TOF/HE.TOF..HHE__20250208T051940Z__20250208T052040Z.mseed,HE,TOF,0,0,0,0,2025-02-08 05:19:44.740000,0.499,2025-02-08 05:19:47.000000,0.255,2025-02-08 05:19:40.000000,2025-02-08 05:20:40.000000,eqcct_earthquakes_th0_1/20250208T051940Z_20250208T052040Z/TOF_outputs/X_prediction_results.csv
VAF/HE.VAF..HHZ__20250209T074636Z__20250209T074736Z.mseed,HE,VAF,0,0,0,0,2025-02-09 07:46:40.910000,0.57,2025-02-09 07:46:47.370000,0.704,2025-02-09 07:46:36.000000,2025-02-09 07:47:36.000000,eqcct_earthquakes_th0_1/20250209T074636Z_20250209T074736Z/VAF_outputs/X_prediction_results.csv
KPF/HE.KPF..HHE__20250209T074717Z__20250209T074817Z.mseed,HE,KPF,0,0,0,0,2025-02-09 07:47:21.460000,0.478,,,2025-02-09 07:47:17.000000,2025-02-09 07:48:17.000000,eqcct_earthquakes_th0_1/20250209T074717Z_20250209T074817Z/KPF_outputs/X_prediction_results.csv
RAF/HE.RAF..HHZ__20250209T074729Z__20250209T074829Z.mseed,HE,RAF,0,0,0,0,2025-02-09 07:47:33.690000,0.4,,,2025-02-09 07:47:29.000000,2025-02-09 07:48:29.000000,eqcct_earthquakes_th0_1/20250209T074729Z_20250209T074829Z/RAF_outputs/X_prediction_results.csv
VJF/HE.VJF..HHZ__20250215T085547Z__20250215T085647Z.mseed,HE,VJF,0,0,0,0,2025-02-15 08:55:52.256000,0.946,2025-02-15 08:55:56.456000,0.884,2025-02-15 08:55:47.000000,2025-02-15 08:56:47.000000,eqcct_earthquakes_th0_1/20250215T085547Z_20250215T085647Z/VJF_outputs/X_prediction_results.csv
VUOS/HE.VUOS..HHE__20250215T085558Z__20250215T085658Z.mseed,HE,VUOS,0,0,0,0,2025-02-15 08:56:03.628000,0.914,2025-02-15 08:56:15.818000,0.637,2025-02-15 08:55:58.000000,2025-02-15 08:56:58.000000,eqcct_earthquakes_th0_1/20250215T085558Z_20250215T085658Z/VUOS_outputs/X_prediction_results.csv
RSUO/HE.RSUO..HHZ__20250215T085600Z__20250215T085700Z.mseed,HE,RSUO,0,0,0,0,2025-02-15 08:56:05.804000,0.76,,,2025-02-15 08:56:00.000000,2025-02-15 08:57:00.000000,eqcct_earthquakes_th0_1/20250215T085600Z_20250215T085700Z/RSUO_outputs/X_prediction_results.csv
KUNI/HE.KUNI..HHN__20250215T085600Z__20250215T085700Z.mseed,HE,KUNI,0,0,0,0,2025-02-15 08:56:05.528000,0.841,2025-02-15 08:56:19.118000,0.351,2025-02-15 08:56:00.000000,2025-02-15 08:57:00.000000,eqcct_earthquakes_th0_1/20250215T085600Z_20250215T085700Z/KUNI_outputs/X_prediction_results.csv
LAUT/HE.LAUT..HHE__20250215T085601Z__20250215T085701Z.mseed,HE,LAUT,0,0,0,0,2025-02-15 08:56:06.296000,0.902,2025-02-15 08:56:20.446000,0.367,2025-02-15 08:56:01.000000,2025-02-15 08:57:01.000000,eqcct_earthquakes_th0_1/20250215T085601Z_20250215T085701Z/LAUT_outputs/X_prediction_results.csv
HEL1/HE.HEL1..HHZ__20250215T085601Z__20250215T085701Z.mseed,HE,HEL1,0,0,0,0,2025-02-15 08:56:06.002000,0.709,2025-02-15 08:56:20.092000,0.616,2025-02-15 08:56:01.000000,2025-02-15 08:57:01.000000,eqcct_earthquakes_th0_1/20250215T085601Z_20250215T085701Z/HEL1_outputs/X_prediction_results.csv
HEL5/HE.HEL5..HHE__20250215T085602Z__20250215T085702Z.mseed,HE,HEL5,0,0,0,0,2025-02-15 08:56:07.620000,0.855,2025-02-15 08:56:22.540000,0.149,2025-02-15 08:56:02.000000,2025-02-15 08:57:02.000000,eqcct_earthquakes_th0_1/20250215T085602Z_20250215T085702Z/HEL5_outputs/X_prediction_results.csv
FIA1/HE.FIA1..HHZ__20250215T085602Z__20250215T085702Z.mseed,HE,FIA1,0,0,0,0,2025-02-15 08:56:07.060000,0.768,2025-02-15 08:56:22.680000,0.526,2025-02-15 08:56:02.000000,2025-02-15 08:57:02.000000,eqcct_earthquakes_th0_1/20250215T085602Z_20250215T085702Z/FIA1_outputs/X_prediction_results.csv
NUR/HE.NUR..HHZ__20250215T085602Z__20250215T085702Z.mseed,HE,NUR,0,0,0,0,2025-02-15 08:56:07.520000,0.949,2025-02-15 08:56:22.840000,0.473,2025-02-15 08:56:02.000000,2025-02-15 08:57:02.000000,eqcct_earthquakes_th0_1/20250215T085602Z_20250215T085702Z/NUR_outputs/X_prediction_results.csv
FIA0/HE.FIA0..HHN__20250215T085602Z__20250215T085702Z.mseed,HE,FIA0,0,0,0,0,2025-02-15 08:56:07.110000,0.828,2025-02-15 08:56:22.640000,0.489,2025-02-15 08:56:02.000000,2025-02-15 08:57:02.000000,eqcct_earthquakes_th0_1/20250215T085602Z_20250215T085702Z/FIA0_outputs/X_prediction_results.csv
MEF/HE.MEF..HHE__20250215T085605Z__20250215T085705Z.mseed,HE,MEF,0,0,0,0,2025-02-15 08:56:10.010000,0.925,2025-02-15 08:56:27.110000,0.553,2025-02-15 08:56:05.000000,2025-02-15 08:57:05.000000,eqcct_earthquakes_th0_1/20250215T085605Z_20250215T085705Z/MEF_outputs/X_prediction_results.csv
RUF/HE.RUF..HHZ__20250215T085607Z__20250215T085707Z.mseed,HE,RUF,0,0,0,0,2025-02-15 08:56:11.120000,0.914,2025-02-15 08:56:30.180000,0.355,2025-02-15 08:56:07.000000,2025-02-15 08:57:07.000000,eqcct_earthquakes_th0_1/20250215T085607Z_20250215T085707Z/RUF_outputs/X_prediction_results.csv
KAF/HE.KAF..HHE__20250215T085612Z__20250215T085712Z.mseed,HE,KAF,0,0,0,0,2025-02-15 08:56:17.650000,0.812,2025-02-15 08:56:42.200000,0.14,2025-02-15 08:56:12.000000,2025-02-15 08:57:12.000000,eqcct_earthquakes_th0_1/20250215T085612Z_20250215T085712Z/KAF_outputs/X_prediction_results.csv
TVF/HE.TVF..HHE__20250215T085616Z__20250215T085716Z.mseed,HE,TVF,0,0,0,0,2025-02-15 08:56:21.716000,0.723,2025-02-15 08:56:46.576000,0.297,2025-02-15 08:56:16.000000,2025-02-15 08:57:16.000000,eqcct_earthquakes_th0_1/20250215T085616Z_20250215T085716Z/TVF_outputs/X_prediction_results.csv
KEF/HE.KEF..HHN__20250215T085617Z__20250215T085717Z.mseed,HE,KEF,0,0,0,0,2025-02-15 08:56:21.730000,0.504,2025-02-15 08:56:51.190000,0.325,2025-02-15 08:56:17.000000,2025-02-15 08:57:17.000000,eqcct_earthquakes_th0_1/20250215T085617Z_20250215T085717Z/KEF_outputs/X_prediction_results.csv
VJF/HE.VJF..HHZ__20250215T085723Z__20250215T085823Z.mseed,HE,VJF,0,0,0,0,2025-02-15 08:57:28.644000,0.871,2025-02-15 08:57:32.754000,0.827,2025-02-15 08:57:23.000000,2025-02-15 08:58:23.000000,eqcct_earthquakes_th0_1/20250215T085723Z_20250215T085823Z/VJF_outputs/X_prediction_results.csv
MEF/HE.MEF..HHN__20250215T085741Z__20250215T085841Z.mseed,HE,MEF,0,0,0,0,2025-02-15 08:57:45.100000,0.598,,,2025-02-15 08:57:41.000000,2025-02-15 08:58:41.000000,eqcct_earthquakes_th0_1/20250215T085741Z_20250215T085841Z/MEF_outputs/X_prediction_results.csv
VUOS/HE.VUOS..HHE__20250215T085746Z__20250215T085846Z.mseed,HE,VUOS,0,0,0,0,2025-02-15 08:57:51.006000,0.473,,,2025-02-15 08:57:46.000000,2025-02-15 08:58:46.000000,eqcct_earthquakes_th0_1/20250215T085746Z_20250215T085846Z/VUOS_outputs/X_prediction_results.csv
KUNI/HE.KUNI..HHN__20250215T085750Z__20250215T085850Z.mseed,HE,KUNI,0,0,0,0,2025-02-15 08:57:54.264000,0.115,,,2025-02-15 08:57:50.000000,2025-02-15 08:58:50.000000,eqcct_earthquakes_th0_1/20250215T085750Z_20250215T085850Z/KUNI_outputs/X_prediction_results.csv
FIA0/HE.FIA0..HHZ__20250215T085753Z__20250215T085853Z.mseed,HE,FIA0,0,0,0,0,2025-02-15 08:57:58.780000,0.828,2025-02-15 08:58:03.480000,0.613,2025-02-15 08:57:53.000000,2025-02-15 08:58:53.000000,eqcct_earthquakes_th0_1/20250215T085753Z_20250215T085853Z/FIA0_outputs/X_prediction_results.csv
FIA1/HE.FIA1..HHE__20250215T085753Z__20250215T085853Z.mseed,HE,FIA1,0,0,0,0,2025-02-15 08:57:58.780000,0.466,2025-02-15 08:58:03.600000,0.599,2025-02-15 08:57:53.000000,2025-02-15 08:58:53.000000,eqcct_earthquakes_th0_1/20250215T085753Z_20250215T085853Z/FIA1_outputs/X_prediction_results.csv
RUF/HE.RUF..HHE__20250215T085801Z__20250215T085901Z.mseed,HE,RUF,0,0,0,0,2025-02-15 08:58:06.384000,0.369,2025-02-15 08:58:09.294000,0.493,2025-02-15 08:58:01.000000,2025-02-15 08:59:01.000000,eqcct_earthquakes_th0_1/20250215T085801Z_20250215T085901Z/RUF_outputs/X_prediction_results.csv
KEF/HE.KEF..HHE__20250215T085821Z__20250215T085921Z.mseed,HE,KEF,0,0,0,0,2025-02-15 08:58:30.880000,0.458,2025-02-15 08:58:33.670000,0.381,2025-02-15 08:58:21.000000,2025-02-15 08:59:21.000000,eqcct_earthquakes_th0_1/20250215T085821Z_20250215T085921Z/KEF_outputs/X_prediction_results.csv
AAL/UP.AAL..HHZ__20250215T204007Z__20250215T204107Z.mseed,UP,AAL,0,0,0,0,2025-02-15 20:40:12.620000,0.848,2025-02-15 20:40:36.930000,0.478,2025-02-15 20:40:07.000000,2025-02-15 20:41:07.000000,eqcct_earthquakes_th0_1/20250215T204007Z_20250215T204107Z/AAL_outputs/X_prediction_results.csv
KU6/HE.KU6..HHN__20250215T210112Z__20250215T210212Z.mseed,HE,KU6,0,0,0,0,2025-02-15 21:01:17.990000,0.855,2025-02-15 21:01:22.420000,0.862,2025-02-15 21:01:12.000000,2025-02-15 21:02:12.000000,eqcct_earthquakes_th0_1/20250215T210112Z_20250215T210212Z/KU6_outputs/X_prediction_results.csv
MSF/FN.MSF..HHE__20250215T210113Z__20250215T210213Z.mseed,FN,MSF,0,0,0,0,2025-02-15 21:01:18.700000,0.949,2025-02-15 21:01:23.620000,0.859,2025-02-15 21:01:13.000000,2025-02-15 21:02:13.000000,eqcct_earthquakes_th0_1/20250215T210113Z_20250215T210213Z/MSF_outputs/X_prediction_results.csv
OLKF/FN.OLKF..HHN__20250215T210118Z__20250215T210218Z.mseed,FN,OLKF,0,0,0,0,2025-02-15 21:01:22.310000,0.503,2025-02-15 21:01:31.500000,0.689,2025-02-15 21:01:18.000000,2025-02-15 21:02:18.000000,eqcct_earthquakes_th0_1/20250215T210118Z_20250215T210218Z/OLKF_outputs/X_prediction_results.csv
AAL/UP.AAL..HHE__20250219T151720Z__20250219T151820Z.mseed,UP,AAL,0,0,0,0,2025-02-19 15:17:25.580000,0.645,2025-02-19 15:17:34.770000,0.186,2025-02-19 15:17:20.000000,2025-02-19 15:18:20.000000,eqcct_earthquakes_th0_1/20250219T151720Z_20250219T151820Z/AAL_outputs/X_prediction_results.csv
RAF/HE.RAF..HHN__20250219T151735Z__20250219T151835Z.mseed,HE,RAF,0,0,0,0,2025-02-19 15:17:39.680000,0.761,,,2025-02-19 15:17:35.000000,2025-02-19 15:18:35.000000,eqcct_earthquakes_th0_1/20250219T151735Z_20250219T151835Z/RAF_outputs/X_prediction_results.csv
TVF/HE.TVF..HHN__20250219T151836Z__20250219T151936Z.mseed,HE,TVF,0,0,0,0,2025-02-19 15:18:40.988000,0.783,2025-02-19 15:19:05.698000,0.667,2025-02-19 15:18:36.000000,2025-02-19 15:19:36.000000,eqcct_earthquakes_th0_1/20250219T151836Z_20250219T151936Z/TVF_outputs/X_prediction_results.csv
RAF/HE.RAF..HHE__20250219T151845Z__20250219T151945Z.mseed,HE,RAF,0,0,0,0,2025-02-19 15:18:50.940000,0.69,2025-02-19 15:18:55.930000,0.655,2025-02-19 15:18:45.000000,2025-02-19 15:19:45.000000,eqcct_earthquakes_th0_1/20250219T151845Z_20250219T151945Z/RAF_outputs/X_prediction_results.csv
MSF/FN.MSF..HHN__20250220T113048Z__20250220T113148Z.mseed,FN,MSF,0,0,0,0,2025-02-20 11:30:53.670000,0.906,2025-02-20 11:30:56.360000,0.883,2025-02-20 11:30:48.000000,2025-02-20 11:31:48.000000,eqcct_earthquakes_th0_1/20250220T113048Z_20250220T113148Z/MSF_outputs/X_prediction_results.csv
KU6/HE.KU6..HHZ__20250220T113052Z__20250220T113152Z.mseed,HE,KU6,0,0,0,0,2025-02-20 11:30:57.210000,0.878,2025-02-20 11:31:02.570000,0.876,2025-02-20 11:30:52.000000,2025-02-20 11:31:52.000000,eqcct_earthquakes_th0_1/20250220T113052Z_20250220T113152Z/KU6_outputs/X_prediction_results.csv
OLKF/FN.OLKF..HHZ__20250220T113054Z__20250220T113154Z.mseed,FN,OLKF,0,0,0,0,2025-02-20 11:30:59.000000,0.934,2025-02-20 11:31:05.440000,0.806,2025-02-20 11:30:54.000000,2025-02-20 11:31:54.000000,eqcct_earthquakes_th0_1/20250220T113054Z_20250220T113154Z/OLKF_outputs/X_prediction_results.csv
RANF/FN.RANF..HHN__20250220T113102Z__20250220T113202Z.mseed,FN,RANF,0,0,0,0,2025-02-20 11:31:07.270000,0.795,2025-02-20 11:31:19.180000,0.546,2025-02-20 11:31:02.000000,2025-02-20 11:32:02.000000,eqcct_earthquakes_th0_1/20250220T113102Z_20250220T113202Z/RANF_outputs/X_prediction_results.csv
RNF/FN.RNF..HHN__20250220T113128Z__20250220T113228Z.mseed,FN,RNF,0,0,0,0,2025-02-20 11:31:32.990000,0.156,,,2025-02-20 11:31:28.000000,2025-02-20 11:32:28.000000,eqcct_earthquakes_th0_1/20250220T113128Z_20250220T113228Z/RNF_outputs/X_prediction_results.csv
MSF/FN.MSF..HHZ__20250220T231950Z__20250220T232050Z.mseed,FN,MSF,0,0,0,0,2025-02-20 23:19:56.070000,0.879,2025-02-20 23:20:00.330000,0.863,2025-02-20 23:19:50.000000,2025-02-20 23:20:50.000000,eqcct_earthquakes_th0_1/20250220T231950Z_20250220T232050Z/MSF_outputs/X_prediction_results.csv
OLKF/FN.OLKF..HHE__20250220T231954Z__20250220T232054Z.mseed,FN,OLKF,0,0,0,0,2025-02-20 23:19:59.300000,0.873,2025-02-20 23:20:06.220000,0.733,2025-02-20 23:19:54.000000,2025-02-20 23:20:54.000000,eqcct_earthquakes_th0_1/20250220T231954Z_20250220T232054Z/OLKF_outputs/X_prediction_results.csv
KU6/HE.KU6..HHE__20250220T231956Z__20250220T232056Z.mseed,HE,KU6,0,0,0,0,2025-02-20 23:20:01.110000,0.781,2025-02-20 23:20:09.080000,0.751,2025-02-20 23:19:56.000000,2025-02-20 23:20:56.000000,eqcct_earthquakes_th0_1/20250220T231956Z_20250220T232056Z/KU6_outputs/X_prediction_results.csv
RANF/FN.RANF..HHN__20250220T231957Z__20250220T232057Z.mseed,FN,RANF,0,0,0,0,2025-02-20 23:20:02.610000,0.757,2025-02-20 23:20:11.240000,0.724,2025-02-20 23:19:57.000000,2025-02-20 23:20:57.000000,eqcct_earthquakes_th0_1/20250220T231957Z_20250220T232057Z/RANF_outputs/X_prediction_results.csv
RNF/FN.RNF..HHN__20250220T232005Z__20250220T232105Z.mseed,FN,RNF,0,0,0,0,2025-02-20 23:20:10.180000,0.862,2025-02-20 23:20:25.670000,0.282,2025-02-20 23:20:05.000000,2025-02-20 23:21:05.000000,eqcct_earthquakes_th0_1/20250220T232005Z_20250220T232105Z/RNF_outputs/X_prediction_results.csv
OUL/FN.OUL..HHZ__20250220T232009Z__20250220T232109Z.mseed,FN,OUL,0,0,0,0,2025-02-20 23:20:15.600000,0.911,2025-02-20 23:20:33.060000,0.571,2025-02-20 23:20:09.000000,2025-02-20 23:21:09.000000,eqcct_earthquakes_th0_1/20250220T232009Z_20250220T232109Z/OUL_outputs/X_prediction_results.csv
SGF/FN.SGF..HHE__20250220T232033Z__20250220T232133Z.mseed,FN,SGF,0,0,0,0,2025-02-20 23:20:37.120000,0.241,2025-02-20 23:20:38.930000,0.148,2025-02-20 23:20:33.000000,2025-02-20 23:21:33.000000,eqcct_earthquakes_th0_1/20250220T232033Z_20250220T232133Z/SGF_outputs/X_prediction_results.csv
TOF/HE.TOF..HHE__20250220T232034Z__20250220T232134Z.mseed,HE,TOF,0,0,0,0,2025-02-20 23:20:38.950000,0.233,,,2025-02-20 23:20:34.000000,2025-02-20 23:21:34.000000,eqcct_earthquakes_th0_1/20250220T232034Z_20250220T232134Z/TOF_outputs/X_prediction_results.csv
VRF/HE.VRF..HHE__20250220T232037Z__20250220T232137Z.mseed,HE,VRF,0,0,0,0,2025-02-20 23:20:41.930000,0.155,,,2025-02-20 23:20:37.000000,2025-02-20 23:21:37.000000,eqcct_earthquakes_th0_1/20250220T232037Z_20250220T232137Z/VRF_outputs/X_prediction_results.csv
HEF/HE.HEF..HHN__20250224T033047Z__20250224T033147Z.mseed,HE,HEF,0,0,0,0,2025-02-24 03:30:52.500000,0.78,2025-02-24 03:30:59.690000,0.713,2025-02-24 03:30:47.000000,2025-02-24 03:31:47.000000,eqcct_earthquakes_th0_1/20250224T033047Z_20250224T033147Z/HEF_outputs/X_prediction_results.csv
KIF/HE.KIF..HHN__20250224T033055Z__20250224T033155Z.mseed,HE,KIF,0,0,0,0,2025-02-24 03:30:59.430000,0.878,2025-02-24 03:31:13.470000,0.205,2025-02-24 03:30:55.000000,2025-02-24 03:31:55.000000,eqcct_earthquakes_th0_1/20250224T033055Z_20250224T033155Z/KIF_outputs/X_prediction_results.csv
KMNF/FN.KMNF..HHZ__20250224T033100Z__20250224T033200Z.mseed,FN,KMNF,0,0,0,0,2025-02-24 03:31:04.500000,0.182,2025-02-24 03:31:22.180000,0.213,2025-02-24 03:31:00.000000,2025-02-24 03:32:00.000000,eqcct_earthquakes_th0_1/20250224T033100Z_20250224T033200Z/KMNF_outputs/X_prediction_results.csv
KEV/HE.KEV..HHE__20250224T033122Z__20250224T033222Z.mseed,HE,KEV,0,0,0,0,2025-02-24 03:31:26.390000,0.592,,,2025-02-24 03:31:22.000000,2025-02-24 03:32:22.000000,eqcct_earthquakes_th0_1/20250224T033122Z_20250224T033222Z/KEV_outputs/X_prediction_results.csv
RAJF/FN.RAJF..HHE__20250224T033129Z__20250224T033229Z.mseed,FN,RAJF,0,0,0,0,2025-02-24 03:31:33.260000,0.511,,,2025-02-24 03:31:29.000000,2025-02-24 03:32:29.000000,eqcct_earthquakes_th0_1/20250224T033129Z_20250224T033229Z/RAJF_outputs/X_prediction_results.csv
KEV/HE.KEV..HHN__20250225T231136Z__20250225T231236Z.mseed,HE,KEV,0,0,0,0,2025-02-25 23:11:41.850000,0.849,2025-02-25 23:11:53.170000,0.506,2025-02-25 23:11:36.000000,2025-02-25 23:12:36.000000,eqcct_earthquakes_th0_1/20250225T231136Z_20250225T231236Z/KEV_outputs/X_prediction_results.csv
KMNF/FN.KMNF..HHZ__20250225T231137Z__20250225T231237Z.mseed,FN,KMNF,0,0,0,0,2025-02-25 23:11:42.200000,0.764,2025-02-25 23:11:54.000000,0.653,2025-02-25 23:11:37.000000,2025-02-25 23:12:37.000000,eqcct_earthquakes_th0_1/20250225T231137Z_20250225T231237Z/KMNF_outputs/X_prediction_results.csv
HEF/HE.HEF..HHZ__20250225T231153Z__20250225T231253Z.mseed,HE,HEF,0,0,0,0,2025-02-25 23:11:58.040000,0.179,,,2025-02-25 23:11:53.000000,2025-02-25 23:12:53.000000,eqcct_earthquakes_th0_1/20250225T231153Z_20250225T231253Z/HEF_outputs/X_prediction_results.csv
KIF/HE.KIF..HHN__20250225T231201Z__20250225T231301Z.mseed,HE,KIF,0,0,0,0,2025-02-25 23:12:05.970000,0.757,,,2025-02-25 23:12:01.000000,2025-02-25 23:13:01.000000,eqcct_earthquakes_th0_1/20250225T231201Z_20250225T231301Z/KIF_outputs/X_prediction_results.csv
RAJF/FN.RAJF..HHE__20250225T231211Z__20250225T231311Z.mseed,FN,RAJF,0,0,0,0,2025-02-25 23:12:15.100000,0.55,2025-02-25 23:12:16.330000,0.279,2025-02-25 23:12:11.000000,2025-02-25 23:13:11.000000,eqcct_earthquakes_th0_1/20250225T231211Z_20250225T231311Z/RAJF_outputs/X_prediction_results.csv
KLF/FN.KLF..HHN__20250225T231224Z__20250225T231324Z.mseed,FN,KLF,0,0,0,0,2025-02-25 23:12:28.880000,0.222,,,2025-02-25 23:12:24.000000,2025-02-25 23:13:24.000000,eqcct_earthquakes_th0_1/20250225T231224Z_20250225T231324Z/KLF_outputs/X_prediction_results.csv
KEV/HE.KEV..HHN__20250227T183836Z__20250227T183936Z.mseed,HE,KEV,0,0,0,0,2025-02-27 18:38:41.920000,0.864,2025-02-27 18:38:46.940000,0.888,2025-02-27 18:38:36.000000,2025-02-27 18:39:36.000000,eqcct_earthquakes_th0_1/20250227T183836Z_20250227T183936Z/KEV_outputs/X_prediction_results.csv
KMNF/FN.KMNF..HHZ__20250227T183845Z__20250227T183945Z.mseed,FN,KMNF,0,0,0,0,2025-02-27 18:38:50.860000,0.83,2025-02-27 18:39:02.460000,0.518,2025-02-27 18:38:45.000000,2025-02-27 18:39:45.000000,eqcct_earthquakes_th0_1/20250227T183845Z_20250227T183945Z/KMNF_outputs/X_prediction_results.csv
RAJF/FN.RAJF..HHN__20250227T183859Z__20250227T183959Z.mseed,FN,RAJF,0,0,0,0,2025-02-27 18:39:04.550000,0.834,2025-02-27 18:39:27.180000,0.388,2025-02-27 18:38:59.000000,2025-02-27 18:39:59.000000,eqcct_earthquakes_th0_1/20250227T183859Z_20250227T183959Z/RAJF_outputs/X_prediction_results.csv
HEF/HE.HEF..HHZ__20250227T183901Z__20250227T184001Z.mseed,HE,HEF,0,0,0,0,2025-02-27 18:39:07.190000,0.422,2025-02-27 18:39:30.550000,0.207,2025-02-27 18:39:01.000000,2025-02-27 18:40:01.000000,eqcct_earthquakes_th0_1/20250227T183901Z_20250227T184001Z/HEF_outputs/X_prediction_results.csv
KIF/HE.KIF..HHE__20250227T183932Z__20250227T184032Z.mseed,HE,KIF,0,0,0,0,2025-02-27 18:39:36.360000,0.114,,,2025-02-27 18:39:32.000000,2025-02-27 18:40:32.000000,eqcct_earthquakes_th0_1/20250227T183932Z_20250227T184032Z/KIF_outputs/X_prediction_results.csv
TOF/HE.TOF..HHN__20250228T003118Z__20250228T003218Z.mseed,HE,TOF,0,0,0,0,2025-02-28 00:31:23.640000,0.711,2025-02-28 00:31:45.230000,0.329,2025-02-28 00:31:18.000000,2025-02-28 00:32:18.000000,eqcct_earthquakes_th0_1/20250228T003118Z_20250228T003218Z/TOF_outputs/X_prediction_results.csv
OBF0/HE.OBF0..HHZ__20250228T003119Z__20250228T003219Z.mseed,HE,OBF0,0,0,0,0,2025-02-28 00:31:24.260000,0.856,2025-02-28 00:31:47.210000,0.302,2025-02-28 00:31:19.000000,2025-02-28 00:32:19.000000,eqcct_earthquakes_th0_1/20250228T003119Z_20250228T003219Z/OBF0_outputs/X_prediction_results.csv
OBF3/HE.OBF3..HHZ__20250228T003120Z__20250228T003220Z.mseed,HE,OBF3,0,0,0,0,2025-02-28 00:31:25.180000,0.884,2025-02-28 00:31:48.690000,0.293,2025-02-28 00:31:20.000000,2025-02-28 00:32:20.000000,eqcct_earthquakes_th0_1/20250228T003120Z_20250228T003220Z/OBF3_outputs/X_prediction_results.csv
OUF/HE.OUF..HHE__20250228T003124Z__20250228T003224Z.mseed,HE,OUF,0,0,0,0,2025-02-28 00:31:28.060000,0.635,,,2025-02-28 00:31:24.000000,2025-02-28 00:32:24.000000,eqcct_earthquakes_th0_1/20250228T003124Z_20250228T003224Z/OUF_outputs/X_prediction_results.csv
OUL/FN.OUL..HHZ__20250228T003125Z__20250228T003225Z.mseed,FN,OUL,0,0,0,0,2025-02-28 00:31:30.680000,0.933,,,2025-02-28 00:31:25.000000,2025-02-28 00:32:25.000000,eqcct_earthquakes_th0_1/20250228T003125Z_20250228T003225Z/OUL_outputs/X_prediction_results.csv
OBF8/HE.OBF8..HHE__20250228T003138Z__20250228T003238Z.mseed,HE,OBF8,0,0,0,0,2025-02-28 00:31:42.452000,0.802,,,2025-02-28 00:31:38.000000,2025-02-28 00:32:38.000000,eqcct_earthquakes_th0_1/20250228T003138Z_20250228T003238Z/OBF8_outputs/X_prediction_results.csv
TOF/HE.TOF..HHZ__20250228T014641Z__20250228T014741Z.mseed,HE,TOF,0,0,0,0,2025-02-28 01:46:46.850000,0.957,2025-02-28 01:46:53.800000,0.488,2025-02-28 01:46:41.000000,2025-02-28 01:47:41.000000,eqcct_earthquakes_th0_1/20250228T014641Z_20250228T014741Z/TOF_outputs/X_prediction_results.csv
OUL/FN.OUL..HHN__20250228T014644Z__20250228T014744Z.mseed,FN,OUL,0,0,0,0,2025-02-28 01:46:49.790000,0.954,2025-02-28 01:46:58.730000,0.838,2025-02-28 01:46:44.000000,2025-02-28 01:47:44.000000,eqcct_earthquakes_th0_1/20250228T014644Z_20250228T014744Z/OUL_outputs/X_prediction_results.csv
OBF3/HE.OBF3..HHN__20250228T014645Z__20250228T014745Z.mseed,HE,OBF3,0,0,0,0,2025-02-28 01:46:50.652000,0.952,2025-02-28 01:47:00.532000,0.867,2025-02-28 01:46:45.000000,2025-02-28 01:47:45.000000,eqcct_earthquakes_th0_1/20250228T014645Z_20250228T014745Z/OBF3_outputs/X_prediction_results.csv
RANF/FN.RANF..HHE__20250228T014649Z__20250228T014749Z.mseed,FN,RANF,0,0,0,0,2025-02-28 01:46:55.000000,0.928,2025-02-28 01:47:07.890000,0.643,2025-02-28 01:46:49.000000,2025-02-28 01:47:49.000000,eqcct_earthquakes_th0_1/20250228T014649Z_20250228T014749Z/RANF_outputs/X_prediction_results.csv
OBF0/HE.OBF0..HHN__20250228T014651Z__20250228T014751Z.mseed,HE,OBF0,0,0,0,0,2025-02-28 01:46:56.516000,0.935,2025-02-28 01:47:10.626000,0.768,2025-02-28 01:46:51.000000,2025-02-28 01:47:51.000000,eqcct_earthquakes_th0_1/20250228T014651Z_20250228T014751Z/OBF0_outputs/X_prediction_results.csv
OUF/HE.OUF..HHE__20250228T014653Z__20250228T014753Z.mseed,HE,OUF,0,0,0,0,2025-02-28 01:46:58.420000,0.801,2025-02-28 01:47:14.580000,0.196,2025-02-28 01:46:53.000000,2025-02-28 01:47:53.000000,eqcct_earthquakes_th0_1/20250228T014653Z_20250228T014753Z/OUF_outputs/X_prediction_results.csv
KLF/FN.KLF..HHZ__20250228T014702Z__20250228T014802Z.mseed,FN,KLF,0,0,0,0,2025-02-28 01:47:07.650000,0.932,2025-02-28 01:47:29.970000,0.462,2025-02-28 01:47:02.000000,2025-02-28 01:48:02.000000,eqcct_earthquakes_th0_1/20250228T014702Z_20250228T014802Z/KLF_outputs/X_prediction_results.csv
MSF/FN.MSF..HHN__20250228T014705Z__20250228T014805Z.mseed,FN,MSF,0,0,0,0,2025-02-28 01:47:10.150000,0.726,2025-02-28 01:47:33.590000,0.378,2025-02-28 01:47:05.000000,2025-02-28 01:48:05.000000,eqcct_earthquakes_th0_1/20250228T014705Z_20250228T014805Z/MSF_outputs/X_prediction_results.csv
SGF/FN.SGF..HHE__20250228T014708Z__20250228T014808Z.mseed,FN,SGF,0,0,0,0,2025-02-28 01:47:13.510000,0.658,2025-02-28 01:47:39.260000,0.332,2025-02-28 01:47:08.000000,2025-02-28 01:48:08.000000,eqcct_earthquakes_th0_1/20250228T014708Z_20250228T014808Z/SGF_outputs/X_prediction_results.csv
OLKF/FN.OLKF..HHE__20250228T014708Z__20250228T014808Z.mseed,FN,OLKF,0,0,0,0,2025-02-28 01:47:12.250000,0.643,2025-02-28 01:47:40.910000,0.589,2025-02-28 01:47:08.000000,2025-02-28 01:48:08.000000,eqcct_earthquakes_th0_1/20250228T014708Z_20250228T014808Z/OLKF_outputs/X_prediction_results.csv
RNF/FN.RNF..HHZ__20250228T014709Z__20250228T014809Z.mseed,FN,RNF,0,0,0,0,2025-02-28 01:47:14.300000,0.201,2025-02-28 01:47:18.160000,0.533,2025-02-28 01:47:09.000000,2025-02-28 01:48:09.000000,eqcct_earthquakes_th0_1/20250228T014709Z_20250228T014809Z/RNF_outputs/X_prediction_results.csv
KU6/HE.KU6..HHN__20250228T014710Z__20250228T014810Z.mseed,HE,KU6,0,0,0,0,2025-02-28 01:47:14.330000,0.573,2025-02-28 01:47:44.600000,0.373,2025-02-28 01:47:10.000000,2025-02-28 01:48:10.000000,eqcct_earthquakes_th0_1/20250228T014710Z_20250228T014810Z/KU6_outputs/X_prediction_results.csv
KIF/HE.KIF..HHN__20250228T090345Z__20250228T090445Z.mseed,HE,KIF,0,0,0,0,2025-02-28 09:03:50.950000,0.941,2025-02-28 09:04:09.300000,0.678,2025-02-28 09:03:45.000000,2025-02-28 09:04:45.000000,eqcct_earthquakes_th0_1/20250228T090345Z_20250228T090445Z/KIF_outputs/X_prediction_results.csv
HEF/HE.HEF..HHZ__20250228T090351Z__20250228T090451Z.mseed,HE,HEF,0,0,0,0,2025-02-28 09:03:56.600000,0.936,2025-02-28 09:04:18.400000,0.708,2025-02-28 09:03:51.000000,2025-02-28 09:04:51.000000,eqcct_earthquakes_th0_1/20250228T090351Z_20250228T090451Z/HEF_outputs/X_prediction_results.csv
KLF/FN.KLF..HHZ__20250228T090352Z__20250228T090452Z.mseed,FN,KLF,0,0,0,0,2025-02-28 09:03:57.950000,0.946,2025-02-28 09:04:21.870000,0.195,2025-02-28 09:03:52.000000,2025-02-28 09:04:52.000000,eqcct_earthquakes_th0_1/20250228T090352Z_20250228T090452Z/KLF_outputs/X_prediction_results.csv
HEF/HE.HEF..HHZ__20250301T012349Z__20250301T012449Z.mseed,HE,HEF,0,0,0,0,2025-03-01 01:23:55.000000,0.948,2025-03-01 01:24:02.260000,0.593,2025-03-01 01:23:49.000000,2025-03-01 01:24:49.000000,eqcct_earthquakes_th0_1/20250301T012349Z_20250301T012449Z/HEF_outputs/X_prediction_results.csv
KLF/FN.KLF..HHE__20250301T012356Z__20250301T012456Z.mseed,FN,KLF,0,0,0,0,2025-03-01 01:24:01.800000,0.843,2025-03-01 01:24:14.260000,0.427,2025-03-01 01:23:56.000000,2025-03-01 01:24:56.000000,eqcct_earthquakes_th0_1/20250301T012356Z_20250301T012456Z/KLF_outputs/X_prediction_results.csv
SGF/FN.SGF..HHZ__20250301T012408Z__20250301T012508Z.mseed,FN,SGF,0,0,0,0,2025-03-01 01:24:13.190000,0.779,2025-03-01 01:24:33.650000,0.32,2025-03-01 01:24:08.000000,2025-03-01 01:25:08.000000,eqcct_earthquakes_th0_1/20250301T012408Z_20250301T012508Z/SGF_outputs/X_prediction_results.csv
KMNF/FN.KMNF..HHZ__20250301T012413Z__20250301T012513Z.mseed,FN,KMNF,0,0,0,0,2025-03-01 01:24:18.950000,0.686,2025-03-01 01:24:44.300000,0.179,2025-03-01 01:24:13.000000,2025-03-01 01:25:13.000000,eqcct_earthquakes_th0_1/20250301T012413Z_20250301T012513Z/KMNF_outputs/X_prediction_results.csv
TOF/HE.TOF..HHN__20250301T012417Z__20250301T012517Z.mseed,HE,TOF,0,0,0,0,2025-03-01 01:24:21.200000,0.752,,,2025-03-01 01:24:17.000000,2025-03-01 01:25:17.000000,eqcct_earthquakes_th0_1/20250301T012417Z_20250301T012517Z/TOF_outputs/X_prediction_results.csv
RAJF/FN.RAJF..HHZ__20250301T012446Z__20250301T012546Z.mseed,FN,RAJF,0,0,0,0,2025-03-01 01:24:50.400000,0.458,,,2025-03-01 01:24:46.000000,2025-03-01 01:25:46.000000,eqcct_earthquakes_th0_1/20250301T012446Z_20250301T012546Z/RAJF_outputs/X_prediction_results.csv
KIF/HE.KIF..HHE__20250301T062641Z__20250301T062741Z.mseed,HE,KIF,0,0,0,0,2025-03-01 06:26:46.270000,0.855,2025-03-01 06:27:05.210000,0.743,2025-03-01 06:26:41.000000,2025-03-01 06:27:41.000000,eqcct_earthquakes_th0_1/20250301T062641Z_20250301T062741Z/KIF_outputs/X_prediction_results.csv
HEF/HE.HEF..HHE__20250301T062657Z__20250301T062757Z.mseed,HE,HEF,0,0,0,0,2025-03-01 06:27:01.690000,0.63,,,2025-03-01 06:26:57.000000,2025-03-01 06:27:57.000000,eqcct_earthquakes_th0_1/20250301T062657Z_20250301T062757Z/HEF_outputs/X_prediction_results.csv
KIF/HE.KIF..HHN__20250304T080323Z__20250304T080423Z.mseed,HE,KIF,0,0,0,0,2025-03-04 08:03:28.690000,0.838,2025-03-04 08:03:41.860000,0.642,2025-03-04 08:03:23.000000,2025-03-04 08:04:23.000000,eqcct_earthquakes_th0_1/20250304T080323Z_20250304T080423Z/KIF_outputs/X_prediction_results.csv
HEF/HE.HEF..HHZ__20250304T080333Z__20250304T080433Z.mseed,HE,HEF,0,0,0,0,2025-03-04 08:03:38.190000,0.837,2025-03-04 08:03:58.250000,0.654,2025-03-04 08:03:33.000000,2025-03-04 08:04:33.000000,eqcct_earthquakes_th0_1/20250304T080333Z_20250304T080433Z/HEF_outputs/X_prediction_results.csv
KLF/FN.KLF..HHN__20250304T080339Z__20250304T080439Z.mseed,FN,KLF,0,0,0,0,2025-03-04 08:03:44.150000,0.821,2025-03-04 08:04:09.360000,0.657,2025-03-04 08:03:39.000000,2025-03-04 08:04:39.000000,eqcct_earthquakes_th0_1/20250304T080339Z_20250304T080439Z/KLF_outputs/X_prediction_results.csv
SGF/FN.SGF..HHZ__20250305T073046Z__20250305T073146Z.mseed,FN,SGF,0,0,0,0,2025-03-05 07:30:51.260000,0.947,2025-03-05 07:30:53.860000,0.915,2025-03-05 07:30:46.000000,2025-03-05 07:31:46.000000,eqcct_earthquakes_th0_1/20250305T073046Z_20250305T073146Z/SGF_outputs/X_prediction_results.csv
VRF/HE.VRF..HHE__20250305T073101Z__20250305T073201Z.mseed,HE,VRF,0,0,0,0,2025-03-05 07:31:06.220000,0.915,2025-03-05 07:31:19.340000,0.452,2025-03-05 07:31:01.000000,2025-03-05 07:32:01.000000,eqcct_earthquakes_th0_1/20250305T073101Z_20250305T073201Z/VRF_outputs/X_prediction_results.csv
RAJF/FN.RAJF..HHE__20250305T073101Z__20250305T073201Z.mseed,FN,RAJF,0,0,0,0,2025-03-05 07:31:06.200000,0.912,2025-03-05 07:31:19.300000,0.725,2025-03-05 07:31:01.000000,2025-03-05 07:32:01.000000,eqcct_earthquakes_th0_1/20250305T073101Z_20250305T073201Z/RAJF_outputs/X_prediction_results.csv
KLF/FN.KLF..HHE__20250305T073103Z__20250305T073203Z.mseed,FN,KLF,0,0,0,0,2025-03-05 07:31:09.000000,0.943,2025-03-05 07:31:24.170000,0.517,2025-03-05 07:31:03.000000,2025-03-05 07:32:03.000000,eqcct_earthquakes_th0_1/20250305T073103Z_20250305T073203Z/KLF_outputs/X_prediction_results.csv
HEF/HE.HEF..HHN__20250305T073109Z__20250305T073209Z.mseed,HE,HEF,0,0,0,0,2025-03-05 07:31:14.200000,0.919,2025-03-05 07:31:33.350000,0.624,2025-03-05 07:31:09.000000,2025-03-05 07:32:09.000000,eqcct_earthquakes_th0_1/20250305T073109Z_20250305T073209Z/HEF_outputs/X_prediction_results.csv
RANF/FN.RANF..HHN__20250305T073110Z__20250305T073210Z.mseed,FN,RANF,0,0,0,0,2025-03-05 07:31:15.260000,0.865,2025-03-05 07:31:35.150000,0.514,2025-03-05 07:31:10.000000,2025-03-05 07:32:10.000000,eqcct_earthquakes_th0_1/20250305T073110Z_20250305T073210Z/RANF_outputs/X_prediction_results.csv
OLKF/FN.OLKF..HHZ__20250305T073110Z__20250305T073210Z.mseed,FN,OLKF,0,0,0,0,2025-03-05 07:31:15.850000,0.872,2025-03-05 07:31:35.720000,0.686,2025-03-05 07:31:10.000000,2025-03-05 07:32:10.000000,eqcct_earthquakes_th0_1/20250305T073110Z_20250305T073210Z/OLKF_outputs/X_prediction_results.csv
KMNF/FN.KMNF..HHN__20250305T073110Z__20250305T073210Z.mseed,FN,KMNF,0,0,0,0,2025-03-05 07:31:15.600000,0.876,2025-03-05 07:31:35.490000,0.242,2025-03-05 07:31:10.000000,2025-03-05 07:32:10.000000,eqcct_earthquakes_th0_1/20250305T073110Z_20250305T073210Z/KMNF_outputs/X_prediction_results.csv
TOF/HE.TOF..HHN__20250305T073114Z__20250305T073214Z.mseed,HE,TOF,0,0,0,0,2025-03-05 07:31:19.440000,0.535,2025-03-05 07:31:42.670000,0.368,2025-03-05 07:31:14.000000,2025-03-05 07:32:14.000000,eqcct_earthquakes_th0_1/20250305T073114Z_20250305T073214Z/TOF_outputs/X_prediction_results.csv
MSF/FN.MSF..HHE__20250305T073115Z__20250305T073215Z.mseed,FN,MSF,0,0,0,0,2025-03-05 07:31:20.280000,0.897,2025-03-05 07:31:44.170000,0.223,2025-03-05 07:31:15.000000,2025-03-05 07:32:15.000000,eqcct_earthquakes_th0_1/20250305T073115Z_20250305T073215Z/MSF_outputs/X_prediction_results.csv
KU6/HE.KU6..HHN__20250305T073116Z__20250305T073216Z.mseed,HE,KU6,0,0,0,0,2025-03-05 07:31:21.310000,0.655,2025-03-05 07:31:46.620000,0.711,2025-03-05 07:31:16.000000,2025-03-05 07:32:16.000000,eqcct_earthquakes_th0_1/20250305T073116Z_20250305T073216Z/KU6_outputs/X_prediction_results.csv
KEV/HE.KEV..HHE__20250305T073120Z__20250305T073220Z.mseed,HE,KEV,0,0,0,0,2025-03-05 07:31:25.580000,0.69,2025-03-05 07:31:53.140000,0.476,2025-03-05 07:31:20.000000,2025-03-05 07:32:20.000000,eqcct_earthquakes_th0_1/20250305T073120Z_20250305T073220Z/KEV_outputs/X_prediction_results.csv
MSF/FN.MSF..HHZ__20250305T093515Z__20250305T093615Z.mseed,FN,MSF,0,0,0,0,2025-03-05 09:35:20.440000,0.258,2025-03-05 09:35:26.410000,0.727,2025-03-05 09:35:15.000000,2025-03-05 09:36:15.000000,eqcct_earthquakes_th0_1/20250305T093515Z_20250305T093615Z/MSF_outputs/X_prediction_results.csv
RANF/FN.RANF..HHE__20250305T093518Z__20250305T093618Z.mseed,FN,RANF,0,0,0,0,2025-03-05 09:35:23.930000,0.782,2025-03-05 09:35:32.290000,0.733,2025-03-05 09:35:18.000000,2025-03-05 09:36:18.000000,eqcct_earthquakes_th0_1/20250305T093518Z_20250305T093618Z/RANF_outputs/X_prediction_results.csv
KU6/HE.KU6..HHE__20250305T093531Z__20250305T093631Z.mseed,HE,KU6,0,0,0,0,2025-03-05 09:35:35.960000,0.109,,,2025-03-05 09:35:31.000000,2025-03-05 09:36:31.000000,eqcct_earthquakes_th0_1/20250305T093531Z_20250305T093631Z/KU6_outputs/X_prediction_results.csv
KU6/HE.KU6..HHZ__20250308T143610Z__20250308T143710Z.mseed,HE,KU6,0,0,0,0,2025-03-08 14:36:15.130000,0.946,2025-03-08 14:36:22.480000,0.823,2025-03-08 14:36:10.000000,2025-03-08 14:37:10.000000,eqcct_earthquakes_th0_1/20250308T143610Z_20250308T143710Z/KU6_outputs/X_prediction_results.csv
MSF/FN.MSF..HHN__20250308T143612Z__20250308T143712Z.mseed,FN,MSF,0,0,0,0,2025-03-08 14:36:16.820000,0.601,2025-03-08 14:36:27.540000,0.596,2025-03-08 14:36:12.000000,2025-03-08 14:37:12.000000,eqcct_earthquakes_th0_1/20250308T143612Z_20250308T143712Z/MSF_outputs/X_prediction_results.csv
OLKF/FN.OLKF..HHE__20250308T143616Z__20250308T143716Z.mseed,FN,OLKF,0,0,0,0,2025-03-08 14:36:21.650000,0.633,2025-03-08 14:36:33.970000,0.247,2025-03-08 14:36:16.000000,2025-03-08 14:37:16.000000,eqcct_earthquakes_th0_1/20250308T143616Z_20250308T143716Z/OLKF_outputs/X_prediction_results.csv
RANF/FN.RANF..HHE__20250308T143649Z__20250308T143749Z.mseed,FN,RANF,0,0,0,0,2025-03-08 14:36:53.210000,0.477,,,2025-03-08 14:36:49.000000,2025-03-08 14:37:49.000000,eqcct_earthquakes_th0_1/20250308T143649Z_20250308T143749Z/RANF_outputs/X_prediction_results.csv
OUL/FN.OUL..HHN__20250308T143700Z__20250308T143800Z.mseed,FN,OUL,0,0,0,0,2025-03-08 14:37:04.230000,0.211,,,2025-03-08 14:37:00.000000,2025-03-08 14:38:00.000000,eqcct_earthquakes_th0_1/20250308T143700Z_20250308T143800Z/OUL_outputs/X_prediction_results.csv
MSF/FN.MSF..HHN__20250310T020901Z__20250310T021001Z.mseed,FN,MSF,0,0,0,0,2025-03-10 02:09:06.760000,0.954,2025-03-10 02:09:09.220000,0.862,2025-03-10 02:09:01.000000,2025-03-10 02:10:01.000000,eqcct_earthquakes_th0_1/20250310T020901Z_20250310T021001Z/MSF_outputs/X_prediction_results.csv
KU6/HE.KU6..HHN__20250310T020906Z__20250310T021006Z.mseed,HE,KU6,0,0,0,0,2025-03-10 02:09:11.870000,0.619,2025-03-10 02:09:18.080000,0.829,2025-03-10 02:09:06.000000,2025-03-10 02:10:06.000000,eqcct_earthquakes_th0_1/20250310T020906Z_20250310T021006Z/KU6_outputs/X_prediction_results.csv
OLKF/FN.OLKF..HHZ__20250310T020908Z__20250310T021008Z.mseed,FN,OLKF,0,0,0,0,2025-03-10 02:09:13.600000,0.849,2025-03-10 02:09:21.210000,0.75,2025-03-10 02:09:08.000000,2025-03-10 02:10:08.000000,eqcct_earthquakes_th0_1/20250310T020908Z_20250310T021008Z/OLKF_outputs/X_prediction_results.csv
RANF/FN.RANF..HHN__20250310T020914Z__20250310T021014Z.mseed,FN,RANF,0,0,0,0,2025-03-10 02:09:19.350000,0.614,2025-03-10 02:09:31.350000,0.626,2025-03-10 02:09:14.000000,2025-03-10 02:10:14.000000,eqcct_earthquakes_th0_1/20250310T020914Z_20250310T021014Z/RANF_outputs/X_prediction_results.csv
RNF/FN.RNF..HHE__20250310T020941Z__20250310T021041Z.mseed,FN,RNF,0,0,0,0,,,2025-03-10 02:09:49.220000,0.19,2025-03-10 02:09:41.000000,2025-03-10 02:10:41.000000,eqcct_earthquakes_th0_1/20250310T020941Z_20250310T021041Z/RNF_outputs/X_prediction_results.csv
SGF/FN.SGF..HHE__20250310T020954Z__20250310T021054Z.mseed,FN,SGF,0,0,0,0,2025-03-10 02:09:58.260000,0.263,,,2025-03-10 02:09:54.000000,2025-03-10 02:10:54.000000,eqcct_earthquakes_th0_1/20250310T020954Z_20250310T021054Z/SGF_outputs/X_prediction_results.csv
KMNF/FN.KMNF..HHE__20250313T161829Z__20250313T161929Z.mseed,FN,KMNF,0,0,0,0,2025-03-13 16:18:34.300000,0.936,2025-03-13 16:18:39.250000,0.875,2025-03-13 16:18:29.000000,2025-03-13 16:19:29.000000,eqcct_earthquakes_th0_1/20250313T161829Z_20250313T161929Z/KMNF_outputs/X_prediction_results.csv
KEV/HE.KEV..HHN__20250313T161833Z__20250313T161933Z.mseed,HE,KEV,0,0,0,0,2025-03-13 16:18:38.480000,0.94,2025-03-13 16:18:46.450000,0.573,2025-03-13 16:18:33.000000,2025-03-13 16:19:33.000000,eqcct_earthquakes_th0_1/20250313T161833Z_20250313T161933Z/KEV_outputs/X_prediction_results.csv
RAJF/FN.RAJF..HHZ__20250313T161836Z__20250313T161936Z.mseed,FN,RAJF,0,0,0,0,2025-03-13 16:18:41.100000,0.932,2025-03-13 16:18:50.650000,0.687,2025-03-13 16:18:36.000000,2025-03-13 16:19:36.000000,eqcct_earthquakes_th0_1/20250313T161836Z_20250313T161936Z/RAJF_outputs/X_prediction_results.csv
VRF/HE.VRF..HHZ__20250313T161850Z__20250313T161950Z.mseed,HE,VRF,0,0,0,0,2025-03-13 16:18:55.440000,0.678,2025-03-13 16:19:16.230000,0.239,2025-03-13 16:18:50.000000,2025-03-13 16:19:50.000000,eqcct_earthquakes_th0_1/20250313T161850Z_20250313T161950Z/VRF_outputs/X_prediction_results.csv
HEF/HE.HEF..HHZ__20250313T161853Z__20250313T161953Z.mseed,HE,HEF,0,0,0,0,2025-03-13 16:18:58.630000,0.735,2025-03-13 16:19:22.830000,0.346,2025-03-13 16:18:53.000000,2025-03-13 16:19:53.000000,eqcct_earthquakes_th0_1/20250313T161853Z_20250313T161953Z/HEF_outputs/X_prediction_results.csv
SGF/FN.SGF..HHE__20250313T161855Z__20250313T161955Z.mseed,FN,SGF,0,0,0,0,2025-03-13 16:18:59.120000,0.926,2025-03-13 16:19:24.240000,0.426,2025-03-13 16:18:55.000000,2025-03-13 16:19:55.000000,eqcct_earthquakes_th0_1/20250313T161855Z_20250313T161955Z/SGF_outputs/X_prediction_results.csv
KLF/FN.KLF..HHE__20250313T161905Z__20250313T162005Z.mseed,FN,KLF,0,0,0,0,2025-03-13 16:19:09.660000,0.516,,,2025-03-13 16:19:05.000000,2025-03-13 16:20:05.000000,eqcct_earthquakes_th0_1/20250313T161905Z_20250313T162005Z/KLF_outputs/X_prediction_results.csv
KIF/HE.KIF..HHZ__20250313T161939Z__20250313T162039Z.mseed,HE,KIF,0,0,0,0,2025-03-13 16:19:41.910000,0.37,2025-03-13 16:19:45.470000,0.265,2025-03-13 16:19:39.000000,2025-03-13 16:20:39.000000,eqcct_earthquakes_th0_1/20250313T161939Z_20250313T162039Z/KIF_outputs/X_prediction_results.csv
RNF/FN.RNF..HHZ__20250313T161944Z__20250313T162044Z.mseed,FN,RNF,0,0,0,0,2025-03-13 16:19:48.200000,0.435,,,2025-03-13 16:19:44.000000,2025-03-13 16:20:44.000000,eqcct_earthquakes_th0_1/20250313T161944Z_20250313T162044Z/RNF_outputs/X_prediction_results.csv
VAF/HE.VAF..HHE__20250314T233044Z__20250314T233144Z.mseed,HE,VAF,0,0,0,0,2025-03-14 23:30:49.820000,0.844,2025-03-14 23:31:11.220000,0.288,2025-03-14 23:30:44.000000,2025-03-14 23:31:44.000000,eqcct_earthquakes_th0_1/20250314T233044Z_20250314T233144Z/VAF_outputs/X_prediction_results.csv
ALAJF/HE.ALAJF..HHE__20250314T233112Z__20250314T233212Z.mseed,HE,ALAJF,0,0,0,0,2025-03-14 23:31:16.742000,0.626,2025-03-14 23:31:19.302000,0.486,2025-03-14 23:31:12.000000,2025-03-14 23:32:12.000000,eqcct_earthquakes_th0_1/20250314T233112Z_20250314T233212Z/ALAJF_outputs/X_prediction_results.csv
MSF/FN.MSF..HHE__20250315T023923Z__20250315T024023Z.mseed,FN,MSF,0,0,0,0,2025-03-15 02:39:28.770000,0.962,2025-03-15 02:39:34.030000,0.867,2025-03-15 02:39:23.000000,2025-03-15 02:40:23.000000,eqcct_earthquakes_th0_1/20250315T023923Z_20250315T024023Z/MSF_outputs/X_prediction_results.csv
KU6/HE.KU6..HHE__20250315T023924Z__20250315T024024Z.mseed,HE,KU6,0,0,0,0,2025-03-15 02:39:29.430000,0.935,2025-03-15 02:39:35.020000,0.86,2025-03-15 02:39:24.000000,2025-03-15 02:40:24.000000,eqcct_earthquakes_th0_1/20250315T023924Z_20250315T024024Z/KU6_outputs/X_prediction_results.csv
OLKF/FN.OLKF..HHZ__20250315T023927Z__20250315T024027Z.mseed,FN,OLKF,0,0,0,0,2025-03-15 02:39:31.900000,0.704,2025-03-15 02:39:40.650000,0.634,2025-03-15 02:39:27.000000,2025-03-15 02:40:27.000000,eqcct_earthquakes_th0_1/20250315T023927Z_20250315T024027Z/OLKF_outputs/X_prediction_results.csv
RANF/FN.RANF..HHE__20250315T023950Z__20250315T024050Z.mseed,FN,RANF,0,0,0,0,2025-03-15 02:39:56.000000,0.203,2025-03-15 02:39:56.470000,0.149,2025-03-15 02:39:50.000000,2025-03-15 02:40:50.000000,eqcct_earthquakes_th0_1/20250315T023950Z_20250315T024050Z/RANF_outputs/X_prediction_results.csv
OUL/FN.OUL..HHZ__20250315T024003Z__20250315T024103Z.mseed,FN,OUL,0,0,0,0,,,2025-03-15 02:40:11.040000,0.315,2025-03-15 02:40:03.000000,2025-03-15 02:41:03.000000,eqcct_earthquakes_th0_1/20250315T024003Z_20250315T024103Z/OUL_outputs/X_prediction_results.csv
KIF/HE.KIF..HHZ__20250316T030159Z__20250316T030259Z.mseed,HE,KIF,0,0,0,0,2025-03-16 03:02:04.830000,0.897,2025-03-16 03:02:19.620000,0.806,2025-03-16 03:01:59.000000,2025-03-16 03:02:59.000000,eqcct_earthquakes_th0_1/20250316T030159Z_20250316T030259Z/KIF_outputs/X_prediction_results.csv
HEF/HE.HEF..HHE__20250316T030205Z__20250316T030305Z.mseed,HE,HEF,0,0,0,0,2025-03-16 03:02:10.190000,0.917,2025-03-16 03:02:28.020000,0.37,2025-03-16 03:02:05.000000,2025-03-16 03:03:05.000000,eqcct_earthquakes_th0_1/20250316T030205Z_20250316T030305Z/HEF_outputs/X_prediction_results.csv
KLF/FN.KLF..HHZ__20250316T030209Z__20250316T030309Z.mseed,FN,KLF,0,0,0,0,2025-03-16 03:02:14.100000,0.824,2025-03-16 03:02:35.620000,0.442,2025-03-16 03:02:09.000000,2025-03-16 03:03:09.000000,eqcct_earthquakes_th0_1/20250316T030209Z_20250316T030309Z/KLF_outputs/X_prediction_results.csv
HEF/HE.HEF..HHZ__20250317T083749Z__20250317T083849Z.mseed,HE,HEF,0,0,0,0,2025-03-17 08:37:54.210000,0.964,2025-03-17 08:37:57.040000,0.88,2025-03-17 08:37:49.000000,2025-03-17 08:38:49.000000,eqcct_earthquakes_th0_1/20250317T083749Z_20250317T083849Z/HEF_outputs/X_prediction_results.csv
KLF/FN.KLF..HHE__20250317T083807Z__20250317T083907Z.mseed,FN,KLF,0,0,0,0,2025-03-17 08:38:12.070000,0.83,2025-03-17 08:38:28.070000,0.276,2025-03-17 08:38:07.000000,2025-03-17 08:39:07.000000,eqcct_earthquakes_th0_1/20250317T083807Z_20250317T083907Z/KLF_outputs/X_prediction_results.csv
SGF/FN.SGF..HHZ__20250317T083813Z__20250317T083913Z.mseed,FN,SGF,0,0,0,0,2025-03-17 08:38:18.970000,0.581,2025-03-17 08:38:40.370000,0.238,2025-03-17 08:38:13.000000,2025-03-17 08:39:13.000000,eqcct_earthquakes_th0_1/20250317T083813Z_20250317T083913Z/SGF_outputs/X_prediction_results.csv
KMNF/FN.KMNF..HHN__20250317T083813Z__20250317T083913Z.mseed,FN,KMNF,0,0,0,0,2025-03-17 08:38:18.700000,0.851,2025-03-17 08:38:38.050000,0.257,2025-03-17 08:38:13.000000,2025-03-17 08:39:13.000000,eqcct_earthquakes_th0_1/20250317T083813Z_20250317T083913Z/KMNF_outputs/X_prediction_results.csv
RAJF/FN.RAJF..HHN__20250317T083818Z__20250317T083918Z.mseed,FN,RAJF,0,0,0,0,2025-03-17 08:38:22.830000,0.294,,,2025-03-17 08:38:18.000000,2025-03-17 08:39:18.000000,eqcct_earthquakes_th0_1/20250317T083818Z_20250317T083918Z/RAJF_outputs/X_prediction_results.csv
KEV/HE.KEV..HHN__20250317T083819Z__20250317T083919Z.mseed,HE,KEV,0,0,0,0,2025-03-17 08:38:24.030000,0.566,,,2025-03-17 08:38:19.000000,2025-03-17 08:39:19.000000,eqcct_earthquakes_th0_1/20250317T083819Z_20250317T083919Z/KEV_outputs/X_prediction_results.csv
VRF/HE.VRF..HHN__20250317T083900Z__20250317T084000Z.mseed,HE,VRF,0,0,0,0,2025-03-17 08:39:04.750000,0.566,,,2025-03-17 08:39:00.000000,2025-03-17 08:40:00.000000,eqcct_earthquakes_th0_1/20250317T083900Z_20250317T084000Z/VRF_outputs/X_prediction_results.csv
AAL/UP.AAL..HHE__20250320T013343Z__20250320T013443Z.mseed,UP,AAL,0,0,0,0,2025-03-20 01:33:48.360000,0.926,2025-03-20 01:33:52.910000,0.871,2025-03-20 01:33:43.000000,2025-03-20 01:34:43.000000,eqcct_earthquakes_th0_1/20250320T013343Z_20250320T013443Z/AAL_outputs/X_prediction_results.csv
RAF/HE.RAF..HHN__20250320T013353Z__20250320T013453Z.mseed,HE,RAF,0,0,0,0,2025-03-20 01:33:57.370000,0.477,2025-03-20 01:34:10.680000,0.255,2025-03-20 01:33:53.000000,2025-03-20 01:34:53.000000,eqcct_earthquakes_th0_1/20250320T013353Z_20250320T013453Z/RAF_outputs/X_prediction_results.csv
TVF/HE.TVF..HHZ__20250320T013403Z__20250320T013503Z.mseed,HE,TVF,0,0,0,0,2025-03-20 01:34:08.260000,0.201,,,2025-03-20 01:34:03.000000,2025-03-20 01:35:03.000000,eqcct_earthquakes_th0_1/20250320T013403Z_20250320T013503Z/TVF_outputs/X_prediction_results.csv
KPF/HE.KPF..HHN__20250320T013406Z__20250320T013506Z.mseed,HE,KPF,0,0,0,0,2025-03-20 01:34:12.780000,0.683,,,2025-03-20 01:34:06.000000,2025-03-20 01:35:06.000000,eqcct_earthquakes_th0_1/20250320T013406Z_20250320T013506Z/KPF_outputs/X_prediction_results.csv
MEF/HE.MEF..HHN__20250320T013435Z__20250320T013535Z.mseed,HE,MEF,0,0,0,0,2025-03-20 01:34:40.000000,0.507,,,2025-03-20 01:34:35.000000,2025-03-20 01:35:35.000000,eqcct_earthquakes_th0_1/20250320T013435Z_20250320T013535Z/MEF_outputs/X_prediction_results.csv
OBF3/HE.OBF3..HHE__20250323T132853Z__20250323T132953Z.mseed,HE,OBF3,0,0,0,0,2025-03-23 13:28:58.916000,0.794,2025-03-23 13:29:13.456000,0.767,2025-03-23 13:28:53.000000,2025-03-23 13:29:53.000000,eqcct_earthquakes_th0_1/20250323T132853Z_20250323T132953Z/OBF3_outputs/X_prediction_results.csv
OBF0/HE.OBF0..HHN__20250323T132856Z__20250323T132956Z.mseed,HE,OBF0,0,0,0,0,2025-03-23 13:29:01.620000,0.813,2025-03-23 13:29:17.620000,0.621,2025-03-23 13:28:56.000000,2025-03-23 13:29:56.000000,eqcct_earthquakes_th0_1/20250323T132856Z_20250323T132956Z/OBF0_outputs/X_prediction_results.csv
OUL/FN.OUL..HHN__20250323T132858Z__20250323T132958Z.mseed,FN,OUL,0,0,0,0,2025-03-23 13:29:03.590000,0.895,2025-03-23 13:29:21.020000,0.138,2025-03-23 13:28:58.000000,2025-03-23 13:29:58.000000,eqcct_earthquakes_th0_1/20250323T132858Z_20250323T132958Z/OUL_outputs/X_prediction_results.csv
OUF/HE.OUF..HHE__20250323T132900Z__20250323T133000Z.mseed,HE,OUF,0,0,0,0,2025-03-23 13:29:05.080000,0.823,2025-03-23 13:29:24.270000,0.51,2025-03-23 13:29:00.000000,2025-03-23 13:30:00.000000,eqcct_earthquakes_th0_1/20250323T132900Z_20250323T133000Z/OUF_outputs/X_prediction_results.csv
RANF/FN.RANF..HHZ__20250323T132903Z__20250323T133003Z.mseed,FN,RANF,0,0,0,0,2025-03-23 13:29:08.950000,0.886,2025-03-23 13:29:30.840000,0.194,2025-03-23 13:29:03.000000,2025-03-23 13:30:03.000000,eqcct_earthquakes_th0_1/20250323T132903Z_20250323T133003Z/RANF_outputs/X_prediction_results.csv
KLF/FN.KLF..HHE__20250323T132905Z__20250323T133005Z.mseed,FN,KLF,0,0,0,0,2025-03-23 13:29:10.150000,0.635,2025-03-23 13:29:32.270000,0.2,2025-03-23 13:29:05.000000,2025-03-23 13:30:05.000000,eqcct_earthquakes_th0_1/20250323T132905Z_20250323T133005Z/KLF_outputs/X_prediction_results.csv
AAL/UP.AAL..HHZ__20250326T050629Z__20250326T050729Z.mseed,UP,AAL,0,0,0,0,2025-03-26 05:06:34.570000,0.952,2025-03-26 05:06:41.920000,0.831,2025-03-26 05:06:29.000000,2025-03-26 05:07:29.000000,eqcct_earthquakes_th0_1/20250326T050629Z_20250326T050729Z/AAL_outputs/X_prediction_results.csv
RAF/HE.RAF..HHE__20250326T050646Z__20250326T050746Z.mseed,HE,RAF,0,0,0,0,2025-03-26 05:06:51.770000,0.897,2025-03-26 05:07:11.760000,0.606,2025-03-26 05:06:46.000000,2025-03-26 05:07:46.000000,eqcct_earthquakes_th0_1/20250326T050646Z_20250326T050746Z/RAF_outputs/X_prediction_results.csv
TVF/HE.TVF..HHN__20250326T050646Z__20250326T050746Z.mseed,HE,TVF,0,0,0,0,2025-03-26 05:06:51.100000,0.68,2025-03-26 05:07:14.200000,0.36,2025-03-26 05:06:46.000000,2025-03-26 05:07:46.000000,eqcct_earthquakes_th0_1/20250326T050646Z_20250326T050746Z/TVF_outputs/X_prediction_results.csv
MEF/HE.MEF..HHN__20250326T050656Z__20250326T050756Z.mseed,HE,MEF,0,0,0,0,2025-03-26 05:07:01.530000,0.752,2025-03-26 05:07:29.030000,0.392,2025-03-26 05:06:56.000000,2025-03-26 05:07:56.000000,eqcct_earthquakes_th0_1/20250326T050656Z_20250326T050756Z/MEF_outputs/X_prediction_results.csv
HEL5/HE.HEL5..HHN__20250326T050659Z__20250326T050759Z.mseed,HE,HEL5,0,0,0,0,2025-03-26 05:07:03.132000,0.782,,,2025-03-26 05:06:59.000000,2025-03-26 05:07:59.000000,eqcct_earthquakes_th0_1/20250326T050659Z_20250326T050759Z/HEL5_outputs/X_prediction_results.csv
KPF/HE.KPF..HHN__20250326T050700Z__20250326T050800Z.mseed,HE,KPF,0,0,0,0,2025-03-26 05:07:05.338000,0.676,2025-03-26 05:07:36.028000,0.731,2025-03-26 05:07:00.000000,2025-03-26 05:08:00.000000,eqcct_earthquakes_th0_1/20250326T050700Z_20250326T050800Z/KPF_outputs/X_prediction_results.csv
NUR/HE.NUR..HHN__20250326T050729Z__20250326T050829Z.mseed,HE,NUR,0,0,0,0,2025-03-26 05:07:33.048000,0.554,2025-03-26 05:07:35.398000,0.549,2025-03-26 05:07:29.000000,2025-03-26 05:08:29.000000,eqcct_earthquakes_th0_1/20250326T050729Z_20250326T050829Z/NUR_outputs/X_prediction_results.csv
LAUT/HE.LAUT..HHZ__20250326T050729Z__20250326T050829Z.mseed,HE,LAUT,0,0,0,0,2025-03-26 05:07:33.496000,0.661,2025-03-26 05:07:34.796000,0.667,2025-03-26 05:07:29.000000,2025-03-26 05:08:29.000000,eqcct_earthquakes_th0_1/20250326T050729Z_20250326T050829Z/LAUT_outputs/X_prediction_results.csv
HEL1/HE.HEL1..HHN__20250326T050730Z__20250326T050830Z.mseed,HE,HEL1,0,0,0,0,2025-03-26 05:07:34.056000,0.287,2025-03-26 05:07:36.276000,0.126,2025-03-26 05:07:30.000000,2025-03-26 05:08:30.000000,eqcct_earthquakes_th0_1/20250326T050730Z_20250326T050830Z/HEL1_outputs/X_prediction_results.csv
KPF/HE.KPF..HHE__20250327T063452Z__20250327T063552Z.mseed,HE,KPF,0,0,0,0,2025-03-27 06:34:56.346000,0.299,,,2025-03-27 06:34:52.000000,2025-03-27 06:35:52.000000,eqcct_earthquakes_th0_1/20250327T063452Z_20250327T063552Z/KPF_outputs/X_prediction_results.csv
VAF/HE.VAF..HHZ__20250327T063458Z__20250327T063558Z.mseed,HE,VAF,0,0,0,0,2025-03-27 06:35:02.360000,0.539,,,2025-03-27 06:34:58.000000,2025-03-27 06:35:58.000000,eqcct_earthquakes_th0_1/20250327T063458Z_20250327T063558Z/VAF_outputs/X_prediction_results.csv
OBF8/HE.OBF8..HHZ__20250330T131416Z__20250330T131516Z.mseed,HE,OBF8,0,0,0,0,2025-03-30 13:14:21.056000,0.596,,,2025-03-30 13:14:16.000000,2025-03-30 13:15:16.000000,eqcct_earthquakes_th0_1/20250330T131416Z_20250330T131516Z/OBF8_outputs/X_prediction_results.csv
VAF/HE.VAF..HHN__20250330T131421Z__20250330T131521Z.mseed,HE,VAF,0,0,0,0,2025-03-30 13:14:26.430000,0.818,2025-03-30 13:14:47.380000,0.567,2025-03-30 13:14:21.000000,2025-03-30 13:15:21.000000,eqcct_earthquakes_th0_1/20250330T131421Z_20250330T131521Z/VAF_outputs/X_prediction_results.csv
OBF0/HE.OBF0..HHE__20250330T131422Z__20250330T131522Z.mseed,HE,OBF0,0,0,0,0,2025-03-30 13:14:27.012000,0.743,2025-03-30 13:14:47.902000,0.703,2025-03-30 13:14:22.000000,2025-03-30 13:15:22.000000,eqcct_earthquakes_th0_1/20250330T131422Z_20250330T131522Z/OBF0_outputs/X_prediction_results.csv
OBF3/HE.OBF3..HHN__20250330T131425Z__20250330T131525Z.mseed,HE,OBF3,0,0,0,0,2025-03-30 13:14:29.710000,0.721,2025-03-30 13:14:55.650000,0.329,2025-03-30 13:14:25.000000,2025-03-30 13:15:25.000000,eqcct_earthquakes_th0_1/20250330T131425Z_20250330T131525Z/OBF3_outputs/X_prediction_results.csv
ALAJF/HE.ALAJF..HHZ__20250330T131427Z__20250330T131527Z.mseed,HE,ALAJF,0,0,0,0,2025-03-30 13:14:32.016000,0.746,2025-03-30 13:14:57.986000,0.45,2025-03-30 13:14:27.000000,2025-03-30 13:15:27.000000,eqcct_earthquakes_th0_1/20250330T131427Z_20250330T131527Z/ALAJF_outputs/X_prediction_results.csv
RNF/FN.RNF..HHN__20250402T133333Z__20250402T133433Z.mseed,FN,RNF,0,0,0,0,2025-04-02 13:33:38.970000,0.843,2025-04-02 13:33:50.690000,0.251,2025-04-02 13:33:33.000000,2025-04-02 13:34:33.000000,eqcct_earthquakes_th0_1/20250402T133333Z_20250402T133433Z/RNF_outputs/X_prediction_results.csv
KLF/FN.KLF..HHZ__20250402T133333Z__20250402T133433Z.mseed,FN,KLF,0,0,0,0,2025-04-02 13:33:38.870000,0.831,2025-04-02 13:33:50.570000,0.502,2025-04-02 13:33:33.000000,2025-04-02 13:34:33.000000,eqcct_earthquakes_th0_1/20250402T133333Z_20250402T133433Z/KLF_outputs/X_prediction_results.csv
RANF/FN.RANF..HHE__20250402T133339Z__20250402T133439Z.mseed,FN,RANF,0,0,0,0,2025-04-02 13:33:44.750000,0.738,2025-04-02 13:34:01.300000,0.182,2025-04-02 13:33:39.000000,2025-04-02 13:34:39.000000,eqcct_earthquakes_th0_1/20250402T133339Z_20250402T133439Z/RANF_outputs/X_prediction_results.csv
OUL/FN.OUL..HHZ__20250402T133345Z__20250402T133445Z.mseed,FN,OUL,0,0,0,0,2025-04-02 13:33:49.400000,0.812,,,2025-04-02 13:33:45.000000,2025-04-02 13:34:45.000000,eqcct_earthquakes_th0_1/20250402T133345Z_20250402T133445Z/OUL_outputs/X_prediction_results.csv
OBF3/HE.OBF3..HHE__20250402T133346Z__20250402T133446Z.mseed,HE,OBF3,0,0,0,0,2025-04-02 13:33:53.776000,0.436,,,2025-04-02 13:33:46.000000,2025-04-02 13:34:46.000000,eqcct_earthquakes_th0_1/20250402T133346Z_20250402T133446Z/OBF3_outputs/X_prediction_results.csv
OLKF/FN.OLKF..HHN__20250402T133356Z__20250402T133456Z.mseed,FN,OLKF,0,0,0,0,2025-04-02 13:34:00.200000,0.682,,,2025-04-02 13:33:56.000000,2025-04-02 13:34:56.000000,eqcct_earthquakes_th0_1/20250402T133356Z_20250402T133456Z/OLKF_outputs/X_prediction_results.csv
HEF/HE.HEF..HHZ__20250403T044311Z__20250403T044411Z.mseed,HE,HEF,0,0,0,0,2025-04-03 04:43:16.510000,0.492,2025-04-03 04:43:25.680000,0.244,2025-04-03 04:43:11.000000,2025-04-03 04:44:11.000000,eqcct_earthquakes_th0_1/20250403T044311Z_20250403T044411Z/HEF_outputs/X_prediction_results.csv
KLF/FN.KLF..HHZ__20250403T044313Z__20250403T044413Z.mseed,FN,KLF,0,0,0,0,2025-04-03 04:43:18.350000,0.726,2025-04-03 04:43:30.070000,0.36,2025-04-03 04:43:13.000000,2025-04-03 04:44:13.000000,eqcct_earthquakes_th0_1/20250403T044313Z_20250403T044413Z/KLF_outputs/X_prediction_results.csv
SGF/FN.SGF..HHN__20250403T044345Z__20250403T044445Z.mseed,FN,SGF,0,0,0,0,2025-04-03 04:43:49.860000,0.374,,,2025-04-03 04:43:45.000000,2025-04-03 04:44:45.000000,eqcct_earthquakes_th0_1/20250403T044345Z_20250403T044445Z/SGF_outputs/X_prediction_results.csv
RNF/FN.RNF..HHZ__20250403T044353Z__20250403T044453Z.mseed,FN,RNF,0,0,0,0,2025-04-03 04:43:57.370000,0.603,,,2025-04-03 04:43:53.000000,2025-04-03 04:44:53.000000,eqcct_earthquakes_th0_1/20250403T044353Z_20250403T044453Z/RNF_outputs/X_prediction_results.csv
OLKF/FN.OLKF..HHN__20250405T071747Z__20250405T071847Z.mseed,FN,OLKF,0,0,0,0,2025-04-05 07:17:52.950000,0.959,2025-04-05 07:17:56.660000,0.879,2025-04-05 07:17:47.000000,2025-04-05 07:18:47.000000,eqcct_earthquakes_th0_1/20250405T071747Z_20250405T071847Z/OLKF_outputs/X_prediction_results.csv
KU6/HE.KU6..HHE__20250405T071748Z__20250405T071848Z.mseed,HE,KU6,0,0,0,0,2025-04-05 07:17:53.430000,0.956,2025-04-05 07:17:57.700000,0.827,2025-04-05 07:17:48.000000,2025-04-05 07:18:48.000000,eqcct_earthquakes_th0_1/20250405T071748Z_20250405T071848Z/KU6_outputs/X_prediction_results.csv
MSF/FN.MSF..HHE__20250405T071750Z__20250405T071850Z.mseed,FN,MSF,0,0,0,0,2025-04-05 07:17:55.090000,0.953,2025-04-05 07:18:00.350000,0.857,2025-04-05 07:17:50.000000,2025-04-05 07:18:50.000000,eqcct_earthquakes_th0_1/20250405T071750Z_20250405T071850Z/MSF_outputs/X_prediction_results.csv
RANF/FN.RANF..HHE__20250405T071817Z__20250405T071917Z.mseed,FN,RANF,0,0,0,0,2025-04-05 07:18:21.270000,0.246,,,2025-04-05 07:18:17.000000,2025-04-05 07:19:17.000000,eqcct_earthquakes_th0_1/20250405T071817Z_20250405T071917Z/RANF_outputs/X_prediction_results.csv
OUL/FN.OUL..HHN__20250405T124852Z__20250405T124952Z.mseed,FN,OUL,0,0,0,0,2025-04-05 12:48:56.720000,0.497,,,2025-04-05 12:48:52.000000,2025-04-05 12:49:52.000000,eqcct_earthquakes_th0_1/20250405T124852Z_20250405T124952Z/OUL_outputs/X_prediction_results.csv
KLF/FN.KLF..HHE__20250405T124853Z__20250405T124953Z.mseed,FN,KLF,0,0,0,0,2025-04-05 12:48:58.250000,0.748,,,2025-04-05 12:48:53.000000,2025-04-05 12:49:53.000000,eqcct_earthquakes_th0_1/20250405T124853Z_20250405T124953Z/KLF_outputs/X_prediction_results.csv
OBF3/HE.OBF3..HHE__20250405T124904Z__20250405T125004Z.mseed,HE,OBF3,0,0,0,0,2025-04-05 12:49:09.010000,0.169,,,2025-04-05 12:49:04.000000,2025-04-05 12:50:04.000000,eqcct_earthquakes_th0_1/20250405T124904Z_20250405T125004Z/OBF3_outputs/X_prediction_results.csv
RNF/FN.RNF..HHE__20250405T124912Z__20250405T125012Z.mseed,FN,RNF,0,0,0,0,2025-04-05 12:49:16.710000,0.543,2025-04-05 12:49:18.780000,0.148,2025-04-05 12:49:12.000000,2025-04-05 12:50:12.000000,eqcct_earthquakes_th0_1/20250405T124912Z_20250405T125012Z/RNF_outputs/X_prediction_results.csv
RANF/FN.RANF..HHZ__20250405T124914Z__20250405T125014Z.mseed,FN,RANF,0,0,0,0,2025-04-05 12:49:18.460000,0.33,2025-04-05 12:49:22.170000,0.128,2025-04-05 12:49:14.000000,2025-04-05 12:50:14.000000,eqcct_earthquakes_th0_1/20250405T124914Z_20250405T125014Z/RANF_outputs/X_prediction_results.csv
HEF/HE.HEF..HHN__20250406T172556Z__20250406T172656Z.mseed,HE,HEF,0,0,0,0,2025-04-06 17:26:01.510000,0.917,2025-04-06 17:26:11.630000,0.792,2025-04-06 17:25:56.000000,2025-04-06 17:26:56.000000,eqcct_earthquakes_th0_1/20250406T172556Z_20250406T172656Z/HEF_outputs/X_prediction_results.csv
KLF/FN.KLF..HHZ__20250406T172558Z__20250406T172658Z.mseed,FN,KLF,0,0,0,0,2025-04-06 17:26:03.510000,0.652,2025-04-06 17:26:15.120000,0.264,2025-04-06 17:25:58.000000,2025-04-06 17:26:58.000000,eqcct_earthquakes_th0_1/20250406T172558Z_20250406T172658Z/KLF_outputs/X_prediction_results.csv
KIF/HE.KIF..HHN__20250406T172608Z__20250406T172708Z.mseed,HE,KIF,0,0,0,0,2025-04-06 17:26:13.060000,0.607,2025-04-06 17:26:30.230000,0.103,2025-04-06 17:26:08.000000,2025-04-06 17:27:08.000000,eqcct_earthquakes_th0_1/20250406T172608Z_20250406T172708Z/KIF_outputs/X_prediction_results.csv
SGF/FN.SGF..HHZ__20250406T172612Z__20250406T172712Z.mseed,FN,SGF,0,0,0,0,2025-04-06 17:26:17.180000,0.819,2025-04-06 17:26:37.770000,0.699,2025-04-06 17:26:12.000000,2025-04-06 17:27:12.000000,eqcct_earthquakes_th0_1/20250406T172612Z_20250406T172712Z/SGF_outputs/X_prediction_results.csv
RNF/FN.RNF..HHE__20250406T172616Z__20250406T172716Z.mseed,FN,RNF,0,0,0,0,2025-04-06 17:26:20.530000,0.704,2025-04-06 17:26:45.630000,0.421,2025-04-06 17:26:16.000000,2025-04-06 17:27:16.000000,eqcct_earthquakes_th0_1/20250406T172616Z_20250406T172716Z/RNF_outputs/X_prediction_results.csv
KMNF/FN.KMNF..HHN__20250406T172619Z__20250406T172719Z.mseed,FN,KMNF,0,0,0,0,2025-04-06 17:26:23.900000,0.704,,,2025-04-06 17:26:19.000000,2025-04-06 17:27:19.000000,eqcct_earthquakes_th0_1/20250406T172619Z_20250406T172719Z/KMNF_outputs/X_prediction_results.csv
RAJF/FN.RAJF..HHN__20250406T172624Z__20250406T172724Z.mseed,FN,RAJF,0,0,0,0,2025-04-06 17:26:28.180000,0.37,,,2025-04-06 17:26:24.000000,2025-04-06 17:27:24.000000,eqcct_earthquakes_th0_1/20250406T172624Z_20250406T172724Z/RAJF_outputs/X_prediction_results.csv
KU6/HE.KU6..HHE__20250408T153556Z__20250408T153656Z.mseed,HE,KU6,0,0,0,0,2025-04-08 15:36:01.930000,0.849,2025-04-08 15:36:05.410000,0.885,2025-04-08 15:35:56.000000,2025-04-08 15:36:56.000000,eqcct_earthquakes_th0_1/20250408T153556Z_20250408T153656Z/KU6_outputs/X_prediction_results.csv
MSF/FN.MSF..HHZ__20250408T153556Z__20250408T153656Z.mseed,FN,MSF,0,0,0,0,2025-04-08 15:36:01.770000,0.964,2025-04-08 15:36:05.040000,0.874,2025-04-08 15:35:56.000000,2025-04-08 15:36:56.000000,eqcct_earthquakes_th0_1/20250408T153556Z_20250408T153656Z/MSF_outputs/X_prediction_results.csv
OLKF/FN.OLKF..HHZ__20250408T153557Z__20250408T153657Z.mseed,FN,OLKF,0,0,0,0,2025-04-08 15:36:02.920000,0.714,2025-04-08 15:36:06.740000,0.759,2025-04-08 15:35:57.000000,2025-04-08 15:36:57.000000,eqcct_earthquakes_th0_1/20250408T153557Z_20250408T153657Z/OLKF_outputs/X_prediction_results.csv
RANF/FN.RANF..HHE__20250408T153611Z__20250408T153711Z.mseed,FN,RANF,0,0,0,0,2025-04-08 15:36:16.150000,0.858,2025-04-08 15:36:29.560000,0.632,2025-04-08 15:36:11.000000,2025-04-08 15:37:11.000000,eqcct_earthquakes_th0_1/20250408T153611Z_20250408T153711Z/RANF_outputs/X_prediction_results.csv
RNF/FN.RNF..HHZ__20250408T153617Z__20250408T153717Z.mseed,FN,RNF,0,0,0,0,2025-04-08 15:36:22.950000,0.839,2025-04-08 15:36:42.820000,0.395,2025-04-08 15:36:17.000000,2025-04-08 15:37:17.000000,eqcct_earthquakes_th0_1/20250408T153617Z_20250408T153717Z/RNF_outputs/X_prediction_results.csv
OUL/FN.OUL..HHE__20250408T153643Z__20250408T153743Z.mseed,FN,OUL,0,0,0,0,2025-04-08 15:36:47.510000,0.572,2025-04-08 15:37:36.350000,0.107,2025-04-08 15:36:43.000000,2025-04-08 15:37:43.000000,eqcct_earthquakes_th0_1/20250408T153643Z_20250408T153743Z/OUL_outputs/X_prediction_results.csv
SGF/FN.SGF..HHZ__20250408T153645Z__20250408T153745Z.mseed,FN,SGF,0,0,0,0,2025-04-08 15:36:49.480000,0.416,2025-04-08 15:37:31.020000,0.318,2025-04-08 15:36:45.000000,2025-04-08 15:37:45.000000,eqcct_earthquakes_th0_1/20250408T153645Z_20250408T153745Z/SGF_outputs/X_prediction_results.csv
RMF/HE.RMF..HHZ__20250408T153646Z__20250408T153746Z.mseed,HE,RMF,0,0,0,0,2025-04-08 15:36:50.318000,0.638,2025-04-08 15:37:27.198000,0.338,2025-04-08 15:36:46.000000,2025-04-08 15:37:46.000000,eqcct_earthquakes_th0_1/20250408T153646Z_20250408T153746Z/RMF_outputs/X_prediction_results.csv
KLF/FN.KLF..HHE__20250408T153705Z__20250408T153805Z.mseed,FN,KLF,0,0,0,0,2025-04-08 15:37:09.310000,0.579,,,2025-04-08 15:37:05.000000,2025-04-08 15:38:05.000000,eqcct_earthquakes_th0_1/20250408T153705Z_20250408T153805Z/KLF_outputs/X_prediction_results.csv
OBF8/HE.OBF8..HHZ__20250409T175902Z__20250409T180002Z.mseed,HE,OBF8,0,0,0,0,2025-04-09 17:59:07.940000,0.883,2025-04-09 17:59:18.250000,0.563,2025-04-09 17:59:02.000000,2025-04-09 18:00:02.000000,eqcct_earthquakes_th0_1/20250409T175902Z_20250409T180002Z/OBF8_outputs/X_prediction_results.csv
OBF0/HE.OBF0..HHE__20250409T175905Z__20250409T180005Z.mseed,HE,OBF0,0,0,0,0,2025-04-09 17:59:10.248000,0.951,2025-04-09 17:59:21.828000,0.826,2025-04-09 17:59:05.000000,2025-04-09 18:00:05.000000,eqcct_earthquakes_th0_1/20250409T175905Z_20250409T180005Z/OBF0_outputs/X_prediction_results.csv
OBF3/HE.OBF3..HHE__20250409T175906Z__20250409T180006Z.mseed,HE,OBF3,0,0,0,0,2025-04-09 17:59:11.496000,0.922,2025-04-09 17:59:24.496000,0.791,2025-04-09 17:59:06.000000,2025-04-09 18:00:06.000000,eqcct_earthquakes_th0_1/20250409T175906Z_20250409T180006Z/OBF3_outputs/X_prediction_results.csv
OUL/FN.OUL..HHN__20250409T175914Z__20250409T180014Z.mseed,FN,OUL,0,0,0,0,2025-04-09 17:59:19.930000,0.831,2025-04-09 17:59:39.270000,0.302,2025-04-09 17:59:14.000000,2025-04-09 18:00:14.000000,eqcct_earthquakes_th0_1/20250409T175914Z_20250409T180014Z/OUL_outputs/X_prediction_results.csv
VAF/HE.VAF..HHE__20250409T175922Z__20250409T180022Z.mseed,HE,VAF,0,0,0,0,2025-04-09 17:59:27.880000,0.843,2025-04-09 17:59:52.980000,0.782,2025-04-09 17:59:22.000000,2025-04-09 18:00:22.000000,eqcct_earthquakes_th0_1/20250409T175922Z_20250409T180022Z/VAF_outputs/X_prediction_results.csv
ALAJF/HE.ALAJF..HHZ__20250409T175923Z__20250409T180023Z.mseed,HE,ALAJF,0,0,0,0,2025-04-09 17:59:28.408000,0.825,2025-04-09 17:59:53.998000,0.658,2025-04-09 17:59:23.000000,2025-04-09 18:00:23.000000,eqcct_earthquakes_th0_1/20250409T175923Z_20250409T180023Z/ALAJF_outputs/X_prediction_results.csv
RANF/FN.RANF..HHE__20250409T175925Z__20250409T180025Z.mseed,FN,RANF,0,0,0,0,2025-04-09 17:59:29.400000,0.743,2025-04-09 17:59:57.300000,0.455,2025-04-09 17:59:25.000000,2025-04-09 18:00:25.000000,eqcct_earthquakes_th0_1/20250409T175925Z_20250409T180025Z/RANF_outputs/X_prediction_results.csv
RNF/FN.RNF..HHN__20250409T175926Z__20250409T180026Z.mseed,FN,RNF,0,0,0,0,2025-04-09 17:59:31.210000,0.659,2025-04-09 18:00:00.800000,0.655,2025-04-09 17:59:26.000000,2025-04-09 18:00:26.000000,eqcct_earthquakes_th0_1/20250409T175926Z_20250409T180026Z/RNF_outputs/X_prediction_results.csv
KLF/FN.KLF..HHE__20250409T175928Z__20250409T180028Z.mseed,FN,KLF,0,0,0,0,2025-04-09 17:59:33.500000,0.715,2025-04-09 18:00:07.030000,0.399,2025-04-09 17:59:28.000000,2025-04-09 18:00:28.000000,eqcct_earthquakes_th0_1/20250409T175928Z_20250409T180028Z/KLF_outputs/X_prediction_results.csv
OBF0/HE.OBF0..HHZ__20250409T200025Z__20250409T200125Z.mseed,HE,OBF0,0,0,0,0,2025-04-09 20:00:29.592000,0.462,,,2025-04-09 20:00:25.000000,2025-04-09 20:01:25.000000,eqcct_earthquakes_th0_1/20250409T200025Z_20250409T200125Z/OBF0_outputs/X_prediction_results.csv
OBF3/HE.OBF3..HHN__20250409T200027Z__20250409T200127Z.mseed,HE,OBF3,0,0,0,0,2025-04-09 20:00:32.776000,0.575,2025-04-09 20:00:38.326000,0.565,2025-04-09 20:00:27.000000,2025-04-09 20:01:27.000000,eqcct_earthquakes_th0_1/20250409T200027Z_20250409T200127Z/OBF3_outputs/X_prediction_results.csv
OUL/FN.OUL..HHZ__20250409T200042Z__20250409T200142Z.mseed,FN,OUL,0,0,0,0,2025-04-09 20:00:46.190000,0.651,2025-04-09 20:00:49.140000,0.379,2025-04-09 20:00:42.000000,2025-04-09 20:01:42.000000,eqcct_earthquakes_th0_1/20250409T200042Z_20250409T200142Z/OUL_outputs/X_prediction_results.csv
VAF/HE.VAF..HHE__20250409T200055Z__20250409T200155Z.mseed,HE,VAF,0,0,0,0,2025-04-09 20:01:02.440000,0.445,2025-04-09 20:01:02.290000,0.591,2025-04-09 20:00:55.000000,2025-04-09 20:01:55.000000,eqcct_earthquakes_th0_1/20250409T200055Z_20250409T200155Z/VAF_outputs/X_prediction_results.csv
RNF/FN.RNF..HHN__20250412T094035Z__20250412T094135Z.mseed,FN,RNF,0,0,0,0,2025-04-12 09:40:40.850000,0.861,2025-04-12 09:41:03.140000,0.298,2025-04-12 09:40:35.000000,2025-04-12 09:41:35.000000,eqcct_earthquakes_th0_1/20250412T094035Z_20250412T094135Z/RNF_outputs/X_prediction_results.csv
OUL/FN.OUL..HHZ__20250412T094104Z__20250412T094204Z.mseed,FN,OUL,0,0,0,0,2025-04-12 09:41:08.450000,0.134,,,2025-04-12 09:41:04.000000,2025-04-12 09:42:04.000000,eqcct_earthquakes_th0_1/20250412T094104Z_20250412T094204Z/OUL_outputs/X_prediction_results.csv
RANF/FN.RANF..HHN__20250412T094105Z__20250412T094205Z.mseed,FN,RANF,0,0,0,0,2025-04-12 09:41:09.650000,0.476,,,2025-04-12 09:41:05.000000,2025-04-12 09:42:05.000000,eqcct_earthquakes_th0_1/20250412T094105Z_20250412T094205Z/RANF_outputs/X_prediction_results.csv
OBF3/HE.OBF3..HHZ__20250412T203554Z__20250412T203654Z.mseed,HE,OBF3,0,0,0,0,2025-04-12 20:35:58.120000,0.599,2025-04-12 20:36:16.040000,0.711,2025-04-12 20:35:54.000000,2025-04-12 20:36:54.000000,eqcct_earthquakes_th0_1/20250412T203554Z_20250412T203654Z/OBF3_outputs/X_prediction_results.csv
OBF8/HE.OBF8..HHZ__20250412T203555Z__20250412T203655Z.mseed,HE,OBF8,0,0,0,0,2025-04-12 20:35:59.464000,0.5,,,2025-04-12 20:35:55.000000,2025-04-12 20:36:55.000000,eqcct_earthquakes_th0_1/20250412T203555Z_20250412T203655Z/OBF8_outputs/X_prediction_results.csv
OBF0/HE.OBF0..HHZ__20250412T203555Z__20250412T203655Z.mseed,HE,OBF0,0,0,0,0,2025-04-12 20:36:00.728000,0.845,2025-04-12 20:36:18.478000,0.262,2025-04-12 20:35:55.000000,2025-04-12 20:36:55.000000,eqcct_earthquakes_th0_1/20250412T203555Z_20250412T203655Z/OBF0_outputs/X_prediction_results.csv
OUL/FN.OUL..HHN__20250412T203600Z__20250412T203700Z.mseed,FN,OUL,0,0,0,0,2025-04-12 20:36:05.130000,0.864,2025-04-12 20:36:25.360000,0.201,2025-04-12 20:36:00.000000,2025-04-12 20:37:00.000000,eqcct_earthquakes_th0_1/20250412T203600Z_20250412T203700Z/OUL_outputs/X_prediction_results.csv
KLF/FN.KLF..HHE__20250412T203604Z__20250412T203704Z.mseed,FN,KLF,0,0,0,0,2025-04-12 20:36:09.800000,0.818,2025-04-12 20:36:34.030000,0.296,2025-04-12 20:36:04.000000,2025-04-12 20:37:04.000000,eqcct_earthquakes_th0_1/20250412T203604Z_20250412T203704Z/KLF_outputs/X_prediction_results.csv
RANF/FN.RANF..HHZ__20250412T203605Z__20250412T203705Z.mseed,FN,RANF,0,0,0,0,2025-04-12 20:36:09.150000,0.604,2025-04-12 20:36:35.350000,0.213,2025-04-12 20:36:05.000000,2025-04-12 20:37:05.000000,eqcct_earthquakes_th0_1/20250412T203605Z_20250412T203705Z/RANF_outputs/X_prediction_results.csv
RNF/FN.RNF..HHZ__20250412T203605Z__20250412T203705Z.mseed,FN,RNF,0,0,0,0,2025-04-12 20:36:09.280000,0.813,2025-04-12 20:36:34.050000,0.232,2025-04-12 20:36:05.000000,2025-04-12 20:37:05.000000,eqcct_earthquakes_th0_1/20250412T203605Z_20250412T203705Z/RNF_outputs/X_prediction_results.csv
OBF0/HE.OBF0..HHE__20250413T021717Z__20250413T021817Z.mseed,HE,OBF0,0,0,0,0,2025-04-13 02:17:22.212000,0.805,2025-04-13 02:17:37.932000,0.368,2025-04-13 02:17:17.000000,2025-04-13 02:18:17.000000,eqcct_earthquakes_th0_1/20250413T021717Z_20250413T021817Z/OBF0_outputs/X_prediction_results.csv
OBF3/HE.OBF3..HHE__20250413T021720Z__20250413T021820Z.mseed,HE,OBF3,0,0,0,0,2025-04-13 02:17:25.312000,0.805,,,2025-04-13 02:17:20.000000,2025-04-13 02:18:20.000000,eqcct_earthquakes_th0_1/20250413T021720Z_20250413T021820Z/OBF3_outputs/X_prediction_results.csv
VAF/HE.VAF..HHE__20250413T021726Z__20250413T021826Z.mseed,HE,VAF,0,0,0,0,2025-04-13 02:17:31.300000,0.893,2025-04-13 02:17:54.470000,0.377,2025-04-13 02:17:26.000000,2025-04-13 02:18:26.000000,eqcct_earthquakes_th0_1/20250413T021726Z_20250413T021826Z/VAF_outputs/X_prediction_results.csv
OUL/FN.OUL..HHZ__20250413T021755Z__20250413T021855Z.mseed,FN,OUL,0,0,0,0,2025-04-13 02:17:59.880000,0.27,,,2025-04-13 02:17:55.000000,2025-04-13 02:18:55.000000,eqcct_earthquakes_th0_1/20250413T021755Z_20250413T021855Z/OUL_outputs/X_prediction_results.csv
ALAJF/HE.ALAJF..HHZ__20250413T021755Z__20250413T021855Z.mseed,HE,ALAJF,0,0,0,0,2025-04-13 02:17:59.424000,0.373,2025-04-13 02:18:01.454000,0.263,2025-04-13 02:17:55.000000,2025-04-13 02:18:55.000000,eqcct_earthquakes_th0_1/20250413T021755Z_20250413T021855Z/ALAJF_outputs/X_prediction_results.csv
KLF/FN.KLF..HHN__20250414T001143Z__20250414T001243Z.mseed,FN,KLF,0,0,0,0,2025-04-14 00:11:48.900000,0.546,2025-04-14 00:11:53.190000,0.139,2025-04-14 00:11:43.000000,2025-04-14 00:12:43.000000,eqcct_earthquakes_th0_1/20250414T001143Z_20250414T001243Z/KLF_outputs/X_prediction_results.csv
RNF/FN.RNF..HHZ__20250414T001155Z__20250414T001255Z.mseed,FN,RNF,0,0,0,0,2025-04-14 00:11:59.520000,0.873,,,2025-04-14 00:11:55.000000,2025-04-14 00:12:55.000000,eqcct_earthquakes_th0_1/20250414T001155Z_20250414T001255Z/RNF_outputs/X_prediction_results.csv
KIF/HE.KIF..HHZ__20250416T002820Z__20250416T002920Z.mseed,HE,KIF,0,0,0,0,2025-04-16 00:28:25.720000,0.878,2025-04-16 00:28:38.870000,0.824,2025-04-16 00:28:20.000000,2025-04-16 00:29:20.000000,eqcct_earthquakes_th0_1/20250416T002820Z_20250416T002920Z/KIF_outputs/X_prediction_results.csv
HEF/HE.HEF..HHE__20250416T002827Z__20250416T002927Z.mseed,HE,HEF,0,0,0,0,2025-04-16 00:28:32.260000,0.929,2025-04-16 00:28:50.060000,0.813,2025-04-16 00:28:27.000000,2025-04-16 00:29:27.000000,eqcct_earthquakes_th0_1/20250416T002827Z_20250416T002927Z/HEF_outputs/X_prediction_results.csv
SGF/FN.SGF..HHZ__20250416T002914Z__20250416T003014Z.mseed,FN,SGF,0,0,0,0,2025-04-16 00:29:18.840000,0.363,2025-04-16 00:29:24.220000,0.345,2025-04-16 00:29:14.000000,2025-04-16 00:30:14.000000,eqcct_earthquakes_th0_1/20250416T002914Z_20250416T003014Z/SGF_outputs/X_prediction_results.csv
KU6/HE.KU6..HHZ__20250420T190511Z__20250420T190611Z.mseed,HE,KU6,0,0,0,0,2025-04-20 19:05:16.030000,0.967,2025-04-20 19:05:19.690000,0.873,2025-04-20 19:05:11.000000,2025-04-20 19:06:11.000000,eqcct_earthquakes_th0_1/20250420T190511Z_20250420T190611Z/KU6_outputs/X_prediction_results.csv
MSF/FN.MSF..HHZ__20250420T190512Z__20250420T190612Z.mseed,FN,MSF,0,0,0,0,2025-04-20 19:05:17.490000,0.915,2025-04-20 19:05:22.160000,0.885,2025-04-20 19:05:12.000000,2025-04-20 19:06:12.000000,eqcct_earthquakes_th0_1/20250420T190512Z_20250420T190612Z/MSF_outputs/X_prediction_results.csv
OLKF/FN.OLKF..HHZ__20250420T190512Z__20250420T190612Z.mseed,FN,OLKF,0,0,0,0,2025-04-20 19:05:17.600000,0.84,2025-04-20 19:05:22.370000,0.737,2025-04-20 19:05:12.000000,2025-04-20 19:06:12.000000,eqcct_earthquakes_th0_1/20250420T190512Z_20250420T190612Z/OLKF_outputs/X_prediction_results.csv
RANF/FN.RANF..HHN__20250420T190540Z__20250420T190640Z.mseed,FN,RANF,0,0,0,0,2025-04-20 19:05:45.700000,0.509,,,2025-04-20 19:05:40.000000,2025-04-20 19:06:40.000000,eqcct_earthquakes_th0_1/20250420T190540Z_20250420T190640Z/RANF_outputs/X_prediction_results.csv
FIA0/HE.FIA0..HHE__20250422T034850Z__20250422T034950Z.mseed,HE,FIA0,0,0,0,0,2025-04-22 03:48:54.980000,0.189,,,2025-04-22 03:48:50.000000,2025-04-22 03:49:50.000000,eqcct_earthquakes_th0_1/20250422T034850Z_20250422T034950Z/FIA0_outputs/X_prediction_results.csv
FIA1/HE.FIA1..HHN__20250422T034850Z__20250422T034950Z.mseed,HE,FIA1,0,0,0,0,2025-04-22 03:48:54.860000,0.638,,,2025-04-22 03:48:50.000000,2025-04-22 03:49:50.000000,eqcct_earthquakes_th0_1/20250422T034850Z_20250422T034950Z/FIA1_outputs/X_prediction_results.csv
VJF/HE.VJF..HHE__20250422T034850Z__20250422T034950Z.mseed,HE,VJF,0,0,0,0,2025-04-22 03:48:55.628000,0.58,2025-04-22 03:48:55.558000,0.126,2025-04-22 03:48:50.000000,2025-04-22 03:49:50.000000,eqcct_earthquakes_th0_1/20250422T034850Z_20250422T034950Z/VJF_outputs/X_prediction_results.csv
OBF8/HE.OBF8..HHN__20250423T183501Z__20250423T183601Z.mseed,HE,OBF8,0,0,0,0,2025-04-23 18:35:06.580000,0.836,2025-04-23 18:35:20.810000,0.329,2025-04-23 18:35:01.000000,2025-04-23 18:36:01.000000,eqcct_earthquakes_th0_1/20250423T183501Z_20250423T183601Z/OBF8_outputs/X_prediction_results.csv
VAF/HE.VAF..HHN__20250423T183504Z__20250423T183604Z.mseed,HE,VAF,0,0,0,0,2025-04-23 18:35:09.930000,0.948,2025-04-23 18:35:27.040000,0.325,2025-04-23 18:35:04.000000,2025-04-23 18:36:04.000000,eqcct_earthquakes_th0_1/20250423T183504Z_20250423T183604Z/VAF_outputs/X_prediction_results.csv
OBF0/HE.OBF0..HHZ__20250423T183507Z__20250423T183607Z.mseed,HE,OBF0,0,0,0,0,2025-04-23 18:35:12.800000,0.891,2025-04-23 18:35:32.410000,0.813,2025-04-23 18:35:07.000000,2025-04-23 18:36:07.000000,eqcct_earthquakes_th0_1/20250423T183507Z_20250423T183607Z/OBF0_outputs/X_prediction_results.csv
ALAJF/HE.ALAJF..HHN__20250423T183510Z__20250423T183610Z.mseed,HE,ALAJF,0,0,0,0,2025-04-23 18:35:15.976000,0.83,2025-04-23 18:35:38.196000,0.715,2025-04-23 18:35:10.000000,2025-04-23 18:36:10.000000,eqcct_earthquakes_th0_1/20250423T183510Z_20250423T183610Z/ALAJF_outputs/X_prediction_results.csv
OBF3/HE.OBF3..HHN__20250423T183512Z__20250423T183612Z.mseed,HE,OBF3,0,0,0,0,2025-04-23 18:35:16.612000,0.808,2025-04-23 18:35:40.712000,0.686,2025-04-23 18:35:12.000000,2025-04-23 18:36:12.000000,eqcct_earthquakes_th0_1/20250423T183512Z_20250423T183612Z/OBF3_outputs/X_prediction_results.csv
OUL/FN.OUL..HHE__20250423T183521Z__20250423T183621Z.mseed,FN,OUL,0,0,0,0,2025-04-23 18:35:25.990000,0.699,2025-04-23 18:35:58.460000,0.477,2025-04-23 18:35:21.000000,2025-04-23 18:36:21.000000,eqcct_earthquakes_th0_1/20250423T183521Z_20250423T183621Z/OUL_outputs/X_prediction_results.csv
KPF/HE.KPF..HHN__20250423T183521Z__20250423T183621Z.mseed,HE,KPF,0,0,0,0,2025-04-23 18:35:25.204000,0.785,2025-04-23 18:35:56.174000,0.222,2025-04-23 18:35:21.000000,2025-04-23 18:36:21.000000,eqcct_earthquakes_th0_1/20250423T183521Z_20250423T183621Z/KPF_outputs/X_prediction_results.csv
KEF/HE.KEF..HHZ__20250423T183524Z__20250423T183624Z.mseed,HE,KEF,0,0,0,0,2025-04-23 18:35:29.300000,0.794,2025-04-23 18:36:02.110000,0.465,2025-04-23 18:35:24.000000,2025-04-23 18:36:24.000000,eqcct_earthquakes_th0_1/20250423T183524Z_20250423T183624Z/KEF_outputs/X_prediction_results.csv
VJF/HE.VJF..HHE__20250425T183828Z__20250425T183928Z.mseed,HE,VJF,0,0,0,0,2025-04-25 18:38:33.236000,0.928,2025-04-25 18:38:39.866000,0.623,2025-04-25 18:38:28.000000,2025-04-25 18:39:28.000000,eqcct_earthquakes_th0_1/20250425T183828Z_20250425T183928Z/VJF_outputs/X_prediction_results.csv
RUF/HE.RUF..HHN__20250425T183832Z__20250425T183932Z.mseed,HE,RUF,0,0,0,0,2025-04-25 18:38:37.216000,0.896,2025-04-25 18:38:47.276000,0.379,2025-04-25 18:38:32.000000,2025-04-25 18:39:32.000000,eqcct_earthquakes_th0_1/20250425T183832Z_20250425T183932Z/RUF_outputs/X_prediction_results.csv
FIA0/HE.FIA0..HHZ__20250425T183843Z__20250425T183943Z.mseed,HE,FIA0,0,0,0,0,2025-04-25 18:38:47.040000,0.732,,,2025-04-25 18:38:43.000000,2025-04-25 18:39:43.000000,eqcct_earthquakes_th0_1/20250425T183843Z_20250425T183943Z/FIA0_outputs/X_prediction_results.csv
FIA1/HE.FIA1..HHN__20250425T183843Z__20250425T183943Z.mseed,HE,FIA1,0,0,0,0,2025-04-25 18:38:47.040000,0.698,2025-04-25 18:39:05.710000,0.146,2025-04-25 18:38:43.000000,2025-04-25 18:39:43.000000,eqcct_earthquakes_th0_1/20250425T183843Z_20250425T183943Z/FIA1_outputs/X_prediction_results.csv
KAF/HE.KAF..HHZ__20250425T183849Z__20250425T183949Z.mseed,HE,KAF,0,0,0,0,2025-04-25 18:38:54.510000,0.705,2025-04-25 18:39:17.130000,0.166,2025-04-25 18:38:49.000000,2025-04-25 18:39:49.000000,eqcct_earthquakes_th0_1/20250425T183849Z_20250425T183949Z/KAF_outputs/X_prediction_results.csv
NUR/HE.NUR..HHN__20250425T183852Z__20250425T183952Z.mseed,HE,NUR,0,0,0,0,2025-04-25 18:38:57.480000,0.861,,,2025-04-25 18:38:52.000000,2025-04-25 18:39:52.000000,eqcct_earthquakes_th0_1/20250425T183852Z_20250425T183952Z/NUR_outputs/X_prediction_results.csv
MEF/HE.MEF..HHN__20250425T183855Z__20250425T183955Z.mseed,HE,MEF,0,0,0,0,2025-04-25 18:38:59.060000,0.417,,,2025-04-25 18:38:55.000000,2025-04-25 18:39:55.000000,eqcct_earthquakes_th0_1/20250425T183855Z_20250425T183955Z/MEF_outputs/X_prediction_results.csv
KEF/HE.KEF..HHN__20250425T183857Z__20250425T183957Z.mseed,HE,KEF,0,0,0,0,2025-04-25 18:39:01.610000,0.611,2025-04-25 18:39:43.000000,0.17,2025-04-25 18:38:57.000000,2025-04-25 18:39:57.000000,eqcct_earthquakes_th0_1/20250425T183857Z_20250425T183957Z/KEF_outputs/X_prediction_results.csv
VUOS/HE.VUOS..HHN__20250425T183912Z__20250425T184012Z.mseed,HE,VUOS,0,0,0,0,2025-04-25 18:39:16.760000,0.306,,,2025-04-25 18:39:12.000000,2025-04-25 18:40:12.000000,eqcct_earthquakes_th0_1/20250425T183912Z_20250425T184012Z/VUOS_outputs/X_prediction_results.csv
VJF/HE.VJF..HHN__20250425T214729Z__20250425T214829Z.mseed,HE,VJF,0,0,0,0,2025-04-25 21:47:34.716000,0.893,2025-04-25 21:47:42.836000,0.848,2025-04-25 21:47:29.000000,2025-04-25 21:48:29.000000,eqcct_earthquakes_th0_1/20250425T214729Z_20250425T214829Z/VJF_outputs/X_prediction_results.csv
FIA0/HE.FIA0..HHN__20250425T214730Z__20250425T214830Z.mseed,HE,FIA0,0,0,0,0,2025-04-25 21:47:35.100000,0.948,2025-04-25 21:47:43.000000,0.66,2025-04-25 21:47:30.000000,2025-04-25 21:48:30.000000,eqcct_earthquakes_th0_1/20250425T214730Z_20250425T214830Z/FIA0_outputs/X_prediction_results.csv
FIA1/HE.FIA1..HHN__20250425T214730Z__20250425T214830Z.mseed,HE,FIA1,0,0,0,0,2025-04-25 21:47:35.140000,0.89,2025-04-25 21:47:43.040000,0.741,2025-04-25 21:47:30.000000,2025-04-25 21:48:30.000000,eqcct_earthquakes_th0_1/20250425T214730Z_20250425T214830Z/FIA1_outputs/X_prediction_results.csv
VUOS/HE.VUOS..HHE__20250425T214737Z__20250425T214837Z.mseed,HE,VUOS,0,0,0,0,2025-04-25 21:47:42.676000,0.626,2025-04-25 21:47:56.146000,0.447,2025-04-25 21:47:37.000000,2025-04-25 21:48:37.000000,eqcct_earthquakes_th0_1/20250425T214737Z_20250425T214837Z/VUOS_outputs/X_prediction_results.csv
KUNI/HE.KUNI..HHZ__20250425T214738Z__20250425T214838Z.mseed,HE,KUNI,0,0,0,0,2025-04-25 21:47:43.264000,0.936,2025-04-25 21:47:57.274000,0.514,2025-04-25 21:47:38.000000,2025-04-25 21:48:38.000000,eqcct_earthquakes_th0_1/20250425T214738Z_20250425T214838Z/KUNI_outputs/X_prediction_results.csv
KAF/HE.KAF..HHN__20250425T214741Z__20250425T214841Z.mseed,HE,KAF,0,0,0,0,2025-04-25 21:47:46.270000,0.827,2025-04-25 21:48:02.480000,0.575,2025-04-25 21:47:41.000000,2025-04-25 21:48:41.000000,eqcct_earthquakes_th0_1/20250425T214741Z_20250425T214841Z/KAF_outputs/X_prediction_results.csv
RUF/HE.RUF..HHN__20250425T214741Z__20250425T214841Z.mseed,HE,RUF,0,0,0,0,2025-04-25 21:47:46.104000,0.885,2025-04-25 21:48:02.944000,0.63,2025-04-25 21:47:41.000000,2025-04-25 21:48:41.000000,eqcct_earthquakes_th0_1/20250425T214741Z_20250425T214841Z/RUF_outputs/X_prediction_results.csv
MEF/HE.MEF..HHN__20250425T214742Z__20250425T214842Z.mseed,HE,MEF,0,0,0,0,2025-04-25 21:47:47.550000,0.783,2025-04-25 21:48:09.440000,0.609,2025-04-25 21:47:42.000000,2025-04-25 21:48:42.000000,eqcct_earthquakes_th0_1/20250425T214742Z_20250425T214842Z/MEF_outputs/X_prediction_results.csv
KEF/HE.KEF..HHN__20250425T214746Z__20250425T214846Z.mseed,HE,KEF,0,0,0,0,2025-04-25 21:47:51.820000,0.606,2025-04-25 21:48:11.870000,0.701,2025-04-25 21:47:46.000000,2025-04-25 21:48:46.000000,eqcct_earthquakes_th0_1/20250425T214746Z_20250425T214846Z/KEF_outputs/X_prediction_results.csv
SUF/HE.SUF..HHN__20250425T214752Z__20250425T214852Z.mseed,HE,SUF,0,0,0,0,2025-04-25 21:47:56.272000,0.552,2025-04-25 21:48:21.422000,0.328,2025-04-25 21:47:52.000000,2025-04-25 21:48:52.000000,eqcct_earthquakes_th0_1/20250425T214752Z_20250425T214852Z/SUF_outputs/X_prediction_results.csv
RAF/HE.RAF..HHN__20250425T214800Z__20250425T214900Z.mseed,HE,RAF,0,0,0,0,2025-04-25 21:48:04.670000,0.629,2025-04-25 21:48:36.620000,0.162,2025-04-25 21:48:00.000000,2025-04-25 21:49:00.000000,eqcct_earthquakes_th0_1/20250425T214800Z_20250425T214900Z/RAF_outputs/X_prediction_results.csv
KPF/HE.KPF..HHE__20250425T214801Z__20250425T214901Z.mseed,HE,KPF,0,0,0,0,2025-04-25 21:48:05.268000,0.745,2025-04-25 21:48:37.438000,0.547,2025-04-25 21:48:01.000000,2025-04-25 21:49:01.000000,eqcct_earthquakes_th0_1/20250425T214801Z_20250425T214901Z/KPF_outputs/X_prediction_results.csv
ALAJF/HE.ALAJF..HHE__20250425T214836Z__20250425T214936Z.mseed,HE,ALAJF,0,0,0,0,2025-04-25 21:48:40.652000,0.641,2025-04-25 21:48:42.002000,0.231,2025-04-25 21:48:36.000000,2025-04-25 21:49:36.000000,eqcct_earthquakes_th0_1/20250425T214836Z_20250425T214936Z/ALAJF_outputs/X_prediction_results.csv
NIF/HE.NIF..HHZ__20250425T214837Z__20250425T214937Z.mseed,HE,NIF,0,0,0,0,2025-04-25 21:48:42.228000,0.497,,,2025-04-25 21:48:37.000000,2025-04-25 21:49:37.000000,eqcct_earthquakes_th0_1/20250425T214837Z_20250425T214937Z/NIF_outputs/X_prediction_results.csv
KEV/HE.KEV..HHN__20250426T203729Z__20250426T203829Z.mseed,HE,KEV,0,0,0,0,2025-04-26 20:37:34.030000,0.862,2025-04-26 20:37:46.180000,0.391,2025-04-26 20:37:29.000000,2025-04-26 20:38:29.000000,eqcct_earthquakes_th0_1/20250426T203729Z_20250426T203829Z/KEV_outputs/X_prediction_results.csv
KMNF/FN.KMNF..HHE__20250426T203731Z__20250426T203831Z.mseed,FN,KMNF,0,0,0,0,2025-04-26 20:37:36.600000,0.865,2025-04-26 20:37:51.720000,0.23,2025-04-26 20:37:31.000000,2025-04-26 20:38:31.000000,eqcct_earthquakes_th0_1/20250426T203731Z_20250426T203831Z/KMNF_outputs/X_prediction_results.csv
HEF/HE.HEF..HHN__20250426T203734Z__20250426T203834Z.mseed,HE,HEF,0,0,0,0,2025-04-26 20:37:39.150000,0.758,2025-04-26 20:37:56.050000,0.218,2025-04-26 20:37:34.000000,2025-04-26 20:38:34.000000,eqcct_earthquakes_th0_1/20250426T203734Z_20250426T203834Z/HEF_outputs/X_prediction_results.csv
KIF/HE.KIF..HHE__20250426T203752Z__20250426T203852Z.mseed,HE,KIF,0,0,0,0,2025-04-26 20:37:56.320000,0.253,,,2025-04-26 20:37:52.000000,2025-04-26 20:38:52.000000,eqcct_earthquakes_th0_1/20250426T203752Z_20250426T203852Z/KIF_outputs/X_prediction_results.csv
RAJF/FN.RAJF..HHN__20250426T203808Z__20250426T203908Z.mseed,FN,RAJF,0,0,0,0,2025-04-26 20:38:13.750000,0.423,,,2025-04-26 20:38:08.000000,2025-04-26 20:39:08.000000,eqcct_earthquakes_th0_1/20250426T203808Z_20250426T203908Z/RAJF_outputs/X_prediction_results.csv
OLKF/FN.OLKF..HHE__20250427T012157Z__20250427T012257Z.mseed,FN,OLKF,0,0,0,0,2025-04-27 01:22:02.850000,0.919,2025-04-27 01:22:06.860000,0.799,2025-04-27 01:21:57.000000,2025-04-27 01:22:57.000000,eqcct_earthquakes_th0_1/20250427T012157Z_20250427T012257Z/OLKF_outputs/X_prediction_results.csv
MSF/FN.MSF..HHZ__20250427T012158Z__20250427T012258Z.mseed,FN,MSF,0,0,0,0,2025-04-27 01:22:03.630000,0.922,2025-04-27 01:22:08.040000,0.864,2025-04-27 01:21:58.000000,2025-04-27 01:22:58.000000,eqcct_earthquakes_th0_1/20250427T012158Z_20250427T012258Z/MSF_outputs/X_prediction_results.csv
KU6/HE.KU6..HHZ__20250427T012159Z__20250427T012259Z.mseed,HE,KU6,0,0,0,0,2025-04-27 01:22:04.790000,0.882,2025-04-27 01:22:10.200000,0.846,2025-04-27 01:21:59.000000,2025-04-27 01:22:59.000000,eqcct_earthquakes_th0_1/20250427T012159Z_20250427T012259Z/KU6_outputs/X_prediction_results.csv
RANF/FN.RANF..HHN__20250427T012209Z__20250427T012309Z.mseed,FN,RANF,0,0,0,0,2025-04-27 01:22:14.750000,0.88,2025-04-27 01:22:26.910000,0.743,2025-04-27 01:22:09.000000,2025-04-27 01:23:09.000000,eqcct_earthquakes_th0_1/20250427T012209Z_20250427T012309Z/RANF_outputs/X_prediction_results.csv
RNF/FN.RNF..HHN__20250427T012216Z__20250427T012316Z.mseed,FN,RNF,0,0,0,0,2025-04-27 01:22:21.130000,0.437,2025-04-27 01:22:38.580000,0.141,2025-04-27 01:22:16.000000,2025-04-27 01:23:16.000000,eqcct_earthquakes_th0_1/20250427T012216Z_20250427T012316Z/RNF_outputs/X_prediction_results.csv
SGF/FN.SGF..HHZ__20250427T012241Z__20250427T012341Z.mseed,FN,SGF,0,0,0,0,2025-04-27 01:22:45.310000,0.276,,,2025-04-27 01:22:41.000000,2025-04-27 01:23:41.000000,eqcct_earthquakes_th0_1/20250427T012241Z_20250427T012341Z/SGF_outputs/X_prediction_results.csv
KLF/FN.KLF..HHZ__20250427T053552Z__20250427T053652Z.mseed,FN,KLF,0,0,0,0,2025-04-27 05:35:57.550000,0.928,2025-04-27 05:36:06.810000,0.655,2025-04-27 05:35:52.000000,2025-04-27 05:36:52.000000,eqcct_earthquakes_th0_1/20250427T053552Z_20250427T053652Z/KLF_outputs/X_prediction_results.csv
HEF/HE.HEF..HHZ__20250427T053555Z__20250427T053655Z.mseed,HE,HEF,0,0,0,0,2025-04-27 05:36:00.680000,0.927,2025-04-27 05:36:12.430000,0.69,2025-04-27 05:35:55.000000,2025-04-27 05:36:55.000000,eqcct_earthquakes_th0_1/20250427T053555Z_20250427T053655Z/HEF_outputs/X_prediction_results.csv
KIF/HE.KIF..HHN__20250427T053606Z__20250427T053706Z.mseed,HE,KIF,0,0,0,0,2025-04-27 05:36:11.770000,0.714,2025-04-27 05:36:31.890000,0.289,2025-04-27 05:36:06.000000,2025-04-27 05:37:06.000000,eqcct_earthquakes_th0_1/20250427T053606Z_20250427T053706Z/KIF_outputs/X_prediction_results.csv
SGF/FN.SGF..HHN__20250427T053607Z__20250427T053707Z.mseed,FN,SGF,0,0,0,0,2025-04-27 05:36:12.700000,0.859,2025-04-27 05:36:32.850000,0.386,2025-04-27 05:36:07.000000,2025-04-27 05:37:07.000000,eqcct_earthquakes_th0_1/20250427T053607Z_20250427T053707Z/SGF_outputs/X_prediction_results.csv
RNF/FN.RNF..HHN__20250427T053610Z__20250427T053710Z.mseed,FN,RNF,0,0,0,0,2025-04-27 05:36:15.060000,0.849,2025-04-27 05:36:37.520000,0.299,2025-04-27 05:36:10.000000,2025-04-27 05:37:10.000000,eqcct_earthquakes_th0_1/20250427T053610Z_20250427T053710Z/RNF_outputs/X_prediction_results.csv
KLF/FN.KLF..HHN__20250427T071035Z__20250427T071135Z.mseed,FN,KLF,0,0,0,0,2025-04-27 07:10:40.600000,0.951,2025-04-27 07:10:49.870000,0.691,2025-04-27 07:10:35.000000,2025-04-27 07:11:35.000000,eqcct_earthquakes_th0_1/20250427T071035Z_20250427T071135Z/KLF_outputs/X_prediction_results.csv
HEF/HE.HEF..HHN__20250427T071050Z__20250427T071150Z.mseed,HE,HEF,0,0,0,0,2025-04-27 07:10:54.320000,0.295,2025-04-27 07:10:55.690000,0.472,2025-04-27 07:10:50.000000,2025-04-27 07:11:50.000000,eqcct_earthquakes_th0_1/20250427T071050Z_20250427T071150Z/HEF_outputs/X_prediction_results.csv
VJF/HE.VJF..HHN__20250430T120410Z__20250430T120510Z.mseed,HE,VJF,0,0,0,0,2025-04-30 12:04:15.952000,0.942,2025-04-30 12:04:17.622000,0.878,2025-04-30 12:04:10.000000,2025-04-30 12:05:10.000000,eqcct_earthquakes_th0_1/20250430T120410Z_20250430T120510Z/VJF_outputs/X_prediction_results.csv
VUOS/HE.VUOS..HHE__20250430T120429Z__20250430T120529Z.mseed,HE,VUOS,0,0,0,0,2025-04-30 12:04:34.668000,0.895,2025-04-30 12:04:50.238000,0.642,2025-04-30 12:04:29.000000,2025-04-30 12:05:29.000000,eqcct_earthquakes_th0_1/20250430T120429Z_20250430T120529Z/VUOS_outputs/X_prediction_results.csv
FIA1/HE.FIA1..HHN__20250430T120430Z__20250430T120530Z.mseed,HE,FIA1,0,0,0,0,2025-04-30 12:04:35.290000,0.835,2025-04-30 12:04:51.920000,0.557,2025-04-30 12:04:30.000000,2025-04-30 12:05:30.000000,eqcct_earthquakes_th0_1/20250430T120430Z_20250430T120530Z/FIA1_outputs/X_prediction_results.csv
FIA0/HE.FIA0..HHE__20250430T120430Z__20250430T120530Z.mseed,HE,FIA0,0,0,0,0,2025-04-30 12:04:35.270000,0.81,2025-04-30 12:04:51.940000,0.761,2025-04-30 12:04:30.000000,2025-04-30 12:05:30.000000,eqcct_earthquakes_th0_1/20250430T120430Z_20250430T120530Z/FIA0_outputs/X_prediction_results.csv
RUF/HE.RUF..HHE__20250430T120430Z__20250430T120530Z.mseed,HE,RUF,0,0,0,0,2025-04-30 12:04:35.696000,0.795,2025-04-30 12:04:52.466000,0.582,2025-04-30 12:04:30.000000,2025-04-30 12:05:30.000000,eqcct_earthquakes_th0_1/20250430T120430Z_20250430T120530Z/RUF_outputs/X_prediction_results.csv
KUNI/HE.KUNI..HHE__20250430T120431Z__20250430T120531Z.mseed,HE,KUNI,0,0,0,0,2025-04-30 12:04:36.392000,0.784,2025-04-30 12:04:53.262000,0.688,2025-04-30 12:04:31.000000,2025-04-30 12:05:31.000000,eqcct_earthquakes_th0_1/20250430T120431Z_20250430T120531Z/KUNI_outputs/X_prediction_results.csv
LAUT/HE.LAUT..HHE__20250430T120432Z__20250430T120532Z.mseed,HE,LAUT,0,0,0,0,2025-04-30 12:04:37.412000,0.705,2025-04-30 12:04:54.572000,0.777,2025-04-30 12:04:32.000000,2025-04-30 12:05:32.000000,eqcct_earthquakes_th0_1/20250430T120432Z_20250430T120532Z/LAUT_outputs/X_prediction_results.csv
NUR/HE.NUR..HHN__20250430T120433Z__20250430T120533Z.mseed,HE,NUR,0,0,0,0,2025-04-30 12:04:38.516000,0.794,2025-04-30 12:04:56.666000,0.669,2025-04-30 12:04:33.000000,2025-04-30 12:05:33.000000,eqcct_earthquakes_th0_1/20250430T120433Z_20250430T120533Z/NUR_outputs/X_prediction_results.csv
HEL5/HE.HEL5..HHN__20250430T120433Z__20250430T120533Z.mseed,HE,HEL5,0,0,0,0,2025-04-30 12:04:38.432000,0.925,2025-04-30 12:04:56.982000,0.721,2025-04-30 12:04:33.000000,2025-04-30 12:05:33.000000,eqcct_earthquakes_th0_1/20250430T120433Z_20250430T120533Z/HEL5_outputs/X_prediction_results.csv
MEF/HE.MEF..HHE__20250430T120436Z__20250430T120536Z.mseed,HE,MEF,0,0,0,0,2025-04-30 12:04:41.390000,0.876,2025-04-30 12:05:01.400000,0.549,2025-04-30 12:04:36.000000,2025-04-30 12:05:36.000000,eqcct_earthquakes_th0_1/20250430T120436Z_20250430T120536Z/MEF_outputs/X_prediction_results.csv
KAF/HE.KAF..HHE__20250430T120439Z__20250430T120539Z.mseed,HE,KAF,0,0,0,0,2025-04-30 12:04:44.960000,0.892,2025-04-30 12:05:09.970000,0.473,2025-04-30 12:04:39.000000,2025-04-30 12:05:39.000000,eqcct_earthquakes_th0_1/20250430T120439Z_20250430T120539Z/KAF_outputs/X_prediction_results.csv
TVF/HE.TVF..HHN__20250430T120445Z__20250430T120545Z.mseed,HE,TVF,0,0,0,0,2025-04-30 12:04:50.972000,0.658,2025-04-30 12:05:19.692000,0.411,2025-04-30 12:04:45.000000,2025-04-30 12:05:45.000000,eqcct_earthquakes_th0_1/20250430T120445Z_20250430T120545Z/TVF_outputs/X_prediction_results.csv
KEF/HE.KEF..HHN__20250430T120446Z__20250430T120546Z.mseed,HE,KEF,0,0,0,0,2025-04-30 12:04:51.280000,0.828,2025-04-30 12:05:20.310000,0.416,2025-04-30 12:04:46.000000,2025-04-30 12:05:46.000000,eqcct_earthquakes_th0_1/20250430T120446Z_20250430T120546Z/KEF_outputs/X_prediction_results.csv
RSUO/HE.RSUO..HHZ__20250430T120448Z__20250430T120548Z.mseed,HE,RSUO,0,0,0,0,2025-04-30 12:04:52.032000,0.899,,,2025-04-30 12:04:48.000000,2025-04-30 12:05:48.000000,eqcct_earthquakes_th0_1/20250430T120448Z_20250430T120548Z/RSUO_outputs/X_prediction_results.csv
HEL1/HE.HEL1..HHN__20250430T120448Z__20250430T120548Z.mseed,HE,HEL1,0,0,0,0,2025-04-30 12:04:53.866000,0.582,2025-04-30 12:04:58.376000,0.48,2025-04-30 12:04:48.000000,2025-04-30 12:05:48.000000,eqcct_earthquakes_th0_1/20250430T120448Z_20250430T120548Z/HEL1_outputs/X_prediction_results.csv
SUF/HE.SUF..HHZ__20250430T120450Z__20250430T120550Z.mseed,HE,SUF,0,0,0,0,2025-04-30 12:04:54.128000,0.722,2025-04-30 12:05:26.288000,0.335,2025-04-30 12:04:50.000000,2025-04-30 12:05:50.000000,eqcct_earthquakes_th0_1/20250430T120450Z_20250430T120550Z/SUF_outputs/X_prediction_results.csv
VJF/HE.VJF..HHN__20250430T161123Z__20250430T161223Z.mseed,HE,VJF,0,0,0,0,2025-04-30 16:11:28.780000,0.964,2025-04-30 16:11:30.500000,0.9,2025-04-30 16:11:23.000000,2025-04-30 16:12:23.000000,eqcct_earthquakes_th0_1/20250430T161123Z_20250430T161223Z/VJF_outputs/X_prediction_results.csv
FIA0/HE.FIA0..HHN__20250430T161143Z__20250430T161243Z.mseed,HE,FIA0,0,0,0,0,2025-04-30 16:11:48.160000,0.817,2025-04-30 16:12:04.840000,0.328,2025-04-30 16:11:43.000000,2025-04-30 16:12:43.000000,eqcct_earthquakes_th0_1/20250430T161143Z_20250430T161243Z/FIA0_outputs/X_prediction_results.csv
FIA1/HE.FIA1..HHZ__20250430T161143Z__20250430T161243Z.mseed,HE,FIA1,0,0,0,0,2025-04-30 16:11:48.160000,0.796,2025-04-30 16:12:04.950000,0.229,2025-04-30 16:11:43.000000,2025-04-30 16:12:43.000000,eqcct_earthquakes_th0_1/20250430T161143Z_20250430T161243Z/FIA1_outputs/X_prediction_results.csv
MEF/HE.MEF..HHN__20250430T161148Z__20250430T161248Z.mseed,HE,MEF,0,0,0,0,2025-04-30 16:11:52.420000,0.715,,,2025-04-30 16:11:48.000000,2025-04-30 16:12:48.000000,eqcct_earthquakes_th0_1/20250430T161148Z_20250430T161248Z/MEF_outputs/X_prediction_results.csv
VUOS/HE.VUOS..HHN__20250430T161157Z__20250430T161257Z.mseed,HE,VUOS,0,0,0,0,2025-04-30 16:12:01.512000,0.396,2025-04-30 16:12:08.192000,0.817,2025-04-30 16:11:57.000000,2025-04-30 16:12:57.000000,eqcct_earthquakes_th0_1/20250430T161157Z_20250430T161257Z/VUOS_outputs/X_prediction_results.csv
RUF/HE.RUF..HHZ__20250430T161159Z__20250430T161259Z.mseed,HE,RUF,0,0,0,0,2025-04-30 16:12:03.376000,0.516,2025-04-30 16:12:08.746000,0.515,2025-04-30 16:11:59.000000,2025-04-30 16:12:59.000000,eqcct_earthquakes_th0_1/20250430T161159Z_20250430T161259Z/RUF_outputs/X_prediction_results.csv
KEF/HE.KEF..HHE__20250430T161227Z__20250430T161327Z.mseed,HE,KEF,0,0,0,0,2025-04-30 16:12:31.560000,0.498,2025-04-30 16:12:33.330000,0.188,2025-04-30 16:12:27.000000,2025-04-30 16:13:27.000000,eqcct_earthquakes_th0_1/20250430T161227Z_20250430T161327Z/KEF_outputs/X_prediction_results.csv
VJF/HE.VJF..HHZ__20250430T213847Z__20250430T213947Z.mseed,HE,VJF,0,0,0,0,2025-04-30 21:38:52.696000,0.959,2025-04-30 21:38:54.386000,0.881,2025-04-30 21:38:47.000000,2025-04-30 21:39:47.000000,eqcct_earthquakes_th0_1/20250430T213847Z_20250430T213947Z/VJF_outputs/X_prediction_results.csv
VUOS/HE.VUOS..HHE__20250430T213906Z__20250430T214006Z.mseed,HE,VUOS,0,0,0,0,2025-04-30 21:39:11.544000,0.832,2025-04-30 21:39:26.964000,0.759,2025-04-30 21:39:06.000000,2025-04-30 21:40:06.000000,eqcct_earthquakes_th0_1/20250430T213906Z_20250430T214006Z/VUOS_outputs/X_prediction_results.csv
RUF/HE.RUF..HHZ__20250430T213907Z__20250430T214007Z.mseed,HE,RUF,0,0,0,0,2025-04-30 21:39:12.500000,0.815,2025-04-30 21:39:32.570000,0.446,2025-04-30 21:39:07.000000,2025-04-30 21:40:07.000000,eqcct_earthquakes_th0_1/20250430T213907Z_20250430T214007Z/RUF_outputs/X_prediction_results.csv
FIA0/HE.FIA0..HHZ__20250430T213907Z__20250430T214007Z.mseed,HE,FIA0,0,0,0,0,2025-04-30 21:39:12.030000,0.804,2025-04-30 21:39:28.670000,0.726,2025-04-30 21:39:07.000000,2025-04-30 21:40:07.000000,eqcct_earthquakes_th0_1/20250430T213907Z_20250430T214007Z/FIA0_outputs/X_prediction_results.csv
FIA1/HE.FIA1..HHN__20250430T213907Z__20250430T214007Z.mseed,HE,FIA1,0,0,0,0,2025-04-30 21:39:12.030000,0.821,2025-04-30 21:39:28.610000,0.577,2025-04-30 21:39:07.000000,2025-04-30 21:40:07.000000,eqcct_earthquakes_th0_1/20250430T213907Z_20250430T214007Z/FIA1_outputs/X_prediction_results.csv
KUNI/HE.KUNI..HHE__20250430T213908Z__20250430T214008Z.mseed,HE,KUNI,0,0,0,0,2025-04-30 21:39:13.060000,0.83,2025-04-30 21:39:30.170000,0.404,2025-04-30 21:39:08.000000,2025-04-30 21:40:08.000000,eqcct_earthquakes_th0_1/20250430T213908Z_20250430T214008Z/KUNI_outputs/X_prediction_results.csv
HEL1/HE.HEL1..HHZ__20250430T213908Z__20250430T214008Z.mseed,HE,HEL1,0,0,0,0,2025-04-30 21:39:12.696000,0.865,2025-04-30 21:39:30.866000,0.404,2025-04-30 21:39:08.000000,2025-04-30 21:40:08.000000,eqcct_earthquakes_th0_1/20250430T213908Z_20250430T214008Z/HEL1_outputs/X_prediction_results.csv
NUR/HE.NUR..HHE__20250430T213909Z__20250430T214009Z.mseed,HE,NUR,0,0,0,0,2025-04-30 21:39:14.972000,0.906,2025-04-30 21:39:33.382000,0.58,2025-04-30 21:39:09.000000,2025-04-30 21:40:09.000000,eqcct_earthquakes_th0_1/20250430T213909Z_20250430T214009Z/NUR_outputs/X_prediction_results.csv
LAUT/HE.LAUT..HHE__20250430T213909Z__20250430T214009Z.mseed,HE,LAUT,0,0,0,0,2025-04-30 21:39:13.152000,0.852,2025-04-30 21:39:31.322000,0.64,2025-04-30 21:39:09.000000,2025-04-30 21:40:09.000000,eqcct_earthquakes_th0_1/20250430T213909Z_20250430T214009Z/LAUT_outputs/X_prediction_results.csv
MEF/HE.MEF..HHE__20250430T213912Z__20250430T214012Z.mseed,HE,MEF,0,0,0,0,2025-04-30 21:39:17.700000,0.872,2025-04-30 21:39:38.200000,0.609,2025-04-30 21:39:12.000000,2025-04-30 21:40:12.000000,eqcct_earthquakes_th0_1/20250430T213912Z_20250430T214012Z/MEF_outputs/X_prediction_results.csv
KAF/HE.KAF..HHZ__20250430T213916Z__20250430T214016Z.mseed,HE,KAF,0,0,0,0,2025-04-30 21:39:21.620000,0.797,2025-04-30 21:39:46.680000,0.332,2025-04-30 21:39:16.000000,2025-04-30 21:40:16.000000,eqcct_earthquakes_th0_1/20250430T213916Z_20250430T214016Z/KAF_outputs/X_prediction_results.csv
KEF/HE.KEF..HHN__20250430T213922Z__20250430T214022Z.mseed,HE,KEF,0,0,0,0,2025-04-30 21:39:27.770000,0.739,2025-04-30 21:39:57.030000,0.53,2025-04-30 21:39:22.000000,2025-04-30 21:40:22.000000,eqcct_earthquakes_th0_1/20250430T213922Z_20250430T214022Z/KEF_outputs/X_prediction_results.csv
TVF/HE.TVF..HHN__20250430T213951Z__20250430T214051Z.mseed,HE,TVF,0,0,0,0,2025-04-30 21:39:56.282000,0.164,,,2025-04-30 21:39:51.000000,2025-04-30 21:40:51.000000,eqcct_earthquakes_th0_1/20250430T213951Z_20250430T214051Z/TVF_outputs/X_prediction_results.csv
SUF/HE.SUF..HHZ__20250430T213957Z__20250430T214057Z.mseed,HE,SUF,0,0,0,0,2025-04-30 21:40:01.414000,0.187,2025-04-30 21:40:03.614000,0.557,2025-04-30 21:39:57.000000,2025-04-30 21:40:57.000000,eqcct_earthquakes_th0_1/20250430T213957Z_20250430T214057Z/SUF_outputs/X_prediction_results.csv
KIF/HE.KIF..HHE__20250501T063336Z__20250501T063436Z.mseed,HE,KIF,0,0,0,0,2025-05-01 06:33:40.600000,0.37,2025-05-01 06:34:00.340000,0.413,2025-05-01 06:33:36.000000,2025-05-01 06:34:36.000000,eqcct_earthquakes_th0_1/20250501T063336Z_20250501T063436Z/KIF_outputs/X_prediction_results.csv
HEF/HE.HEF..HHN__20250501T063341Z__20250501T063441Z.mseed,HE,HEF,0,0,0,0,2025-05-01 06:33:47.260000,0.737,2025-05-01 06:34:09.120000,0.292,2025-05-01 06:33:41.000000,2025-05-01 06:34:41.000000,eqcct_earthquakes_th0_1/20250501T063341Z_20250501T063441Z/HEF_outputs/X_prediction_results.csv
KLF/FN.KLF..HHZ__20250501T063342Z__20250501T063442Z.mseed,FN,KLF,0,0,0,0,2025-05-01 06:33:47.650000,0.608,,,2025-05-01 06:33:42.000000,2025-05-01 06:34:42.000000,eqcct_earthquakes_th0_1/20250501T063342Z_20250501T063442Z/KLF_outputs/X_prediction_results.csv
RNF/FN.RNF..HHE__20250501T063434Z__20250501T063534Z.mseed,FN,RNF,0,0,0,0,2025-05-01 06:34:38.120000,0.448,,,2025-05-01 06:34:34.000000,2025-05-01 06:35:34.000000,eqcct_earthquakes_th0_1/20250501T063434Z_20250501T063534Z/RNF_outputs/X_prediction_results.csv
HEF/HE.HEF..HHZ__20250502T072938Z__20250502T073038Z.mseed,HE,HEF,0,0,0,0,2025-05-02 07:29:43.540000,0.914,2025-05-02 07:29:49.210000,0.856,2025-05-02 07:29:38.000000,2025-05-02 07:30:38.000000,eqcct_earthquakes_th0_1/20250502T072938Z_20250502T073038Z/HEF_outputs/X_prediction_results.csv
KIF/HE.KIF..HHN__20250502T072946Z__20250502T073046Z.mseed,HE,KIF,0,0,0,0,2025-05-02 07:29:51.260000,0.913,2025-05-02 07:30:02.920000,0.547,2025-05-02 07:29:46.000000,2025-05-02 07:30:46.000000,eqcct_earthquakes_th0_1/20250502T072946Z_20250502T073046Z/KIF_outputs/X_prediction_results.csv
KLF/FN.KLF..HHZ__20250502T072954Z__20250502T073054Z.mseed,FN,KLF,0,0,0,0,2025-05-02 07:29:58.970000,0.753,2025-05-02 07:30:16.400000,0.498,2025-05-02 07:29:54.000000,2025-05-02 07:30:54.000000,eqcct_earthquakes_th0_1/20250502T072954Z_20250502T073054Z/KLF_outputs/X_prediction_results.csv
SGF/FN.SGF..HHZ__20250502T073022Z__20250502T073122Z.mseed,FN,SGF,0,0,0,0,2025-05-02 07:30:26.090000,0.313,,,2025-05-02 07:30:22.000000,2025-05-02 07:31:22.000000,eqcct_earthquakes_th0_1/20250502T073022Z_20250502T073122Z/SGF_outputs/X_prediction_results.csv
VJF/HE.VJF..HHE__20250507T104633Z__20250507T104733Z.mseed,HE,VJF,0,0,0,0,2025-05-07 10:46:38.510000,0.895,2025-05-07 10:46:42.310000,0.895,2025-05-07 10:46:33.000000,2025-05-07 10:47:33.000000,eqcct_earthquakes_th0_1/20250507T104633Z_20250507T104733Z/VJF_outputs/X_prediction_results.csv
FIA0/HE.FIA0..HHE__20250507T104649Z__20250507T104749Z.mseed,HE,FIA0,0,0,0,0,2025-05-07 10:46:53.670000,0.612,,,2025-05-07 10:46:49.000000,2025-05-07 10:47:49.000000,eqcct_earthquakes_th0_1/20250507T104649Z_20250507T104749Z/FIA0_outputs/X_prediction_results.csv
FIA1/HE.FIA1..HHE__20250507T104649Z__20250507T104749Z.mseed,HE,FIA1,0,0,0,0,2025-05-07 10:46:54.680000,0.492,,,2025-05-07 10:46:49.000000,2025-05-07 10:47:49.000000,eqcct_earthquakes_th0_1/20250507T104649Z_20250507T104749Z/FIA1_outputs/X_prediction_results.csv
RUF/HE.RUF..HHZ__20250507T104654Z__20250507T104754Z.mseed,HE,RUF,0,0,0,0,2025-05-07 10:46:58.460000,0.669,,,2025-05-07 10:46:54.000000,2025-05-07 10:47:54.000000,eqcct_earthquakes_th0_1/20250507T104654Z_20250507T104754Z/RUF_outputs/X_prediction_results.csv
HEF/HE.HEF..HHZ__20250509T033144Z__20250509T033244Z.mseed,HE,HEF,0,0,0,0,2025-05-09 03:31:49.450000,0.907,2025-05-09 03:31:58.660000,0.654,2025-05-09 03:31:44.000000,2025-05-09 03:32:44.000000,eqcct_earthquakes_th0_1/20250509T033144Z_20250509T033244Z/HEF_outputs/X_prediction_results.csv
KLF/FN.KLF..HHN__20250509T033147Z__20250509T033247Z.mseed,FN,KLF,0,0,0,0,2025-05-09 03:31:52.000000,0.92,2025-05-09 03:32:02.920000,0.579,2025-05-09 03:31:47.000000,2025-05-09 03:32:47.000000,eqcct_earthquakes_th0_1/20250509T033147Z_20250509T033247Z/KLF_outputs/X_prediction_results.csv
KIF/HE.KIF..HHE__20250509T033156Z__20250509T033256Z.mseed,HE,KIF,0,0,0,0,2025-05-09 03:32:00.240000,0.733,2025-05-09 03:32:18.810000,0.582,2025-05-09 03:31:56.000000,2025-05-09 03:32:56.000000,eqcct_earthquakes_th0_1/20250509T033156Z_20250509T033256Z/KIF_outputs/X_prediction_results.csv
SGF/FN.SGF..HHE__20250509T033159Z__20250509T033259Z.mseed,FN,SGF,0,0,0,0,2025-05-09 03:32:04.540000,0.347,,,2025-05-09 03:31:59.000000,2025-05-09 03:32:59.000000,eqcct_earthquakes_th0_1/20250509T033159Z_20250509T033259Z/SGF_outputs/X_prediction_results.csv
RNF/FN.RNF..HHZ__20250509T033226Z__20250509T033326Z.mseed,FN,RNF,0,0,0,0,2025-05-09 03:32:30.990000,0.379,2025-05-09 03:32:33.350000,0.807,2025-05-09 03:32:26.000000,2025-05-09 03:33:26.000000,eqcct_earthquakes_th0_1/20250509T033226Z_20250509T033326Z/RNF_outputs/X_prediction_results.csv
KMNF/FN.KMNF..HHN__20250509T033234Z__20250509T033334Z.mseed,FN,KMNF,0,0,0,0,2025-05-09 03:32:38.550000,0.371,,,2025-05-09 03:32:34.000000,2025-05-09 03:33:34.000000,eqcct_earthquakes_th0_1/20250509T033234Z_20250509T033334Z/KMNF_outputs/X_prediction_results.csv
VJF/HE.VJF..HHZ__20250510T001246Z__20250510T001346Z.mseed,HE,VJF,0,0,0,0,2025-05-10 00:12:51.858000,0.818,2025-05-10 00:12:53.528000,0.885,2025-05-10 00:12:46.000000,2025-05-10 00:13:46.000000,eqcct_earthquakes_th0_1/20250510T001246Z_20250510T001346Z/VJF_outputs/X_prediction_results.csv
FIA0/HE.FIA0..HHE__20250510T001306Z__20250510T001406Z.mseed,HE,FIA0,0,0,0,0,2025-05-10 00:13:10.780000,0.911,2025-05-10 00:13:27.840000,0.553,2025-05-10 00:13:06.000000,2025-05-10 00:14:06.000000,eqcct_earthquakes_th0_1/20250510T001306Z_20250510T001406Z/FIA0_outputs/X_prediction_results.csv
FIA1/HE.FIA1..HHE__20250510T001306Z__20250510T001406Z.mseed,HE,FIA1,0,0,0,0,2025-05-10 00:13:10.559999,0.895,2025-05-10 00:13:27.749999,0.571,2025-05-10 00:13:06.000000,2025-05-10 00:14:06.000000,eqcct_earthquakes_th0_1/20250510T001306Z_20250510T001406Z/FIA1_outputs/X_prediction_results.csv
KEF/HE.KEF..HHZ__20250510T001321Z__20250510T001421Z.mseed,HE,KEF,0,0,0,0,2025-05-10 00:13:25.800000,0.737,,,2025-05-10 00:13:21.000000,2025-05-10 00:14:21.000000,eqcct_earthquakes_th0_1/20250510T001321Z_20250510T001421Z/KEF_outputs/X_prediction_results.csv
RUF/HE.RUF..HHE__20250510T001322Z__20250510T001422Z.mseed,HE,RUF,0,0,0,0,2025-05-10 00:13:26.976000,0.861,2025-05-10 00:13:31.966000,0.527,2025-05-10 00:13:22.000000,2025-05-10 00:14:22.000000,eqcct_earthquakes_th0_1/20250510T001322Z_20250510T001422Z/RUF_outputs/X_prediction_results.csv
MEF/HE.MEF..HHZ__20250510T001331Z__20250510T001431Z.mseed,HE,MEF,0,0,0,0,2025-05-10 00:13:35.720000,0.572,,,2025-05-10 00:13:31.000000,2025-05-10 00:14:31.000000,eqcct_earthquakes_th0_1/20250510T001331Z_20250510T001431Z/MEF_outputs/X_prediction_results.csv
KAF/HE.KAF..HHE__20250510T001338Z__20250510T001438Z.mseed,HE,KAF,0,0,0,0,2025-05-10 00:13:42.790000,0.469,,,2025-05-10 00:13:38.000000,2025-05-10 00:14:38.000000,eqcct_earthquakes_th0_1/20250510T001338Z_20250510T001438Z/KAF_outputs/X_prediction_results.csv
KLF/FN.KLF..HHN__20250510T203657Z__20250510T203757Z.mseed,FN,KLF,0,0,0,0,2025-05-10 20:37:02.150000,0.833,2025-05-10 20:37:06.880000,0.784,2025-05-10 20:36:57.000000,2025-05-10 20:37:57.000000,eqcct_earthquakes_th0_1/20250510T203657Z_20250510T203757Z/KLF_outputs/X_prediction_results.csv
RNF/FN.RNF..HHZ__20250510T203706Z__20250510T203806Z.mseed,FN,RNF,0,0,0,0,2025-05-10 20:37:11.220000,0.773,2025-05-10 20:37:22.920000,0.713,2025-05-10 20:37:06.000000,2025-05-10 20:38:06.000000,eqcct_earthquakes_th0_1/20250510T203706Z_20250510T203806Z/RNF_outputs/X_prediction_results.csv
SGF/FN.SGF..HHN__20250510T203711Z__20250510T203811Z.mseed,FN,SGF,0,0,0,0,2025-05-10 20:37:16.090000,0.701,2025-05-10 20:37:31.410000,0.339,2025-05-10 20:37:11.000000,2025-05-10 20:38:11.000000,eqcct_earthquakes_th0_1/20250510T203711Z_20250510T203811Z/SGF_outputs/X_prediction_results.csv
RANF/FN.RANF..HHN__20250510T203715Z__20250510T203815Z.mseed,FN,RANF,0,0,0,0,2025-05-10 20:37:20.650000,0.799,2025-05-10 20:37:40.080000,0.48,2025-05-10 20:37:15.000000,2025-05-10 20:38:15.000000,eqcct_earthquakes_th0_1/20250510T203715Z_20250510T203815Z/RANF_outputs/X_prediction_results.csv
HEF/HE.HEF..HHZ__20250510T203717Z__20250510T203817Z.mseed,HE,HEF,0,0,0,0,2025-05-10 20:37:22.400000,0.58,2025-05-10 20:37:43.160000,0.276,2025-05-10 20:37:17.000000,2025-05-10 20:38:17.000000,eqcct_earthquakes_th0_1/20250510T203717Z_20250510T203817Z/HEF_outputs/X_prediction_results.csv
OUL/FN.OUL..HHZ__20250510T203749Z__20250510T203849Z.mseed,FN,OUL,0,0,0,0,2025-05-10 20:37:53.530000,0.471,,,2025-05-10 20:37:49.000000,2025-05-10 20:38:49.000000,eqcct_earthquakes_th0_1/20250510T203749Z_20250510T203849Z/OUL_outputs/X_prediction_results.csv
OBF3/HE.OBF3..HHN__20250510T203752Z__20250510T203852Z.mseed,HE,OBF3,0,0,0,0,2025-05-10 20:37:57.018000,0.434,,,2025-05-10 20:37:52.000000,2025-05-10 20:38:52.000000,eqcct_earthquakes_th0_1/20250510T203752Z_20250510T203852Z/OBF3_outputs/X_prediction_results.csv
MSF/FN.MSF..HHN__20250510T203755Z__20250510T203855Z.mseed,FN,MSF,0,0,0,0,2025-05-10 20:37:59.980000,0.596,,,2025-05-10 20:37:55.000000,2025-05-10 20:38:55.000000,eqcct_earthquakes_th0_1/20250510T203755Z_20250510T203855Z/MSF_outputs/X_prediction_results.csv
OLKF/FN.OLKF..HHE__20250510T203755Z__20250510T203855Z.mseed,FN,OLKF,0,0,0,0,2025-05-10 20:37:59.400000,0.862,2025-05-10 20:38:04.290000,0.373,2025-05-10 20:37:55.000000,2025-05-10 20:38:55.000000,eqcct_earthquakes_th0_1/20250510T203755Z_20250510T203855Z/OLKF_outputs/X_prediction_results.csv
KLF/FN.KLF..HHZ__20250511T013831Z__20250511T013931Z.mseed,FN,KLF,0,0,0,0,2025-05-11 01:38:36.950000,0.897,2025-05-11 01:38:41.750000,0.697,2025-05-11 01:38:31.000000,2025-05-11 01:39:31.000000,eqcct_earthquakes_th0_1/20250511T013831Z_20250511T013931Z/KLF_outputs/X_prediction_results.csv
RNF/FN.RNF..HHN__20250511T013841Z__20250511T013941Z.mseed,FN,RNF,0,0,0,0,2025-05-11 01:38:46.170000,0.902,2025-05-11 01:38:57.830000,0.662,2025-05-11 01:38:41.000000,2025-05-11 01:39:41.000000,eqcct_earthquakes_th0_1/20250511T013841Z_20250511T013941Z/RNF_outputs/X_prediction_results.csv
RANF/FN.RANF..HHE__20250511T013850Z__20250511T013950Z.mseed,FN,RANF,0,0,0,0,2025-05-11 01:38:55.950000,0.612,2025-05-11 01:39:15.070000,0.268,2025-05-11 01:38:50.000000,2025-05-11 01:39:50.000000,eqcct_earthquakes_th0_1/20250511T013850Z_20250511T013950Z/RANF_outputs/X_prediction_results.csv
HEF/HE.HEF..HHE__20250511T013852Z__20250511T013952Z.mseed,HE,HEF,0,0,0,0,2025-05-11 01:38:56.680000,0.711,2025-05-11 01:39:18.270000,0.116,2025-05-11 01:38:52.000000,2025-05-11 01:39:52.000000,eqcct_earthquakes_th0_1/20250511T013852Z_20250511T013952Z/HEF_outputs/X_prediction_results.csv
OLKF/FN.OLKF..HHN__20250511T013933Z__20250511T014033Z.mseed,FN,OLKF,0,0,0,0,2025-05-11 01:39:37.270000,0.267,,,2025-05-11 01:39:33.000000,2025-05-11 01:40:33.000000,eqcct_earthquakes_th0_1/20250511T013933Z_20250511T014033Z/OLKF_outputs/X_prediction_results.csv
OBF8/HE.OBF8..HHZ__20250512T031136Z__20250512T031236Z.mseed,HE,OBF8,0,0,0,0,2025-05-12 03:11:41.836000,0.929,2025-05-12 03:11:53.886000,0.477,2025-05-12 03:11:36.000000,2025-05-12 03:12:36.000000,eqcct_earthquakes_th0_1/20250512T031136Z_20250512T031236Z/OBF8_outputs/X_prediction_results.csv
OBF0/HE.OBF0..HHN__20250512T031139Z__20250512T031239Z.mseed,HE,OBF0,0,0,0,0,2025-05-12 03:11:44.140000,0.936,2025-05-12 03:11:57.550000,0.852,2025-05-12 03:11:39.000000,2025-05-12 03:12:39.000000,eqcct_earthquakes_th0_1/20250512T031139Z_20250512T031239Z/OBF0_outputs/X_prediction_results.csv
OBF3/HE.OBF3..HHE__20250512T031140Z__20250512T031240Z.mseed,HE,OBF3,0,0,0,0,2025-05-12 03:11:45.008000,0.922,2025-05-12 03:11:59.278000,0.371,2025-05-12 03:11:40.000000,2025-05-12 03:12:40.000000,eqcct_earthquakes_th0_1/20250512T031140Z_20250512T031240Z/OBF3_outputs/X_prediction_results.csv
OUL/FN.OUL..HHE__20250512T031148Z__20250512T031248Z.mseed,FN,OUL,0,0,0,0,2025-05-12 03:11:53.230000,0.918,,,2025-05-12 03:11:48.000000,2025-05-12 03:12:48.000000,eqcct_earthquakes_th0_1/20250512T031148Z_20250512T031248Z/OUL_outputs/X_prediction_results.csv
VAF/HE.VAF..HHE__20250512T031155Z__20250512T031255Z.mseed,HE,VAF,0,0,0,0,2025-05-12 03:12:00.940000,0.696,2025-05-12 03:12:27.330000,0.735,2025-05-12 03:11:55.000000,2025-05-12 03:12:55.000000,eqcct_earthquakes_th0_1/20250512T031155Z_20250512T031255Z/VAF_outputs/X_prediction_results.csv
RANF/FN.RANF..HHZ__20250512T031156Z__20250512T031256Z.mseed,FN,RANF,0,0,0,0,2025-05-12 03:12:01.600000,0.596,2025-05-12 03:12:30.600000,0.233,2025-05-12 03:11:56.000000,2025-05-12 03:12:56.000000,eqcct_earthquakes_th0_1/20250512T031156Z_20250512T031256Z/RANF_outputs/X_prediction_results.csv
ALAJF/HE.ALAJF..HHE__20250512T031158Z__20250512T031258Z.mseed,HE,ALAJF,0,0,0,0,2025-05-12 03:12:02.184000,0.883,2025-05-12 03:12:29.174000,0.464,2025-05-12 03:11:58.000000,2025-05-12 03:12:58.000000,eqcct_earthquakes_th0_1/20250512T031158Z_20250512T031258Z/ALAJF_outputs/X_prediction_results.csv
RNF/FN.RNF..HHZ__20250512T031158Z__20250512T031258Z.mseed,FN,RNF,0,0,0,0,2025-05-12 03:12:02.870000,0.842,2025-05-12 03:12:33.390000,0.406,2025-05-12 03:11:58.000000,2025-05-12 03:12:58.000000,eqcct_earthquakes_th0_1/20250512T031158Z_20250512T031258Z/RNF_outputs/X_prediction_results.csv
KLF/FN.KLF..HHE__20250512T031159Z__20250512T031259Z.mseed,FN,KLF,0,0,0,0,2025-05-12 03:12:04.300000,0.879,2025-05-12 03:12:33.680000,0.328,2025-05-12 03:11:59.000000,2025-05-12 03:12:59.000000,eqcct_earthquakes_th0_1/20250512T031159Z_20250512T031259Z/KLF_outputs/X_prediction_results.csv
VJF/HE.VJF..HHN__20250514T212402Z__20250514T212502Z.mseed,HE,VJF,0,0,0,0,2025-05-14 21:24:07.696000,0.962,2025-05-14 21:24:11.596000,0.879,2025-05-14 21:24:02.000000,2025-05-14 21:25:02.000000,eqcct_earthquakes_th0_1/20250514T212402Z_20250514T212502Z/VJF_outputs/X_prediction_results.csv
VUOS/HE.VUOS..HHZ__20250514T212421Z__20250514T212521Z.mseed,HE,VUOS,0,0,0,0,2025-05-14 21:24:26.700000,0.93,,,2025-05-14 21:24:21.000000,2025-05-14 21:25:21.000000,eqcct_earthquakes_th0_1/20250514T212421Z_20250514T212521Z/VUOS_outputs/X_prediction_results.csv
FIA0/HE.FIA0..HHN__20250514T212422Z__20250514T212522Z.mseed,HE,FIA0,0,0,0,0,2025-05-14 21:24:27.200000,0.765,2025-05-14 21:24:43.780000,0.356,2025-05-14 21:24:22.000000,2025-05-14 21:25:22.000000,eqcct_earthquakes_th0_1/20250514T212422Z_20250514T212522Z/FIA0_outputs/X_prediction_results.csv
FIA1/HE.FIA1..HHE__20250514T212422Z__20250514T212522Z.mseed,HE,FIA1,0,0,0,0,2025-05-14 21:24:27.190000,0.67,2025-05-14 21:24:43.780000,0.502,2025-05-14 21:24:22.000000,2025-05-14 21:25:22.000000,eqcct_earthquakes_th0_1/20250514T212422Z_20250514T212522Z/FIA1_outputs/X_prediction_results.csv
NUR/HE.NUR..HHZ__20250514T212425Z__20250514T212525Z.mseed,HE,NUR,0,0,0,0,2025-05-14 21:24:30.240000,0.761,2025-05-14 21:24:48.440000,0.691,2025-05-14 21:24:25.000000,2025-05-14 21:25:25.000000,eqcct_earthquakes_th0_1/20250514T212425Z_20250514T212525Z/NUR_outputs/X_prediction_results.csv
MEF/HE.MEF..HHZ__20250514T212427Z__20250514T212527Z.mseed,HE,MEF,0,0,0,0,2025-05-14 21:24:31.730000,0.762,2025-05-14 21:24:53.100000,0.18,2025-05-14 21:24:27.000000,2025-05-14 21:25:27.000000,eqcct_earthquakes_th0_1/20250514T212427Z_20250514T212527Z/MEF_outputs/X_prediction_results.csv
RUF/HE.RUF..HHN__20250514T212438Z__20250514T212538Z.mseed,HE,RUF,0,0,0,0,2025-05-14 21:24:42.804000,0.474,2025-05-14 21:24:47.884000,0.635,2025-05-14 21:24:38.000000,2025-05-14 21:25:38.000000,eqcct_earthquakes_th0_1/20250514T212438Z_20250514T212538Z/RUF_outputs/X_prediction_results.csv
KUNI/HE.KUNI..HHE__20250514T212439Z__20250514T212539Z.mseed,HE,KUNI,0,0,0,0,2025-05-14 21:24:43.566000,0.45,2025-05-14 21:24:47.476000,0.705,2025-05-14 21:24:39.000000,2025-05-14 21:25:39.000000,eqcct_earthquakes_th0_1/20250514T212439Z_20250514T212539Z/KUNI_outputs/X_prediction_results.csv
HEL1/HE.HEL1..HHN__20250514T212440Z__20250514T212540Z.mseed,HE,HEL1,0,0,0,0,2025-05-14 21:24:44.716000,0.549,,,2025-05-14 21:24:40.000000,2025-05-14 21:25:40.000000,eqcct_earthquakes_th0_1/20250514T212440Z_20250514T212540Z/HEL1_outputs/X_prediction_results.csv
KAF/HE.KAF..HHN__20250514T212454Z__20250514T212554Z.mseed,HE,KAF,0,0,0,0,2025-05-14 21:24:58.400000,0.37,,,2025-05-14 21:24:54.000000,2025-05-14 21:25:54.000000,eqcct_earthquakes_th0_1/20250514T212454Z_20250514T212554Z/KAF_outputs/X_prediction_results.csv
KEF/HE.KEF..HHE__20250514T212505Z__20250514T212605Z.mseed,HE,KEF,0,0,0,0,2025-05-14 21:25:10.030000,0.108,,,2025-05-14 21:25:05.000000,2025-05-14 21:26:05.000000,eqcct_earthquakes_th0_1/20250514T212505Z_20250514T212605Z/KEF_outputs/X_prediction_results.csv
SUF/HE.SUF..HHE__20250514T212513Z__20250514T212613Z.mseed,HE,SUF,0,0,0,0,2025-05-14 21:25:17.256000,0.132,,,2025-05-14 21:25:13.000000,2025-05-14 21:26:13.000000,eqcct_earthquakes_th0_1/20250514T212513Z_20250514T212613Z/SUF_outputs/X_prediction_results.csv
VJF/HE.VJF..HHZ__20250514T213727Z__20250514T213827Z.mseed,HE,VJF,0,0,0,0,2025-05-14 21:37:32.504000,0.957,2025-05-14 21:37:34.214000,0.883,2025-05-14 21:37:27.000000,2025-05-14 21:38:27.000000,eqcct_earthquakes_th0_1/20250514T213727Z_20250514T213827Z/VJF_outputs/X_prediction_results.csv
FIA1/HE.FIA1..HHN__20250514T213746Z__20250514T213846Z.mseed,HE,FIA1,0,0,0,0,2025-05-14 21:37:51.880000,0.861,2025-05-14 21:38:08.470000,0.639,2025-05-14 21:37:46.000000,2025-05-14 21:38:46.000000,eqcct_earthquakes_th0_1/20250514T213746Z_20250514T213846Z/FIA1_outputs/X_prediction_results.csv
VUOS/HE.VUOS..HHE__20250514T213746Z__20250514T213846Z.mseed,HE,VUOS,0,0,0,0,2025-05-14 21:37:51.240000,0.873,2025-05-14 21:38:06.900000,0.625,2025-05-14 21:37:46.000000,2025-05-14 21:38:46.000000,eqcct_earthquakes_th0_1/20250514T213746Z_20250514T213846Z/VUOS_outputs/X_prediction_results.csv
FIA0/HE.FIA0..HHE__20250514T213746Z__20250514T213846Z.mseed,HE,FIA0,0,0,0,0,2025-05-14 21:37:51.860000,0.857,2025-05-14 21:38:08.510000,0.53,2025-05-14 21:37:46.000000,2025-05-14 21:38:46.000000,eqcct_earthquakes_th0_1/20250514T213746Z_20250514T213846Z/FIA0_outputs/X_prediction_results.csv
RUF/HE.RUF..HHE__20250514T213747Z__20250514T213847Z.mseed,HE,RUF,0,0,0,0,2025-05-14 21:37:52.368000,0.585,2025-05-14 21:38:08.518000,0.173,2025-05-14 21:37:47.000000,2025-05-14 21:38:47.000000,eqcct_earthquakes_th0_1/20250514T213747Z_20250514T213847Z/RUF_outputs/X_prediction_results.csv
KUNI/HE.KUNI..HHZ__20250514T213747Z__20250514T213847Z.mseed,HE,KUNI,0,0,0,0,2025-05-14 21:37:52.768000,0.91,2025-05-14 21:38:09.818000,0.665,2025-05-14 21:37:47.000000,2025-05-14 21:38:47.000000,eqcct_earthquakes_th0_1/20250514T213747Z_20250514T213847Z/KUNI_outputs/X_prediction_results.csv
LAUT/HE.LAUT..HHE__20250514T213748Z__20250514T213848Z.mseed,HE,LAUT,0,0,0,0,2025-05-14 21:37:53.772000,0.875,2025-05-14 21:38:11.292000,0.567,2025-05-14 21:37:48.000000,2025-05-14 21:38:48.000000,eqcct_earthquakes_th0_1/20250514T213748Z_20250514T213848Z/LAUT_outputs/X_prediction_results.csv
HEL1/HE.HEL1..HHN__20250514T213748Z__20250514T213848Z.mseed,HE,HEL1,0,0,0,0,2025-05-14 21:37:53.610000,0.668,2025-05-14 21:38:10.750000,0.555,2025-05-14 21:37:48.000000,2025-05-14 21:38:48.000000,eqcct_earthquakes_th0_1/20250514T213748Z_20250514T213848Z/HEL1_outputs/X_prediction_results.csv
NUR/HE.NUR..HHE__20250514T213749Z__20250514T213849Z.mseed,HE,NUR,0,0,0,0,2025-05-14 21:37:54.908000,0.857,2025-05-14 21:38:13.248000,0.704,2025-05-14 21:37:49.000000,2025-05-14 21:38:49.000000,eqcct_earthquakes_th0_1/20250514T213749Z_20250514T213849Z/NUR_outputs/X_prediction_results.csv
HEL5/HE.HEL5..HHE__20250514T213749Z__20250514T213849Z.mseed,HE,HEL5,0,0,0,0,2025-05-14 21:37:54.964000,0.848,,,2025-05-14 21:37:49.000000,2025-05-14 21:38:49.000000,eqcct_earthquakes_th0_1/20250514T213749Z_20250514T213849Z/HEL5_outputs/X_prediction_results.csv
MEF/HE.MEF..HHE__20250514T213752Z__20250514T213852Z.mseed,HE,MEF,0,0,0,0,2025-05-14 21:37:57.670000,0.904,2025-05-14 21:38:17.790000,0.715,2025-05-14 21:37:52.000000,2025-05-14 21:38:52.000000,eqcct_earthquakes_th0_1/20250514T213752Z_20250514T213852Z/MEF_outputs/X_prediction_results.csv
KAF/HE.KAF..HHN__20250514T213756Z__20250514T213856Z.mseed,HE,KAF,0,0,0,0,2025-05-14 21:38:01.620000,0.581,2025-05-14 21:38:26.540000,0.565,2025-05-14 21:37:56.000000,2025-05-14 21:38:56.000000,eqcct_earthquakes_th0_1/20250514T213756Z_20250514T213856Z/KAF_outputs/X_prediction_results.csv
KEF/HE.KEF..HHZ__20250514T213802Z__20250514T213902Z.mseed,HE,KEF,0,0,0,0,2025-05-14 21:38:07.780000,0.824,2025-05-14 21:38:36.900000,0.556,2025-05-14 21:38:02.000000,2025-05-14 21:39:02.000000,eqcct_earthquakes_th0_1/20250514T213802Z_20250514T213902Z/KEF_outputs/X_prediction_results.csv
TVF/HE.TVF..HHE__20250514T213803Z__20250514T213903Z.mseed,HE,TVF,0,0,0,0,2025-05-14 21:38:07.388000,0.833,2025-05-14 21:38:37.078000,0.125,2025-05-14 21:38:03.000000,2025-05-14 21:39:03.000000,eqcct_earthquakes_th0_1/20250514T213803Z_20250514T213903Z/TVF_outputs/X_prediction_results.csv
RSUO/HE.RSUO..HHN__20250514T213804Z__20250514T213904Z.mseed,HE,RSUO,0,0,0,0,2025-05-14 21:38:09.006000,0.393,2025-05-14 21:38:10.266000,0.706,2025-05-14 21:38:04.000000,2025-05-14 21:39:04.000000,eqcct_earthquakes_th0_1/20250514T213804Z_20250514T213904Z/RSUO_outputs/X_prediction_results.csv
SUF/HE.SUF..HHN__20250514T213806Z__20250514T213906Z.mseed,HE,SUF,0,0,0,0,2025-05-14 21:38:11.552000,0.622,2025-05-14 21:38:42.992000,0.205,2025-05-14 21:38:06.000000,2025-05-14 21:39:06.000000,eqcct_earthquakes_th0_1/20250514T213806Z_20250514T213906Z/SUF_outputs/X_prediction_results.csv
VJF/HE.VJF..HHZ__20250514T214529Z__20250514T214629Z.mseed,HE,VJF,0,0,0,0,2025-05-14 21:45:34.812000,0.964,2025-05-14 21:45:36.522000,0.879,2025-05-14 21:45:29.000000,2025-05-14 21:46:29.000000,eqcct_earthquakes_th0_1/20250514T214529Z_20250514T214629Z/VJF_outputs/X_prediction_results.csv
VUOS/HE.VUOS..HHZ__20250514T214548Z__20250514T214648Z.mseed,HE,VUOS,0,0,0,0,2025-05-14 21:45:52.400000,0.796,2025-05-14 21:46:09.150000,0.393,2025-05-14 21:45:48.000000,2025-05-14 21:46:48.000000,eqcct_earthquakes_th0_1/20250514T214548Z_20250514T214648Z/VUOS_outputs/X_prediction_results.csv
FIA1/HE.FIA1..HHZ__20250514T214549Z__20250514T214649Z.mseed,HE,FIA1,0,0,0,0,2025-05-14 21:45:54.050000,0.909,2025-05-14 21:46:10.840000,0.489,2025-05-14 21:45:49.000000,2025-05-14 21:46:49.000000,eqcct_earthquakes_th0_1/20250514T214549Z_20250514T214649Z/FIA1_outputs/X_prediction_results.csv
FIA0/HE.FIA0..HHE__20250514T214549Z__20250514T214649Z.mseed,HE,FIA0,0,0,0,0,2025-05-14 21:45:54.050000,0.905,2025-05-14 21:46:10.840000,0.597,2025-05-14 21:45:49.000000,2025-05-14 21:46:49.000000,eqcct_earthquakes_th0_1/20250514T214549Z_20250514T214649Z/FIA0_outputs/X_prediction_results.csv
RUF/HE.RUF..HHE__20250514T214549Z__20250514T214649Z.mseed,HE,RUF,0,0,0,0,2025-05-14 21:45:54.512000,0.889,2025-05-14 21:46:14.962000,0.245,2025-05-14 21:45:49.000000,2025-05-14 21:46:49.000000,eqcct_earthquakes_th0_1/20250514T214549Z_20250514T214649Z/RUF_outputs/X_prediction_results.csv
KUNI/HE.KUNI..HHZ__20250514T214550Z__20250514T214650Z.mseed,HE,KUNI,0,0,0,0,2025-05-14 21:45:54.160000,0.63,,,2025-05-14 21:45:50.000000,2025-05-14 21:46:50.000000,eqcct_earthquakes_th0_1/20250514T214550Z_20250514T214650Z/KUNI_outputs/X_prediction_results.csv
NUR/HE.NUR..HHN__20250514T214552Z__20250514T214652Z.mseed,HE,NUR,0,0,0,0,2025-05-14 21:45:57.288000,0.901,2025-05-14 21:46:15.528000,0.592,2025-05-14 21:45:52.000000,2025-05-14 21:46:52.000000,eqcct_earthquakes_th0_1/20250514T214552Z_20250514T214652Z/NUR_outputs/X_prediction_results.csv
MEF/HE.MEF..HHN__20250514T214554Z__20250514T214654Z.mseed,HE,MEF,0,0,0,0,2025-05-14 21:45:59.970000,0.935,2025-05-14 21:46:20.200000,0.442,2025-05-14 21:45:54.000000,2025-05-14 21:46:54.000000,eqcct_earthquakes_th0_1/20250514T214554Z_20250514T214654Z/MEF_outputs/X_prediction_results.csv
KEF/HE.KEF..HHE__20250514T214604Z__20250514T214704Z.mseed,HE,KEF,0,0,0,0,2025-05-14 21:46:09.940000,0.864,2025-05-14 21:46:39.210000,0.55,2025-05-14 21:46:04.000000,2025-05-14 21:47:04.000000,eqcct_earthquakes_th0_1/20250514T214604Z_20250514T214704Z/KEF_outputs/X_prediction_results.csv
HEL1/HE.HEL1..HHZ__20250514T214607Z__20250514T214707Z.mseed,HE,HEL1,0,0,0,0,2025-05-14 21:46:12.720000,0.538,2025-05-14 21:46:13.330000,0.25,2025-05-14 21:46:07.000000,2025-05-14 21:47:07.000000,eqcct_earthquakes_th0_1/20250514T214607Z_20250514T214707Z/HEL1_outputs/X_prediction_results.csv
KAF/HE.KAF..HHE__20250514T214621Z__20250514T214721Z.mseed,HE,KAF,0,0,0,0,2025-05-14 21:46:26.000000,0.499,2025-05-14 21:46:28.900000,0.687,2025-05-14 21:46:21.000000,2025-05-14 21:47:21.000000,eqcct_earthquakes_th0_1/20250514T214621Z_20250514T214721Z/KAF_outputs/X_prediction_results.csv
SUF/HE.SUF..HHE__20250514T214639Z__20250514T214739Z.mseed,HE,SUF,0,0,0,0,2025-05-14 21:46:43.446000,0.325,,,2025-05-14 21:46:39.000000,2025-05-14 21:47:39.000000,eqcct_earthquakes_th0_1/20250514T214639Z_20250514T214739Z/SUF_outputs/X_prediction_results.csv
RAF/HE.RAF..HHZ__20250514T214653Z__20250514T214753Z.mseed,HE,RAF,0,0,0,0,2025-05-14 21:46:57.110000,0.103,,,2025-05-14 21:46:53.000000,2025-05-14 21:47:53.000000,eqcct_earthquakes_th0_1/20250514T214653Z_20250514T214753Z/RAF_outputs/X_prediction_results.csv
KLF/FN.KLF..HHE__20250515T132015Z__20250515T132115Z.mseed,FN,KLF,0,0,0,0,2025-05-15 13:20:20.300000,0.942,2025-05-15 13:20:23.740000,0.788,2025-05-15 13:20:15.000000,2025-05-15 13:21:15.000000,eqcct_earthquakes_th0_1/20250515T132015Z_20250515T132115Z/KLF_outputs/X_prediction_results.csv
RNF/FN.RNF..HHZ__20250515T132029Z__20250515T132129Z.mseed,FN,RNF,0,0,0,0,2025-05-15 13:20:34.160000,0.886,2025-05-15 13:20:48.030000,0.692,2025-05-15 13:20:29.000000,2025-05-15 13:21:29.000000,eqcct_earthquakes_th0_1/20250515T132029Z_20250515T132129Z/RNF_outputs/X_prediction_results.csv
SGF/FN.SGF..HHZ__20250515T132031Z__20250515T132131Z.mseed,FN,SGF,0,0,0,0,2025-05-15 13:20:36.830000,0.705,2025-05-15 13:20:52.570000,0.582,2025-05-15 13:20:31.000000,2025-05-15 13:21:31.000000,eqcct_earthquakes_th0_1/20250515T132031Z_20250515T132131Z/SGF_outputs/X_prediction_results.csv
HEF/HE.HEF..HHE__20250515T132034Z__20250515T132134Z.mseed,HE,HEF,0,0,0,0,2025-05-15 13:20:39.760000,0.648,2025-05-15 13:20:59.430000,0.139,2025-05-15 13:20:34.000000,2025-05-15 13:21:34.000000,eqcct_earthquakes_th0_1/20250515T132034Z_20250515T132134Z/HEF_outputs/X_prediction_results.csv
RANF/FN.RANF..HHN__20250515T132039Z__20250515T132139Z.mseed,FN,RANF,0,0,0,0,2025-05-15 13:20:44.150000,0.508,2025-05-15 13:21:05.620000,0.431,2025-05-15 13:20:39.000000,2025-05-15 13:21:39.000000,eqcct_earthquakes_th0_1/20250515T132039Z_20250515T132139Z/RANF_outputs/X_prediction_results.csv
RAJF/FN.RAJF..HHE__20250515T132119Z__20250515T132219Z.mseed,FN,RAJF,0,0,0,0,2025-05-15 13:21:23.420000,0.349,,,2025-05-15 13:21:19.000000,2025-05-15 13:22:19.000000,eqcct_earthquakes_th0_1/20250515T132119Z_20250515T132219Z/RAJF_outputs/X_prediction_results.csv
OLKF/FN.OLKF..HHN__20250515T132122Z__20250515T132222Z.mseed,FN,OLKF,0,0,0,0,2025-05-15 13:21:26.310000,0.605,2025-05-15 13:21:28.790000,0.423,2025-05-15 13:21:22.000000,2025-05-15 13:22:22.000000,eqcct_earthquakes_th0_1/20250515T132122Z_20250515T132222Z/OLKF_outputs/X_prediction_results.csv
VRF/HE.VRF..HHZ__20250515T132123Z__20250515T132223Z.mseed,HE,VRF,0,0,0,0,2025-05-15 13:21:27.160000,0.604,,,2025-05-15 13:21:23.000000,2025-05-15 13:22:23.000000,eqcct_earthquakes_th0_1/20250515T132123Z_20250515T132223Z/VRF_outputs/X_prediction_results.csv
KU6/HE.KU6..HHE__20250515T132131Z__20250515T132231Z.mseed,HE,KU6,0,0,0,0,2025-05-15 13:21:35.430000,0.136,,,2025-05-15 13:21:31.000000,2025-05-15 13:22:31.000000,eqcct_earthquakes_th0_1/20250515T132131Z_20250515T132231Z/KU6_outputs/X_prediction_results.csv
RAF/HE.RAF..HHZ__20250520T011248Z__20250520T011348Z.mseed,HE,RAF,0,0,0,0,2025-05-20 01:12:52.080000,0.448,,,2025-05-20 01:12:48.000000,2025-05-20 01:13:48.000000,eqcct_earthquakes_th0_1/20250520T011248Z_20250520T011348Z/RAF_outputs/X_prediction_results.csv
VAF/HE.VAF..HHN__20250520T011250Z__20250520T011350Z.mseed,HE,VAF,0,0,0,0,2025-05-20 01:12:55.070000,0.609,2025-05-20 01:13:25.040000,0.387,2025-05-20 01:12:50.000000,2025-05-20 01:13:50.000000,eqcct_earthquakes_th0_1/20250520T011250Z_20250520T011350Z/VAF_outputs/X_prediction_results.csv
KPF/HE.KPF..HHZ__20250520T011309Z__20250520T011409Z.mseed,HE,KPF,0,0,0,0,2025-05-20 01:13:13.668000,0.568,2025-05-20 01:13:15.278000,0.325,2025-05-20 01:13:09.000000,2025-05-20 01:14:09.000000,eqcct_earthquakes_th0_1/20250520T011309Z_20250520T011409Z/KPF_outputs/X_prediction_results.csv
AAL/UP.AAL..HHE__20250520T011318Z__20250520T011418Z.mseed,UP,AAL,0,0,0,0,2025-05-20 01:13:23.840000,0.424,,,2025-05-20 01:13:18.000000,2025-05-20 01:14:18.000000,eqcct_earthquakes_th0_1/20250520T011318Z_20250520T011418Z/AAL_outputs/X_prediction_results.csv
RNF/FN.RNF..HHZ__20250520T091243Z__20250520T091343Z.mseed,FN,RNF,0,0,0,0,2025-05-20 09:12:47.930000,0.594,2025-05-20 09:12:53.230000,0.595,2025-05-20 09:12:43.000000,2025-05-20 09:13:43.000000,eqcct_earthquakes_th0_1/20250520T091243Z_20250520T091343Z/RNF_outputs/X_prediction_results.csv
OUL/FN.OUL..HHZ__20250520T091257Z__20250520T091357Z.mseed,FN,OUL,0,0,0,0,2025-05-20 09:13:01.380000,0.219,,,2025-05-20 09:12:57.000000,2025-05-20 09:13:57.000000,eqcct_earthquakes_th0_1/20250520T091257Z_20250520T091357Z/OUL_outputs/X_prediction_results.csv
KLF/FN.KLF..HHE__20250524T070654Z__20250524T070754Z.mseed,FN,KLF,0,0,0,0,2025-05-24 07:06:59.900000,0.912,2025-05-24 07:07:09.870000,0.461,2025-05-24 07:06:54.000000,2025-05-24 07:07:54.000000,eqcct_earthquakes_th0_1/20250524T070654Z_20250524T070754Z/KLF_outputs/X_prediction_results.csv
HEF/HE.HEF..HHN__20250524T070656Z__20250524T070756Z.mseed,HE,HEF,0,0,0,0,2025-05-24 07:07:01.700000,0.118,2025-05-24 07:07:13.100000,0.623,2025-05-24 07:06:56.000000,2025-05-24 07:07:56.000000,eqcct_earthquakes_th0_1/20250524T070656Z_20250524T070756Z/HEF_outputs/X_prediction_results.csv
KIF/HE.KIF..HHN__20250524T070725Z__20250524T070825Z.mseed,HE,KIF,0,0,0,0,2025-05-24 07:07:29.420000,0.721,2025-05-24 07:07:31.050000,0.107,2025-05-24 07:07:25.000000,2025-05-24 07:08:25.000000,eqcct_earthquakes_th0_1/20250524T070725Z_20250524T070825Z/KIF_outputs/X_prediction_results.csv
SGF/FN.SGF..HHN__20250524T070731Z__20250524T070831Z.mseed,FN,SGF,0,0,0,0,2025-05-24 07:07:34.740000,0.273,2025-05-24 07:07:37.560000,0.593,2025-05-24 07:07:31.000000,2025-05-24 07:08:31.000000,eqcct_earthquakes_th0_1/20250524T070731Z_20250524T070831Z/SGF_outputs/X_prediction_results.csv
RNF/FN.RNF..HHN__20250524T070736Z__20250524T070836Z.mseed,FN,RNF,0,0,0,0,2025-05-24 07:07:40.160000,0.279,,,2025-05-24 07:07:36.000000,2025-05-24 07:08:36.000000,eqcct_earthquakes_th0_1/20250524T070736Z_20250524T070836Z/RNF_outputs/X_prediction_results.csv
RAJF/FN.RAJF..HHN__20250524T070752Z__20250524T070852Z.mseed,FN,RAJF,0,0,0,0,2025-05-24 07:07:56.150000,0.215,,,2025-05-24 07:07:52.000000,2025-05-24 07:08:52.000000,eqcct_earthquakes_th0_1/20250524T070752Z_20250524T070852Z/RAJF_outputs/X_prediction_results.csv
RANF/FN.RANF..HHN__20250524T070753Z__20250524T070853Z.mseed,FN,RANF,0,0,0,0,2025-05-24 07:07:57.880000,0.183,,,2025-05-24 07:07:53.000000,2025-05-24 07:08:53.000000,eqcct_earthquakes_th0_1/20250524T070753Z_20250524T070853Z/RANF_outputs/X_prediction_results.csv
HEF/HE.HEF..HHN__20250524T115317Z__20250524T115417Z.mseed,HE,HEF,0,0,0,0,2025-05-24 11:53:22.090000,0.693,2025-05-24 11:53:31.840000,0.478,2025-05-24 11:53:17.000000,2025-05-24 11:54:17.000000,eqcct_earthquakes_th0_1/20250524T115317Z_20250524T115417Z/HEF_outputs/X_prediction_results.csv
KMNF/FN.KMNF..HHE__20250524T115321Z__20250524T115421Z.mseed,FN,KMNF,0,0,0,0,2025-05-24 11:53:25.550000,0.7,2025-05-24 11:53:39.100000,0.386,2025-05-24 11:53:21.000000,2025-05-24 11:54:21.000000,eqcct_earthquakes_th0_1/20250524T115321Z_20250524T115421Z/KMNF_outputs/X_prediction_results.csv
KEV/HE.KEV..HHN__20250524T115324Z__20250524T115424Z.mseed,HE,KEV,0,0,0,0,2025-05-24 11:53:29.590000,0.698,2025-05-24 11:53:44.540000,0.341,2025-05-24 11:53:24.000000,2025-05-24 11:54:24.000000,eqcct_earthquakes_th0_1/20250524T115324Z_20250524T115424Z/KEV_outputs/X_prediction_results.csv
KIF/HE.KIF..HHN__20250524T115324Z__20250524T115424Z.mseed,HE,KIF,0,0,0,0,2025-05-24 11:53:29.920000,0.697,2025-05-24 11:53:45.180000,0.656,2025-05-24 11:53:24.000000,2025-05-24 11:54:24.000000,eqcct_earthquakes_th0_1/20250524T115324Z_20250524T115424Z/KIF_outputs/X_prediction_results.csv
RAJF/FN.RAJF..HHZ__20250524T115332Z__20250524T115432Z.mseed,FN,RAJF,0,0,0,0,2025-05-24 11:53:36.000000,0.241,,,2025-05-24 11:53:32.000000,2025-05-24 11:54:32.000000,eqcct_earthquakes_th0_1/20250524T115332Z_20250524T115432Z/RAJF_outputs/X_prediction_results.csv
KIF/HE.KIF..HHZ__20250525T020037Z__20250525T020137Z.mseed,HE,KIF,0,0,0,0,2025-05-25 02:00:42.970000,0.925,2025-05-25 02:01:02.680000,0.803,2025-05-25 02:00:37.000000,2025-05-25 02:01:37.000000,eqcct_earthquakes_th0_1/20250525T020037Z_20250525T020137Z/KIF_outputs/X_prediction_results.csv
HEF/HE.HEF..HHN__20250525T020131Z__20250525T020231Z.mseed,HE,HEF,0,0,0,0,2025-05-25 02:01:35.820000,0.279,,,2025-05-25 02:01:31.000000,2025-05-25 02:02:31.000000,eqcct_earthquakes_th0_1/20250525T020131Z_20250525T020231Z/HEF_outputs/X_prediction_results.csv
AAL/UP.AAL..HHN__20250525T125151Z__20250525T125251Z.mseed,UP,AAL,0,0,0,0,2025-05-25 12:51:56.240000,0.865,2025-05-25 12:52:16.210000,0.606,2025-05-25 12:51:51.000000,2025-05-25 12:52:51.000000,eqcct_earthquakes_th0_1/20250525T125151Z_20250525T125251Z/AAL_outputs/X_prediction_results.csv
RAF/HE.RAF..HHE__20250525T125158Z__20250525T125258Z.mseed,HE,RAF,0,0,0,0,2025-05-25 12:52:03.380000,0.821,2025-05-25 12:52:28.980000,0.402,2025-05-25 12:51:58.000000,2025-05-25 12:52:58.000000,eqcct_earthquakes_th0_1/20250525T125158Z_20250525T125258Z/RAF_outputs/X_prediction_results.csv
KPF/HE.KPF..HHN__20250525T125201Z__20250525T125301Z.mseed,HE,KPF,0,0,0,0,2025-05-25 12:52:06.622000,0.809,2025-05-25 12:52:34.722000,0.608,2025-05-25 12:52:01.000000,2025-05-25 12:53:01.000000,eqcct_earthquakes_th0_1/20250525T125201Z_20250525T125301Z/KPF_outputs/X_prediction_results.csv
VAF/HE.VAF..HHE__20250529T005526Z__20250529T005626Z.mseed,HE,VAF,0,0,0,0,2025-05-29 00:55:30.160000,0.669,,,2025-05-29 00:55:26.000000,2025-05-29 00:56:26.000000,eqcct_earthquakes_th0_1/20250529T005526Z_20250529T005626Z/VAF_outputs/X_prediction_results.csv
KPF/HE.KPF..HHE__20250529T005554Z__20250529T005654Z.mseed,HE,KPF,0,0,0,0,2025-05-29 00:55:58.198000,0.38,2025-05-29 00:56:00.218000,0.192,2025-05-29 00:55:54.000000,2025-05-29 00:56:54.000000,eqcct_earthquakes_th0_1/20250529T005554Z_20250529T005654Z/KPF_outputs/X_prediction_results.csv
MSF/FN.MSF..HHN__20250602T171104Z__20250602T171204Z.mseed,FN,MSF,0,0,0,0,2025-06-02 17:11:09.610000,0.951,2025-06-02 17:11:12.530000,0.889,2025-06-02 17:11:04.000000,2025-06-02 17:12:04.000000,eqcct_earthquakes_th0_1/20250602T171104Z_20250602T171204Z/MSF_outputs/X_prediction_results.csv
KU6/HE.KU6..HHZ__20250602T171110Z__20250602T171210Z.mseed,HE,KU6,0,0,0,0,2025-06-02 17:11:15.860000,0.822,2025-06-02 17:11:22.560000,0.836,2025-06-02 17:11:10.000000,2025-06-02 17:12:10.000000,eqcct_earthquakes_th0_1/20250602T171110Z_20250602T171210Z/KU6_outputs/X_prediction_results.csv
OLKF/FN.OLKF..HHN__20250602T171112Z__20250602T171212Z.mseed,FN,OLKF,0,0,0,0,2025-06-02 17:11:17.100000,0.904,2025-06-02 17:11:25.370000,0.836,2025-06-02 17:11:12.000000,2025-06-02 17:12:12.000000,eqcct_earthquakes_th0_1/20250602T171112Z_20250602T171212Z/OLKF_outputs/X_prediction_results.csv
RANF/FN.RANF..HHE__20250602T171115Z__20250602T171215Z.mseed,FN,RANF,0,0,0,0,2025-06-02 17:11:20.750000,0.954,2025-06-02 17:11:31.820000,0.561,2025-06-02 17:11:15.000000,2025-06-02 17:12:15.000000,eqcct_earthquakes_th0_1/20250602T171115Z_20250602T171215Z/RANF_outputs/X_prediction_results.csv
OUL/FN.OUL..HHZ__20250602T171124Z__20250602T171224Z.mseed,FN,OUL,0,0,0,0,2025-06-02 17:11:29.790000,0.639,2025-06-02 17:11:47.100000,0.53,2025-06-02 17:11:24.000000,2025-06-02 17:12:24.000000,eqcct_earthquakes_th0_1/20250602T171124Z_20250602T171224Z/OUL_outputs/X_prediction_results.csv
RNF/FN.RNF..HHZ__20250602T171125Z__20250602T171225Z.mseed,FN,RNF,0,0,0,0,2025-06-02 17:11:30.660000,0.83,2025-06-02 17:11:48.890000,0.464,2025-06-02 17:11:25.000000,2025-06-02 17:12:25.000000,eqcct_earthquakes_th0_1/20250602T171125Z_20250602T171225Z/RNF_outputs/X_prediction_results.csv
RMF/HE.RMF..HHN__20250602T171148Z__20250602T171248Z.mseed,HE,RMF,0,0,0,0,2025-06-02 17:11:52.656000,0.308,,,2025-06-02 17:11:48.000000,2025-06-02 17:12:48.000000,eqcct_earthquakes_th0_1/20250602T171148Z_20250602T171248Z/RMF_outputs/X_prediction_results.csv
SGF/FN.SGF..HHZ__20250602T171158Z__20250602T171258Z.mseed,FN,SGF,0,0,0,0,2025-06-02 17:12:02.590000,0.381,,,2025-06-02 17:11:58.000000,2025-06-02 17:12:58.000000,eqcct_earthquakes_th0_1/20250602T171158Z_20250602T171258Z/SGF_outputs/X_prediction_results.csv
OBF3/HE.OBF3..HHN__20250602T171159Z__20250602T171259Z.mseed,HE,OBF3,0,0,0,0,2025-06-02 17:12:03.124000,0.222,,,2025-06-02 17:11:59.000000,2025-06-02 17:12:59.000000,eqcct_earthquakes_th0_1/20250602T171159Z_20250602T171259Z/OBF3_outputs/X_prediction_results.csv
VJF/HE.VJF..HHE__20250603T100730Z__20250603T100830Z.mseed,HE,VJF,0,0,0,0,2025-06-03 10:07:35.956000,0.837,2025-06-03 10:07:39.046000,0.786,2025-06-03 10:07:30.000000,2025-06-03 10:08:30.000000,eqcct_earthquakes_th0_1/20250603T100730Z_20250603T100830Z/VJF_outputs/X_prediction_results.csv
FIA0/HE.FIA0..HHZ__20250603T100749Z__20250603T100849Z.mseed,HE,FIA0,0,0,0,0,2025-06-03 10:07:54.480000,0.81,2025-06-03 10:08:12.070000,0.645,2025-06-03 10:07:49.000000,2025-06-03 10:08:49.000000,eqcct_earthquakes_th0_1/20250603T100749Z_20250603T100849Z/FIA0_outputs/X_prediction_results.csv
FIA1/HE.FIA1..HHZ__20250603T100749Z__20250603T100849Z.mseed,HE,FIA1,0,0,0,0,2025-06-03 10:07:54.480000,0.852,2025-06-03 10:08:12.070000,0.48,2025-06-03 10:07:49.000000,2025-06-03 10:08:49.000000,eqcct_earthquakes_th0_1/20250603T100749Z_20250603T100849Z/FIA1_outputs/X_prediction_results.csv
RUF/HE.RUF..HHZ__20250603T100807Z__20250603T100907Z.mseed,HE,RUF,0,0,0,0,2025-06-03 10:08:13.646000,0.766,2025-06-03 10:08:16.516000,0.796,2025-06-03 10:08:07.000000,2025-06-03 10:09:07.000000,eqcct_earthquakes_th0_1/20250603T100807Z_20250603T100907Z/RUF_outputs/X_prediction_results.csv
KAF/HE.KAF..HHZ__20250603T100823Z__20250603T100923Z.mseed,HE,KAF,0,0,0,0,2025-06-03 10:08:28.650000,0.318,2025-06-03 10:08:30.460000,0.541,2025-06-03 10:08:23.000000,2025-06-03 10:09:23.000000,eqcct_earthquakes_th0_1/20250603T100823Z_20250603T100923Z/KAF_outputs/X_prediction_results.csv
KU6/HE.KU6..HHN__20250603T111830Z__20250603T111930Z.mseed,HE,KU6,0,0,0,0,2025-06-03 11:18:35.440000,0.968,2025-06-03 11:18:38.440000,0.918,2025-06-03 11:18:30.000000,2025-06-03 11:19:30.000000,eqcct_earthquakes_th0_1/20250603T111830Z_20250603T111930Z/KU6_outputs/X_prediction_results.csv
MSF/FN.MSF..HHN__20250603T111833Z__20250603T111933Z.mseed,FN,MSF,0,0,0,0,2025-06-03 11:18:38.800000,0.769,2025-06-03 11:18:44.550000,0.856,2025-06-03 11:18:33.000000,2025-06-03 11:19:33.000000,eqcct_earthquakes_th0_1/20250603T111833Z_20250603T111933Z/MSF_outputs/X_prediction_results.csv
OLKF/FN.OLKF..HHZ__20250603T111835Z__20250603T111935Z.mseed,FN,OLKF,0,0,0,0,2025-06-03 11:18:40.050000,0.929,2025-06-03 11:18:46.420000,0.673,2025-06-03 11:18:35.000000,2025-06-03 11:19:35.000000,eqcct_earthquakes_th0_1/20250603T111835Z_20250603T111935Z/OLKF_outputs/X_prediction_results.csv
KLF/FN.KLF..HHE__20250604T064506Z__20250604T064606Z.mseed,FN,KLF,0,0,0,0,2025-06-04 06:45:11.100000,0.86,2025-06-04 06:45:18.020000,0.652,2025-06-04 06:45:06.000000,2025-06-04 06:46:06.000000,eqcct_earthquakes_th0_1/20250604T064506Z_20250604T064606Z/KLF_outputs/X_prediction_results.csv
RNF/FN.RNF..HHE__20250604T064513Z__20250604T064613Z.mseed,FN,RNF,0,0,0,0,2025-06-04 06:45:18.780000,0.907,2025-06-04 06:45:31.550000,0.505,2025-06-04 06:45:13.000000,2025-06-04 06:46:13.000000,eqcct_earthquakes_th0_1/20250604T064513Z_20250604T064613Z/RNF_outputs/X_prediction_results.csv
KU6/HE.KU6..HHE__20250605T030235Z__20250605T030335Z.mseed,HE,KU6,0,0,0,0,2025-06-05 03:02:40.950000,0.957,2025-06-05 03:02:44.850000,0.895,2025-06-05 03:02:35.000000,2025-06-05 03:03:35.000000,eqcct_earthquakes_th0_1/20250605T030235Z_20250605T030335Z/KU6_outputs/X_prediction_results.csv
MSF/FN.MSF..HHN__20250605T030236Z__20250605T030336Z.mseed,FN,MSF,0,0,0,0,2025-06-05 03:02:41.910000,0.956,2025-06-05 03:02:46.450000,0.88,2025-06-05 03:02:36.000000,2025-06-05 03:03:36.000000,eqcct_earthquakes_th0_1/20250605T030236Z_20250605T030336Z/MSF_outputs/X_prediction_results.csv
OLKF/FN.OLKF..HHE__20250605T030238Z__20250605T030338Z.mseed,FN,OLKF,0,0,0,0,2025-06-05 03:02:43.850000,0.939,2025-06-05 03:02:49.860000,0.83,2025-06-05 03:02:38.000000,2025-06-05 03:03:38.000000,eqcct_earthquakes_th0_1/20250605T030238Z_20250605T030338Z/OLKF_outputs/X_prediction_results.csv
RANF/FN.RANF..HHN__20250605T030251Z__20250605T030351Z.mseed,FN,RANF,0,0,0,0,2025-06-05 03:02:56.250000,0.923,2025-06-05 03:03:10.870000,0.608,2025-06-05 03:02:51.000000,2025-06-05 03:03:51.000000,eqcct_earthquakes_th0_1/20250605T030251Z_20250605T030351Z/RANF_outputs/X_prediction_results.csv
RNF/FN.RNF..HHZ__20250605T030258Z__20250605T030358Z.mseed,FN,RNF,0,0,0,0,2025-06-05 03:03:03.140000,0.899,2025-06-05 03:03:23.690000,0.522,2025-06-05 03:02:58.000000,2025-06-05 03:03:58.000000,eqcct_earthquakes_th0_1/20250605T030258Z_20250605T030358Z/RNF_outputs/X_prediction_results.csv
OUL/FN.OUL..HHZ__20250605T030300Z__20250605T030400Z.mseed,FN,OUL,0,0,0,0,2025-06-05 03:03:05.900000,0.875,2025-06-05 03:03:27.970000,0.427,2025-06-05 03:03:00.000000,2025-06-05 03:04:00.000000,eqcct_earthquakes_th0_1/20250605T030300Z_20250605T030400Z/OUL_outputs/X_prediction_results.csv
SGF/FN.SGF..HHE__20250605T030303Z__20250605T030403Z.mseed,FN,SGF,0,0,0,0,2025-06-05 03:03:08.750000,0.768,2025-06-05 03:03:33.340000,0.705,2025-06-05 03:03:03.000000,2025-06-05 03:04:03.000000,eqcct_earthquakes_th0_1/20250605T030303Z_20250605T030403Z/SGF_outputs/X_prediction_results.csv
TOF/HE.TOF..HHN__20250605T030306Z__20250605T030406Z.mseed,HE,TOF,0,0,0,0,2025-06-05 03:03:10.090000,0.78,,,2025-06-05 03:03:06.000000,2025-06-05 03:04:06.000000,eqcct_earthquakes_th0_1/20250605T030306Z_20250605T030406Z/TOF_outputs/X_prediction_results.csv
OBF3/HE.OBF3..HHN__20250605T030309Z__20250605T030409Z.mseed,HE,OBF3,0,0,0,0,2025-06-05 03:03:13.116000,0.704,,,2025-06-05 03:03:09.000000,2025-06-05 03:04:09.000000,eqcct_earthquakes_th0_1/20250605T030309Z_20250605T030409Z/OBF3_outputs/X_prediction_results.csv
RMF/HE.RMF..HHN__20250605T030321Z__20250605T030421Z.mseed,HE,RMF,0,0,0,0,2025-06-05 03:03:25.578000,0.382,2025-06-05 03:03:26.798000,0.817,2025-06-05 03:03:21.000000,2025-06-05 03:04:21.000000,eqcct_earthquakes_th0_1/20250605T030321Z_20250605T030421Z/RMF_outputs/X_prediction_results.csv
VRF/HE.VRF..HHN__20250605T030323Z__20250605T030423Z.mseed,HE,VRF,0,0,0,0,2025-06-05 03:03:27.650000,0.425,2025-06-05 03:03:30.150000,0.21,2025-06-05 03:03:23.000000,2025-06-05 03:04:23.000000,eqcct_earthquakes_th0_1/20250605T030323Z_20250605T030423Z/VRF_outputs/X_prediction_results.csv
RUF/HE.RUF..HHE__20250607T191541Z__20250607T191641Z.mseed,HE,RUF,0,0,0,0,2025-06-07 19:15:46.856000,0.836,2025-06-07 19:15:53.086000,0.769,2025-06-07 19:15:41.000000,2025-06-07 19:16:41.000000,eqcct_earthquakes_th0_1/20250607T191541Z_20250607T191641Z/RUF_outputs/X_prediction_results.csv
VJF/HE.VJF..HHZ__20250607T191544Z__20250607T191644Z.mseed,HE,VJF,0,0,0,0,2025-06-07 19:15:48.880000,0.137,2025-06-07 19:15:59.050000,0.353,2025-06-07 19:15:44.000000,2025-06-07 19:16:44.000000,eqcct_earthquakes_th0_1/20250607T191544Z_20250607T191644Z/VJF_outputs/X_prediction_results.csv
FIA0/HE.FIA0..HHZ__20250607T191551Z__20250607T191651Z.mseed,HE,FIA0,0,0,0,0,2025-06-07 19:15:56.700000,0.872,2025-06-07 19:16:10.760000,0.445,2025-06-07 19:15:51.000000,2025-06-07 19:16:51.000000,eqcct_earthquakes_th0_1/20250607T191551Z_20250607T191651Z/FIA0_outputs/X_prediction_results.csv
FIA1/HE.FIA1..HHZ__20250607T191551Z__20250607T191651Z.mseed,HE,FIA1,0,0,0,0,2025-06-07 19:15:56.700000,0.91,2025-06-07 19:16:10.600000,0.399,2025-06-07 19:15:51.000000,2025-06-07 19:16:51.000000,eqcct_earthquakes_th0_1/20250607T191551Z_20250607T191651Z/FIA1_outputs/X_prediction_results.csv
KAF/HE.KAF..HHE__20250607T191556Z__20250607T191656Z.mseed,HE,KAF,0,0,0,0,2025-06-07 19:16:01.920000,0.881,2025-06-07 19:16:18.920000,0.495,2025-06-07 19:15:56.000000,2025-06-07 19:16:56.000000,eqcct_earthquakes_th0_1/20250607T191556Z_20250607T191656Z/KAF_outputs/X_prediction_results.csv
SUF/HE.SUF..HHE__20250607T191606Z__20250607T191706Z.mseed,HE,SUF,0,0,0,0,2025-06-07 19:16:10.320000,0.667,,,2025-06-07 19:16:06.000000,2025-06-07 19:17:06.000000,eqcct_earthquakes_th0_1/20250607T191606Z_20250607T191706Z/SUF_outputs/X_prediction_results.csv
KEF/HE.KEF..HHN__20250607T191606Z__20250607T191706Z.mseed,HE,KEF,0,0,0,0,2025-06-07 19:16:10.760000,0.162,,,2025-06-07 19:16:06.000000,2025-06-07 19:17:06.000000,eqcct_earthquakes_th0_1/20250607T191606Z_20250607T191706Z/KEF_outputs/X_prediction_results.csv
NIF/HE.NIF..HHN__20250607T191612Z__20250607T191712Z.mseed,HE,NIF,0,0,0,0,2025-06-07 19:16:16.180000,0.219,,,2025-06-07 19:16:12.000000,2025-06-07 19:17:12.000000,eqcct_earthquakes_th0_1/20250607T191612Z_20250607T191712Z/NIF_outputs/X_prediction_results.csv
TOF/HE.TOF..HHZ__20250608T042656Z__20250608T042756Z.mseed,HE,TOF,0,0,0,0,2025-06-08 04:27:01.060000,0.94,2025-06-08 04:27:12.850000,0.661,2025-06-08 04:26:56.000000,2025-06-08 04:27:56.000000,eqcct_earthquakes_th0_1/20250608T042656Z_20250608T042756Z/TOF_outputs/X_prediction_results.csv
KLF/FN.KLF..HHN__20250608T042704Z__20250608T042804Z.mseed,FN,KLF,0,0,0,0,2025-06-08 04:27:09.100000,0.89,2025-06-08 04:27:27.410000,0.394,2025-06-08 04:27:04.000000,2025-06-08 04:28:04.000000,eqcct_earthquakes_th0_1/20250608T042704Z_20250608T042804Z/KLF_outputs/X_prediction_results.csv
OBF3/HE.OBF3..HHN__20250608T042708Z__20250608T042808Z.mseed,HE,OBF3,0,0,0,0,2025-06-08 04:27:13.620000,0.883,2025-06-08 04:27:35.770000,0.51,2025-06-08 04:27:08.000000,2025-06-08 04:28:08.000000,eqcct_earthquakes_th0_1/20250608T042708Z_20250608T042808Z/OBF3_outputs/X_prediction_results.csv
RNF/FN.RNF..HHN__20250608T042709Z__20250608T042809Z.mseed,FN,RNF,0,0,0,0,2025-06-08 04:27:13.410000,0.789,2025-06-08 04:27:35.930000,0.412,2025-06-08 04:27:09.000000,2025-06-08 04:28:09.000000,eqcct_earthquakes_th0_1/20250608T042709Z_20250608T042809Z/RNF_outputs/X_prediction_results.csv
OBF0/HE.OBF0..HHZ__20250608T042711Z__20250608T042811Z.mseed,HE,OBF0,0,0,0,0,2025-06-08 04:27:15.388000,0.902,2025-06-08 04:27:39.478000,0.147,2025-06-08 04:27:11.000000,2025-06-08 04:28:11.000000,eqcct_earthquakes_th0_1/20250608T042711Z_20250608T042811Z/OBF0_outputs/X_prediction_results.csv
OUL/FN.OUL..HHE__20250608T042712Z__20250608T042812Z.mseed,FN,OUL,0,0,0,0,2025-06-08 04:27:16.100000,0.822,2025-06-08 04:27:40.900000,0.465,2025-06-08 04:27:12.000000,2025-06-08 04:28:12.000000,eqcct_earthquakes_th0_1/20250608T042712Z_20250608T042812Z/OUL_outputs/X_prediction_results.csv
RANF/FN.RANF..HHN__20250608T042713Z__20250608T042813Z.mseed,FN,RANF,0,0,0,0,2025-06-08 04:27:17.150000,0.902,2025-06-08 04:27:42.140000,0.19,2025-06-08 04:27:13.000000,2025-06-08 04:28:13.000000,eqcct_earthquakes_th0_1/20250608T042713Z_20250608T042813Z/RANF_outputs/X_prediction_results.csv
HEF/HE.HEF..HHN__20250608T042720Z__20250608T042820Z.mseed,HE,HEF,0,0,0,0,2025-06-08 04:27:24.160000,0.881,,,2025-06-08 04:27:20.000000,2025-06-08 04:28:20.000000,eqcct_earthquakes_th0_1/20250608T042720Z_20250608T042820Z/HEF_outputs/X_prediction_results.csv
OBF8/HE.OBF8..HHN__20250608T042735Z__20250608T042835Z.mseed,HE,OBF8,0,0,0,0,2025-06-08 04:27:40.448000,0.424,2025-06-08 04:27:40.988000,0.684,2025-06-08 04:27:35.000000,2025-06-08 04:28:35.000000,eqcct_earthquakes_th0_1/20250608T042735Z_20250608T042835Z/OBF8_outputs/X_prediction_results.csv
MSF/FN.MSF..HHN__20250608T042759Z__20250608T042859Z.mseed,FN,MSF,0,0,0,0,2025-06-08 04:28:04.020000,0.346,,,2025-06-08 04:27:59.000000,2025-06-08 04:28:59.000000,eqcct_earthquakes_th0_1/20250608T042759Z_20250608T042859Z/MSF_outputs/X_prediction_results.csv
OLKF/FN.OLKF..HHN__20250608T042802Z__20250608T042902Z.mseed,FN,OLKF,0,0,0,0,2025-06-08 04:28:06.660000,0.664,2025-06-08 04:28:13.880000,0.672,2025-06-08 04:28:02.000000,2025-06-08 04:29:02.000000,eqcct_earthquakes_th0_1/20250608T042802Z_20250608T042902Z/OLKF_outputs/X_prediction_results.csv
NIF/HE.NIF..HHN__20250608T133946Z__20250608T134046Z.mseed,HE,NIF,0,0,0,0,2025-06-08 13:39:51.072000,0.957,2025-06-08 13:39:53.932000,0.796,2025-06-08 13:39:46.000000,2025-06-08 13:40:46.000000,eqcct_earthquakes_th0_1/20250608T133946Z_20250608T134046Z/NIF_outputs/X_prediction_results.csv
SUF/HE.SUF..HHN__20250608T134002Z__20250608T134102Z.mseed,HE,SUF,0,0,0,0,2025-06-08 13:40:07.814000,0.761,2025-06-08 13:40:22.104000,0.818,2025-06-08 13:40:02.000000,2025-06-08 13:41:02.000000,eqcct_earthquakes_th0_1/20250608T134002Z_20250608T134102Z/SUF_outputs/X_prediction_results.csv
JOF/HE.JOF..HHZ__20250608T134008Z__20250608T134108Z.mseed,HE,JOF,0,0,0,0,2025-06-08 13:40:12.980000,0.619,2025-06-08 13:40:31.290000,0.596,2025-06-08 13:40:08.000000,2025-06-08 13:41:08.000000,eqcct_earthquakes_th0_1/20250608T134008Z_20250608T134108Z/JOF_outputs/X_prediction_results.csv
KAF/HE.KAF..HHN__20250608T134009Z__20250608T134109Z.mseed,HE,KAF,0,0,0,0,2025-06-08 13:40:14.490000,0.858,2025-06-08 13:40:33.880000,0.374,2025-06-08 13:40:09.000000,2025-06-08 13:41:09.000000,eqcct_earthquakes_th0_1/20250608T134009Z_20250608T134109Z/KAF_outputs/X_prediction_results.csv
ALAJF/HE.ALAJF..HHZ__20250608T134015Z__20250608T134115Z.mseed,HE,ALAJF,0,0,0,0,2025-06-08 13:40:19.848000,0.603,2025-06-08 13:40:45.158000,0.211,2025-06-08 13:40:15.000000,2025-06-08 13:41:15.000000,eqcct_earthquakes_th0_1/20250608T134015Z_20250608T134115Z/ALAJF_outputs/X_prediction_results.csv
RUF/HE.RUF..HHZ__20250608T134015Z__20250608T134115Z.mseed,HE,RUF,0,0,0,0,2025-06-08 13:40:19.824000,0.444,,,2025-06-08 13:40:15.000000,2025-06-08 13:41:15.000000,eqcct_earthquakes_th0_1/20250608T134015Z_20250608T134115Z/RUF_outputs/X_prediction_results.csv
KEF/HE.KEF..HHN__20250608T134016Z__20250608T134116Z.mseed,HE,KEF,0,0,0,0,2025-06-08 13:40:20.420000,0.67,2025-06-08 13:40:46.660000,0.589,2025-06-08 13:40:16.000000,2025-06-08 13:41:16.000000,eqcct_earthquakes_th0_1/20250608T134016Z_20250608T134116Z/KEF_outputs/X_prediction_results.csv
RMF/HE.RMF..HHE__20250608T134017Z__20250608T134117Z.mseed,HE,RMF,0,0,0,0,2025-06-08 13:40:22.196000,0.354,2025-06-08 13:40:22.406000,0.1,2025-06-08 13:40:17.000000,2025-06-08 13:41:17.000000,eqcct_earthquakes_th0_1/20250608T134017Z_20250608T134117Z/RMF_outputs/X_prediction_results.csv
OUL/FN.OUL..HHZ__20250608T134041Z__20250608T134141Z.mseed,FN,OUL,0,0,0,0,2025-06-08 13:40:45.980000,0.528,,,2025-06-08 13:40:41.000000,2025-06-08 13:41:41.000000,eqcct_earthquakes_th0_1/20250608T134041Z_20250608T134141Z/OUL_outputs/X_prediction_results.csv
OBF0/HE.OBF0..HHE__20250608T134045Z__20250608T134145Z.mseed,HE,OBF0,0,0,0,0,2025-06-08 13:40:49.802000,0.411,2025-06-08 13:40:51.962000,0.345,2025-06-08 13:40:45.000000,2025-06-08 13:41:45.000000,eqcct_earthquakes_th0_1/20250608T134045Z_20250608T134145Z/OBF0_outputs/X_prediction_results.csv
FIA1/HE.FIA1..HHN__20250608T134046Z__20250608T134146Z.mseed,HE,FIA1,0,0,0,0,2025-06-08 13:40:51.840000,0.224,2025-06-08 13:40:53.000000,0.417,2025-06-08 13:40:46.000000,2025-06-08 13:41:46.000000,eqcct_earthquakes_th0_1/20250608T134046Z_20250608T134146Z/FIA1_outputs/X_prediction_results.csv
FIA0/HE.FIA0..HHE__20250608T134047Z__20250608T134147Z.mseed,HE,FIA0,0,0,0,0,2025-06-08 13:40:51.210000,0.196,2025-06-08 13:40:53.040000,0.744,2025-06-08 13:40:47.000000,2025-06-08 13:41:47.000000,eqcct_earthquakes_th0_1/20250608T134047Z_20250608T134147Z/FIA0_outputs/X_prediction_results.csv
TOF/HE.TOF..HHZ__20250609T023906Z__20250609T024006Z.mseed,HE,TOF,0,0,0,0,2025-06-09 02:39:11.510000,0.899,2025-06-09 02:39:20.680000,0.44,2025-06-09 02:39:06.000000,2025-06-09 02:40:06.000000,eqcct_earthquakes_th0_1/20250609T023906Z_20250609T024006Z/TOF_outputs/X_prediction_results.csv
OBF3/HE.OBF3..HHE__20250609T023913Z__20250609T024013Z.mseed,HE,OBF3,0,0,0,0,2025-06-09 02:39:18.852000,0.9,2025-06-09 02:39:34.402000,0.234,2025-06-09 02:39:13.000000,2025-06-09 02:40:13.000000,eqcct_earthquakes_th0_1/20250609T023913Z_20250609T024013Z/OBF3_outputs/X_prediction_results.csv
OUL/FN.OUL..HHZ__20250609T023918Z__20250609T024018Z.mseed,FN,OUL,0,0,0,0,2025-06-09 02:39:23.170000,0.331,,,2025-06-09 02:39:18.000000,2025-06-09 02:40:18.000000,eqcct_earthquakes_th0_1/20250609T023918Z_20250609T024018Z/OUL_outputs/X_prediction_results.csv
RANF/FN.RANF..HHN__20250609T023922Z__20250609T024022Z.mseed,FN,RANF,0,0,0,0,2025-06-09 02:39:27.700000,0.838,2025-06-09 02:39:49.220000,0.382,2025-06-09 02:39:22.000000,2025-06-09 02:40:22.000000,eqcct_earthquakes_th0_1/20250609T023922Z_20250609T024022Z/RANF_outputs/X_prediction_results.csv
RNF/FN.RNF..HHZ__20250609T023922Z__20250609T024022Z.mseed,FN,RNF,0,0,0,0,2025-06-09 02:39:27.350000,0.693,,,2025-06-09 02:39:22.000000,2025-06-09 02:40:22.000000,eqcct_earthquakes_th0_1/20250609T023922Z_20250609T024022Z/RNF_outputs/X_prediction_results.csv
KLF/FN.KLF..HHE__20250609T023922Z__20250609T024022Z.mseed,FN,KLF,0,0,0,0,2025-06-09 02:39:27.500000,0.613,,,2025-06-09 02:39:22.000000,2025-06-09 02:40:22.000000,eqcct_earthquakes_th0_1/20250609T023922Z_20250609T024022Z/KLF_outputs/X_prediction_results.csv
KLF/FN.KLF..HHE__20250610T031629Z__20250610T031729Z.mseed,FN,KLF,0,0,0,0,2025-06-10 03:16:34.200000,0.912,2025-06-10 03:16:44.350000,0.283,2025-06-10 03:16:29.000000,2025-06-10 03:17:29.000000,eqcct_earthquakes_th0_1/20250610T031629Z_20250610T031729Z/KLF_outputs/X_prediction_results.csv
HEF/HE.HEF..HHN__20250610T031639Z__20250610T031739Z.mseed,HE,HEF,0,0,0,0,2025-06-10 03:16:44.570000,0.912,2025-06-10 03:17:02.070000,0.686,2025-06-10 03:16:39.000000,2025-06-10 03:17:39.000000,eqcct_earthquakes_th0_1/20250610T031639Z_20250610T031739Z/HEF_outputs/X_prediction_results.csv
TOF/HE.TOF..HHZ__20250610T031642Z__20250610T031742Z.mseed,HE,TOF,0,0,0,0,2025-06-10 03:16:47.130000,0.899,2025-06-10 03:17:05.900000,0.719,2025-06-10 03:16:42.000000,2025-06-10 03:17:42.000000,eqcct_earthquakes_th0_1/20250610T031642Z_20250610T031742Z/TOF_outputs/X_prediction_results.csv
RNF/FN.RNF..HHE__20250610T031645Z__20250610T031745Z.mseed,FN,RNF,0,0,0,0,2025-06-10 03:16:50.510000,0.874,2025-06-10 03:17:12.430000,0.702,2025-06-10 03:16:45.000000,2025-06-10 03:17:45.000000,eqcct_earthquakes_th0_1/20250610T031645Z_20250610T031745Z/RNF_outputs/X_prediction_results.csv
SGF/FN.SGF..HHN__20250610T031646Z__20250610T031746Z.mseed,FN,SGF,0,0,0,0,2025-06-10 03:16:51.650000,0.91,2025-06-10 03:17:14.440000,0.444,2025-06-10 03:16:46.000000,2025-06-10 03:17:46.000000,eqcct_earthquakes_th0_1/20250610T031646Z_20250610T031746Z/SGF_outputs/X_prediction_results.csv
KIF/HE.KIF..HHE__20250610T031648Z__20250610T031748Z.mseed,HE,KIF,0,0,0,0,2025-06-10 03:16:53.700000,0.92,2025-06-10 03:17:18.190000,0.704,2025-06-10 03:16:48.000000,2025-06-10 03:17:48.000000,eqcct_earthquakes_th0_1/20250610T031648Z_20250610T031748Z/KIF_outputs/X_prediction_results.csv
RANF/FN.RANF..HHE__20250610T031653Z__20250610T031753Z.mseed,FN,RANF,0,0,0,0,2025-06-10 03:16:58.550000,0.716,2025-06-10 03:17:28.220000,0.298,2025-06-10 03:16:53.000000,2025-06-10 03:17:53.000000,eqcct_earthquakes_th0_1/20250610T031653Z_20250610T031753Z/RANF_outputs/X_prediction_results.csv
OBF3/HE.OBF3..HHN__20250610T031730Z__20250610T031830Z.mseed,HE,OBF3,0,0,0,0,2025-06-10 03:17:34.336000,0.182,2025-06-10 03:17:41.466000,0.666,2025-06-10 03:17:30.000000,2025-06-10 03:18:30.000000,eqcct_earthquakes_th0_1/20250610T031730Z_20250610T031830Z/OBF3_outputs/X_prediction_results.csv
OUL/FN.OUL..HHE__20250610T031734Z__20250610T031834Z.mseed,FN,OUL,0,0,0,0,2025-06-10 03:17:36.930000,0.357,2025-06-10 03:17:41.190000,0.407,2025-06-10 03:17:34.000000,2025-06-10 03:18:34.000000,eqcct_earthquakes_th0_1/20250610T031734Z_20250610T031834Z/OUL_outputs/X_prediction_results.csv
RUF/HE.RUF..HHN__20250613T143752Z__20250613T143852Z.mseed,HE,RUF,0,0,0,0,2025-06-13 14:37:56.960000,0.809,2025-06-13 14:38:02.770000,0.753,2025-06-13 14:37:52.000000,2025-06-13 14:38:52.000000,eqcct_earthquakes_th0_1/20250613T143752Z_20250613T143852Z/RUF_outputs/X_prediction_results.csv
JOF/HE.JOF..HHZ__20250613T143811Z__20250613T143911Z.mseed,HE,JOF,0,0,0,0,2025-06-13 14:38:15.280000,0.592,,,2025-06-13 14:38:11.000000,2025-06-13 14:39:11.000000,eqcct_earthquakes_th0_1/20250613T143811Z_20250613T143911Z/JOF_outputs/X_prediction_results.csv
VJF/HE.VJF..HHE__20250613T143811Z__20250613T143911Z.mseed,HE,VJF,0,0,0,0,2025-06-13 14:38:16.232000,0.691,,,2025-06-13 14:38:11.000000,2025-06-13 14:39:11.000000,eqcct_earthquakes_th0_1/20250613T143811Z_20250613T143911Z/VJF_outputs/X_prediction_results.csv
KAF/HE.KAF..HHN__20250613T143815Z__20250613T143915Z.mseed,HE,KAF,0,0,0,0,2025-06-13 14:38:20.540000,0.841,2025-06-13 14:38:42.430000,0.143,2025-06-13 14:38:15.000000,2025-06-13 14:39:15.000000,eqcct_earthquakes_th0_1/20250613T143815Z_20250613T143915Z/KAF_outputs/X_prediction_results.csv
FIA0/HE.FIA0..HHN__20250613T143816Z__20250613T143916Z.mseed,HE,FIA0,0,0,0,0,2025-06-13 14:38:21.220000,0.556,,,2025-06-13 14:38:16.000000,2025-06-13 14:39:16.000000,eqcct_earthquakes_th0_1/20250613T143816Z_20250613T143916Z/FIA0_outputs/X_prediction_results.csv
FIA1/HE.FIA1..HHZ__20250613T143816Z__20250613T143916Z.mseed,HE,FIA1,0,0,0,0,2025-06-13 14:38:21.250000,0.566,,,2025-06-13 14:38:16.000000,2025-06-13 14:39:16.000000,eqcct_earthquakes_th0_1/20250613T143816Z_20250613T143916Z/FIA1_outputs/X_prediction_results.csv
NIF/HE.NIF..HHZ__20250613T143819Z__20250613T143919Z.mseed,HE,NIF,0,0,0,0,2025-06-13 14:38:24.468000,0.732,,,2025-06-13 14:38:19.000000,2025-06-13 14:39:19.000000,eqcct_earthquakes_th0_1/20250613T143819Z_20250613T143919Z/NIF_outputs/X_prediction_results.csv
SUF/HE.SUF..HHN__20250613T143820Z__20250613T143920Z.mseed,HE,SUF,0,0,0,0,2025-06-13 14:38:25.760000,0.611,,,2025-06-13 14:38:20.000000,2025-06-13 14:39:20.000000,eqcct_earthquakes_th0_1/20250613T143820Z_20250613T143920Z/SUF_outputs/X_prediction_results.csv
KEF/HE.KEF..HHN__20250613T143856Z__20250613T143956Z.mseed,HE,KEF,0,0,0,0,2025-06-13 14:39:01.010000,0.144,2025-06-13 14:39:02.960000,0.208,2025-06-13 14:38:56.000000,2025-06-13 14:39:56.000000,eqcct_earthquakes_th0_1/20250613T143856Z_20250613T143956Z/KEF_outputs/X_prediction_results.csv
KPF/HE.KPF..HHE__20250615T213750Z__20250615T213850Z.mseed,HE,KPF,0,0,0,0,2025-06-15 21:37:55.060000,0.545,2025-06-15 21:38:22.060000,0.375,2025-06-15 21:37:50.000000,2025-06-15 21:38:50.000000,eqcct_earthquakes_th0_1/20250615T213750Z_20250615T213850Z/KPF_outputs/X_prediction_results.csv
VAF/HE.VAF..HHN__20250615T213751Z__20250615T213851Z.mseed,HE,VAF,0,0,0,0,2025-06-15 21:37:56.040000,0.823,2025-06-15 21:38:25.630000,0.459,2025-06-15 21:37:51.000000,2025-06-15 21:38:51.000000,eqcct_earthquakes_th0_1/20250615T213751Z_20250615T213851Z/VAF_outputs/X_prediction_results.csv
ALAJF/HE.ALAJF..HHE__20250615T213839Z__20250615T213939Z.mseed,HE,ALAJF,0,0,0,0,2025-06-15 21:38:42.090000,0.32,2025-06-15 21:38:45.330000,0.722,2025-06-15 21:38:39.000000,2025-06-15 21:39:39.000000,eqcct_earthquakes_th0_1/20250615T213839Z_20250615T213939Z/ALAJF_outputs/X_prediction_results.csv
OBF8/HE.OBF8..HHN__20250615T213842Z__20250615T213942Z.mseed,HE,OBF8,0,0,0,0,2025-06-15 21:38:46.192000,0.854,,,2025-06-15 21:38:42.000000,2025-06-15 21:39:42.000000,eqcct_earthquakes_th0_1/20250615T213842Z_20250615T213942Z/OBF8_outputs/X_prediction_results.csv
OBF8/HE.OBF8..HHN__20250618T032837Z__20250618T032937Z.mseed,HE,OBF8,0,0,0,0,2025-06-18 03:28:42.724000,0.848,2025-06-18 03:28:57.324000,0.472,2025-06-18 03:28:37.000000,2025-06-18 03:29:37.000000,eqcct_earthquakes_th0_1/20250618T032837Z_20250618T032937Z/OBF8_outputs/X_prediction_results.csv
OBF0/HE.OBF0..HHZ__20250618T032841Z__20250618T032941Z.mseed,HE,OBF0,0,0,0,0,2025-06-18 03:28:45.860000,0.547,2025-06-18 03:29:05.010000,0.683,2025-06-18 03:28:41.000000,2025-06-18 03:29:41.000000,eqcct_earthquakes_th0_1/20250618T032841Z_20250618T032941Z/OBF0_outputs/X_prediction_results.csv
OBF3/HE.OBF3..HHZ__20250618T032904Z__20250618T033004Z.mseed,HE,OBF3,0,0,0,0,2025-06-18 03:29:08.454000,0.509,2025-06-18 03:29:11.264000,0.223,2025-06-18 03:29:04.000000,2025-06-18 03:30:04.000000,eqcct_earthquakes_th0_1/20250618T032904Z_20250618T033004Z/OBF3_outputs/X_prediction_results.csv
VAF/HE.VAF..HHN__20250618T032914Z__20250618T033014Z.mseed,HE,VAF,0,0,0,0,2025-06-18 03:29:18.190000,0.787,2025-06-18 03:29:21.180000,0.372,2025-06-18 03:29:14.000000,2025-06-18 03:30:14.000000,eqcct_earthquakes_th0_1/20250618T032914Z_20250618T033014Z/VAF_outputs/X_prediction_results.csv
OUL/FN.OUL..HHE__20250618T032918Z__20250618T033018Z.mseed,FN,OUL,0,0,0,0,2025-06-18 03:29:22.230000,0.411,2025-06-18 03:29:26.750000,0.182,2025-06-18 03:29:18.000000,2025-06-18 03:30:18.000000,eqcct_earthquakes_th0_1/20250618T032918Z_20250618T033018Z/OUL_outputs/X_prediction_results.csv
ALAJF/HE.ALAJF..HHZ__20250618T032919Z__20250618T033019Z.mseed,HE,ALAJF,0,0,0,0,2025-06-18 03:29:23.604000,0.519,2025-06-18 03:29:27.384000,0.679,2025-06-18 03:29:19.000000,2025-06-18 03:30:19.000000,eqcct_earthquakes_th0_1/20250618T032919Z_20250618T033019Z/ALAJF_outputs/X_prediction_results.csv
AAL/UP.AAL..HHE__20250618T163553Z__20250618T163653Z.mseed,UP,AAL,0,0,0,0,2025-06-18 16:35:58.030000,0.888,2025-06-18 16:36:24.490000,0.343,2025-06-18 16:35:53.000000,2025-06-18 16:36:53.000000,eqcct_earthquakes_th0_1/20250618T163553Z_20250618T163653Z/AAL_outputs/X_prediction_results.csv
RAF/HE.RAF..HHN__20250618T163557Z__20250618T163657Z.mseed,HE,RAF,0,0,0,0,2025-06-18 16:36:02.140000,0.745,,,2025-06-18 16:35:57.000000,2025-06-18 16:36:57.000000,eqcct_earthquakes_th0_1/20250618T163557Z_20250618T163657Z/RAF_outputs/X_prediction_results.csv
KPF/HE.KPF..HHZ__20250618T163557Z__20250618T163657Z.mseed,HE,KPF,0,0,0,0,2025-06-18 16:36:02.536000,0.769,2025-06-18 16:36:33.056000,0.468,2025-06-18 16:35:57.000000,2025-06-18 16:36:57.000000,eqcct_earthquakes_th0_1/20250618T163557Z_20250618T163657Z/KPF_outputs/X_prediction_results.csv
KIF/HE.KIF..HHE__20250621T042154Z__20250621T042254Z.mseed,HE,KIF,0,0,0,0,2025-06-21 04:21:59.040000,0.745,2025-06-21 04:22:10.210000,0.702,2025-06-21 04:21:54.000000,2025-06-21 04:22:54.000000,eqcct_earthquakes_th0_1/20250621T042154Z_20250621T042254Z/KIF_outputs/X_prediction_results.csv
HEF/HE.HEF..HHE__20250621T042201Z__20250621T042301Z.mseed,HE,HEF,0,0,0,0,2025-06-21 04:22:06.740000,0.678,2025-06-21 04:22:23.220000,0.191,2025-06-21 04:22:01.000000,2025-06-21 04:23:01.000000,eqcct_earthquakes_th0_1/20250621T042201Z_20250621T042301Z/HEF_outputs/X_prediction_results.csv
KLF/FN.KLF..HHN__20250621T042231Z__20250621T042331Z.mseed,FN,KLF,0,0,0,0,2025-06-21 04:22:35.150000,0.551,,,2025-06-21 04:22:31.000000,2025-06-21 04:23:31.000000,eqcct_earthquakes_th0_1/20250621T042231Z_20250621T042331Z/KLF_outputs/X_prediction_results.csv
KMNF/FN.KMNF..HHZ__20250621T042254Z__20250621T042354Z.mseed,FN,KMNF,0,0,0,0,2025-06-21 04:22:58.380000,0.151,,,2025-06-21 04:22:54.000000,2025-06-21 04:23:54.000000,eqcct_earthquakes_th0_1/20250621T042254Z_20250621T042354Z/KMNF_outputs/X_prediction_results.csv
TOF/HE.TOF..HHN__20250621T164102Z__20250621T164202Z.mseed,HE,TOF,0,0,0,0,2025-06-21 16:41:07.540000,0.915,2025-06-21 16:41:14.240000,0.472,2025-06-21 16:41:02.000000,2025-06-21 16:42:02.000000,eqcct_earthquakes_th0_1/20250621T164102Z_20250621T164202Z/TOF_outputs/X_prediction_results.csv
OUL/FN.OUL..HHE__20250621T164105Z__20250621T164205Z.mseed,FN,OUL,0,0,0,0,2025-06-21 16:41:10.430000,0.929,2025-06-21 16:41:19.350000,0.789,2025-06-21 16:41:05.000000,2025-06-21 16:42:05.000000,eqcct_earthquakes_th0_1/20250621T164105Z_20250621T164205Z/OUL_outputs/X_prediction_results.csv
OBF3/HE.OBF3..HHE__20250621T164106Z__20250621T164206Z.mseed,HE,OBF3,0,0,0,0,2025-06-21 16:41:11.356000,0.881,2025-06-21 16:41:20.926000,0.549,2025-06-21 16:41:06.000000,2025-06-21 16:42:06.000000,eqcct_earthquakes_th0_1/20250621T164106Z_20250621T164206Z/OBF3_outputs/X_prediction_results.csv
OBF0/HE.OBF0..HHE__20250621T164112Z__20250621T164212Z.mseed,HE,OBF0,0,0,0,0,2025-06-21 16:41:17.124000,0.784,,,2025-06-21 16:41:12.000000,2025-06-21 16:42:12.000000,eqcct_earthquakes_th0_1/20250621T164112Z_20250621T164212Z/OBF0_outputs/X_prediction_results.csv
MSF/FN.MSF..HHE__20250621T164125Z__20250621T164225Z.mseed,FN,MSF,0,0,0,0,2025-06-21 16:41:29.420000,0.35,,,2025-06-21 16:41:25.000000,2025-06-21 16:42:25.000000,eqcct_earthquakes_th0_1/20250621T164125Z_20250621T164225Z/MSF_outputs/X_prediction_results.csv
SGF/FN.SGF..HHN__20250621T164153Z__20250621T164253Z.mseed,FN,SGF,0,0,0,0,2025-06-21 16:41:57.790000,0.144,,,2025-06-21 16:41:53.000000,2025-06-21 16:42:53.000000,eqcct_earthquakes_th0_1/20250621T164153Z_20250621T164253Z/SGF_outputs/X_prediction_results.csv
OLKF/FN.OLKF..HHN__20250621T164156Z__20250621T164256Z.mseed,FN,OLKF,0,0,0,0,2025-06-21 16:42:00.250000,0.292,,,2025-06-21 16:41:56.000000,2025-06-21 16:42:56.000000,eqcct_earthquakes_th0_1/20250621T164156Z_20250621T164256Z/OLKF_outputs/X_prediction_results.csv
VAF/HE.VAF..HHN__20250621T164212Z__20250621T164312Z.mseed,HE,VAF,0,0,0,0,2025-06-21 16:42:16.330000,0.326,,,2025-06-21 16:42:12.000000,2025-06-21 16:43:12.000000,eqcct_earthquakes_th0_1/20250621T164212Z_20250621T164312Z/VAF_outputs/X_prediction_results.csv
OBF8/HE.OBF8..HHE__20250621T180405Z__20250621T180505Z.mseed,HE,OBF8,0,0,0,0,2025-06-21 18:04:10.196000,0.888,2025-06-21 18:04:23.496000,0.219,2025-06-21 18:04:05.000000,2025-06-21 18:05:05.000000,eqcct_earthquakes_th0_1/20250621T180405Z_20250621T180505Z/OBF8_outputs/X_prediction_results.csv
OBF0/HE.OBF0..HHZ__20250621T180410Z__20250621T180510Z.mseed,HE,OBF0,0,0,0,0,2025-06-21 18:04:15.090000,0.823,2025-06-21 18:04:31.400000,0.804,2025-06-21 18:04:10.000000,2025-06-21 18:05:10.000000,eqcct_earthquakes_th0_1/20250621T180410Z_20250621T180510Z/OBF0_outputs/X_prediction_results.csv
OBF3/HE.OBF3..HHZ__20250621T180413Z__20250621T180513Z.mseed,HE,OBF3,0,0,0,0,2025-06-21 18:04:17.672000,0.773,2025-06-21 18:04:37.262000,0.337,2025-06-21 18:04:13.000000,2025-06-21 18:05:13.000000,eqcct_earthquakes_th0_1/20250621T180413Z_20250621T180513Z/OBF3_outputs/X_prediction_results.csv
VAF/HE.VAF..HHZ__20250621T180418Z__20250621T180518Z.mseed,HE,VAF,0,0,0,0,2025-06-21 18:04:23.570000,0.844,2025-06-21 18:04:46.180000,0.785,2025-06-21 18:04:18.000000,2025-06-21 18:05:18.000000,eqcct_earthquakes_th0_1/20250621T180418Z_20250621T180518Z/VAF_outputs/X_prediction_results.csv
TOF/HE.TOF..HHN__20250621T180420Z__20250621T180520Z.mseed,HE,TOF,0,0,0,0,2025-06-21 18:04:24.410000,0.508,2025-06-21 18:04:50.170000,0.37,2025-06-21 18:04:20.000000,2025-06-21 18:05:20.000000,eqcct_earthquakes_th0_1/20250621T180420Z_20250621T180520Z/TOF_outputs/X_prediction_results.csv
OUL/FN.OUL..HHE__20250621T180421Z__20250621T180521Z.mseed,FN,OUL,0,0,0,0,2025-06-21 18:04:25.870000,0.793,2025-06-21 18:04:53.100000,0.204,2025-06-21 18:04:21.000000,2025-06-21 18:05:21.000000,eqcct_earthquakes_th0_1/20250621T180421Z_20250621T180521Z/OUL_outputs/X_prediction_results.csv
ALAJF/HE.ALAJF..HHE__20250621T180446Z__20250621T180546Z.mseed,HE,ALAJF,0,0,0,0,2025-06-21 18:04:50.100000,0.809,2025-06-21 18:04:52.790000,0.867,2025-06-21 18:04:46.000000,2025-06-21 18:05:46.000000,eqcct_earthquakes_th0_1/20250621T180446Z_20250621T180546Z/ALAJF_outputs/X_prediction_results.csv
SUF/HE.SUF..HHE__20250621T180509Z__20250621T180609Z.mseed,HE,SUF,0,0,0,0,2025-06-21 18:05:13.560000,0.6,2025-06-21 18:05:20.460000,0.698,2025-06-21 18:05:09.000000,2025-06-21 18:06:09.000000,eqcct_earthquakes_th0_1/20250621T180509Z_20250621T180609Z/SUF_outputs/X_prediction_results.csv
KLF/FN.KLF..HHZ__20250621T180510Z__20250621T180610Z.mseed,FN,KLF,0,0,0,0,2025-06-21 18:05:14.180000,0.106,,,2025-06-21 18:05:10.000000,2025-06-21 18:06:10.000000,eqcct_earthquakes_th0_1/20250621T180510Z_20250621T180610Z/KLF_outputs/X_prediction_results.csv
KEF/HE.KEF..HHZ__20250621T180511Z__20250621T180611Z.mseed,HE,KEF,0,0,0,0,2025-06-21 18:05:15.030000,0.469,,,2025-06-21 18:05:11.000000,2025-06-21 18:06:11.000000,eqcct_earthquakes_th0_1/20250621T180511Z_20250621T180611Z/KEF_outputs/X_prediction_results.csv
NIF/HE.NIF..HHE__20250621T180520Z__20250621T180620Z.mseed,HE,NIF,0,0,0,0,2025-06-21 18:05:24.838000,0.268,,,2025-06-21 18:05:20.000000,2025-06-21 18:06:20.000000,eqcct_earthquakes_th0_1/20250621T180520Z_20250621T180620Z/NIF_outputs/X_prediction_results.csv
KAF/HE.KAF..HHZ__20250621T180521Z__20250621T180621Z.mseed,HE,KAF,0,0,0,0,2025-06-21 18:05:25.260000,0.668,,,2025-06-21 18:05:21.000000,2025-06-21 18:06:21.000000,eqcct_earthquakes_th0_1/20250621T180521Z_20250621T180621Z/KAF_outputs/X_prediction_results.csv
OBF8/HE.OBF8..HHE__20250622T035553Z__20250622T035653Z.mseed,HE,OBF8,0,0,0,0,2025-06-22 03:55:58.244000,0.884,2025-06-22 03:56:13.914000,0.207,2025-06-22 03:55:53.000000,2025-06-22 03:56:53.000000,eqcct_earthquakes_th0_1/20250622T035553Z_20250622T035653Z/OBF8_outputs/X_prediction_results.csv
OBF0/HE.OBF0..HHZ__20250622T035558Z__20250622T035658Z.mseed,HE,OBF0,0,0,0,0,2025-06-22 03:56:02.892000,0.709,2025-06-22 03:56:23.642000,0.153,2025-06-22 03:55:58.000000,2025-06-22 03:56:58.000000,eqcct_earthquakes_th0_1/20250622T035558Z_20250622T035658Z/OBF0_outputs/X_prediction_results.csv
VAF/HE.VAF..HHE__20250622T035600Z__20250622T035700Z.mseed,HE,VAF,0,0,0,0,2025-06-22 03:56:05.360000,0.867,2025-06-22 03:56:26.060000,0.681,2025-06-22 03:56:00.000000,2025-06-22 03:57:00.000000,eqcct_earthquakes_th0_1/20250622T035600Z_20250622T035700Z/VAF_outputs/X_prediction_results.csv
OBF3/HE.OBF3..HHZ__20250622T035602Z__20250622T035702Z.mseed,HE,OBF3,0,0,0,0,2025-06-22 03:56:06.616000,0.889,2025-06-22 03:56:30.696000,0.155,2025-06-22 03:56:02.000000,2025-06-22 03:57:02.000000,eqcct_earthquakes_th0_1/20250622T035602Z_20250622T035702Z/OBF3_outputs/X_prediction_results.csv
ALAJF/HE.ALAJF..HHN__20250622T035629Z__20250622T035729Z.mseed,HE,ALAJF,0,0,0,0,2025-06-22 03:56:33.546000,0.299,2025-06-22 03:56:35.826000,0.505,2025-06-22 03:56:29.000000,2025-06-22 03:57:29.000000,eqcct_earthquakes_th0_1/20250622T035629Z_20250622T035729Z/ALAJF_outputs/X_prediction_results.csv
TOF/HE.TOF..HHN__20250622T035639Z__20250622T035739Z.mseed,HE,TOF,0,0,0,0,2025-06-22 03:56:43.610000,0.334,2025-06-22 03:56:45.810000,0.197,2025-06-22 03:56:39.000000,2025-06-22 03:57:39.000000,eqcct_earthquakes_th0_1/20250622T035639Z_20250622T035739Z/TOF_outputs/X_prediction_results.csv
OUL/FN.OUL..HHZ__20250622T035641Z__20250622T035741Z.mseed,FN,OUL,0,0,0,0,2025-06-22 03:56:45.670000,0.511,,,2025-06-22 03:56:41.000000,2025-06-22 03:57:41.000000,eqcct_earthquakes_th0_1/20250622T035641Z_20250622T035741Z/OUL_outputs/X_prediction_results.csv
KPF/HE.KPF..HHE__20250622T035645Z__20250622T035745Z.mseed,HE,KPF,0,0,0,0,2025-06-22 03:56:50.004000,0.103,,,2025-06-22 03:56:45.000000,2025-06-22 03:57:45.000000,eqcct_earthquakes_th0_1/20250622T035645Z_20250622T035745Z/KPF_outputs/X_prediction_results.csv
KEF/HE.KEF..HHZ__20250622T035652Z__20250622T035752Z.mseed,HE,KEF,0,0,0,0,2025-06-22 03:56:56.210000,0.591,,,2025-06-22 03:56:52.000000,2025-06-22 03:57:52.000000,eqcct_earthquakes_th0_1/20250622T035652Z_20250622T035752Z/KEF_outputs/X_prediction_results.csv
SUF/HE.SUF..HHZ__20250622T035653Z__20250622T035753Z.mseed,HE,SUF,0,0,0,0,2025-06-22 03:56:58.960000,0.349,,,2025-06-22 03:56:53.000000,2025-06-22 03:57:53.000000,eqcct_earthquakes_th0_1/20250622T035653Z_20250622T035753Z/SUF_outputs/X_prediction_results.csv
NIF/HE.NIF..HHN__20250622T035701Z__20250622T035801Z.mseed,HE,NIF,0,0,0,0,2025-06-22 03:57:05.328000,0.205,,,2025-06-22 03:57:01.000000,2025-06-22 03:58:01.000000,eqcct_earthquakes_th0_1/20250622T035701Z_20250622T035801Z/NIF_outputs/X_prediction_results.csv
OLKF/FN.OLKF..HHZ__20250622T112106Z__20250622T112206Z.mseed,FN,OLKF,0,0,0,0,2025-06-22 11:21:11.500000,0.942,2025-06-22 11:21:23.640000,0.783,2025-06-22 11:21:06.000000,2025-06-22 11:22:06.000000,eqcct_earthquakes_th0_1/20250622T112106Z_20250622T112206Z/OLKF_outputs/X_prediction_results.csv
VRF/HE.VRF..HHN__20250622T112107Z__20250622T112207Z.mseed,HE,VRF,0,0,0,0,2025-06-22 11:21:11.250000,0.888,2025-06-22 11:21:24.640000,0.292,2025-06-22 11:21:07.000000,2025-06-22 11:22:07.000000,eqcct_earthquakes_th0_1/20250622T112107Z_20250622T112207Z/VRF_outputs/X_prediction_results.csv
KU6/HE.KU6..HHN__20250622T112108Z__20250622T112208Z.mseed,HE,KU6,0,0,0,0,2025-06-22 11:21:13.510000,0.893,2025-06-22 11:21:27.300000,0.768,2025-06-22 11:21:08.000000,2025-06-22 11:22:08.000000,eqcct_earthquakes_th0_1/20250622T112108Z_20250622T112208Z/KU6_outputs/X_prediction_results.csv
MSF/FN.MSF..HHN__20250622T112113Z__20250622T112213Z.mseed,FN,MSF,0,0,0,0,2025-06-22 11:21:17.310000,0.599,2025-06-22 11:21:35.980000,0.386,2025-06-22 11:21:13.000000,2025-06-22 11:22:13.000000,eqcct_earthquakes_th0_1/20250622T112113Z_20250622T112213Z/MSF_outputs/X_prediction_results.csv
SGF/FN.SGF..HHE__20250622T112121Z__20250622T112221Z.mseed,FN,SGF,0,0,0,0,2025-06-22 11:21:25.670000,0.615,2025-06-22 11:21:50.900000,0.377,2025-06-22 11:21:21.000000,2025-06-22 11:22:21.000000,eqcct_earthquakes_th0_1/20250622T112121Z_20250622T112221Z/SGF_outputs/X_prediction_results.csv
RAJF/FN.RAJF..HHZ__20250622T112144Z__20250622T112244Z.mseed,FN,RAJF,0,0,0,0,2025-06-22 11:21:48.330000,0.101,,,2025-06-22 11:21:44.000000,2025-06-22 11:22:44.000000,eqcct_earthquakes_th0_1/20250622T112144Z_20250622T112244Z/RAJF_outputs/X_prediction_results.csv
OBF8/HE.OBF8..HHN__20250624T203306Z__20250624T203406Z.mseed,HE,OBF8,0,0,0,0,2025-06-24 20:33:11.264000,0.93,2025-06-24 20:33:24.744000,0.683,2025-06-24 20:33:06.000000,2025-06-24 20:34:06.000000,eqcct_earthquakes_th0_1/20250624T203306Z_20250624T203406Z/OBF8_outputs/X_prediction_results.csv
OBF0/HE.OBF0..HHZ__20250624T203306Z__20250624T203406Z.mseed,HE,OBF0,0,0,0,0,2025-06-24 20:33:11.952000,0.941,2025-06-24 20:33:25.852000,0.683,2025-06-24 20:33:06.000000,2025-06-24 20:34:06.000000,eqcct_earthquakes_th0_1/20250624T203306Z_20250624T203406Z/OBF0_outputs/X_prediction_results.csv
OBF3/HE.OBF3..HHN__20250624T203306Z__20250624T203406Z.mseed,HE,OBF3,0,0,0,0,2025-06-24 20:33:11.316000,0.867,2025-06-24 20:33:25.466000,0.6,2025-06-24 20:33:06.000000,2025-06-24 20:34:06.000000,eqcct_earthquakes_th0_1/20250624T203306Z_20250624T203406Z/OBF3_outputs/X_prediction_results.csv
TOF/HE.TOF..HHN__20250624T203308Z__20250624T203408Z.mseed,HE,TOF,0,0,0,0,2025-06-24 20:33:13.040000,0.858,2025-06-24 20:33:27.490000,0.54,2025-06-24 20:33:08.000000,2025-06-24 20:34:08.000000,eqcct_earthquakes_th0_1/20250624T203308Z_20250624T203408Z/TOF_outputs/X_prediction_results.csv
OUL/FN.OUL..HHZ__20250624T203313Z__20250624T203413Z.mseed,FN,OUL,0,0,0,0,2025-06-24 20:33:18.540000,0.712,2025-06-24 20:33:37.480000,0.188,2025-06-24 20:33:13.000000,2025-06-24 20:34:13.000000,eqcct_earthquakes_th0_1/20250624T203313Z_20250624T203413Z/OUL_outputs/X_prediction_results.csv
KLF/FN.KLF..HHZ__20250624T203323Z__20250624T203423Z.mseed,FN,KLF,0,0,0,0,2025-06-24 20:33:28.900000,0.897,2025-06-24 20:33:57.740000,0.297,2025-06-24 20:33:23.000000,2025-06-24 20:34:23.000000,eqcct_earthquakes_th0_1/20250624T203323Z_20250624T203423Z/KLF_outputs/X_prediction_results.csv
ALAJF/HE.ALAJF..HHZ__20250624T203326Z__20250624T203426Z.mseed,HE,ALAJF,0,0,0,0,2025-06-24 20:33:30.744000,0.78,2025-06-24 20:34:01.004000,0.372,2025-06-24 20:33:26.000000,2025-06-24 20:34:26.000000,eqcct_earthquakes_th0_1/20250624T203326Z_20250624T203426Z/ALAJF_outputs/X_prediction_results.csv
VAF/HE.VAF..HHZ__20250624T203354Z__20250624T203454Z.mseed,HE,VAF,0,0,0,0,2025-06-24 20:33:57.380000,0.395,2025-06-24 20:34:00.630000,0.781,2025-06-24 20:33:54.000000,2025-06-24 20:34:54.000000,eqcct_earthquakes_th0_1/20250624T203354Z_20250624T203454Z/VAF_outputs/X_prediction_results.csv
AAL/UP.AAL..HHN__20250626T014110Z__20250626T014210Z.mseed,UP,AAL,0,0,0,0,2025-06-26 01:41:14.220000,0.255,,,2025-06-26 01:41:10.000000,2025-06-26 01:42:10.000000,eqcct_earthquakes_th0_1/20250626T014110Z_20250626T014210Z/AAL_outputs/X_prediction_results.csv
KPF/HE.KPF..HHZ__20250626T014117Z__20250626T014217Z.mseed,HE,KPF,0,0,0,0,2025-06-26 01:41:21.292000,0.157,,,2025-06-26 01:41:17.000000,2025-06-26 01:42:17.000000,eqcct_earthquakes_th0_1/20250626T014117Z_20250626T014217Z/KPF_outputs/X_prediction_results.csv
VAF/HE.VAF..HHN__20250628T154143Z__20250628T154243Z.mseed,HE,VAF,0,0,0,0,2025-06-28 15:41:48.020000,0.862,2025-06-28 15:42:00.830000,0.729,2025-06-28 15:41:43.000000,2025-06-28 15:42:43.000000,eqcct_earthquakes_th0_1/20250628T154143Z_20250628T154243Z/VAF_outputs/X_prediction_results.csv
OBF8/HE.OBF8..HHN__20250628T154146Z__20250628T154246Z.mseed,HE,OBF8,0,0,0,0,2025-06-28 15:41:50.860000,0.744,2025-06-28 15:42:08.220000,0.432,2025-06-28 15:41:46.000000,2025-06-28 15:42:46.000000,eqcct_earthquakes_th0_1/20250628T154146Z_20250628T154246Z/OBF8_outputs/X_prediction_results.csv
ALAJF/HE.ALAJF..HHN__20250628T154151Z__20250628T154251Z.mseed,HE,ALAJF,0,0,0,0,2025-06-28 15:41:56.442000,0.78,2025-06-28 15:42:15.702000,0.441,2025-06-28 15:41:51.000000,2025-06-28 15:42:51.000000,eqcct_earthquakes_th0_1/20250628T154151Z_20250628T154251Z/ALAJF_outputs/X_prediction_results.csv
OBF0/HE.OBF0..HHN__20250628T154153Z__20250628T154253Z.mseed,HE,OBF0,0,0,0,0,2025-06-28 15:41:58.308000,0.761,2025-06-28 15:42:19.428000,0.44,2025-06-28 15:41:53.000000,2025-06-28 15:42:53.000000,eqcct_earthquakes_th0_1/20250628T154153Z_20250628T154253Z/OBF0_outputs/X_prediction_results.csv
OBF3/HE.OBF3..HHN__20250628T154158Z__20250628T154258Z.mseed,HE,OBF3,0,0,0,0,2025-06-28 15:42:02.552000,0.724,2025-06-28 15:42:30.342000,0.246,2025-06-28 15:41:58.000000,2025-06-28 15:42:58.000000,eqcct_earthquakes_th0_1/20250628T154158Z_20250628T154258Z/OBF3_outputs/X_prediction_results.csv
KPF/HE.KPF..HHZ__20250628T154159Z__20250628T154259Z.mseed,HE,KPF,0,0,0,0,2025-06-28 15:42:04.208000,0.879,2025-06-28 15:42:28.998000,0.313,2025-06-28 15:41:59.000000,2025-06-28 15:42:59.000000,eqcct_earthquakes_th0_1/20250628T154159Z_20250628T154259Z/KPF_outputs/X_prediction_results.csv
KEF/HE.KEF..HHN__20250628T154205Z__20250628T154305Z.mseed,HE,KEF,0,0,0,0,2025-06-28 15:42:10.520000,0.896,2025-06-28 15:42:40.790000,0.334,2025-06-28 15:42:05.000000,2025-06-28 15:43:05.000000,eqcct_earthquakes_th0_1/20250628T154205Z_20250628T154305Z/KEF_outputs/X_prediction_results.csv
SUF/HE.SUF..HHE__20250628T154208Z__20250628T154308Z.mseed,HE,SUF,0,0,0,0,2025-06-28 15:42:12.640000,0.651,,,2025-06-28 15:42:08.000000,2025-06-28 15:43:08.000000,eqcct_earthquakes_th0_1/20250628T154208Z_20250628T154308Z/SUF_outputs/X_prediction_results.csv
RAF/HE.RAF..HHE__20250628T154211Z__20250628T154311Z.mseed,HE,RAF,0,0,0,0,2025-06-28 15:42:15.720000,0.509,2025-06-28 15:42:52.240000,0.264,2025-06-28 15:42:11.000000,2025-06-28 15:43:11.000000,eqcct_earthquakes_th0_1/20250628T154211Z_20250628T154311Z/RAF_outputs/X_prediction_results.csv
KAF/HE.KAF..HHN__20250628T154214Z__20250628T154314Z.mseed,HE,KAF,0,0,0,0,2025-06-28 15:42:18.750000,0.296,,,2025-06-28 15:42:14.000000,2025-06-28 15:43:14.000000,eqcct_earthquakes_th0_1/20250628T154214Z_20250628T154314Z/KAF_outputs/X_prediction_results.csv
OUL/FN.OUL..HHE__20250628T154237Z__20250628T154337Z.mseed,FN,OUL,0,0,0,0,2025-06-28 15:42:41.150000,0.614,2025-06-28 15:42:47.550000,0.172,2025-06-28 15:42:37.000000,2025-06-28 15:43:37.000000,eqcct_earthquakes_th0_1/20250628T154237Z_20250628T154337Z/OUL_outputs/X_prediction_results.csv
TOF/HE.TOF..HHN__20250628T154242Z__20250628T154342Z.mseed,HE,TOF,0,0,0,0,2025-06-28 15:42:46.560000,0.488,,,2025-06-28 15:42:42.000000,2025-06-28 15:43:42.000000,eqcct_earthquakes_th0_1/20250628T154242Z_20250628T154342Z/TOF_outputs/X_prediction_results.csv
NIF/HE.NIF..HHZ__20250628T154256Z__20250628T154356Z.mseed,HE,NIF,0,0,0,0,2025-06-28 15:43:00.114000,0.393,,,2025-06-28 15:42:56.000000,2025-06-28 15:43:56.000000,eqcct_earthquakes_th0_1/20250628T154256Z_20250628T154356Z/NIF_outputs/X_prediction_results.csv
FIA0/HE.FIA0..HHE__20250629T201527Z__20250629T201627Z.mseed,HE,FIA0,0,0,0,0,2025-06-29 20:15:32.260000,0.928,2025-06-29 20:15:37.010000,0.849,2025-06-29 20:15:27.000000,2025-06-29 20:16:27.000000,eqcct_earthquakes_th0_1/20250629T201527Z_20250629T201627Z/FIA0_outputs/X_prediction_results.csv
FIA1/HE.FIA1..HHN__20250629T201527Z__20250629T201627Z.mseed,HE,FIA1,0,0,0,0,2025-06-29 20:15:32.260000,0.947,2025-06-29 20:15:37.010000,0.848,2025-06-29 20:15:27.000000,2025-06-29 20:16:27.000000,eqcct_earthquakes_th0_1/20250629T201527Z_20250629T201627Z/FIA1_outputs/X_prediction_results.csv
VJF/HE.VJF..HHE__20250629T201534Z__20250629T201634Z.mseed,HE,VJF,0,0,0,0,2025-06-29 20:15:39.988000,0.895,2025-06-29 20:15:51.158000,0.75,2025-06-29 20:15:34.000000,2025-06-29 20:16:34.000000,eqcct_earthquakes_th0_1/20250629T201534Z_20250629T201634Z/VJF_outputs/X_prediction_results.csv
KAF/HE.KAF..HHN__20250629T201538Z__20250629T201638Z.mseed,HE,KAF,0,0,0,0,2025-06-29 20:15:43.620000,0.937,2025-06-29 20:15:56.880000,0.669,2025-06-29 20:15:38.000000,2025-06-29 20:16:38.000000,eqcct_earthquakes_th0_1/20250629T201538Z_20250629T201638Z/KAF_outputs/X_prediction_results.csv
NUR/HE.NUR..HHE__20250629T201540Z__20250629T201640Z.mseed,HE,NUR,0,0,0,0,2025-06-29 20:15:45.916000,0.836,,,2025-06-29 20:15:40.000000,2025-06-29 20:16:40.000000,eqcct_earthquakes_th0_1/20250629T201540Z_20250629T201640Z/NUR_outputs/X_prediction_results.csv
KEF/HE.KEF..HHZ__20250629T201544Z__20250629T201644Z.mseed,HE,KEF,0,0,0,0,2025-06-29 20:15:49.290000,0.935,2025-06-29 20:16:06.460000,0.38,2025-06-29 20:15:44.000000,2025-06-29 20:16:44.000000,eqcct_earthquakes_th0_1/20250629T201544Z_20250629T201644Z/KEF_outputs/X_prediction_results.csv
MEF/HE.MEF..HHN__20250629T201545Z__20250629T201645Z.mseed,HE,MEF,0,0,0,0,2025-06-29 20:15:49.590000,0.54,,,2025-06-29 20:15:45.000000,2025-06-29 20:16:45.000000,eqcct_earthquakes_th0_1/20250629T201545Z_20250629T201645Z/MEF_outputs/X_prediction_results.csv
KUNI/HE.KUNI..HHZ__20250629T201556Z__20250629T201656Z.mseed,HE,KUNI,0,0,0,0,2025-06-29 20:16:00.942000,0.382,2025-06-29 20:16:07.502000,0.72,2025-06-29 20:15:56.000000,2025-06-29 20:16:56.000000,eqcct_earthquakes_th0_1/20250629T201556Z_20250629T201656Z/KUNI_outputs/X_prediction_results.csv
RUF/HE.RUF..HHN__20250629T201557Z__20250629T201657Z.mseed,HE,RUF,0,0,0,0,2025-06-29 20:16:02.898000,0.459,2025-06-29 20:16:08.098000,0.772,2025-06-29 20:15:57.000000,2025-06-29 20:16:57.000000,eqcct_earthquakes_th0_1/20250629T201557Z_20250629T201657Z/RUF_outputs/X_prediction_results.csv
HEL1/HE.HEL1..HHE__20250629T201559Z__20250629T201659Z.mseed,HE,HEL1,0,0,0,0,2025-06-29 20:16:03.350000,0.645,2025-06-29 20:16:09.410000,0.807,2025-06-29 20:15:59.000000,2025-06-29 20:16:59.000000,eqcct_earthquakes_th0_1/20250629T201559Z_20250629T201659Z/HEL1_outputs/X_prediction_results.csv
RAF/HE.RAF..HHE__20250629T201600Z__20250629T201700Z.mseed,HE,RAF,0,0,0,0,2025-06-29 20:16:04.950000,0.475,,,2025-06-29 20:16:00.000000,2025-06-29 20:17:00.000000,eqcct_earthquakes_th0_1/20250629T201600Z_20250629T201700Z/RAF_outputs/X_prediction_results.csv
NIF/HE.NIF..HHZ__20250629T201602Z__20250629T201702Z.mseed,HE,NIF,0,0,0,0,2025-06-29 20:16:06.254000,0.483,,,2025-06-29 20:16:02.000000,2025-06-29 20:17:02.000000,eqcct_earthquakes_th0_1/20250629T201602Z_20250629T201702Z/NIF_outputs/X_prediction_results.csv
HEL5/HE.HEL5..HHE__20250629T201602Z__20250629T201702Z.mseed,HE,HEL5,0,0,0,0,2025-06-29 20:16:06.342000,0.347,2025-06-29 20:16:11.712000,0.212,2025-06-29 20:16:02.000000,2025-06-29 20:17:02.000000,eqcct_earthquakes_th0_1/20250629T201602Z_20250629T201702Z/HEL5_outputs/X_prediction_results.csv
SUF/HE.SUF..HHZ__20250629T201609Z__20250629T201709Z.mseed,HE,SUF,0,0,0,0,2025-06-29 20:16:13.266000,0.51,2025-06-29 20:16:15.426000,0.241,2025-06-29 20:16:09.000000,2025-06-29 20:17:09.000000,eqcct_earthquakes_th0_1/20250629T201609Z_20250629T201709Z/SUF_outputs/X_prediction_results.csv
KPF/HE.KPF..HHZ__20250629T201626Z__20250629T201726Z.mseed,HE,KPF,0,0,0,0,2025-06-29 20:16:30.368000,0.814,2025-06-29 20:16:34.768000,0.645,2025-06-29 20:16:26.000000,2025-06-29 20:17:26.000000,eqcct_earthquakes_th0_1/20250629T201626Z_20250629T201726Z/KPF_outputs/X_prediction_results.csv
ALAJF/HE.ALAJF..HHE__20250629T201630Z__20250629T201730Z.mseed,HE,ALAJF,0,0,0,0,2025-06-29 20:16:34.340000,0.14,2025-06-29 20:16:37.520000,0.284,2025-06-29 20:16:30.000000,2025-06-29 20:17:30.000000,eqcct_earthquakes_th0_1/20250629T201630Z_20250629T201730Z/ALAJF_outputs/X_prediction_results.csv
OBF8/HE.OBF8..HHE__20250629T233302Z__20250629T233402Z.mseed,HE,OBF8,0,0,0,0,2025-06-29 23:33:07.112000,0.845,2025-06-29 23:33:27.632000,0.29,2025-06-29 23:33:02.000000,2025-06-29 23:34:02.000000,eqcct_earthquakes_th0_1/20250629T233302Z_20250629T233402Z/OBF8_outputs/X_prediction_results.csv
OBF0/HE.OBF0..HHN__20250629T233306Z__20250629T233406Z.mseed,HE,OBF0,0,0,0,0,2025-06-29 23:33:11.152000,0.674,2025-06-29 23:33:35.322000,0.531,2025-06-29 23:33:06.000000,2025-06-29 23:34:06.000000,eqcct_earthquakes_th0_1/20250629T233306Z_20250629T233406Z/OBF0_outputs/X_prediction_results.csv
OBF3/HE.OBF3..HHZ__20250629T233308Z__20250629T233408Z.mseed,HE,OBF3,0,0,0,0,2025-06-29 23:33:12.408000,0.806,2025-06-29 23:33:39.708000,0.451,2025-06-29 23:33:08.000000,2025-06-29 23:34:08.000000,eqcct_earthquakes_th0_1/20250629T233308Z_20250629T233408Z/OBF3_outputs/X_prediction_results.csv
TOF/HE.TOF..HHE__20250629T233309Z__20250629T233409Z.mseed,HE,TOF,0,0,0,0,2025-06-29 23:33:14.680000,0.618,2025-06-29 23:33:43.450000,0.478,2025-06-29 23:33:09.000000,2025-06-29 23:34:09.000000,eqcct_earthquakes_th0_1/20250629T233309Z_20250629T233409Z/TOF_outputs/X_prediction_results.csv
VAF/HE.VAF..HHE__20250629T233312Z__20250629T233412Z.mseed,HE,VAF,0,0,0,0,2025-06-29 23:33:17.510000,0.73,2025-06-29 23:33:45.390000,0.192,2025-06-29 23:33:12.000000,2025-06-29 23:34:12.000000,eqcct_earthquakes_th0_1/20250629T233312Z_20250629T233412Z/VAF_outputs/X_prediction_results.csv
OUL/FN.OUL..HHN__20250629T233314Z__20250629T233414Z.mseed,FN,OUL,0,0,0,0,2025-06-29 23:33:19.010000,0.423,,,2025-06-29 23:33:14.000000,2025-06-29 23:34:14.000000,eqcct_earthquakes_th0_1/20250629T233314Z_20250629T233414Z/OUL_outputs/X_prediction_results.csv
KLF/FN.KLF..HHN__20250629T233318Z__20250629T233418Z.mseed,FN,KLF,0,0,0,0,2025-06-29 23:33:22.600000,0.635,2025-06-29 23:33:57.020000,0.107,2025-06-29 23:33:18.000000,2025-06-29 23:34:18.000000,eqcct_earthquakes_th0_1/20250629T233318Z_20250629T233418Z/KLF_outputs/X_prediction_results.csv
RNF/FN.RNF..HHZ__20250629T233322Z__20250629T233422Z.mseed,FN,RNF,0,0,0,0,2025-06-29 23:33:26.410000,0.12,,,2025-06-29 23:33:22.000000,2025-06-29 23:34:22.000000,eqcct_earthquakes_th0_1/20250629T233322Z_20250629T233422Z/RNF_outputs/X_prediction_results.csv
RANF/FN.RANF..HHN__20250629T233323Z__20250629T233423Z.mseed,FN,RANF,0,0,0,0,2025-06-29 23:33:27.080000,0.275,,,2025-06-29 23:33:23.000000,2025-06-29 23:34:23.000000,eqcct_earthquakes_th0_1/20250629T233323Z_20250629T233423Z/RANF_outputs/X_prediction_results.csv
SUF/HE.SUF..HHE__20250629T233409Z__20250629T233509Z.mseed,HE,SUF,0,0,0,0,2025-06-29 23:34:13.800000,0.166,,,2025-06-29 23:34:09.000000,2025-06-29 23:35:09.000000,eqcct_earthquakes_th0_1/20250629T233409Z_20250629T233509Z/SUF_outputs/X_prediction_results.csv
KEF/HE.KEF..HHE__20250629T233410Z__20250629T233510Z.mseed,HE,KEF,0,0,0,0,2025-06-29 23:34:14.480000,0.237,,,2025-06-29 23:34:10.000000,2025-06-29 23:35:10.000000,eqcct_earthquakes_th0_1/20250629T233410Z_20250629T233510Z/KEF_outputs/X_prediction_results.csv
KPF/HE.KPF..HHZ__20250629T233410Z__20250629T233510Z.mseed,HE,KPF,0,0,0,0,2025-06-29 23:34:14.068000,0.7,,,2025-06-29 23:34:10.000000,2025-06-29 23:35:10.000000,eqcct_earthquakes_th0_1/20250629T233410Z_20250629T233510Z/KPF_outputs/X_prediction_results.csv
SGF/FN.SGF..HHE__20250629T233412Z__20250629T233512Z.mseed,FN,SGF,0,0,0,0,2025-06-29 23:34:17.120000,0.316,,,2025-06-29 23:34:12.000000,2025-06-29 23:35:12.000000,eqcct_earthquakes_th0_1/20250629T233412Z_20250629T233512Z/SGF_outputs/X_prediction_results.csv
HEF/HE.HEF..HHN__20250629T233415Z__20250629T233515Z.mseed,HE,HEF,0,0,0,0,2025-06-29 23:34:20.140000,0.288,,,2025-06-29 23:34:15.000000,2025-06-29 23:35:15.000000,eqcct_earthquakes_th0_1/20250629T233415Z_20250629T233515Z/HEF_outputs/X_prediction_results.csv
MSF/FN.MSF..HHN__20250629T233418Z__20250629T233518Z.mseed,FN,MSF,0,0,0,0,2025-06-29 23:34:22.710000,0.419,,,2025-06-29 23:34:18.000000,2025-06-29 23:35:18.000000,eqcct_earthquakes_th0_1/20250629T233418Z_20250629T233518Z/MSF_outputs/X_prediction_results.csv
KAF/HE.KAF..HHZ__20250629T233420Z__20250629T233520Z.mseed,HE,KAF,0,0,0,0,2025-06-29 23:34:24.630000,0.276,,,2025-06-29 23:34:20.000000,2025-06-29 23:35:20.000000,eqcct_earthquakes_th0_1/20250629T233420Z_20250629T233520Z/KAF_outputs/X_prediction_results.csv
OLKF/FN.OLKF..HHZ__20250629T233423Z__20250629T233523Z.mseed,FN,OLKF,0,0,0,0,2025-06-29 23:34:27.330000,0.217,,,2025-06-29 23:34:23.000000,2025-06-29 23:35:23.000000,eqcct_earthquakes_th0_1/20250629T233423Z_20250629T233523Z/OLKF_outputs/X_prediction_results.csv
RAF/HE.RAF..HHZ__20250630T005855Z__20250630T005955Z.mseed,HE,RAF,0,0,0,0,2025-06-30 00:58:59.430000,0.315,,,2025-06-30 00:58:55.000000,2025-06-30 00:59:55.000000,eqcct_earthquakes_th0_1/20250630T005855Z_20250630T005955Z/RAF_outputs/X_prediction_results.csv
KPF/HE.KPF..HHE__20250630T005855Z__20250630T005955Z.mseed,HE,KPF,0,0,0,0,2025-06-30 00:59:00.276000,0.718,2025-06-30 00:59:27.766000,0.384,2025-06-30 00:58:55.000000,2025-06-30 00:59:55.000000,eqcct_earthquakes_th0_1/20250630T005855Z_20250630T005955Z/KPF_outputs/X_prediction_results.csv
VAF/HE.VAF..HHZ__20250630T005902Z__20250630T010002Z.mseed,HE,VAF,0,0,0,0,2025-06-30 00:59:06.450000,0.701,,,2025-06-30 00:59:02.000000,2025-06-30 01:00:02.000000,eqcct_earthquakes_th0_1/20250630T005902Z_20250630T010002Z/VAF_outputs/X_prediction_results.csv
AAL/UP.AAL..HHN__20250630T005921Z__20250630T010021Z.mseed,UP,AAL,0,0,0,0,2025-06-30 00:59:25.500000,0.62,,,2025-06-30 00:59:21.000000,2025-06-30 01:00:21.000000,eqcct_earthquakes_th0_1/20250630T005921Z_20250630T010021Z/AAL_outputs/X_prediction_results.csv
KU6/HE.KU6..HHN__20250630T062922Z__20250630T063022Z.mseed,HE,KU6,0,0,0,0,2025-06-30 06:29:27.530000,0.9,2025-06-30 06:29:47.580000,0.162,2025-06-30 06:29:22.000000,2025-06-30 06:30:22.000000,eqcct_earthquakes_th0_1/20250630T062922Z_20250630T063022Z/KU6_outputs/X_prediction_results.csv
OLKF/FN.OLKF..HHN__20250630T062925Z__20250630T063025Z.mseed,FN,OLKF,0,0,0,0,2025-06-30 06:29:30.200000,0.912,2025-06-30 06:29:52.800000,0.188,2025-06-30 06:29:25.000000,2025-06-30 06:30:25.000000,eqcct_earthquakes_th0_1/20250630T062925Z_20250630T063025Z/OLKF_outputs/X_prediction_results.csv
MSF/FN.MSF..HHN__20250630T062928Z__20250630T063028Z.mseed,FN,MSF,0,0,0,0,2025-06-30 06:29:33.620000,0.896,2025-06-30 06:29:58.430000,0.588,2025-06-30 06:29:28.000000,2025-06-30 06:30:28.000000,eqcct_earthquakes_th0_1/20250630T062928Z_20250630T063028Z/MSF_outputs/X_prediction_results.csv
VRF/HE.VRF..HHE__20250630T062931Z__20250630T063031Z.mseed,HE,VRF,0,0,0,0,2025-06-30 06:29:36.560000,0.739,2025-06-30 06:30:03.910000,0.445,2025-06-30 06:29:31.000000,2025-06-30 06:30:31.000000,eqcct_earthquakes_th0_1/20250630T062931Z_20250630T063031Z/VRF_outputs/X_prediction_results.csv
RANF/FN.RANF..HHZ__20250630T062941Z__20250630T063041Z.mseed,FN,RANF,0,0,0,0,2025-06-30 06:29:45.180000,0.313,2025-06-30 06:30:27.530000,0.448,2025-06-30 06:29:41.000000,2025-06-30 06:30:41.000000,eqcct_earthquakes_th0_1/20250630T062941Z_20250630T063041Z/RANF_outputs/X_prediction_results.csv
RMF/HE.RMF..HHZ__20250630T062942Z__20250630T063042Z.mseed,HE,RMF,0,0,0,0,2025-06-30 06:29:46.204000,0.142,,,2025-06-30 06:29:42.000000,2025-06-30 06:30:42.000000,eqcct_earthquakes_th0_1/20250630T062942Z_20250630T063042Z/RMF_outputs/X_prediction_results.csv
RAJF/FN.RAJF..HHZ__20250630T062943Z__20250630T063043Z.mseed,FN,RAJF,0,0,0,0,2025-06-30 06:29:47.180000,0.462,,,2025-06-30 06:29:43.000000,2025-06-30 06:30:43.000000,eqcct_earthquakes_th0_1/20250630T062943Z_20250630T063043Z/RAJF_outputs/X_prediction_results.csv
SGF/FN.SGF..HHN__20250630T062946Z__20250630T063046Z.mseed,FN,SGF,0,0,0,0,2025-06-30 06:29:50.400000,0.648,2025-06-30 06:30:29.370000,0.309,2025-06-30 06:29:46.000000,2025-06-30 06:30:46.000000,eqcct_earthquakes_th0_1/20250630T062946Z_20250630T063046Z/SGF_outputs/X_prediction_results.csv
RNF/FN.RNF..HHE__20250630T062947Z__20250630T063047Z.mseed,FN,RNF,0,0,0,0,2025-06-30 06:29:51.650000,0.731,2025-06-30 06:30:34.380000,0.197,2025-06-30 06:29:47.000000,2025-06-30 06:30:47.000000,eqcct_earthquakes_th0_1/20250630T062947Z_20250630T063047Z/RNF_outputs/X_prediction_results.csv
OUL/FN.OUL..HHZ__20250630T062950Z__20250630T063050Z.mseed,FN,OUL,0,0,0,0,2025-06-30 06:29:54.140000,0.807,2025-06-30 06:30:01.040000,0.603,2025-06-30 06:29:50.000000,2025-06-30 06:30:50.000000,eqcct_earthquakes_th0_1/20250630T062950Z_20250630T063050Z/OUL_outputs/X_prediction_results.csv
FIA0/HE.FIA0..HHE__20250701T192759Z__20250701T192859Z.mseed,HE,FIA0,0,0,0,0,2025-07-01 19:28:03.170000,0.174,,,2025-07-01 19:27:59.000000,2025-07-01 19:28:59.000000,eqcct_earthquakes_th0_1/20250701T192759Z_20250701T192859Z/FIA0_outputs/X_prediction_results.csv
FIA1/HE.FIA1..HHE__20250701T192759Z__20250701T192859Z.mseed,HE,FIA1,0,0,0,0,2025-07-01 19:28:03.100000,0.25,,,2025-07-01 19:27:59.000000,2025-07-01 19:28:59.000000,eqcct_earthquakes_th0_1/20250701T192759Z_20250701T192859Z/FIA1_outputs/X_prediction_results.csv
FIA0/HE.FIA0..HHN__20250701T212400Z__20250701T212500Z.mseed,HE,FIA0,0,0,0,0,2025-07-01 21:24:05.890000,0.93,2025-07-01 21:24:15.640000,0.785,2025-07-01 21:24:00.000000,2025-07-01 21:25:00.000000,eqcct_earthquakes_th0_1/20250701T212400Z_20250701T212500Z/FIA0_outputs/X_prediction_results.csv
FIA1/HE.FIA1..HHN__20250701T212400Z__20250701T212500Z.mseed,HE,FIA1,0,0,0,0,2025-07-01 21:24:05.950000,0.885,2025-07-01 21:24:15.610000,0.65,2025-07-01 21:24:00.000000,2025-07-01 21:25:00.000000,eqcct_earthquakes_th0_1/20250701T212400Z_20250701T212500Z/FIA1_outputs/X_prediction_results.csv
NUR/HE.NUR..HHN__20250701T212401Z__20250701T212501Z.mseed,HE,NUR,0,0,0,0,2025-07-01 21:24:05.416000,0.248,,,2025-07-01 21:24:01.000000,2025-07-01 21:25:01.000000,eqcct_earthquakes_th0_1/20250701T212401Z_20250701T212501Z/NUR_outputs/X_prediction_results.csv
VJF/HE.VJF..HHZ__20250701T212401Z__20250701T212501Z.mseed,HE,VJF,0,0,0,0,2025-07-01 21:24:06.892000,0.897,2025-07-01 21:24:17.352000,0.537,2025-07-01 21:24:01.000000,2025-07-01 21:25:01.000000,eqcct_earthquakes_th0_1/20250701T212401Z_20250701T212501Z/VJF_outputs/X_prediction_results.csv
KAF/HE.KAF..HHZ__20250701T212412Z__20250701T212512Z.mseed,HE,KAF,0,0,0,0,2025-07-01 21:24:17.920000,0.736,2025-07-01 21:24:36.290000,0.65,2025-07-01 21:24:12.000000,2025-07-01 21:25:12.000000,eqcct_earthquakes_th0_1/20250701T212412Z_20250701T212512Z/KAF_outputs/X_prediction_results.csv
KEF/HE.KEF..HHZ__20250701T212416Z__20250701T212516Z.mseed,HE,KEF,0,0,0,0,2025-07-01 21:24:21.260000,0.907,2025-07-01 21:24:41.410000,0.542,2025-07-01 21:24:16.000000,2025-07-01 21:25:16.000000,eqcct_earthquakes_th0_1/20250701T212416Z_20250701T212516Z/KEF_outputs/X_prediction_results.csv
MEF/HE.MEF..HHZ__20250701T212418Z__20250701T212518Z.mseed,HE,MEF,0,0,0,0,2025-07-01 21:24:22.600000,0.544,,,2025-07-01 21:24:18.000000,2025-07-01 21:25:18.000000,eqcct_earthquakes_th0_1/20250701T212418Z_20250701T212518Z/MEF_outputs/X_prediction_results.csv
RUF/HE.RUF..HHZ__20250701T212436Z__20250701T212536Z.mseed,HE,RUF,0,0,0,0,2025-07-01 21:24:40.088000,0.447,2025-07-01 21:24:43.898000,0.595,2025-07-01 21:24:36.000000,2025-07-01 21:25:36.000000,eqcct_earthquakes_th0_1/20250701T212436Z_20250701T212536Z/RUF_outputs/X_prediction_results.csv
KU6/HE.KU6..HHE__20250702T054705Z__20250702T054805Z.mseed,HE,KU6,0,0,0,0,2025-07-02 05:47:10.140000,0.951,2025-07-02 05:47:13.880000,0.89,2025-07-02 05:47:05.000000,2025-07-02 05:48:05.000000,eqcct_earthquakes_th0_1/20250702T054705Z_20250702T054805Z/KU6_outputs/X_prediction_results.csv
MSF/FN.MSF..HHN__20250702T054707Z__20250702T054807Z.mseed,FN,MSF,0,0,0,0,2025-07-02 05:47:12.200000,0.958,2025-07-02 05:47:17.350000,0.86,2025-07-02 05:47:07.000000,2025-07-02 05:48:07.000000,eqcct_earthquakes_th0_1/20250702T054707Z_20250702T054807Z/MSF_outputs/X_prediction_results.csv
OLKF/FN.OLKF..HHZ__20250702T054710Z__20250702T054810Z.mseed,FN,OLKF,0,0,0,0,2025-07-02 05:47:15.450000,0.956,2025-07-02 05:47:22.900000,0.793,2025-07-02 05:47:10.000000,2025-07-02 05:48:10.000000,eqcct_earthquakes_th0_1/20250702T054710Z_20250702T054810Z/OLKF_outputs/X_prediction_results.csv
RANF/FN.RANF..HHE__20250702T054722Z__20250702T054822Z.mseed,FN,RANF,0,0,0,0,2025-07-02 05:47:27.920000,0.758,2025-07-02 05:47:44.180000,0.647,2025-07-02 05:47:22.000000,2025-07-02 05:48:22.000000,eqcct_earthquakes_th0_1/20250702T054722Z_20250702T054822Z/RANF_outputs/X_prediction_results.csv
RMF/HE.RMF..HHE__20250702T054727Z__20250702T054827Z.mseed,HE,RMF,0,0,0,0,2025-07-02 05:47:32.550000,0.421,2025-07-02 05:47:52.410000,0.584,2025-07-02 05:47:27.000000,2025-07-02 05:48:27.000000,eqcct_earthquakes_th0_1/20250702T054727Z_20250702T054827Z/RMF_outputs/X_prediction_results.csv
RNF/FN.RNF..HHN__20250702T054730Z__20250702T054830Z.mseed,FN,RNF,0,0,0,0,2025-07-02 05:47:35.500000,0.926,2025-07-02 05:47:58.310000,0.384,2025-07-02 05:47:30.000000,2025-07-02 05:48:30.000000,eqcct_earthquakes_th0_1/20250702T054730Z_20250702T054830Z/RNF_outputs/X_prediction_results.csv
OUL/FN.OUL..HHZ__20250702T054731Z__20250702T054831Z.mseed,FN,OUL,0,0,0,0,2025-07-02 05:47:36.100000,0.81,2025-07-02 05:47:59.270000,0.447,2025-07-02 05:47:31.000000,2025-07-02 05:48:31.000000,eqcct_earthquakes_th0_1/20250702T054731Z_20250702T054831Z/OUL_outputs/X_prediction_results.csv
VRF/HE.VRF..HHE__20250702T054733Z__20250702T054833Z.mseed,HE,VRF,0,0,0,0,2025-07-02 05:47:37.670000,0.856,2025-07-02 05:48:03.530000,0.334,2025-07-02 05:47:33.000000,2025-07-02 05:48:33.000000,eqcct_earthquakes_th0_1/20250702T054733Z_20250702T054833Z/VRF_outputs/X_prediction_results.csv
TOF/HE.TOF..HHZ__20250702T054737Z__20250702T054837Z.mseed,HE,TOF,0,0,0,0,2025-07-02 05:47:41.390000,0.513,,,2025-07-02 05:47:37.000000,2025-07-02 05:48:37.000000,eqcct_earthquakes_th0_1/20250702T054737Z_20250702T054837Z/TOF_outputs/X_prediction_results.csv
SGF/FN.SGF..HHE__20250702T054802Z__20250702T054902Z.mseed,FN,SGF,0,0,0,0,2025-07-02 05:48:07.010000,0.265,2025-07-02 05:48:08.260000,0.17,2025-07-02 05:48:02.000000,2025-07-02 05:49:02.000000,eqcct_earthquakes_th0_1/20250702T054802Z_20250702T054902Z/SGF_outputs/X_prediction_results.csv
OBF3/HE.OBF3..HHZ__20250702T054810Z__20250702T054910Z.mseed,HE,OBF3,0,0,0,0,2025-07-02 05:48:14.294000,0.231,,,2025-07-02 05:48:10.000000,2025-07-02 05:49:10.000000,eqcct_earthquakes_th0_1/20250702T054810Z_20250702T054910Z/OBF3_outputs/X_prediction_results.csv
NIF/HE.NIF..HHZ__20250702T054816Z__20250702T054916Z.mseed,HE,NIF,0,0,0,0,2025-07-02 05:48:20.566000,0.226,,,2025-07-02 05:48:16.000000,2025-07-02 05:49:16.000000,eqcct_earthquakes_th0_1/20250702T054816Z_20250702T054916Z/NIF_outputs/X_prediction_results.csv
HEF/HE.HEF..HHZ__20250703T144141Z__20250703T144241Z.mseed,HE,HEF,0,0,0,0,2025-07-03 14:41:46.050000,0.899,2025-07-03 14:41:52.660000,0.817,2025-07-03 14:41:41.000000,2025-07-03 14:42:41.000000,eqcct_earthquakes_th0_1/20250703T144141Z_20250703T144241Z/HEF_outputs/X_prediction_results.csv
KIF/HE.KIF..HHN__20250703T144148Z__20250703T144248Z.mseed,HE,KIF,0,0,0,0,2025-07-03 14:41:53.800000,0.933,2025-07-03 14:42:06.100000,0.839,2025-07-03 14:41:48.000000,2025-07-03 14:42:48.000000,eqcct_earthquakes_th0_1/20250703T144148Z_20250703T144248Z/KIF_outputs/X_prediction_results.csv
KMNF/FN.KMNF..HHN__20250703T144154Z__20250703T144254Z.mseed,FN,KMNF,0,0,0,0,2025-07-03 14:41:59.250000,0.906,2025-07-03 14:42:15.660000,0.506,2025-07-03 14:41:54.000000,2025-07-03 14:42:54.000000,eqcct_earthquakes_th0_1/20250703T144154Z_20250703T144254Z/KMNF_outputs/X_prediction_results.csv
KEV/HE.KEV..HHN__20250703T144158Z__20250703T144258Z.mseed,HE,KEV,0,0,0,0,2025-07-03 14:42:02.100000,0.783,2025-07-03 14:42:22.420000,0.454,2025-07-03 14:41:58.000000,2025-07-03 14:42:58.000000,eqcct_earthquakes_th0_1/20250703T144158Z_20250703T144258Z/KEV_outputs/X_prediction_results.csv
KLF/FN.KLF..HHZ__20250703T144200Z__20250703T144300Z.mseed,FN,KLF,0,0,0,0,2025-07-03 14:42:05.650000,0.942,2025-07-03 14:42:27.220000,0.344,2025-07-03 14:42:00.000000,2025-07-03 14:43:00.000000,eqcct_earthquakes_th0_1/20250703T144200Z_20250703T144300Z/KLF_outputs/X_prediction_results.csv
RAJF/FN.RAJF..HHZ__20250703T144203Z__20250703T144303Z.mseed,FN,RAJF,0,0,0,0,2025-07-03 14:42:08.270000,0.561,2025-07-03 14:42:30.170000,0.213,2025-07-03 14:42:03.000000,2025-07-03 14:43:03.000000,eqcct_earthquakes_th0_1/20250703T144203Z_20250703T144303Z/RAJF_outputs/X_prediction_results.csv
SGF/FN.SGF..HHZ__20250703T144203Z__20250703T144303Z.mseed,FN,SGF,0,0,0,0,2025-07-03 14:42:08.510000,0.753,2025-07-03 14:42:32.500000,0.209,2025-07-03 14:42:03.000000,2025-07-03 14:43:03.000000,eqcct_earthquakes_th0_1/20250703T144203Z_20250703T144303Z/SGF_outputs/X_prediction_results.csv
VRF/HE.VRF..HHN__20250703T144246Z__20250703T144346Z.mseed,HE,VRF,0,0,0,0,2025-07-03 14:42:50.540000,0.329,,,2025-07-03 14:42:46.000000,2025-07-03 14:43:46.000000,eqcct_earthquakes_th0_1/20250703T144246Z_20250703T144346Z/VRF_outputs/X_prediction_results.csv
OBF0/HE.OBF0..HHE__20250703T171901Z__20250703T172001Z.mseed,HE,OBF0,0,0,0,0,2025-07-03 17:19:06.332000,0.932,2025-07-03 17:19:15.782000,0.796,2025-07-03 17:19:01.000000,2025-07-03 17:20:01.000000,eqcct_earthquakes_th0_1/20250703T171901Z_20250703T172001Z/OBF0_outputs/X_prediction_results.csv
OBF8/HE.OBF8..HHN__20250703T171903Z__20250703T172003Z.mseed,HE,OBF8,0,0,0,0,2025-07-03 17:19:08.724000,0.943,2025-07-03 17:19:20.554000,0.359,2025-07-03 17:19:03.000000,2025-07-03 17:20:03.000000,eqcct_earthquakes_th0_1/20250703T171903Z_20250703T172003Z/OBF8_outputs/X_prediction_results.csv
OUF/HE.OUF..HHZ__20250703T171904Z__20250703T172004Z.mseed,HE,OUF,0,0,0,0,2025-07-03 17:19:09.640000,0.244,2025-07-03 17:19:10.730000,0.288,2025-07-03 17:19:04.000000,2025-07-03 17:20:04.000000,eqcct_earthquakes_th0_1/20250703T171904Z_20250703T172004Z/OUF_outputs/X_prediction_results.csv
OBF3/HE.OBF3..HHN__20250703T171904Z__20250703T172004Z.mseed,HE,OBF3,0,0,0,0,2025-07-03 17:19:09.856000,0.941,2025-07-03 17:19:22.316000,0.607,2025-07-03 17:19:04.000000,2025-07-03 17:20:04.000000,eqcct_earthquakes_th0_1/20250703T171904Z_20250703T172004Z/OBF3_outputs/X_prediction_results.csv
ALAJF/HE.ALAJF..HHN__20250703T171904Z__20250703T172004Z.mseed,HE,ALAJF,0,0,0,0,2025-07-03 17:19:09.872000,0.922,2025-07-03 17:19:22.392000,0.478,2025-07-03 17:19:04.000000,2025-07-03 17:20:04.000000,eqcct_earthquakes_th0_1/20250703T171904Z_20250703T172004Z/ALAJF_outputs/X_prediction_results.csv
OUL/FN.OUL..HHN__20250703T171909Z__20250703T172009Z.mseed,FN,OUL,0,0,0,0,2025-07-03 17:19:14.810000,0.937,2025-07-03 17:19:30.930000,0.728,2025-07-03 17:19:09.000000,2025-07-03 17:20:09.000000,eqcct_earthquakes_th0_1/20250703T171909Z_20250703T172009Z/OUL_outputs/X_prediction_results.csv
NIF/HE.NIF..HHE__20250703T171910Z__20250703T172010Z.mseed,HE,NIF,0,0,0,0,2025-07-03 17:19:15.920000,0.937,2025-07-03 17:19:32.690000,0.574,2025-07-03 17:19:10.000000,2025-07-03 17:20:10.000000,eqcct_earthquakes_th0_1/20250703T171910Z_20250703T172010Z/NIF_outputs/X_prediction_results.csv
SUF/HE.SUF..HHN__20250703T171910Z__20250703T172010Z.mseed,HE,SUF,0,0,0,0,2025-07-03 17:19:15.544000,0.812,2025-07-03 17:19:32.094000,0.7,2025-07-03 17:19:10.000000,2025-07-03 17:20:10.000000,eqcct_earthquakes_th0_1/20250703T171910Z_20250703T172010Z/SUF_outputs/X_prediction_results.csv
VAF/HE.VAF..HHZ__20250703T171913Z__20250703T172013Z.mseed,HE,VAF,0,0,0,0,2025-07-03 17:19:18.310000,0.906,2025-07-03 17:19:36.530000,0.827,2025-07-03 17:19:13.000000,2025-07-03 17:20:13.000000,eqcct_earthquakes_th0_1/20250703T171913Z_20250703T172013Z/VAF_outputs/X_prediction_results.csv
KEF/HE.KEF..HHZ__20250703T171918Z__20250703T172018Z.mseed,HE,KEF,0,0,0,0,2025-07-03 17:19:23.350000,0.927,2025-07-03 17:19:45.500000,0.547,2025-07-03 17:19:18.000000,2025-07-03 17:20:18.000000,eqcct_earthquakes_th0_1/20250703T171918Z_20250703T172018Z/KEF_outputs/X_prediction_results.csv
KAF/HE.KAF..HHN__20250703T171920Z__20250703T172020Z.mseed,HE,KAF,0,0,0,0,2025-07-03 17:19:25.400000,0.919,2025-07-03 17:19:49.140000,0.639,2025-07-03 17:19:20.000000,2025-07-03 17:20:20.000000,eqcct_earthquakes_th0_1/20250703T171920Z_20250703T172020Z/KAF_outputs/X_prediction_results.csv
RMF/HE.RMF..HHZ__20250703T171923Z__20250703T172023Z.mseed,HE,RMF,0,0,0,0,2025-07-03 17:19:27.716000,0.751,2025-07-03 17:19:56.206000,0.103,2025-07-03 17:19:23.000000,2025-07-03 17:20:23.000000,eqcct_earthquakes_th0_1/20250703T171923Z_20250703T172023Z/RMF_outputs/X_prediction_results.csv
FIA0/HE.FIA0..HHZ__20250703T171929Z__20250703T172029Z.mseed,HE,FIA0,0,0,0,0,2025-07-03 17:19:33.820000,0.829,2025-07-03 17:20:06.410000,0.295,2025-07-03 17:19:29.000000,2025-07-03 17:20:29.000000,eqcct_earthquakes_th0_1/20250703T171929Z_20250703T172029Z/FIA0_outputs/X_prediction_results.csv
FIA1/HE.FIA1..HHN__20250703T171929Z__20250703T172029Z.mseed,HE,FIA1,0,0,0,0,2025-07-03 17:19:33.830000,0.456,2025-07-03 17:20:06.310000,0.386,2025-07-03 17:19:29.000000,2025-07-03 17:20:29.000000,eqcct_earthquakes_th0_1/20250703T171929Z_20250703T172029Z/FIA1_outputs/X_prediction_results.csv
KPF/HE.KPF..HHN__20250703T171929Z__20250703T172029Z.mseed,HE,KPF,0,0,0,0,2025-07-03 17:19:34.108000,0.439,,,2025-07-03 17:19:29.000000,2025-07-03 17:20:29.000000,eqcct_earthquakes_th0_1/20250703T171929Z_20250703T172029Z/KPF_outputs/X_prediction_results.csv
TOF/HE.TOF..HHE__20250703T171953Z__20250703T172053Z.mseed,HE,TOF,0,0,0,0,2025-07-03 17:19:56.930000,0.306,2025-07-03 17:19:59.660000,0.287,2025-07-03 17:19:53.000000,2025-07-03 17:20:53.000000,eqcct_earthquakes_th0_1/20250703T171953Z_20250703T172053Z/TOF_outputs/X_prediction_results.csv
NUR/HE.NUR..HHZ__20250704T153059Z__20250704T153159Z.mseed,HE,NUR,0,0,0,0,2025-07-04 15:31:04.024000,0.945,2025-07-04 15:31:11.174000,0.834,2025-07-04 15:30:59.000000,2025-07-04 15:31:59.000000,eqcct_earthquakes_th0_1/20250704T153059Z_20250704T153159Z/NUR_outputs/X_prediction_results.csv
MEF/HE.MEF..HHN__20250704T153100Z__20250704T153200Z.mseed,HE,MEF,0,0,0,0,2025-07-04 15:31:05.670000,0.909,2025-07-04 15:31:14.020000,0.702,2025-07-04 15:31:00.000000,2025-07-04 15:32:00.000000,eqcct_earthquakes_th0_1/20250704T153100Z_20250704T153200Z/MEF_outputs/X_prediction_results.csv
VJF/HE.VJF..HHN__20250704T153119Z__20250704T153219Z.mseed,HE,VJF,0,0,0,0,2025-07-04 15:31:23.136000,0.796,,,2025-07-04 15:31:19.000000,2025-07-04 15:32:19.000000,eqcct_earthquakes_th0_1/20250704T153119Z_20250704T153219Z/VJF_outputs/X_prediction_results.csv
FIA0/HE.FIA0..HHN__20250704T153125Z__20250704T153225Z.mseed,HE,FIA0,0,0,0,0,2025-07-04 15:31:29.610000,0.834,2025-07-04 15:31:36.580000,0.53,2025-07-04 15:31:25.000000,2025-07-04 15:32:25.000000,eqcct_earthquakes_th0_1/20250704T153125Z_20250704T153225Z/FIA0_outputs/X_prediction_results.csv
FIA1/HE.FIA1..HHE__20250704T153125Z__20250704T153225Z.mseed,HE,FIA1,0,0,0,0,2025-07-04 15:31:29.610000,0.849,2025-07-04 15:31:36.600000,0.319,2025-07-04 15:31:25.000000,2025-07-04 15:32:25.000000,eqcct_earthquakes_th0_1/20250704T153125Z_20250704T153225Z/FIA1_outputs/X_prediction_results.csv
KAF/HE.KAF..HHE__20250704T153145Z__20250704T153245Z.mseed,HE,KAF,0,0,0,0,2025-07-04 15:31:49.600000,0.658,,,2025-07-04 15:31:45.000000,2025-07-04 15:32:45.000000,eqcct_earthquakes_th0_1/20250704T153145Z_20250704T153245Z/KAF_outputs/X_prediction_results.csv
KEF/HE.KEF..HHE__20250704T153148Z__20250704T153248Z.mseed,HE,KEF,0,0,0,0,2025-07-04 15:31:52.330000,0.492,2025-07-04 15:31:54.420000,0.328,2025-07-04 15:31:48.000000,2025-07-04 15:32:48.000000,eqcct_earthquakes_th0_1/20250704T153148Z_20250704T153248Z/KEF_outputs/X_prediction_results.csv
OBF8/HE.OBF8..HHZ__20250705T045049Z__20250705T045149Z.mseed,HE,OBF8,0,0,0,0,2025-07-05 04:50:54.428000,0.942,2025-07-05 04:51:12.538000,0.553,2025-07-05 04:50:49.000000,2025-07-05 04:51:49.000000,eqcct_earthquakes_th0_1/20250705T045049Z_20250705T045149Z/OBF8_outputs/X_prediction_results.csv
OBF0/HE.OBF0..HHZ__20250705T045054Z__20250705T045154Z.mseed,HE,OBF0,0,0,0,0,2025-07-05 04:50:59.576000,0.861,2025-07-05 04:51:21.566000,0.364,2025-07-05 04:50:54.000000,2025-07-05 04:51:54.000000,eqcct_earthquakes_th0_1/20250705T045054Z_20250705T045154Z/OBF0_outputs/X_prediction_results.csv
VAF/HE.VAF..HHZ__20250705T045058Z__20250705T045158Z.mseed,HE,VAF,0,0,0,0,2025-07-05 04:51:03.400000,0.936,2025-07-05 04:51:28.640000,0.512,2025-07-05 04:50:58.000000,2025-07-05 04:51:58.000000,eqcct_earthquakes_th0_1/20250705T045058Z_20250705T045158Z/VAF_outputs/X_prediction_results.csv
TOF/HE.TOF..HHE__20250705T045102Z__20250705T045202Z.mseed,HE,TOF,0,0,0,0,2025-07-05 04:51:07.630000,0.569,,,2025-07-05 04:51:02.000000,2025-07-05 04:52:02.000000,eqcct_earthquakes_th0_1/20250705T045102Z_20250705T045202Z/TOF_outputs/X_prediction_results.csv
OBF3/HE.OBF3..HHZ__20250705T045121Z__20250705T045221Z.mseed,HE,OBF3,0,0,0,0,2025-07-05 04:51:25.588000,0.311,2025-07-05 04:51:27.468000,0.797,2025-07-05 04:51:21.000000,2025-07-05 04:52:21.000000,eqcct_earthquakes_th0_1/20250705T045121Z_20250705T045221Z/OBF3_outputs/X_prediction_results.csv
OUL/FN.OUL..HHE__20250705T045136Z__20250705T045236Z.mseed,FN,OUL,0,0,0,0,2025-07-05 04:51:38.870000,0.422,2025-07-05 04:51:44.590000,0.653,2025-07-05 04:51:36.000000,2025-07-05 04:52:36.000000,eqcct_earthquakes_th0_1/20250705T045136Z_20250705T045236Z/OUL_outputs/X_prediction_results.csv
AAL/UP.AAL..HHN__20250705T153402Z__20250705T153502Z.mseed,UP,AAL,0,0,0,0,2025-07-05 15:34:07.970000,0.917,,,2025-07-05 15:34:02.000000,2025-07-05 15:35:02.000000,eqcct_earthquakes_th0_1/20250705T153402Z_20250705T153502Z/AAL_outputs/X_prediction_results.csv
KPF/HE.KPF..HHE__20250705T153452Z__20250705T153552Z.mseed,HE,KPF,0,0,0,0,2025-07-05 15:34:56.156000,0.106,,,2025-07-05 15:34:52.000000,2025-07-05 15:35:52.000000,eqcct_earthquakes_th0_1/20250705T153452Z_20250705T153552Z/KPF_outputs/X_prediction_results.csv
RAF/HE.RAF..HHZ__20250705T220610Z__20250705T220710Z.mseed,HE,RAF,0,0,0,0,2025-07-05 22:06:15.020000,0.815,2025-07-05 22:06:25.490000,0.755,2025-07-05 22:06:10.000000,2025-07-05 22:07:10.000000,eqcct_earthquakes_th0_1/20250705T220610Z_20250705T220710Z/RAF_outputs/X_prediction_results.csv
AAL/UP.AAL..HHN__20250705T220631Z__20250705T220731Z.mseed,UP,AAL,0,0,0,0,2025-07-05 22:06:35.610000,0.401,,,2025-07-05 22:06:31.000000,2025-07-05 22:07:31.000000,eqcct_earthquakes_th0_1/20250705T220631Z_20250705T220731Z/AAL_outputs/X_prediction_results.csv
KPF/HE.KPF..HHN__20250705T220643Z__20250705T220743Z.mseed,HE,KPF,0,0,0,0,2025-07-05 22:06:47.948000,0.544,,,2025-07-05 22:06:43.000000,2025-07-05 22:07:43.000000,eqcct_earthquakes_th0_1/20250705T220643Z_20250705T220743Z/KPF_outputs/X_prediction_results.csv
KEF/HE.KEF..HHN__20250705T220703Z__20250705T220803Z.mseed,HE,KEF,0,0,0,0,2025-07-05 22:07:07.960000,0.122,,,2025-07-05 22:07:03.000000,2025-07-05 22:08:03.000000,eqcct_earthquakes_th0_1/20250705T220703Z_20250705T220803Z/KEF_outputs/X_prediction_results.csv
KEV/HE.KEV..HHN__20250708T015406Z__20250708T015506Z.mseed,HE,KEV,0,0,0,0,2025-07-08 01:54:11.210000,0.947,2025-07-08 01:54:22.920000,0.858,2025-07-08 01:54:06.000000,2025-07-08 01:55:06.000000,eqcct_earthquakes_th0_1/20250708T015406Z_20250708T015506Z/KEV_outputs/X_prediction_results.csv
KMNF/FN.KMNF..HHZ__20250708T015410Z__20250708T015510Z.mseed,FN,KMNF,0,0,0,0,2025-07-08 01:54:15.550000,0.958,2025-07-08 01:54:30.620000,0.762,2025-07-08 01:54:10.000000,2025-07-08 01:55:10.000000,eqcct_earthquakes_th0_1/20250708T015410Z_20250708T015510Z/KMNF_outputs/X_prediction_results.csv
HEF/HE.HEF..HHZ__20250708T015414Z__20250708T015514Z.mseed,HE,HEF,0,0,0,0,2025-07-08 01:54:19.960000,0.92,2025-07-08 01:54:39.760000,0.467,2025-07-08 01:54:14.000000,2025-07-08 01:55:14.000000,eqcct_earthquakes_th0_1/20250708T015414Z_20250708T015514Z/HEF_outputs/X_prediction_results.csv
KIF/HE.KIF..HHZ__20250708T015415Z__20250708T015515Z.mseed,HE,KIF,0,0,0,0,2025-07-08 01:54:20.480000,0.925,2025-07-08 01:54:39.340000,0.721,2025-07-08 01:54:15.000000,2025-07-08 01:55:15.000000,eqcct_earthquakes_th0_1/20250708T015415Z_20250708T015515Z/KIF_outputs/X_prediction_results.csv
RAJF/FN.RAJF..HHZ__20250708T015423Z__20250708T015523Z.mseed,FN,RAJF,0,0,0,0,2025-07-08 01:54:27.500000,0.806,2025-07-08 01:54:35.820000,0.107,2025-07-08 01:54:23.000000,2025-07-08 01:55:23.000000,eqcct_earthquakes_th0_1/20250708T015423Z_20250708T015523Z/RAJF_outputs/X_prediction_results.csv
SGF/FN.SGF..HHN__20250708T015430Z__20250708T015530Z.mseed,FN,SGF,0,0,0,0,2025-07-08 01:54:34.650000,0.769,2025-07-08 01:55:05.090000,0.386,2025-07-08 01:54:30.000000,2025-07-08 01:55:30.000000,eqcct_earthquakes_th0_1/20250708T015430Z_20250708T015530Z/SGF_outputs/X_prediction_results.csv
KLF/FN.KLF..HHN__20250708T015431Z__20250708T015531Z.mseed,FN,KLF,0,0,0,0,2025-07-08 01:54:35.180000,0.158,,,2025-07-08 01:54:31.000000,2025-07-08 01:55:31.000000,eqcct_earthquakes_th0_1/20250708T015431Z_20250708T015531Z/KLF_outputs/X_prediction_results.csv
VRF/HE.VRF..HHZ__20250708T015435Z__20250708T015535Z.mseed,HE,VRF,0,0,0,0,2025-07-08 01:54:39.120000,0.837,,,2025-07-08 01:54:35.000000,2025-07-08 01:55:35.000000,eqcct_earthquakes_th0_1/20250708T015435Z_20250708T015535Z/VRF_outputs/X_prediction_results.csv
OBF0/HE.OBF0..HHE__20250709T022602Z__20250709T022702Z.mseed,HE,OBF0,0,0,0,0,2025-07-09 02:26:07.404000,0.878,2025-07-09 02:26:24.974000,0.373,2025-07-09 02:26:02.000000,2025-07-09 02:27:02.000000,eqcct_earthquakes_th0_1/20250709T022602Z_20250709T022702Z/OBF0_outputs/X_prediction_results.csv
OBF3/HE.OBF3..HHN__20250709T022605Z__20250709T022705Z.mseed,HE,OBF3,0,0,0,0,2025-07-09 02:26:10.976000,0.2,,,2025-07-09 02:26:05.000000,2025-07-09 02:27:05.000000,eqcct_earthquakes_th0_1/20250709T022605Z_20250709T022705Z/OBF3_outputs/X_prediction_results.csv
VAF/HE.VAF..HHN__20250709T022609Z__20250709T022709Z.mseed,HE,VAF,0,0,0,0,2025-07-09 02:26:14.600000,0.813,2025-07-09 02:26:36.500000,0.771,2025-07-09 02:26:09.000000,2025-07-09 02:27:09.000000,eqcct_earthquakes_th0_1/20250709T022609Z_20250709T022709Z/VAF_outputs/X_prediction_results.csv
TOF/HE.TOF..HHE__20250709T022639Z__20250709T022739Z.mseed,HE,TOF,0,0,0,0,2025-07-09 02:26:43.440000,0.521,2025-07-09 02:26:45.030000,0.6,2025-07-09 02:26:39.000000,2025-07-09 02:27:39.000000,eqcct_earthquakes_th0_1/20250709T022639Z_20250709T022739Z/TOF_outputs/X_prediction_results.csv
OBF8/HE.OBF8..HHZ__20250710T233941Z__20250710T234041Z.mseed,HE,OBF8,0,0,0,0,2025-07-10 23:39:45.332000,0.476,,,2025-07-10 23:39:41.000000,2025-07-10 23:40:41.000000,eqcct_earthquakes_th0_1/20250710T233941Z_20250710T234041Z/OBF8_outputs/X_prediction_results.csv
VAF/HE.VAF..HHZ__20250710T233941Z__20250710T234041Z.mseed,HE,VAF,0,0,0,0,2025-07-10 23:39:46.220000,0.769,2025-07-10 23:40:09.410000,0.284,2025-07-10 23:39:41.000000,2025-07-10 23:40:41.000000,eqcct_earthquakes_th0_1/20250710T233941Z_20250710T234041Z/VAF_outputs/X_prediction_results.csv
OBF0/HE.OBF0..HHZ__20250710T234016Z__20250710T234116Z.mseed,HE,OBF0,0,0,0,0,2025-07-10 23:40:20.014000,0.548,,,2025-07-10 23:40:16.000000,2025-07-10 23:41:16.000000,eqcct_earthquakes_th0_1/20250710T234016Z_20250710T234116Z/OBF0_outputs/X_prediction_results.csv
KPF/HE.KPF..HHE__20250710T234025Z__20250710T234125Z.mseed,HE,KPF,0,0,0,0,2025-07-10 23:40:29.426000,0.423,2025-07-10 23:40:30.686000,0.534,2025-07-10 23:40:25.000000,2025-07-10 23:41:25.000000,eqcct_earthquakes_th0_1/20250710T234025Z_20250710T234125Z/KPF_outputs/X_prediction_results.csv
KEF/HE.KEF..HHE__20250710T234042Z__20250710T234142Z.mseed,HE,KEF,0,0,0,0,2025-07-10 23:40:46.290000,0.306,2025-07-10 23:40:48.030000,0.558,2025-07-10 23:40:42.000000,2025-07-10 23:41:42.000000,eqcct_earthquakes_th0_1/20250710T234042Z_20250710T234142Z/KEF_outputs/X_prediction_results.csv
RAF/HE.RAF..HHE__20250710T234044Z__20250710T234144Z.mseed,HE,RAF,0,0,0,0,2025-07-10 23:40:48.500000,0.692,,,2025-07-10 23:40:44.000000,2025-07-10 23:41:44.000000,eqcct_earthquakes_th0_1/20250710T234044Z_20250710T234144Z/RAF_outputs/X_prediction_results.csv
OBF8/HE.OBF8..HHZ__20250711T140013Z__20250711T140113Z.mseed,HE,OBF8,0,0,0,0,2025-07-11 14:00:18.500000,0.246,2025-07-11 14:00:30.890000,0.232,2025-07-11 14:00:13.000000,2025-07-11 14:01:13.000000,eqcct_earthquakes_th0_1/20250711T140013Z_20250711T140113Z/OBF8_outputs/X_prediction_results.csv
OBF0/HE.OBF0..HHN__20250711T140017Z__20250711T140117Z.mseed,HE,OBF0,0,0,0,0,2025-07-11 14:00:22.296000,0.906,2025-07-11 14:00:37.246000,0.332,2025-07-11 14:00:17.000000,2025-07-11 14:01:17.000000,eqcct_earthquakes_th0_1/20250711T140017Z_20250711T140117Z/OBF0_outputs/X_prediction_results.csv
OBF3/HE.OBF3..HHE__20250711T140019Z__20250711T140119Z.mseed,HE,OBF3,0,0,0,0,2025-07-11 14:00:24.520000,0.771,2025-07-11 14:00:41.120000,0.405,2025-07-11 14:00:19.000000,2025-07-11 14:01:19.000000,eqcct_earthquakes_th0_1/20250711T140019Z_20250711T140119Z/OBF3_outputs/X_prediction_results.csv
TOF/HE.TOF..HHZ__20250711T140045Z__20250711T140145Z.mseed,HE,TOF,0,0,0,0,2025-07-11 14:00:49.520000,0.316,,,2025-07-11 14:00:45.000000,2025-07-11 14:01:45.000000,eqcct_earthquakes_th0_1/20250711T140045Z_20250711T140145Z/TOF_outputs/X_prediction_results.csv
OUL/FN.OUL..HHZ__20250711T140050Z__20250711T140150Z.mseed,FN,OUL,0,0,0,0,2025-07-11 14:00:55.650000,0.36,,,2025-07-11 14:00:50.000000,2025-07-11 14:01:50.000000,eqcct_earthquakes_th0_1/20250711T140050Z_20250711T140150Z/OUL_outputs/X_prediction_results.csv
RNF/FN.RNF..HHE__20250711T140110Z__20250711T140210Z.mseed,FN,RNF,0,0,0,0,2025-07-11 14:01:14.240000,0.177,,,2025-07-11 14:01:10.000000,2025-07-11 14:02:10.000000,eqcct_earthquakes_th0_1/20250711T140110Z_20250711T140210Z/RNF_outputs/X_prediction_results.csv
MSF/FN.MSF..HHZ__20250713T191950Z__20250713T192050Z.mseed,FN,MSF,0,0,0,0,2025-07-13 19:19:55.510000,0.914,2025-07-13 19:19:59.670000,0.875,2025-07-13 19:19:50.000000,2025-07-13 19:20:50.000000,eqcct_earthquakes_th0_1/20250713T191950Z_20250713T192050Z/MSF_outputs/X_prediction_results.csv
OLKF/FN.OLKF..HHZ__20250713T191951Z__20250713T192051Z.mseed,FN,OLKF,0,0,0,0,2025-07-13 19:19:56.200000,0.947,2025-07-13 19:20:00.970000,0.868,2025-07-13 19:19:51.000000,2025-07-13 19:20:51.000000,eqcct_earthquakes_th0_1/20250713T191951Z_20250713T192051Z/OLKF_outputs/X_prediction_results.csv
RANF/FN.RANF..HHE__20250713T192005Z__20250713T192105Z.mseed,FN,RANF,0,0,0,0,2025-07-13 19:20:10.160000,0.806,2025-07-13 19:20:24.550000,0.812,2025-07-13 19:20:05.000000,2025-07-13 19:21:05.000000,eqcct_earthquakes_th0_1/20250713T192005Z_20250713T192105Z/RANF_outputs/X_prediction_results.csv
RNF/FN.RNF..HHZ__20250713T192011Z__20250713T192111Z.mseed,FN,RNF,0,0,0,0,2025-07-13 19:20:16.950000,0.808,2025-07-13 19:20:37.300000,0.74,2025-07-13 19:20:11.000000,2025-07-13 19:21:11.000000,eqcct_earthquakes_th0_1/20250713T192011Z_20250713T192111Z/RNF_outputs/X_prediction_results.csv
VRF/HE.VRF..HHZ__20250713T192014Z__20250713T192114Z.mseed,HE,VRF,0,0,0,0,2025-07-13 19:20:19.960000,0.706,2025-07-13 19:20:42.110000,0.325,2025-07-13 19:20:14.000000,2025-07-13 19:21:14.000000,eqcct_earthquakes_th0_1/20250713T192014Z_20250713T192114Z/VRF_outputs/X_prediction_results.csv
OUL/FN.OUL..HHE__20250713T192015Z__20250713T192115Z.mseed,FN,OUL,0,0,0,0,2025-07-13 19:20:20.830000,0.842,2025-07-13 19:20:43.550000,0.246,2025-07-13 19:20:15.000000,2025-07-13 19:21:15.000000,eqcct_earthquakes_th0_1/20250713T192015Z_20250713T192115Z/OUL_outputs/X_prediction_results.csv
SGF/FN.SGF..HHN__20250713T192016Z__20250713T192116Z.mseed,FN,SGF,0,0,0,0,2025-07-13 19:20:20.330000,0.656,2025-07-13 19:20:44.900000,0.104,2025-07-13 19:20:16.000000,2025-07-13 19:21:16.000000,eqcct_earthquakes_th0_1/20250713T192016Z_20250713T192116Z/SGF_outputs/X_prediction_results.csv
OBF3/HE.OBF3..HHN__20250713T192023Z__20250713T192123Z.mseed,HE,OBF3,0,0,0,0,2025-07-13 19:20:27.930000,0.585,,,2025-07-13 19:20:23.000000,2025-07-13 19:21:23.000000,eqcct_earthquakes_th0_1/20250713T192023Z_20250713T192123Z/OBF3_outputs/X_prediction_results.csv
RMF/HE.RMF..HHE__20250713T192038Z__20250713T192138Z.mseed,HE,RMF,0,0,0,0,2025-07-13 19:20:42.252000,0.534,2025-07-13 19:20:43.652000,0.579,2025-07-13 19:20:38.000000,2025-07-13 19:21:38.000000,eqcct_earthquakes_th0_1/20250713T192038Z_20250713T192138Z/RMF_outputs/X_prediction_results.csv
TOF/HE.TOF..HHN__20250713T192046Z__20250713T192146Z.mseed,HE,TOF,0,0,0,0,2025-07-13 19:20:50.290000,0.883,2025-07-13 19:21:04.900000,0.321,2025-07-13 19:20:46.000000,2025-07-13 19:21:46.000000,eqcct_earthquakes_th0_1/20250713T192046Z_20250713T192146Z/TOF_outputs/X_prediction_results.csv
RAJF/FN.RAJF..HHE__20250713T192054Z__20250713T192154Z.mseed,FN,RAJF,0,0,0,0,2025-07-13 19:20:58.730000,0.14,,,2025-07-13 19:20:54.000000,2025-07-13 19:21:54.000000,eqcct_earthquakes_th0_1/20250713T192054Z_20250713T192154Z/RAJF_outputs/X_prediction_results.csv
NIF/HE.NIF..HHN__20250713T192100Z__20250713T192200Z.mseed,HE,NIF,0,0,0,0,2025-07-13 19:21:04.436000,0.84,,,2025-07-13 19:21:00.000000,2025-07-13 19:22:00.000000,eqcct_earthquakes_th0_1/20250713T192100Z_20250713T192200Z/NIF_outputs/X_prediction_results.csv
SUF/HE.SUF..HHN__20250713T192122Z__20250713T192222Z.mseed,HE,SUF,0,0,0,0,2025-07-13 19:21:26.408000,0.22,,,2025-07-13 19:21:22.000000,2025-07-13 19:22:22.000000,eqcct_earthquakes_th0_1/20250713T192122Z_20250713T192222Z/SUF_outputs/X_prediction_results.csv
KIF/HE.KIF..HHN__20250714T045813Z__20250714T045913Z.mseed,HE,KIF,0,0,0,0,2025-07-14 04:58:18.200000,0.913,2025-07-14 04:58:39.550000,0.322,2025-07-14 04:58:13.000000,2025-07-14 04:59:13.000000,eqcct_earthquakes_th0_1/20250714T045813Z_20250714T045913Z/KIF_outputs/X_prediction_results.csv
HEF/HE.HEF..HHZ__20250714T045829Z__20250714T045929Z.mseed,HE,HEF,0,0,0,0,2025-07-14 04:58:34.260000,0.854,2025-07-14 04:59:14.380000,0.603,2025-07-14 04:58:29.000000,2025-07-14 04:59:29.000000,eqcct_earthquakes_th0_1/20250714T045829Z_20250714T045929Z/HEF_outputs/X_prediction_results.csv
KEV/HE.KEV..HHZ__20250714T045833Z__20250714T045933Z.mseed,HE,KEV,0,0,0,0,2025-07-14 04:58:38.240000,0.798,,,2025-07-14 04:58:33.000000,2025-07-14 04:59:33.000000,eqcct_earthquakes_th0_1/20250714T045833Z_20250714T045933Z/KEV_outputs/X_prediction_results.csv
KMNF/FN.KMNF..HHE__20250714T045836Z__20250714T045936Z.mseed,FN,KMNF,0,0,0,0,2025-07-14 04:58:41.000000,0.857,2025-07-14 04:59:19.410000,0.448,2025-07-14 04:58:36.000000,2025-07-14 04:59:36.000000,eqcct_earthquakes_th0_1/20250714T045836Z_20250714T045936Z/KMNF_outputs/X_prediction_results.csv
RAJF/FN.RAJF..HHN__20250714T045846Z__20250714T045946Z.mseed,FN,RAJF,0,0,0,0,2025-07-14 04:58:50.650000,0.45,,,2025-07-14 04:58:46.000000,2025-07-14 04:59:46.000000,eqcct_earthquakes_th0_1/20250714T045846Z_20250714T045946Z/RAJF_outputs/X_prediction_results.csv
KLF/FN.KLF..HHE__20250714T045937Z__20250714T050037Z.mseed,FN,KLF,0,0,0,0,2025-07-14 04:59:41.610000,0.57,2025-07-14 04:59:45.150000,0.382,2025-07-14 04:59:37.000000,2025-07-14 05:00:37.000000,eqcct_earthquakes_th0_1/20250714T045937Z_20250714T050037Z/KLF_outputs/X_prediction_results.csv
VJF/HE.VJF..HHE__20250715T001525Z__20250715T001625Z.mseed,HE,VJF,0,0,0,0,2025-07-15 00:15:30.672000,0.956,2025-07-15 00:15:32.402000,0.893,2025-07-15 00:15:25.000000,2025-07-15 00:16:25.000000,eqcct_earthquakes_th0_1/20250715T001525Z_20250715T001625Z/VJF_outputs/X_prediction_results.csv
RUF/HE.RUF..HHZ__20250715T001545Z__20250715T001645Z.mseed,HE,RUF,0,0,0,0,2025-07-15 00:15:49.212000,0.749,,,2025-07-15 00:15:45.000000,2025-07-15 00:16:45.000000,eqcct_earthquakes_th0_1/20250715T001545Z_20250715T001645Z/RUF_outputs/X_prediction_results.csv
FIA0/HE.FIA0..HHE__20250715T001545Z__20250715T001645Z.mseed,HE,FIA0,0,0,0,0,2025-07-15 00:15:50.010000,0.906,2025-07-15 00:16:06.710000,0.405,2025-07-15 00:15:45.000000,2025-07-15 00:16:45.000000,eqcct_earthquakes_th0_1/20250715T001545Z_20250715T001645Z/FIA0_outputs/X_prediction_results.csv
FIA1/HE.FIA1..HHZ__20250715T001545Z__20250715T001645Z.mseed,HE,FIA1,0,0,0,0,2025-07-15 00:15:50.160000,0.658,2025-07-15 00:16:06.930000,0.427,2025-07-15 00:15:45.000000,2025-07-15 00:16:45.000000,eqcct_earthquakes_th0_1/20250715T001545Z_20250715T001645Z/FIA1_outputs/X_prediction_results.csv
LAUT/HE.LAUT..HHN__20250715T001604Z__20250715T001704Z.mseed,HE,LAUT,0,0,0,0,2025-07-15 00:16:09.140000,0.231,,,2025-07-15 00:16:04.000000,2025-07-15 00:17:04.000000,eqcct_earthquakes_th0_1/20250715T001604Z_20250715T001704Z/LAUT_outputs/X_prediction_results.csv
MEF/HE.MEF..HHN__20250715T001610Z__20250715T001710Z.mseed,HE,MEF,0,0,0,0,2025-07-15 00:16:14.710000,0.822,2025-07-15 00:16:16.570000,0.409,2025-07-15 00:16:10.000000,2025-07-15 00:17:10.000000,eqcct_earthquakes_th0_1/20250715T001610Z_20250715T001710Z/MEF_outputs/X_prediction_results.csv
KAF/HE.KAF..HHE__20250715T001618Z__20250715T001718Z.mseed,HE,KAF,0,0,0,0,2025-07-15 00:16:22.170000,0.508,,,2025-07-15 00:16:18.000000,2025-07-15 00:17:18.000000,eqcct_earthquakes_th0_1/20250715T001618Z_20250715T001718Z/KAF_outputs/X_prediction_results.csv
KIF/HE.KIF..HHE__20250715T051629Z__20250715T051729Z.mseed,HE,KIF,0,0,0,0,2025-07-15 05:16:34.780000,0.923,2025-07-15 05:16:56.530000,0.685,2025-07-15 05:16:29.000000,2025-07-15 05:17:29.000000,eqcct_earthquakes_th0_1/20250715T051629Z_20250715T051729Z/KIF_outputs/X_prediction_results.csv
HEF/HE.HEF..HHN__20250715T051645Z__20250715T051745Z.mseed,HE,HEF,0,0,0,0,2025-07-15 05:16:50.920000,0.822,2025-07-15 05:17:31.070000,0.245,2025-07-15 05:16:45.000000,2025-07-15 05:17:45.000000,eqcct_earthquakes_th0_1/20250715T051645Z_20250715T051745Z/HEF_outputs/X_prediction_results.csv
KEV/HE.KEV..HHZ__20250715T051649Z__20250715T051749Z.mseed,HE,KEV,0,0,0,0,2025-07-15 05:16:54.920000,0.863,2025-07-15 05:17:32.510000,0.176,2025-07-15 05:16:49.000000,2025-07-15 05:17:49.000000,eqcct_earthquakes_th0_1/20250715T051649Z_20250715T051749Z/KEV_outputs/X_prediction_results.csv
KMNF/FN.KMNF..HHE__20250715T051652Z__20250715T051752Z.mseed,FN,KMNF,0,0,0,0,2025-07-15 05:16:57.650000,0.847,2025-07-15 05:17:37.160000,0.165,2025-07-15 05:16:52.000000,2025-07-15 05:17:52.000000,eqcct_earthquakes_th0_1/20250715T051652Z_20250715T051752Z/KMNF_outputs/X_prediction_results.csv
KLF/FN.KLF..HHE__20250715T051659Z__20250715T051759Z.mseed,FN,KLF,0,0,0,0,2025-07-15 05:17:04.400000,0.735,,,2025-07-15 05:16:59.000000,2025-07-15 05:17:59.000000,eqcct_earthquakes_th0_1/20250715T051659Z_20250715T051759Z/KLF_outputs/X_prediction_results.csv
RAJF/FN.RAJF..HHZ__20250715T051703Z__20250715T051803Z.mseed,FN,RAJF,0,0,0,0,2025-07-15 05:17:08.120000,0.702,2025-07-15 05:17:19.070000,0.353,2025-07-15 05:17:03.000000,2025-07-15 05:18:03.000000,eqcct_earthquakes_th0_1/20250715T051703Z_20250715T051803Z/RAJF_outputs/X_prediction_results.csv
KLF/FN.KLF..HHN__20250715T051754Z__20250715T051854Z.mseed,FN,KLF,0,0,0,0,2025-07-15 05:17:58.610000,0.623,2025-07-15 05:18:04.520000,0.477,2025-07-15 05:17:54.000000,2025-07-15 05:18:54.000000,eqcct_earthquakes_th0_1/20250715T051754Z_20250715T051854Z/KLF_outputs/X_prediction_results.csv
OLKF/FN.OLKF..HHE__20250715T204058Z__20250715T204158Z.mseed,FN,OLKF,0,0,0,0,2025-07-15 20:41:03.350000,0.872,2025-07-15 20:41:21.900000,0.333,2025-07-15 20:40:58.000000,2025-07-15 20:41:58.000000,eqcct_earthquakes_th0_1/20250715T204058Z_20250715T204158Z/OLKF_outputs/X_prediction_results.csv
MSF/FN.MSF..HHN__20250715T204101Z__20250715T204201Z.mseed,FN,MSF,0,0,0,0,2025-07-15 20:41:06.530000,0.855,2025-07-15 20:41:27.230000,0.368,2025-07-15 20:41:01.000000,2025-07-15 20:42:01.000000,eqcct_earthquakes_th0_1/20250715T204101Z_20250715T204201Z/MSF_outputs/X_prediction_results.csv
VRF/HE.VRF..HHE__20250715T204108Z__20250715T204208Z.mseed,HE,VRF,0,0,0,0,2025-07-15 20:41:12.280000,0.714,2025-07-15 20:41:39.570000,0.328,2025-07-15 20:41:08.000000,2025-07-15 20:42:08.000000,eqcct_earthquakes_th0_1/20250715T204108Z_20250715T204208Z/VRF_outputs/X_prediction_results.csv
RANF/FN.RANF..HHN__20250715T204113Z__20250715T204213Z.mseed,FN,RANF,0,0,0,0,2025-07-15 20:41:17.930000,0.174,2025-07-15 20:41:50.520000,0.127,2025-07-15 20:41:13.000000,2025-07-15 20:42:13.000000,eqcct_earthquakes_th0_1/20250715T204113Z_20250715T204213Z/RANF_outputs/X_prediction_results.csv
RNF/FN.RNF..HHZ__20250715T204152Z__20250715T204252Z.mseed,FN,RNF,0,0,0,0,2025-07-15 20:41:56.130000,0.691,2025-07-15 20:42:02.050000,0.297,2025-07-15 20:41:52.000000,2025-07-15 20:42:52.000000,eqcct_earthquakes_th0_1/20250715T204152Z_20250715T204252Z/RNF_outputs/X_prediction_results.csv
OBF0/HE.OBF0..HHN__20250718T110626Z__20250718T110726Z.mseed,HE,OBF0,0,0,0,0,2025-07-18 11:06:30.440000,0.846,,,2025-07-18 11:06:26.000000,2025-07-18 11:07:26.000000,eqcct_earthquakes_th0_1/20250718T110626Z_20250718T110726Z/OBF0_outputs/X_prediction_results.csv
OBF3/HE.OBF3..HHE__20250718T110654Z__20250718T110754Z.mseed,HE,OBF3,0,0,0,0,2025-07-18 11:06:58.044000,0.587,,,2025-07-18 11:06:54.000000,2025-07-18 11:07:54.000000,eqcct_earthquakes_th0_1/20250718T110654Z_20250718T110754Z/OBF3_outputs/X_prediction_results.csv
TOF/HE.TOF..HHZ__20250718T110658Z__20250718T110758Z.mseed,HE,TOF,0,0,0,0,2025-07-18 11:07:02.090000,0.213,2025-07-18 11:07:03.700000,0.44,2025-07-18 11:06:58.000000,2025-07-18 11:07:58.000000,eqcct_earthquakes_th0_1/20250718T110658Z_20250718T110758Z/TOF_outputs/X_prediction_results.csv
VAF/HE.VAF..HHZ__20250718T110700Z__20250718T110800Z.mseed,HE,VAF,0,0,0,0,2025-07-18 11:07:04.220000,0.464,2025-07-18 11:07:06.800000,0.33,2025-07-18 11:07:00.000000,2025-07-18 11:08:00.000000,eqcct_earthquakes_th0_1/20250718T110700Z_20250718T110800Z/VAF_outputs/X_prediction_results.csv
RNF/FN.RNF..HHE__20250725T140306Z__20250725T140406Z.mseed,FN,RNF,0,0,0,0,2025-07-25 14:03:11.910000,0.947,2025-07-25 14:03:16.250000,0.853,2025-07-25 14:03:06.000000,2025-07-25 14:04:06.000000,eqcct_earthquakes_th0_1/20250725T140306Z_20250725T140406Z/RNF_outputs/X_prediction_results.csv
KLF/FN.KLF..HHN__20250725T140313Z__20250725T140413Z.mseed,FN,KLF,0,0,0,0,2025-07-25 14:03:18.600000,0.91,2025-07-25 14:03:27.950000,0.373,2025-07-25 14:03:13.000000,2025-07-25 14:04:13.000000,eqcct_earthquakes_th0_1/20250725T140313Z_20250725T140413Z/KLF_outputs/X_prediction_results.csv
SGF/FN.SGF..HHZ__20250725T140313Z__20250725T140413Z.mseed,FN,SGF,0,0,0,0,2025-07-25 14:03:18.520000,0.861,2025-07-25 14:03:27.470000,0.697,2025-07-25 14:03:13.000000,2025-07-25 14:04:13.000000,eqcct_earthquakes_th0_1/20250725T140313Z_20250725T140413Z/SGF_outputs/X_prediction_results.csv
TOF/HE.TOF..HHE__20250725T140317Z__20250725T140417Z.mseed,HE,TOF,0,0,0,0,2025-07-25 14:03:22.950000,0.918,2025-07-25 14:03:34.450000,0.567,2025-07-25 14:03:17.000000,2025-07-25 14:04:17.000000,eqcct_earthquakes_th0_1/20250725T140317Z_20250725T140417Z/TOF_outputs/X_prediction_results.csv
RANF/FN.RANF..HHN__20250725T140319Z__20250725T140419Z.mseed,FN,RANF,0,0,0,0,2025-07-25 14:03:24.050000,0.91,2025-07-25 14:03:37.090000,0.817,2025-07-25 14:03:19.000000,2025-07-25 14:04:19.000000,eqcct_earthquakes_th0_1/20250725T140319Z_20250725T140419Z/RANF_outputs/X_prediction_results.csv
OLKF/FN.OLKF..HHZ__20250725T140329Z__20250725T140429Z.mseed,FN,OLKF,0,0,0,0,2025-07-25 14:03:33.750000,0.712,,,2025-07-25 14:03:29.000000,2025-07-25 14:04:29.000000,eqcct_earthquakes_th0_1/20250725T140329Z_20250725T140429Z/OLKF_outputs/X_prediction_results.csv
VRF/HE.VRF..HHE__20250725T140355Z__20250725T140455Z.mseed,HE,VRF,0,0,0,0,2025-07-25 14:03:59.500000,0.218,,,2025-07-25 14:03:55.000000,2025-07-25 14:04:55.000000,eqcct_earthquakes_th0_1/20250725T140355Z_20250725T140455Z/VRF_outputs/X_prediction_results.csv
RAJF/FN.RAJF..HHN__20250725T140358Z__20250725T140458Z.mseed,FN,RAJF,0,0,0,0,2025-07-25 14:04:02.960000,0.384,,,2025-07-25 14:03:58.000000,2025-07-25 14:04:58.000000,eqcct_earthquakes_th0_1/20250725T140358Z_20250725T140458Z/RAJF_outputs/X_prediction_results.csv
AAL/UP.AAL..HHE__20250727T015807Z__20250727T015907Z.mseed,UP,AAL,0,0,0,0,2025-07-27 01:58:12.460000,0.885,2025-07-27 01:58:23.780000,0.204,2025-07-27 01:58:07.000000,2025-07-27 01:59:07.000000,eqcct_earthquakes_th0_1/20250727T015807Z_20250727T015907Z/AAL_outputs/X_prediction_results.csv
TVF/HE.TVF..HHZ__20250727T015807Z__20250727T015907Z.mseed,HE,TVF,0,0,0,0,2025-07-27 01:58:11.176000,0.561,,,2025-07-27 01:58:07.000000,2025-07-27 01:59:07.000000,eqcct_earthquakes_th0_1/20250727T015807Z_20250727T015907Z/TVF_outputs/X_prediction_results.csv
RAF/HE.RAF..HHE__20250727T015809Z__20250727T015909Z.mseed,HE,RAF,0,0,0,0,2025-07-27 01:58:14.050000,0.686,2025-07-27 01:58:26.970000,0.265,2025-07-27 01:58:09.000000,2025-07-27 01:59:09.000000,eqcct_earthquakes_th0_1/20250727T015809Z_20250727T015909Z/RAF_outputs/X_prediction_results.csv
MEF/HE.MEF..HHZ__20250727T015816Z__20250727T015916Z.mseed,HE,MEF,0,0,0,0,2025-07-27 01:58:20.760000,0.568,,,2025-07-27 01:58:16.000000,2025-07-27 01:59:16.000000,eqcct_earthquakes_th0_1/20250727T015816Z_20250727T015916Z/MEF_outputs/X_prediction_results.csv
KPF/HE.KPF..HHN__20250727T015823Z__20250727T015923Z.mseed,HE,KPF,0,0,0,0,2025-07-27 01:58:28.424000,0.821,,,2025-07-27 01:58:23.000000,2025-07-27 01:59:23.000000,eqcct_earthquakes_th0_1/20250727T015823Z_20250727T015923Z/KPF_outputs/X_prediction_results.csv
FIA0/HE.FIA0..HHE__20250727T015835Z__20250727T015935Z.mseed,HE,FIA0,0,0,0,0,2025-07-27 01:58:39.580000,0.236,,,2025-07-27 01:58:35.000000,2025-07-27 01:59:35.000000,eqcct_earthquakes_th0_1/20250727T015835Z_20250727T015935Z/FIA0_outputs/X_prediction_results.csv
FIA1/HE.FIA1..HHE__20250727T015836Z__20250727T015936Z.mseed,HE,FIA1,0,0,0,0,2025-07-27 01:58:40.440000,0.634,,,2025-07-27 01:58:36.000000,2025-07-27 01:59:36.000000,eqcct_earthquakes_th0_1/20250727T015836Z_20250727T015936Z/FIA1_outputs/X_prediction_results.csv
KEF/HE.KEF..HHN__20250727T015837Z__20250727T015937Z.mseed,HE,KEF,0,0,0,0,2025-07-27 01:58:41.730000,0.486,,,2025-07-27 01:58:37.000000,2025-07-27 01:59:37.000000,eqcct_earthquakes_th0_1/20250727T015837Z_20250727T015937Z/KEF_outputs/X_prediction_results.csv
NUR/HE.NUR..HHZ__20250727T015839Z__20250727T015939Z.mseed,HE,NUR,0,0,0,0,2025-07-27 01:58:44.062000,0.345,,,2025-07-27 01:58:39.000000,2025-07-27 01:59:39.000000,eqcct_earthquakes_th0_1/20250727T015839Z_20250727T015939Z/NUR_outputs/X_prediction_results.csv
LAUT/HE.LAUT..HHE__20250727T015842Z__20250727T015942Z.mseed,HE,LAUT,0,0,0,0,2025-07-27 01:58:46.834000,0.413,,,2025-07-27 01:58:42.000000,2025-07-27 01:59:42.000000,eqcct_earthquakes_th0_1/20250727T015842Z_20250727T015942Z/LAUT_outputs/X_prediction_results.csv
KEF/HE.KEF..HHZ__20250729T071221Z__20250729T071321Z.mseed,HE,KEF,0,0,0,0,2025-07-29 07:12:25.600000,0.513,2025-07-29 07:12:27.430000,0.829,2025-07-29 07:12:21.000000,2025-07-29 07:13:21.000000,eqcct_earthquakes_th0_1/20250729T071221Z_20250729T071321Z/KEF_outputs/X_prediction_results.csv
SUF/HE.SUF..HHZ__20250729T071226Z__20250729T071326Z.mseed,HE,SUF,0,0,0,0,2025-07-29 07:12:30.896000,0.703,2025-07-29 07:12:33.886000,0.425,2025-07-29 07:12:26.000000,2025-07-29 07:13:26.000000,eqcct_earthquakes_th0_1/20250729T071226Z_20250729T071326Z/SUF_outputs/X_prediction_results.csv
RAF/HE.RAF..HHN__20250729T071241Z__20250729T071341Z.mseed,HE,RAF,0,0,0,0,2025-07-29 07:12:45.200000,0.341,2025-07-29 07:12:47.890000,0.624,2025-07-29 07:12:41.000000,2025-07-29 07:13:41.000000,eqcct_earthquakes_th0_1/20250729T071241Z_20250729T071341Z/RAF_outputs/X_prediction_results.csv
RAF/HE.RAF..HHZ__20250729T213211Z__20250729T213311Z.mseed,HE,RAF,0,0,0,0,2025-07-29 21:32:16.320000,0.149,,,2025-07-29 21:32:11.000000,2025-07-29 21:33:11.000000,eqcct_earthquakes_th0_1/20250729T213211Z_20250729T213311Z/RAF_outputs/X_prediction_results.csv
MEF/HE.MEF..HHE__20250729T213239Z__20250729T213339Z.mseed,HE,MEF,0,0,0,0,2025-07-29 21:32:44.140000,0.394,,,2025-07-29 21:32:39.000000,2025-07-29 21:33:39.000000,eqcct_earthquakes_th0_1/20250729T213239Z_20250729T213339Z/MEF_outputs/X_prediction_results.csv
VJF/HE.VJF..HHE__20250730T081743Z__20250730T081843Z.mseed,HE,VJF,0,0,0,0,2025-07-30 08:17:48.720000,0.913,2025-07-30 08:17:50.520000,0.911,2025-07-30 08:17:43.000000,2025-07-30 08:18:43.000000,eqcct_earthquakes_th0_1/20250730T081743Z_20250730T081843Z/VJF_outputs/X_prediction_results.csv
FIA0/HE.FIA0..HHZ__20250730T081803Z__20250730T081903Z.mseed,HE,FIA0,0,0,0,0,2025-07-30 08:18:07.420000,0.378,2025-07-30 08:18:09.940000,0.185,2025-07-30 08:18:03.000000,2025-07-30 08:19:03.000000,eqcct_earthquakes_th0_1/20250730T081803Z_20250730T081903Z/FIA0_outputs/X_prediction_results.csv
FIA1/HE.FIA1..HHN__20250730T081803Z__20250730T081903Z.mseed,HE,FIA1,0,0,0,0,2025-07-30 08:18:07.680000,0.307,,,2025-07-30 08:18:03.000000,2025-07-30 08:19:03.000000,eqcct_earthquakes_th0_1/20250730T081803Z_20250730T081903Z/FIA1_outputs/X_prediction_results.csv
RUF/HE.RUF..HHE__20250730T081819Z__20250730T081919Z.mseed,HE,RUF,0,0,0,0,2025-07-30 08:18:23.940000,0.545,2025-07-30 08:18:29.000000,0.735,2025-07-30 08:18:19.000000,2025-07-30 08:19:19.000000,eqcct_earthquakes_th0_1/20250730T081819Z_20250730T081919Z/RUF_outputs/X_prediction_results.csv
VJF/HE.VJF..HHE__20250801T001945Z__20250801T002045Z.mseed,HE,VJF,0,0,0,0,2025-08-01 00:19:50.816000,0.922,2025-08-01 00:19:52.566000,0.9,2025-08-01 00:19:45.000000,2025-08-01 00:20:45.000000,eqcct_earthquakes_th0_1/20250801T001945Z_20250801T002045Z/VJF_outputs/X_prediction_results.csv
RUF/HE.RUF..HHE__20250801T002005Z__20250801T002105Z.mseed,HE,RUF,0,0,0,0,2025-08-01 00:20:10.516000,0.85,2025-08-01 00:20:27.376000,0.423,2025-08-01 00:20:05.000000,2025-08-01 00:21:05.000000,eqcct_earthquakes_th0_1/20250801T002005Z_20250801T002105Z/RUF_outputs/X_prediction_results.csv
FIA0/HE.FIA0..HHZ__20250801T002005Z__20250801T002105Z.mseed,HE,FIA0,0,0,0,0,2025-08-01 00:20:10.030000,0.854,2025-08-01 00:20:26.800000,0.745,2025-08-01 00:20:05.000000,2025-08-01 00:21:05.000000,eqcct_earthquakes_th0_1/20250801T002005Z_20250801T002105Z/FIA0_outputs/X_prediction_results.csv
FIA1/HE.FIA1..HHZ__20250801T002005Z__20250801T002105Z.mseed,HE,FIA1,0,0,0,0,2025-08-01 00:20:10.030000,0.882,2025-08-01 00:20:26.800000,0.633,2025-08-01 00:20:05.000000,2025-08-01 00:21:05.000000,eqcct_earthquakes_th0_1/20250801T002005Z_20250801T002105Z/FIA1_outputs/X_prediction_results.csv
KUNI/HE.KUNI..HHN__20250801T002006Z__20250801T002106Z.mseed,HE,KUNI,0,0,0,0,2025-08-01 00:20:11.124000,0.888,2025-08-01 00:20:28.094000,0.512,2025-08-01 00:20:06.000000,2025-08-01 00:21:06.000000,eqcct_earthquakes_th0_1/20250801T002006Z_20250801T002106Z/KUNI_outputs/X_prediction_results.csv
HEL1/HE.HEL1..HHN__20250801T002006Z__20250801T002106Z.mseed,HE,HEL1,0,0,0,0,2025-08-01 00:20:11.700000,0.924,2025-08-01 00:20:28.730000,0.655,2025-08-01 00:20:06.000000,2025-08-01 00:21:06.000000,eqcct_earthquakes_th0_1/20250801T002006Z_20250801T002106Z/HEL1_outputs/X_prediction_results.csv
NUR/HE.NUR..HHE__20250801T002008Z__20250801T002108Z.mseed,HE,NUR,0,0,0,0,2025-08-01 00:20:13.188000,0.875,2025-08-01 00:20:31.418000,0.788,2025-08-01 00:20:08.000000,2025-08-01 00:21:08.000000,eqcct_earthquakes_th0_1/20250801T002008Z_20250801T002108Z/NUR_outputs/X_prediction_results.csv
HEL5/HE.HEL5..HHZ__20250801T002008Z__20250801T002108Z.mseed,HE,HEL5,0,0,0,0,2025-08-01 00:20:13.208000,0.931,2025-08-01 00:20:31.578000,0.103,2025-08-01 00:20:08.000000,2025-08-01 00:21:08.000000,eqcct_earthquakes_th0_1/20250801T002008Z_20250801T002108Z/HEL5_outputs/X_prediction_results.csv
MEF/HE.MEF..HHZ__20250801T002010Z__20250801T002110Z.mseed,HE,MEF,0,0,0,0,2025-08-01 00:20:15.970000,0.901,2025-08-01 00:20:36.090000,0.697,2025-08-01 00:20:10.000000,2025-08-01 00:21:10.000000,eqcct_earthquakes_th0_1/20250801T002010Z_20250801T002110Z/MEF_outputs/X_prediction_results.csv
KAF/HE.KAF..HHE__20250801T002014Z__20250801T002114Z.mseed,HE,KAF,0,0,0,0,2025-08-01 00:20:19.690000,0.896,2025-08-01 00:20:44.860000,0.706,2025-08-01 00:20:14.000000,2025-08-01 00:21:14.000000,eqcct_earthquakes_th0_1/20250801T002014Z_20250801T002114Z/KAF_outputs/X_prediction_results.csv
KEF/HE.KEF..HHN__20250801T002020Z__20250801T002120Z.mseed,HE,KEF,0,0,0,0,2025-08-01 00:20:26.000000,0.88,2025-08-01 00:20:55.200000,0.577,2025-08-01 00:20:20.000000,2025-08-01 00:21:20.000000,eqcct_earthquakes_th0_1/20250801T002020Z_20250801T002120Z/KEF_outputs/X_prediction_results.csv
TVF/HE.TVF..HHZ__20250801T002020Z__20250801T002120Z.mseed,HE,TVF,0,0,0,0,2025-08-01 00:20:25.712000,0.847,2025-08-01 00:20:54.412000,0.44,2025-08-01 00:20:20.000000,2025-08-01 00:21:20.000000,eqcct_earthquakes_th0_1/20250801T002020Z_20250801T002120Z/TVF_outputs/X_prediction_results.csv
SUF/HE.SUF..HHE__20250801T002024Z__20250801T002124Z.mseed,HE,SUF,0,0,0,0,2025-08-01 00:20:28.524000,0.657,,,2025-08-01 00:20:24.000000,2025-08-01 00:21:24.000000,eqcct_earthquakes_th0_1/20250801T002024Z_20250801T002124Z/SUF_outputs/X_prediction_results.csv
KU6/HE.KU6..HHN__20250802T203537Z__20250802T203637Z.mseed,HE,KU6,0,0,0,0,2025-08-02 20:35:42.660000,0.846,2025-08-02 20:35:56.720000,0.485,2025-08-02 20:35:37.000000,2025-08-02 20:36:37.000000,eqcct_earthquakes_th0_1/20250802T203537Z_20250802T203637Z/KU6_outputs/X_prediction_results.csv
OLKF/FN.OLKF..HHE__20250802T203540Z__20250802T203640Z.mseed,FN,OLKF,0,0,0,0,2025-08-02 20:35:45.350000,0.796,2025-08-02 20:36:01.410000,0.446,2025-08-02 20:35:40.000000,2025-08-02 20:36:40.000000,eqcct_earthquakes_th0_1/20250802T203540Z_20250802T203640Z/OLKF_outputs/X_prediction_results.csv
MSF/FN.MSF..HHE__20250802T203543Z__20250802T203643Z.mseed,FN,MSF,0,0,0,0,2025-08-02 20:35:48.820000,0.783,2025-08-02 20:36:07.920000,0.509,2025-08-02 20:35:43.000000,2025-08-02 20:36:43.000000,eqcct_earthquakes_th0_1/20250802T203543Z_20250802T203643Z/MSF_outputs/X_prediction_results.csv
VRF/HE.VRF..HHZ__20250802T203549Z__20250802T203649Z.mseed,HE,VRF,0,0,0,0,2025-08-02 20:35:54.050000,0.863,2025-08-02 20:36:17.050000,0.31,2025-08-02 20:35:49.000000,2025-08-02 20:36:49.000000,eqcct_earthquakes_th0_1/20250802T203549Z_20250802T203649Z/VRF_outputs/X_prediction_results.csv
RNF/FN.RNF..HHZ__20250802T203600Z__20250802T203700Z.mseed,FN,RNF,0,0,0,0,2025-08-02 20:36:04.530000,0.498,,,2025-08-02 20:36:00.000000,2025-08-02 20:37:00.000000,eqcct_earthquakes_th0_1/20250802T203600Z_20250802T203700Z/RNF_outputs/X_prediction_results.csv
RANF/FN.RANF..HHE__20250802T203627Z__20250802T203727Z.mseed,FN,RANF,0,0,0,0,2025-08-02 20:36:30.510000,0.173,2025-08-02 20:36:34.460000,0.236,2025-08-02 20:36:27.000000,2025-08-02 20:37:27.000000,eqcct_earthquakes_th0_1/20250802T203627Z_20250802T203727Z/RANF_outputs/X_prediction_results.csv
RAJF/FN.RAJF..HHZ__20250802T203632Z__20250802T203732Z.mseed,FN,RAJF,0,0,0,0,2025-08-02 20:36:36.050000,0.315,,,2025-08-02 20:36:32.000000,2025-08-02 20:37:32.000000,eqcct_earthquakes_th0_1/20250802T203632Z_20250802T203732Z/RAJF_outputs/X_prediction_results.csv
SGF/FN.SGF..HHN__20250802T203633Z__20250802T203733Z.mseed,FN,SGF,0,0,0,0,2025-08-02 20:36:37.930000,0.413,2025-08-02 20:36:40.580000,0.494,2025-08-02 20:36:33.000000,2025-08-02 20:37:33.000000,eqcct_earthquakes_th0_1/20250802T203633Z_20250802T203733Z/SGF_outputs/X_prediction_results.csv
OUL/FN.OUL..HHN__20250802T203646Z__20250802T203746Z.mseed,FN,OUL,0,0,0,0,2025-08-02 20:36:50.680000,0.187,,,2025-08-02 20:36:46.000000,2025-08-02 20:37:46.000000,eqcct_earthquakes_th0_1/20250802T203646Z_20250802T203746Z/OUL_outputs/X_prediction_results.csv
KLF/FN.KLF..HHE__20250803T081303Z__20250803T081403Z.mseed,FN,KLF,0,0,0,0,2025-08-03 08:13:08.350000,0.862,2025-08-03 08:13:29.440000,0.381,2025-08-03 08:13:03.000000,2025-08-03 08:14:03.000000,eqcct_earthquakes_th0_1/20250803T081303Z_20250803T081403Z/KLF_outputs/X_prediction_results.csv
KIF/HE.KIF..HHN__20250803T081303Z__20250803T081403Z.mseed,HE,KIF,0,0,0,0,2025-08-03 08:13:07.960000,0.903,,,2025-08-03 08:13:03.000000,2025-08-03 08:14:03.000000,eqcct_earthquakes_th0_1/20250803T081303Z_20250803T081403Z/KIF_outputs/X_prediction_results.csv
HEF/HE.HEF..HHZ__20250803T081305Z__20250803T081405Z.mseed,HE,HEF,0,0,0,0,2025-08-03 08:13:09.120000,0.857,2025-08-03 08:13:32.090000,0.372,2025-08-03 08:13:05.000000,2025-08-03 08:14:05.000000,eqcct_earthquakes_th0_1/20250803T081305Z_20250803T081405Z/HEF_outputs/X_prediction_results.csv
TOF/HE.TOF..HHE__20250803T081314Z__20250803T081414Z.mseed,HE,TOF,0,0,0,0,2025-08-03 08:13:19.170000,0.469,,,2025-08-03 08:13:14.000000,2025-08-03 08:14:14.000000,eqcct_earthquakes_th0_1/20250803T081314Z_20250803T081414Z/TOF_outputs/X_prediction_results.csv
SGF/FN.SGF..HHE__20250803T081318Z__20250803T081418Z.mseed,FN,SGF,0,0,0,0,2025-08-03 08:13:22.840000,0.67,,,2025-08-03 08:13:18.000000,2025-08-03 08:14:18.000000,eqcct_earthquakes_th0_1/20250803T081318Z_20250803T081418Z/SGF_outputs/X_prediction_results.csv
RNF/FN.RNF..HHZ__20250803T081319Z__20250803T081419Z.mseed,FN,RNF,0,0,0,0,2025-08-03 08:13:23.150000,0.681,2025-08-03 08:13:55.940000,0.121,2025-08-03 08:13:19.000000,2025-08-03 08:14:19.000000,eqcct_earthquakes_th0_1/20250803T081319Z_20250803T081419Z/RNF_outputs/X_prediction_results.csv
VJF/HE.VJF..HHN__20250803T171057Z__20250803T171157Z.mseed,HE,VJF,0,0,0,0,2025-08-03 17:11:02.024000,0.965,2025-08-03 17:11:03.784000,0.905,2025-08-03 17:10:57.000000,2025-08-03 17:11:57.000000,eqcct_earthquakes_th0_1/20250803T171057Z_20250803T171157Z/VJF_outputs/X_prediction_results.csv
FIA0/HE.FIA0..HHN__20250803T171116Z__20250803T171216Z.mseed,HE,FIA0,0,0,0,0,2025-08-03 17:11:20.610000,0.11,,,2025-08-03 17:11:16.000000,2025-08-03 17:12:16.000000,eqcct_earthquakes_th0_1/20250803T171116Z_20250803T171216Z/FIA0_outputs/X_prediction_results.csv
FIA1/HE.FIA1..HHZ__20250803T171116Z__20250803T171216Z.mseed,HE,FIA1,0,0,0,0,2025-08-03 17:11:22.820000,0.114,,,2025-08-03 17:11:16.000000,2025-08-03 17:12:16.000000,eqcct_earthquakes_th0_1/20250803T171116Z_20250803T171216Z/FIA1_outputs/X_prediction_results.csv
RUF/HE.RUF..HHE__20250803T171132Z__20250803T171232Z.mseed,HE,RUF,0,0,0,0,2025-08-03 17:11:36.876000,0.603,2025-08-03 17:11:41.506000,0.286,2025-08-03 17:11:32.000000,2025-08-03 17:12:32.000000,eqcct_earthquakes_th0_1/20250803T171132Z_20250803T171232Z/RUF_outputs/X_prediction_results.csv
MEF/HE.MEF..HHE__20250803T171142Z__20250803T171242Z.mseed,HE,MEF,0,0,0,0,2025-08-03 17:11:46.200000,0.134,,,2025-08-03 17:11:42.000000,2025-08-03 17:12:42.000000,eqcct_earthquakes_th0_1/20250803T171142Z_20250803T171242Z/MEF_outputs/X_prediction_results.csv
RANF/FN.RANF..HHZ__20250804T051119Z__20250804T051219Z.mseed,FN,RANF,0,0,0,0,2025-08-04 05:11:24.100000,0.951,2025-08-04 05:11:28.470000,0.788,2025-08-04 05:11:19.000000,2025-08-04 05:12:19.000000,eqcct_earthquakes_th0_1/20250804T051119Z_20250804T051219Z/RANF_outputs/X_prediction_results.csv
OUL/FN.OUL..HHN__20250804T051125Z__20250804T051225Z.mseed,FN,OUL,0,0,0,0,2025-08-04 05:11:30.780000,0.933,2025-08-04 05:11:39.590000,0.758,2025-08-04 05:11:25.000000,2025-08-04 05:12:25.000000,eqcct_earthquakes_th0_1/20250804T051125Z_20250804T051225Z/OUL_outputs/X_prediction_results.csv
TOF/HE.TOF..HHE__20250804T051128Z__20250804T051228Z.mseed,HE,TOF,0,0,0,0,2025-08-04 05:11:33.860000,0.577,2025-08-04 05:11:45.350000,0.342,2025-08-04 05:11:28.000000,2025-08-04 05:12:28.000000,eqcct_earthquakes_th0_1/20250804T051128Z_20250804T051228Z/TOF_outputs/X_prediction_results.csv
RNF/FN.RNF..HHZ__20250804T051129Z__20250804T051229Z.mseed,FN,RNF,0,0,0,0,2025-08-04 05:11:34.000000,0.428,2025-08-04 05:11:44.980000,0.426,2025-08-04 05:11:29.000000,2025-08-04 05:12:29.000000,eqcct_earthquakes_th0_1/20250804T051129Z_20250804T051229Z/RNF_outputs/X_prediction_results.csv
OBF3/HE.OBF3..HHN__20250804T051134Z__20250804T051234Z.mseed,HE,OBF3,0,0,0,0,2025-08-04 05:11:39.024000,0.831,2025-08-04 05:11:53.794000,0.722,2025-08-04 05:11:34.000000,2025-08-04 05:12:34.000000,eqcct_earthquakes_th0_1/20250804T051134Z_20250804T051234Z/OBF3_outputs/X_prediction_results.csv
OLKF/FN.OLKF..HHZ__20250804T051137Z__20250804T051237Z.mseed,FN,OLKF,0,0,0,0,2025-08-04 05:11:42.820000,0.333,2025-08-04 05:12:00.640000,0.101,2025-08-04 05:11:37.000000,2025-08-04 05:12:37.000000,eqcct_earthquakes_th0_1/20250804T051137Z_20250804T051237Z/OLKF_outputs/X_prediction_results.csv
OBF0/HE.OBF0..HHN__20250804T051140Z__20250804T051240Z.mseed,HE,OBF0,0,0,0,0,2025-08-04 05:11:44.592000,0.52,,,2025-08-04 05:11:40.000000,2025-08-04 05:12:40.000000,eqcct_earthquakes_th0_1/20250804T051140Z_20250804T051240Z/OBF0_outputs/X_prediction_results.csv
KLF/FN.KLF..HHN__20250804T051144Z__20250804T051244Z.mseed,FN,KLF,0,0,0,0,2025-08-04 05:11:48.180000,0.134,2025-08-04 05:12:11.730000,0.147,2025-08-04 05:11:44.000000,2025-08-04 05:12:44.000000,eqcct_earthquakes_th0_1/20250804T051144Z_20250804T051244Z/KLF_outputs/X_prediction_results.csv
KU6/HE.KU6..HHN__20250804T051158Z__20250804T051258Z.mseed,HE,KU6,0,0,0,0,2025-08-04 05:12:02.420000,0.231,,,2025-08-04 05:11:58.000000,2025-08-04 05:12:58.000000,eqcct_earthquakes_th0_1/20250804T051158Z_20250804T051258Z/KU6_outputs/X_prediction_results.csv
KPF/HE.KPF..HHZ__20250806T132423Z__20250806T132523Z.mseed,HE,KPF,0,0,0,0,2025-08-06 13:24:28.476000,0.612,2025-08-06 13:24:54.936000,0.367,2025-08-06 13:24:23.000000,2025-08-06 13:25:23.000000,eqcct_earthquakes_th0_1/20250806T132423Z_20250806T132523Z/KPF_outputs/X_prediction_results.csv
AAL/UP.AAL..HHE__20250806T132424Z__20250806T132524Z.mseed,UP,AAL,0,0,0,0,2025-08-06 13:24:28.320000,0.796,2025-08-06 13:24:57.070000,0.474,2025-08-06 13:24:24.000000,2025-08-06 13:25:24.000000,eqcct_earthquakes_th0_1/20250806T132424Z_20250806T132524Z/AAL_outputs/X_prediction_results.csv
RAF/HE.RAF..HHE__20250806T132425Z__20250806T132525Z.mseed,HE,RAF,0,0,0,0,2025-08-06 13:24:30.270000,0.647,2025-08-06 13:24:57.350000,0.104,2025-08-06 13:24:25.000000,2025-08-06 13:25:25.000000,eqcct_earthquakes_th0_1/20250806T132425Z_20250806T132525Z/RAF_outputs/X_prediction_results.csv
VAF/HE.VAF..HHN__20250806T132431Z__20250806T132531Z.mseed,HE,VAF,0,0,0,0,2025-08-06 13:24:36.060000,0.587,2025-08-06 13:25:07.900000,0.635,2025-08-06 13:24:31.000000,2025-08-06 13:25:31.000000,eqcct_earthquakes_th0_1/20250806T132431Z_20250806T132531Z/VAF_outputs/X_prediction_results.csv
RAF/HE.RAF..HHE__20250811T205830Z__20250811T205930Z.mseed,HE,RAF,0,0,0,0,2025-08-11 20:58:35.480000,0.905,2025-08-11 20:58:38.690000,0.871,2025-08-11 20:58:30.000000,2025-08-11 20:59:30.000000,eqcct_earthquakes_th0_1/20250811T205830Z_20250811T205930Z/RAF_outputs/X_prediction_results.csv
KPF/HE.KPF..HHN__20250811T205840Z__20250811T205940Z.mseed,HE,KPF,0,0,0,0,2025-08-11 20:58:45.720000,0.919,2025-08-11 20:58:55.690000,0.395,2025-08-11 20:58:40.000000,2025-08-11 20:59:40.000000,eqcct_earthquakes_th0_1/20250811T205840Z_20250811T205940Z/KPF_outputs/X_prediction_results.csv
AAL/UP.AAL..HHE__20250811T205847Z__20250811T205947Z.mseed,UP,AAL,0,0,0,0,2025-08-11 20:58:52.000000,0.917,2025-08-11 20:59:07.570000,0.793,2025-08-11 20:58:47.000000,2025-08-11 20:59:47.000000,eqcct_earthquakes_th0_1/20250811T205847Z_20250811T205947Z/AAL_outputs/X_prediction_results.csv
TVF/HE.TVF..HHZ__20250811T205855Z__20250811T205955Z.mseed,HE,TVF,0,0,0,0,2025-08-11 20:59:00.320000,0.81,2025-08-11 20:59:21.090000,0.357,2025-08-11 20:58:55.000000,2025-08-11 20:59:55.000000,eqcct_earthquakes_th0_1/20250811T205855Z_20250811T205955Z/TVF_outputs/X_prediction_results.csv
NUR/HE.NUR..HHN__20250811T205857Z__20250811T205957Z.mseed,HE,NUR,0,0,0,0,2025-08-11 20:59:02.568000,0.825,2025-08-11 20:59:25.518000,0.482,2025-08-11 20:58:57.000000,2025-08-11 20:59:57.000000,eqcct_earthquakes_th0_1/20250811T205857Z_20250811T205957Z/NUR_outputs/X_prediction_results.csv
MEF/HE.MEF..HHN__20250811T205857Z__20250811T205957Z.mseed,HE,MEF,0,0,0,0,2025-08-11 20:59:02.890000,0.813,2025-08-11 20:59:26.100000,0.505,2025-08-11 20:58:57.000000,2025-08-11 20:59:57.000000,eqcct_earthquakes_th0_1/20250811T205857Z_20250811T205957Z/MEF_outputs/X_prediction_results.csv
KUNI/HE.KUNI..HHE__20250811T205901Z__20250811T210001Z.mseed,HE,KUNI,0,0,0,0,2025-08-11 20:59:06.304000,0.795,2025-08-11 20:59:32.254000,0.605,2025-08-11 20:59:01.000000,2025-08-11 21:00:01.000000,eqcct_earthquakes_th0_1/20250811T205901Z_20250811T210001Z/KUNI_outputs/X_prediction_results.csv
HEL5/HE.HEL5..HHE__20250811T205901Z__20250811T210001Z.mseed,HE,HEL5,0,0,0,0,2025-08-11 20:59:06.304000,0.812,2025-08-11 20:59:32.184000,0.2,2025-08-11 20:59:01.000000,2025-08-11 21:00:01.000000,eqcct_earthquakes_th0_1/20250811T205901Z_20250811T210001Z/HEL5_outputs/X_prediction_results.csv
VAF/HE.VAF..HHZ__20250811T205902Z__20250811T210002Z.mseed,HE,VAF,0,0,0,0,2025-08-11 20:59:07.540000,0.9,2025-08-11 20:59:34.240000,0.366,2025-08-11 20:59:02.000000,2025-08-11 21:00:02.000000,eqcct_earthquakes_th0_1/20250811T205902Z_20250811T210002Z/VAF_outputs/X_prediction_results.csv
KEF/HE.KEF..HHN__20250811T205902Z__20250811T210002Z.mseed,HE,KEF,0,0,0,0,2025-08-11 20:59:06.150000,0.648,2025-08-11 20:59:32.340000,0.381,2025-08-11 20:59:02.000000,2025-08-11 21:00:02.000000,eqcct_earthquakes_th0_1/20250811T205902Z_20250811T210002Z/KEF_outputs/X_prediction_results.csv
KU6/HE.KU6..HHN__20250813T060758Z__20250813T060858Z.mseed,HE,KU6,0,0,0,0,2025-08-13 06:08:03.210000,0.961,2025-08-13 06:08:06.220000,0.922,2025-08-13 06:07:58.000000,2025-08-13 06:08:58.000000,eqcct_earthquakes_th0_1/20250813T060758Z_20250813T060858Z/KU6_outputs/X_prediction_results.csv
OLKF/FN.OLKF..HHN__20250813T060800Z__20250813T060900Z.mseed,FN,OLKF,0,0,0,0,2025-08-13 06:08:05.250000,0.85,2025-08-13 06:08:09.460000,0.754,2025-08-13 06:08:00.000000,2025-08-13 06:09:00.000000,eqcct_earthquakes_th0_1/20250813T060800Z_20250813T060900Z/OLKF_outputs/X_prediction_results.csv
MSF/FN.MSF..HHZ__20250813T060806Z__20250813T060906Z.mseed,FN,MSF,0,0,0,0,2025-08-13 06:08:11.390000,0.44,,,2025-08-13 06:08:06.000000,2025-08-13 06:09:06.000000,eqcct_earthquakes_th0_1/20250813T060806Z_20250813T060906Z/MSF_outputs/X_prediction_results.csv
RUF/HE.RUF..HHZ__20250813T104011Z__20250813T104111Z.mseed,HE,RUF,0,0,0,0,2025-08-13 10:40:16.456000,0.954,2025-08-13 10:40:20.726000,0.831,2025-08-13 10:40:11.000000,2025-08-13 10:41:11.000000,eqcct_earthquakes_th0_1/20250813T104011Z_20250813T104111Z/RUF_outputs/X_prediction_results.csv
VJF/HE.VJF..HHN__20250813T104019Z__20250813T104119Z.mseed,HE,VJF,0,0,0,0,2025-08-13 10:40:24.472000,0.943,,,2025-08-13 10:40:19.000000,2025-08-13 10:41:19.000000,eqcct_earthquakes_th0_1/20250813T104019Z_20250813T104119Z/VJF_outputs/X_prediction_results.csv
FIA0/HE.FIA0..HHZ__20250813T104028Z__20250813T104128Z.mseed,HE,FIA0,0,0,0,0,2025-08-13 10:40:33.050000,0.873,,,2025-08-13 10:40:28.000000,2025-08-13 10:41:28.000000,eqcct_earthquakes_th0_1/20250813T104028Z_20250813T104128Z/FIA0_outputs/X_prediction_results.csv
FIA1/HE.FIA1..HHZ__20250813T104028Z__20250813T104128Z.mseed,HE,FIA1,0,0,0,0,2025-08-13 10:40:33.080000,0.585,,,2025-08-13 10:40:28.000000,2025-08-13 10:41:28.000000,eqcct_earthquakes_th0_1/20250813T104028Z_20250813T104128Z/FIA1_outputs/X_prediction_results.csv
KAF/HE.KAF..HHZ__20250813T104032Z__20250813T104132Z.mseed,HE,KAF,0,0,0,0,2025-08-13 10:40:37.510000,0.816,,,2025-08-13 10:40:32.000000,2025-08-13 10:41:32.000000,eqcct_earthquakes_th0_1/20250813T104032Z_20250813T104132Z/KAF_outputs/X_prediction_results.csv
SUF/HE.SUF..HHN__20250813T104041Z__20250813T104141Z.mseed,HE,SUF,0,0,0,0,2025-08-13 10:40:46.128000,0.761,,,2025-08-13 10:40:41.000000,2025-08-13 10:41:41.000000,eqcct_earthquakes_th0_1/20250813T104041Z_20250813T104141Z/SUF_outputs/X_prediction_results.csv
VJF/HE.VJF..HHZ__20250813T150631Z__20250813T150731Z.mseed,HE,VJF,0,0,0,0,2025-08-13 15:06:36.632000,0.858,2025-08-13 15:06:42.292000,0.688,2025-08-13 15:06:31.000000,2025-08-13 15:07:31.000000,eqcct_earthquakes_th0_1/20250813T150631Z_20250813T150731Z/VJF_outputs/X_prediction_results.csv
FIA0/HE.FIA0..HHZ__20250813T150637Z__20250813T150737Z.mseed,HE,FIA0,0,0,0,0,2025-08-13 15:06:42.370000,0.837,2025-08-13 15:06:52.590000,0.8,2025-08-13 15:06:37.000000,2025-08-13 15:07:37.000000,eqcct_earthquakes_th0_1/20250813T150637Z_20250813T150737Z/FIA0_outputs/X_prediction_results.csv
FIA1/HE.FIA1..HHE__20250813T150637Z__20250813T150737Z.mseed,HE,FIA1,0,0,0,0,2025-08-13 15:06:42.460000,0.9,2025-08-13 15:06:52.580000,0.79,2025-08-13 15:06:37.000000,2025-08-13 15:07:37.000000,eqcct_earthquakes_th0_1/20250813T150637Z_20250813T150737Z/FIA1_outputs/X_prediction_results.csv
RUF/HE.RUF..HHN__20250813T150644Z__20250813T150744Z.mseed,HE,RUF,0,0,0,0,2025-08-13 15:06:49.196000,0.861,2025-08-13 15:07:03.896000,0.738,2025-08-13 15:06:44.000000,2025-08-13 15:07:44.000000,eqcct_earthquakes_th0_1/20250813T150644Z_20250813T150744Z/RUF_outputs/X_prediction_results.csv
KUNI/HE.KUNI..HHZ__20250813T150644Z__20250813T150744Z.mseed,HE,KUNI,0,0,0,0,2025-08-13 15:06:48.916000,0.248,,,2025-08-13 15:06:44.000000,2025-08-13 15:07:44.000000,eqcct_earthquakes_th0_1/20250813T150644Z_20250813T150744Z/KUNI_outputs/X_prediction_results.csv
NUR/HE.NUR..HHZ__20250813T150645Z__20250813T150745Z.mseed,HE,NUR,0,0,0,0,2025-08-13 15:06:50.324000,0.589,,,2025-08-13 15:06:45.000000,2025-08-13 15:07:45.000000,eqcct_earthquakes_th0_1/20250813T150645Z_20250813T150745Z/NUR_outputs/X_prediction_results.csv
MEF/HE.MEF..HHZ__20250813T150648Z__20250813T150748Z.mseed,HE,MEF,0,0,0,0,2025-08-13 15:06:53.840000,0.854,2025-08-13 15:07:13.030000,0.484,2025-08-13 15:06:48.000000,2025-08-13 15:07:48.000000,eqcct_earthquakes_th0_1/20250813T150648Z_20250813T150748Z/MEF_outputs/X_prediction_results.csv
KEF/HE.KEF..HHZ__20250813T150653Z__20250813T150753Z.mseed,HE,KEF,0,0,0,0,2025-08-13 15:06:57.790000,0.824,2025-08-13 15:07:21.250000,0.414,2025-08-13 15:06:53.000000,2025-08-13 15:07:53.000000,eqcct_earthquakes_th0_1/20250813T150653Z_20250813T150753Z/KEF_outputs/X_prediction_results.csv
HEL1/HE.HEL1..HHE__20250813T150701Z__20250813T150801Z.mseed,HE,HEL1,0,0,0,0,2025-08-13 15:07:06.540000,0.5,2025-08-13 15:07:12.110000,0.259,2025-08-13 15:07:01.000000,2025-08-13 15:08:01.000000,eqcct_earthquakes_th0_1/20250813T150701Z_20250813T150801Z/HEL1_outputs/X_prediction_results.csv
LAUT/HE.LAUT..HHN__20250813T150702Z__20250813T150802Z.mseed,HE,LAUT,0,0,0,0,2025-08-13 15:07:07.612000,0.741,2025-08-13 15:07:12.712000,0.483,2025-08-13 15:07:02.000000,2025-08-13 15:08:02.000000,eqcct_earthquakes_th0_1/20250813T150702Z_20250813T150802Z/LAUT_outputs/X_prediction_results.csv
KAF/HE.KAF..HHN__20250813T150704Z__20250813T150804Z.mseed,HE,KAF,0,0,0,0,2025-08-13 15:07:10.110000,0.592,2025-08-13 15:07:10.090000,0.85,2025-08-13 15:07:04.000000,2025-08-13 15:08:04.000000,eqcct_earthquakes_th0_1/20250813T150704Z_20250813T150804Z/KAF_outputs/X_prediction_results.csv
SUF/HE.SUF..HHZ__20250813T150722Z__20250813T150822Z.mseed,HE,SUF,0,0,0,0,2025-08-13 15:07:26.226000,0.484,2025-08-13 15:07:28.386000,0.647,2025-08-13 15:07:22.000000,2025-08-13 15:08:22.000000,eqcct_earthquakes_th0_1/20250813T150722Z_20250813T150822Z/SUF_outputs/X_prediction_results.csv
TVF/HE.TVF..HHE__20250813T150727Z__20250813T150827Z.mseed,HE,TVF,0,0,0,0,2025-08-13 15:07:31.360000,0.158,2025-08-13 15:07:34.770000,0.225,2025-08-13 15:07:27.000000,2025-08-13 15:08:27.000000,eqcct_earthquakes_th0_1/20250813T150727Z_20250813T150827Z/TVF_outputs/X_prediction_results.csv
RAF/HE.RAF..HHN__20250813T150741Z__20250813T150841Z.mseed,HE,RAF,0,0,0,0,2025-08-13 15:07:46.730000,0.552,,,2025-08-13 15:07:41.000000,2025-08-13 15:08:41.000000,eqcct_earthquakes_th0_1/20250813T150741Z_20250813T150841Z/RAF_outputs/X_prediction_results.csv
KPF/HE.KPF..HHZ__20250813T150742Z__20250813T150842Z.mseed,HE,KPF,0,0,0,0,2025-08-13 15:07:46.410000,0.121,,,2025-08-13 15:07:42.000000,2025-08-13 15:08:42.000000,eqcct_earthquakes_th0_1/20250813T150742Z_20250813T150842Z/KPF_outputs/X_prediction_results.csv
VJF/HE.VJF..HHN__20250813T151834Z__20250813T151934Z.mseed,HE,VJF,0,0,0,0,2025-08-13 15:18:39.780000,0.902,2025-08-13 15:18:45.450000,0.711,2025-08-13 15:18:34.000000,2025-08-13 15:19:34.000000,eqcct_earthquakes_th0_1/20250813T151834Z_20250813T151934Z/VJF_outputs/X_prediction_results.csv
FIA0/HE.FIA0..HHE__20250813T151840Z__20250813T151940Z.mseed,HE,FIA0,0,0,0,0,2025-08-13 15:18:45.500000,0.935,2025-08-13 15:18:55.780000,0.799,2025-08-13 15:18:40.000000,2025-08-13 15:19:40.000000,eqcct_earthquakes_th0_1/20250813T151840Z_20250813T151940Z/FIA0_outputs/X_prediction_results.csv
FIA1/HE.FIA1..HHZ__20250813T151840Z__20250813T151940Z.mseed,HE,FIA1,0,0,0,0,2025-08-13 15:18:45.580000,0.886,2025-08-13 15:18:55.790000,0.741,2025-08-13 15:18:40.000000,2025-08-13 15:19:40.000000,eqcct_earthquakes_th0_1/20250813T151840Z_20250813T151940Z/FIA1_outputs/X_prediction_results.csv
KAF/HE.KAF..HHN__20250813T151907Z__20250813T152007Z.mseed,HE,KAF,0,0,0,0,2025-08-13 15:19:13.460000,0.456,,,2025-08-13 15:19:07.000000,2025-08-13 15:20:07.000000,eqcct_earthquakes_th0_1/20250813T151907Z_20250813T152007Z/KAF_outputs/X_prediction_results.csv
KEF/HE.KEF..HHE__20250813T151918Z__20250813T152018Z.mseed,HE,KEF,0,0,0,0,2025-08-13 15:19:22.810000,0.504,2025-08-13 15:19:24.500000,0.742,2025-08-13 15:19:18.000000,2025-08-13 15:20:18.000000,eqcct_earthquakes_th0_1/20250813T151918Z_20250813T152018Z/KEF_outputs/X_prediction_results.csv
SUF/HE.SUF..HHN__20250813T151926Z__20250813T152026Z.mseed,HE,SUF,0,0,0,0,2025-08-13 15:19:30.178000,0.408,,,2025-08-13 15:19:26.000000,2025-08-13 15:20:26.000000,eqcct_earthquakes_th0_1/20250813T151926Z_20250813T152026Z/SUF_outputs/X_prediction_results.csv
VJF/HE.VJF..HHE__20250813T152224Z__20250813T152324Z.mseed,HE,VJF,0,0,0,0,2025-08-13 15:22:29.916000,0.877,2025-08-13 15:22:35.606000,0.77,2025-08-13 15:22:24.000000,2025-08-13 15:23:24.000000,eqcct_earthquakes_th0_1/20250813T152224Z_20250813T152324Z/VJF_outputs/X_prediction_results.csv
FIA0/HE.FIA0..HHE__20250813T152230Z__20250813T152330Z.mseed,HE,FIA0,0,0,0,0,2025-08-13 15:22:35.720000,0.898,2025-08-13 15:22:45.940000,0.819,2025-08-13 15:22:30.000000,2025-08-13 15:23:30.000000,eqcct_earthquakes_th0_1/20250813T152230Z_20250813T152330Z/FIA0_outputs/X_prediction_results.csv
FIA1/HE.FIA1..HHZ__20250813T152230Z__20250813T152330Z.mseed,HE,FIA1,0,0,0,0,2025-08-13 15:22:35.710000,0.89,2025-08-13 15:22:45.940000,0.79,2025-08-13 15:22:30.000000,2025-08-13 15:23:30.000000,eqcct_earthquakes_th0_1/20250813T152230Z_20250813T152330Z/FIA1_outputs/X_prediction_results.csv
RUF/HE.RUF..HHZ__20250813T152237Z__20250813T152337Z.mseed,HE,RUF,0,0,0,0,2025-08-13 15:22:42.528000,0.924,2025-08-13 15:22:57.218000,0.537,2025-08-13 15:22:37.000000,2025-08-13 15:23:37.000000,eqcct_earthquakes_th0_1/20250813T152237Z_20250813T152337Z/RUF_outputs/X_prediction_results.csv
NUR/HE.NUR..HHZ__20250813T152238Z__20250813T152338Z.mseed,HE,NUR,0,0,0,0,2025-08-13 15:22:43.700000,0.867,2025-08-13 15:22:59.050000,0.391,2025-08-13 15:22:38.000000,2025-08-13 15:23:38.000000,eqcct_earthquakes_th0_1/20250813T152238Z_20250813T152338Z/NUR_outputs/X_prediction_results.csv
HEL5/HE.HEL5..HHZ__20250813T152240Z__20250813T152340Z.mseed,HE,HEL5,0,0,0,0,2025-08-13 15:22:44.784000,0.854,,,2025-08-13 15:22:40.000000,2025-08-13 15:23:40.000000,eqcct_earthquakes_th0_1/20250813T152240Z_20250813T152340Z/HEL5_outputs/X_prediction_results.csv
KEF/HE.KEF..HHE__20250813T152247Z__20250813T152347Z.mseed,HE,KEF,0,0,0,0,2025-08-13 15:22:52.030000,0.89,2025-08-13 15:23:14.580000,0.454,2025-08-13 15:22:47.000000,2025-08-13 15:23:47.000000,eqcct_earthquakes_th0_1/20250813T152247Z_20250813T152347Z/KEF_outputs/X_prediction_results.csv
KAF/HE.KAF..HHE__20250813T152257Z__20250813T152357Z.mseed,HE,KAF,0,0,0,0,2025-08-13 15:23:02.010000,0.2,2025-08-13 15:23:03.450000,0.78,2025-08-13 15:22:57.000000,2025-08-13 15:23:57.000000,eqcct_earthquakes_th0_1/20250813T152257Z_20250813T152357Z/KAF_outputs/X_prediction_results.csv
RAF/HE.RAF..HHZ__20250813T152300Z__20250813T152400Z.mseed,HE,RAF,0,0,0,0,2025-08-13 15:23:04.940000,0.41,2025-08-13 15:23:39.500000,0.306,2025-08-13 15:23:00.000000,2025-08-13 15:24:00.000000,eqcct_earthquakes_th0_1/20250813T152300Z_20250813T152400Z/RAF_outputs/X_prediction_results.csv
KPF/HE.KPF..HHE__20250813T152301Z__20250813T152401Z.mseed,HE,KPF,0,0,0,0,2025-08-13 15:23:05.472000,0.135,,,2025-08-13 15:23:01.000000,2025-08-13 15:24:01.000000,eqcct_earthquakes_th0_1/20250813T152301Z_20250813T152401Z/KPF_outputs/X_prediction_results.csv
SUF/HE.SUF..HHZ__20250813T152316Z__20250813T152416Z.mseed,HE,SUF,0,0,0,0,2025-08-13 15:23:21.644000,0.651,2025-08-13 15:23:21.654000,0.711,2025-08-13 15:23:16.000000,2025-08-13 15:24:16.000000,eqcct_earthquakes_th0_1/20250813T152316Z_20250813T152416Z/SUF_outputs/X_prediction_results.csv
TVF/HE.TVF..HHE__20250813T152321Z__20250813T152421Z.mseed,HE,TVF,0,0,0,0,2025-08-13 15:23:25.506000,0.603,,,2025-08-13 15:23:21.000000,2025-08-13 15:24:21.000000,eqcct_earthquakes_th0_1/20250813T152321Z_20250813T152421Z/TVF_outputs/X_prediction_results.csv
NIF/HE.NIF..HHZ__20250813T152334Z__20250813T152434Z.mseed,HE,NIF,0,0,0,0,2025-08-13 15:23:38.660000,0.498,,,2025-08-13 15:23:34.000000,2025-08-13 15:24:34.000000,eqcct_earthquakes_th0_1/20250813T152334Z_20250813T152434Z/NIF_outputs/X_prediction_results.csv
VJF/HE.VJF..HHZ__20250813T152543Z__20250813T152643Z.mseed,HE,VJF,0,0,0,0,2025-08-13 15:25:48.568000,0.819,2025-08-13 15:25:54.258000,0.678,2025-08-13 15:25:43.000000,2025-08-13 15:26:43.000000,eqcct_earthquakes_th0_1/20250813T152543Z_20250813T152643Z/VJF_outputs/X_prediction_results.csv
FIA0/HE.FIA0..HHE__20250813T152549Z__20250813T152649Z.mseed,HE,FIA0,0,0,0,0,2025-08-13 15:25:54.180000,0.855,2025-08-13 15:26:04.500000,0.774,2025-08-13 15:25:49.000000,2025-08-13 15:26:49.000000,eqcct_earthquakes_th0_1/20250813T152549Z_20250813T152649Z/FIA0_outputs/X_prediction_results.csv
FIA1/HE.FIA1..HHN__20250813T152549Z__20250813T152649Z.mseed,HE,FIA1,0,0,0,0,2025-08-13 15:25:54.320000,0.862,2025-08-13 15:26:04.550000,0.79,2025-08-13 15:25:49.000000,2025-08-13 15:26:49.000000,eqcct_earthquakes_th0_1/20250813T152549Z_20250813T152649Z/FIA1_outputs/X_prediction_results.csv
OBF0/HE.OBF0..HHE__20250817T031519Z__20250817T031619Z.mseed,HE,OBF0,0,0,0,0,2025-08-17 03:15:24.286000,0.488,2025-08-17 03:15:42.706000,0.783,2025-08-17 03:15:19.000000,2025-08-17 03:16:19.000000,eqcct_earthquakes_th0_1/20250817T031519Z_20250817T031619Z/OBF0_outputs/X_prediction_results.csv
OBF3/HE.OBF3..HHE__20250817T031520Z__20250817T031620Z.mseed,HE,OBF3,0,0,0,0,2025-08-17 03:15:25.704000,0.936,2025-08-17 03:15:45.424000,0.708,2025-08-17 03:15:20.000000,2025-08-17 03:16:20.000000,eqcct_earthquakes_th0_1/20250817T031520Z_20250817T031620Z/OBF3_outputs/X_prediction_results.csv
TOF/HE.TOF..HHE__20250817T031522Z__20250817T031622Z.mseed,HE,TOF,0,0,0,0,2025-08-17 03:15:27.570000,0.936,2025-08-17 03:15:48.670000,0.741,2025-08-17 03:15:22.000000,2025-08-17 03:16:22.000000,eqcct_earthquakes_th0_1/20250817T031522Z_20250817T031622Z/TOF_outputs/X_prediction_results.csv
OUL/FN.OUL..HHZ__20250817T031526Z__20250817T031626Z.mseed,FN,OUL,0,0,0,0,2025-08-17 03:15:31.880000,0.924,,,2025-08-17 03:15:26.000000,2025-08-17 03:16:26.000000,eqcct_earthquakes_th0_1/20250817T031526Z_20250817T031626Z/OUL_outputs/X_prediction_results.csv
VAF/HE.VAF..HHN__20250817T031530Z__20250817T031630Z.mseed,HE,VAF,0,0,0,0,2025-08-17 03:15:35.670000,0.627,2025-08-17 03:16:01.200000,0.25,2025-08-17 03:15:30.000000,2025-08-17 03:16:30.000000,eqcct_earthquakes_th0_1/20250817T031530Z_20250817T031630Z/VAF_outputs/X_prediction_results.csv
OBF8/HE.OBF8..HHE__20250817T031532Z__20250817T031632Z.mseed,HE,OBF8,0,0,0,0,2025-08-17 03:15:36.570000,0.326,2025-08-17 03:15:37.800000,0.715,2025-08-17 03:15:32.000000,2025-08-17 03:16:32.000000,eqcct_earthquakes_th0_1/20250817T031532Z_20250817T031632Z/OBF8_outputs/X_prediction_results.csv
RANF/FN.RANF..HHN__20250817T031533Z__20250817T031633Z.mseed,FN,RANF,0,0,0,0,2025-08-17 03:15:38.550000,0.853,,,2025-08-17 03:15:33.000000,2025-08-17 03:16:33.000000,eqcct_earthquakes_th0_1/20250817T031533Z_20250817T031633Z/RANF_outputs/X_prediction_results.csv
KLF/FN.KLF..HHE__20250817T031533Z__20250817T031633Z.mseed,FN,KLF,0,0,0,0,2025-08-17 03:15:38.370000,0.716,2025-08-17 03:16:07.310000,0.327,2025-08-17 03:15:33.000000,2025-08-17 03:16:33.000000,eqcct_earthquakes_th0_1/20250817T031533Z_20250817T031633Z/KLF_outputs/X_prediction_results.csv
OUF/HE.OUF..HHE__20250817T031544Z__20250817T031644Z.mseed,HE,OUF,0,0,0,0,2025-08-17 03:15:48.950000,0.256,,,2025-08-17 03:15:44.000000,2025-08-17 03:16:44.000000,eqcct_earthquakes_th0_1/20250817T031544Z_20250817T031644Z/OUF_outputs/X_prediction_results.csv
SUF/HE.SUF..HHE__20250817T031545Z__20250817T031645Z.mseed,HE,SUF,0,0,0,0,2025-08-17 03:15:49.096000,0.675,2025-08-17 03:16:26.466000,0.574,2025-08-17 03:15:45.000000,2025-08-17 03:16:45.000000,eqcct_earthquakes_th0_1/20250817T031545Z_20250817T031645Z/SUF_outputs/X_prediction_results.csv
NIF/HE.NIF..HHE__20250817T031546Z__20250817T031646Z.mseed,HE,NIF,0,0,0,0,2025-08-17 03:15:50.192000,0.44,2025-08-17 03:15:59.312000,0.227,2025-08-17 03:15:46.000000,2025-08-17 03:16:46.000000,eqcct_earthquakes_th0_1/20250817T031546Z_20250817T031646Z/NIF_outputs/X_prediction_results.csv
KEF/HE.KEF..HHZ__20250817T031546Z__20250817T031646Z.mseed,HE,KEF,0,0,0,0,2025-08-17 03:15:51.930000,0.864,2025-08-17 03:16:29.520000,0.189,2025-08-17 03:15:46.000000,2025-08-17 03:16:46.000000,eqcct_earthquakes_th0_1/20250817T031546Z_20250817T031646Z/KEF_outputs/X_prediction_results.csv
KPF/HE.KPF..HHN__20250817T031546Z__20250817T031646Z.mseed,HE,KPF,0,0,0,0,2025-08-17 03:15:51.504000,0.753,2025-08-17 03:16:29.334000,0.386,2025-08-17 03:15:46.000000,2025-08-17 03:16:46.000000,eqcct_earthquakes_th0_1/20250817T031546Z_20250817T031646Z/KPF_outputs/X_prediction_results.csv
RNF/FN.RNF..HHE__20250817T031608Z__20250817T031708Z.mseed,FN,RNF,0,0,0,0,2025-08-17 03:16:10.090000,0.399,2025-08-17 03:16:20.180000,0.413,2025-08-17 03:16:08.000000,2025-08-17 03:17:08.000000,eqcct_earthquakes_th0_1/20250817T031608Z_20250817T031708Z/RNF_outputs/X_prediction_results.csv
SGF/FN.SGF..HHN__20250817T031619Z__20250817T031719Z.mseed,FN,SGF,0,0,0,0,2025-08-17 03:16:23.350000,0.58,2025-08-17 03:16:34.350000,0.519,2025-08-17 03:16:19.000000,2025-08-17 03:17:19.000000,eqcct_earthquakes_th0_1/20250817T031619Z_20250817T031719Z/SGF_outputs/X_prediction_results.csv
MSF/FN.MSF..HHN__20250817T031624Z__20250817T031724Z.mseed,FN,MSF,0,0,0,0,2025-08-17 03:16:29.170000,0.4,,,2025-08-17 03:16:24.000000,2025-08-17 03:17:24.000000,eqcct_earthquakes_th0_1/20250817T031624Z_20250817T031724Z/MSF_outputs/X_prediction_results.csv
HEF/HE.HEF..HHE__20250817T031625Z__20250817T031725Z.mseed,HE,HEF,0,0,0,0,2025-08-17 03:16:29.900000,0.387,2025-08-17 03:16:46.060000,0.489,2025-08-17 03:16:25.000000,2025-08-17 03:17:25.000000,eqcct_earthquakes_th0_1/20250817T031625Z_20250817T031725Z/HEF_outputs/X_prediction_results.csv
KU6/HE.KU6..HHZ__20250817T031632Z__20250817T031732Z.mseed,HE,KU6,0,0,0,0,2025-08-17 03:16:36.250000,0.732,,,2025-08-17 03:16:32.000000,2025-08-17 03:17:32.000000,eqcct_earthquakes_th0_1/20250817T031632Z_20250817T031732Z/KU6_outputs/X_prediction_results.csv
KAF/HE.KAF..HHN__20250817T031633Z__20250817T031733Z.mseed,HE,KAF,0,0,0,0,2025-08-17 03:16:37.950000,0.495,2025-08-17 03:16:54.270000,0.275,2025-08-17 03:16:33.000000,2025-08-17 03:17:33.000000,eqcct_earthquakes_th0_1/20250817T031633Z_20250817T031733Z/KAF_outputs/X_prediction_results.csv
RMF/HE.RMF..HHE__20250817T031635Z__20250817T031735Z.mseed,HE,RMF,0,0,0,0,2025-08-17 03:16:39.392000,0.196,2025-08-17 03:16:40.962000,0.632,2025-08-17 03:16:35.000000,2025-08-17 03:17:35.000000,eqcct_earthquakes_th0_1/20250817T031635Z_20250817T031735Z/RMF_outputs/X_prediction_results.csv
FIA1/HE.FIA1..HHE__20250817T031645Z__20250817T031745Z.mseed,HE,FIA1,0,0,0,0,2025-08-17 03:16:49.450000,0.543,2025-08-17 03:17:10.340000,0.251,2025-08-17 03:16:45.000000,2025-08-17 03:17:45.000000,eqcct_earthquakes_th0_1/20250817T031645Z_20250817T031745Z/FIA1_outputs/X_prediction_results.csv
KMNF/FN.KMNF..HHE__20250817T031654Z__20250817T031754Z.mseed,FN,KMNF,0,0,0,0,2025-08-17 03:16:58.100000,0.183,,,2025-08-17 03:16:54.000000,2025-08-17 03:17:54.000000,eqcct_earthquakes_th0_1/20250817T031654Z_20250817T031754Z/KMNF_outputs/X_prediction_results.csv
JOF/HE.JOF..HHZ__20250817T031701Z__20250817T031801Z.mseed,HE,JOF,0,0,0,0,2025-08-17 03:17:05.590000,0.363,,,2025-08-17 03:17:01.000000,2025-08-17 03:18:01.000000,eqcct_earthquakes_th0_1/20250817T031701Z_20250817T031801Z/JOF_outputs/X_prediction_results.csv
AAL/UP.AAL..HHN__20250817T045843Z__20250817T045943Z.mseed,UP,AAL,0,0,0,0,2025-08-17 04:58:48.020000,0.122,,,2025-08-17 04:58:43.000000,2025-08-17 04:59:43.000000,eqcct_earthquakes_th0_1/20250817T045843Z_20250817T045943Z/AAL_outputs/X_prediction_results.csv
TVF/HE.TVF..HHN__20250817T045843Z__20250817T045943Z.mseed,HE,TVF,0,0,0,0,2025-08-17 04:58:47.604000,0.678,,,2025-08-17 04:58:43.000000,2025-08-17 04:59:43.000000,eqcct_earthquakes_th0_1/20250817T045843Z_20250817T045943Z/TVF_outputs/X_prediction_results.csv
RAF/HE.RAF..HHZ__20250817T045845Z__20250817T045945Z.mseed,HE,RAF,0,0,0,0,2025-08-17 04:58:50.050000,0.807,,,2025-08-17 04:58:45.000000,2025-08-17 04:59:45.000000,eqcct_earthquakes_th0_1/20250817T045845Z_20250817T045945Z/RAF_outputs/X_prediction_results.csv
MEF/HE.MEF..HHZ__20250817T045852Z__20250817T045952Z.mseed,HE,MEF,0,0,0,0,2025-08-17 04:58:56.960000,0.507,,,2025-08-17 04:58:52.000000,2025-08-17 04:59:52.000000,eqcct_earthquakes_th0_1/20250817T045852Z_20250817T045952Z/MEF_outputs/X_prediction_results.csv
NUR/HE.NUR..HHZ__20250817T045855Z__20250817T045955Z.mseed,HE,NUR,0,0,0,0,2025-08-17 04:58:59.888000,0.719,,,2025-08-17 04:58:55.000000,2025-08-17 04:59:55.000000,eqcct_earthquakes_th0_1/20250817T045855Z_20250817T045955Z/NUR_outputs/X_prediction_results.csv
KPF/HE.KPF..HHN__20250817T045859Z__20250817T045959Z.mseed,HE,KPF,0,0,0,0,2025-08-17 04:59:04.728000,0.779,2025-08-17 04:59:29.048000,0.147,2025-08-17 04:58:59.000000,2025-08-17 04:59:59.000000,eqcct_earthquakes_th0_1/20250817T045859Z_20250817T045959Z/KPF_outputs/X_prediction_results.csv
LAUT/HE.LAUT..HHE__20250817T045918Z__20250817T050018Z.mseed,HE,LAUT,0,0,0,0,2025-08-17 04:59:22.972000,0.35,,,2025-08-17 04:59:18.000000,2025-08-17 05:00:18.000000,eqcct_earthquakes_th0_1/20250817T045918Z_20250817T050018Z/LAUT_outputs/X_prediction_results.csv
FIA0/HE.FIA0..HHN__20250817T045945Z__20250817T050045Z.mseed,HE,FIA0,0,0,0,0,2025-08-17 04:59:49.690000,0.268,,,2025-08-17 04:59:45.000000,2025-08-17 05:00:45.000000,eqcct_earthquakes_th0_1/20250817T045945Z_20250817T050045Z/FIA0_outputs/X_prediction_results.csv
FIA1/HE.FIA1..HHN__20250817T045945Z__20250817T050045Z.mseed,HE,FIA1,0,0,0,0,2025-08-17 04:59:49.830000,0.343,,,2025-08-17 04:59:45.000000,2025-08-17 05:00:45.000000,eqcct_earthquakes_th0_1/20250817T045945Z_20250817T050045Z/FIA1_outputs/X_prediction_results.csv
KEF/HE.KEF..HHZ__20250817T045946Z__20250817T050046Z.mseed,HE,KEF,0,0,0,0,2025-08-17 04:59:50.910000,0.16,,,2025-08-17 04:59:46.000000,2025-08-17 05:00:46.000000,eqcct_earthquakes_th0_1/20250817T045946Z_20250817T050046Z/KEF_outputs/X_prediction_results.csv
MSF/FN.MSF..HHE__20250818T080602Z__20250818T080702Z.mseed,FN,MSF,0,0,0,0,2025-08-18 08:06:07.940000,0.964,2025-08-18 08:06:11.720000,0.902,2025-08-18 08:06:02.000000,2025-08-18 08:07:02.000000,eqcct_earthquakes_th0_1/20250818T080602Z_20250818T080702Z/MSF_outputs/X_prediction_results.csv
KU6/HE.KU6..HHN__20250818T080604Z__20250818T080704Z.mseed,HE,KU6,0,0,0,0,2025-08-18 08:06:09.850000,0.947,2025-08-18 08:06:15.020000,0.844,2025-08-18 08:06:04.000000,2025-08-18 08:07:04.000000,eqcct_earthquakes_th0_1/20250818T080604Z_20250818T080704Z/KU6_outputs/X_prediction_results.csv
OLKF/FN.OLKF..HHN__20250818T080608Z__20250818T080708Z.mseed,FN,OLKF,0,0,0,0,2025-08-18 08:06:13.150000,0.896,2025-08-18 08:06:20.700000,0.682,2025-08-18 08:06:08.000000,2025-08-18 08:07:08.000000,eqcct_earthquakes_th0_1/20250818T080608Z_20250818T080708Z/OLKF_outputs/X_prediction_results.csv
RANF/FN.RANF..HHN__20250818T080617Z__20250818T080717Z.mseed,FN,RANF,0,0,0,0,2025-08-18 08:06:21.050000,0.886,2025-08-18 08:06:35.720000,0.547,2025-08-18 08:06:17.000000,2025-08-18 08:07:17.000000,eqcct_earthquakes_th0_1/20250818T080617Z_20250818T080717Z/RANF_outputs/X_prediction_results.csv
TVF/HE.TVF..HHZ__20250818T201307Z__20250818T201407Z.mseed,HE,TVF,0,0,0,0,2025-08-18 20:13:12.860000,0.949,2025-08-18 20:13:14.730000,0.834,2025-08-18 20:13:07.000000,2025-08-18 20:14:07.000000,eqcct_earthquakes_th0_1/20250818T201307Z_20250818T201407Z/TVF_outputs/X_prediction_results.csv
MEF/HE.MEF..HHZ__20250818T201319Z__20250818T201419Z.mseed,HE,MEF,0,0,0,0,2025-08-18 20:13:24.290000,0.92,2025-08-18 20:13:33.880000,0.204,2025-08-18 20:13:19.000000,2025-08-18 20:14:19.000000,eqcct_earthquakes_th0_1/20250818T201319Z_20250818T201419Z/MEF_outputs/X_prediction_results.csv
HEL5/HE.HEL5..HHE__20250818T201321Z__20250818T201421Z.mseed,HE,HEL5,0,0,0,0,2025-08-18 20:13:26.772000,0.936,2025-08-18 20:13:37.982000,0.331,2025-08-18 20:13:21.000000,2025-08-18 20:14:21.000000,eqcct_earthquakes_th0_1/20250818T201321Z_20250818T201421Z/HEL5_outputs/X_prediction_results.csv
NUR/HE.NUR..HHE__20250818T201323Z__20250818T201423Z.mseed,HE,NUR,0,0,0,0,2025-08-18 20:13:28.796000,0.899,2025-08-18 20:13:42.506000,0.709,2025-08-18 20:13:23.000000,2025-08-18 20:14:23.000000,eqcct_earthquakes_th0_1/20250818T201323Z_20250818T201423Z/NUR_outputs/X_prediction_results.csv
RAF/HE.RAF..HHZ__20250818T201328Z__20250818T201428Z.mseed,HE,RAF,0,0,0,0,2025-08-18 20:13:33.700000,0.929,,,2025-08-18 20:13:28.000000,2025-08-18 20:14:28.000000,eqcct_earthquakes_th0_1/20250818T201328Z_20250818T201428Z/RAF_outputs/X_prediction_results.csv
AAL/UP.AAL..HHZ__20250818T201333Z__20250818T201433Z.mseed,UP,AAL,0,0,0,0,2025-08-18 20:13:38.450000,0.626,2025-08-18 20:14:02.090000,0.57,2025-08-18 20:13:33.000000,2025-08-18 20:14:33.000000,eqcct_earthquakes_th0_1/20250818T201333Z_20250818T201433Z/AAL_outputs/X_prediction_results.csv
KPF/HE.KPF..HHZ__20250818T201341Z__20250818T201441Z.mseed,HE,KPF,0,0,0,0,2025-08-18 20:13:46.224000,0.87,,,2025-08-18 20:13:41.000000,2025-08-18 20:14:41.000000,eqcct_earthquakes_th0_1/20250818T201341Z_20250818T201441Z/KPF_outputs/X_prediction_results.csv
FIA0/HE.FIA0..HHN__20250818T201343Z__20250818T201443Z.mseed,HE,FIA0,0,0,0,0,2025-08-18 20:13:47.180000,0.292,,,2025-08-18 20:13:43.000000,2025-08-18 20:14:43.000000,eqcct_earthquakes_th0_1/20250818T201343Z_20250818T201443Z/FIA0_outputs/X_prediction_results.csv
FIA1/HE.FIA1..HHE__20250818T201343Z__20250818T201443Z.mseed,HE,FIA1,0,0,0,0,2025-08-18 20:13:47.140000,0.522,,,2025-08-18 20:13:43.000000,2025-08-18 20:14:43.000000,eqcct_earthquakes_th0_1/20250818T201343Z_20250818T201443Z/FIA1_outputs/X_prediction_results.csv
RAF/HE.RAF..HHN__20250820T130548Z__20250820T130648Z.mseed,HE,RAF,0,0,0,0,2025-08-20 13:05:53.490000,0.959,2025-08-20 13:05:59.000000,0.871,2025-08-20 13:05:48.000000,2025-08-20 13:06:48.000000,eqcct_earthquakes_th0_1/20250820T130548Z_20250820T130648Z/RAF_outputs/X_prediction_results.csv
AAL/UP.AAL..HHZ__20250820T130556Z__20250820T130656Z.mseed,UP,AAL,0,0,0,0,2025-08-20 13:06:01.810000,0.77,2025-08-20 13:06:13.610000,0.543,2025-08-20 13:05:56.000000,2025-08-20 13:06:56.000000,eqcct_earthquakes_th0_1/20250820T130556Z_20250820T130656Z/AAL_outputs/X_prediction_results.csv
KPF/HE.KPF..HHZ__20250820T130603Z__20250820T130703Z.mseed,HE,KPF,0,0,0,0,2025-08-20 13:06:08.324000,0.901,2025-08-20 13:06:25.094000,0.251,2025-08-20 13:06:03.000000,2025-08-20 13:07:03.000000,eqcct_earthquakes_th0_1/20250820T130603Z_20250820T130703Z/KPF_outputs/X_prediction_results.csv
KEF/HE.KEF..HHZ__20250820T130649Z__20250820T130749Z.mseed,HE,KEF,0,0,0,0,2025-08-20 13:06:54.740000,0.109,,,2025-08-20 13:06:49.000000,2025-08-20 13:07:49.000000,eqcct_earthquakes_th0_1/20250820T130649Z_20250820T130749Z/KEF_outputs/X_prediction_results.csv
FIA0/HE.FIA0..HHE__20250820T130652Z__20250820T130752Z.mseed,HE,FIA0,0,0,0,0,2025-08-20 13:06:56.540000,0.361,2025-08-20 13:07:00.040000,0.32,2025-08-20 13:06:52.000000,2025-08-20 13:07:52.000000,eqcct_earthquakes_th0_1/20250820T130652Z_20250820T130752Z/FIA0_outputs/X_prediction_results.csv
FIA1/HE.FIA1..HHZ__20250820T130652Z__20250820T130752Z.mseed,HE,FIA1,0,0,0,0,2025-08-20 13:06:56.530000,0.375,2025-08-20 13:07:00.080000,0.426,2025-08-20 13:06:52.000000,2025-08-20 13:07:52.000000,eqcct_earthquakes_th0_1/20250820T130652Z_20250820T130752Z/FIA1_outputs/X_prediction_results.csv
KIF/HE.KIF..HHN__20250822T033740Z__20250822T033840Z.mseed,HE,KIF,0,0,0,0,2025-08-22 03:37:45.410000,0.913,2025-08-22 03:37:59.310000,0.583,2025-08-22 03:37:40.000000,2025-08-22 03:38:40.000000,eqcct_earthquakes_th0_1/20250822T033740Z_20250822T033840Z/KIF_outputs/X_prediction_results.csv
HEF/HE.HEF..HHN__20250822T033748Z__20250822T033848Z.mseed,HE,HEF,0,0,0,0,2025-08-22 03:37:53.700000,0.853,2025-08-22 03:38:12.950000,0.699,2025-08-22 03:37:48.000000,2025-08-22 03:38:48.000000,eqcct_earthquakes_th0_1/20250822T033748Z_20250822T033848Z/HEF_outputs/X_prediction_results.csv
KLF/FN.KLF..HHE__20250822T033753Z__20250822T033853Z.mseed,FN,KLF,0,0,0,0,2025-08-22 03:37:58.800000,0.898,2025-08-22 03:38:22.600000,0.556,2025-08-22 03:37:53.000000,2025-08-22 03:38:53.000000,eqcct_earthquakes_th0_1/20250822T033753Z_20250822T033853Z/KLF_outputs/X_prediction_results.csv
SGF/FN.SGF..HHZ__20250822T033805Z__20250822T033905Z.mseed,FN,SGF,0,0,0,0,2025-08-22 03:38:09.920000,0.499,2025-08-22 03:38:47.930000,0.292,2025-08-22 03:38:05.000000,2025-08-22 03:39:05.000000,eqcct_earthquakes_th0_1/20250822T033805Z_20250822T033905Z/SGF_outputs/X_prediction_results.csv
TOF/HE.TOF..HHE__20250822T033806Z__20250822T033906Z.mseed,HE,TOF,0,0,0,0,2025-08-22 03:38:10.440000,0.225,2025-08-22 03:38:47.460000,0.277,2025-08-22 03:38:06.000000,2025-08-22 03:39:06.000000,eqcct_earthquakes_th0_1/20250822T033806Z_20250822T033906Z/TOF_outputs/X_prediction_results.csv
RNF/FN.RNF..HHN__20250822T033810Z__20250822T033910Z.mseed,FN,RNF,0,0,0,0,2025-08-22 03:38:14.410000,0.296,2025-08-22 03:38:52.640000,0.698,2025-08-22 03:38:10.000000,2025-08-22 03:39:10.000000,eqcct_earthquakes_th0_1/20250822T033810Z_20250822T033910Z/RNF_outputs/X_prediction_results.csv
KMNF/FN.KMNF..HHE__20250822T033810Z__20250822T033910Z.mseed,FN,KMNF,0,0,0,0,2025-08-22 03:38:14.410000,0.269,,,2025-08-22 03:38:10.000000,2025-08-22 03:39:10.000000,eqcct_earthquakes_th0_1/20250822T033810Z_20250822T033910Z/KMNF_outputs/X_prediction_results.csv
RANF/FN.RANF..HHN__20250822T033816Z__20250822T033916Z.mseed,FN,RANF,0,0,0,0,2025-08-22 03:38:21.050000,0.663,2025-08-22 03:38:29.000000,0.637,2025-08-22 03:38:16.000000,2025-08-22 03:39:16.000000,eqcct_earthquakes_th0_1/20250822T033816Z_20250822T033916Z/RANF_outputs/X_prediction_results.csv
OLKF/FN.OLKF..HHZ__20250822T033825Z__20250822T033925Z.mseed,FN,OLKF,0,0,0,0,2025-08-22 03:38:30.150000,0.344,,,2025-08-22 03:38:25.000000,2025-08-22 03:39:25.000000,eqcct_earthquakes_th0_1/20250822T033825Z_20250822T033925Z/OLKF_outputs/X_prediction_results.csv
MSF/FN.MSF..HHN__20250822T033827Z__20250822T033927Z.mseed,FN,MSF,0,0,0,0,2025-08-22 03:38:31.810000,0.179,,,2025-08-22 03:38:27.000000,2025-08-22 03:39:27.000000,eqcct_earthquakes_th0_1/20250822T033827Z_20250822T033927Z/MSF_outputs/X_prediction_results.csv
OUL/FN.OUL..HHE__20250822T033906Z__20250822T034006Z.mseed,FN,OUL,0,0,0,0,2025-08-22 03:39:10.480000,0.31,,,2025-08-22 03:39:06.000000,2025-08-22 03:40:06.000000,eqcct_earthquakes_th0_1/20250822T033906Z_20250822T034006Z/OUL_outputs/X_prediction_results.csv
TOF/HE.TOF..HHE__20250823T205942Z__20250823T210042Z.mseed,HE,TOF,0,0,0,0,2025-08-23 20:59:47.260000,0.935,2025-08-23 20:59:55.550000,0.267,2025-08-23 20:59:42.000000,2025-08-23 21:00:42.000000,eqcct_earthquakes_th0_1/20250823T205942Z_20250823T210042Z/TOF_outputs/X_prediction_results.csv
KLF/FN.KLF..HHZ__20250823T205942Z__20250823T210042Z.mseed,FN,KLF,0,0,0,0,2025-08-23 20:59:47.100000,0.911,2025-08-23 20:59:55.560000,0.346,2025-08-23 20:59:42.000000,2025-08-23 21:00:42.000000,eqcct_earthquakes_th0_1/20250823T205942Z_20250823T210042Z/KLF_outputs/X_prediction_results.csv
RNF/FN.RNF..HHE__20250823T205947Z__20250823T210047Z.mseed,FN,RNF,0,0,0,0,2025-08-23 20:59:52.890000,0.933,2025-08-23 21:00:05.190000,0.581,2025-08-23 20:59:47.000000,2025-08-23 21:00:47.000000,eqcct_earthquakes_th0_1/20250823T205947Z_20250823T210047Z/RNF_outputs/X_prediction_results.csv
SGF/FN.SGF..HHZ__20250823T205955Z__20250823T210055Z.mseed,FN,SGF,0,0,0,0,2025-08-23 21:00:00.840000,0.853,2025-08-23 21:00:18.810000,0.781,2025-08-23 20:59:55.000000,2025-08-23 21:00:55.000000,eqcct_earthquakes_th0_1/20250823T205955Z_20250823T210055Z/SGF_outputs/X_prediction_results.csv
RANF/FN.RANF..HHN__20250823T205956Z__20250823T210056Z.mseed,FN,RANF,0,0,0,0,2025-08-23 21:00:01.430000,0.86,2025-08-23 21:00:19.920000,0.662,2025-08-23 20:59:56.000000,2025-08-23 21:00:56.000000,eqcct_earthquakes_th0_1/20250823T205956Z_20250823T210056Z/RANF_outputs/X_prediction_results.csv
HEF/HE.HEF..HHN__20250823T210002Z__20250823T210102Z.mseed,HE,HEF,0,0,0,0,2025-08-23 21:00:07.530000,0.894,2025-08-23 21:00:31.650000,0.469,2025-08-23 21:00:02.000000,2025-08-23 21:01:02.000000,eqcct_earthquakes_th0_1/20250823T210002Z_20250823T210102Z/HEF_outputs/X_prediction_results.csv
OUL/FN.OUL..HHN__20250823T210003Z__20250823T210103Z.mseed,FN,OUL,0,0,0,0,2025-08-23 21:00:08.290000,0.862,2025-08-23 21:00:31.210000,0.372,2025-08-23 21:00:03.000000,2025-08-23 21:01:03.000000,eqcct_earthquakes_th0_1/20250823T210003Z_20250823T210103Z/OUL_outputs/X_prediction_results.csv
OBF3/HE.OBF3..HHZ__20250823T210004Z__20250823T210104Z.mseed,HE,OBF3,0,0,0,0,2025-08-23 21:00:09.688000,0.797,2025-08-23 21:00:35.078000,0.693,2025-08-23 21:00:04.000000,2025-08-23 21:01:04.000000,eqcct_earthquakes_th0_1/20250823T210004Z_20250823T210104Z/OBF3_outputs/X_prediction_results.csv
MSF/FN.MSF..HHE__20250823T210009Z__20250823T210109Z.mseed,FN,MSF,0,0,0,0,2025-08-23 21:00:13.810000,0.61,2025-08-23 21:00:46.080000,0.334,2025-08-23 21:00:09.000000,2025-08-23 21:01:09.000000,eqcct_earthquakes_th0_1/20250823T210009Z_20250823T210109Z/MSF_outputs/X_prediction_results.csv
RAJF/FN.RAJF..HHZ__20250823T210013Z__20250823T210113Z.mseed,FN,RAJF,0,0,0,0,2025-08-23 21:00:17.800000,0.658,,,2025-08-23 21:00:13.000000,2025-08-23 21:01:13.000000,eqcct_earthquakes_th0_1/20250823T210013Z_20250823T210113Z/RAJF_outputs/X_prediction_results.csv
KIF/HE.KIF..HHE__20250823T210016Z__20250823T210116Z.mseed,HE,KIF,0,0,0,0,2025-08-23 21:00:20.170000,0.643,,,2025-08-23 21:00:16.000000,2025-08-23 21:01:16.000000,eqcct_earthquakes_th0_1/20250823T210016Z_20250823T210116Z/KIF_outputs/X_prediction_results.csv
OBF0/HE.OBF0..HHE__20250823T210037Z__20250823T210137Z.mseed,HE,OBF0,0,0,0,0,2025-08-23 21:00:41.276000,0.803,2025-08-23 21:00:43.866000,0.268,2025-08-23 21:00:37.000000,2025-08-23 21:01:37.000000,eqcct_earthquakes_th0_1/20250823T210037Z_20250823T210137Z/OBF0_outputs/X_prediction_results.csv
OLKF/FN.OLKF..HHE__20250823T210039Z__20250823T210139Z.mseed,FN,OLKF,0,0,0,0,2025-08-23 21:00:43.760000,0.406,2025-08-23 21:00:46.900000,0.514,2025-08-23 21:00:39.000000,2025-08-23 21:01:39.000000,eqcct_earthquakes_th0_1/20250823T210039Z_20250823T210139Z/OLKF_outputs/X_prediction_results.csv
KU6/HE.KU6..HHE__20250823T210048Z__20250823T210148Z.mseed,HE,KU6,0,0,0,0,2025-08-23 21:00:52.180000,0.469,2025-08-23 21:00:55.170000,0.653,2025-08-23 21:00:48.000000,2025-08-23 21:01:48.000000,eqcct_earthquakes_th0_1/20250823T210048Z_20250823T210148Z/KU6_outputs/X_prediction_results.csv
TVF/HE.TVF..HHE__20250824T011947Z__20250824T012047Z.mseed,HE,TVF,0,0,0,0,2025-08-24 01:19:52.432000,0.935,2025-08-24 01:19:54.332000,0.851,2025-08-24 01:19:47.000000,2025-08-24 01:20:47.000000,eqcct_earthquakes_th0_1/20250824T011947Z_20250824T012047Z/TVF_outputs/X_prediction_results.csv
MEF/HE.MEF..HHE__20250824T011958Z__20250824T012058Z.mseed,HE,MEF,0,0,0,0,2025-08-24 01:20:03.810000,0.937,,,2025-08-24 01:19:58.000000,2025-08-24 01:20:58.000000,eqcct_earthquakes_th0_1/20250824T011958Z_20250824T012058Z/MEF_outputs/X_prediction_results.csv
HEL5/HE.HEL5..HHZ__20250824T012001Z__20250824T012101Z.mseed,HE,HEL5,0,0,0,0,2025-08-24 01:20:05.204000,0.546,,,2025-08-24 01:20:01.000000,2025-08-24 01:21:01.000000,eqcct_earthquakes_th0_1/20250824T012001Z_20250824T012101Z/HEL5_outputs/X_prediction_results.csv
LAUT/HE.LAUT..HHN__20250824T012002Z__20250824T012102Z.mseed,HE,LAUT,0,0,0,0,2025-08-24 01:20:07.388000,0.894,,,2025-08-24 01:20:02.000000,2025-08-24 01:21:02.000000,eqcct_earthquakes_th0_1/20250824T012002Z_20250824T012102Z/LAUT_outputs/X_prediction_results.csv
HEL1/HE.HEL1..HHN__20250824T012002Z__20250824T012102Z.mseed,HE,HEL1,0,0,0,0,2025-08-24 01:20:06.584000,0.633,,,2025-08-24 01:20:02.000000,2025-08-24 01:21:02.000000,eqcct_earthquakes_th0_1/20250824T012002Z_20250824T012102Z/HEL1_outputs/X_prediction_results.csv
NUR/HE.NUR..HHZ__20250824T012003Z__20250824T012103Z.mseed,HE,NUR,0,0,0,0,2025-08-24 01:20:08.680000,0.909,2025-08-24 01:20:22.080000,0.747,2025-08-24 01:20:03.000000,2025-08-24 01:21:03.000000,eqcct_earthquakes_th0_1/20250824T012003Z_20250824T012103Z/NUR_outputs/X_prediction_results.csv
RAF/HE.RAF..HHZ__20250824T012008Z__20250824T012108Z.mseed,HE,RAF,0,0,0,0,2025-08-24 01:20:13.290000,0.897,,,2025-08-24 01:20:08.000000,2025-08-24 01:21:08.000000,eqcct_earthquakes_th0_1/20250824T012008Z_20250824T012108Z/RAF_outputs/X_prediction_results.csv
KPF/HE.KPF..HHE__20250824T012020Z__20250824T012120Z.mseed,HE,KPF,0,0,0,0,2025-08-24 01:20:25.516000,0.782,,,2025-08-24 01:20:20.000000,2025-08-24 01:21:20.000000,eqcct_earthquakes_th0_1/20250824T012020Z_20250824T012120Z/KPF_outputs/X_prediction_results.csv
FIA0/HE.FIA0..HHN__20250824T012023Z__20250824T012123Z.mseed,HE,FIA0,0,0,0,0,2025-08-24 01:20:27.750000,0.436,,,2025-08-24 01:20:23.000000,2025-08-24 01:21:23.000000,eqcct_earthquakes_th0_1/20250824T012023Z_20250824T012123Z/FIA0_outputs/X_prediction_results.csv
FIA1/HE.FIA1..HHN__20250824T012023Z__20250824T012123Z.mseed,HE,FIA1,0,0,0,0,2025-08-24 01:20:28.510000,0.55,,,2025-08-24 01:20:23.000000,2025-08-24 01:21:23.000000,eqcct_earthquakes_th0_1/20250824T012023Z_20250824T012123Z/FIA1_outputs/X_prediction_results.csv
KEF/HE.KEF..HHE__20250824T012028Z__20250824T012128Z.mseed,HE,KEF,0,0,0,0,2025-08-24 01:20:32.800000,0.192,,,2025-08-24 01:20:28.000000,2025-08-24 01:21:28.000000,eqcct_earthquakes_th0_1/20250824T012028Z_20250824T012128Z/KEF_outputs/X_prediction_results.csv
MSF/FN.MSF..HHZ__20250824T104226Z__20250824T104326Z.mseed,FN,MSF,0,0,0,0,2025-08-24 10:42:31.240000,0.94,2025-08-24 10:42:35.370000,0.888,2025-08-24 10:42:26.000000,2025-08-24 10:43:26.000000,eqcct_earthquakes_th0_1/20250824T104226Z_20250824T104326Z/MSF_outputs/X_prediction_results.csv
KU6/HE.KU6..HHZ__20250824T104231Z__20250824T104331Z.mseed,HE,KU6,0,0,0,0,2025-08-24 10:42:36.760000,0.955,2025-08-24 10:42:44.960000,0.766,2025-08-24 10:42:31.000000,2025-08-24 10:43:31.000000,eqcct_earthquakes_th0_1/20250824T104231Z_20250824T104331Z/KU6_outputs/X_prediction_results.csv
OLKF/FN.OLKF..HHN__20250824T104233Z__20250824T104333Z.mseed,FN,OLKF,0,0,0,0,2025-08-24 10:42:38.850000,0.931,2025-08-24 10:42:48.330000,0.767,2025-08-24 10:42:33.000000,2025-08-24 10:43:33.000000,eqcct_earthquakes_th0_1/20250824T104233Z_20250824T104333Z/OLKF_outputs/X_prediction_results.csv
RANF/FN.RANF..HHN__20250824T104235Z__20250824T104335Z.mseed,FN,RANF,0,0,0,0,2025-08-24 10:42:40.650000,0.955,2025-08-24 10:42:51.600000,0.464,2025-08-24 10:42:35.000000,2025-08-24 10:43:35.000000,eqcct_earthquakes_th0_1/20250824T104235Z_20250824T104335Z/RANF_outputs/X_prediction_results.csv
OUL/FN.OUL..HHZ__20250824T104243Z__20250824T104343Z.mseed,FN,OUL,0,0,0,0,2025-08-24 10:42:48.490000,0.767,2025-08-24 10:43:04.640000,0.439,2025-08-24 10:42:43.000000,2025-08-24 10:43:43.000000,eqcct_earthquakes_th0_1/20250824T104243Z_20250824T104343Z/OUL_outputs/X_prediction_results.csv
RNF/FN.RNF..HHE__20250824T104246Z__20250824T104346Z.mseed,FN,RNF,0,0,0,0,2025-08-24 10:42:50.260000,0.245,,,2025-08-24 10:42:46.000000,2025-08-24 10:43:46.000000,eqcct_earthquakes_th0_1/20250824T104246Z_20250824T104346Z/RNF_outputs/X_prediction_results.csv
RMF/HE.RMF..HHE__20250824T104306Z__20250824T104406Z.mseed,HE,RMF,0,0,0,0,2025-08-24 10:43:10.764000,0.167,2025-08-24 10:43:11.844000,0.684,2025-08-24 10:43:06.000000,2025-08-24 10:44:06.000000,eqcct_earthquakes_th0_1/20250824T104306Z_20250824T104406Z/RMF_outputs/X_prediction_results.csv
TOF/HE.TOF..HHN__20250824T104314Z__20250824T104414Z.mseed,HE,TOF,0,0,0,0,2025-08-24 10:43:18.980000,0.281,,,2025-08-24 10:43:14.000000,2025-08-24 10:44:14.000000,eqcct_earthquakes_th0_1/20250824T104314Z_20250824T104414Z/TOF_outputs/X_prediction_results.csv
OBF3/HE.OBF3..HHZ__20250824T104316Z__20250824T104416Z.mseed,HE,OBF3,0,0,0,0,2025-08-24 10:43:20.342000,0.211,,,2025-08-24 10:43:16.000000,2025-08-24 10:44:16.000000,eqcct_earthquakes_th0_1/20250824T104316Z_20250824T104416Z/OBF3_outputs/X_prediction_results.csv
TOF/HE.TOF..HHN__20250826T105229Z__20250826T105329Z.mseed,HE,TOF,0,0,0,0,2025-08-26 10:52:34.370000,0.828,2025-08-26 10:52:45.670000,0.591,2025-08-26 10:52:29.000000,2025-08-26 10:53:29.000000,eqcct_earthquakes_th0_1/20250826T105229Z_20250826T105329Z/TOF_outputs/X_prediction_results.csv
OBF3/HE.OBF3..HHN__20250826T105236Z__20250826T105336Z.mseed,HE,OBF3,0,0,0,0,2025-08-26 10:52:41.144000,0.81,2025-08-26 10:52:57.894000,0.764,2025-08-26 10:52:36.000000,2025-08-26 10:53:36.000000,eqcct_earthquakes_th0_1/20250826T105236Z_20250826T105336Z/OBF3_outputs/X_prediction_results.csv
OUL/FN.OUL..HHE__20250826T105240Z__20250826T105340Z.mseed,FN,OUL,0,0,0,0,2025-08-26 10:52:45.490000,0.75,,,2025-08-26 10:52:40.000000,2025-08-26 10:53:40.000000,eqcct_earthquakes_th0_1/20250826T105240Z_20250826T105340Z/OUL_outputs/X_prediction_results.csv
RNF/FN.RNF..HHE__20250826T105244Z__20250826T105344Z.mseed,FN,RNF,0,0,0,0,2025-08-26 10:52:49.860000,0.786,2025-08-26 10:53:12.650000,0.333,2025-08-26 10:52:44.000000,2025-08-26 10:53:44.000000,eqcct_earthquakes_th0_1/20250826T105244Z_20250826T105344Z/RNF_outputs/X_prediction_results.csv
KLF/FN.KLF..HHE__20250826T105244Z__20250826T105344Z.mseed,FN,KLF,0,0,0,0,2025-08-26 10:52:49.300000,0.851,,,2025-08-26 10:52:44.000000,2025-08-26 10:53:44.000000,eqcct_earthquakes_th0_1/20250826T105244Z_20250826T105344Z/KLF_outputs/X_prediction_results.csv
RANF/FN.RANF..HHN__20250826T105245Z__20250826T105345Z.mseed,FN,RANF,0,0,0,0,2025-08-26 10:52:50.450000,0.899,2025-08-26 10:53:14.820000,0.381,2025-08-26 10:52:45.000000,2025-08-26 10:53:45.000000,eqcct_earthquakes_th0_1/20250826T105245Z_20250826T105345Z/RANF_outputs/X_prediction_results.csv
OBF0/HE.OBF0..HHZ__20250826T105255Z__20250826T105355Z.mseed,HE,OBF0,0,0,0,0,2025-08-26 10:52:59.792000,0.733,2025-08-26 10:53:04.752000,0.522,2025-08-26 10:52:55.000000,2025-08-26 10:53:55.000000,eqcct_earthquakes_th0_1/20250826T105255Z_20250826T105355Z/OBF0_outputs/X_prediction_results.csv
KLF/FN.KLF..HHZ__20250826T174932Z__20250826T175032Z.mseed,FN,KLF,0,0,0,0,2025-08-26 17:49:37.600000,0.58,2025-08-26 17:49:47.350000,0.287,2025-08-26 17:49:32.000000,2025-08-26 17:50:32.000000,eqcct_earthquakes_th0_1/20250826T174932Z_20250826T175032Z/KLF_outputs/X_prediction_results.csv
HEF/HE.HEF..HHE__20250826T174936Z__20250826T175036Z.mseed,HE,HEF,0,0,0,0,2025-08-26 17:49:41.710000,0.825,2025-08-26 17:49:54.530000,0.589,2025-08-26 17:49:36.000000,2025-08-26 17:50:36.000000,eqcct_earthquakes_th0_1/20250826T174936Z_20250826T175036Z/HEF_outputs/X_prediction_results.csv
SGF/FN.SGF..HHZ__20250826T174947Z__20250826T175047Z.mseed,FN,SGF,0,0,0,0,2025-08-26 17:49:52.910000,0.554,2025-08-26 17:50:14.470000,0.379,2025-08-26 17:49:47.000000,2025-08-26 17:50:47.000000,eqcct_earthquakes_th0_1/20250826T174947Z_20250826T175047Z/SGF_outputs/X_prediction_results.csv
TOF/HE.TOF..HHN__20250826T174949Z__20250826T175049Z.mseed,HE,TOF,0,0,0,0,2025-08-26 17:49:53.520000,0.525,2025-08-26 17:50:16.990000,0.459,2025-08-26 17:49:49.000000,2025-08-26 17:50:49.000000,eqcct_earthquakes_th0_1/20250826T174949Z_20250826T175049Z/TOF_outputs/X_prediction_results.csv
RNF/FN.RNF..HHN__20250826T174950Z__20250826T175050Z.mseed,FN,RNF,0,0,0,0,2025-08-26 17:49:55.090000,0.89,2025-08-26 17:50:18.280000,0.11,2025-08-26 17:49:50.000000,2025-08-26 17:50:50.000000,eqcct_earthquakes_th0_1/20250826T174950Z_20250826T175050Z/RNF_outputs/X_prediction_results.csv
KIF/HE.KIF..HHE__20250826T175007Z__20250826T175107Z.mseed,HE,KIF,0,0,0,0,2025-08-26 17:50:11.040000,0.7,2025-08-26 17:50:13.660000,0.228,2025-08-26 17:50:07.000000,2025-08-26 17:51:07.000000,eqcct_earthquakes_th0_1/20250826T175007Z_20250826T175107Z/KIF_outputs/X_prediction_results.csv
RANF/FN.RANF..HHN__20250826T175030Z__20250826T175130Z.mseed,FN,RANF,0,0,0,0,2025-08-26 17:50:34.620000,0.342,,,2025-08-26 17:50:30.000000,2025-08-26 17:51:30.000000,eqcct_earthquakes_th0_1/20250826T175030Z_20250826T175130Z/RANF_outputs/X_prediction_results.csv
FIA0/HE.FIA0..HHN__20250828T130449Z__20250828T130549Z.mseed,HE,FIA0,0,0,0,0,2025-08-28 13:04:54.010000,0.889,,,2025-08-28 13:04:49.000000,2025-08-28 13:05:49.000000,eqcct_earthquakes_th0_1/20250828T130449Z_20250828T130549Z/FIA0_outputs/X_prediction_results.csv
FIA1/HE.FIA1..HHE__20250828T130449Z__20250828T130549Z.mseed,HE,FIA1,0,0,0,0,2025-08-28 13:04:54.020000,0.772,,,2025-08-28 13:04:49.000000,2025-08-28 13:05:49.000000,eqcct_earthquakes_th0_1/20250828T130449Z_20250828T130549Z/FIA1_outputs/X_prediction_results.csv
HEL5/HE.HEL5..HHZ__20250828T130449Z__20250828T130549Z.mseed,HE,HEL5,0,0,0,0,2025-08-28 13:04:53.024000,0.315,,,2025-08-28 13:04:49.000000,2025-08-28 13:05:49.000000,eqcct_earthquakes_th0_1/20250828T130449Z_20250828T130549Z/HEL5_outputs/X_prediction_results.csv
MEF/HE.MEF..HHE__20250828T130450Z__20250828T130550Z.mseed,HE,MEF,0,0,0,0,2025-08-28 13:04:55.990000,0.348,,,2025-08-28 13:04:50.000000,2025-08-28 13:05:50.000000,eqcct_earthquakes_th0_1/20250828T130450Z_20250828T130550Z/MEF_outputs/X_prediction_results.csv
AAL/UP.AAL..HHE__20250829T191701Z__20250829T191801Z.mseed,UP,AAL,0,0,0,0,2025-08-29 19:17:07.020000,0.885,2025-08-29 19:17:10.770000,0.879,2025-08-29 19:17:01.000000,2025-08-29 19:18:01.000000,eqcct_earthquakes_th0_1/20250829T191701Z_20250829T191801Z/AAL_outputs/X_prediction_results.csv
RAF/HE.RAF..HHZ__20250829T191714Z__20250829T191814Z.mseed,HE,RAF,0,0,0,0,2025-08-29 19:17:19.220000,0.898,2025-08-29 19:17:31.990000,0.37,2025-08-29 19:17:14.000000,2025-08-29 19:18:14.000000,eqcct_earthquakes_th0_1/20250829T191714Z_20250829T191814Z/RAF_outputs/X_prediction_results.csv
KPF/HE.KPF..HHE__20250829T191748Z__20250829T191848Z.mseed,HE,KPF,0,0,0,0,2025-08-29 19:17:52.668000,0.773,,,2025-08-29 19:17:48.000000,2025-08-29 19:18:48.000000,eqcct_earthquakes_th0_1/20250829T191748Z_20250829T191848Z/KPF_outputs/X_prediction_results.csv
VAF/HE.VAF..HHE__20250902T160113Z__20250902T160213Z.mseed,HE,VAF,0,0,0,0,2025-09-02 16:01:17.740000,0.568,,,2025-09-02 16:01:13.000000,2025-09-02 16:02:13.000000,eqcct_earthquakes_th0_1/20250902T160113Z_20250902T160213Z/VAF_outputs/X_prediction_results.csv
RAF/HE.RAF..HHZ__20250903T113421Z__20250903T113521Z.mseed,HE,RAF,0,0,0,0,2025-09-03 11:34:25.840000,0.672,2025-09-03 11:34:50.680000,0.178,2025-09-03 11:34:21.000000,2025-09-03 11:35:21.000000,eqcct_earthquakes_th0_1/20250903T113421Z_20250903T113521Z/RAF_outputs/X_prediction_results.csv
AAL/UP.AAL..HHE__20250903T113440Z__20250903T113540Z.mseed,UP,AAL,0,0,0,0,2025-09-03 11:34:44.040000,0.38,,,2025-09-03 11:34:40.000000,2025-09-03 11:35:40.000000,eqcct_earthquakes_th0_1/20250903T113440Z_20250903T113540Z/AAL_outputs/X_prediction_results.csv
KPF/HE.KPF..HHN__20250903T113446Z__20250903T113546Z.mseed,HE,KPF,0,0,0,0,2025-09-03 11:34:50.974000,0.553,2025-09-03 11:34:53.554000,0.32,2025-09-03 11:34:46.000000,2025-09-03 11:35:46.000000,eqcct_earthquakes_th0_1/20250903T113446Z_20250903T113546Z/KPF_outputs/X_prediction_results.csv
KU6/HE.KU6..HHE__20250903T171319Z__20250903T171419Z.mseed,HE,KU6,0,0,0,0,2025-09-03 17:13:24.340000,0.876,2025-09-03 17:13:40.240000,0.678,2025-09-03 17:13:19.000000,2025-09-03 17:14:19.000000,eqcct_earthquakes_th0_1/20250903T171319Z_20250903T171419Z/KU6_outputs/X_prediction_results.csv
OLKF/FN.OLKF..HHE__20250903T171320Z__20250903T171420Z.mseed,FN,OLKF,0,0,0,0,2025-09-03 17:13:25.550000,0.815,2025-09-03 17:13:42.450000,0.387,2025-09-03 17:13:20.000000,2025-09-03 17:14:20.000000,eqcct_earthquakes_th0_1/20250903T171320Z_20250903T171420Z/OLKF_outputs/X_prediction_results.csv
VRF/HE.VRF..HHZ__20250903T171324Z__20250903T171424Z.mseed,HE,VRF,0,0,0,0,2025-09-03 17:13:29.710000,0.829,2025-09-03 17:13:48.740000,0.422,2025-09-03 17:13:24.000000,2025-09-03 17:14:24.000000,eqcct_earthquakes_th0_1/20250903T171324Z_20250903T171424Z/VRF_outputs/X_prediction_results.csv
MSF/FN.MSF..HHN__20250903T171325Z__20250903T171425Z.mseed,FN,MSF,0,0,0,0,2025-09-03 17:13:30.920000,0.638,2025-09-03 17:13:52.420000,0.498,2025-09-03 17:13:25.000000,2025-09-03 17:14:25.000000,eqcct_earthquakes_th0_1/20250903T171325Z_20250903T171425Z/MSF_outputs/X_prediction_results.csv
RANF/FN.RANF..HHN__20250903T171338Z__20250903T171438Z.mseed,FN,RANF,0,0,0,0,2025-09-03 17:13:42.700000,0.748,2025-09-03 17:14:14.000000,0.748,2025-09-03 17:13:38.000000,2025-09-03 17:14:38.000000,eqcct_earthquakes_th0_1/20250903T171338Z_20250903T171438Z/RANF_outputs/X_prediction_results.csv
RAJF/FN.RAJF..HHE__20250903T171408Z__20250903T171508Z.mseed,FN,RAJF,0,0,0,0,2025-09-03 17:14:12.600000,0.487,,,2025-09-03 17:14:08.000000,2025-09-03 17:15:08.000000,eqcct_earthquakes_th0_1/20250903T171408Z_20250903T171508Z/RAJF_outputs/X_prediction_results.csv
SGF/FN.SGF..HHE__20250903T171409Z__20250903T171509Z.mseed,FN,SGF,0,0,0,0,2025-09-03 17:14:13.600000,0.473,2025-09-03 17:14:15.910000,0.606,2025-09-03 17:14:09.000000,2025-09-03 17:15:09.000000,eqcct_earthquakes_th0_1/20250903T171409Z_20250903T171509Z/SGF_outputs/X_prediction_results.csv
RNF/FN.RNF..HHZ__20250903T171413Z__20250903T171513Z.mseed,FN,RNF,0,0,0,0,2025-09-03 17:14:17.680000,0.381,2025-09-03 17:14:20.730000,0.488,2025-09-03 17:14:13.000000,2025-09-03 17:15:13.000000,eqcct_earthquakes_th0_1/20250903T171413Z_20250903T171513Z/RNF_outputs/X_prediction_results.csv
OLKF/FN.OLKF..HHZ__20250904T120830Z__20250904T120930Z.mseed,FN,OLKF,0,0,0,0,2025-09-04 12:08:35.750000,0.938,2025-09-04 12:08:46.920000,0.591,2025-09-04 12:08:30.000000,2025-09-04 12:09:30.000000,eqcct_earthquakes_th0_1/20250904T120830Z_20250904T120930Z/OLKF_outputs/X_prediction_results.csv
KU6/HE.KU6..HHN__20250904T120833Z__20250904T120933Z.mseed,HE,KU6,0,0,0,0,2025-09-04 12:08:38.250000,0.923,2025-09-04 12:08:50.880000,0.753,2025-09-04 12:08:33.000000,2025-09-04 12:09:33.000000,eqcct_earthquakes_th0_1/20250904T120833Z_20250904T120933Z/KU6_outputs/X_prediction_results.csv
MSF/FN.MSF..HHE__20250904T120837Z__20250904T120937Z.mseed,FN,MSF,0,0,0,0,2025-09-04 12:08:42.810000,0.863,2025-09-04 12:08:58.960000,0.537,2025-09-04 12:08:37.000000,2025-09-04 12:09:37.000000,eqcct_earthquakes_th0_1/20250904T120837Z_20250904T120937Z/MSF_outputs/X_prediction_results.csv
RAJF/FN.RAJF..HHN__20250904T120845Z__20250904T120945Z.mseed,FN,RAJF,0,0,0,0,2025-09-04 12:08:50.850000,0.92,2025-09-04 12:09:13.460000,0.688,2025-09-04 12:08:45.000000,2025-09-04 12:09:45.000000,eqcct_earthquakes_th0_1/20250904T120845Z_20250904T120945Z/RAJF_outputs/X_prediction_results.csv
SGF/FN.SGF..HHZ__20250904T120845Z__20250904T120945Z.mseed,FN,SGF,0,0,0,0,2025-09-04 12:08:50.490000,0.897,2025-09-04 12:09:13.410000,0.688,2025-09-04 12:08:45.000000,2025-09-04 12:09:45.000000,eqcct_earthquakes_th0_1/20250904T120845Z_20250904T120945Z/SGF_outputs/X_prediction_results.csv
RNF/FN.RNF..HHZ__20250904T120847Z__20250904T120947Z.mseed,FN,RNF,0,0,0,0,2025-09-04 12:08:52.770000,0.92,,,2025-09-04 12:08:47.000000,2025-09-04 12:09:47.000000,eqcct_earthquakes_th0_1/20250904T120847Z_20250904T120947Z/RNF_outputs/X_prediction_results.csv
RANF/FN.RANF..HHN__20250904T120847Z__20250904T120947Z.mseed,FN,RANF,0,0,0,0,2025-09-04 12:08:52.300000,0.923,2025-09-04 12:09:17.560000,0.459,2025-09-04 12:08:47.000000,2025-09-04 12:09:47.000000,eqcct_earthquakes_th0_1/20250904T120847Z_20250904T120947Z/RANF_outputs/X_prediction_results.csv
KLF/FN.KLF..HHZ__20250904T120857Z__20250904T120957Z.mseed,FN,KLF,0,0,0,0,2025-09-04 12:09:02.950000,0.932,,,2025-09-04 12:08:57.000000,2025-09-04 12:09:57.000000,eqcct_earthquakes_th0_1/20250904T120857Z_20250904T120957Z/KLF_outputs/X_prediction_results.csv
KMNF/FN.KMNF..HHN__20250904T120857Z__20250904T120957Z.mseed,FN,KMNF,0,0,0,0,2025-09-04 12:09:02.400000,0.844,2025-09-04 12:09:33.580000,0.373,2025-09-04 12:08:57.000000,2025-09-04 12:09:57.000000,eqcct_earthquakes_th0_1/20250904T120857Z_20250904T120957Z/KMNF_outputs/X_prediction_results.csv
RMF/HE.RMF..HHE__20250904T120858Z__20250904T120958Z.mseed,HE,RMF,0,0,0,0,2025-09-04 12:09:03.702000,0.734,2025-09-04 12:09:35.612000,0.168,2025-09-04 12:08:58.000000,2025-09-04 12:09:58.000000,eqcct_earthquakes_th0_1/20250904T120858Z_20250904T120958Z/RMF_outputs/X_prediction_results.csv
HEF/HE.HEF..HHE__20250904T120903Z__20250904T121003Z.mseed,HE,HEF,0,0,0,0,2025-09-04 12:09:08.560000,0.831,2025-09-04 12:09:44.050000,0.627,2025-09-04 12:09:03.000000,2025-09-04 12:10:03.000000,eqcct_earthquakes_th0_1/20250904T120903Z_20250904T121003Z/HEF_outputs/X_prediction_results.csv
TOF/HE.TOF..HHN__20250905T170818Z__20250905T170918Z.mseed,HE,TOF,0,0,0,0,2025-09-05 17:08:23.010000,0.962,2025-09-05 17:08:26.330000,0.675,2025-09-05 17:08:18.000000,2025-09-05 17:09:18.000000,eqcct_earthquakes_th0_1/20250905T170818Z_20250905T170918Z/TOF_outputs/X_prediction_results.csv
RNF/FN.RNF..HHE__20250905T170832Z__20250905T170932Z.mseed,FN,RNF,0,0,0,0,2025-09-05 17:08:37.830000,0.845,2025-09-05 17:08:51.580000,0.395,2025-09-05 17:08:32.000000,2025-09-05 17:09:32.000000,eqcct_earthquakes_th0_1/20250905T170832Z_20250905T170932Z/RNF_outputs/X_prediction_results.csv
KLF/FN.KLF..HHZ__20250905T170834Z__20250905T170934Z.mseed,FN,KLF,0,0,0,0,2025-09-05 17:08:39.700000,0.827,2025-09-05 17:08:55.180000,0.429,2025-09-05 17:08:34.000000,2025-09-05 17:09:34.000000,eqcct_earthquakes_th0_1/20250905T170834Z_20250905T170934Z/KLF_outputs/X_prediction_results.csv
RANF/FN.RANF..HHN__20250905T170835Z__20250905T170935Z.mseed,FN,RANF,0,0,0,0,2025-09-05 17:08:40.750000,0.928,2025-09-05 17:08:57.140000,0.163,2025-09-05 17:08:35.000000,2025-09-05 17:09:35.000000,eqcct_earthquakes_th0_1/20250905T170835Z_20250905T170935Z/RANF_outputs/X_prediction_results.csv
OUL/FN.OUL..HHZ__20250905T170836Z__20250905T170936Z.mseed,FN,OUL,0,0,0,0,2025-09-05 17:08:41.730000,0.878,2025-09-05 17:08:58.060000,0.106,2025-09-05 17:08:36.000000,2025-09-05 17:09:36.000000,eqcct_earthquakes_th0_1/20250905T170836Z_20250905T170936Z/OUL_outputs/X_prediction_results.csv
OBF3/HE.OBF3..HHE__20250905T170836Z__20250905T170936Z.mseed,HE,OBF3,0,0,0,0,2025-09-05 17:08:41.552000,0.664,2025-09-05 17:08:58.742000,0.304,2025-09-05 17:08:36.000000,2025-09-05 17:09:36.000000,eqcct_earthquakes_th0_1/20250905T170836Z_20250905T170936Z/OBF3_outputs/X_prediction_results.csv
OBF0/HE.OBF0..HHZ__20250905T170841Z__20250905T170941Z.mseed,HE,OBF0,0,0,0,0,2025-09-05 17:08:45.048000,0.768,,,2025-09-05 17:08:41.000000,2025-09-05 17:09:41.000000,eqcct_earthquakes_th0_1/20250905T170841Z_20250905T170941Z/OBF0_outputs/X_prediction_results.csv
OBF8/HE.OBF8..HHZ__20250905T170843Z__20250905T170943Z.mseed,HE,OBF8,0,0,0,0,2025-09-05 17:08:48.436000,0.546,,,2025-09-05 17:08:43.000000,2025-09-05 17:09:43.000000,eqcct_earthquakes_th0_1/20250905T170843Z_20250905T170943Z/OBF8_outputs/X_prediction_results.csv
SGF/FN.SGF..HHZ__20250905T170844Z__20250905T170944Z.mseed,FN,SGF,0,0,0,0,2025-09-05 17:08:49.590000,0.729,2025-09-05 17:09:13.580000,0.308,2025-09-05 17:08:44.000000,2025-09-05 17:09:44.000000,eqcct_earthquakes_th0_1/20250905T170844Z_20250905T170944Z/SGF_outputs/X_prediction_results.csv
OLKF/FN.OLKF..HHE__20250905T170920Z__20250905T171020Z.mseed,FN,OLKF,0,0,0,0,2025-09-05 17:09:24.220000,0.316,2025-09-05 17:09:30.150000,0.564,2025-09-05 17:09:20.000000,2025-09-05 17:10:20.000000,eqcct_earthquakes_th0_1/20250905T170920Z_20250905T171020Z/OLKF_outputs/X_prediction_results.csv
HEF/HE.HEF..HHN__20250905T170924Z__20250905T171024Z.mseed,HE,HEF,0,0,0,0,2025-09-05 17:09:28.150000,0.226,,,2025-09-05 17:09:24.000000,2025-09-05 17:10:24.000000,eqcct_earthquakes_th0_1/20250905T170924Z_20250905T171024Z/HEF_outputs/X_prediction_results.csv
FIA0/HE.FIA0..HHE__20250906T050256Z__20250906T050356Z.mseed,HE,FIA0,0,0,0,0,2025-09-06 05:03:01.210000,0.917,2025-09-06 05:03:08.680000,0.78,2025-09-06 05:02:56.000000,2025-09-06 05:03:56.000000,eqcct_earthquakes_th0_1/20250906T050256Z_20250906T050356Z/FIA0_outputs/X_prediction_results.csv
FIA1/HE.FIA1..HHZ__20250906T050256Z__20250906T050356Z.mseed,HE,FIA1,0,0,0,0,2025-09-06 05:03:01.210000,0.943,2025-09-06 05:03:08.650000,0.727,2025-09-06 05:02:56.000000,2025-09-06 05:03:56.000000,eqcct_earthquakes_th0_1/20250906T050256Z_20250906T050356Z/FIA1_outputs/X_prediction_results.csv
KAF/HE.KAF..HHZ__20250906T050304Z__20250906T050404Z.mseed,HE,KAF,0,0,0,0,2025-09-06 05:03:09.830000,0.441,2025-09-06 05:03:23.920000,0.595,2025-09-06 05:03:04.000000,2025-09-06 05:04:04.000000,eqcct_earthquakes_th0_1/20250906T050304Z_20250906T050404Z/KAF_outputs/X_prediction_results.csv
VJF/HE.VJF..HHN__20250906T050306Z__20250906T050406Z.mseed,HE,VJF,0,0,0,0,2025-09-06 05:03:11.156000,0.551,2025-09-06 05:03:11.616000,0.724,2025-09-06 05:03:06.000000,2025-09-06 05:04:06.000000,eqcct_earthquakes_th0_1/20250906T050306Z_20250906T050406Z/VJF_outputs/X_prediction_results.csv
RUF/HE.RUF..HHZ__20250906T050316Z__20250906T050416Z.mseed,HE,RUF,0,0,0,0,2025-09-06 05:03:20.144000,0.202,,,2025-09-06 05:03:16.000000,2025-09-06 05:04:16.000000,eqcct_earthquakes_th0_1/20250906T050316Z_20250906T050416Z/RUF_outputs/X_prediction_results.csv
NUR/HE.NUR..HHZ__20250906T050326Z__20250906T050426Z.mseed,HE,NUR,0,0,0,0,2025-09-06 05:03:31.044000,0.202,,,2025-09-06 05:03:26.000000,2025-09-06 05:04:26.000000,eqcct_earthquakes_th0_1/20250906T050326Z_20250906T050426Z/NUR_outputs/X_prediction_results.csv
KEF/HE.KEF..HHZ__20250906T050331Z__20250906T050431Z.mseed,HE,KEF,0,0,0,0,,,2025-09-06 05:03:42.610000,0.676,2025-09-06 05:03:31.000000,2025-09-06 05:04:31.000000,eqcct_earthquakes_th0_1/20250906T050331Z_20250906T050431Z/KEF_outputs/X_prediction_results.csv
MEF/HE.MEF..HHN__20250906T050335Z__20250906T050435Z.mseed,HE,MEF,0,0,0,0,2025-09-06 05:03:39.170000,0.488,,,2025-09-06 05:03:35.000000,2025-09-06 05:04:35.000000,eqcct_earthquakes_th0_1/20250906T050335Z_20250906T050435Z/MEF_outputs/X_prediction_results.csv
SUF/HE.SUF..HHE__20250906T050336Z__20250906T050436Z.mseed,HE,SUF,0,0,0,0,2025-09-06 05:03:41.016000,0.132,,,2025-09-06 05:03:36.000000,2025-09-06 05:04:36.000000,eqcct_earthquakes_th0_1/20250906T050336Z_20250906T050436Z/SUF_outputs/X_prediction_results.csv
RMF/HE.RMF..HHZ__20250906T180939Z__20250906T181039Z.mseed,HE,RMF,0,0,0,0,2025-09-06 18:09:44.076000,0.918,2025-09-06 18:09:56.776000,0.748,2025-09-06 18:09:39.000000,2025-09-06 18:10:39.000000,eqcct_earthquakes_th0_1/20250906T180939Z_20250906T181039Z/RMF_outputs/X_prediction_results.csv
OUL/FN.OUL..HHN__20250906T180941Z__20250906T181041Z.mseed,FN,OUL,0,0,0,0,2025-09-06 18:09:46.040000,0.722,2025-09-06 18:10:00.120000,0.712,2025-09-06 18:09:41.000000,2025-09-06 18:10:41.000000,eqcct_earthquakes_th0_1/20250906T180941Z_20250906T181041Z/OUL_outputs/X_prediction_results.csv
RANF/FN.RANF..HHZ__20250906T180943Z__20250906T181043Z.mseed,FN,RANF,0,0,0,0,2025-09-06 18:09:48.350000,0.868,2025-09-06 18:10:04.470000,0.537,2025-09-06 18:09:43.000000,2025-09-06 18:10:43.000000,eqcct_earthquakes_th0_1/20250906T180943Z_20250906T181043Z/RANF_outputs/X_prediction_results.csv
NIF/HE.NIF..HHE__20250906T180949Z__20250906T181049Z.mseed,HE,NIF,0,0,0,0,2025-09-06 18:09:54.488000,0.919,2025-09-06 18:10:14.728000,0.723,2025-09-06 18:09:49.000000,2025-09-06 18:10:49.000000,eqcct_earthquakes_th0_1/20250906T180949Z_20250906T181049Z/NIF_outputs/X_prediction_results.csv
OBF3/HE.OBF3..HHE__20250906T180949Z__20250906T181049Z.mseed,HE,OBF3,0,0,0,0,2025-09-06 18:09:54.140000,0.837,2025-09-06 18:10:15.160000,0.642,2025-09-06 18:09:49.000000,2025-09-06 18:10:49.000000,eqcct_earthquakes_th0_1/20250906T180949Z_20250906T181049Z/OBF3_outputs/X_prediction_results.csv
MSF/FN.MSF..HHE__20250906T180950Z__20250906T181050Z.mseed,FN,MSF,0,0,0,0,2025-09-06 18:09:55.640000,0.705,2025-09-06 18:09:55.650000,0.743,2025-09-06 18:09:50.000000,2025-09-06 18:10:50.000000,eqcct_earthquakes_th0_1/20250906T180950Z_20250906T181050Z/MSF_outputs/X_prediction_results.csv
RNF/FN.RNF..HHN__20250906T180954Z__20250906T181054Z.mseed,FN,RNF,0,0,0,0,2025-09-06 18:09:59.830000,0.79,2025-09-06 18:10:24.350000,0.591,2025-09-06 18:09:54.000000,2025-09-06 18:10:54.000000,eqcct_earthquakes_th0_1/20250906T180954Z_20250906T181054Z/RNF_outputs/X_prediction_results.csv
TOF/HE.TOF..HHE__20250906T180956Z__20250906T181056Z.mseed,HE,TOF,0,0,0,0,2025-09-06 18:10:00.320000,0.678,,,2025-09-06 18:09:56.000000,2025-09-06 18:10:56.000000,eqcct_earthquakes_th0_1/20250906T180956Z_20250906T181056Z/TOF_outputs/X_prediction_results.csv
KU6/HE.KU6..HHZ__20250906T180957Z__20250906T181057Z.mseed,HE,KU6,0,0,0,0,2025-09-06 18:10:02.670000,0.768,2025-09-06 18:10:02.700000,0.671,2025-09-06 18:09:57.000000,2025-09-06 18:10:57.000000,eqcct_earthquakes_th0_1/20250906T180957Z_20250906T181057Z/KU6_outputs/X_prediction_results.csv
OLKF/FN.OLKF..HHN__20250906T181003Z__20250906T181103Z.mseed,FN,OLKF,0,0,0,0,2025-09-06 18:10:07.450000,0.667,2025-09-06 18:10:08.710000,0.824,2025-09-06 18:10:03.000000,2025-09-06 18:11:03.000000,eqcct_earthquakes_th0_1/20250906T181003Z_20250906T181103Z/OLKF_outputs/X_prediction_results.csv
OBF0/HE.OBF0..HHZ__20250906T181016Z__20250906T181116Z.mseed,HE,OBF0,0,0,0,0,2025-09-06 18:10:20.620000,0.547,2025-09-06 18:10:22.200000,0.837,2025-09-06 18:10:16.000000,2025-09-06 18:11:16.000000,eqcct_earthquakes_th0_1/20250906T181016Z_20250906T181116Z/OBF0_outputs/X_prediction_results.csv
JOF/HE.JOF..HHZ__20250906T181029Z__20250906T181129Z.mseed,HE,JOF,0,0,0,0,2025-09-06 18:10:33.430000,0.705,2025-09-06 18:10:38.550000,0.154,2025-09-06 18:10:29.000000,2025-09-06 18:11:29.000000,eqcct_earthquakes_th0_1/20250906T181029Z_20250906T181129Z/JOF_outputs/X_prediction_results.csv
SUF/HE.SUF..HHN__20250906T181035Z__20250906T181135Z.mseed,HE,SUF,0,0,0,0,2025-09-06 18:10:39.138000,0.603,,,2025-09-06 18:10:35.000000,2025-09-06 18:11:35.000000,eqcct_earthquakes_th0_1/20250906T181035Z_20250906T181135Z/SUF_outputs/X_prediction_results.csv
SGF/FN.SGF..HHE__20250906T181037Z__20250906T181137Z.mseed,FN,SGF,0,0,0,0,2025-09-06 18:10:42.060000,0.135,,,2025-09-06 18:10:37.000000,2025-09-06 18:11:37.000000,eqcct_earthquakes_th0_1/20250906T181037Z_20250906T181137Z/SGF_outputs/X_prediction_results.csv
KLF/FN.KLF..HHN__20250906T181041Z__20250906T181141Z.mseed,FN,KLF,0,0,0,0,2025-09-06 18:10:45.330000,0.195,,,2025-09-06 18:10:41.000000,2025-09-06 18:11:41.000000,eqcct_earthquakes_th0_1/20250906T181041Z_20250906T181141Z/KLF_outputs/X_prediction_results.csv
VJF/HE.VJF..HHE__20250909T163055Z__20250909T163155Z.mseed,HE,VJF,0,0,0,0,2025-09-09 16:31:00.882000,0.881,2025-09-09 16:31:06.502000,0.845,2025-09-09 16:30:55.000000,2025-09-09 16:31:55.000000,eqcct_earthquakes_th0_1/20250909T163055Z_20250909T163155Z/VJF_outputs/X_prediction_results.csv
FIA0/HE.FIA0..HHZ__20250909T163101Z__20250909T163201Z.mseed,HE,FIA0,0,0,0,0,2025-09-09 16:31:06.650000,0.95,2025-09-09 16:31:16.400000,0.473,2025-09-09 16:31:01.000000,2025-09-09 16:32:01.000000,eqcct_earthquakes_th0_1/20250909T163101Z_20250909T163201Z/FIA0_outputs/X_prediction_results.csv
FIA1/HE.FIA1..HHE__20250909T163101Z__20250909T163201Z.mseed,HE,FIA1,0,0,0,0,2025-09-09 16:31:06.650000,0.949,2025-09-09 16:31:16.920000,0.563,2025-09-09 16:31:01.000000,2025-09-09 16:32:01.000000,eqcct_earthquakes_th0_1/20250909T163101Z_20250909T163201Z/FIA1_outputs/X_prediction_results.csv
RUF/HE.RUF..HHZ__20250909T163108Z__20250909T163208Z.mseed,HE,RUF,0,0,0,0,2025-09-09 16:31:13.096000,0.92,2025-09-09 16:31:28.266000,0.654,2025-09-09 16:31:08.000000,2025-09-09 16:32:08.000000,eqcct_earthquakes_th0_1/20250909T163108Z_20250909T163208Z/RUF_outputs/X_prediction_results.csv
NUR/HE.NUR..HHZ__20250909T163109Z__20250909T163209Z.mseed,HE,NUR,0,0,0,0,2025-09-09 16:31:14.516000,0.893,2025-09-09 16:31:30.516000,0.428,2025-09-09 16:31:09.000000,2025-09-09 16:32:09.000000,eqcct_earthquakes_th0_1/20250909T163109Z_20250909T163209Z/NUR_outputs/X_prediction_results.csv
KUNI/HE.KUNI..HHN__20250909T163109Z__20250909T163209Z.mseed,HE,KUNI,0,0,0,0,2025-09-09 16:31:14.256000,0.738,2025-09-09 16:31:29.626000,0.661,2025-09-09 16:31:09.000000,2025-09-09 16:32:09.000000,eqcct_earthquakes_th0_1/20250909T163109Z_20250909T163209Z/KUNI_outputs/X_prediction_results.csv
LAUT/HE.LAUT..HHE__20250909T163110Z__20250909T163210Z.mseed,HE,LAUT,0,0,0,0,2025-09-09 16:31:15.740000,0.7,2025-09-09 16:31:32.040000,0.697,2025-09-09 16:31:10.000000,2025-09-09 16:32:10.000000,eqcct_earthquakes_th0_1/20250909T163110Z_20250909T163210Z/LAUT_outputs/X_prediction_results.csv
MEF/HE.MEF..HHN__20250909T163113Z__20250909T163213Z.mseed,HE,MEF,0,0,0,0,2025-09-09 16:31:18.440000,0.925,2025-09-09 16:31:37.380000,0.766,2025-09-09 16:31:13.000000,2025-09-09 16:32:13.000000,eqcct_earthquakes_th0_1/20250909T163113Z_20250909T163213Z/MEF_outputs/X_prediction_results.csv
KEF/HE.KEF..HHN__20250909T163117Z__20250909T163217Z.mseed,HE,KEF,0,0,0,0,2025-09-09 16:31:22.950000,0.791,2025-09-09 16:31:45.440000,0.51,2025-09-09 16:31:17.000000,2025-09-09 16:32:17.000000,eqcct_earthquakes_th0_1/20250909T163117Z_20250909T163217Z/KEF_outputs/X_prediction_results.csv
SUF/HE.SUF..HHE__20250909T163122Z__20250909T163222Z.mseed,HE,SUF,0,0,0,0,2025-09-09 16:31:26.084000,0.741,2025-09-09 16:31:52.674000,0.732,2025-09-09 16:31:22.000000,2025-09-09 16:32:22.000000,eqcct_earthquakes_th0_1/20250909T163122Z_20250909T163222Z/SUF_outputs/X_prediction_results.csv
RSUO/HE.RSUO..HHN__20250909T163125Z__20250909T163225Z.mseed,HE,RSUO,0,0,0,0,2025-09-09 16:31:30.224000,0.755,2025-09-09 16:31:30.774000,0.65,2025-09-09 16:31:25.000000,2025-09-09 16:32:25.000000,eqcct_earthquakes_th0_1/20250909T163125Z_20250909T163225Z/RSUO_outputs/X_prediction_results.csv
HEL1/HE.HEL1..HHE__20250909T163126Z__20250909T163226Z.mseed,HE,HEL1,0,0,0,0,2025-09-09 16:31:31.340000,0.852,2025-09-09 16:31:36.460000,0.693,2025-09-09 16:31:26.000000,2025-09-09 16:32:26.000000,eqcct_earthquakes_th0_1/20250909T163126Z_20250909T163226Z/HEL1_outputs/X_prediction_results.csv
KAF/HE.KAF..HHE__20250909T163128Z__20250909T163228Z.mseed,HE,KAF,0,0,0,0,2025-09-09 16:31:34.460000,0.33,2025-09-09 16:31:34.410000,0.811,2025-09-09 16:31:28.000000,2025-09-09 16:32:28.000000,eqcct_earthquakes_th0_1/20250909T163128Z_20250909T163228Z/KAF_outputs/X_prediction_results.csv
HEL5/HE.HEL5..HHE__20250909T163129Z__20250909T163229Z.mseed,HE,HEL5,0,0,0,0,2025-09-09 16:31:34.348000,0.705,2025-09-09 16:31:38.718000,0.316,2025-09-09 16:31:29.000000,2025-09-09 16:32:29.000000,eqcct_earthquakes_th0_1/20250909T163129Z_20250909T163229Z/HEL5_outputs/X_prediction_results.csv
RAF/HE.RAF..HHZ__20250909T163131Z__20250909T163231Z.mseed,HE,RAF,0,0,0,0,2025-09-09 16:31:36.530000,0.748,2025-09-09 16:32:10.820000,0.513,2025-09-09 16:31:31.000000,2025-09-09 16:32:31.000000,eqcct_earthquakes_th0_1/20250909T163131Z_20250909T163231Z/RAF_outputs/X_prediction_results.csv
KPF/HE.KPF..HHZ__20250909T163132Z__20250909T163232Z.mseed,HE,KPF,0,0,0,0,2025-09-09 16:31:37.370000,0.772,2025-09-09 16:32:10.670000,0.189,2025-09-09 16:31:32.000000,2025-09-09 16:32:32.000000,eqcct_earthquakes_th0_1/20250909T163132Z_20250909T163232Z/KPF_outputs/X_prediction_results.csv
TVF/HE.TVF..HHN__20250909T163152Z__20250909T163252Z.mseed,HE,TVF,0,0,0,0,2025-09-09 16:31:56.232000,0.339,2025-09-09 16:31:58.302000,0.704,2025-09-09 16:31:52.000000,2025-09-09 16:32:52.000000,eqcct_earthquakes_th0_1/20250909T163152Z_20250909T163252Z/TVF_outputs/X_prediction_results.csv
NIF/HE.NIF..HHE__20250909T163205Z__20250909T163305Z.mseed,HE,NIF,0,0,0,0,2025-09-09 16:32:09.684000,0.25,2025-09-09 16:32:11.654000,0.268,2025-09-09 16:32:05.000000,2025-09-09 16:33:05.000000,eqcct_earthquakes_th0_1/20250909T163205Z_20250909T163305Z/NIF_outputs/X_prediction_results.csv
KLF/FN.KLF..HHE__20250911T131725Z__20250911T131825Z.mseed,FN,KLF,0,0,0,0,2025-09-11 13:17:30.800000,0.949,2025-09-11 13:17:32.570000,0.882,2025-09-11 13:17:25.000000,2025-09-11 13:18:25.000000,eqcct_earthquakes_th0_1/20250911T131725Z_20250911T131825Z/KLF_outputs/X_prediction_results.csv
RNF/FN.RNF..HHE__20250911T131740Z__20250911T131840Z.mseed,FN,RNF,0,0,0,0,2025-09-11 13:17:45.270000,0.936,2025-09-11 13:17:57.390000,0.569,2025-09-11 13:17:40.000000,2025-09-11 13:18:40.000000,eqcct_earthquakes_th0_1/20250911T131740Z_20250911T131840Z/RNF_outputs/X_prediction_results.csv
TOF/HE.TOF..HHE__20250911T131742Z__20250911T131842Z.mseed,HE,TOF,0,0,0,0,2025-09-11 13:17:47.540000,0.913,2025-09-11 13:18:00.930000,0.404,2025-09-11 13:17:42.000000,2025-09-11 13:18:42.000000,eqcct_earthquakes_th0_1/20250911T131742Z_20250911T131842Z/TOF_outputs/X_prediction_results.csv
HEF/HE.HEF..HHE__20250911T131746Z__20250911T131846Z.mseed,HE,HEF,0,0,0,0,2025-09-11 13:17:51.860000,0.889,2025-09-11 13:18:07.930000,0.427,2025-09-11 13:17:46.000000,2025-09-11 13:18:46.000000,eqcct_earthquakes_th0_1/20250911T131746Z_20250911T131846Z/HEF_outputs/X_prediction_results.csv
RANF/FN.RANF..HHN__20250911T131751Z__20250911T131851Z.mseed,FN,RANF,0,0,0,0,2025-09-11 13:17:56.000000,0.795,2025-09-11 13:18:16.460000,0.272,2025-09-11 13:17:51.000000,2025-09-11 13:18:51.000000,eqcct_earthquakes_th0_1/20250911T131751Z_20250911T131851Z/RANF_outputs/X_prediction_results.csv
SGF/FN.SGF..HHE__20250911T131754Z__20250911T131854Z.mseed,FN,SGF,0,0,0,0,2025-09-11 13:17:56.850000,0.524,2025-09-11 13:18:05.650000,0.195,2025-09-11 13:17:54.000000,2025-09-11 13:18:54.000000,eqcct_earthquakes_th0_1/20250911T131754Z_20250911T131854Z/SGF_outputs/X_prediction_results.csv
RAJF/FN.RAJF..HHN__20250911T131826Z__20250911T131926Z.mseed,FN,RAJF,0,0,0,0,2025-09-11 13:18:30.300000,0.617,2025-09-11 13:18:32.720000,0.377,2025-09-11 13:18:26.000000,2025-09-11 13:19:26.000000,eqcct_earthquakes_th0_1/20250911T131826Z_20250911T131926Z/RAJF_outputs/X_prediction_results.csv
OUL/FN.OUL..HHN__20250911T131828Z__20250911T131928Z.mseed,FN,OUL,0,0,0,0,2025-09-11 13:18:32.990000,0.294,2025-09-11 13:18:34.220000,0.508,2025-09-11 13:18:28.000000,2025-09-11 13:19:28.000000,eqcct_earthquakes_th0_1/20250911T131828Z_20250911T131928Z/OUL_outputs/X_prediction_results.csv
FIA0/HE.FIA0..HHN__20250914T060208Z__20250914T060308Z.mseed,HE,FIA0,0,0,0,0,2025-09-14 06:02:13.580000,0.944,2025-09-14 06:02:23.300000,0.602,2025-09-14 06:02:08.000000,2025-09-14 06:03:08.000000,eqcct_earthquakes_th0_1/20250914T060208Z_20250914T060308Z/FIA0_outputs/X_prediction_results.csv
FIA1/HE.FIA1..HHE__20250914T060208Z__20250914T060308Z.mseed,HE,FIA1,0,0,0,0,2025-09-14 06:02:13.580000,0.939,2025-09-14 06:02:23.300000,0.345,2025-09-14 06:02:08.000000,2025-09-14 06:03:08.000000,eqcct_earthquakes_th0_1/20250914T060208Z_20250914T060308Z/FIA1_outputs/X_prediction_results.csv
NUR/HE.NUR..HHE__20250914T060209Z__20250914T060309Z.mseed,HE,NUR,0,0,0,0,2025-09-14 06:02:14.068000,0.822,2025-09-14 06:02:24.058000,0.356,2025-09-14 06:02:09.000000,2025-09-14 06:03:09.000000,eqcct_earthquakes_th0_1/20250914T060209Z_20250914T060309Z/NUR_outputs/X_prediction_results.csv
VJF/HE.VJF..HHE__20250914T060209Z__20250914T060309Z.mseed,HE,VJF,0,0,0,0,2025-09-14 06:02:14.444000,0.892,2025-09-14 06:02:25.114000,0.796,2025-09-14 06:02:09.000000,2025-09-14 06:03:09.000000,eqcct_earthquakes_th0_1/20250914T060209Z_20250914T060309Z/VJF_outputs/X_prediction_results.csv
KUNI/HE.KUNI..HHZ__20250914T060218Z__20250914T060318Z.mseed,HE,KUNI,0,0,0,0,2025-09-14 06:02:22.890000,0.366,,,2025-09-14 06:02:18.000000,2025-09-14 06:03:18.000000,eqcct_earthquakes_th0_1/20250914T060218Z_20250914T060318Z/KUNI_outputs/X_prediction_results.csv
KAF/HE.KAF..HHZ__20250914T060220Z__20250914T060320Z.mseed,HE,KAF,0,0,0,0,2025-09-14 06:02:25.580000,0.885,2025-09-14 06:02:43.950000,0.669,2025-09-14 06:02:20.000000,2025-09-14 06:03:20.000000,eqcct_earthquakes_th0_1/20250914T060220Z_20250914T060320Z/KAF_outputs/X_prediction_results.csv
LAUT/HE.LAUT..HHN__20250914T060221Z__20250914T060321Z.mseed,HE,LAUT,0,0,0,0,2025-09-14 06:02:25.840000,0.845,2025-09-14 06:02:35.510000,0.497,2025-09-14 06:02:21.000000,2025-09-14 06:03:21.000000,eqcct_earthquakes_th0_1/20250914T060221Z_20250914T060321Z/LAUT_outputs/X_prediction_results.csv
HEL1/HE.HEL1..HHE__20250914T060221Z__20250914T060321Z.mseed,HE,HEL1,0,0,0,0,2025-09-14 06:02:25.140000,0.754,,,2025-09-14 06:02:21.000000,2025-09-14 06:03:21.000000,eqcct_earthquakes_th0_1/20250914T060221Z_20250914T060321Z/HEL1_outputs/X_prediction_results.csv
RUF/HE.RUF..HHZ__20250914T060223Z__20250914T060323Z.mseed,HE,RUF,0,0,0,0,2025-09-14 06:02:27.544000,0.813,2025-09-14 06:02:49.004000,0.327,2025-09-14 06:02:23.000000,2025-09-14 06:03:23.000000,eqcct_earthquakes_th0_1/20250914T060223Z_20250914T060323Z/RUF_outputs/X_prediction_results.csv
KEF/HE.KEF..HHZ__20250914T060223Z__20250914T060323Z.mseed,HE,KEF,0,0,0,0,2025-09-14 06:02:28.650000,0.787,2025-09-14 06:02:49.170000,0.7,2025-09-14 06:02:23.000000,2025-09-14 06:03:23.000000,eqcct_earthquakes_th0_1/20250914T060223Z_20250914T060323Z/KEF_outputs/X_prediction_results.csv
HEL5/HE.HEL5..HHN__20250914T060223Z__20250914T060323Z.mseed,HE,HEL5,0,0,0,0,2025-09-14 06:02:27.936000,0.905,,,2025-09-14 06:02:23.000000,2025-09-14 06:03:23.000000,eqcct_earthquakes_th0_1/20250914T060223Z_20250914T060323Z/HEL5_outputs/X_prediction_results.csv
TVF/HE.TVF..HHZ__20250914T060225Z__20250914T060325Z.mseed,HE,TVF,0,0,0,0,2025-09-14 06:02:29.652000,0.398,,,2025-09-14 06:02:25.000000,2025-09-14 06:03:25.000000,eqcct_earthquakes_th0_1/20250914T060225Z_20250914T060325Z/TVF_outputs/X_prediction_results.csv
MEF/HE.MEF..HHZ__20250914T060226Z__20250914T060326Z.mseed,HE,MEF,0,0,0,0,2025-09-14 06:02:30.380000,0.621,,,2025-09-14 06:02:26.000000,2025-09-14 06:03:26.000000,eqcct_earthquakes_th0_1/20250914T060226Z_20250914T060326Z/MEF_outputs/X_prediction_results.csv
SUF/HE.SUF..HHE__20250914T060230Z__20250914T060330Z.mseed,HE,SUF,0,0,0,0,2025-09-14 06:02:35.888000,0.8,2025-09-14 06:03:01.638000,0.328,2025-09-14 06:02:30.000000,2025-09-14 06:03:30.000000,eqcct_earthquakes_th0_1/20250914T060230Z_20250914T060330Z/SUF_outputs/X_prediction_results.csv
RAF/HE.RAF..HHZ__20250914T060232Z__20250914T060332Z.mseed,HE,RAF,0,0,0,0,2025-09-14 06:02:37.740000,0.772,,,2025-09-14 06:02:32.000000,2025-09-14 06:03:32.000000,eqcct_earthquakes_th0_1/20250914T060232Z_20250914T060332Z/RAF_outputs/X_prediction_results.csv
KPF/HE.KPF..HHE__20250914T060234Z__20250914T060334Z.mseed,HE,KPF,0,0,0,0,2025-09-14 06:02:39.842000,0.729,2025-09-14 06:03:09.262000,0.442,2025-09-14 06:02:34.000000,2025-09-14 06:03:34.000000,eqcct_earthquakes_th0_1/20250914T060234Z_20250914T060334Z/KPF_outputs/X_prediction_results.csv
ALAJF/HE.ALAJF..HHN__20250914T060313Z__20250914T060413Z.mseed,HE,ALAJF,0,0,0,0,2025-09-14 06:03:17.830000,0.268,2025-09-14 06:03:19.340000,0.354,2025-09-14 06:03:13.000000,2025-09-14 06:04:13.000000,eqcct_earthquakes_th0_1/20250914T060313Z_20250914T060413Z/ALAJF_outputs/X_prediction_results.csv
NIF/HE.NIF..HHE__20250914T060319Z__20250914T060419Z.mseed,HE,NIF,0,0,0,0,2025-09-14 06:03:23.204000,0.212,,,2025-09-14 06:03:19.000000,2025-09-14 06:04:19.000000,eqcct_earthquakes_th0_1/20250914T060319Z_20250914T060419Z/NIF_outputs/X_prediction_results.csv
OBF8/HE.OBF8..HHE__20250914T142559Z__20250914T142659Z.mseed,HE,OBF8,0,0,0,0,2025-09-14 14:26:04.684000,0.928,2025-09-14 14:26:15.454000,0.454,2025-09-14 14:25:59.000000,2025-09-14 14:26:59.000000,eqcct_earthquakes_th0_1/20250914T142559Z_20250914T142659Z/OBF8_outputs/X_prediction_results.csv
OBF0/HE.OBF0..HHE__20250914T142604Z__20250914T142704Z.mseed,HE,OBF0,0,0,0,0,2025-09-14 14:26:09.540000,0.932,2025-09-14 14:26:23.630000,0.726,2025-09-14 14:26:04.000000,2025-09-14 14:27:04.000000,eqcct_earthquakes_th0_1/20250914T142604Z_20250914T142704Z/OBF0_outputs/X_prediction_results.csv
OUF/HE.OUF..HHE__20250914T142608Z__20250914T142708Z.mseed,HE,OUF,0,0,0,0,2025-09-14 14:26:13.080000,0.787,2025-09-14 14:26:31.000000,0.276,2025-09-14 14:26:08.000000,2025-09-14 14:27:08.000000,eqcct_earthquakes_th0_1/20250914T142608Z_20250914T142708Z/OUF_outputs/X_prediction_results.csv
OBF3/HE.OBF3..HHZ__20250914T142608Z__20250914T142708Z.mseed,HE,OBF3,0,0,0,0,2025-09-14 14:26:13.096000,0.582,,,2025-09-14 14:26:08.000000,2025-09-14 14:27:08.000000,eqcct_earthquakes_th0_1/20250914T142608Z_20250914T142708Z/OBF3_outputs/X_prediction_results.csv
VAF/HE.VAF..HHE__20250914T142634Z__20250914T142734Z.mseed,HE,VAF,0,0,0,0,2025-09-14 14:26:38.170000,0.878,2025-09-14 14:26:40.570000,0.666,2025-09-14 14:26:34.000000,2025-09-14 14:27:34.000000,eqcct_earthquakes_th0_1/20250914T142634Z_20250914T142734Z/VAF_outputs/X_prediction_results.csv
TOF/HE.TOF..HHE__20250914T142639Z__20250914T142739Z.mseed,HE,TOF,0,0,0,0,2025-09-14 14:26:43.770000,0.537,2025-09-14 14:26:45.420000,0.315,2025-09-14 14:26:39.000000,2025-09-14 14:27:39.000000,eqcct_earthquakes_th0_1/20250914T142639Z_20250914T142739Z/TOF_outputs/X_prediction_results.csv
ALAJF/HE.ALAJF..HHN__20250914T142639Z__20250914T142739Z.mseed,HE,ALAJF,0,0,0,0,2025-09-14 14:26:43.176000,0.376,2025-09-14 14:26:45.266000,0.734,2025-09-14 14:26:39.000000,2025-09-14 14:27:39.000000,eqcct_earthquakes_th0_1/20250914T142639Z_20250914T142739Z/ALAJF_outputs/X_prediction_results.csv
VJF/HE.VJF..HHE__20250914T190743Z__20250914T190843Z.mseed,HE,VJF,0,0,0,0,2025-09-14 19:07:48.452000,0.776,2025-09-14 19:07:54.252000,0.643,2025-09-14 19:07:43.000000,2025-09-14 19:08:43.000000,eqcct_earthquakes_th0_1/20250914T190743Z_20250914T190843Z/VJF_outputs/X_prediction_results.csv
FIA0/HE.FIA0..HHN__20250914T190749Z__20250914T190849Z.mseed,HE,FIA0,0,0,0,0,2025-09-14 19:07:54.160000,0.562,2025-09-14 19:08:04.670000,0.809,2025-09-14 19:07:49.000000,2025-09-14 19:08:49.000000,eqcct_earthquakes_th0_1/20250914T190749Z_20250914T190849Z/FIA0_outputs/X_prediction_results.csv
FIA1/HE.FIA1..HHN__20250914T190749Z__20250914T190849Z.mseed,HE,FIA1,0,0,0,0,2025-09-14 19:07:54.160000,0.696,2025-09-14 19:08:04.620000,0.748,2025-09-14 19:07:49.000000,2025-09-14 19:08:49.000000,eqcct_earthquakes_th0_1/20250914T190749Z_20250914T190849Z/FIA1_outputs/X_prediction_results.csv
KAF/HE.KAF..HHE__20250914T190816Z__20250914T190916Z.mseed,HE,KAF,0,0,0,0,2025-09-14 19:08:20.000000,0.396,,,2025-09-14 19:08:16.000000,2025-09-14 19:09:16.000000,eqcct_earthquakes_th0_1/20250914T190816Z_20250914T190916Z/KAF_outputs/X_prediction_results.csv
KLF/FN.KLF..HHE__20250915T101723Z__20250915T101823Z.mseed,FN,KLF,0,0,0,0,2025-09-15 10:17:28.700000,0.969,2025-09-15 10:17:30.470000,0.895,2025-09-15 10:17:23.000000,2025-09-15 10:18:23.000000,eqcct_earthquakes_th0_1/20250915T101723Z_20250915T101823Z/KLF_outputs/X_prediction_results.csv
RNF/FN.RNF..HHN__20250915T101737Z__20250915T101837Z.mseed,FN,RNF,0,0,0,0,2025-09-15 10:17:42.960000,0.748,2025-09-15 10:17:55.160000,0.657,2025-09-15 10:17:37.000000,2025-09-15 10:18:37.000000,eqcct_earthquakes_th0_1/20250915T101737Z_20250915T101837Z/RNF_outputs/X_prediction_results.csv
TOF/HE.TOF..HHE__20250915T101740Z__20250915T101840Z.mseed,HE,TOF,0,0,0,0,2025-09-15 10:17:45.250000,0.908,2025-09-15 10:17:59.080000,0.558,2025-09-15 10:17:40.000000,2025-09-15 10:18:40.000000,eqcct_earthquakes_th0_1/20250915T101740Z_20250915T101840Z/TOF_outputs/X_prediction_results.csv
HEF/HE.HEF..HHE__20250915T101744Z__20250915T101844Z.mseed,HE,HEF,0,0,0,0,2025-09-15 10:17:49.510000,0.848,2025-09-15 10:18:07.100000,0.22,2025-09-15 10:17:44.000000,2025-09-15 10:18:44.000000,eqcct_earthquakes_th0_1/20250915T101744Z_20250915T101844Z/HEF_outputs/X_prediction_results.csv
RANF/FN.RANF..HHZ__20250915T101748Z__20250915T101848Z.mseed,FN,RANF,0,0,0,0,2025-09-15 10:17:52.450000,0.899,2025-09-15 10:18:14.490000,0.193,2025-09-15 10:17:48.000000,2025-09-15 10:18:48.000000,eqcct_earthquakes_th0_1/20250915T101748Z_20250915T101848Z/RANF_outputs/X_prediction_results.csv
RAJF/FN.RAJF..HHZ__20250915T101823Z__20250915T101923Z.mseed,FN,RAJF,0,0,0,0,2025-09-15 10:18:27.610000,0.234,2025-09-15 10:18:32.220000,0.205,2025-09-15 10:18:23.000000,2025-09-15 10:19:23.000000,eqcct_earthquakes_th0_1/20250915T101823Z_20250915T101923Z/RAJF_outputs/X_prediction_results.csv
VRF/HE.VRF..HHN__20250915T101828Z__20250915T101928Z.mseed,HE,VRF,0,0,0,0,2025-09-15 10:18:32.590000,0.111,,,2025-09-15 10:18:28.000000,2025-09-15 10:19:28.000000,eqcct_earthquakes_th0_1/20250915T101828Z_20250915T101928Z/VRF_outputs/X_prediction_results.csv
OLKF/FN.OLKF..HHE__20250915T101829Z__20250915T101929Z.mseed,FN,OLKF,0,0,0,0,2025-09-15 10:18:33.770000,0.124,,,2025-09-15 10:18:29.000000,2025-09-15 10:19:29.000000,eqcct_earthquakes_th0_1/20250915T101829Z_20250915T101929Z/OLKF_outputs/X_prediction_results.csv
KMNF/FN.KMNF..HHN__20250915T101830Z__20250915T101930Z.mseed,FN,KMNF,0,0,0,0,2025-09-15 10:18:35.000000,0.264,,,2025-09-15 10:18:30.000000,2025-09-15 10:19:30.000000,eqcct_earthquakes_th0_1/20250915T101830Z_20250915T101930Z/KMNF_outputs/X_prediction_results.csv
KEV/HE.KEV..HHE__20250915T101846Z__20250915T101946Z.mseed,HE,KEV,0,0,0,0,2025-09-15 10:18:50.730000,0.168,,,2025-09-15 10:18:46.000000,2025-09-15 10:19:46.000000,eqcct_earthquakes_th0_1/20250915T101846Z_20250915T101946Z/KEV_outputs/X_prediction_results.csv
AAL/UP.AAL..HHZ__20250915T172350Z__20250915T172450Z.mseed,UP,AAL,0,0,0,0,2025-09-15 17:23:55.910000,0.928,2025-09-15 17:24:03.320000,0.666,2025-09-15 17:23:50.000000,2025-09-15 17:24:50.000000,eqcct_earthquakes_th0_1/20250915T172350Z_20250915T172450Z/AAL_outputs/X_prediction_results.csv
RAF/HE.RAF..HHE__20250915T172408Z__20250915T172508Z.mseed,HE,RAF,0,0,0,0,2025-09-15 17:24:13.420000,0.646,2025-09-15 17:24:33.490000,0.612,2025-09-15 17:24:08.000000,2025-09-15 17:25:08.000000,eqcct_earthquakes_th0_1/20250915T172408Z_20250915T172508Z/RAF_outputs/X_prediction_results.csv
TVF/HE.TVF..HHE__20250915T172426Z__20250915T172526Z.mseed,HE,TVF,0,0,0,0,2025-09-15 17:24:30.608000,0.365,2025-09-15 17:24:36.248000,0.686,2025-09-15 17:24:26.000000,2025-09-15 17:25:26.000000,eqcct_earthquakes_th0_1/20250915T172426Z_20250915T172526Z/TVF_outputs/X_prediction_results.csv
KIF/HE.KIF..HHE__20250915T232931Z__20250915T233031Z.mseed,HE,KIF,0,0,0,0,2025-09-15 23:29:35.520000,0.857,2025-09-15 23:29:36.910000,0.23,2025-09-15 23:29:31.000000,2025-09-15 23:30:31.000000,eqcct_earthquakes_th0_1/20250915T232931Z_20250915T233031Z/KIF_outputs/X_prediction_results.csv
KLF/FN.KLF..HHE__20250915T232933Z__20250915T233033Z.mseed,FN,KLF,0,0,0,0,2025-09-15 23:29:37.950000,0.363,,,2025-09-15 23:29:33.000000,2025-09-15 23:30:33.000000,eqcct_earthquakes_th0_1/20250915T232933Z_20250915T233033Z/KLF_outputs/X_prediction_results.csv
RNF/FN.RNF..HHE__20250915T232957Z__20250915T233057Z.mseed,FN,RNF,0,0,0,0,2025-09-15 23:30:01.760000,0.175,,,2025-09-15 23:29:57.000000,2025-09-15 23:30:57.000000,eqcct_earthquakes_th0_1/20250915T232957Z_20250915T233057Z/RNF_outputs/X_prediction_results.csv
KPF/HE.KPF..HHE__20250916T203518Z__20250916T203618Z.mseed,HE,KPF,0,0,0,0,2025-09-16 20:35:23.934000,0.7,,,2025-09-16 20:35:18.000000,2025-09-16 20:36:18.000000,eqcct_earthquakes_th0_1/20250916T203518Z_20250916T203618Z/KPF_outputs/X_prediction_results.csv
AAL/UP.AAL..HHN__20250916T203518Z__20250916T203618Z.mseed,UP,AAL,0,0,0,0,2025-09-16 20:35:23.450000,0.603,2025-09-16 20:35:50.000000,0.221,2025-09-16 20:35:18.000000,2025-09-16 20:36:18.000000,eqcct_earthquakes_th0_1/20250916T203518Z_20250916T203618Z/AAL_outputs/X_prediction_results.csv
RAF/HE.RAF..HHN__20250916T203519Z__20250916T203619Z.mseed,HE,RAF,0,0,0,0,2025-09-16 20:35:24.870000,0.8,2025-09-16 20:35:51.820000,0.168,2025-09-16 20:35:19.000000,2025-09-16 20:36:19.000000,eqcct_earthquakes_th0_1/20250916T203519Z_20250916T203619Z/RAF_outputs/X_prediction_results.csv
VAF/HE.VAF..HHN__20250916T203527Z__20250916T203627Z.mseed,HE,VAF,0,0,0,0,2025-09-16 20:35:32.020000,0.744,2025-09-16 20:36:04.800000,0.578,2025-09-16 20:35:27.000000,2025-09-16 20:36:27.000000,eqcct_earthquakes_th0_1/20250916T203527Z_20250916T203627Z/VAF_outputs/X_prediction_results.csv
KPF/HE.KPF..HHN__20250919T032131Z__20250919T032231Z.mseed,HE,KPF,0,0,0,0,2025-09-19 03:21:36.620000,0.787,2025-09-19 03:21:53.140000,0.69,2025-09-19 03:21:31.000000,2025-09-19 03:22:31.000000,eqcct_earthquakes_th0_1/20250919T032131Z_20250919T032231Z/KPF_outputs/X_prediction_results.csv
RAF/HE.RAF..HHN__20250919T032136Z__20250919T032236Z.mseed,HE,RAF,0,0,0,0,2025-09-19 03:21:41.530000,0.724,2025-09-19 03:22:02.660000,0.487,2025-09-19 03:21:36.000000,2025-09-19 03:22:36.000000,eqcct_earthquakes_th0_1/20250919T032136Z_20250919T032236Z/RAF_outputs/X_prediction_results.csv
VAF/HE.VAF..HHE__20250919T032139Z__20250919T032239Z.mseed,HE,VAF,0,0,0,0,2025-09-19 03:21:44.230000,0.697,,,2025-09-19 03:21:39.000000,2025-09-19 03:22:39.000000,eqcct_earthquakes_th0_1/20250919T032139Z_20250919T032239Z/VAF_outputs/X_prediction_results.csv
AAL/UP.AAL..HHZ__20250919T032208Z__20250919T032308Z.mseed,UP,AAL,0,0,0,0,2025-09-19 03:22:13.900000,0.673,2025-09-19 03:22:14.690000,0.501,2025-09-19 03:22:08.000000,2025-09-19 03:23:08.000000,eqcct_earthquakes_th0_1/20250919T032208Z_20250919T032308Z/AAL_outputs/X_prediction_results.csv
ALAJF/HE.ALAJF..HHZ__20250919T032218Z__20250919T032318Z.mseed,HE,ALAJF,0,0,0,0,2025-09-19 03:22:23.014000,0.27,2025-09-19 03:22:25.214000,0.511,2025-09-19 03:22:18.000000,2025-09-19 03:23:18.000000,eqcct_earthquakes_th0_1/20250919T032218Z_20250919T032318Z/ALAJF_outputs/X_prediction_results.csv
KEF/HE.KEF..HHE__20250919T032221Z__20250919T032321Z.mseed,HE,KEF,0,0,0,0,2025-09-19 03:22:25.070000,0.546,,,2025-09-19 03:22:21.000000,2025-09-19 03:23:21.000000,eqcct_earthquakes_th0_1/20250919T032221Z_20250919T032321Z/KEF_outputs/X_prediction_results.csv
OBF8/HE.OBF8..HHZ__20250919T204609Z__20250919T204709Z.mseed,HE,OBF8,0,0,0,0,2025-09-19 20:46:14.468000,0.935,2025-09-19 20:46:32.338000,0.823,2025-09-19 20:46:09.000000,2025-09-19 20:47:09.000000,eqcct_earthquakes_th0_1/20250919T204609Z_20250919T204709Z/OBF8_outputs/X_prediction_results.csv
OBF0/HE.OBF0..HHN__20250919T204614Z__20250919T204714Z.mseed,HE,OBF0,0,0,0,0,2025-09-19 20:46:18.356000,0.92,2025-09-19 20:46:40.596000,0.813,2025-09-19 20:46:14.000000,2025-09-19 20:47:14.000000,eqcct_earthquakes_th0_1/20250919T204614Z_20250919T204714Z/OBF0_outputs/X_prediction_results.csv
OUF/HE.OUF..HHZ__20250919T204617Z__20250919T204717Z.mseed,HE,OUF,0,0,0,0,2025-09-19 20:46:21.580000,0.745,2025-09-19 20:46:45.890000,0.516,2025-09-19 20:46:17.000000,2025-09-19 20:47:17.000000,eqcct_earthquakes_th0_1/20250919T204617Z_20250919T204717Z/OUF_outputs/X_prediction_results.csv
OBF3/HE.OBF3..HHZ__20250919T204617Z__20250919T204717Z.mseed,HE,OBF3,0,0,0,0,2025-09-19 20:46:21.136000,0.859,2025-09-19 20:46:45.826000,0.818,2025-09-19 20:46:17.000000,2025-09-19 20:47:17.000000,eqcct_earthquakes_th0_1/20250919T204617Z_20250919T204717Z/OBF3_outputs/X_prediction_results.csv
VAF/HE.VAF..HHN__20250919T204619Z__20250919T204719Z.mseed,HE,VAF,0,0,0,0,2025-09-19 20:46:24.140000,0.675,2025-09-19 20:46:49.010000,0.763,2025-09-19 20:46:19.000000,2025-09-19 20:47:19.000000,eqcct_earthquakes_th0_1/20250919T204619Z_20250919T204719Z/VAF_outputs/X_prediction_results.csv
TOF/HE.TOF..HHN__20250919T204647Z__20250919T204747Z.mseed,HE,TOF,0,0,0,0,2025-09-19 20:46:51.340000,0.642,2025-09-19 20:46:54.540000,0.474,2025-09-19 20:46:47.000000,2025-09-19 20:47:47.000000,eqcct_earthquakes_th0_1/20250919T204647Z_20250919T204747Z/TOF_outputs/X_prediction_results.csv
ALAJF/HE.ALAJF..HHZ__20250919T204650Z__20250919T204750Z.mseed,HE,ALAJF,0,0,0,0,2025-09-19 20:46:54.592000,0.826,2025-09-19 20:47:02.302000,0.381,2025-09-19 20:46:50.000000,2025-09-19 20:47:50.000000,eqcct_earthquakes_th0_1/20250919T204650Z_20250919T204750Z/ALAJF_outputs/X_prediction_results.csv
OUL/FN.OUL..HHE__20250919T204655Z__20250919T204755Z.mseed,FN,OUL,0,0,0,0,2025-09-19 20:46:59.870000,0.313,2025-09-19 20:47:01.870000,0.194,2025-09-19 20:46:55.000000,2025-09-19 20:47:55.000000,eqcct_earthquakes_th0_1/20250919T204655Z_20250919T204755Z/OUL_outputs/X_prediction_results.csv
FIA0/HE.FIA0..HHN__20250920T145131Z__20250920T145231Z.mseed,HE,FIA0,0,0,0,0,2025-09-20 14:51:35.440000,0.189,,,2025-09-20 14:51:31.000000,2025-09-20 14:52:31.000000,eqcct_earthquakes_th0_1/20250920T145131Z_20250920T145231Z/FIA0_outputs/X_prediction_results.csv
FIA1/HE.FIA1..HHN__20250920T145131Z__20250920T145231Z.mseed,HE,FIA1,0,0,0,0,2025-09-20 14:51:35.470000,0.569,,,2025-09-20 14:51:31.000000,2025-09-20 14:52:31.000000,eqcct_earthquakes_th0_1/20250920T145131Z_20250920T145231Z/FIA1_outputs/X_prediction_results.csv
KEF/HE.KEF..HHZ__20250920T145206Z__20250920T145306Z.mseed,HE,KEF,0,0,0,0,2025-09-20 14:52:10.380000,0.264,,,2025-09-20 14:52:06.000000,2025-09-20 14:53:06.000000,eqcct_earthquakes_th0_1/20250920T145206Z_20250920T145306Z/KEF_outputs/X_prediction_results.csv
MSF/FN.MSF..HHE__20250920T161839Z__20250920T161939Z.mseed,FN,MSF,0,0,0,0,2025-09-20 16:18:44.800000,0.85,2025-09-20 16:18:51.250000,0.853,2025-09-20 16:18:39.000000,2025-09-20 16:19:39.000000,eqcct_earthquakes_th0_1/20250920T161839Z_20250920T161939Z/MSF_outputs/X_prediction_results.csv
KU6/HE.KU6..HHN__20250920T161842Z__20250920T161942Z.mseed,HE,KU6,0,0,0,0,2025-09-20 16:18:47.520000,0.946,2025-09-20 16:18:55.800000,0.882,2025-09-20 16:18:42.000000,2025-09-20 16:19:42.000000,eqcct_earthquakes_th0_1/20250920T161842Z_20250920T161942Z/KU6_outputs/X_prediction_results.csv
OLKF/FN.OLKF..HHZ__20250920T161846Z__20250920T161946Z.mseed,FN,OLKF,0,0,0,0,2025-09-20 16:18:51.350000,0.889,2025-09-20 16:19:02.500000,0.836,2025-09-20 16:18:46.000000,2025-09-20 16:19:46.000000,eqcct_earthquakes_th0_1/20250920T161846Z_20250920T161946Z/OLKF_outputs/X_prediction_results.csv
RANF/FN.RANF..HHE__20250920T161850Z__20250920T161950Z.mseed,FN,RANF,0,0,0,0,2025-09-20 16:18:55.950000,0.926,2025-09-20 16:19:10.410000,0.625,2025-09-20 16:18:50.000000,2025-09-20 16:19:50.000000,eqcct_earthquakes_th0_1/20250920T161850Z_20250920T161950Z/RANF_outputs/X_prediction_results.csv
RMF/HE.RMF..HHN__20250920T161853Z__20250920T161953Z.mseed,HE,RMF,0,0,0,0,2025-09-20 16:18:58.104000,0.854,2025-09-20 16:19:14.604000,0.554,2025-09-20 16:18:53.000000,2025-09-20 16:19:53.000000,eqcct_earthquakes_th0_1/20250920T161853Z_20250920T161953Z/RMF_outputs/X_prediction_results.csv
OUL/FN.OUL..HHN__20250920T161856Z__20250920T161956Z.mseed,FN,OUL,0,0,0,0,2025-09-20 16:19:01.120000,0.849,2025-09-20 16:19:19.270000,0.764,2025-09-20 16:18:56.000000,2025-09-20 16:19:56.000000,eqcct_earthquakes_th0_1/20250920T161856Z_20250920T161956Z/OUL_outputs/X_prediction_results.csv
RNF/FN.RNF..HHE__20250920T161900Z__20250920T162000Z.mseed,FN,RNF,0,0,0,0,2025-09-20 16:19:05.300000,0.89,2025-09-20 16:19:27.210000,0.346,2025-09-20 16:19:00.000000,2025-09-20 16:20:00.000000,eqcct_earthquakes_th0_1/20250920T161900Z_20250920T162000Z/RNF_outputs/X_prediction_results.csv
OBF3/HE.OBF3..HHE__20250920T161928Z__20250920T162028Z.mseed,HE,OBF3,0,0,0,0,2025-09-20 16:19:32.462000,0.452,2025-09-20 16:19:34.882000,0.529,2025-09-20 16:19:28.000000,2025-09-20 16:20:28.000000,eqcct_earthquakes_th0_1/20250920T161928Z_20250920T162028Z/OBF3_outputs/X_prediction_results.csv
TOF/HE.TOF..HHZ__20250920T161930Z__20250920T162030Z.mseed,HE,TOF,0,0,0,0,2025-09-20 16:19:34.870000,0.747,,,2025-09-20 16:19:30.000000,2025-09-20 16:20:30.000000,eqcct_earthquakes_th0_1/20250920T161930Z_20250920T162030Z/TOF_outputs/X_prediction_results.csv
NIF/HE.NIF..HHN__20250920T161931Z__20250920T162031Z.mseed,HE,NIF,0,0,0,0,2025-09-20 16:19:35.988000,0.518,2025-09-20 16:19:38.418000,0.44,2025-09-20 16:19:31.000000,2025-09-20 16:20:31.000000,eqcct_earthquakes_th0_1/20250920T161931Z_20250920T162031Z/NIF_outputs/X_prediction_results.csv
OUF/HE.OUF..HHZ__20250920T161932Z__20250920T162032Z.mseed,HE,OUF,0,0,0,0,2025-09-20 16:19:37.050000,0.167,,,2025-09-20 16:19:32.000000,2025-09-20 16:20:32.000000,eqcct_earthquakes_th0_1/20250920T161932Z_20250920T162032Z/OUF_outputs/X_prediction_results.csv
OBF0/HE.OBF0..HHZ__20250920T161935Z__20250920T162035Z.mseed,HE,OBF0,0,0,0,0,2025-09-20 16:19:39.864000,0.211,,,2025-09-20 16:19:35.000000,2025-09-20 16:20:35.000000,eqcct_earthquakes_th0_1/20250920T161935Z_20250920T162035Z/OBF0_outputs/X_prediction_results.csv
JOF/HE.JOF..HHZ__20250920T161944Z__20250920T162044Z.mseed,HE,JOF,0,0,0,0,2025-09-20 16:19:48.790000,0.652,,,2025-09-20 16:19:44.000000,2025-09-20 16:20:44.000000,eqcct_earthquakes_th0_1/20250920T161944Z_20250920T162044Z/JOF_outputs/X_prediction_results.csv
TOF/HE.TOF..HHZ__20250921T102601Z__20250921T102701Z.mseed,HE,TOF,0,0,0,0,2025-09-21 10:26:06.390000,0.954,2025-09-21 10:26:09.890000,0.843,2025-09-21 10:26:01.000000,2025-09-21 10:27:01.000000,eqcct_earthquakes_th0_1/20250921T102601Z_20250921T102701Z/TOF_outputs/X_prediction_results.csv
RNF/FN.RNF..HHN__20250921T102616Z__20250921T102716Z.mseed,FN,RNF,0,0,0,0,2025-09-21 10:26:20.640000,0.504,2025-09-21 10:26:36.310000,0.379,2025-09-21 10:26:16.000000,2025-09-21 10:27:16.000000,eqcct_earthquakes_th0_1/20250921T102616Z_20250921T102716Z/RNF_outputs/X_prediction_results.csv
RANF/FN.RANF..HHZ__20250921T102618Z__20250921T102718Z.mseed,FN,RANF,0,0,0,0,2025-09-21 10:26:23.550000,0.768,2025-09-21 10:26:39.520000,0.467,2025-09-21 10:26:18.000000,2025-09-21 10:27:18.000000,eqcct_earthquakes_th0_1/20250921T102618Z_20250921T102718Z/RANF_outputs/X_prediction_results.csv
OUL/FN.OUL..HHZ__20250921T102618Z__20250921T102718Z.mseed,FN,OUL,0,0,0,0,2025-09-21 10:26:23.240000,0.645,2025-09-21 10:26:38.220000,0.219,2025-09-21 10:26:18.000000,2025-09-21 10:27:18.000000,eqcct_earthquakes_th0_1/20250921T102618Z_20250921T102718Z/OUL_outputs/X_prediction_results.csv
KLF/FN.KLF..HHE__20250921T102619Z__20250921T102719Z.mseed,FN,KLF,0,0,0,0,2025-09-21 10:26:24.850000,0.744,2025-09-21 10:26:42.020000,0.427,2025-09-21 10:26:19.000000,2025-09-21 10:27:19.000000,eqcct_earthquakes_th0_1/20250921T102619Z_20250921T102719Z/KLF_outputs/X_prediction_results.csv
OBF3/HE.OBF3..HHE__20250921T102632Z__20250921T102732Z.mseed,HE,OBF3,0,0,0,0,2025-09-21 10:26:36.698000,0.142,,,2025-09-21 10:26:32.000000,2025-09-21 10:27:32.000000,eqcct_earthquakes_th0_1/20250921T102632Z_20250921T102732Z/OBF3_outputs/X_prediction_results.csv
AAL/UP.AAL..HHN__20250921T114600Z__20250921T114700Z.mseed,UP,AAL,0,0,0,0,2025-09-21 11:46:05.240000,0.607,2025-09-21 11:46:35.550000,0.104,2025-09-21 11:46:00.000000,2025-09-21 11:47:00.000000,eqcct_earthquakes_th0_1/20250921T114600Z_20250921T114700Z/AAL_outputs/X_prediction_results.csv
RAF/HE.RAF..HHE__20250921T114603Z__20250921T114703Z.mseed,HE,RAF,0,0,0,0,2025-09-21 11:46:07.350000,0.628,,,2025-09-21 11:46:03.000000,2025-09-21 11:47:03.000000,eqcct_earthquakes_th0_1/20250921T114603Z_20250921T114703Z/RAF_outputs/X_prediction_results.csv
KPF/HE.KPF..HHZ__20250921T114633Z__20250921T114733Z.mseed,HE,KPF,0,0,0,0,2025-09-21 11:46:37.994000,0.576,2025-09-21 11:46:40.654000,0.649,2025-09-21 11:46:33.000000,2025-09-21 11:47:33.000000,eqcct_earthquakes_th0_1/20250921T114633Z_20250921T114733Z/KPF_outputs/X_prediction_results.csv
KEV/HE.KEV..HHN__20250922T083411Z__20250922T083511Z.mseed,HE,KEV,0,0,0,0,2025-09-22 08:34:16.650000,0.942,2025-09-22 08:34:32.920000,0.786,2025-09-22 08:34:11.000000,2025-09-22 08:35:11.000000,eqcct_earthquakes_th0_1/20250922T083411Z_20250922T083511Z/KEV_outputs/X_prediction_results.csv
KIF/HE.KIF..HHE__20250922T083418Z__20250922T083518Z.mseed,HE,KIF,0,0,0,0,2025-09-22 08:34:23.970000,0.916,2025-09-22 08:34:45.630000,0.637,2025-09-22 08:34:18.000000,2025-09-22 08:35:18.000000,eqcct_earthquakes_th0_1/20250922T083418Z_20250922T083518Z/KIF_outputs/X_prediction_results.csv
KMNF/FN.KMNF..HHE__20250922T083418Z__20250922T083518Z.mseed,FN,KMNF,0,0,0,0,2025-09-22 08:34:23.350000,0.902,2025-09-22 08:34:44.950000,0.557,2025-09-22 08:34:18.000000,2025-09-22 08:35:18.000000,eqcct_earthquakes_th0_1/20250922T083418Z_20250922T083518Z/KMNF_outputs/X_prediction_results.csv
HEF/HE.HEF..HHN__20250922T083448Z__20250922T083548Z.mseed,HE,HEF,0,0,0,0,2025-09-22 08:34:52.730000,0.267,2025-09-22 08:34:56.870000,0.543,2025-09-22 08:34:48.000000,2025-09-22 08:35:48.000000,eqcct_earthquakes_th0_1/20250922T083448Z_20250922T083548Z/HEF_outputs/X_prediction_results.csv
RAJF/FN.RAJF..HHE__20250922T083500Z__20250922T083600Z.mseed,FN,RAJF,0,0,0,0,2025-09-22 08:35:04.760000,0.479,2025-09-22 08:35:10.620000,0.618,2025-09-22 08:35:00.000000,2025-09-22 08:36:00.000000,eqcct_earthquakes_th0_1/20250922T083500Z_20250922T083600Z/RAJF_outputs/X_prediction_results.csv
FIA1/HE.FIA1..HHN__20250924T025431Z__20250924T025531Z.mseed,HE,FIA1,0,0,0,0,2025-09-24 02:54:36.870000,0.887,2025-09-24 02:54:46.370000,0.639,2025-09-24 02:54:31.000000,2025-09-24 02:55:31.000000,eqcct_earthquakes_th0_1/20250924T025431Z_20250924T025531Z/FIA1_outputs/X_prediction_results.csv
FIA0/HE.FIA0..HHN__20250924T025431Z__20250924T025531Z.mseed,HE,FIA0,0,0,0,0,2025-09-24 02:54:36.870000,0.85,2025-09-24 02:54:46.370000,0.565,2025-09-24 02:54:31.000000,2025-09-24 02:55:31.000000,eqcct_earthquakes_th0_1/20250924T025431Z_20250924T025531Z/FIA0_outputs/X_prediction_results.csv
VJF/HE.VJF..HHZ__20250924T025432Z__20250924T025532Z.mseed,HE,VJF,0,0,0,0,2025-09-24 02:54:37.392000,0.794,2025-09-24 02:54:48.182000,0.338,2025-09-24 02:54:32.000000,2025-09-24 02:55:32.000000,eqcct_earthquakes_th0_1/20250924T025432Z_20250924T025532Z/VJF_outputs/X_prediction_results.csv
KAF/HE.KAF..HHZ__20250924T025443Z__20250924T025543Z.mseed,HE,KAF,0,0,0,0,2025-09-24 02:54:48.080000,0.126,,,2025-09-24 02:54:43.000000,2025-09-24 02:55:43.000000,eqcct_earthquakes_th0_1/20250924T025443Z_20250924T025543Z/KAF_outputs/X_prediction_results.csv
VJF/HE.VJF..HHE__20250924T122506Z__20250924T122606Z.mseed,HE,VJF,0,0,0,0,2025-09-24 12:25:11.972000,0.7,2025-09-24 12:25:19.722000,0.579,2025-09-24 12:25:06.000000,2025-09-24 12:26:06.000000,eqcct_earthquakes_th0_1/20250924T122506Z_20250924T122606Z/VJF_outputs/X_prediction_results.csv
MEF/HE.MEF..HHE__20250924T122528Z__20250924T122628Z.mseed,HE,MEF,0,0,0,0,2025-09-24 12:25:32.900000,0.638,,,2025-09-24 12:25:28.000000,2025-09-24 12:26:28.000000,eqcct_earthquakes_th0_1/20250924T122528Z_20250924T122628Z/MEF_outputs/X_prediction_results.csv
FIA0/HE.FIA0..HHZ__20250924T122529Z__20250924T122629Z.mseed,HE,FIA0,0,0,0,0,2025-09-24 12:25:34.680000,0.583,2025-09-24 12:25:41.050000,0.64,2025-09-24 12:25:29.000000,2025-09-24 12:26:29.000000,eqcct_earthquakes_th0_1/20250924T122529Z_20250924T122629Z/FIA0_outputs/X_prediction_results.csv
FIA1/HE.FIA1..HHN__20250924T122529Z__20250924T122629Z.mseed,HE,FIA1,0,0,0,0,2025-09-24 12:25:34.680000,0.201,2025-09-24 12:25:40.980000,0.387,2025-09-24 12:25:29.000000,2025-09-24 12:26:29.000000,eqcct_earthquakes_th0_1/20250924T122529Z_20250924T122629Z/FIA1_outputs/X_prediction_results.csv
RUF/HE.RUF..HHN__20250924T122545Z__20250924T122645Z.mseed,HE,RUF,0,0,0,0,2025-09-24 12:25:49.726000,0.536,2025-09-24 12:25:53.326000,0.82,2025-09-24 12:25:45.000000,2025-09-24 12:26:45.000000,eqcct_earthquakes_th0_1/20250924T122545Z_20250924T122645Z/RUF_outputs/X_prediction_results.csv
KAF/HE.KAF..HHN__20250924T122549Z__20250924T122649Z.mseed,HE,KAF,0,0,0,0,2025-09-24 12:25:53.880000,0.184,,,2025-09-24 12:25:49.000000,2025-09-24 12:26:49.000000,eqcct_earthquakes_th0_1/20250924T122549Z_20250924T122649Z/KAF_outputs/X_prediction_results.csv
KEF/HE.KEF..HHZ__20250924T122556Z__20250924T122656Z.mseed,HE,KEF,0,0,0,0,2025-09-24 12:26:00.330000,0.637,2025-09-24 12:26:03.220000,0.226,2025-09-24 12:25:56.000000,2025-09-24 12:26:56.000000,eqcct_earthquakes_th0_1/20250924T122556Z_20250924T122656Z/KEF_outputs/X_prediction_results.csv
SUF/HE.SUF..HHZ__20250924T122607Z__20250924T122707Z.mseed,HE,SUF,0,0,0,0,2025-09-24 12:26:11.266000,0.12,,,2025-09-24 12:26:07.000000,2025-09-24 12:27:07.000000,eqcct_earthquakes_th0_1/20250924T122607Z_20250924T122707Z/SUF_outputs/X_prediction_results.csv
FIA0/HE.FIA0..HHZ__20250927T215832Z__20250927T215932Z.mseed,HE,FIA0,0,0,0,0,2025-09-27 21:58:37.310000,0.546,,,2025-09-27 21:58:32.000000,2025-09-27 21:59:32.000000,eqcct_earthquakes_th0_1/20250927T215832Z_20250927T215932Z/FIA0_outputs/X_prediction_results.csv
FIA1/HE.FIA1..HHN__20250927T215832Z__20250927T215932Z.mseed,HE,FIA1,0,0,0,0,2025-09-27 21:58:37.700000,0.754,,,2025-09-27 21:58:32.000000,2025-09-27 21:59:32.000000,eqcct_earthquakes_th0_1/20250927T215832Z_20250927T215932Z/FIA1_outputs/X_prediction_results.csv
NUR/HE.NUR..HHN__20250927T215843Z__20250927T215943Z.mseed,HE,NUR,0,0,0,0,2025-09-27 21:58:47.404000,0.496,,,2025-09-27 21:58:43.000000,2025-09-27 21:59:43.000000,eqcct_earthquakes_th0_1/20250927T215843Z_20250927T215943Z/NUR_outputs/X_prediction_results.csv
OBF3/HE.OBF3..HHN__20250930T144906Z__20250930T145006Z.mseed,HE,OBF3,0,0,0,0,2025-09-30 14:49:11.388000,0.728,2025-09-30 14:49:19.668000,0.759,2025-09-30 14:49:06.000000,2025-09-30 14:50:06.000000,eqcct_earthquakes_th0_1/20250930T144906Z_20250930T145006Z/OBF3_outputs/X_prediction_results.csv
TOF/HE.TOF..HHE__20250930T144909Z__20250930T145009Z.mseed,HE,TOF,0,0,0,0,2025-09-30 14:49:14.130000,0.947,2025-09-30 14:49:24.340000,0.793,2025-09-30 14:49:09.000000,2025-09-30 14:50:09.000000,eqcct_earthquakes_th0_1/20250930T144909Z_20250930T145009Z/TOF_outputs/X_prediction_results.csv
OBF0/HE.OBF0..HHN__20250930T144910Z__20250930T145010Z.mseed,HE,OBF0,0,0,0,0,2025-09-30 14:49:15.212000,0.84,2025-09-30 14:49:26.072000,0.742,2025-09-30 14:49:10.000000,2025-09-30 14:50:10.000000,eqcct_earthquakes_th0_1/20250930T144910Z_20250930T145010Z/OBF0_outputs/X_prediction_results.csv
OUL/FN.OUL..HHE__20250930T144910Z__20250930T145010Z.mseed,FN,OUL,0,0,0,0,2025-09-30 14:49:15.250000,0.634,2025-09-30 14:49:27.150000,0.414,2025-09-30 14:49:10.000000,2025-09-30 14:50:10.000000,eqcct_earthquakes_th0_1/20250930T144910Z_20250930T145010Z/OUL_outputs/X_prediction_results.csv
OUF/HE.OUF..HHN__20250930T144913Z__20250930T145013Z.mseed,HE,OUF,0,0,0,0,2025-09-30 14:49:18.380000,0.81,2025-09-30 14:49:31.330000,0.7,2025-09-30 14:49:13.000000,2025-09-30 14:50:13.000000,eqcct_earthquakes_th0_1/20250930T144913Z_20250930T145013Z/OUF_outputs/X_prediction_results.csv
RANF/FN.RANF..HHN__20250930T144918Z__20250930T145018Z.mseed,FN,RANF,0,0,0,0,2025-09-30 14:49:23.810000,0.276,2025-09-30 14:49:41.630000,0.318,2025-09-30 14:49:18.000000,2025-09-30 14:50:18.000000,eqcct_earthquakes_th0_1/20250930T144918Z_20250930T145018Z/RANF_outputs/X_prediction_results.csv
RNF/FN.RNF..HHE__20250930T144922Z__20250930T145022Z.mseed,FN,RNF,0,0,0,0,2025-09-30 14:49:27.180000,0.274,2025-09-30 14:49:46.880000,0.348,2025-09-30 14:49:22.000000,2025-09-30 14:50:22.000000,eqcct_earthquakes_th0_1/20250930T144922Z_20250930T145022Z/RNF_outputs/X_prediction_results.csv
KLF/FN.KLF..HHE__20250930T144928Z__20250930T145028Z.mseed,FN,KLF,0,0,0,0,2025-09-30 14:49:32.050000,0.478,2025-09-30 14:49:58.140000,0.204,2025-09-30 14:49:28.000000,2025-09-30 14:50:28.000000,eqcct_earthquakes_th0_1/20250930T144928Z_20250930T145028Z/KLF_outputs/X_prediction_results.csv
AAL/UP.AAL..HHE__20251002T093506Z__20251002T093606Z.mseed,UP,AAL,0,0,0,0,2025-10-02 09:35:11.670000,0.76,,,2025-10-02 09:35:06.000000,2025-10-02 09:36:06.000000,eqcct_earthquakes_th0_1/20251002T093506Z_20251002T093606Z/AAL_outputs/X_prediction_results.csv
KPF/HE.KPF..HHE__20251002T093511Z__20251002T093611Z.mseed,HE,KPF,0,0,0,0,2025-10-02 09:35:15.232000,0.843,,,2025-10-02 09:35:11.000000,2025-10-02 09:36:11.000000,eqcct_earthquakes_th0_1/20251002T093511Z_20251002T093611Z/KPF_outputs/X_prediction_results.csv
RAF/HE.RAF..HHZ__20251002T093547Z__20251002T093647Z.mseed,HE,RAF,0,0,0,0,2025-10-02 09:35:51.720000,0.864,,,2025-10-02 09:35:47.000000,2025-10-02 09:36:47.000000,eqcct_earthquakes_th0_1/20251002T093547Z_20251002T093647Z/RAF_outputs/X_prediction_results.csv
OBF0/HE.OBF0..HHE__20251003T005916Z__20251003T010016Z.mseed,HE,OBF0,0,0,0,0,2025-10-03 00:59:20.318000,0.148,2025-10-03 00:59:22.538000,0.481,2025-10-03 00:59:16.000000,2025-10-03 01:00:16.000000,eqcct_earthquakes_th0_1/20251003T005916Z_20251003T010016Z/OBF0_outputs/X_prediction_results.csv
OBF3/HE.OBF3..HHN__20251003T005925Z__20251003T010025Z.mseed,HE,OBF3,0,0,0,0,2025-10-03 00:59:29.672000,0.203,2025-10-03 00:59:32.162000,0.145,2025-10-03 00:59:25.000000,2025-10-03 01:00:25.000000,eqcct_earthquakes_th0_1/20251003T005925Z_20251003T010025Z/OBF3_outputs/X_prediction_results.csv
VJF/HE.VJF..HHE__20251003T171550Z__20251003T171650Z.mseed,HE,VJF,0,0,0,0,2025-10-03 17:15:55.660000,0.938,2025-10-03 17:16:05.870000,0.798,2025-10-03 17:15:50.000000,2025-10-03 17:16:50.000000,eqcct_earthquakes_th0_1/20251003T171550Z_20251003T171650Z/VJF_outputs/X_prediction_results.csv
FIA0/HE.FIA0..HHZ__20251003T171552Z__20251003T171652Z.mseed,HE,FIA0,0,0,0,0,2025-10-03 17:15:57.960000,0.919,2025-10-03 17:16:09.130000,0.64,2025-10-03 17:15:52.000000,2025-10-03 17:16:52.000000,eqcct_earthquakes_th0_1/20251003T171552Z_20251003T171652Z/FIA0_outputs/X_prediction_results.csv
FIA1/HE.FIA1..HHE__20251003T171552Z__20251003T171652Z.mseed,HE,FIA1,0,0,0,0,2025-10-03 17:15:57.960000,0.899,2025-10-03 17:16:09.320000,0.684,2025-10-03 17:15:52.000000,2025-10-03 17:16:52.000000,eqcct_earthquakes_th0_1/20251003T171552Z_20251003T171652Z/FIA1_outputs/X_prediction_results.csv
HEL5/HE.HEL5..HHZ__20251003T171552Z__20251003T171652Z.mseed,HE,HEL5,0,0,0,0,2025-10-03 17:15:57.368000,0.196,,,2025-10-03 17:15:52.000000,2025-10-03 17:16:52.000000,eqcct_earthquakes_th0_1/20251003T171552Z_20251003T171652Z/HEL5_outputs/X_prediction_results.csv
MEF/HE.MEF..HHN__20251003T171553Z__20251003T171653Z.mseed,HE,MEF,0,0,0,0,2025-10-03 17:15:58.800000,0.908,,,2025-10-03 17:15:53.000000,2025-10-03 17:16:53.000000,eqcct_earthquakes_th0_1/20251003T171553Z_20251003T171653Z/MEF_outputs/X_prediction_results.csv
KUNI/HE.KUNI..HHZ__20251003T171557Z__20251003T171657Z.mseed,HE,KUNI,0,0,0,0,2025-10-03 17:16:01.256000,0.556,,,2025-10-03 17:15:57.000000,2025-10-03 17:16:57.000000,eqcct_earthquakes_th0_1/20251003T171557Z_20251003T171657Z/KUNI_outputs/X_prediction_results.csv
NUR/HE.NUR..HHN__20251003T171558Z__20251003T171658Z.mseed,HE,NUR,0,0,0,0,2025-10-03 17:16:02.312000,0.831,,,2025-10-03 17:15:58.000000,2025-10-03 17:16:58.000000,eqcct_earthquakes_th0_1/20251003T171558Z_20251003T171658Z/NUR_outputs/X_prediction_results.csv
LAUT/HE.LAUT..HHE__20251003T171559Z__20251003T171659Z.mseed,HE,LAUT,0,0,0,0,2025-10-03 17:16:03.992000,0.545,,,2025-10-03 17:15:59.000000,2025-10-03 17:16:59.000000,eqcct_earthquakes_th0_1/20251003T171559Z_20251003T171659Z/LAUT_outputs/X_prediction_results.csv
HEL1/HE.HEL1..HHZ__20251003T171559Z__20251003T171659Z.mseed,HE,HEL1,0,0,0,0,2025-10-03 17:16:04.496000,0.311,,,2025-10-03 17:15:59.000000,2025-10-03 17:16:59.000000,eqcct_earthquakes_th0_1/20251003T171559Z_20251003T171659Z/HEL1_outputs/X_prediction_results.csv
KAF/HE.KAF..HHN__20251003T171604Z__20251003T171704Z.mseed,HE,KAF,0,0,0,0,2025-10-03 17:16:09.920000,0.916,2025-10-03 17:16:30.320000,0.543,2025-10-03 17:16:04.000000,2025-10-03 17:17:04.000000,eqcct_earthquakes_th0_1/20251003T171604Z_20251003T171704Z/KAF_outputs/X_prediction_results.csv
KEF/HE.KEF..HHE__20251003T171607Z__20251003T171707Z.mseed,HE,KEF,0,0,0,0,2025-10-03 17:16:13.400000,0.595,2025-10-03 17:16:34.940000,0.435,2025-10-03 17:16:07.000000,2025-10-03 17:17:07.000000,eqcct_earthquakes_th0_1/20251003T171607Z_20251003T171707Z/KEF_outputs/X_prediction_results.csv
RAF/HE.RAF..HHZ__20251003T171614Z__20251003T171714Z.mseed,HE,RAF,0,0,0,0,2025-10-03 17:16:18.420000,0.516,,,2025-10-03 17:16:14.000000,2025-10-03 17:17:14.000000,eqcct_earthquakes_th0_1/20251003T171614Z_20251003T171714Z/RAF_outputs/X_prediction_results.csv
SUF/HE.SUF..HHE__20251003T171614Z__20251003T171714Z.mseed,HE,SUF,0,0,0,0,2025-10-03 17:16:18.878000,0.718,,,2025-10-03 17:16:14.000000,2025-10-03 17:17:14.000000,eqcct_earthquakes_th0_1/20251003T171614Z_20251003T171714Z/SUF_outputs/X_prediction_results.csv
KPF/HE.KPF..HHZ__20251003T171617Z__20251003T171717Z.mseed,HE,KPF,0,0,0,0,2025-10-03 17:16:21.670000,0.636,,,2025-10-03 17:16:17.000000,2025-10-03 17:17:17.000000,eqcct_earthquakes_th0_1/20251003T171617Z_20251003T171717Z/KPF_outputs/X_prediction_results.csv
TVF/HE.TVF..HHZ__20251003T171626Z__20251003T171726Z.mseed,HE,TVF,0,0,0,0,2025-10-03 17:16:30.024000,0.651,,,2025-10-03 17:16:26.000000,2025-10-03 17:17:26.000000,eqcct_earthquakes_th0_1/20251003T171626Z_20251003T171726Z/TVF_outputs/X_prediction_results.csv
RUF/HE.RUF..HHZ__20251003T171627Z__20251003T171727Z.mseed,HE,RUF,0,0,0,0,2025-10-03 17:16:31.836000,0.371,2025-10-03 17:16:34.896000,0.75,2025-10-03 17:16:27.000000,2025-10-03 17:17:27.000000,eqcct_earthquakes_th0_1/20251003T171627Z_20251003T171727Z/RUF_outputs/X_prediction_results.csv
SGF/FN.SGF..HHN__20251003T233343Z__20251003T233443Z.mseed,FN,SGF,0,0,0,0,2025-10-03 23:33:47.100000,0.584,,,2025-10-03 23:33:43.000000,2025-10-03 23:34:43.000000,eqcct_earthquakes_th0_1/20251003T233343Z_20251003T233443Z/SGF_outputs/X_prediction_results.csv
KU6/HE.KU6..HHE__20251007T103756Z__20251007T103856Z.mseed,HE,KU6,0,0,0,0,2025-10-07 10:38:01.900000,0.945,2025-10-07 10:38:04.820000,0.884,2025-10-07 10:37:56.000000,2025-10-07 10:38:56.000000,eqcct_earthquakes_th0_1/20251007T103756Z_20251007T103856Z/KU6_outputs/X_prediction_results.csv
MSF/FN.MSF..HHN__20251007T103758Z__20251007T103858Z.mseed,FN,MSF,0,0,0,0,2025-10-07 10:38:03.100000,0.894,2025-10-07 10:38:06.840000,0.818,2025-10-07 10:37:58.000000,2025-10-07 10:38:58.000000,eqcct_earthquakes_th0_1/20251007T103758Z_20251007T103858Z/MSF_outputs/X_prediction_results.csv
OBF0/HE.OBF0..HHE__20251007T225040Z__20251007T225140Z.mseed,HE,OBF0,0,0,0,0,2025-10-07 22:50:45.164000,0.87,2025-10-07 22:51:03.794000,0.34,2025-10-07 22:50:40.000000,2025-10-07 22:51:40.000000,eqcct_earthquakes_th0_1/20251007T225040Z_20251007T225140Z/OBF0_outputs/X_prediction_results.csv
OUF/HE.OUF..HHE__20251007T225044Z__20251007T225144Z.mseed,HE,OUF,0,0,0,0,2025-10-07 22:50:48.450000,0.652,,,2025-10-07 22:50:44.000000,2025-10-07 22:51:44.000000,eqcct_earthquakes_th0_1/20251007T225044Z_20251007T225144Z/OUF_outputs/X_prediction_results.csv
OBF3/HE.OBF3..HHN__20251007T225101Z__20251007T225201Z.mseed,HE,OBF3,0,0,0,0,2025-10-07 22:51:06.852000,0.54,,,2025-10-07 22:51:01.000000,2025-10-07 22:52:01.000000,eqcct_earthquakes_th0_1/20251007T225101Z_20251007T225201Z/OBF3_outputs/X_prediction_results.csv
VAF/HE.VAF..HHE__20251007T225116Z__20251007T225216Z.mseed,HE,VAF,0,0,0,0,2025-10-07 22:51:20.640000,0.379,2025-10-07 22:51:23.170000,0.42,2025-10-07 22:51:16.000000,2025-10-07 22:52:16.000000,eqcct_earthquakes_th0_1/20251007T225116Z_20251007T225216Z/VAF_outputs/X_prediction_results.csv
ALAJF/HE.ALAJF..HHN__20251007T225122Z__20251007T225222Z.mseed,HE,ALAJF,0,0,0,0,2025-10-07 22:51:26.118000,0.19,2025-10-07 22:51:28.428000,0.57,2025-10-07 22:51:22.000000,2025-10-07 22:52:22.000000,eqcct_earthquakes_th0_1/20251007T225122Z_20251007T225222Z/ALAJF_outputs/X_prediction_results.csv
VJF/HE.VJF..HHE__20251008T061245Z__20251008T061345Z.mseed,HE,VJF,0,0,0,0,2025-10-08 06:12:50.030000,0.934,2025-10-08 06:12:50.760000,0.863,2025-10-08 06:12:45.000000,2025-10-08 06:13:45.000000,eqcct_earthquakes_th0_1/20251008T061245Z_20251008T061345Z/VJF_outputs/X_prediction_results.csv
FIA0/HE.FIA0..HHE__20251008T061305Z__20251008T061405Z.mseed,HE,FIA0,0,0,0,0,2025-10-08 06:13:10.510000,0.837,,,2025-10-08 06:13:05.000000,2025-10-08 06:14:05.000000,eqcct_earthquakes_th0_1/20251008T061305Z_20251008T061405Z/FIA0_outputs/X_prediction_results.csv
FIA1/HE.FIA1..HHE__20251008T061305Z__20251008T061405Z.mseed,HE,FIA1,0,0,0,0,2025-10-08 06:13:10.500000,0.544,,,2025-10-08 06:13:05.000000,2025-10-08 06:14:05.000000,eqcct_earthquakes_th0_1/20251008T061305Z_20251008T061405Z/FIA1_outputs/X_prediction_results.csv
RUF/HE.RUF..HHE__20251008T061317Z__20251008T061417Z.mseed,HE,RUF,0,0,0,0,2025-10-08 06:13:21.532000,0.56,2025-10-08 06:13:27.822000,0.839,2025-10-08 06:13:17.000000,2025-10-08 06:14:17.000000,eqcct_earthquakes_th0_1/20251008T061317Z_20251008T061417Z/RUF_outputs/X_prediction_results.csv
LAUT/HE.LAUT..HHZ__20251008T061328Z__20251008T061428Z.mseed,HE,LAUT,0,0,0,0,2025-10-08 06:13:33.492000,0.339,,,2025-10-08 06:13:28.000000,2025-10-08 06:14:28.000000,eqcct_earthquakes_th0_1/20251008T061328Z_20251008T061428Z/LAUT_outputs/X_prediction_results.csv
VAF/HE.VAF..HHZ__20251008T131953Z__20251008T132053Z.mseed,HE,VAF,0,0,0,0,2025-10-08 13:19:57.130000,0.604,2025-10-08 13:19:59.290000,0.13,2025-10-08 13:19:53.000000,2025-10-08 13:20:53.000000,eqcct_earthquakes_th0_1/20251008T131953Z_20251008T132053Z/VAF_outputs/X_prediction_results.csv
KPF/HE.KPF..HHZ__20251008T131959Z__20251008T132059Z.mseed,HE,KPF,0,0,0,0,2025-10-08 13:20:03.752000,0.662,,,2025-10-08 13:19:59.000000,2025-10-08 13:20:59.000000,eqcct_earthquakes_th0_1/20251008T131959Z_20251008T132059Z/KPF_outputs/X_prediction_results.csv
KPF/HE.KPF..HHZ__20251008T213848Z__20251008T213948Z.mseed,HE,KPF,0,0,0,0,2025-10-08 21:38:52.640000,0.149,,,2025-10-08 21:38:48.000000,2025-10-08 21:39:48.000000,eqcct_earthquakes_th0_1/20251008T213848Z_20251008T213948Z/KPF_outputs/X_prediction_results.csv
HEF/HE.HEF..HHE__20251009T113220Z__20251009T113320Z.mseed,HE,HEF,0,0,0,0,2025-10-09 11:32:25.120000,0.918,2025-10-09 11:32:31.280000,0.789,2025-10-09 11:32:20.000000,2025-10-09 11:33:20.000000,eqcct_earthquakes_th0_1/20251009T113220Z_20251009T113320Z/HEF_outputs/X_prediction_results.csv
KMNF/FN.KMNF..HHZ__20251009T113307Z__20251009T113407Z.mseed,FN,KMNF,0,0,0,0,2025-10-09 11:33:11.350000,0.421,,,2025-10-09 11:33:07.000000,2025-10-09 11:34:07.000000,eqcct_earthquakes_th0_1/20251009T113307Z_20251009T113407Z/KMNF_outputs/X_prediction_results.csv
FIA0/HE.FIA0..HHZ__20251011T133130Z__20251011T133230Z.mseed,HE,FIA0,0,0,0,0,2025-10-11 13:31:35.520000,0.836,2025-10-11 13:31:45.410000,0.432,2025-10-11 13:31:30.000000,2025-10-11 13:32:30.000000,eqcct_earthquakes_th0_1/20251011T133130Z_20251011T133230Z/FIA0_outputs/X_prediction_results.csv
FIA1/HE.FIA1..HHE__20251011T133130Z__20251011T133230Z.mseed,HE,FIA1,0,0,0,0,2025-10-11 13:31:35.520000,0.829,2025-10-11 13:31:45.430000,0.386,2025-10-11 13:31:30.000000,2025-10-11 13:32:30.000000,eqcct_earthquakes_th0_1/20251011T133130Z_20251011T133230Z/FIA1_outputs/X_prediction_results.csv
NUR/HE.NUR..HHN__20251011T133131Z__20251011T133231Z.mseed,HE,NUR,0,0,0,0,2025-10-11 13:31:36.084000,0.693,2025-10-11 13:31:45.974000,0.398,2025-10-11 13:31:31.000000,2025-10-11 13:32:31.000000,eqcct_earthquakes_th0_1/20251011T133131Z_20251011T133231Z/NUR_outputs/X_prediction_results.csv
VJF/HE.VJF..HHZ__20251011T133131Z__20251011T133231Z.mseed,HE,VJF,0,0,0,0,2025-10-11 13:31:36.556000,0.894,2025-10-11 13:31:47.176000,0.802,2025-10-11 13:31:31.000000,2025-10-11 13:32:31.000000,eqcct_earthquakes_th0_1/20251011T133131Z_20251011T133231Z/VJF_outputs/X_prediction_results.csv
KUNI/HE.KUNI..HHE__20251011T133141Z__20251011T133241Z.mseed,HE,KUNI,0,0,0,0,2025-10-11 13:31:46.060000,0.378,2025-10-11 13:31:55.150000,0.164,2025-10-11 13:31:41.000000,2025-10-11 13:32:41.000000,eqcct_earthquakes_th0_1/20251011T133141Z_20251011T133241Z/KUNI_outputs/X_prediction_results.csv
KAF/HE.KAF..HHN__20251011T133142Z__20251011T133242Z.mseed,HE,KAF,0,0,0,0,2025-10-11 13:31:47.620000,0.852,2025-10-11 13:32:06.080000,0.6,2025-10-11 13:31:42.000000,2025-10-11 13:32:42.000000,eqcct_earthquakes_th0_1/20251011T133142Z_20251011T133242Z/KAF_outputs/X_prediction_results.csv
LAUT/HE.LAUT..HHN__20251011T133143Z__20251011T133243Z.mseed,HE,LAUT,0,0,0,0,2025-10-11 13:31:47.980000,0.757,2025-10-11 13:31:58.050000,0.501,2025-10-11 13:31:43.000000,2025-10-11 13:32:43.000000,eqcct_earthquakes_th0_1/20251011T133143Z_20251011T133243Z/LAUT_outputs/X_prediction_results.csv
HEL1/HE.HEL1..HHZ__20251011T133143Z__20251011T133243Z.mseed,HE,HEL1,0,0,0,0,2025-10-11 13:31:47.200000,0.721,,,2025-10-11 13:31:43.000000,2025-10-11 13:32:43.000000,eqcct_earthquakes_th0_1/20251011T133143Z_20251011T133243Z/HEL1_outputs/X_prediction_results.csv
RUF/HE.RUF..HHN__20251011T133145Z__20251011T133245Z.mseed,HE,RUF,0,0,0,0,2025-10-11 13:31:49.648000,0.865,2025-10-11 13:32:11.318000,0.436,2025-10-11 13:31:45.000000,2025-10-11 13:32:45.000000,eqcct_earthquakes_th0_1/20251011T133145Z_20251011T133245Z/RUF_outputs/X_prediction_results.csv
KEF/HE.KEF..HHN__20251011T133145Z__20251011T133245Z.mseed,HE,KEF,0,0,0,0,2025-10-11 13:31:50.400000,0.632,2025-10-11 13:32:11.190000,0.498,2025-10-11 13:31:45.000000,2025-10-11 13:32:45.000000,eqcct_earthquakes_th0_1/20251011T133145Z_20251011T133245Z/KEF_outputs/X_prediction_results.csv
HEL5/HE.HEL5..HHN__20251011T133145Z__20251011T133245Z.mseed,HE,HEL5,0,0,0,0,2025-10-11 13:31:49.990000,0.15,,,2025-10-11 13:31:45.000000,2025-10-11 13:32:45.000000,eqcct_earthquakes_th0_1/20251011T133145Z_20251011T133245Z/HEL5_outputs/X_prediction_results.csv
MEF/HE.MEF..HHZ__20251011T133147Z__20251011T133247Z.mseed,HE,MEF,0,0,0,0,2025-10-11 13:31:51.960000,0.269,2025-10-11 13:32:00.870000,0.382,2025-10-11 13:31:47.000000,2025-10-11 13:32:47.000000,eqcct_earthquakes_th0_1/20251011T133147Z_20251011T133247Z/MEF_outputs/X_prediction_results.csv
TVF/HE.TVF..HHE__20251011T133147Z__20251011T133247Z.mseed,HE,TVF,0,0,0,0,2025-10-11 13:31:51.582000,0.455,,,2025-10-11 13:31:47.000000,2025-10-11 13:32:47.000000,eqcct_earthquakes_th0_1/20251011T133147Z_20251011T133247Z/TVF_outputs/X_prediction_results.csv
SUF/HE.SUF..HHN__20251011T133152Z__20251011T133252Z.mseed,HE,SUF,0,0,0,0,2025-10-11 13:31:56.434000,0.543,2025-10-11 13:32:23.744000,0.148,2025-10-11 13:31:52.000000,2025-10-11 13:32:52.000000,eqcct_earthquakes_th0_1/20251011T133152Z_20251011T133252Z/SUF_outputs/X_prediction_results.csv
RAF/HE.RAF..HHE__20251011T133154Z__20251011T133254Z.mseed,HE,RAF,0,0,0,0,2025-10-11 13:31:58.980000,0.673,,,2025-10-11 13:31:54.000000,2025-10-11 13:32:54.000000,eqcct_earthquakes_th0_1/20251011T133154Z_20251011T133254Z/RAF_outputs/X_prediction_results.csv
KPF/HE.KPF..HHN__20251011T133157Z__20251011T133257Z.mseed,HE,KPF,0,0,0,0,2025-10-11 13:32:01.760000,0.721,2025-10-11 13:32:31.760000,0.211,2025-10-11 13:31:57.000000,2025-10-11 13:32:57.000000,eqcct_earthquakes_th0_1/20251011T133157Z_20251011T133257Z/KPF_outputs/X_prediction_results.csv
FIA1/HE.FIA1..HHZ__20251011T133627Z__20251011T133727Z.mseed,HE,FIA1,0,0,0,0,2025-10-11 13:36:32.740000,0.383,,,2025-10-11 13:36:27.000000,2025-10-11 13:37:27.000000,eqcct_earthquakes_th0_1/20251011T133627Z_20251011T133727Z/FIA1_outputs/X_prediction_results.csv
SGF/FN.SGF..HHN__20251012T004839Z__20251012T004939Z.mseed,FN,SGF,0,0,0,0,2025-10-12 00:48:44.570000,0.902,2025-10-12 00:48:53.540000,0.494,2025-10-12 00:48:39.000000,2025-10-12 00:49:39.000000,eqcct_earthquakes_th0_1/20251012T004839Z_20251012T004939Z/SGF_outputs/X_prediction_results.csv
HEF/HE.HEF..HHE__20251012T004842Z__20251012T004942Z.mseed,HE,HEF,0,0,0,0,2025-10-12 00:48:47.130000,0.855,2025-10-12 00:48:57.550000,0.525,2025-10-12 00:48:42.000000,2025-10-12 00:49:42.000000,eqcct_earthquakes_th0_1/20251012T004842Z_20251012T004942Z/HEF_outputs/X_prediction_results.csv
KLF/FN.KLF..HHE__20251012T004845Z__20251012T004945Z.mseed,FN,KLF,0,0,0,0,2025-10-12 00:48:50.050000,0.785,2025-10-12 00:49:02.600000,0.286,2025-10-12 00:48:45.000000,2025-10-12 00:49:45.000000,eqcct_earthquakes_th0_1/20251012T004845Z_20251012T004945Z/KLF_outputs/X_prediction_results.csv
RAJF/FN.RAJF..HHE__20251012T004847Z__20251012T004947Z.mseed,FN,RAJF,0,0,0,0,2025-10-12 00:48:52.600000,0.819,2025-10-12 00:49:06.810000,0.761,2025-10-12 00:48:47.000000,2025-10-12 00:49:47.000000,eqcct_earthquakes_th0_1/20251012T004847Z_20251012T004947Z/RAJF_outputs/X_prediction_results.csv
KMNF/FN.KMNF..HHE__20251012T004849Z__20251012T004949Z.mseed,FN,KMNF,0,0,0,0,2025-10-12 00:48:54.750000,0.907,2025-10-12 00:49:10.470000,0.555,2025-10-12 00:48:49.000000,2025-10-12 00:49:49.000000,eqcct_earthquakes_th0_1/20251012T004849Z_20251012T004949Z/KMNF_outputs/X_prediction_results.csv
RNF/FN.RNF..HHN__20251012T004852Z__20251012T004952Z.mseed,FN,RNF,0,0,0,0,2025-10-12 00:48:57.660000,0.858,2025-10-12 00:49:15.320000,0.688,2025-10-12 00:48:52.000000,2025-10-12 00:49:52.000000,eqcct_earthquakes_th0_1/20251012T004852Z_20251012T004952Z/RNF_outputs/X_prediction_results.csv
VRF/HE.VRF..HHN__20251012T004855Z__20251012T004955Z.mseed,HE,VRF,0,0,0,0,2025-10-12 00:49:00.240000,0.778,2025-10-12 00:49:19.730000,0.315,2025-10-12 00:48:55.000000,2025-10-12 00:49:55.000000,eqcct_earthquakes_th0_1/20251012T004855Z_20251012T004955Z/VRF_outputs/X_prediction_results.csv
KEV/HE.KEV..HHN__20251012T004859Z__20251012T004959Z.mseed,HE,KEV,0,0,0,0,2025-10-12 00:49:04.470000,0.769,2025-10-12 00:49:26.930000,0.608,2025-10-12 00:48:59.000000,2025-10-12 00:49:59.000000,eqcct_earthquakes_th0_1/20251012T004859Z_20251012T004959Z/KEV_outputs/X_prediction_results.csv
KIF/HE.KIF..HHZ__20251012T004902Z__20251012T005002Z.mseed,HE,KIF,0,0,0,0,2025-10-12 00:49:06.900000,0.858,2025-10-12 00:49:34.290000,0.207,2025-10-12 00:49:02.000000,2025-10-12 00:50:02.000000,eqcct_earthquakes_th0_1/20251012T004902Z_20251012T005002Z/KIF_outputs/X_prediction_results.csv
RANF/FN.RANF..HHN__20251012T004903Z__20251012T005003Z.mseed,FN,RANF,0,0,0,0,2025-10-12 00:49:08.150000,0.725,2025-10-12 00:49:35.240000,0.369,2025-10-12 00:49:03.000000,2025-10-12 00:50:03.000000,eqcct_earthquakes_th0_1/20251012T004903Z_20251012T005003Z/RANF_outputs/X_prediction_results.csv
OLKF/FN.OLKF..HHZ__20251012T004906Z__20251012T005006Z.mseed,FN,OLKF,0,0,0,0,2025-10-12 00:49:11.750000,0.777,2025-10-12 00:49:40.940000,0.212,2025-10-12 00:49:06.000000,2025-10-12 00:50:06.000000,eqcct_earthquakes_th0_1/20251012T004906Z_20251012T005006Z/OLKF_outputs/X_prediction_results.csv
TOF/HE.TOF..HHZ__20251012T004927Z__20251012T005027Z.mseed,HE,TOF,0,0,0,0,2025-10-12 00:49:31.180000,0.532,2025-10-12 00:49:33.360000,0.112,2025-10-12 00:49:27.000000,2025-10-12 00:50:27.000000,eqcct_earthquakes_th0_1/20251012T004927Z_20251012T005027Z/TOF_outputs/X_prediction_results.csv
KLF/FN.KLF..HHZ__20251012T115448Z__20251012T115548Z.mseed,FN,KLF,0,0,0,0,2025-10-12 11:54:53.650000,0.931,2025-10-12 11:55:03.000000,0.578,2025-10-12 11:54:48.000000,2025-10-12 11:55:48.000000,eqcct_earthquakes_th0_1/20251012T115448Z_20251012T115548Z/KLF_outputs/X_prediction_results.csv
HEF/HE.HEF..HHN__20251012T115453Z__20251012T115553Z.mseed,HE,HEF,0,0,0,0,,,2025-10-12 11:55:05.720000,0.147,2025-10-12 11:54:53.000000,2025-10-12 11:55:53.000000,eqcct_earthquakes_th0_1/20251012T115453Z_20251012T115553Z/HEF_outputs/X_prediction_results.csv
KIF/HE.KIF..HHE__20251012T115523Z__20251012T115623Z.mseed,HE,KIF,0,0,0,0,2025-10-12 11:55:28.490000,0.647,,,2025-10-12 11:55:23.000000,2025-10-12 11:56:23.000000,eqcct_earthquakes_th0_1/20251012T115523Z_20251012T115623Z/KIF_outputs/X_prediction_results.csv
RAF/HE.RAF..HHZ__20251012T173803Z__20251012T173903Z.mseed,HE,RAF,0,0,0,0,2025-10-12 17:38:08.400000,0.943,2025-10-12 17:38:11.600000,0.871,2025-10-12 17:38:03.000000,2025-10-12 17:39:03.000000,eqcct_earthquakes_th0_1/20251012T173803Z_20251012T173903Z/RAF_outputs/X_prediction_results.csv
KPF/HE.KPF..HHZ__20251012T173813Z__20251012T173913Z.mseed,HE,KPF,0,0,0,0,2025-10-12 17:38:18.644000,0.905,2025-10-12 17:38:28.854000,0.615,2025-10-12 17:38:13.000000,2025-10-12 17:39:13.000000,eqcct_earthquakes_th0_1/20251012T173813Z_20251012T173913Z/KPF_outputs/X_prediction_results.csv
AAL/UP.AAL..HHN__20251012T173819Z__20251012T173919Z.mseed,UP,AAL,0,0,0,0,2025-10-12 17:38:24.830000,0.876,2025-10-12 17:38:40.550000,0.674,2025-10-12 17:38:19.000000,2025-10-12 17:39:19.000000,eqcct_earthquakes_th0_1/20251012T173819Z_20251012T173919Z/AAL_outputs/X_prediction_results.csv
TVF/HE.TVF..HHN__20251012T173828Z__20251012T173928Z.mseed,HE,TVF,0,0,0,0,2025-10-12 17:38:33.016000,0.863,2025-10-12 17:38:53.966000,0.298,2025-10-12 17:38:28.000000,2025-10-12 17:39:28.000000,eqcct_earthquakes_th0_1/20251012T173828Z_20251012T173928Z/TVF_outputs/X_prediction_results.csv
MEF/HE.MEF..HHN__20251012T173830Z__20251012T173930Z.mseed,HE,MEF,0,0,0,0,2025-10-12 17:38:35.780000,0.782,2025-10-12 17:38:59.020000,0.604,2025-10-12 17:38:30.000000,2025-10-12 17:39:30.000000,eqcct_earthquakes_th0_1/20251012T173830Z_20251012T173930Z/MEF_outputs/X_prediction_results.csv
NUR/HE.NUR..HHN__20251012T173830Z__20251012T173930Z.mseed,HE,NUR,0,0,0,0,2025-10-12 17:38:35.416000,0.792,2025-10-12 17:38:58.526000,0.303,2025-10-12 17:38:30.000000,2025-10-12 17:39:30.000000,eqcct_earthquakes_th0_1/20251012T173830Z_20251012T173930Z/NUR_outputs/X_prediction_results.csv
KUNI/HE.KUNI..HHN__20251012T173833Z__20251012T173933Z.mseed,HE,KUNI,0,0,0,0,2025-10-12 17:38:38.968000,0.48,2025-10-12 17:39:05.198000,0.452,2025-10-12 17:38:33.000000,2025-10-12 17:39:33.000000,eqcct_earthquakes_th0_1/20251012T173833Z_20251012T173933Z/KUNI_outputs/X_prediction_results.csv
VAF/HE.VAF..HHZ__20251012T173834Z__20251012T173934Z.mseed,HE,VAF,0,0,0,0,2025-10-12 17:38:38.880000,0.678,2025-10-12 17:39:07.050000,0.419,2025-10-12 17:38:34.000000,2025-10-12 17:39:34.000000,eqcct_earthquakes_th0_1/20251012T173834Z_20251012T173934Z/VAF_outputs/X_prediction_results.csv
KEF/HE.KEF..HHZ__20251012T173834Z__20251012T173934Z.mseed,HE,KEF,0,0,0,0,2025-10-12 17:38:39.590000,0.88,2025-10-12 17:39:05.510000,0.343,2025-10-12 17:38:34.000000,2025-10-12 17:39:34.000000,eqcct_earthquakes_th0_1/20251012T173834Z_20251012T173934Z/KEF_outputs/X_prediction_results.csv
HEL5/HE.HEL5..HHE__20251012T173834Z__20251012T173934Z.mseed,HE,HEL5,0,0,0,0,2025-10-12 17:38:38.148000,0.244,,,2025-10-12 17:38:34.000000,2025-10-12 17:39:34.000000,eqcct_earthquakes_th0_1/20251012T173834Z_20251012T173934Z/HEL5_outputs/X_prediction_results.csv
FIA0/HE.FIA0..HHE__20251012T173840Z__20251012T173940Z.mseed,HE,FIA0,0,0,0,0,2025-10-12 17:38:44.370000,0.549,2025-10-12 17:39:15.570000,0.473,2025-10-12 17:38:40.000000,2025-10-12 17:39:40.000000,eqcct_earthquakes_th0_1/20251012T173840Z_20251012T173940Z/FIA0_outputs/X_prediction_results.csv
FIA1/HE.FIA1..HHZ__20251012T173840Z__20251012T173940Z.mseed,HE,FIA1,0,0,0,0,2025-10-12 17:38:45.190000,0.856,2025-10-12 17:39:15.620000,0.341,2025-10-12 17:38:40.000000,2025-10-12 17:39:40.000000,eqcct_earthquakes_th0_1/20251012T173840Z_20251012T173940Z/FIA1_outputs/X_prediction_results.csv
FIA1/HE.FIA1..HHN__20251015T034044Z__20251015T034144Z.mseed,HE,FIA1,0,0,0,0,2025-10-15 03:40:49.390000,0.205,,,2025-10-15 03:40:44.000000,2025-10-15 03:41:44.000000,eqcct_earthquakes_th0_1/20251015T034044Z_20251015T034144Z/FIA1_outputs/X_prediction_results.csv
NIF/HE.NIF..HHE__20251016T142538Z__20251016T142638Z.mseed,HE,NIF,0,0,0,0,2025-10-16 14:25:43.828000,0.889,2025-10-16 14:25:52.598000,0.622,2025-10-16 14:25:38.000000,2025-10-16 14:26:38.000000,eqcct_earthquakes_th0_1/20251016T142538Z_20251016T142638Z/NIF_outputs/X_prediction_results.csv
RMF/HE.RMF..HHZ__20251016T142541Z__20251016T142641Z.mseed,HE,RMF,0,0,0,0,2025-10-16 14:25:46.272000,0.89,2025-10-16 14:25:56.742000,0.474,2025-10-16 14:25:41.000000,2025-10-16 14:26:41.000000,eqcct_earthquakes_th0_1/20251016T142541Z_20251016T142641Z/RMF_outputs/X_prediction_results.csv
SUF/HE.SUF..HHZ__20251016T142554Z__20251016T142654Z.mseed,HE,SUF,0,0,0,0,2025-10-16 14:25:59.752000,0.775,,,2025-10-16 14:25:54.000000,2025-10-16 14:26:54.000000,eqcct_earthquakes_th0_1/20251016T142554Z_20251016T142654Z/SUF_outputs/X_prediction_results.csv
JOF/HE.JOF..HHZ__20251016T142559Z__20251016T142659Z.mseed,HE,JOF,0,0,0,0,2025-10-16 14:26:03.030000,0.536,2025-10-16 14:26:28.220000,0.355,2025-10-16 14:25:59.000000,2025-10-16 14:26:59.000000,eqcct_earthquakes_th0_1/20251016T142559Z_20251016T142659Z/JOF_outputs/X_prediction_results.csv
OUL/FN.OUL..HHZ__20251016T142607Z__20251016T142707Z.mseed,FN,OUL,0,0,0,0,2025-10-16 14:26:11.200000,0.365,,,2025-10-16 14:26:07.000000,2025-10-16 14:27:07.000000,eqcct_earthquakes_th0_1/20251016T142607Z_20251016T142707Z/OUL_outputs/X_prediction_results.csv
OUF/HE.OUF..HHE__20251016T142610Z__20251016T142710Z.mseed,HE,OUF,0,0,0,0,2025-10-16 14:26:14.610000,0.544,,,2025-10-16 14:26:10.000000,2025-10-16 14:27:10.000000,eqcct_earthquakes_th0_1/20251016T142610Z_20251016T142710Z/OUF_outputs/X_prediction_results.csv
OBF0/HE.OBF0..HHE__20251016T142618Z__20251016T142718Z.mseed,HE,OBF0,0,0,0,0,2025-10-16 14:26:22.996000,0.532,,,2025-10-16 14:26:18.000000,2025-10-16 14:27:18.000000,eqcct_earthquakes_th0_1/20251016T142618Z_20251016T142718Z/OBF0_outputs/X_prediction_results.csv
OBF0/HE.OBF0..HHE__20251016T142618Z__20251016T142718Z.mseed,HE,OBF0,0,0,0,0,2025-10-16 14:27:28.996000,0.112,,,2025-10-16 14:26:18.000000,2025-10-16 14:27:18.000000,eqcct_earthquakes_th0_1/20251016T142618Z_20251016T142718Z/OBF0_outputs/X_prediction_results.csv
RANF/FN.RANF..HHE__20251016T142626Z__20251016T142726Z.mseed,FN,RANF,0,0,0,0,2025-10-16 14:26:30.050000,0.192,,,2025-10-16 14:26:26.000000,2025-10-16 14:27:26.000000,eqcct_earthquakes_th0_1/20251016T142626Z_20251016T142726Z/RANF_outputs/X_prediction_results.csv
KIF/HE.KIF..HHN__20251017T200611Z__20251017T200711Z.mseed,HE,KIF,0,0,0,0,2025-10-17 20:06:16.120000,0.859,2025-10-17 20:06:24.630000,0.729,2025-10-17 20:06:11.000000,2025-10-17 20:07:11.000000,eqcct_earthquakes_th0_1/20251017T200611Z_20251017T200711Z/KIF_outputs/X_prediction_results.csv
HEF/HE.HEF..HHZ__20251017T200620Z__20251017T200720Z.mseed,HE,HEF,0,0,0,0,2025-10-17 20:06:25.870000,0.79,2025-10-17 20:06:41.640000,0.539,2025-10-17 20:06:20.000000,2025-10-17 20:07:20.000000,eqcct_earthquakes_th0_1/20251017T200620Z_20251017T200720Z/HEF_outputs/X_prediction_results.csv
FIA0/HE.FIA0..HHE__20251018T035839Z__20251018T035939Z.mseed,HE,FIA0,0,0,0,0,2025-10-18 03:58:44.969999,0.821,2025-10-18 03:58:54.539999,0.436,2025-10-18 03:58:39.000000,2025-10-18 03:59:39.000000,eqcct_earthquakes_th0_1/20251018T035839Z_20251018T035939Z/FIA0_outputs/X_prediction_results.csv
FIA1/HE.FIA1..HHE__20251018T035839Z__20251018T035939Z.mseed,HE,FIA1,0,0,0,0,2025-10-18 03:58:44.980000,0.835,2025-10-18 03:58:54.690000,0.443,2025-10-18 03:58:39.000000,2025-10-18 03:59:39.000000,eqcct_earthquakes_th0_1/20251018T035839Z_20251018T035939Z/FIA1_outputs/X_prediction_results.csv
NUR/HE.NUR..HHE__20251018T035840Z__20251018T035940Z.mseed,HE,NUR,0,0,0,0,2025-10-18 03:58:45.680000,0.736,2025-10-18 03:58:55.670000,0.23,2025-10-18 03:58:40.000000,2025-10-18 03:59:40.000000,eqcct_earthquakes_th0_1/20251018T035840Z_20251018T035940Z/NUR_outputs/X_prediction_results.csv
VJF/HE.VJF..HHN__20251018T035840Z__20251018T035940Z.mseed,HE,VJF,0,0,0,0,2025-10-18 03:58:45.936000,0.917,2025-10-18 03:58:56.606000,0.817,2025-10-18 03:58:40.000000,2025-10-18 03:59:40.000000,eqcct_earthquakes_th0_1/20251018T035840Z_20251018T035940Z/VJF_outputs/X_prediction_results.csv
MEF/HE.MEF..HHZ__20251018T035845Z__20251018T035945Z.mseed,HE,MEF,0,0,0,0,2025-10-18 03:58:50.110000,0.696,,,2025-10-18 03:58:45.000000,2025-10-18 03:59:45.000000,eqcct_earthquakes_th0_1/20251018T035845Z_20251018T035945Z/MEF_outputs/X_prediction_results.csv
KAF/HE.KAF..HHE__20251018T035852Z__20251018T035952Z.mseed,HE,KAF,0,0,0,0,2025-10-18 03:58:57.070000,0.802,2025-10-18 03:59:15.560000,0.728,2025-10-18 03:58:52.000000,2025-10-18 03:59:52.000000,eqcct_earthquakes_th0_1/20251018T035852Z_20251018T035952Z/KAF_outputs/X_prediction_results.csv
LAUT/HE.LAUT..HHZ__20251018T035853Z__20251018T035953Z.mseed,HE,LAUT,0,0,0,0,2025-10-18 03:58:57.636000,0.752,,,2025-10-18 03:58:53.000000,2025-10-18 03:59:53.000000,eqcct_earthquakes_th0_1/20251018T035853Z_20251018T035953Z/LAUT_outputs/X_prediction_results.csv
KEF/HE.KEF..HHE__20251018T035855Z__20251018T035955Z.mseed,HE,KEF,0,0,0,0,2025-10-18 03:59:00.060000,0.775,2025-10-18 03:59:20.690000,0.544,2025-10-18 03:58:55.000000,2025-10-18 03:59:55.000000,eqcct_earthquakes_th0_1/20251018T035855Z_20251018T035955Z/KEF_outputs/X_prediction_results.csv
SUF/HE.SUF..HHE__20251018T035902Z__20251018T040002Z.mseed,HE,SUF,0,0,0,0,2025-10-18 03:59:06.196000,0.618,,,2025-10-18 03:59:02.000000,2025-10-18 04:00:02.000000,eqcct_earthquakes_th0_1/20251018T035902Z_20251018T040002Z/SUF_outputs/X_prediction_results.csv
KPF/HE.KPF..HHN__20251018T035906Z__20251018T040006Z.mseed,HE,KPF,0,0,0,0,2025-10-18 03:59:11.232000,0.425,,,2025-10-18 03:59:06.000000,2025-10-18 04:00:06.000000,eqcct_earthquakes_th0_1/20251018T035906Z_20251018T040006Z/KPF_outputs/X_prediction_results.csv
RUF/HE.RUF..HHN__20251018T035915Z__20251018T040015Z.mseed,HE,RUF,0,0,0,0,2025-10-18 03:59:19.286000,0.468,2025-10-18 03:59:20.796000,0.536,2025-10-18 03:59:15.000000,2025-10-18 04:00:15.000000,eqcct_earthquakes_th0_1/20251018T035915Z_20251018T040015Z/RUF_outputs/X_prediction_results.csv
TVF/HE.TVF..HHE__20251018T035918Z__20251018T040018Z.mseed,HE,TVF,0,0,0,0,2025-10-18 03:59:22.998000,0.298,,,2025-10-18 03:59:18.000000,2025-10-18 04:00:18.000000,eqcct_earthquakes_th0_1/20251018T035918Z_20251018T040018Z/TVF_outputs/X_prediction_results.csv
RAF/HE.RAF..HHZ__20251018T035931Z__20251018T040031Z.mseed,HE,RAF,0,0,0,0,2025-10-18 03:59:35.980000,0.502,,,2025-10-18 03:59:31.000000,2025-10-18 04:00:31.000000,eqcct_earthquakes_th0_1/20251018T035931Z_20251018T040031Z/RAF_outputs/X_prediction_results.csv
ALAJF/HE.ALAJF..HHZ__20251018T035945Z__20251018T040045Z.mseed,HE,ALAJF,0,0,0,0,2025-10-18 03:59:49.200000,0.19,,,2025-10-18 03:59:45.000000,2025-10-18 04:00:45.000000,eqcct_earthquakes_th0_1/20251018T035945Z_20251018T040045Z/ALAJF_outputs/X_prediction_results.csv
FIA0/HE.FIA0..HHZ__20251018T043943Z__20251018T044043Z.mseed,HE,FIA0,0,0,0,0,2025-10-18 04:39:48.660000,0.491,2025-10-18 04:39:57.980000,0.368,2025-10-18 04:39:43.000000,2025-10-18 04:40:43.000000,eqcct_earthquakes_th0_1/20251018T043943Z_20251018T044043Z/FIA0_outputs/X_prediction_results.csv
FIA1/HE.FIA1..HHZ__20251018T043943Z__20251018T044043Z.mseed,HE,FIA1,0,0,0,0,2025-10-18 04:39:48.470000,0.565,2025-10-18 04:39:58.380000,0.338,2025-10-18 04:39:43.000000,2025-10-18 04:40:43.000000,eqcct_earthquakes_th0_1/20251018T043943Z_20251018T044043Z/FIA1_outputs/X_prediction_results.csv
NUR/HE.NUR..HHZ__20251018T043944Z__20251018T044044Z.mseed,HE,NUR,0,0,0,0,2025-10-18 04:39:49.184000,0.896,2025-10-18 04:39:58.704000,0.417,2025-10-18 04:39:44.000000,2025-10-18 04:40:44.000000,eqcct_earthquakes_th0_1/20251018T043944Z_20251018T044044Z/NUR_outputs/X_prediction_results.csv
VJF/HE.VJF..HHE__20251018T043944Z__20251018T044044Z.mseed,HE,VJF,0,0,0,0,2025-10-18 04:39:49.472000,0.891,2025-10-18 04:40:00.182000,0.775,2025-10-18 04:39:44.000000,2025-10-18 04:40:44.000000,eqcct_earthquakes_th0_1/20251018T043944Z_20251018T044044Z/VJF_outputs/X_prediction_results.csv
KAF/HE.KAF..HHN__20251018T043955Z__20251018T044055Z.mseed,HE,KAF,0,0,0,0,2025-10-18 04:40:00.610000,0.866,2025-10-18 04:40:19.030000,0.696,2025-10-18 04:39:55.000000,2025-10-18 04:40:55.000000,eqcct_earthquakes_th0_1/20251018T043955Z_20251018T044055Z/KAF_outputs/X_prediction_results.csv
LAUT/HE.LAUT..HHE__20251018T043956Z__20251018T044056Z.mseed,HE,LAUT,0,0,0,0,2025-10-18 04:40:01.936000,0.495,2025-10-18 04:40:09.766000,0.219,2025-10-18 04:39:56.000000,2025-10-18 04:40:56.000000,eqcct_earthquakes_th0_1/20251018T043956Z_20251018T044056Z/LAUT_outputs/X_prediction_results.csv
HEL1/HE.HEL1..HHN__20251018T043956Z__20251018T044056Z.mseed,HE,HEL1,0,0,0,0,2025-10-18 04:40:01.236000,0.714,,,2025-10-18 04:39:56.000000,2025-10-18 04:40:56.000000,eqcct_earthquakes_th0_1/20251018T043956Z_20251018T044056Z/HEL1_outputs/X_prediction_results.csv
KEF/HE.KEF..HHN__20251018T043958Z__20251018T044058Z.mseed,HE,KEF,0,0,0,0,2025-10-18 04:40:03.940000,0.831,2025-10-18 04:40:24.150000,0.729,2025-10-18 04:39:58.000000,2025-10-18 04:40:58.000000,eqcct_earthquakes_th0_1/20251018T043958Z_20251018T044058Z/KEF_outputs/X_prediction_results.csv
TVF/HE.TVF..HHZ__20251018T044000Z__20251018T044100Z.mseed,HE,TVF,0,0,0,0,2025-10-18 04:40:04.646000,0.333,,,2025-10-18 04:40:00.000000,2025-10-18 04:41:00.000000,eqcct_earthquakes_th0_1/20251018T044000Z_20251018T044100Z/TVF_outputs/X_prediction_results.csv
MEF/HE.MEF..HHE__20251018T044001Z__20251018T044101Z.mseed,HE,MEF,0,0,0,0,2025-10-18 04:40:05.340000,0.472,,,2025-10-18 04:40:01.000000,2025-10-18 04:41:01.000000,eqcct_earthquakes_th0_1/20251018T044001Z_20251018T044101Z/MEF_outputs/X_prediction_results.csv
SUF/HE.SUF..HHZ__20251018T044005Z__20251018T044105Z.mseed,HE,SUF,0,0,0,0,2025-10-18 04:40:09.362000,0.419,,,2025-10-18 04:40:05.000000,2025-10-18 04:41:05.000000,eqcct_earthquakes_th0_1/20251018T044005Z_20251018T044105Z/SUF_outputs/X_prediction_results.csv
KPF/HE.KPF..HHN__20251018T044009Z__20251018T044109Z.mseed,HE,KPF,0,0,0,0,2025-10-18 04:40:15.742000,0.798,2025-10-18 04:40:44.002000,0.33,2025-10-18 04:40:09.000000,2025-10-18 04:41:09.000000,eqcct_earthquakes_th0_1/20251018T044009Z_20251018T044109Z/KPF_outputs/X_prediction_results.csv
RUF/HE.RUF..HHZ__20251018T044018Z__20251018T044118Z.mseed,HE,RUF,0,0,0,0,2025-10-18 04:40:24.418000,0.315,2025-10-18 04:40:26.118000,0.649,2025-10-18 04:40:18.000000,2025-10-18 04:41:18.000000,eqcct_earthquakes_th0_1/20251018T044018Z_20251018T044118Z/RUF_outputs/X_prediction_results.csv
RAF/HE.RAF..HHE__20251018T044036Z__20251018T044136Z.mseed,HE,RAF,0,0,0,0,2025-10-18 04:40:40.330000,0.755,,,2025-10-18 04:40:36.000000,2025-10-18 04:41:36.000000,eqcct_earthquakes_th0_1/20251018T044036Z_20251018T044136Z/RAF_outputs/X_prediction_results.csv
ALAJF/HE.ALAJF..HHN__20251018T044048Z__20251018T044148Z.mseed,HE,ALAJF,0,0,0,0,2025-10-18 04:40:52.286000,0.312,2025-10-18 04:40:54.376000,0.811,2025-10-18 04:40:48.000000,2025-10-18 04:41:48.000000,eqcct_earthquakes_th0_1/20251018T044048Z_20251018T044148Z/ALAJF_outputs/X_prediction_results.csv
KU6/HE.KU6..HHE__20251020T001857Z__20251020T001957Z.mseed,HE,KU6,0,0,0,0,2025-10-20 00:19:02.430000,0.85,2025-10-20 00:19:09.520000,0.843,2025-10-20 00:18:57.000000,2025-10-20 00:19:57.000000,eqcct_earthquakes_th0_1/20251020T001857Z_20251020T001957Z/KU6_outputs/X_prediction_results.csv
OLKF/FN.OLKF..HHN__20251020T001858Z__20251020T001958Z.mseed,FN,OLKF,0,0,0,0,2025-10-20 00:19:03.800000,0.847,2025-10-20 00:19:11.810000,0.634,2025-10-20 00:18:58.000000,2025-10-20 00:19:58.000000,eqcct_earthquakes_th0_1/20251020T001858Z_20251020T001958Z/OLKF_outputs/X_prediction_results.csv
MSF/FN.MSF..HHN__20251020T001903Z__20251020T002003Z.mseed,FN,MSF,0,0,0,0,2025-10-20 00:19:08.309999,0.823,2025-10-20 00:19:20.059999,0.338,2025-10-20 00:19:03.000000,2025-10-20 00:20:03.000000,eqcct_earthquakes_th0_1/20251020T001903Z_20251020T002003Z/MSF_outputs/X_prediction_results.csv
RANF/FN.RANF..HHE__20251020T001917Z__20251020T002017Z.mseed,FN,RANF,0,0,0,0,2025-10-20 00:19:21.100000,0.549,2025-10-20 00:19:44.820000,0.428,2025-10-20 00:19:17.000000,2025-10-20 00:20:17.000000,eqcct_earthquakes_th0_1/20251020T001917Z_20251020T002017Z/RANF_outputs/X_prediction_results.csv
RNF/FN.RNF..HHZ__20251020T001946Z__20251020T002046Z.mseed,FN,RNF,0,0,0,0,2025-10-20 00:19:50.550000,0.504,,,2025-10-20 00:19:46.000000,2025-10-20 00:20:46.000000,eqcct_earthquakes_th0_1/20251020T001946Z_20251020T002046Z/RNF_outputs/X_prediction_results.csv
SGF/FN.SGF..HHE__20251020T001948Z__20251020T002048Z.mseed,FN,SGF,0,0,0,0,2025-10-20 00:19:52.070000,0.456,,,2025-10-20 00:19:48.000000,2025-10-20 00:20:48.000000,eqcct_earthquakes_th0_1/20251020T001948Z_20251020T002048Z/SGF_outputs/X_prediction_results.csv
KIF/HE.KIF..HHN__20251020T063728Z__20251020T063828Z.mseed,HE,KIF,0,0,0,0,2025-10-20 06:37:32.010000,0.437,,,2025-10-20 06:37:28.000000,2025-10-20 06:38:28.000000,eqcct_earthquakes_th0_1/20251020T063728Z_20251020T063828Z/KIF_outputs/X_prediction_results.csv
HEF/HE.HEF..HHZ__20251020T063735Z__20251020T063835Z.mseed,HE,HEF,0,0,0,0,2025-10-20 06:37:39.690000,0.303,,,2025-10-20 06:37:35.000000,2025-10-20 06:38:35.000000,eqcct_earthquakes_th0_1/20251020T063735Z_20251020T063835Z/HEF_outputs/X_prediction_results.csv
OLKF/FN.OLKF..HHN__20251021T034256Z__20251021T034356Z.mseed,FN,OLKF,0,0,0,0,2025-10-21 03:43:01.700000,0.945,2025-10-21 03:43:07.390000,0.826,2025-10-21 03:42:56.000000,2025-10-21 03:43:56.000000,eqcct_earthquakes_th0_1/20251021T034256Z_20251021T034356Z/OLKF_outputs/X_prediction_results.csv
KU6/HE.KU6..HHN__20251021T034257Z__20251021T034357Z.mseed,HE,KU6,0,0,0,0,2025-10-21 03:43:02.580000,0.956,2025-10-21 03:43:09.330000,0.568,2025-10-21 03:42:57.000000,2025-10-21 03:43:57.000000,eqcct_earthquakes_th0_1/20251021T034257Z_20251021T034357Z/KU6_outputs/X_prediction_results.csv
MSF/FN.MSF..HHN__20251021T034302Z__20251021T034402Z.mseed,FN,MSF,0,0,0,0,2025-10-21 03:43:07.230000,0.857,2025-10-21 03:43:17.350000,0.619,2025-10-21 03:43:02.000000,2025-10-21 03:44:02.000000,eqcct_earthquakes_th0_1/20251021T034302Z_20251021T034402Z/MSF_outputs/X_prediction_results.csv
VRF/HE.VRF..HHE__20251021T034312Z__20251021T034412Z.mseed,HE,VRF,0,0,0,0,2025-10-21 03:43:17.430000,0.799,2025-10-21 03:43:34.860000,0.536,2025-10-21 03:43:12.000000,2025-10-21 03:44:12.000000,eqcct_earthquakes_th0_1/20251021T034312Z_20251021T034412Z/VRF_outputs/X_prediction_results.csv
RANF/FN.RANF..HHE__20251021T034314Z__20251021T034414Z.mseed,FN,RANF,0,0,0,0,2025-10-21 03:43:19.700000,0.825,2025-10-21 03:43:38.560000,0.501,2025-10-21 03:43:14.000000,2025-10-21 03:44:14.000000,eqcct_earthquakes_th0_1/20251021T034314Z_20251021T034414Z/RANF_outputs/X_prediction_results.csv
RNF/FN.RNF..HHZ__20251021T034317Z__20251021T034417Z.mseed,FN,RNF,0,0,0,0,2025-10-21 03:43:22.910000,0.892,2025-10-21 03:43:44.880000,0.132,2025-10-21 03:43:17.000000,2025-10-21 03:44:17.000000,eqcct_earthquakes_th0_1/20251021T034317Z_20251021T034417Z/RNF_outputs/X_prediction_results.csv
SGF/FN.SGF..HHZ__20251021T034341Z__20251021T034441Z.mseed,FN,SGF,0,0,0,0,2025-10-21 03:43:45.250000,0.294,,,2025-10-21 03:43:41.000000,2025-10-21 03:44:41.000000,eqcct_earthquakes_th0_1/20251021T034341Z_20251021T034441Z/SGF_outputs/X_prediction_results.csv
RAJF/FN.RAJF..HHN__20251021T034350Z__20251021T034450Z.mseed,FN,RAJF,0,0,0,0,2025-10-21 03:43:55.420000,0.401,,,2025-10-21 03:43:50.000000,2025-10-21 03:44:50.000000,eqcct_earthquakes_th0_1/20251021T034350Z_20251021T034450Z/RAJF_outputs/X_prediction_results.csv
TOF/HE.TOF..HHZ__20251021T061557Z__20251021T061657Z.mseed,HE,TOF,0,0,0,0,2025-10-21 06:16:02.830000,0.949,2025-10-21 06:16:09.530000,0.492,2025-10-21 06:15:57.000000,2025-10-21 06:16:57.000000,eqcct_earthquakes_th0_1/20251021T061557Z_20251021T061657Z/TOF_outputs/X_prediction_results.csv
OUL/FN.OUL..HHE__20251021T061611Z__20251021T061711Z.mseed,FN,OUL,0,0,0,0,2025-10-21 06:16:16.850000,0.906,2025-10-21 06:16:33.970000,0.248,2025-10-21 06:16:11.000000,2025-10-21 06:17:11.000000,eqcct_earthquakes_th0_1/20251021T061611Z_20251021T061711Z/OUL_outputs/X_prediction_results.csv
RANF/FN.RANF..HHN__20251021T061614Z__20251021T061714Z.mseed,FN,RANF,0,0,0,0,2025-10-21 06:16:19.100000,0.646,2025-10-21 06:16:38.050000,0.292,2025-10-21 06:16:14.000000,2025-10-21 06:17:14.000000,eqcct_earthquakes_th0_1/20251021T061614Z_20251021T061714Z/RANF_outputs/X_prediction_results.csv
RNF/FN.RNF..HHN__20251021T061629Z__20251021T061729Z.mseed,FN,RNF,0,0,0,0,2025-10-21 06:16:33.900000,0.801,2025-10-21 06:16:38.050000,0.479,2025-10-21 06:16:29.000000,2025-10-21 06:17:29.000000,eqcct_earthquakes_th0_1/20251021T061629Z_20251021T061729Z/RNF_outputs/X_prediction_results.csv
OBF0/HE.OBF0..HHZ__20251021T061631Z__20251021T061731Z.mseed,HE,OBF0,0,0,0,0,2025-10-21 06:16:35.398000,0.702,2025-10-21 06:16:38.418000,0.104,2025-10-21 06:16:31.000000,2025-10-21 06:17:31.000000,eqcct_earthquakes_th0_1/20251021T061631Z_20251021T061731Z/OBF0_outputs/X_prediction_results.csv
KLF/FN.KLF..HHE__20251021T061632Z__20251021T061732Z.mseed,FN,KLF,0,0,0,0,2025-10-21 06:16:36.400000,0.771,2025-10-21 06:16:39.230000,0.395,2025-10-21 06:16:32.000000,2025-10-21 06:17:32.000000,eqcct_earthquakes_th0_1/20251021T061632Z_20251021T061732Z/KLF_outputs/X_prediction_results.csv
HEF/HE.HEF..HHZ__20251022T083828Z__20251022T083928Z.mseed,HE,HEF,0,0,0,0,2025-10-22 08:38:33.060000,0.822,2025-10-22 08:38:47.750000,0.244,2025-10-22 08:38:28.000000,2025-10-22 08:39:28.000000,eqcct_earthquakes_th0_1/20251022T083828Z_20251022T083928Z/HEF_outputs/X_prediction_results.csv
OBF8/HE.OBF8..HHN__20251024T163921Z__20251024T164021Z.mseed,HE,OBF8,0,0,0,0,2025-10-24 16:39:26.836000,0.949,2025-10-24 16:39:42.496000,0.459,2025-10-24 16:39:21.000000,2025-10-24 16:40:21.000000,eqcct_earthquakes_th0_1/20251024T163921Z_20251024T164021Z/OBF8_outputs/X_prediction_results.csv
OBF0/HE.OBF0..HHE__20251024T163927Z__20251024T164027Z.mseed,HE,OBF0,0,0,0,0,2025-10-24 16:39:32.624000,0.924,2025-10-24 16:39:52.594000,0.767,2025-10-24 16:39:27.000000,2025-10-24 16:40:27.000000,eqcct_earthquakes_th0_1/20251024T163927Z_20251024T164027Z/OBF0_outputs/X_prediction_results.csv
VAF/HE.VAF..HHZ__20251024T163929Z__20251024T164029Z.mseed,HE,VAF,0,0,0,0,2025-10-24 16:39:33.550000,0.631,2025-10-24 16:39:55.450000,0.616,2025-10-24 16:39:29.000000,2025-10-24 16:40:29.000000,eqcct_earthquakes_th0_1/20251024T163929Z_20251024T164029Z/VAF_outputs/X_prediction_results.csv
OUF/HE.OUF..HHZ__20251024T163931Z__20251024T164031Z.mseed,HE,OUF,0,0,0,0,2025-10-24 16:39:36.310000,0.764,2025-10-24 16:39:59.030000,0.39,2025-10-24 16:39:31.000000,2025-10-24 16:40:31.000000,eqcct_earthquakes_th0_1/20251024T163931Z_20251024T164031Z/OUF_outputs/X_prediction_results.csv
ALAJF/HE.ALAJF..HHN__20251024T163933Z__20251024T164033Z.mseed,HE,ALAJF,0,0,0,0,2025-10-24 16:39:38.776000,0.711,2025-10-24 16:40:04.746000,0.551,2025-10-24 16:39:33.000000,2025-10-24 16:40:33.000000,eqcct_earthquakes_th0_1/20251024T163933Z_20251024T164033Z/ALAJF_outputs/X_prediction_results.csv
OBF3/HE.OBF3..HHZ__20251024T163954Z__20251024T164054Z.mseed,HE,OBF3,0,0,0,0,2025-10-24 16:39:58.568000,0.551,2025-10-24 16:40:00.378000,0.66,2025-10-24 16:39:54.000000,2025-10-24 16:40:54.000000,eqcct_earthquakes_th0_1/20251024T163954Z_20251024T164054Z/OBF3_outputs/X_prediction_results.csv
TOF/HE.TOF..HHZ__20251024T164009Z__20251024T164109Z.mseed,HE,TOF,0,0,0,0,2025-10-24 16:40:13.110000,0.39,2025-10-24 16:40:14.430000,0.117,2025-10-24 16:40:09.000000,2025-10-24 16:41:09.000000,eqcct_earthquakes_th0_1/20251024T164009Z_20251024T164109Z/TOF_outputs/X_prediction_results.csv
KEV/HE.KEV..HHN__20251024T175249Z__20251024T175349Z.mseed,HE,KEV,0,0,0,0,2025-10-24 17:52:54.120000,0.902,2025-10-24 17:52:59.110000,0.836,2025-10-24 17:52:49.000000,2025-10-24 17:53:49.000000,eqcct_earthquakes_th0_1/20251024T175249Z_20251024T175349Z/KEV_outputs/X_prediction_results.csv
KMNF/FN.KMNF..HHE__20251024T175250Z__20251024T175350Z.mseed,FN,KMNF,0,0,0,0,2025-10-24 17:52:55.810000,0.861,2025-10-24 17:53:01.910000,0.833,2025-10-24 17:52:50.000000,2025-10-24 17:53:50.000000,eqcct_earthquakes_th0_1/20251024T175250Z_20251024T175350Z/KMNF_outputs/X_prediction_results.csv
RAJF/FN.RAJF..HHN__20251024T175300Z__20251024T175400Z.mseed,FN,RAJF,0,0,0,0,2025-10-24 17:53:05.500000,0.833,2025-10-24 17:53:18.600000,0.498,2025-10-24 17:53:00.000000,2025-10-24 17:54:00.000000,eqcct_earthquakes_th0_1/20251024T175300Z_20251024T175400Z/RAJF_outputs/X_prediction_results.csv
VRF/HE.VRF..HHE__20251024T175337Z__20251024T175437Z.mseed,HE,VRF,0,0,0,0,2025-10-24 17:53:41.450000,0.669,2025-10-24 17:53:47.640000,0.227,2025-10-24 17:53:37.000000,2025-10-24 17:54:37.000000,eqcct_earthquakes_th0_1/20251024T175337Z_20251024T175437Z/VRF_outputs/X_prediction_results.csv
KEV/HE.KEV..HHN__20251027T093102Z__20251027T093202Z.mseed,HE,KEV,0,0,0,0,2025-10-27 09:31:07.530000,0.908,2025-10-27 09:31:20.500000,0.788,2025-10-27 09:31:02.000000,2025-10-27 09:32:02.000000,eqcct_earthquakes_th0_1/20251027T093102Z_20251027T093202Z/KEV_outputs/X_prediction_results.csv
HEF/HE.HEF..HHN__20251027T093102Z__20251027T093202Z.mseed,HE,HEF,0,0,0,0,2025-10-27 09:31:07.010000,0.919,2025-10-27 09:31:20.330000,0.517,2025-10-27 09:31:02.000000,2025-10-27 09:32:02.000000,eqcct_earthquakes_th0_1/20251027T093102Z_20251027T093202Z/HEF_outputs/X_prediction_results.csv
KMNF/FN.KMNF..HHE__20251027T093102Z__20251027T093202Z.mseed,FN,KMNF,0,0,0,0,2025-10-27 09:31:07.450000,0.906,2025-10-27 09:31:20.370000,0.756,2025-10-27 09:31:02.000000,2025-10-27 09:32:02.000000,eqcct_earthquakes_th0_1/20251027T093102Z_20251027T093202Z/KMNF_outputs/X_prediction_results.csv
KIF/HE.KIF..HHE__20251027T093105Z__20251027T093205Z.mseed,HE,KIF,0,0,0,0,2025-10-27 09:31:10.890000,0.896,2025-10-27 09:31:26.490000,0.836,2025-10-27 09:31:05.000000,2025-10-27 09:32:05.000000,eqcct_earthquakes_th0_1/20251027T093105Z_20251027T093205Z/KIF_outputs/X_prediction_results.csv
RAJF/FN.RAJF..HHN__20251027T093114Z__20251027T093214Z.mseed,FN,RAJF,0,0,0,0,2025-10-27 09:31:19.660000,0.743,2025-10-27 09:31:42.280000,0.366,2025-10-27 09:31:14.000000,2025-10-27 09:32:14.000000,eqcct_earthquakes_th0_1/20251027T093114Z_20251027T093214Z/RAJF_outputs/X_prediction_results.csv
KLF/FN.KLF..HHN__20251027T093148Z__20251027T093248Z.mseed,FN,KLF,0,0,0,0,2025-10-27 09:31:52.960000,0.357,,,2025-10-27 09:31:48.000000,2025-10-27 09:32:48.000000,eqcct_earthquakes_th0_1/20251027T093148Z_20251027T093248Z/KLF_outputs/X_prediction_results.csv
VRF/HE.VRF..HHZ__20251027T093156Z__20251027T093256Z.mseed,HE,VRF,0,0,0,0,2025-10-27 09:32:01.040000,0.301,,,2025-10-27 09:31:56.000000,2025-10-27 09:32:56.000000,eqcct_earthquakes_th0_1/20251027T093156Z_20251027T093256Z/VRF_outputs/X_prediction_results.csv
VAF/HE.VAF..HHE__20251027T194942Z__20251027T195042Z.mseed,HE,VAF,0,0,0,0,2025-10-27 19:49:47.380000,0.94,2025-10-27 19:50:00.550000,0.687,2025-10-27 19:49:42.000000,2025-10-27 19:50:42.000000,eqcct_earthquakes_th0_1/20251027T194942Z_20251027T195042Z/VAF_outputs/X_prediction_results.csv
OBF0/HE.OBF0..HHN__20251027T194949Z__20251027T195049Z.mseed,HE,OBF0,0,0,0,0,2025-10-27 19:49:54.184000,0.724,2025-10-27 19:50:13.354000,0.277,2025-10-27 19:49:49.000000,2025-10-27 19:50:49.000000,eqcct_earthquakes_th0_1/20251027T194949Z_20251027T195049Z/OBF0_outputs/X_prediction_results.csv
ALAJF/HE.ALAJF..HHZ__20251027T194949Z__20251027T195049Z.mseed,HE,ALAJF,0,0,0,0,2025-10-27 19:49:54.240000,0.857,2025-10-27 19:50:12.880000,0.66,2025-10-27 19:49:49.000000,2025-10-27 19:50:49.000000,eqcct_earthquakes_th0_1/20251027T194949Z_20251027T195049Z/ALAJF_outputs/X_prediction_results.csv
OUF/HE.OUF..HHE__20251027T195012Z__20251027T195112Z.mseed,HE,OUF,0,0,0,0,2025-10-27 19:50:16.210000,0.289,,,2025-10-27 19:50:12.000000,2025-10-27 19:51:12.000000,eqcct_earthquakes_th0_1/20251027T195012Z_20251027T195112Z/OUF_outputs/X_prediction_results.csv
OBF3/HE.OBF3..HHE__20251027T195017Z__20251027T195117Z.mseed,HE,OBF3,0,0,0,0,2025-10-27 19:50:21.268000,0.854,2025-10-27 19:50:23.018000,0.665,2025-10-27 19:50:17.000000,2025-10-27 19:51:17.000000,eqcct_earthquakes_th0_1/20251027T195017Z_20251027T195117Z/OBF3_outputs/X_prediction_results.csv
KPF/HE.KPF..HHN__20251027T195024Z__20251027T195124Z.mseed,HE,KPF,0,0,0,0,2025-10-27 19:50:28.454000,0.318,2025-10-27 19:50:31.244000,0.554,2025-10-27 19:50:24.000000,2025-10-27 19:51:24.000000,eqcct_earthquakes_th0_1/20251027T195024Z_20251027T195124Z/KPF_outputs/X_prediction_results.csv
KEF/HE.KEF..HHN__20251027T195033Z__20251027T195133Z.mseed,HE,KEF,0,0,0,0,2025-10-27 19:50:37.740000,0.644,2025-10-27 19:50:38.590000,0.375,2025-10-27 19:50:33.000000,2025-10-27 19:51:33.000000,eqcct_earthquakes_th0_1/20251027T195033Z_20251027T195133Z/KEF_outputs/X_prediction_results.csv
VJF/HE.VJF..HHN__20251028T012023Z__20251028T012123Z.mseed,HE,VJF,0,0,0,0,2025-10-28 01:20:28.728000,0.96,2025-10-28 01:20:29.598000,0.884,2025-10-28 01:20:23.000000,2025-10-28 01:21:23.000000,eqcct_earthquakes_th0_1/20251028T012023Z_20251028T012123Z/VJF_outputs/X_prediction_results.csv
MSF/FN.MSF..HHE__20251030T053448Z__20251030T053548Z.mseed,FN,MSF,0,0,0,0,2025-10-30 05:34:53.650000,0.962,2025-10-30 05:34:57.120000,0.898,2025-10-30 05:34:48.000000,2025-10-30 05:35:48.000000,eqcct_earthquakes_th0_1/20251030T053448Z_20251030T053548Z/MSF_outputs/X_prediction_results.csv
KU6/HE.KU6..HHZ__20251030T053451Z__20251030T053551Z.mseed,HE,KU6,0,0,0,0,2025-10-30 05:34:56.100000,0.958,2025-10-30 05:35:01.290000,0.835,2025-10-30 05:34:51.000000,2025-10-30 05:35:51.000000,eqcct_earthquakes_th0_1/20251030T053451Z_20251030T053551Z/KU6_outputs/X_prediction_results.csv
OLKF/FN.OLKF..HHE__20251030T053454Z__20251030T053554Z.mseed,FN,OLKF,0,0,0,0,2025-10-30 05:34:59.250000,0.861,2025-10-30 05:35:06.650000,0.809,2025-10-30 05:34:54.000000,2025-10-30 05:35:54.000000,eqcct_earthquakes_th0_1/20251030T053454Z_20251030T053554Z/OLKF_outputs/X_prediction_results.csv
RANF/FN.RANF..HHZ__20251030T053502Z__20251030T053602Z.mseed,FN,RANF,0,0,0,0,2025-10-30 05:35:07.500000,0.92,2025-10-30 05:35:20.760000,0.481,2025-10-30 05:35:02.000000,2025-10-30 05:36:02.000000,eqcct_earthquakes_th0_1/20251030T053502Z_20251030T053602Z/RANF_outputs/X_prediction_results.csv
RNF/FN.RNF..HHN__20251030T053510Z__20251030T053610Z.mseed,FN,RNF,0,0,0,0,2025-10-30 05:35:15.930000,0.869,2025-10-30 05:35:36.120000,0.502,2025-10-30 05:35:10.000000,2025-10-30 05:36:10.000000,eqcct_earthquakes_th0_1/20251030T053510Z_20251030T053610Z/RNF_outputs/X_prediction_results.csv
TOF/HE.TOF..HHE__20251030T053541Z__20251030T053641Z.mseed,HE,TOF,0,0,0,0,2025-10-30 05:35:45.750000,0.209,,,2025-10-30 05:35:41.000000,2025-10-30 05:36:41.000000,eqcct_earthquakes_th0_1/20251030T053541Z_20251030T053641Z/TOF_outputs/X_prediction_results.csv
OBF3/HE.OBF3..HHE__20251030T053544Z__20251030T053644Z.mseed,HE,OBF3,0,0,0,0,2025-10-30 05:35:48.460000,0.165,,,2025-10-30 05:35:44.000000,2025-10-30 05:36:44.000000,eqcct_earthquakes_th0_1/20251030T053544Z_20251030T053644Z/OBF3_outputs/X_prediction_results.csv
AAL/UP.AAL..HHZ__20251030T093203Z__20251030T093303Z.mseed,UP,AAL,0,0,0,0,2025-10-30 09:32:08.910000,0.956,2025-10-30 09:32:13.860000,0.439,2025-10-30 09:32:03.000000,2025-10-30 09:33:03.000000,eqcct_earthquakes_th0_1/20251030T093203Z_20251030T093303Z/AAL_outputs/X_prediction_results.csv
RAF/HE.RAF..HHZ__20251030T093212Z__20251030T093312Z.mseed,HE,RAF,0,0,0,0,2025-10-30 09:32:16.980000,0.881,2025-10-30 09:32:29.990000,0.748,2025-10-30 09:32:12.000000,2025-10-30 09:33:12.000000,eqcct_earthquakes_th0_1/20251030T093212Z_20251030T093312Z/RAF_outputs/X_prediction_results.csv
TVF/HE.TVF..HHZ__20251030T093221Z__20251030T093321Z.mseed,HE,TVF,0,0,0,0,2025-10-30 09:32:26.124000,0.785,2025-10-30 09:32:43.224000,0.709,2025-10-30 09:32:21.000000,2025-10-30 09:33:21.000000,eqcct_earthquakes_th0_1/20251030T093221Z_20251030T093321Z/TVF_outputs/X_prediction_results.csv
KPF/HE.KPF..HHN__20251030T093227Z__20251030T093327Z.mseed,HE,KPF,0,0,0,0,2025-10-30 09:32:32.404000,0.823,2025-10-30 09:32:56.654000,0.306,2025-10-30 09:32:27.000000,2025-10-30 09:33:27.000000,eqcct_earthquakes_th0_1/20251030T093227Z_20251030T093327Z/KPF_outputs/X_prediction_results.csv
MEF/HE.MEF..HHZ__20251030T093229Z__20251030T093329Z.mseed,HE,MEF,0,0,0,0,2025-10-30 09:32:33.580000,0.425,,,2025-10-30 09:32:29.000000,2025-10-30 09:33:29.000000,eqcct_earthquakes_th0_1/20251030T093229Z_20251030T093329Z/MEF_outputs/X_prediction_results.csv
NUR/HE.NUR..HHZ__20251030T093232Z__20251030T093332Z.mseed,HE,NUR,0,0,0,0,2025-10-30 09:32:37.116000,0.274,,,2025-10-30 09:32:32.000000,2025-10-30 09:33:32.000000,eqcct_earthquakes_th0_1/20251030T093232Z_20251030T093332Z/NUR_outputs/X_prediction_results.csv
KLF/FN.KLF..HHZ__20251031T100005Z__20251031T100105Z.mseed,FN,KLF,0,0,0,0,2025-10-31 10:00:10.400000,0.934,2025-10-31 10:00:13.900000,0.592,2025-10-31 10:00:05.000000,2025-10-31 10:01:05.000000,eqcct_earthquakes_th0_1/20251031T100005Z_20251031T100105Z/KLF_outputs/X_prediction_results.csv
KEV/HE.KEV..HHN__20251031T143446Z__20251031T143546Z.mseed,HE,KEV,0,0,0,0,2025-10-31 14:34:51.130000,0.91,2025-10-31 14:35:02.120000,0.627,2025-10-31 14:34:46.000000,2025-10-31 14:35:46.000000,eqcct_earthquakes_th0_1/20251031T143446Z_20251031T143546Z/KEV_outputs/X_prediction_results.csv
KMNF/FN.KMNF..HHE__20251031T143452Z__20251031T143552Z.mseed,FN,KMNF,0,0,0,0,2025-10-31 14:34:57.250000,0.693,2025-10-31 14:35:12.600000,0.536,2025-10-31 14:34:52.000000,2025-10-31 14:35:52.000000,eqcct_earthquakes_th0_1/20251031T143452Z_20251031T143552Z/KMNF_outputs/X_prediction_results.csv
VRF/HE.VRF..HHZ__20251031T143538Z__20251031T143638Z.mseed,HE,VRF,0,0,0,0,2025-10-31 14:35:42.980000,0.12,2025-10-31 14:35:44.660000,0.279,2025-10-31 14:35:38.000000,2025-10-31 14:36:38.000000,eqcct_earthquakes_th0_1/20251031T143538Z_20251031T143638Z/VRF_outputs/X_prediction_results.csv
HEF/HE.HEF..HHN__20251031T143545Z__20251031T143645Z.mseed,HE,HEF,0,0,0,0,2025-10-31 14:35:49.480000,0.26,2025-10-31 14:36:14.910000,0.198,2025-10-31 14:35:45.000000,2025-10-31 14:36:45.000000,eqcct_earthquakes_th0_1/20251031T143545Z_20251031T143645Z/HEF_outputs/X_prediction_results.csv
KU6/HE.KU6..HHE__20251102T225701Z__20251102T225801Z.mseed,HE,KU6,0,0,0,0,2025-11-02 22:57:06.560000,0.934,2025-11-02 22:57:09.430000,0.842,2025-11-02 22:57:01.000000,2025-11-02 22:58:01.000000,eqcct_earthquakes_th0_1/20251102T225701Z_20251102T225801Z/KU6_outputs/X_prediction_results.csv
MSF/FN.MSF..HHZ__20251102T225704Z__20251102T225804Z.mseed,FN,MSF,0,0,0,0,2025-11-02 22:57:09.530000,0.937,2025-11-02 22:57:14.480000,0.849,2025-11-02 22:57:04.000000,2025-11-02 22:58:04.000000,eqcct_earthquakes_th0_1/20251102T225704Z_20251102T225804Z/MSF_outputs/X_prediction_results.csv
OLKF/FN.OLKF..HHN__20251102T225707Z__20251102T225807Z.mseed,FN,OLKF,0,0,0,0,2025-11-02 22:57:12.450000,0.932,2025-11-02 22:57:19.620000,0.534,2025-11-02 22:57:07.000000,2025-11-02 22:58:07.000000,eqcct_earthquakes_th0_1/20251102T225707Z_20251102T225807Z/OLKF_outputs/X_prediction_results.csv
RANF/FN.RANF..HHZ__20251102T225720Z__20251102T225820Z.mseed,FN,RANF,0,0,0,0,2025-11-02 22:57:25.950000,0.908,2025-11-02 22:57:42.280000,0.507,2025-11-02 22:57:20.000000,2025-11-02 22:58:20.000000,eqcct_earthquakes_th0_1/20251102T225720Z_20251102T225820Z/RANF_outputs/X_prediction_results.csv
RMF/HE.RMF..HHN__20251102T225725Z__20251102T225825Z.mseed,HE,RMF,0,0,0,0,2025-11-02 22:57:30.112000,0.651,2025-11-02 22:57:51.112000,0.433,2025-11-02 22:57:25.000000,2025-11-02 22:58:25.000000,eqcct_earthquakes_th0_1/20251102T225725Z_20251102T225825Z/RMF_outputs/X_prediction_results.csv
OUL/FN.OUL..HHN__20251102T225729Z__20251102T225829Z.mseed,FN,OUL,0,0,0,0,2025-11-02 22:57:33.860000,0.445,,,2025-11-02 22:57:29.000000,2025-11-02 22:58:29.000000,eqcct_earthquakes_th0_1/20251102T225729Z_20251102T225829Z/OUL_outputs/X_prediction_results.csv
RNF/FN.RNF..HHE__20251102T225729Z__20251102T225829Z.mseed,FN,RNF,0,0,0,0,2025-11-02 22:57:33.980000,0.69,2025-11-02 22:57:56.470000,0.359,2025-11-02 22:57:29.000000,2025-11-02 22:58:29.000000,eqcct_earthquakes_th0_1/20251102T225729Z_20251102T225829Z/RNF_outputs/X_prediction_results.csv
VRF/HE.VRF..HHZ__20251102T225755Z__20251102T225855Z.mseed,HE,VRF,0,0,0,0,2025-11-02 22:57:59.110000,0.369,,,2025-11-02 22:57:55.000000,2025-11-02 22:58:55.000000,eqcct_earthquakes_th0_1/20251102T225755Z_20251102T225855Z/VRF_outputs/X_prediction_results.csv
KIF/HE.KIF..HHN__20251103T221731Z__20251103T221831Z.mseed,HE,KIF,0,0,0,0,2025-11-03 22:17:36.020000,0.886,2025-11-03 22:17:50.090000,0.675,2025-11-03 22:17:31.000000,2025-11-03 22:18:31.000000,eqcct_earthquakes_th0_1/20251103T221731Z_20251103T221831Z/KIF_outputs/X_prediction_results.csv
HEF/HE.HEF..HHN__20251103T221736Z__20251103T221836Z.mseed,HE,HEF,0,0,0,0,2025-11-03 22:17:41.150000,0.884,2025-11-03 22:17:58.870000,0.545,2025-11-03 22:17:36.000000,2025-11-03 22:18:36.000000,eqcct_earthquakes_th0_1/20251103T221736Z_20251103T221836Z/HEF_outputs/X_prediction_results.csv
KLF/FN.KLF..HHZ__20251103T221740Z__20251103T221840Z.mseed,FN,KLF,0,0,0,0,2025-11-03 22:17:45.650000,0.95,2025-11-03 22:18:07.080000,0.413,2025-11-03 22:17:40.000000,2025-11-03 22:18:40.000000,eqcct_earthquakes_th0_1/20251103T221740Z_20251103T221840Z/KLF_outputs/X_prediction_results.csv
SGF/FN.SGF..HHE__20251103T221752Z__20251103T221852Z.mseed,FN,SGF,0,0,0,0,2025-11-03 22:17:57.740000,0.776,2025-11-03 22:18:29.140000,0.732,2025-11-03 22:17:52.000000,2025-11-03 22:18:52.000000,eqcct_earthquakes_th0_1/20251103T221752Z_20251103T221852Z/SGF_outputs/X_prediction_results.csv
TOF/HE.TOF..HHZ__20251103T221753Z__20251103T221853Z.mseed,HE,TOF,0,0,0,0,2025-11-03 22:17:59.580000,0.363,,,2025-11-03 22:17:53.000000,2025-11-03 22:18:53.000000,eqcct_earthquakes_th0_1/20251103T221753Z_20251103T221853Z/TOF_outputs/X_prediction_results.csv
RNF/FN.RNF..HHE__20251103T221756Z__20251103T221856Z.mseed,FN,RNF,0,0,0,0,2025-11-03 22:18:00.590000,0.704,2025-11-03 22:18:15.980000,0.291,2025-11-03 22:17:56.000000,2025-11-03 22:18:56.000000,eqcct_earthquakes_th0_1/20251103T221756Z_20251103T221856Z/RNF_outputs/X_prediction_results.csv
VJF/HE.VJF..HHE__20251107T205652Z__20251107T205752Z.mseed,HE,VJF,0,0,0,0,2025-11-07 20:56:57.172000,0.932,2025-11-07 20:57:01.372000,0.911,2025-11-07 20:56:52.000000,2025-11-07 20:57:52.000000,eqcct_earthquakes_th0_1/20251107T205652Z_20251107T205752Z/VJF_outputs/X_prediction_results.csv
VUOS/HE.VUOS..HHN__20251107T205703Z__20251107T205803Z.mseed,HE,VUOS,0,0,0,0,2025-11-07 20:57:08.338000,0.327,2025-11-07 20:57:20.678000,0.48,2025-11-07 20:57:03.000000,2025-11-07 20:58:03.000000,eqcct_earthquakes_th0_1/20251107T205703Z_20251107T205803Z/VUOS_outputs/X_prediction_results.csv
KUNI/HE.KUNI..HHN__20251107T205704Z__20251107T205804Z.mseed,HE,KUNI,0,0,0,0,2025-11-07 20:57:09.860000,0.786,2025-11-07 20:57:23.880000,0.673,2025-11-07 20:57:04.000000,2025-11-07 20:58:04.000000,eqcct_earthquakes_th0_1/20251107T205704Z_20251107T205804Z/KUNI_outputs/X_prediction_results.csv
FIA0/HE.FIA0..HHE__20251107T205705Z__20251107T205805Z.mseed,HE,FIA0,0,0,0,0,2025-11-07 20:57:10.660000,0.928,2025-11-07 20:57:25.270000,0.68,2025-11-07 20:57:05.000000,2025-11-07 20:58:05.000000,eqcct_earthquakes_th0_1/20251107T205705Z_20251107T205805Z/FIA0_outputs/X_prediction_results.csv
FIA1/HE.FIA1..HHN__20251107T205705Z__20251107T205805Z.mseed,HE,FIA1,0,0,0,0,2025-11-07 20:57:10.660000,0.947,2025-11-07 20:57:25.260000,0.669,2025-11-07 20:57:05.000000,2025-11-07 20:58:05.000000,eqcct_earthquakes_th0_1/20251107T205705Z_20251107T205805Z/FIA1_outputs/X_prediction_results.csv
LAUT/HE.LAUT..HHN__20251107T205705Z__20251107T205805Z.mseed,HE,LAUT,0,0,0,0,2025-11-07 20:57:10.908000,0.709,2025-11-07 20:57:25.098000,0.527,2025-11-07 20:57:05.000000,2025-11-07 20:58:05.000000,eqcct_earthquakes_th0_1/20251107T205705Z_20251107T205805Z/LAUT_outputs/X_prediction_results.csv
HEL1/HE.HEL1..HHE__20251107T205705Z__20251107T205805Z.mseed,HE,HEL1,0,0,0,0,2025-11-07 20:57:09.492000,0.935,2025-11-07 20:57:24.802000,0.735,2025-11-07 20:57:05.000000,2025-11-07 20:58:05.000000,eqcct_earthquakes_th0_1/20251107T205705Z_20251107T205805Z/HEL1_outputs/X_prediction_results.csv
NUR/HE.NUR..HHE__20251107T205706Z__20251107T205806Z.mseed,HE,NUR,0,0,0,0,2025-11-07 20:57:11.758000,0.787,2025-11-07 20:57:26.848000,0.724,2025-11-07 20:57:06.000000,2025-11-07 20:58:06.000000,eqcct_earthquakes_th0_1/20251107T205706Z_20251107T205806Z/NUR_outputs/X_prediction_results.csv
HEL5/HE.HEL5..HHE__20251107T205707Z__20251107T205807Z.mseed,HE,HEL5,0,0,0,0,2025-11-07 20:57:12.220000,0.854,2025-11-07 20:57:27.620000,0.626,2025-11-07 20:57:07.000000,2025-11-07 20:58:07.000000,eqcct_earthquakes_th0_1/20251107T205707Z_20251107T205807Z/HEL5_outputs/X_prediction_results.csv
MEF/HE.MEF..HHN__20251107T205709Z__20251107T205809Z.mseed,HE,MEF,0,0,0,0,2025-11-07 20:57:14.730000,0.936,2025-11-07 20:57:31.730000,0.597,2025-11-07 20:57:09.000000,2025-11-07 20:58:09.000000,eqcct_earthquakes_th0_1/20251107T205709Z_20251107T205809Z/MEF_outputs/X_prediction_results.csv
RUF/HE.RUF..HHE__20251107T205711Z__20251107T205811Z.mseed,HE,RUF,0,0,0,0,2025-11-07 20:57:15.304000,0.882,2025-11-07 20:57:34.024000,0.559,2025-11-07 20:57:11.000000,2025-11-07 20:58:11.000000,eqcct_earthquakes_th0_1/20251107T205711Z_20251107T205811Z/RUF_outputs/X_prediction_results.csv
KAF/HE.KAF..HHE__20251107T205716Z__20251107T205816Z.mseed,HE,KAF,0,0,0,0,2025-11-07 20:57:21.180000,0.791,2025-11-07 20:57:44.020000,0.187,2025-11-07 20:57:16.000000,2025-11-07 20:58:16.000000,eqcct_earthquakes_th0_1/20251107T205716Z_20251107T205816Z/KAF_outputs/X_prediction_results.csv
KEF/HE.KEF..HHN__20251107T205721Z__20251107T205821Z.mseed,HE,KEF,0,0,0,0,2025-11-07 20:57:26.380000,0.81,2025-11-07 20:57:53.250000,0.68,2025-11-07 20:57:21.000000,2025-11-07 20:58:21.000000,eqcct_earthquakes_th0_1/20251107T205721Z_20251107T205821Z/KEF_outputs/X_prediction_results.csv
SUF/HE.SUF..HHE__20251107T205726Z__20251107T205826Z.mseed,HE,SUF,0,0,0,0,2025-11-07 20:57:31.376000,0.577,2025-11-07 20:58:02.296000,0.357,2025-11-07 20:57:26.000000,2025-11-07 20:58:26.000000,eqcct_earthquakes_th0_1/20251107T205726Z_20251107T205826Z/SUF_outputs/X_prediction_results.csv
TVF/HE.TVF..HHZ__20251107T205745Z__20251107T205845Z.mseed,HE,TVF,0,0,0,0,2025-11-07 20:57:50.724000,0.465,,,2025-11-07 20:57:45.000000,2025-11-07 20:58:45.000000,eqcct_earthquakes_th0_1/20251107T205745Z_20251107T205845Z/TVF_outputs/X_prediction_results.csv
RAF/HE.RAF..HHZ__20251107T205804Z__20251107T205904Z.mseed,HE,RAF,0,0,0,0,2025-11-07 20:58:08.600000,0.707,,,2025-11-07 20:58:04.000000,2025-11-07 20:59:04.000000,eqcct_earthquakes_th0_1/20251107T205804Z_20251107T205904Z/RAF_outputs/X_prediction_results.csv
TOF/HE.TOF..HHZ__20251109T112059Z__20251109T112159Z.mseed,HE,TOF,0,0,0,0,2025-11-09 11:21:04.590000,0.942,2025-11-09 11:21:10.710000,0.84,2025-11-09 11:20:59.000000,2025-11-09 11:21:59.000000,eqcct_earthquakes_th0_1/20251109T112059Z_20251109T112159Z/TOF_outputs/X_prediction_results.csv
RNF/FN.RNF..HHZ__20251109T112132Z__20251109T112232Z.mseed,FN,RNF,0,0,0,0,2025-11-09 11:21:36.350000,0.621,,,2025-11-09 11:21:32.000000,2025-11-09 11:22:32.000000,eqcct_earthquakes_th0_1/20251109T112132Z_20251109T112232Z/RNF_outputs/X_prediction_results.csv
OUL/FN.OUL..HHE__20251109T112132Z__20251109T112232Z.mseed,FN,OUL,0,0,0,0,2025-11-09 11:21:36.720000,0.472,2025-11-09 11:21:40.970000,0.484,2025-11-09 11:21:32.000000,2025-11-09 11:22:32.000000,eqcct_earthquakes_th0_1/20251109T112132Z_20251109T112232Z/OUL_outputs/X_prediction_results.csv
OUF/HE.OUF..HHN__20251109T112140Z__20251109T112240Z.mseed,HE,OUF,0,0,0,0,2025-11-09 11:21:45.690000,0.234,,,2025-11-09 11:21:40.000000,2025-11-09 11:22:40.000000,eqcct_earthquakes_th0_1/20251109T112140Z_20251109T112240Z/OUF_outputs/X_prediction_results.csv
FIA0/HE.FIA0..HHZ__20251110T014539Z__20251110T014639Z.mseed,HE,FIA0,0,0,0,0,2025-11-10 01:45:44.090000,0.739,2025-11-10 01:45:53.690000,0.513,2025-11-10 01:45:39.000000,2025-11-10 01:46:39.000000,eqcct_earthquakes_th0_1/20251110T014539Z_20251110T014639Z/FIA0_outputs/X_prediction_results.csv
FIA1/HE.FIA1..HHN__20251110T014539Z__20251110T014639Z.mseed,HE,FIA1,0,0,0,0,2025-11-10 01:45:44.080000,0.849,2025-11-10 01:45:53.570000,0.353,2025-11-10 01:45:39.000000,2025-11-10 01:46:39.000000,eqcct_earthquakes_th0_1/20251110T014539Z_20251110T014639Z/FIA1_outputs/X_prediction_results.csv
OBF8/HE.OBF8..HHE__20251111T022417Z__20251111T022517Z.mseed,HE,OBF8,0,0,0,0,2025-11-11 02:24:22.456000,0.88,,,2025-11-11 02:24:17.000000,2025-11-11 02:25:17.000000,eqcct_earthquakes_th0_1/20251111T022417Z_20251111T022517Z/OBF8_outputs/X_prediction_results.csv
OBF0/HE.OBF0..HHE__20251111T022422Z__20251111T022522Z.mseed,HE,OBF0,0,0,0,0,2025-11-11 02:24:27.664000,0.875,2025-11-11 02:24:46.584000,0.608,2025-11-11 02:24:22.000000,2025-11-11 02:25:22.000000,eqcct_earthquakes_th0_1/20251111T022422Z_20251111T022522Z/OBF0_outputs/X_prediction_results.csv
OBF3/HE.OBF3..HHE__20251111T022425Z__20251111T022525Z.mseed,HE,OBF3,0,0,0,0,2025-11-11 02:24:29.652000,0.871,,,2025-11-11 02:24:25.000000,2025-11-11 02:25:25.000000,eqcct_earthquakes_th0_1/20251111T022425Z_20251111T022525Z/OBF3_outputs/X_prediction_results.csv
OUF/HE.OUF..HHE__20251111T022426Z__20251111T022526Z.mseed,HE,OUF,0,0,0,0,2025-11-11 02:24:30.080000,0.243,2025-11-11 02:24:53.650000,0.332,2025-11-11 02:24:26.000000,2025-11-11 02:25:26.000000,eqcct_earthquakes_th0_1/20251111T022426Z_20251111T022526Z/OUF_outputs/X_prediction_results.csv
VAF/HE.VAF..HHN__20251111T022426Z__20251111T022526Z.mseed,HE,VAF,0,0,0,0,2025-11-11 02:24:30.760000,0.584,2025-11-11 02:24:53.110000,0.355,2025-11-11 02:24:26.000000,2025-11-11 02:25:26.000000,eqcct_earthquakes_th0_1/20251111T022426Z_20251111T022526Z/VAF_outputs/X_prediction_results.csv
ALAJF/HE.ALAJF..HHN__20251111T022454Z__20251111T022554Z.mseed,HE,ALAJF,0,0,0,0,2025-11-11 02:24:58.194000,0.685,2025-11-11 02:25:06.774000,0.214,2025-11-11 02:24:54.000000,2025-11-11 02:25:54.000000,eqcct_earthquakes_th0_1/20251111T022454Z_20251111T022554Z/ALAJF_outputs/X_prediction_results.csv
TOF/HE.TOF..HHZ__20251111T022457Z__20251111T022557Z.mseed,HE,TOF,0,0,0,0,2025-11-11 02:25:01.900000,0.468,,,2025-11-11 02:24:57.000000,2025-11-11 02:25:57.000000,eqcct_earthquakes_th0_1/20251111T022457Z_20251111T022557Z/TOF_outputs/X_prediction_results.csv
VAF/HE.VAF..HHN__20251113T032852Z__20251113T032952Z.mseed,HE,VAF,0,0,0,0,2025-11-13 03:28:57.780000,0.826,2025-11-13 03:29:06.940000,0.41,2025-11-13 03:28:52.000000,2025-11-13 03:29:52.000000,eqcct_earthquakes_th0_1/20251113T032852Z_20251113T032952Z/VAF_outputs/X_prediction_results.csv
ALAJF/HE.ALAJF..HHE__20251113T032859Z__20251113T032959Z.mseed,HE,ALAJF,0,0,0,0,2025-11-13 03:29:04.804000,0.804,2025-11-13 03:29:18.924000,0.685,2025-11-13 03:28:59.000000,2025-11-13 03:29:59.000000,eqcct_earthquakes_th0_1/20251113T032859Z_20251113T032959Z/ALAJF_outputs/X_prediction_results.csv
OBF0/HE.OBF0..HHE__20251113T032903Z__20251113T033003Z.mseed,HE,OBF0,0,0,0,0,2025-11-13 03:29:08.474000,0.551,2025-11-13 03:29:25.824000,0.103,2025-11-13 03:29:03.000000,2025-11-13 03:30:03.000000,eqcct_earthquakes_th0_1/20251113T032903Z_20251113T033003Z/OBF0_outputs/X_prediction_results.csv
KPF/HE.KPF..HHZ__20251113T032912Z__20251113T033012Z.mseed,HE,KPF,0,0,0,0,2025-11-13 03:29:17.388000,0.626,,,2025-11-13 03:29:12.000000,2025-11-13 03:30:12.000000,eqcct_earthquakes_th0_1/20251113T032912Z_20251113T033012Z/KPF_outputs/X_prediction_results.csv
KEF/HE.KEF..HHN__20251113T032914Z__20251113T033014Z.mseed,HE,KEF,0,0,0,0,2025-11-13 03:29:20.000000,0.85,2025-11-13 03:29:47.120000,0.287,2025-11-13 03:29:14.000000,2025-11-13 03:30:14.000000,eqcct_earthquakes_th0_1/20251113T032914Z_20251113T033014Z/KEF_outputs/X_prediction_results.csv
SUF/HE.SUF..HHN__20251113T032917Z__20251113T033017Z.mseed,HE,SUF,0,0,0,0,2025-11-13 03:29:21.052000,0.189,,,2025-11-13 03:29:17.000000,2025-11-13 03:30:17.000000,eqcct_earthquakes_th0_1/20251113T032917Z_20251113T033017Z/SUF_outputs/X_prediction_results.csv
OUF/HE.OUF..HHN__20251113T032923Z__20251113T033023Z.mseed,HE,OUF,0,0,0,0,2025-11-13 03:29:28.880000,0.305,,,2025-11-13 03:29:23.000000,2025-11-13 03:30:23.000000,eqcct_earthquakes_th0_1/20251113T032923Z_20251113T033023Z/OUF_outputs/X_prediction_results.csv
OUL/FN.OUL..HHN__20251113T032946Z__20251113T033046Z.mseed,FN,OUL,0,0,0,0,2025-11-13 03:29:50.950000,0.412,,,2025-11-13 03:29:46.000000,2025-11-13 03:30:46.000000,eqcct_earthquakes_th0_1/20251113T032946Z_20251113T033046Z/OUL_outputs/X_prediction_results.csv
HEF/HE.HEF..HHE__20251113T075133Z__20251113T075233Z.mseed,HE,HEF,0,0,0,0,2025-11-13 07:51:38.600000,0.945,2025-11-13 07:51:45.460000,0.76,2025-11-13 07:51:33.000000,2025-11-13 07:52:33.000000,eqcct_earthquakes_th0_1/20251113T075133Z_20251113T075233Z/HEF_outputs/X_prediction_results.csv
KIF/HE.KIF..HHN__20251113T075137Z__20251113T075237Z.mseed,HE,KIF,0,0,0,0,2025-11-13 07:51:42.010000,0.901,2025-11-13 07:51:51.180000,0.78,2025-11-13 07:51:37.000000,2025-11-13 07:52:37.000000,eqcct_earthquakes_th0_1/20251113T075137Z_20251113T075237Z/KIF_outputs/X_prediction_results.csv
KLF/FN.KLF..HHN__20251113T075150Z__20251113T075250Z.mseed,FN,KLF,0,0,0,0,2025-11-13 07:51:55.300000,0.603,,,2025-11-13 07:51:50.000000,2025-11-13 07:52:50.000000,eqcct_earthquakes_th0_1/20251113T075150Z_20251113T075250Z/KLF_outputs/X_prediction_results.csv
KMNF/FN.KMNF..HHE__20251113T075154Z__20251113T075254Z.mseed,FN,KMNF,0,0,0,0,2025-11-13 07:51:59.950000,0.722,2025-11-13 07:52:22.020000,0.232,2025-11-13 07:51:54.000000,2025-11-13 07:52:54.000000,eqcct_earthquakes_th0_1/20251113T075154Z_20251113T075254Z/KMNF_outputs/X_prediction_results.csv
KEV/HE.KEV..HHE__20251113T075158Z__20251113T075258Z.mseed,HE,KEV,0,0,0,0,2025-11-13 07:52:02.960000,0.401,,,2025-11-13 07:51:58.000000,2025-11-13 07:52:58.000000,eqcct_earthquakes_th0_1/20251113T075158Z_20251113T075258Z/KEV_outputs/X_prediction_results.csv
MSF/FN.MSF..HHN__20251117T222912Z__20251117T223012Z.mseed,FN,MSF,0,0,0,0,2025-11-17 22:29:17.660000,0.954,2025-11-17 22:29:22.030000,0.829,2025-11-17 22:29:12.000000,2025-11-17 22:30:12.000000,eqcct_earthquakes_th0_1/20251117T222912Z_20251117T223012Z/MSF_outputs/X_prediction_results.csv
OLKF/FN.OLKF..HHE__20251117T222915Z__20251117T223015Z.mseed,FN,OLKF,0,0,0,0,2025-11-17 22:29:20.750000,0.917,2025-11-17 22:29:27.490000,0.732,2025-11-17 22:29:15.000000,2025-11-17 22:30:15.000000,eqcct_earthquakes_th0_1/20251117T222915Z_20251117T223015Z/OLKF_outputs/X_prediction_results.csv
KU6/HE.KU6..HHE__20251117T222917Z__20251117T223017Z.mseed,HE,KU6,0,0,0,0,2025-11-17 22:29:22.120000,0.945,2025-11-17 22:29:29.970000,0.794,2025-11-17 22:29:17.000000,2025-11-17 22:30:17.000000,eqcct_earthquakes_th0_1/20251117T222917Z_20251117T223017Z/KU6_outputs/X_prediction_results.csv
RANF/FN.RANF..HHE__20251117T222919Z__20251117T223019Z.mseed,FN,RANF,0,0,0,0,2025-11-17 22:29:24.850000,0.953,2025-11-17 22:29:34.260000,0.83,2025-11-17 22:29:19.000000,2025-11-17 22:30:19.000000,eqcct_earthquakes_th0_1/20251117T222919Z_20251117T223019Z/RANF_outputs/X_prediction_results.csv
RNF/FN.RNF..HHN__20251117T222927Z__20251117T223027Z.mseed,FN,RNF,0,0,0,0,2025-11-17 22:29:32.270000,0.826,2025-11-17 22:29:47.620000,0.476,2025-11-17 22:29:27.000000,2025-11-17 22:30:27.000000,eqcct_earthquakes_th0_1/20251117T222927Z_20251117T223027Z/RNF_outputs/X_prediction_results.csv
OUL/FN.OUL..HHN__20251117T222949Z__20251117T223049Z.mseed,FN,OUL,0,0,0,0,2025-11-17 22:29:53.240000,0.276,2025-11-17 22:29:55.990000,0.546,2025-11-17 22:29:49.000000,2025-11-17 22:30:49.000000,eqcct_earthquakes_th0_1/20251117T222949Z_20251117T223049Z/OUL_outputs/X_prediction_results.csv
SGF/FN.SGF..HHZ__20251117T222953Z__20251117T223053Z.mseed,FN,SGF,0,0,0,0,2025-11-17 22:30:00.950000,0.382,2025-11-17 22:30:17.440000,0.575,2025-11-17 22:29:53.000000,2025-11-17 22:30:53.000000,eqcct_earthquakes_th0_1/20251117T222953Z_20251117T223053Z/SGF_outputs/X_prediction_results.csv
TOF/HE.TOF..HHN__20251117T222955Z__20251117T223055Z.mseed,HE,TOF,0,0,0,0,2025-11-17 22:29:59.540000,0.426,,,2025-11-17 22:29:55.000000,2025-11-17 22:30:55.000000,eqcct_earthquakes_th0_1/20251117T222955Z_20251117T223055Z/TOF_outputs/X_prediction_results.csv
VRF/HE.VRF..HHZ__20251117T222957Z__20251117T223057Z.mseed,HE,VRF,0,0,0,0,2025-11-17 22:30:01.470000,0.635,,,2025-11-17 22:29:57.000000,2025-11-17 22:30:57.000000,eqcct_earthquakes_th0_1/20251117T222957Z_20251117T223057Z/VRF_outputs/X_prediction_results.csv
RMF/HE.RMF..HHE__20251117T223000Z__20251117T223100Z.mseed,HE,RMF,0,0,0,0,2025-11-17 22:30:04.304000,0.229,,,2025-11-17 22:30:00.000000,2025-11-17 22:31:00.000000,eqcct_earthquakes_th0_1/20251117T223000Z_20251117T223100Z/RMF_outputs/X_prediction_results.csv
OBF3/HE.OBF3..HHN__20251117T223002Z__20251117T223102Z.mseed,HE,OBF3,0,0,0,0,2025-11-17 22:30:06.514000,0.381,,,2025-11-17 22:30:02.000000,2025-11-17 22:31:02.000000,eqcct_earthquakes_th0_1/20251117T223002Z_20251117T223102Z/OBF3_outputs/X_prediction_results.csv
KIF/HE.KIF..HHN__20251117T232847Z__20251117T232947Z.mseed,HE,KIF,0,0,0,0,2025-11-17 23:28:51.300000,0.64,2025-11-17 23:28:56.020000,0.594,2025-11-17 23:28:47.000000,2025-11-17 23:29:47.000000,eqcct_earthquakes_th0_1/20251117T232847Z_20251117T232947Z/KIF_outputs/X_prediction_results.csv
KLF/FN.KLF..HHE__20251117T232850Z__20251117T232950Z.mseed,FN,KLF,0,0,0,0,2025-11-17 23:28:54.870000,0.243,,,2025-11-17 23:28:50.000000,2025-11-17 23:29:50.000000,eqcct_earthquakes_th0_1/20251117T232850Z_20251117T232950Z/KLF_outputs/X_prediction_results.csv
KIF/HE.KIF..HHN__20251118T014248Z__20251118T014348Z.mseed,HE,KIF,0,0,0,0,2025-11-18 01:42:52.630000,0.503,2025-11-18 01:42:58.620000,0.309,2025-11-18 01:42:48.000000,2025-11-18 01:43:48.000000,eqcct_earthquakes_th0_1/20251118T014248Z_20251118T014348Z/KIF_outputs/X_prediction_results.csv
OBF8/HE.OBF8..HHN__20251118T185752Z__20251118T185852Z.mseed,HE,OBF8,0,0,0,0,2025-11-18 18:57:57.640000,0.85,2025-11-18 18:58:10.100000,0.605,2025-11-18 18:57:52.000000,2025-11-18 18:58:52.000000,eqcct_earthquakes_th0_1/20251118T185752Z_20251118T185852Z/OBF8_outputs/X_prediction_results.csv
OBF3/HE.OBF3..HHZ__20251118T185753Z__20251118T185853Z.mseed,HE,OBF3,0,0,0,0,2025-11-18 18:57:58.946000,0.824,2025-11-18 18:58:12.636000,0.74,2025-11-18 18:57:53.000000,2025-11-18 18:58:53.000000,eqcct_earthquakes_th0_1/20251118T185753Z_20251118T185853Z/OBF3_outputs/X_prediction_results.csv
OBF0/HE.OBF0..HHN__20251118T185754Z__20251118T185854Z.mseed,HE,OBF0,0,0,0,0,2025-11-18 18:57:58.994000,0.739,2025-11-18 18:58:12.344000,0.823,2025-11-18 18:57:54.000000,2025-11-18 18:58:54.000000,eqcct_earthquakes_th0_1/20251118T185754Z_20251118T185854Z/OBF0_outputs/X_prediction_results.csv
TOF/HE.TOF..HHN__20251118T185757Z__20251118T185857Z.mseed,HE,TOF,0,0,0,0,2025-11-18 18:58:02.180000,0.926,2025-11-18 18:58:17.570000,0.428,2025-11-18 18:57:57.000000,2025-11-18 18:58:57.000000,eqcct_earthquakes_th0_1/20251118T185757Z_20251118T185857Z/TOF_outputs/X_prediction_results.csv
OUF/HE.OUF..HHN__20251118T185758Z__20251118T185858Z.mseed,HE,OUF,0,0,0,0,2025-11-18 18:58:03.340000,0.883,2025-11-18 18:58:19.860000,0.776,2025-11-18 18:57:58.000000,2025-11-18 18:58:58.000000,eqcct_earthquakes_th0_1/20251118T185758Z_20251118T185858Z/OUF_outputs/X_prediction_results.csv
OUL/FN.OUL..HHZ__20251118T185801Z__20251118T185901Z.mseed,FN,OUL,0,0,0,0,2025-11-18 18:58:06.860000,0.693,2025-11-18 18:58:26.510000,0.202,2025-11-18 18:58:01.000000,2025-11-18 18:59:01.000000,eqcct_earthquakes_th0_1/20251118T185801Z_20251118T185901Z/OUL_outputs/X_prediction_results.csv
RANF/FN.RANF..HHN__20251118T185810Z__20251118T185910Z.mseed,FN,RANF,0,0,0,0,2025-11-18 18:58:14.000000,0.86,2025-11-18 18:58:41.480000,0.198,2025-11-18 18:58:10.000000,2025-11-18 18:59:10.000000,eqcct_earthquakes_th0_1/20251118T185810Z_20251118T185910Z/RANF_outputs/X_prediction_results.csv
RNF/FN.RNF..HHZ__20251118T185811Z__20251118T185911Z.mseed,FN,RNF,0,0,0,0,2025-11-18 18:58:16.570000,0.76,2025-11-18 18:58:41.500000,0.111,2025-11-18 18:58:11.000000,2025-11-18 18:59:11.000000,eqcct_earthquakes_th0_1/20251118T185811Z_20251118T185911Z/RNF_outputs/X_prediction_results.csv
KLF/FN.KLF..HHE__20251118T185812Z__20251118T185912Z.mseed,FN,KLF,0,0,0,0,2025-11-18 18:58:16.200000,0.711,,,2025-11-18 18:58:12.000000,2025-11-18 18:59:12.000000,eqcct_earthquakes_th0_1/20251118T185812Z_20251118T185912Z/KLF_outputs/X_prediction_results.csv
VAF/HE.VAF..HHN__20251118T185813Z__20251118T185913Z.mseed,HE,VAF,0,0,0,0,2025-11-18 18:58:17.770000,0.844,2025-11-18 18:58:44.740000,0.528,2025-11-18 18:58:13.000000,2025-11-18 18:59:13.000000,eqcct_earthquakes_th0_1/20251118T185813Z_20251118T185913Z/VAF_outputs/X_prediction_results.csv
ALAJF/HE.ALAJF..HHN__20251118T185814Z__20251118T185914Z.mseed,HE,ALAJF,0,0,0,0,2025-11-18 18:58:18.612000,0.824,2025-11-18 18:58:46.002000,0.492,2025-11-18 18:58:14.000000,2025-11-18 18:59:14.000000,eqcct_earthquakes_th0_1/20251118T185814Z_20251118T185914Z/ALAJF_outputs/X_prediction_results.csv
KLF/FN.KLF..HHZ__20251119T121146Z__20251119T121246Z.mseed,FN,KLF,0,0,0,0,2025-11-19 12:11:51.100000,0.907,2025-11-19 12:12:00.420000,0.507,2025-11-19 12:11:46.000000,2025-11-19 12:12:46.000000,eqcct_earthquakes_th0_1/20251119T121146Z_20251119T121246Z/KLF_outputs/X_prediction_results.csv
HEF/HE.HEF..HHE__20251119T121151Z__20251119T121251Z.mseed,HE,HEF,0,0,0,0,2025-11-19 12:11:56.840000,0.575,2025-11-19 12:12:10.380000,0.564,2025-11-19 12:11:51.000000,2025-11-19 12:12:51.000000,eqcct_earthquakes_th0_1/20251119T121151Z_20251119T121251Z/HEF_outputs/X_prediction_results.csv
TOF/HE.TOF..HHE__20251119T121222Z__20251119T121322Z.mseed,HE,TOF,0,0,0,0,2025-11-19 12:12:26.540000,0.728,,,2025-11-19 12:12:22.000000,2025-11-19 12:13:22.000000,eqcct_earthquakes_th0_1/20251119T121222Z_20251119T121322Z/TOF_outputs/X_prediction_results.csv
RNF/FN.RNF..HHN__20251119T121225Z__20251119T121325Z.mseed,FN,RNF,0,0,0,0,2025-11-19 12:12:30.810000,0.403,2025-11-19 12:12:32.010000,0.358,2025-11-19 12:12:25.000000,2025-11-19 12:13:25.000000,eqcct_earthquakes_th0_1/20251119T121225Z_20251119T121325Z/RNF_outputs/X_prediction_results.csv
RANF/FN.RANF..HHZ__20251119T121239Z__20251119T121339Z.mseed,FN,RANF,0,0,0,0,2025-11-19 12:12:43.670000,0.397,2025-11-19 12:12:48.590000,0.319,2025-11-19 12:12:39.000000,2025-11-19 12:13:39.000000,eqcct_earthquakes_th0_1/20251119T121239Z_20251119T121339Z/RANF_outputs/X_prediction_results.csv
KMNF/FN.KMNF..HHE__20251119T121241Z__20251119T121341Z.mseed,FN,KMNF,0,0,0,0,2025-11-19 12:12:46.350000,0.391,,,2025-11-19 12:12:41.000000,2025-11-19 12:13:41.000000,eqcct_earthquakes_th0_1/20251119T121241Z_20251119T121341Z/KMNF_outputs/X_prediction_results.csv
RAJF/FN.RAJF..HHN__20251119T121242Z__20251119T121342Z.mseed,FN,RAJF,0,0,0,0,2025-11-19 12:12:47.900000,0.165,,,2025-11-19 12:12:42.000000,2025-11-19 12:13:42.000000,eqcct_earthquakes_th0_1/20251119T121242Z_20251119T121342Z/RAJF_outputs/X_prediction_results.csv
KPF/HE.KPF..HHZ__20251120T230923Z__20251120T231023Z.mseed,HE,KPF,0,0,0,0,2025-11-20 23:09:28.732000,0.628,2025-11-20 23:10:00.622000,0.183,2025-11-20 23:09:23.000000,2025-11-20 23:10:23.000000,eqcct_earthquakes_th0_1/20251120T230923Z_20251120T231023Z/KPF_outputs/X_prediction_results.csv
VAF/HE.VAF..HHN__20251120T230931Z__20251120T231031Z.mseed,HE,VAF,0,0,0,0,2025-11-20 23:09:35.870000,0.698,2025-11-20 23:10:12.540000,0.215,2025-11-20 23:09:31.000000,2025-11-20 23:10:31.000000,eqcct_earthquakes_th0_1/20251120T230931Z_20251120T231031Z/VAF_outputs/X_prediction_results.csv
KLF/FN.KLF..HHN__20251121T013334Z__20251121T013434Z.mseed,FN,KLF,0,0,0,0,2025-11-21 01:33:39.600000,0.293,,,2025-11-21 01:33:34.000000,2025-11-21 01:34:34.000000,eqcct_earthquakes_th0_1/20251121T013334Z_20251121T013434Z/KLF_outputs/X_prediction_results.csv
HEF/HE.HEF..HHN__20251121T013337Z__20251121T013437Z.mseed,HE,HEF,0,0,0,0,2025-11-21 01:33:41.450000,0.349,,,2025-11-21 01:33:37.000000,2025-11-21 01:34:37.000000,eqcct_earthquakes_th0_1/20251121T013337Z_20251121T013437Z/HEF_outputs/X_prediction_results.csv
KLF/FN.KLF..HHE__20251121T064737Z__20251121T064837Z.mseed,FN,KLF,0,0,0,0,2025-11-21 06:47:42.450000,0.93,2025-11-21 06:47:52.670000,0.414,2025-11-21 06:47:37.000000,2025-11-21 06:48:37.000000,eqcct_earthquakes_th0_1/20251121T064737Z_20251121T064837Z/KLF_outputs/X_prediction_results.csv
TOF/HE.TOF..HHN__20251121T064744Z__20251121T064844Z.mseed,HE,TOF,0,0,0,0,2025-11-21 06:47:49.590000,0.882,2025-11-21 06:48:05.180000,0.302,2025-11-21 06:47:44.000000,2025-11-21 06:48:44.000000,eqcct_earthquakes_th0_1/20251121T064744Z_20251121T064844Z/TOF_outputs/X_prediction_results.csv
RANF/FN.RANF..HHN__20251121T064758Z__20251121T064858Z.mseed,FN,RANF,0,0,0,0,2025-11-21 06:48:02.650000,0.735,2025-11-21 06:48:30.770000,0.159,2025-11-21 06:47:58.000000,2025-11-21 06:48:58.000000,eqcct_earthquakes_th0_1/20251121T064758Z_20251121T064858Z/RANF_outputs/X_prediction_results.csv
RNF/FN.RNF..HHN__20251121T064810Z__20251121T064910Z.mseed,FN,RNF,0,0,0,0,2025-11-21 06:48:14.120000,0.443,2025-11-21 06:48:16.210000,0.403,2025-11-21 06:48:10.000000,2025-11-21 06:49:10.000000,eqcct_earthquakes_th0_1/20251121T064810Z_20251121T064910Z/RNF_outputs/X_prediction_results.csv
HEF/HE.HEF..HHE__20251121T064813Z__20251121T064913Z.mseed,HE,HEF,0,0,0,0,2025-11-21 06:48:17.190000,0.309,2025-11-21 06:48:19.000000,0.639,2025-11-21 06:48:13.000000,2025-11-21 06:49:13.000000,eqcct_earthquakes_th0_1/20251121T064813Z_20251121T064913Z/HEF_outputs/X_prediction_results.csv
KIF/HE.KIF..HHZ__20251121T064829Z__20251121T064929Z.mseed,HE,KIF,0,0,0,0,2025-11-21 06:48:33.660000,0.132,,,2025-11-21 06:48:29.000000,2025-11-21 06:49:29.000000,eqcct_earthquakes_th0_1/20251121T064829Z_20251121T064929Z/KIF_outputs/X_prediction_results.csv
OBF3/HE.OBF3..HHN__20251121T064832Z__20251121T064932Z.mseed,HE,OBF3,0,0,0,0,2025-11-21 06:48:36.752000,0.667,,,2025-11-21 06:48:32.000000,2025-11-21 06:49:32.000000,eqcct_earthquakes_th0_1/20251121T064832Z_20251121T064932Z/OBF3_outputs/X_prediction_results.csv
OUL/FN.OUL..HHE__20251121T064833Z__20251121T064933Z.mseed,FN,OUL,0,0,0,0,2025-11-21 06:48:37.630000,0.541,,,2025-11-21 06:48:33.000000,2025-11-21 06:49:33.000000,eqcct_earthquakes_th0_1/20251121T064833Z_20251121T064933Z/OUL_outputs/X_prediction_results.csv
KLF/FN.KLF..HHE__20251122T215419Z__20251122T215519Z.mseed,FN,KLF,0,0,0,0,2025-11-22 21:54:24.250000,0.795,2025-11-22 21:54:29.170000,0.739,2025-11-22 21:54:19.000000,2025-11-22 21:55:19.000000,eqcct_earthquakes_th0_1/20251122T215419Z_20251122T215519Z/KLF_outputs/X_prediction_results.csv
RNF/FN.RNF..HHE__20251122T215428Z__20251122T215528Z.mseed,FN,RNF,0,0,0,0,2025-11-22 21:54:33.460000,0.896,2025-11-22 21:54:45.170000,0.587,2025-11-22 21:54:28.000000,2025-11-22 21:55:28.000000,eqcct_earthquakes_th0_1/20251122T215428Z_20251122T215528Z/RNF_outputs/X_prediction_results.csv
HEF/HE.HEF..HHN__20251122T215445Z__20251122T215545Z.mseed,HE,HEF,0,0,0,0,2025-11-22 21:55:55.810000,0.173,,,2025-11-22 21:54:45.000000,2025-11-22 21:55:45.000000,eqcct_earthquakes_th0_1/20251122T215445Z_20251122T215545Z/HEF_outputs/X_prediction_results.csv
RANF/FN.RANF..HHZ__20251122T215456Z__20251122T215556Z.mseed,FN,RANF,0,0,0,0,2025-11-22 21:55:00.850000,0.43,,,2025-11-22 21:54:56.000000,2025-11-22 21:55:56.000000,eqcct_earthquakes_th0_1/20251122T215456Z_20251122T215556Z/RANF_outputs/X_prediction_results.csv
OBF8/HE.OBF8..HHN__20251123T121818Z__20251123T121918Z.mseed,HE,OBF8,0,0,0,0,2025-11-23 12:18:23.920000,0.953,2025-11-23 12:18:40.780000,0.481,2025-11-23 12:18:18.000000,2025-11-23 12:19:18.000000,eqcct_earthquakes_th0_1/20251123T121818Z_20251123T121918Z/OBF8_outputs/X_prediction_results.csv
OBF0/HE.OBF0..HHN__20251123T121823Z__20251123T121923Z.mseed,HE,OBF0,0,0,0,0,2025-11-23 12:18:28.044000,0.944,2025-11-23 12:18:47.794000,0.334,2025-11-23 12:18:23.000000,2025-11-23 12:19:23.000000,eqcct_earthquakes_th0_1/20251123T121823Z_20251123T121923Z/OBF0_outputs/X_prediction_results.csv
OBF3/HE.OBF3..HHE__20251123T121825Z__20251123T121925Z.mseed,HE,OBF3,0,0,0,0,2025-11-23 12:18:30.120000,0.932,2025-11-23 12:18:51.610000,0.323,2025-11-23 12:18:25.000000,2025-11-23 12:19:25.000000,eqcct_earthquakes_th0_1/20251123T121825Z_20251123T121925Z/OBF3_outputs/X_prediction_results.csv
OUF/HE.OUF..HHZ__20251123T121826Z__20251123T121926Z.mseed,HE,OUF,0,0,0,0,2025-11-23 12:18:31.950000,0.393,2025-11-23 12:18:54.420000,0.52,2025-11-23 12:18:26.000000,2025-11-23 12:19:26.000000,eqcct_earthquakes_th0_1/20251123T121826Z_20251123T121926Z/OUF_outputs/X_prediction_results.csv
TOF/HE.TOF..HHN__20251123T121828Z__20251123T121928Z.mseed,HE,TOF,0,0,0,0,2025-11-23 12:18:33.360000,0.909,2025-11-23 12:18:57.260000,0.495,2025-11-23 12:18:28.000000,2025-11-23 12:19:28.000000,eqcct_earthquakes_th0_1/20251123T121828Z_20251123T121928Z/TOF_outputs/X_prediction_results.csv
OUL/FN.OUL..HHE__20251123T121831Z__20251123T121931Z.mseed,FN,OUL,0,0,0,0,2025-11-23 12:18:36.860000,0.818,2025-11-23 12:19:06.110000,0.269,2025-11-23 12:18:31.000000,2025-11-23 12:19:31.000000,eqcct_earthquakes_th0_1/20251123T121831Z_20251123T121931Z/OUL_outputs/X_prediction_results.csv
VAF/HE.VAF..HHZ__20251123T121831Z__20251123T121931Z.mseed,HE,VAF,0,0,0,0,2025-11-23 12:18:36.850000,0.904,2025-11-23 12:19:04.750000,0.726,2025-11-23 12:18:31.000000,2025-11-23 12:19:31.000000,eqcct_earthquakes_th0_1/20251123T121831Z_20251123T121931Z/VAF_outputs/X_prediction_results.csv
ALAJF/HE.ALAJF..HHZ__20251123T121834Z__20251123T121934Z.mseed,HE,ALAJF,0,0,0,0,2025-11-23 12:18:39.776000,0.801,2025-11-23 12:19:11.246000,0.766,2025-11-23 12:18:34.000000,2025-11-23 12:19:34.000000,eqcct_earthquakes_th0_1/20251123T121834Z_20251123T121934Z/ALAJF_outputs/X_prediction_results.csv
KLF/FN.KLF..HHN__20251123T121838Z__20251123T121938Z.mseed,FN,KLF,0,0,0,0,2025-11-23 12:18:43.800000,0.794,2025-11-23 12:19:20.480000,0.418,2025-11-23 12:18:38.000000,2025-11-23 12:19:38.000000,eqcct_earthquakes_th0_1/20251123T121838Z_20251123T121938Z/KLF_outputs/X_prediction_results.csv
RANF/FN.RANF..HHN__20251123T121839Z__20251123T121939Z.mseed,FN,RANF,0,0,0,0,2025-11-23 12:18:43.500000,0.486,2025-11-23 12:19:23.510000,0.78,2025-11-23 12:18:39.000000,2025-11-23 12:19:39.000000,eqcct_earthquakes_th0_1/20251123T121839Z_20251123T121939Z/RANF_outputs/X_prediction_results.csv
KEV/HE.KEV..HHE__20251125T064750Z__20251125T064850Z.mseed,HE,KEV,0,0,0,0,2025-11-25 06:47:55.270000,0.918,2025-11-25 06:48:04.120000,0.805,2025-11-25 06:47:50.000000,2025-11-25 06:48:50.000000,eqcct_earthquakes_th0_1/20251125T064750Z_20251125T064850Z/KEV_outputs/X_prediction_results.csv
KMNF/FN.KMNF..HHN__20251125T064753Z__20251125T064853Z.mseed,FN,KMNF,0,0,0,0,2025-11-25 06:47:58.100000,0.957,2025-11-25 06:48:09.090000,0.754,2025-11-25 06:47:53.000000,2025-11-25 06:48:53.000000,eqcct_earthquakes_th0_1/20251125T064753Z_20251125T064853Z/KMNF_outputs/X_prediction_results.csv
HEF/HE.HEF..HHE__20251125T064801Z__20251125T064901Z.mseed,HE,HEF,0,0,0,0,2025-11-25 06:48:06.110000,0.867,2025-11-25 06:48:23.180000,0.687,2025-11-25 06:48:01.000000,2025-11-25 06:49:01.000000,eqcct_earthquakes_th0_1/20251125T064801Z_20251125T064901Z/HEF_outputs/X_prediction_results.csv
KIF/HE.KIF..HHE__20251125T064805Z__20251125T064905Z.mseed,HE,KIF,0,0,0,0,2025-11-25 06:48:10.250000,0.772,2025-11-25 06:48:30.640000,0.49,2025-11-25 06:48:05.000000,2025-11-25 06:49:05.000000,eqcct_earthquakes_th0_1/20251125T064805Z_20251125T064905Z/KIF_outputs/X_prediction_results.csv
RAJF/FN.RAJF..HHN__20251125T064806Z__20251125T064906Z.mseed,FN,RAJF,0,0,0,0,2025-11-25 06:48:11.000000,0.832,2025-11-25 06:48:31.790000,0.235,2025-11-25 06:48:06.000000,2025-11-25 06:49:06.000000,eqcct_earthquakes_th0_1/20251125T064806Z_20251125T064906Z/RAJF_outputs/X_prediction_results.csv
OLKF/FN.OLKF..HHN__20251129T233517Z__20251129T233617Z.mseed,FN,OLKF,0,0,0,0,2025-11-29 23:35:22.750000,0.898,2025-11-29 23:35:36.870000,0.702,2025-11-29 23:35:17.000000,2025-11-29 23:36:17.000000,eqcct_earthquakes_th0_1/20251129T233517Z_20251129T233617Z/OLKF_outputs/X_prediction_results.csv
VRF/HE.VRF..HHZ__20251129T233518Z__20251129T233618Z.mseed,HE,VRF,0,0,0,0,2025-11-29 23:35:23.580000,0.835,2025-11-29 23:35:38.180000,0.334,2025-11-29 23:35:18.000000,2025-11-29 23:36:18.000000,eqcct_earthquakes_th0_1/20251129T233518Z_20251129T233618Z/VRF_outputs/X_prediction_results.csv
KU6/HE.KU6..HHE__20251129T233518Z__20251129T233618Z.mseed,HE,KU6,0,0,0,0,2025-11-29 23:35:23.840000,0.87,2025-11-29 23:35:39.100000,0.476,2025-11-29 23:35:18.000000,2025-11-29 23:36:18.000000,eqcct_earthquakes_th0_1/20251129T233518Z_20251129T233618Z/KU6_outputs/X_prediction_results.csv
MSF/FN.MSF..HHN__20251129T233524Z__20251129T233624Z.mseed,FN,MSF,0,0,0,0,2025-11-29 23:35:29.290000,0.839,2025-11-29 23:35:48.480000,0.243,2025-11-29 23:35:24.000000,2025-11-29 23:36:24.000000,eqcct_earthquakes_th0_1/20251129T233524Z_20251129T233624Z/MSF_outputs/X_prediction_results.csv
SGF/FN.SGF..HHZ__20251129T233558Z__20251129T233658Z.mseed,FN,SGF,0,0,0,0,2025-11-29 23:36:02.030000,0.54,,,2025-11-29 23:35:58.000000,2025-11-29 23:36:58.000000,eqcct_earthquakes_th0_1/20251129T233558Z_20251129T233658Z/SGF_outputs/X_prediction_results.csv
RANF/FN.RANF..HHZ__20251129T233602Z__20251129T233702Z.mseed,FN,RANF,0,0,0,0,2025-11-29 23:36:06.210000,0.274,,,2025-11-29 23:36:02.000000,2025-11-29 23:37:02.000000,eqcct_earthquakes_th0_1/20251129T233602Z_20251129T233702Z/RANF_outputs/X_prediction_results.csv
RNF/FN.RNF..HHN__20251129T233604Z__20251129T233704Z.mseed,FN,RNF,0,0,0,0,2025-11-29 23:36:10.980000,0.247,2025-11-29 23:36:10.980000,0.615,2025-11-29 23:36:04.000000,2025-11-29 23:37:04.000000,eqcct_earthquakes_th0_1/20251129T233604Z_20251129T233704Z/RNF_outputs/X_prediction_results.csv
KLF/FN.KLF..HHE__20251202T004309Z__20251202T004409Z.mseed,FN,KLF,0,0,0,0,2025-12-02 00:43:14.550000,0.854,2025-12-02 00:43:25.100000,0.425,2025-12-02 00:43:09.000000,2025-12-02 00:44:09.000000,eqcct_earthquakes_th0_1/20251202T004309Z_20251202T004409Z/KLF_outputs/X_prediction_results.csv
HEF/HE.HEF..HHN__20251202T004310Z__20251202T004410Z.mseed,HE,HEF,0,0,0,0,2025-12-02 00:43:14.400000,0.86,2025-12-02 00:43:25.810000,0.553,2025-12-02 00:43:10.000000,2025-12-02 00:44:10.000000,eqcct_earthquakes_th0_1/20251202T004310Z_20251202T004410Z/HEF_outputs/X_prediction_results.csv
SGF/FN.SGF..HHE__20251202T004324Z__20251202T004424Z.mseed,FN,SGF,0,0,0,0,2025-12-02 00:43:29.180000,0.635,2025-12-02 00:43:49.530000,0.44,2025-12-02 00:43:24.000000,2025-12-02 00:44:24.000000,eqcct_earthquakes_th0_1/20251202T004324Z_20251202T004424Z/SGF_outputs/X_prediction_results.csv
RNF/FN.RNF..HHN__20251202T004328Z__20251202T004428Z.mseed,FN,RNF,0,0,0,0,2025-12-02 00:43:32.010000,0.762,2025-12-02 00:43:55.980000,0.29,2025-12-02 00:43:28.000000,2025-12-02 00:44:28.000000,eqcct_earthquakes_th0_1/20251202T004328Z_20251202T004428Z/RNF_outputs/X_prediction_results.csv
TOF/HE.TOF..HHE__20251202T004329Z__20251202T004429Z.mseed,HE,TOF,0,0,0,0,2025-12-02 00:43:33.620000,0.52,,,2025-12-02 00:43:29.000000,2025-12-02 00:44:29.000000,eqcct_earthquakes_th0_1/20251202T004329Z_20251202T004429Z/TOF_outputs/X_prediction_results.csv
KIF/HE.KIF..HHZ__20251202T004339Z__20251202T004439Z.mseed,HE,KIF,0,0,0,0,2025-12-02 00:43:44.850000,0.349,2025-12-02 00:44:19.440000,0.233,2025-12-02 00:43:39.000000,2025-12-02 00:44:39.000000,eqcct_earthquakes_th0_1/20251202T004339Z_20251202T004439Z/KIF_outputs/X_prediction_results.csv
KMNF/FN.KMNF..HHE__20251202T004401Z__20251202T004501Z.mseed,FN,KMNF,0,0,0,0,2025-12-02 00:44:05.050000,0.621,2025-12-02 00:44:24.520000,0.766,2025-12-02 00:44:01.000000,2025-12-02 00:45:01.000000,eqcct_earthquakes_th0_1/20251202T004401Z_20251202T004501Z/KMNF_outputs/X_prediction_results.csv
KU6/HE.KU6..HHE__20251202T122132Z__20251202T122232Z.mseed,HE,KU6,0,0,0,0,2025-12-02 12:21:37.480000,0.798,2025-12-02 12:21:46.520000,0.776,2025-12-02 12:21:32.000000,2025-12-02 12:22:32.000000,eqcct_earthquakes_th0_1/20251202T122132Z_20251202T122232Z/KU6_outputs/X_prediction_results.csv
OLKF/FN.OLKF..HHZ__20251202T122135Z__20251202T122235Z.mseed,FN,OLKF,0,0,0,0,2025-12-02 12:21:40.300000,0.842,2025-12-02 12:21:51.340000,0.465,2025-12-02 12:21:35.000000,2025-12-02 12:22:35.000000,eqcct_earthquakes_th0_1/20251202T122135Z_20251202T122235Z/OLKF_outputs/X_prediction_results.csv
MSF/FN.MSF..HHZ__20251202T122139Z__20251202T122239Z.mseed,FN,MSF,0,0,0,0,2025-12-02 12:21:44.010000,0.602,2025-12-02 12:21:57.440000,0.668,2025-12-02 12:21:39.000000,2025-12-02 12:22:39.000000,eqcct_earthquakes_th0_1/20251202T122139Z_20251202T122239Z/MSF_outputs/X_prediction_results.csv
VRF/HE.VRF..HHN__20251202T122210Z__20251202T122310Z.mseed,HE,VRF,0,0,0,0,2025-12-02 12:22:14.240000,0.356,,,2025-12-02 12:22:10.000000,2025-12-02 12:23:10.000000,eqcct_earthquakes_th0_1/20251202T122210Z_20251202T122310Z/VRF_outputs/X_prediction_results.csv
RANF/FN.RANF..HHN__20251202T122216Z__20251202T122316Z.mseed,FN,RANF,0,0,0,0,2025-12-02 12:22:20.960000,0.217,,,2025-12-02 12:22:16.000000,2025-12-02 12:23:16.000000,eqcct_earthquakes_th0_1/20251202T122216Z_20251202T122316Z/RANF_outputs/X_prediction_results.csv
RNF/FN.RNF..HHE__20251202T122223Z__20251202T122323Z.mseed,FN,RNF,0,0,0,0,2025-12-02 12:22:27.810000,0.533,,,2025-12-02 12:22:23.000000,2025-12-02 12:23:23.000000,eqcct_earthquakes_th0_1/20251202T122223Z_20251202T122323Z/RNF_outputs/X_prediction_results.csv
SGF/FN.SGF..HHN__20251202T122225Z__20251202T122325Z.mseed,FN,SGF,0,0,0,0,2025-12-02 12:22:29.590000,0.707,,,2025-12-02 12:22:25.000000,2025-12-02 12:23:25.000000,eqcct_earthquakes_th0_1/20251202T122225Z_20251202T122325Z/SGF_outputs/X_prediction_results.csv
KPF/HE.KPF..HHE__20251203T192739Z__20251203T192839Z.mseed,HE,KPF,0,0,0,0,2025-12-03 19:27:44.312000,0.957,2025-12-03 19:27:47.732000,0.893,2025-12-03 19:27:39.000000,2025-12-03 19:28:39.000000,eqcct_earthquakes_th0_1/20251203T192739Z_20251203T192839Z/KPF_outputs/X_prediction_results.csv
RAF/HE.RAF..HHZ__20251203T192752Z__20251203T192852Z.mseed,HE,RAF,0,0,0,0,2025-12-03 19:27:57.890000,0.937,2025-12-03 19:28:10.960000,0.791,2025-12-03 19:27:52.000000,2025-12-03 19:28:52.000000,eqcct_earthquakes_th0_1/20251203T192752Z_20251203T192852Z/RAF_outputs/X_prediction_results.csv
VAF/HE.VAF..HHN__20251203T192755Z__20251203T192855Z.mseed,HE,VAF,0,0,0,0,2025-12-03 19:28:00.290000,0.928,2025-12-03 19:28:15.360000,0.529,2025-12-03 19:27:55.000000,2025-12-03 19:28:55.000000,eqcct_earthquakes_th0_1/20251203T192755Z_20251203T192855Z/VAF_outputs/X_prediction_results.csv
KEF/HE.KEF..HHE__20251203T192801Z__20251203T192901Z.mseed,HE,KEF,0,0,0,0,2025-12-03 19:28:06.480000,0.916,2025-12-03 19:28:26.400000,0.761,2025-12-03 19:28:01.000000,2025-12-03 19:29:01.000000,eqcct_earthquakes_th0_1/20251203T192801Z_20251203T192901Z/KEF_outputs/X_prediction_results.csv
ALAJF/HE.ALAJF..HHZ__20251203T192802Z__20251203T192902Z.mseed,HE,ALAJF,0,0,0,0,2025-12-03 19:28:07.416000,0.888,2025-12-03 19:28:28.206000,0.518,2025-12-03 19:28:02.000000,2025-12-03 19:29:02.000000,eqcct_earthquakes_th0_1/20251203T192802Z_20251203T192902Z/ALAJF_outputs/X_prediction_results.csv
NUR/HE.NUR..HHE__20251203T192811Z__20251203T192911Z.mseed,HE,NUR,0,0,0,0,2025-12-03 19:28:16.320000,0.868,2025-12-03 19:28:43.270000,0.34,2025-12-03 19:28:11.000000,2025-12-03 19:29:11.000000,eqcct_earthquakes_th0_1/20251203T192811Z_20251203T192911Z/NUR_outputs/X_prediction_results.csv
AAL/UP.AAL..HHZ__20251203T192811Z__20251203T192911Z.mseed,UP,AAL,0,0,0,0,2025-12-03 19:28:15.090000,0.923,2025-12-03 19:28:41.390000,0.415,2025-12-03 19:28:11.000000,2025-12-03 19:29:11.000000,eqcct_earthquakes_th0_1/20251203T192811Z_20251203T192911Z/AAL_outputs/X_prediction_results.csv
KAF/HE.KAF..HHN__20251203T192812Z__20251203T192912Z.mseed,HE,KAF,0,0,0,0,2025-12-03 19:28:17.360000,0.827,2025-12-03 19:28:46.080000,0.523,2025-12-03 19:28:12.000000,2025-12-03 19:29:12.000000,eqcct_earthquakes_th0_1/20251203T192812Z_20251203T192912Z/KAF_outputs/X_prediction_results.csv
FIA0/HE.FIA0..HHE__20251203T192812Z__20251203T192912Z.mseed,HE,FIA0,0,0,0,0,2025-12-03 19:28:17.370000,0.739,2025-12-03 19:28:46.030000,0.562,2025-12-03 19:28:12.000000,2025-12-03 19:29:12.000000,eqcct_earthquakes_th0_1/20251203T192812Z_20251203T192912Z/FIA0_outputs/X_prediction_results.csv
SUF/HE.SUF..HHZ__20251203T192812Z__20251203T192912Z.mseed,HE,SUF,0,0,0,0,2025-12-03 19:28:17.400000,0.813,2025-12-03 19:28:46.210000,0.52,2025-12-03 19:28:12.000000,2025-12-03 19:29:12.000000,eqcct_earthquakes_th0_1/20251203T192812Z_20251203T192912Z/SUF_outputs/X_prediction_results.csv
OBF0/HE.OBF0..HHZ__20251203T192820Z__20251203T192920Z.mseed,HE,OBF0,0,0,0,0,2025-12-03 19:28:25.078000,0.694,2025-12-03 19:28:59.278000,0.402,2025-12-03 19:28:20.000000,2025-12-03 19:29:20.000000,eqcct_earthquakes_th0_1/20251203T192820Z_20251203T192920Z/OBF0_outputs/X_prediction_results.csv
TVF/HE.TVF..HHE__20251203T192845Z__20251203T192945Z.mseed,HE,TVF,0,0,0,0,2025-12-03 19:28:49.302000,0.495,2025-12-03 19:28:50.582000,0.343,2025-12-03 19:28:45.000000,2025-12-03 19:29:45.000000,eqcct_earthquakes_th0_1/20251203T192845Z_20251203T192945Z/TVF_outputs/X_prediction_results.csv
SGF/FN.SGF..HHE__20251204T210344Z__20251204T210444Z.mseed,FN,SGF,0,0,0,0,2025-12-04 21:03:49.740000,0.662,2025-12-04 21:03:59.020000,0.619,2025-12-04 21:03:44.000000,2025-12-04 21:04:44.000000,eqcct_earthquakes_th0_1/20251204T210344Z_20251204T210444Z/SGF_outputs/X_prediction_results.csv
HEF/HE.HEF..HHE__20251204T210348Z__20251204T210448Z.mseed,HE,HEF,0,0,0,0,2025-12-04 21:03:52.560000,0.858,2025-12-04 21:04:04.110000,0.363,2025-12-04 21:03:48.000000,2025-12-04 21:04:48.000000,eqcct_earthquakes_th0_1/20251204T210348Z_20251204T210448Z/HEF_outputs/X_prediction_results.csv
KMNF/FN.KMNF..HHN__20251204T210350Z__20251204T210450Z.mseed,FN,KMNF,0,0,0,0,2025-12-04 21:03:55.200000,0.777,2025-12-04 21:04:07.970000,0.368,2025-12-04 21:03:50.000000,2025-12-04 21:04:50.000000,eqcct_earthquakes_th0_1/20251204T210350Z_20251204T210450Z/KMNF_outputs/X_prediction_results.csv
KLF/FN.KLF..HHE__20251204T210353Z__20251204T210453Z.mseed,FN,KLF,0,0,0,0,2025-12-04 21:03:57.600000,0.895,,,2025-12-04 21:03:53.000000,2025-12-04 21:04:53.000000,eqcct_earthquakes_th0_1/20251204T210353Z_20251204T210453Z/KLF_outputs/X_prediction_results.csv
VRF/HE.VRF..HHZ__20251204T210355Z__20251204T210455Z.mseed,HE,VRF,0,0,0,0,2025-12-04 21:03:59.490000,0.734,,,2025-12-04 21:03:55.000000,2025-12-04 21:04:55.000000,eqcct_earthquakes_th0_1/20251204T210355Z_20251204T210455Z/VRF_outputs/X_prediction_results.csv
RNF/FN.RNF..HHN__20251204T210358Z__20251204T210458Z.mseed,FN,RNF,0,0,0,0,2025-12-04 21:04:02.590000,0.802,,,2025-12-04 21:03:58.000000,2025-12-04 21:04:58.000000,eqcct_earthquakes_th0_1/20251204T210358Z_20251204T210458Z/RNF_outputs/X_prediction_results.csv
KEV/HE.KEV..HHN__20251204T210400Z__20251204T210500Z.mseed,HE,KEV,0,0,0,0,2025-12-04 21:04:05.770000,0.882,2025-12-04 21:04:26.130000,0.213,2025-12-04 21:04:00.000000,2025-12-04 21:05:00.000000,eqcct_earthquakes_th0_1/20251204T210400Z_20251204T210500Z/KEV_outputs/X_prediction_results.csv
RANF/FN.RANF..HHN__20251204T210435Z__20251204T210535Z.mseed,FN,RANF,0,0,0,0,2025-12-04 21:04:39.720000,0.31,2025-12-04 21:04:42.520000,0.115,2025-12-04 21:04:35.000000,2025-12-04 21:05:35.000000,eqcct_earthquakes_th0_1/20251204T210435Z_20251204T210535Z/RANF_outputs/X_prediction_results.csv
KIF/HE.KIF..HHZ__20251208T051526Z__20251208T051626Z.mseed,HE,KIF,0,0,0,0,2025-12-08 05:15:31.920000,0.913,2025-12-08 05:15:41.270000,0.742,2025-12-08 05:15:26.000000,2025-12-08 05:16:26.000000,eqcct_earthquakes_th0_1/20251208T051526Z_20251208T051626Z/KIF_outputs/X_prediction_results.csv
HEF/HE.HEF..HHE__20251208T051535Z__20251208T051635Z.mseed,HE,HEF,0,0,0,0,2025-12-08 05:15:40.750000,0.847,2025-12-08 05:15:56.110000,0.555,2025-12-08 05:15:35.000000,2025-12-08 05:16:35.000000,eqcct_earthquakes_th0_1/20251208T051535Z_20251208T051635Z/HEF_outputs/X_prediction_results.csv
KMNF/FN.KMNF..HHZ__20251208T051557Z__20251208T051657Z.mseed,FN,KMNF,0,0,0,0,2025-12-08 05:16:02.550000,0.699,,,2025-12-08 05:15:57.000000,2025-12-08 05:16:57.000000,eqcct_earthquakes_th0_1/20251208T051557Z_20251208T051657Z/KMNF_outputs/X_prediction_results.csv
KLF/FN.KLF..HHZ__20251208T051607Z__20251208T051707Z.mseed,FN,KLF,0,0,0,0,2025-12-08 05:16:11.510000,0.338,,,2025-12-08 05:16:07.000000,2025-12-08 05:17:07.000000,eqcct_earthquakes_th0_1/20251208T051607Z_20251208T051707Z/KLF_outputs/X_prediction_results.csv
TOF/HE.TOF..HHE__20251208T051636Z__20251208T051736Z.mseed,HE,TOF,0,0,0,0,2025-12-08 05:16:40.540000,0.304,,,2025-12-08 05:16:36.000000,2025-12-08 05:17:36.000000,eqcct_earthquakes_th0_1/20251208T051636Z_20251208T051736Z/TOF_outputs/X_prediction_results.csv
SGF/FN.SGF..HHN__20251209T140750Z__20251209T140850Z.mseed,FN,SGF,0,0,0,0,2025-12-09 14:07:55.350000,0.883,2025-12-09 14:08:01.020000,0.736,2025-12-09 14:07:50.000000,2025-12-09 14:08:50.000000,eqcct_earthquakes_th0_1/20251209T140750Z_20251209T140850Z/SGF_outputs/X_prediction_results.csv
RAJF/FN.RAJF..HHE__20251209T140757Z__20251209T140857Z.mseed,FN,RAJF,0,0,0,0,2025-12-09 14:08:01.050000,0.246,,,2025-12-09 14:07:57.000000,2025-12-09 14:08:57.000000,eqcct_earthquakes_th0_1/20251209T140757Z_20251209T140857Z/RAJF_outputs/X_prediction_results.csv
VRF/HE.VRF..HHZ__20251209T140758Z__20251209T140858Z.mseed,HE,VRF,0,0,0,0,2025-12-09 14:08:03.980000,0.838,2025-12-09 14:08:15.640000,0.593,2025-12-09 14:07:58.000000,2025-12-09 14:08:58.000000,eqcct_earthquakes_th0_1/20251209T140758Z_20251209T140858Z/VRF_outputs/X_prediction_results.csv
RNF/FN.RNF..HHN__20251209T140805Z__20251209T140905Z.mseed,FN,RNF,0,0,0,0,2025-12-09 14:08:10.290000,0.911,2025-12-09 14:08:26.280000,0.382,2025-12-09 14:08:05.000000,2025-12-09 14:09:05.000000,eqcct_earthquakes_th0_1/20251209T140805Z_20251209T140905Z/RNF_outputs/X_prediction_results.csv
KLF/FN.KLF..HHN__20251209T140807Z__20251209T140907Z.mseed,FN,KLF,0,0,0,0,2025-12-09 14:08:12.060000,0.769,2025-12-09 14:08:29.270000,0.334,2025-12-09 14:08:07.000000,2025-12-09 14:09:07.000000,eqcct_earthquakes_th0_1/20251209T140807Z_20251209T140907Z/KLF_outputs/X_prediction_results.csv
HEF/HE.HEF..HHN__20251209T140808Z__20251209T140908Z.mseed,HE,HEF,0,0,0,0,2025-12-09 14:08:13.880000,0.781,2025-12-09 14:08:32.430000,0.287,2025-12-09 14:08:08.000000,2025-12-09 14:09:08.000000,eqcct_earthquakes_th0_1/20251209T140808Z_20251209T140908Z/HEF_outputs/X_prediction_results.csv
OLKF/FN.OLKF..HHZ__20251209T140834Z__20251209T140934Z.mseed,FN,OLKF,0,0,0,0,2025-12-09 14:08:38.660000,0.245,,,2025-12-09 14:08:34.000000,2025-12-09 14:09:34.000000,eqcct_earthquakes_th0_1/20251209T140834Z_20251209T140934Z/OLKF_outputs/X_prediction_results.csv
RANF/FN.RANF..HHE__20251209T140836Z__20251209T140936Z.mseed,FN,RANF,0,0,0,0,2025-12-09 14:08:40.670000,0.417,2025-12-09 14:08:43.370000,0.681,2025-12-09 14:08:36.000000,2025-12-09 14:09:36.000000,eqcct_earthquakes_th0_1/20251209T140836Z_20251209T140936Z/RANF_outputs/X_prediction_results.csv
KEV/HE.KEV..HHZ__20251209T140840Z__20251209T140940Z.mseed,HE,KEV,0,0,0,0,2025-12-09 14:08:44.980000,0.286,2025-12-09 14:08:47.860000,0.383,2025-12-09 14:08:40.000000,2025-12-09 14:09:40.000000,eqcct_earthquakes_th0_1/20251209T140840Z_20251209T140940Z/KEV_outputs/X_prediction_results.csv
TOF/HE.TOF..HHZ__20251209T140843Z__20251209T140943Z.mseed,HE,TOF,0,0,0,0,2025-12-09 14:08:48.020000,0.107,,,2025-12-09 14:08:43.000000,2025-12-09 14:09:43.000000,eqcct_earthquakes_th0_1/20251209T140843Z_20251209T140943Z/TOF_outputs/X_prediction_results.csv
KU6/HE.KU6..HHE__20251209T140844Z__20251209T140944Z.mseed,HE,KU6,0,0,0,0,2025-12-09 14:08:48.170000,0.676,2025-12-09 14:08:51.840000,0.106,2025-12-09 14:08:44.000000,2025-12-09 14:09:44.000000,eqcct_earthquakes_th0_1/20251209T140844Z_20251209T140944Z/KU6_outputs/X_prediction_results.csv
VAF/HE.VAF..HHN__20251211T111850Z__20251211T111950Z.mseed,HE,VAF,0,0,0,0,2025-12-11 11:18:54.840000,0.565,2025-12-11 11:19:15.630000,0.435,2025-12-11 11:18:50.000000,2025-12-11 11:19:50.000000,eqcct_earthquakes_th0_1/20251211T111850Z_20251211T111950Z/VAF_outputs/X_prediction_results.csv
OBF0/HE.OBF0..HHE__20251211T111850Z__20251211T111950Z.mseed,HE,OBF0,0,0,0,0,,,2025-12-11 11:19:16.544000,0.612,2025-12-11 11:18:50.000000,2025-12-11 11:19:50.000000,eqcct_earthquakes_th0_1/20251211T111850Z_20251211T111950Z/OBF0_outputs/X_prediction_results.csv
OUF/HE.OUF..HHZ__20251211T111854Z__20251211T111954Z.mseed,HE,OUF,0,0,0,0,2025-12-11 11:18:58.230000,0.597,,,2025-12-11 11:18:54.000000,2025-12-11 11:19:54.000000,eqcct_earthquakes_th0_1/20251211T111854Z_20251211T111954Z/OUF_outputs/X_prediction_results.csv
OBF3/HE.OBF3..HHN__20251211T111854Z__20251211T111954Z.mseed,HE,OBF3,0,0,0,0,2025-12-11 11:18:58.874000,0.493,,,2025-12-11 11:18:54.000000,2025-12-11 11:19:54.000000,eqcct_earthquakes_th0_1/20251211T111854Z_20251211T111954Z/OBF3_outputs/X_prediction_results.csv
ALAJF/HE.ALAJF..HHZ__20251211T111855Z__20251211T111955Z.mseed,HE,ALAJF,0,0,0,0,2025-12-11 11:18:59.656000,0.795,,,2025-12-11 11:18:55.000000,2025-12-11 11:19:55.000000,eqcct_earthquakes_th0_1/20251211T111855Z_20251211T111955Z/ALAJF_outputs/X_prediction_results.csv
TOF/HE.TOF..HHN__20251211T111931Z__20251211T112031Z.mseed,HE,TOF,0,0,0,0,2025-12-11 11:19:35.360000,0.267,,,2025-12-11 11:19:31.000000,2025-12-11 11:20:31.000000,eqcct_earthquakes_th0_1/20251211T111931Z_20251211T112031Z/TOF_outputs/X_prediction_results.csv
KLF/FN.KLF..HHE__20251211T234436Z__20251211T234536Z.mseed,FN,KLF,0,0,0,0,2025-12-11 23:44:41.720000,0.878,2025-12-11 23:44:52.390000,0.832,2025-12-11 23:44:36.000000,2025-12-11 23:45:36.000000,eqcct_earthquakes_th0_1/20251211T234436Z_20251211T234536Z/KLF_outputs/X_prediction_results.csv
TOF/HE.TOF..HHN__20251211T234438Z__20251211T234538Z.mseed,HE,TOF,0,0,0,0,2025-12-11 23:44:43.740000,0.914,2025-12-11 23:44:55.710000,0.669,2025-12-11 23:44:38.000000,2025-12-11 23:45:38.000000,eqcct_earthquakes_th0_1/20251211T234438Z_20251211T234538Z/TOF_outputs/X_prediction_results.csv
RNF/FN.RNF..HHZ__20251211T234446Z__20251211T234546Z.mseed,FN,RNF,0,0,0,0,2025-12-11 23:44:51.850000,0.941,2025-12-11 23:45:10.460000,0.87,2025-12-11 23:44:46.000000,2025-12-11 23:45:46.000000,eqcct_earthquakes_th0_1/20251211T234446Z_20251211T234546Z/RNF_outputs/X_prediction_results.csv
SGF/FN.SGF..HHN__20251211T234452Z__20251211T234552Z.mseed,FN,SGF,0,0,0,0,2025-12-11 23:44:57.780000,0.917,2025-12-11 23:45:21.040000,0.742,2025-12-11 23:44:52.000000,2025-12-11 23:45:52.000000,eqcct_earthquakes_th0_1/20251211T234452Z_20251211T234552Z/SGF_outputs/X_prediction_results.csv
RANF/FN.RANF..HHN__20251211T234453Z__20251211T234553Z.mseed,FN,RANF,0,0,0,0,2025-12-11 23:44:58.900000,0.923,2025-12-11 23:45:23.100000,0.344,2025-12-11 23:44:53.000000,2025-12-11 23:45:53.000000,eqcct_earthquakes_th0_1/20251211T234453Z_20251211T234553Z/RANF_outputs/X_prediction_results.csv
HEF/HE.HEF..HHN__20251211T234453Z__20251211T234553Z.mseed,HE,HEF,0,0,0,0,2025-12-11 23:44:58.820000,0.611,2025-12-11 23:45:22.940000,0.416,2025-12-11 23:44:53.000000,2025-12-11 23:45:53.000000,eqcct_earthquakes_th0_1/20251211T234453Z_20251211T234553Z/HEF_outputs/X_prediction_results.csv
OUL/FN.OUL..HHZ__20251211T234457Z__20251211T234557Z.mseed,FN,OUL,0,0,0,0,2025-12-11 23:45:02.820000,0.826,2025-12-11 23:45:30.210000,0.497,2025-12-11 23:44:57.000000,2025-12-11 23:45:57.000000,eqcct_earthquakes_th0_1/20251211T234457Z_20251211T234557Z/OUL_outputs/X_prediction_results.csv
OBF0/HE.OBF0..HHE__20251211T234531Z__20251211T234631Z.mseed,HE,OBF0,0,0,0,0,2025-12-11 23:45:35.882000,0.521,,,2025-12-11 23:45:31.000000,2025-12-11 23:46:31.000000,eqcct_earthquakes_th0_1/20251211T234531Z_20251211T234631Z/OBF0_outputs/X_prediction_results.csv
KLF/FN.KLF..HHE__20251212T002344Z__20251212T002444Z.mseed,FN,KLF,0,0,0,0,2025-12-12 00:23:49.050000,0.692,2025-12-12 00:23:59.970000,0.575,2025-12-12 00:23:44.000000,2025-12-12 00:24:44.000000,eqcct_earthquakes_th0_1/20251212T002344Z_20251212T002444Z/KLF_outputs/X_prediction_results.csv
TOF/HE.TOF..HHE__20251212T002346Z__20251212T002446Z.mseed,HE,TOF,0,0,0,0,2025-12-12 00:23:51.180000,0.93,2025-12-12 00:24:03.300000,0.452,2025-12-12 00:23:46.000000,2025-12-12 00:24:46.000000,eqcct_earthquakes_th0_1/20251212T002346Z_20251212T002446Z/TOF_outputs/X_prediction_results.csv
RNF/FN.RNF..HHZ__20251212T002353Z__20251212T002453Z.mseed,FN,RNF,0,0,0,0,2025-12-12 00:23:58.940000,0.744,2025-12-12 00:24:17.970000,0.518,2025-12-12 00:23:53.000000,2025-12-12 00:24:53.000000,eqcct_earthquakes_th0_1/20251212T002353Z_20251212T002453Z/RNF_outputs/X_prediction_results.csv
SGF/FN.SGF..HHN__20251212T002422Z__20251212T002522Z.mseed,FN,SGF,0,0,0,0,2025-12-12 00:24:26.800000,0.17,,,2025-12-12 00:24:22.000000,2025-12-12 00:25:22.000000,eqcct_earthquakes_th0_1/20251212T002422Z_20251212T002522Z/SGF_outputs/X_prediction_results.csv
HEF/HE.HEF..HHZ__20251212T002423Z__20251212T002523Z.mseed,HE,HEF,0,0,0,0,2025-12-12 00:24:29.960000,0.149,,,2025-12-12 00:24:23.000000,2025-12-12 00:25:23.000000,eqcct_earthquakes_th0_1/20251212T002423Z_20251212T002523Z/HEF_outputs/X_prediction_results.csv
OBF3/HE.OBF3..HHZ__20251213T060340Z__20251213T060440Z.mseed,HE,OBF3,0,0,0,0,2025-12-13 06:03:45.652000,0.912,2025-12-13 06:04:00.842000,0.26,2025-12-13 06:03:40.000000,2025-12-13 06:04:40.000000,eqcct_earthquakes_th0_1/20251213T060340Z_20251213T060440Z/OBF3_outputs/X_prediction_results.csv
OBF0/HE.OBF0..HHN__20251213T060341Z__20251213T060441Z.mseed,HE,OBF0,0,0,0,0,2025-12-13 06:03:46.048000,0.753,2025-12-13 06:04:00.398000,0.623,2025-12-13 06:03:41.000000,2025-12-13 06:04:41.000000,eqcct_earthquakes_th0_1/20251213T060341Z_20251213T060441Z/OBF0_outputs/X_prediction_results.csv
OUF/HE.OUF..HHZ__20251213T060345Z__20251213T060445Z.mseed,HE,OUF,0,0,0,0,2025-12-13 06:03:50.400000,0.828,2025-12-13 06:04:07.900000,0.561,2025-12-13 06:03:45.000000,2025-12-13 06:04:45.000000,eqcct_earthquakes_th0_1/20251213T060345Z_20251213T060445Z/OUF_outputs/X_prediction_results.csv
OUL/FN.OUL..HHN__20251213T060347Z__20251213T060447Z.mseed,FN,OUL,0,0,0,0,2025-12-13 06:03:52.900000,0.811,2025-12-13 06:04:12.600000,0.177,2025-12-13 06:03:47.000000,2025-12-13 06:04:47.000000,eqcct_earthquakes_th0_1/20251213T060347Z_20251213T060447Z/OUL_outputs/X_prediction_results.csv
OBF8/HE.OBF8..HHZ__20251213T060353Z__20251213T060453Z.mseed,HE,OBF8,0,0,0,0,2025-12-13 06:03:57.308000,0.441,,,2025-12-13 06:03:53.000000,2025-12-13 06:04:53.000000,eqcct_earthquakes_th0_1/20251213T060353Z_20251213T060453Z/OBF8_outputs/X_prediction_results.csv
RANF/FN.RANF..HHN__20251213T060355Z__20251213T060455Z.mseed,FN,RANF,0,0,0,0,2025-12-13 06:04:00.950000,0.532,2025-12-13 06:04:27.140000,0.519,2025-12-13 06:03:55.000000,2025-12-13 06:04:55.000000,eqcct_earthquakes_th0_1/20251213T060355Z_20251213T060455Z/RANF_outputs/X_prediction_results.csv
RNF/FN.RNF..HHZ__20251213T060356Z__20251213T060456Z.mseed,FN,RNF,0,0,0,0,2025-12-13 06:04:00.340000,0.691,,,2025-12-13 06:03:56.000000,2025-12-13 06:04:56.000000,eqcct_earthquakes_th0_1/20251213T060356Z_20251213T060456Z/RNF_outputs/X_prediction_results.csv
TOF/HE.TOF..HHE__20251213T060356Z__20251213T060456Z.mseed,HE,TOF,0,0,0,0,2025-12-13 06:04:00.860000,0.541,2025-12-13 06:04:02.650000,0.231,2025-12-13 06:03:56.000000,2025-12-13 06:04:56.000000,eqcct_earthquakes_th0_1/20251213T060356Z_20251213T060456Z/TOF_outputs/X_prediction_results.csv
KLF/FN.KLF..HHE__20251213T060425Z__20251213T060525Z.mseed,FN,KLF,0,0,0,0,2025-12-13 06:04:29.960000,0.262,,,2025-12-13 06:04:25.000000,2025-12-13 06:05:25.000000,eqcct_earthquakes_th0_1/20251213T060425Z_20251213T060525Z/KLF_outputs/X_prediction_results.csv
VAF/HE.VAF..HHE__20251213T060427Z__20251213T060527Z.mseed,HE,VAF,0,0,0,0,2025-12-13 06:04:31.700000,0.377,,,2025-12-13 06:04:27.000000,2025-12-13 06:05:27.000000,eqcct_earthquakes_th0_1/20251213T060427Z_20251213T060527Z/VAF_outputs/X_prediction_results.csv
ALAJF/HE.ALAJF..HHE__20251213T060428Z__20251213T060528Z.mseed,HE,ALAJF,0,0,0,0,2025-12-13 06:04:32.510000,0.176,2025-12-13 06:04:34.520000,0.22,2025-12-13 06:04:28.000000,2025-12-13 06:05:28.000000,eqcct_earthquakes_th0_1/20251213T060428Z_20251213T060528Z/ALAJF_outputs/X_prediction_results.csv
HEF/HE.HEF..HHN__20251215T175448Z__20251215T175548Z.mseed,HE,HEF,0,0,0,0,2025-12-15 17:54:53.320000,0.881,2025-12-15 17:55:03.260000,0.655,2025-12-15 17:54:48.000000,2025-12-15 17:55:48.000000,eqcct_earthquakes_th0_1/20251215T175448Z_20251215T175548Z/HEF_outputs/X_prediction_results.csv
KLF/FN.KLF..HHE__20251215T175449Z__20251215T175549Z.mseed,FN,KLF,0,0,0,0,2025-12-15 17:54:54.970000,0.713,2025-12-15 17:55:05.950000,0.469,2025-12-15 17:54:49.000000,2025-12-15 17:55:49.000000,eqcct_earthquakes_th0_1/20251215T175449Z_20251215T175549Z/KLF_outputs/X_prediction_results.csv
KIF/HE.KIF..HHZ__20251215T175459Z__20251215T175559Z.mseed,HE,KIF,0,0,0,0,2025-12-15 17:55:04.150000,0.604,2025-12-15 17:55:22.040000,0.564,2025-12-15 17:54:59.000000,2025-12-15 17:55:59.000000,eqcct_earthquakes_th0_1/20251215T175459Z_20251215T175559Z/KIF_outputs/X_prediction_results.csv
RNF/FN.RNF..HHZ__20251215T175506Z__20251215T175606Z.mseed,FN,RNF,0,0,0,0,2025-12-15 17:55:11.790000,0.683,2025-12-15 17:55:36.700000,0.477,2025-12-15 17:55:06.000000,2025-12-15 17:56:06.000000,eqcct_earthquakes_th0_1/20251215T175506Z_20251215T175606Z/RNF_outputs/X_prediction_results.csv
TOF/HE.TOF..HHE__20251215T175508Z__20251215T175608Z.mseed,HE,TOF,0,0,0,0,2025-12-15 17:55:12.070000,0.604,2025-12-15 17:55:38.160000,0.305,2025-12-15 17:55:08.000000,2025-12-15 17:56:08.000000,eqcct_earthquakes_th0_1/20251215T175508Z_20251215T175608Z/TOF_outputs/X_prediction_results.csv
KMNF/FN.KMNF..HHZ__20251215T175510Z__20251215T175610Z.mseed,FN,KMNF,0,0,0,0,2025-12-15 17:55:15.750000,0.719,,,2025-12-15 17:55:10.000000,2025-12-15 17:56:10.000000,eqcct_earthquakes_th0_1/20251215T175510Z_20251215T175610Z/KMNF_outputs/X_prediction_results.csv
RAJF/FN.RAJF..HHZ__20251215T175514Z__20251215T175614Z.mseed,FN,RAJF,0,0,0,0,2025-12-15 17:55:18.250000,0.499,2025-12-15 17:55:48.600000,0.188,2025-12-15 17:55:14.000000,2025-12-15 17:56:14.000000,eqcct_earthquakes_th0_1/20251215T175514Z_20251215T175614Z/RAJF_outputs/X_prediction_results.csv
RANF/FN.RANF..HHZ__20251215T175517Z__20251215T175617Z.mseed,FN,RANF,0,0,0,0,2025-12-15 17:55:21.750000,0.762,2025-12-15 17:55:56.050000,0.132,2025-12-15 17:55:17.000000,2025-12-15 17:56:17.000000,eqcct_earthquakes_th0_1/20251215T175517Z_20251215T175617Z/RANF_outputs/X_prediction_results.csv
KEV/HE.KEV..HHE__20251215T175518Z__20251215T175618Z.mseed,HE,KEV,0,0,0,0,2025-12-15 17:55:23.460000,0.573,2025-12-15 17:55:55.690000,0.196,2025-12-15 17:55:18.000000,2025-12-15 17:56:18.000000,eqcct_earthquakes_th0_1/20251215T175518Z_20251215T175618Z/KEV_outputs/X_prediction_results.csv
SGF/FN.SGF..HHZ__20251215T175523Z__20251215T175623Z.mseed,FN,SGF,0,0,0,0,2025-12-15 17:55:26.360000,0.416,2025-12-15 17:55:29.840000,0.701,2025-12-15 17:55:23.000000,2025-12-15 17:56:23.000000,eqcct_earthquakes_th0_1/20251215T175523Z_20251215T175623Z/SGF_outputs/X_prediction_results.csv
VRF/HE.VRF..HHN__20251215T175555Z__20251215T175655Z.mseed,HE,VRF,0,0,0,0,2025-12-15 17:55:59.500000,0.296,,,2025-12-15 17:55:55.000000,2025-12-15 17:56:55.000000,eqcct_earthquakes_th0_1/20251215T175555Z_20251215T175655Z/VRF_outputs/X_prediction_results.csv
KIF/HE.KIF..HHE__20251217T080007Z__20251217T080107Z.mseed,HE,KIF,0,0,0,0,2025-12-17 08:00:12.010000,0.88,2025-12-17 08:00:32.610000,0.739,2025-12-17 08:00:07.000000,2025-12-17 08:01:07.000000,eqcct_earthquakes_th0_1/20251217T080007Z_20251217T080107Z/KIF_outputs/X_prediction_results.csv
KLF/FN.KLF..HHZ__20251217T080009Z__20251217T080109Z.mseed,FN,KLF,0,0,0,0,2025-12-17 08:00:14.650000,0.897,2025-12-17 08:00:37.840000,0.319,2025-12-17 08:00:09.000000,2025-12-17 08:01:09.000000,eqcct_earthquakes_th0_1/20251217T080009Z_20251217T080109Z/KLF_outputs/X_prediction_results.csv
HEF/HE.HEF..HHN__20251217T080010Z__20251217T080110Z.mseed,HE,HEF,0,0,0,0,2025-12-17 08:00:15.410000,0.941,2025-12-17 08:00:39.220000,0.757,2025-12-17 08:00:10.000000,2025-12-17 08:01:10.000000,eqcct_earthquakes_th0_1/20251217T080010Z_20251217T080110Z/HEF_outputs/X_prediction_results.csv
TOF/HE.TOF..HHZ__20251217T080019Z__20251217T080119Z.mseed,HE,TOF,0,0,0,0,2025-12-17 08:00:24.060000,0.779,2025-12-17 08:00:54.100000,0.673,2025-12-17 08:00:19.000000,2025-12-17 08:01:19.000000,eqcct_earthquakes_th0_1/20251217T080019Z_20251217T080119Z/TOF_outputs/X_prediction_results.csv
VAF/HE.VAF..HHZ__20251217T194326Z__20251217T194426Z.mseed,HE,VAF,0,0,0,0,2025-12-17 19:43:31.010000,0.916,2025-12-17 19:43:51.640000,0.267,2025-12-17 19:43:26.000000,2025-12-17 19:44:26.000000,eqcct_earthquakes_th0_1/20251217T194326Z_20251217T194426Z/VAF_outputs/X_prediction_results.csv
KPF/HE.KPF..HHE__20251217T194331Z__20251217T194431Z.mseed,HE,KPF,0,0,0,0,2025-12-17 19:43:36.464000,0.686,2025-12-17 19:44:01.894000,0.467,2025-12-17 19:43:31.000000,2025-12-17 19:44:31.000000,eqcct_earthquakes_th0_1/20251217T194331Z_20251217T194431Z/KPF_outputs/X_prediction_results.csv
ALAJF/HE.ALAJF..HHN__20251217T194404Z__20251217T194504Z.mseed,HE,ALAJF,0,0,0,0,2025-12-17 19:44:08.232000,0.679,2025-12-17 19:44:09.432000,0.601,2025-12-17 19:44:04.000000,2025-12-17 19:45:04.000000,eqcct_earthquakes_th0_1/20251217T194404Z_20251217T194504Z/ALAJF_outputs/X_prediction_results.csv
RAF/HE.RAF..HHN__20251217T194413Z__20251217T194513Z.mseed,HE,RAF,0,0,0,0,2025-12-17 19:44:17.080000,0.354,,,2025-12-17 19:44:13.000000,2025-12-17 19:45:13.000000,eqcct_earthquakes_th0_1/20251217T194413Z_20251217T194513Z/RAF_outputs/X_prediction_results.csv
OLKF/FN.OLKF..HHZ__20251218T005647Z__20251218T005747Z.mseed,FN,OLKF,0,0,0,0,2025-12-18 00:56:52.200000,0.923,2025-12-18 00:57:06.970000,0.448,2025-12-18 00:56:47.000000,2025-12-18 00:57:47.000000,eqcct_earthquakes_th0_1/20251218T005647Z_20251218T005747Z/OLKF_outputs/X_prediction_results.csv
VRF/HE.VRF..HHZ__20251218T005647Z__20251218T005747Z.mseed,HE,VRF,0,0,0,0,2025-12-18 00:56:52.100000,0.847,2025-12-18 00:57:06.650000,0.213,2025-12-18 00:56:47.000000,2025-12-18 00:57:47.000000,eqcct_earthquakes_th0_1/20251218T005647Z_20251218T005747Z/VRF_outputs/X_prediction_results.csv
KU6/HE.KU6..HHE__20251218T005648Z__20251218T005748Z.mseed,HE,KU6,0,0,0,0,2025-12-18 00:56:53.480000,0.437,2025-12-18 00:57:09.150000,0.413,2025-12-18 00:56:48.000000,2025-12-18 00:57:48.000000,eqcct_earthquakes_th0_1/20251218T005648Z_20251218T005748Z/KU6_outputs/X_prediction_results.csv
MSF/FN.MSF..HHZ__20251218T005654Z__20251218T005754Z.mseed,FN,MSF,0,0,0,0,2025-12-18 00:56:59.160000,0.852,,,2025-12-18 00:56:54.000000,2025-12-18 00:57:54.000000,eqcct_earthquakes_th0_1/20251218T005654Z_20251218T005754Z/MSF_outputs/X_prediction_results.csv
RAJF/FN.RAJF..HHN__20251218T005701Z__20251218T005801Z.mseed,FN,RAJF,0,0,0,0,2025-12-18 00:57:05.450000,0.146,,,2025-12-18 00:57:01.000000,2025-12-18 00:58:01.000000,eqcct_earthquakes_th0_1/20251218T005701Z_20251218T005801Z/RAJF_outputs/X_prediction_results.csv
SGF/FN.SGF..HHE__20251218T005703Z__20251218T005803Z.mseed,FN,SGF,0,0,0,0,2025-12-18 00:57:07.490000,0.688,2025-12-18 00:57:34.760000,0.123,2025-12-18 00:57:03.000000,2025-12-18 00:58:03.000000,eqcct_earthquakes_th0_1/20251218T005703Z_20251218T005803Z/SGF_outputs/X_prediction_results.csv
RANF/FN.RANF..HHN__20251218T005705Z__20251218T005805Z.mseed,FN,RANF,0,0,0,0,2025-12-18 00:57:09.350000,0.726,2025-12-18 00:57:38.870000,0.245,2025-12-18 00:57:05.000000,2025-12-18 00:58:05.000000,eqcct_earthquakes_th0_1/20251218T005705Z_20251218T005805Z/RANF_outputs/X_prediction_results.csv
RNF/FN.RNF..HHZ__20251218T005705Z__20251218T005805Z.mseed,FN,RNF,0,0,0,0,2025-12-18 00:57:09.010000,0.397,2025-12-18 00:57:38.930000,0.304,2025-12-18 00:57:05.000000,2025-12-18 00:58:05.000000,eqcct_earthquakes_th0_1/20251218T005705Z_20251218T005805Z/RNF_outputs/X_prediction_results.csv
KMNF/FN.KMNF..HHN__20251218T005714Z__20251218T005814Z.mseed,FN,KMNF,0,0,0,0,2025-12-18 00:57:18.550000,0.57,,,2025-12-18 00:57:14.000000,2025-12-18 00:58:14.000000,eqcct_earthquakes_th0_1/20251218T005714Z_20251218T005814Z/KMNF_outputs/X_prediction_results.csv
HEF/HE.HEF..HHE__20251218T155234Z__20251218T155334Z.mseed,HE,HEF,0,0,0,0,2025-12-18 15:52:39.200000,0.818,2025-12-18 15:52:50.370000,0.421,2025-12-18 15:52:34.000000,2025-12-18 15:53:34.000000,eqcct_earthquakes_th0_1/20251218T155234Z_20251218T155334Z/HEF_outputs/X_prediction_results.csv
KIF/HE.KIF..HHZ__20251218T155235Z__20251218T155335Z.mseed,HE,KIF,0,0,0,0,2025-12-18 15:52:39.600000,0.474,2025-12-18 15:52:54.970000,0.447,2025-12-18 15:52:35.000000,2025-12-18 15:53:35.000000,eqcct_earthquakes_th0_1/20251218T155235Z_20251218T155335Z/KIF_outputs/X_prediction_results.csv
KMNF/FN.KMNF..HHE__20251218T155239Z__20251218T155339Z.mseed,FN,KMNF,0,0,0,0,2025-12-18 15:52:44.250000,0.789,2025-12-18 15:52:59.420000,0.327,2025-12-18 15:52:39.000000,2025-12-18 15:53:39.000000,eqcct_earthquakes_th0_1/20251218T155239Z_20251218T155339Z/KMNF_outputs/X_prediction_results.csv
KEV/HE.KEV..HHN__20251218T155240Z__20251218T155340Z.mseed,HE,KEV,0,0,0,0,2025-12-18 15:52:45.150000,0.924,2025-12-18 15:53:01.540000,0.278,2025-12-18 15:52:40.000000,2025-12-18 15:53:40.000000,eqcct_earthquakes_th0_1/20251218T155240Z_20251218T155340Z/KEV_outputs/X_prediction_results.csv
KLF/FN.KLF..HHZ__20251218T155321Z__20251218T155421Z.mseed,FN,KLF,0,0,0,0,2025-12-18 15:53:25.570000,0.211,,,2025-12-18 15:53:21.000000,2025-12-18 15:54:21.000000,eqcct_earthquakes_th0_1/20251218T155321Z_20251218T155421Z/KLF_outputs/X_prediction_results.csv
KLF/FN.KLF..HHE__20251219T083713Z__20251219T083813Z.mseed,FN,KLF,0,0,0,0,2025-12-19 08:37:18.450000,0.952,2025-12-19 08:37:23.370000,0.656,2025-12-19 08:37:13.000000,2025-12-19 08:38:13.000000,eqcct_earthquakes_th0_1/20251219T083713Z_20251219T083813Z/KLF_outputs/X_prediction_results.csv
RNF/FN.RNF..HHN__20251219T083720Z__20251219T083820Z.mseed,FN,RNF,0,0,0,0,2025-12-19 08:37:25.190000,0.943,2025-12-19 08:37:35.090000,0.634,2025-12-19 08:37:20.000000,2025-12-19 08:38:20.000000,eqcct_earthquakes_th0_1/20251219T083720Z_20251219T083820Z/RNF_outputs/X_prediction_results.csv
SGF/FN.SGF..HHZ__20251219T083721Z__20251219T083821Z.mseed,FN,SGF,0,0,0,0,2025-12-19 08:37:26.870000,0.901,2025-12-19 08:37:37.740000,0.738,2025-12-19 08:37:21.000000,2025-12-19 08:38:21.000000,eqcct_earthquakes_th0_1/20251219T083721Z_20251219T083821Z/SGF_outputs/X_prediction_results.csv
TOF/HE.TOF..HHN__20251219T083725Z__20251219T083825Z.mseed,HE,TOF,0,0,0,0,2025-12-19 08:37:29.100000,0.597,2025-12-19 08:37:43.420000,0.545,2025-12-19 08:37:25.000000,2025-12-19 08:38:25.000000,eqcct_earthquakes_th0_1/20251219T083725Z_20251219T083825Z/TOF_outputs/X_prediction_results.csv
HEF/HE.HEF..HHN__20251219T083730Z__20251219T083830Z.mseed,HE,HEF,0,0,0,0,2025-12-19 08:37:35.790000,0.807,2025-12-19 08:37:53.510000,0.595,2025-12-19 08:37:30.000000,2025-12-19 08:38:30.000000,eqcct_earthquakes_th0_1/20251219T083730Z_20251219T083830Z/HEF_outputs/X_prediction_results.csv
RANF/FN.RANF..HHN__20251219T083731Z__20251219T083831Z.mseed,FN,RANF,0,0,0,0,2025-12-19 08:37:36.010000,0.857,2025-12-19 08:37:53.810000,0.767,2025-12-19 08:37:31.000000,2025-12-19 08:38:31.000000,eqcct_earthquakes_th0_1/20251219T083731Z_20251219T083831Z/RANF_outputs/X_prediction_results.csv
OLKF/FN.OLKF..HHE__20251219T083740Z__20251219T083840Z.mseed,FN,OLKF,0,0,0,0,2025-12-19 08:37:45.200000,0.549,2025-12-19 08:38:13.550000,0.365,2025-12-19 08:37:40.000000,2025-12-19 08:38:40.000000,eqcct_earthquakes_th0_1/20251219T083740Z_20251219T083840Z/OLKF_outputs/X_prediction_results.csv
MSF/FN.MSF..HHN__20251219T083743Z__20251219T083843Z.mseed,FN,MSF,0,0,0,0,2025-12-19 08:37:47.470000,0.633,,,2025-12-19 08:37:43.000000,2025-12-19 08:38:43.000000,eqcct_earthquakes_th0_1/20251219T083743Z_20251219T083843Z/MSF_outputs/X_prediction_results.csv
KU6/HE.KU6..HHN__20251219T083744Z__20251219T083844Z.mseed,HE,KU6,0,0,0,0,2025-12-19 08:37:49.640000,0.876,,,2025-12-19 08:37:44.000000,2025-12-19 08:38:44.000000,eqcct_earthquakes_th0_1/20251219T083744Z_20251219T083844Z/KU6_outputs/X_prediction_results.csv
VRF/HE.VRF..HHE__20251219T083807Z__20251219T083907Z.mseed,HE,VRF,0,0,0,0,2025-12-19 08:38:11.470000,0.61,,,2025-12-19 08:38:07.000000,2025-12-19 08:39:07.000000,eqcct_earthquakes_th0_1/20251219T083807Z_20251219T083907Z/VRF_outputs/X_prediction_results.csv
KIF/HE.KIF..HHZ__20251219T083813Z__20251219T083913Z.mseed,HE,KIF,0,0,0,0,2025-12-19 08:38:17.380000,0.355,2025-12-19 08:38:20.380000,0.671,2025-12-19 08:38:13.000000,2025-12-19 08:39:13.000000,eqcct_earthquakes_th0_1/20251219T083813Z_20251219T083913Z/KIF_outputs/X_prediction_results.csv
KMNF/FN.KMNF..HHZ__20251219T083813Z__20251219T083913Z.mseed,FN,KMNF,0,0,0,0,2025-12-19 08:38:17.620000,0.33,2025-12-19 08:38:18.470000,0.136,2025-12-19 08:38:13.000000,2025-12-19 08:39:13.000000,eqcct_earthquakes_th0_1/20251219T083813Z_20251219T083913Z/KMNF_outputs/X_prediction_results.csv
TOF/HE.TOF..HHZ__20251219T213307Z__20251219T213407Z.mseed,HE,TOF,0,0,0,0,2025-12-19 21:33:12.020000,0.864,2025-12-19 21:33:22.720000,0.619,2025-12-19 21:33:07.000000,2025-12-19 21:34:07.000000,eqcct_earthquakes_th0_1/20251219T213307Z_20251219T213407Z/TOF_outputs/X_prediction_results.csv
OBF3/HE.OBF3..HHZ__20251219T213314Z__20251219T213414Z.mseed,HE,OBF3,0,0,0,0,2025-12-19 21:33:19.616000,0.802,2025-12-19 21:33:36.566000,0.493,2025-12-19 21:33:14.000000,2025-12-19 21:34:14.000000,eqcct_earthquakes_th0_1/20251219T213314Z_20251219T213414Z/OBF3_outputs/X_prediction_results.csv
OBF0/HE.OBF0..HHZ__20251219T213316Z__20251219T213416Z.mseed,HE,OBF0,0,0,0,0,2025-12-19 21:33:21.912000,0.226,,,2025-12-19 21:33:16.000000,2025-12-19 21:34:16.000000,eqcct_earthquakes_th0_1/20251219T213316Z_20251219T213416Z/OBF0_outputs/X_prediction_results.csv
RNF/FN.RNF..HHZ__20251219T213321Z__20251219T213421Z.mseed,FN,RNF,0,0,0,0,2025-12-19 21:33:25.420000,0.263,,,2025-12-19 21:33:21.000000,2025-12-19 21:34:21.000000,eqcct_earthquakes_th0_1/20251219T213321Z_20251219T213421Z/RNF_outputs/X_prediction_results.csv
RANF/FN.RANF..HHE__20251219T213322Z__20251219T213422Z.mseed,FN,RANF,0,0,0,0,2025-12-19 21:33:27.800000,0.559,2025-12-19 21:33:51.900000,0.266,2025-12-19 21:33:22.000000,2025-12-19 21:34:22.000000,eqcct_earthquakes_th0_1/20251219T213322Z_20251219T213422Z/RANF_outputs/X_prediction_results.csv
OUL/FN.OUL..HHE__20251219T213338Z__20251219T213438Z.mseed,FN,OUL,0,0,0,0,2025-12-19 21:33:42.200000,0.182,2025-12-19 21:33:46.660000,0.412,2025-12-19 21:33:38.000000,2025-12-19 21:34:38.000000,eqcct_earthquakes_th0_1/20251219T213338Z_20251219T213438Z/OUL_outputs/X_prediction_results.csv
KLF/FN.KLF..HHZ__20251219T213341Z__20251219T213441Z.mseed,FN,KLF,0,0,0,0,2025-12-19 21:33:45.700000,0.723,2025-12-19 21:33:49.700000,0.255,2025-12-19 21:33:41.000000,2025-12-19 21:34:41.000000,eqcct_earthquakes_th0_1/20251219T213341Z_20251219T213441Z/KLF_outputs/X_prediction_results.csv
OUF/HE.OUF..HHN__20251219T213341Z__20251219T213441Z.mseed,HE,OUF,0,0,0,0,2025-12-19 21:33:45.630000,0.413,,,2025-12-19 21:33:41.000000,2025-12-19 21:34:41.000000,eqcct_earthquakes_th0_1/20251219T213341Z_20251219T213441Z/OUF_outputs/X_prediction_results.csv
SGF/FN.SGF..HHN__20251219T213402Z__20251219T213502Z.mseed,FN,SGF,0,0,0,0,2025-12-19 21:34:06.800000,0.255,,,2025-12-19 21:34:02.000000,2025-12-19 21:35:02.000000,eqcct_earthquakes_th0_1/20251219T213402Z_20251219T213502Z/SGF_outputs/X_prediction_results.csv
VAF/HE.VAF..HHZ__20251220T023523Z__20251220T023623Z.mseed,HE,VAF,0,0,0,0,2025-12-20 02:35:28.740000,0.393,2025-12-20 02:35:49.990000,0.186,2025-12-20 02:35:23.000000,2025-12-20 02:36:23.000000,eqcct_earthquakes_th0_1/20251220T023523Z_20251220T023623Z/VAF_outputs/X_prediction_results.csv
OBF0/HE.OBF0..HHN__20251220T023535Z__20251220T023635Z.mseed,HE,OBF0,0,0,0,0,2025-12-20 02:35:39.896000,0.207,,,2025-12-20 02:35:35.000000,2025-12-20 02:36:35.000000,eqcct_earthquakes_th0_1/20251220T023535Z_20251220T023635Z/OBF0_outputs/X_prediction_results.csv
OUF/HE.OUF..HHZ__20251220T023542Z__20251220T023642Z.mseed,HE,OUF,0,0,0,0,2025-12-20 02:35:46.630000,0.148,,,2025-12-20 02:35:42.000000,2025-12-20 02:36:42.000000,eqcct_earthquakes_th0_1/20251220T023542Z_20251220T023642Z/OUF_outputs/X_prediction_results.csv
ALAJF/HE.ALAJF..HHE__20251220T023550Z__20251220T023650Z.mseed,HE,ALAJF,0,0,0,0,2025-12-20 02:35:54.920000,0.617,2025-12-20 02:35:57.390000,0.542,2025-12-20 02:35:50.000000,2025-12-20 02:36:50.000000,eqcct_earthquakes_th0_1/20251220T023550Z_20251220T023650Z/ALAJF_outputs/X_prediction_results.csv
VJF/HE.VJF..HHE__20251220T220856Z__20251220T220956Z.mseed,HE,VJF,0,0,0,0,2025-12-20 22:09:01.740000,0.891,2025-12-20 22:09:05.380000,0.308,2025-12-20 22:08:56.000000,2025-12-20 22:09:56.000000,eqcct_earthquakes_th0_1/20251220T220856Z_20251220T220956Z/VJF_outputs/X_prediction_results.csv
NUR/HE.NUR..HHE__20251221T061848Z__20251221T061948Z.mseed,HE,NUR,0,0,0,0,2025-12-21 06:18:53.836000,0.903,,,2025-12-21 06:18:48.000000,2025-12-21 06:19:48.000000,eqcct_earthquakes_th0_1/20251221T061848Z_20251221T061948Z/NUR_outputs/X_prediction_results.csv
FIA0/HE.FIA0..HHE__20251221T061848Z__20251221T061948Z.mseed,HE,FIA0,0,0,0,0,2025-12-21 06:18:53.010000,0.954,2025-12-21 06:19:02.400000,0.737,2025-12-21 06:18:48.000000,2025-12-21 06:19:48.000000,eqcct_earthquakes_th0_1/20251221T061848Z_20251221T061948Z/FIA0_outputs/X_prediction_results.csv
FIA1/HE.FIA1..HHZ__20251221T061848Z__20251221T061948Z.mseed,HE,FIA1,0,0,0,0,2025-12-21 06:18:53.010000,0.93,2025-12-21 06:19:02.370000,0.632,2025-12-21 06:18:48.000000,2025-12-21 06:19:48.000000,eqcct_earthquakes_th0_1/20251221T061848Z_20251221T061948Z/FIA1_outputs/X_prediction_results.csv
VJF/HE.VJF..HHN__20251221T061848Z__20251221T061948Z.mseed,HE,VJF,0,0,0,0,2025-12-21 06:18:53.180000,0.811,2025-12-21 06:19:03.140000,0.761,2025-12-21 06:18:48.000000,2025-12-21 06:19:48.000000,eqcct_earthquakes_th0_1/20251221T061848Z_20251221T061948Z/VJF_outputs/X_prediction_results.csv
VUOS/HE.VUOS..HHZ__20251221T061848Z__20251221T061948Z.mseed,HE,VUOS,0,0,0,0,2025-12-21 06:18:53.004000,0.426,,,2025-12-21 06:18:48.000000,2025-12-21 06:19:48.000000,eqcct_earthquakes_th0_1/20251221T061848Z_20251221T061948Z/VUOS_outputs/X_prediction_results.csv
MEF/HE.MEF..HHZ__20251221T061853Z__20251221T061953Z.mseed,HE,MEF,0,0,0,0,2025-12-21 06:18:58.160000,0.792,,,2025-12-21 06:18:53.000000,2025-12-21 06:19:53.000000,eqcct_earthquakes_th0_1/20251221T061853Z_20251221T061953Z/MEF_outputs/X_prediction_results.csv
KUNI/HE.KUNI..HHE__20251221T061858Z__20251221T061958Z.mseed,HE,KUNI,0,0,0,0,2025-12-21 06:19:02.588000,0.457,,,2025-12-21 06:18:58.000000,2025-12-21 06:19:58.000000,eqcct_earthquakes_th0_1/20251221T061858Z_20251221T061958Z/KUNI_outputs/X_prediction_results.csv
KAF/HE.KAF..HHN__20251221T061859Z__20251221T061959Z.mseed,HE,KAF,0,0,0,0,2025-12-21 06:19:04.970000,0.819,2025-12-21 06:19:23.470000,0.582,2025-12-21 06:18:59.000000,2025-12-21 06:19:59.000000,eqcct_earthquakes_th0_1/20251221T061859Z_20251221T061959Z/KAF_outputs/X_prediction_results.csv
LAUT/HE.LAUT..HHZ__20251221T061901Z__20251221T062001Z.mseed,HE,LAUT,0,0,0,0,2025-12-21 06:19:05.698000,0.375,,,2025-12-21 06:19:01.000000,2025-12-21 06:20:01.000000,eqcct_earthquakes_th0_1/20251221T061901Z_20251221T062001Z/LAUT_outputs/X_prediction_results.csv
KPF/HE.KPF..HHE__20251221T061915Z__20251221T062015Z.mseed,HE,KPF,0,0,0,0,2025-12-21 06:19:19.732000,0.617,,,2025-12-21 06:19:15.000000,2025-12-21 06:20:15.000000,eqcct_earthquakes_th0_1/20251221T061915Z_20251221T062015Z/KPF_outputs/X_prediction_results.csv
RUF/HE.RUF..HHN__20251221T061922Z__20251221T062022Z.mseed,HE,RUF,0,0,0,0,2025-12-21 06:19:26.288000,0.567,,,2025-12-21 06:19:22.000000,2025-12-21 06:20:22.000000,eqcct_earthquakes_th0_1/20251221T061922Z_20251221T062022Z/RUF_outputs/X_prediction_results.csv
SUF/HE.SUF..HHN__20251221T061935Z__20251221T062035Z.mseed,HE,SUF,0,0,0,0,2025-12-21 06:19:39.794000,0.279,,,2025-12-21 06:19:35.000000,2025-12-21 06:20:35.000000,eqcct_earthquakes_th0_1/20251221T061935Z_20251221T062035Z/SUF_outputs/X_prediction_results.csv
RAF/HE.RAF..HHE__20251221T061941Z__20251221T062041Z.mseed,HE,RAF,0,0,0,0,2025-12-21 06:19:45.430000,0.684,,,2025-12-21 06:19:41.000000,2025-12-21 06:20:41.000000,eqcct_earthquakes_th0_1/20251221T061941Z_20251221T062041Z/RAF_outputs/X_prediction_results.csv
KIF/HE.KIF..HHZ__20251222T125200Z__20251222T125300Z.mseed,HE,KIF,0,0,0,0,2025-12-22 12:52:05.510000,0.935,2025-12-22 12:52:14.060000,0.552,2025-12-22 12:52:00.000000,2025-12-22 12:53:00.000000,eqcct_earthquakes_th0_1/20251222T125200Z_20251222T125300Z/KIF_outputs/X_prediction_results.csv
HEF/HE.HEF..HHZ__20251222T125207Z__20251222T125307Z.mseed,HE,HEF,0,0,0,0,2025-12-22 12:52:12.080000,0.836,2025-12-22 12:52:25.180000,0.737,2025-12-22 12:52:07.000000,2025-12-22 12:53:07.000000,eqcct_earthquakes_th0_1/20251222T125207Z_20251222T125307Z/HEF_outputs/X_prediction_results.csv
KLF/FN.KLF..HHN__20251222T125217Z__20251222T125317Z.mseed,FN,KLF,0,0,0,0,2025-12-22 12:52:22.700000,0.858,2025-12-22 12:52:44.130000,0.379,2025-12-22 12:52:17.000000,2025-12-22 12:53:17.000000,eqcct_earthquakes_th0_1/20251222T125217Z_20251222T125317Z/KLF_outputs/X_prediction_results.csv
KMNF/FN.KMNF..HHZ__20251222T125255Z__20251222T125355Z.mseed,FN,KMNF,0,0,0,0,2025-12-22 12:52:59.050000,0.481,,,2025-12-22 12:52:55.000000,2025-12-22 12:53:55.000000,eqcct_earthquakes_th0_1/20251222T125255Z_20251222T125355Z/KMNF_outputs/X_prediction_results.csv
TVF/HE.TVF..HHN__20251222T221629Z__20251222T221729Z.mseed,HE,TVF,0,0,0,0,2025-12-22 22:16:34.104000,0.9,2025-12-22 22:16:37.934000,0.778,2025-12-22 22:16:29.000000,2025-12-22 22:17:29.000000,eqcct_earthquakes_th0_1/20251222T221629Z_20251222T221729Z/TVF_outputs/X_prediction_results.csv
MEF/HE.MEF..HHZ__20251222T221631Z__20251222T221731Z.mseed,HE,MEF,0,0,0,0,2025-12-22 22:16:36.980000,0.864,2025-12-22 22:16:42.330000,0.825,2025-12-22 22:16:31.000000,2025-12-22 22:17:31.000000,eqcct_earthquakes_th0_1/20251222T221631Z_20251222T221731Z/MEF_outputs/X_prediction_results.csv
NUR/HE.NUR..HHN__20251222T221637Z__20251222T221737Z.mseed,HE,NUR,0,0,0,0,2025-12-22 22:16:42.528000,0.827,2025-12-22 22:16:51.878000,0.627,2025-12-22 22:16:37.000000,2025-12-22 22:17:37.000000,eqcct_earthquakes_th0_1/20251222T221637Z_20251222T221737Z/NUR_outputs/X_prediction_results.csv
LAUT/HE.LAUT..HHN__20251222T221641Z__20251222T221741Z.mseed,HE,LAUT,0,0,0,0,2025-12-22 22:16:45.940000,0.823,,,2025-12-22 22:16:41.000000,2025-12-22 22:17:41.000000,eqcct_earthquakes_th0_1/20251222T221641Z_20251222T221741Z/LAUT_outputs/X_prediction_results.csv
HEL1/HE.HEL1..HHZ__20251222T221642Z__20251222T221742Z.mseed,HE,HEL1,0,0,0,0,2025-12-22 22:16:46.576000,0.853,,,2025-12-22 22:16:42.000000,2025-12-22 22:17:42.000000,eqcct_earthquakes_th0_1/20251222T221642Z_20251222T221742Z/HEL1_outputs/X_prediction_results.csv
KUNI/HE.KUNI..HHN__20251222T221644Z__20251222T221744Z.mseed,HE,KUNI,0,0,0,0,2025-12-22 22:16:49.286000,0.231,,,2025-12-22 22:16:44.000000,2025-12-22 22:17:44.000000,eqcct_earthquakes_th0_1/20251222T221644Z_20251222T221744Z/KUNI_outputs/X_prediction_results.csv
RAF/HE.RAF..HHZ__20251222T221651Z__20251222T221751Z.mseed,HE,RAF,0,0,0,0,2025-12-22 22:16:55.330000,0.704,2025-12-22 22:17:21.360000,0.407,2025-12-22 22:16:51.000000,2025-12-22 22:17:51.000000,eqcct_earthquakes_th0_1/20251222T221651Z_20251222T221751Z/RAF_outputs/X_prediction_results.csv
FIA1/HE.FIA1..HHN__20251222T221658Z__20251222T221758Z.mseed,HE,FIA1,0,0,0,0,2025-12-22 22:17:02.190000,0.604,2025-12-22 22:17:27.470000,0.192,2025-12-22 22:16:58.000000,2025-12-22 22:17:58.000000,eqcct_earthquakes_th0_1/20251222T221658Z_20251222T221758Z/FIA1_outputs/X_prediction_results.csv
FIA0/HE.FIA0..HHZ__20251222T221658Z__20251222T221758Z.mseed,HE,FIA0,0,0,0,0,2025-12-22 22:17:02.180000,0.661,,,2025-12-22 22:16:58.000000,2025-12-22 22:17:58.000000,eqcct_earthquakes_th0_1/20251222T221658Z_20251222T221758Z/FIA0_outputs/X_prediction_results.csv
KPF/HE.KPF..HHE__20251222T221702Z__20251222T221802Z.mseed,HE,KPF,0,0,0,0,2025-12-22 22:17:07.028000,0.866,2025-12-22 22:17:35.418000,0.18,2025-12-22 22:17:02.000000,2025-12-22 22:18:02.000000,eqcct_earthquakes_th0_1/20251222T221702Z_20251222T221802Z/KPF_outputs/X_prediction_results.csv
AAL/UP.AAL..HHE__20251222T221723Z__20251222T221823Z.mseed,UP,AAL,0,0,0,0,2025-12-22 22:17:27.130000,0.214,,,2025-12-22 22:17:23.000000,2025-12-22 22:18:23.000000,eqcct_earthquakes_th0_1/20251222T221723Z_20251222T221823Z/AAL_outputs/X_prediction_results.csv
VJF/HE.VJF..HHN__20251222T221723Z__20251222T221823Z.mseed,HE,VJF,0,0,0,0,2025-12-22 22:17:27.420000,0.672,,,2025-12-22 22:17:23.000000,2025-12-22 22:18:23.000000,eqcct_earthquakes_th0_1/20251222T221723Z_20251222T221823Z/VJF_outputs/X_prediction_results.csv
HEL5/HE.HEL5..HHN__20251223T085613Z__20251223T085713Z.mseed,HE,HEL5,0,0,0,0,2025-12-23 08:56:18.600000,0.933,2025-12-23 08:56:20.690000,0.882,2025-12-23 08:56:13.000000,2025-12-23 08:57:13.000000,eqcct_earthquakes_th0_1/20251223T085613Z_20251223T085713Z/HEL5_outputs/X_prediction_results.csv
LAUT/HE.LAUT..HHE__20251223T085614Z__20251223T085714Z.mseed,HE,LAUT,0,0,0,0,2025-12-23 08:56:19.560000,0.932,2025-12-23 08:56:22.310000,0.8,2025-12-23 08:56:14.000000,2025-12-23 08:57:14.000000,eqcct_earthquakes_th0_1/20251223T085614Z_20251223T085714Z/LAUT_outputs/X_prediction_results.csv
HEL1/HE.HEL1..HHE__20251223T085615Z__20251223T085715Z.mseed,HE,HEL1,0,0,0,0,2025-12-23 08:56:20.084000,0.915,2025-12-23 08:56:23.184000,0.813,2025-12-23 08:56:15.000000,2025-12-23 08:57:15.000000,eqcct_earthquakes_th0_1/20251223T085615Z_20251223T085715Z/HEL1_outputs/X_prediction_results.csv
MEF/HE.MEF..HHN__20251223T085616Z__20251223T085716Z.mseed,HE,MEF,0,0,0,0,2025-12-23 08:56:21.020000,0.945,2025-12-23 08:56:24.780000,0.886,2025-12-23 08:56:16.000000,2025-12-23 08:57:16.000000,eqcct_earthquakes_th0_1/20251223T085616Z_20251223T085716Z/MEF_outputs/X_prediction_results.csv
RSUO/HE.RSUO..HHE__20251223T085619Z__20251223T085719Z.mseed,HE,RSUO,0,0,0,0,,,2025-12-23 08:56:24.226000,0.819,2025-12-23 08:56:19.000000,2025-12-23 08:57:19.000000,eqcct_earthquakes_th0_1/20251223T085619Z_20251223T085719Z/RSUO_outputs/X_prediction_results.csv
NUR/HE.NUR..HHE__20251223T085620Z__20251223T085720Z.mseed,HE,NUR,0,0,0,0,2025-12-23 08:56:25.632000,0.9,2025-12-23 08:56:32.672000,0.861,2025-12-23 08:56:20.000000,2025-12-23 08:57:20.000000,eqcct_earthquakes_th0_1/20251223T085620Z_20251223T085720Z/NUR_outputs/X_prediction_results.csv
VUOS/HE.VUOS..HHN__20251223T085620Z__20251223T085720Z.mseed,HE,VUOS,0,0,0,0,,,2025-12-23 08:56:25.988000,0.697,2025-12-23 08:56:20.000000,2025-12-23 08:57:20.000000,eqcct_earthquakes_th0_1/20251223T085620Z_20251223T085720Z/VUOS_outputs/X_prediction_results.csv
KUNI/HE.KUNI..HHN__20251223T085621Z__20251223T085721Z.mseed,HE,KUNI,0,0,0,0,2025-12-23 08:56:25.986000,0.224,2025-12-23 08:56:25.966000,0.736,2025-12-23 08:56:21.000000,2025-12-23 08:57:21.000000,eqcct_earthquakes_th0_1/20251223T085621Z_20251223T085721Z/KUNI_outputs/X_prediction_results.csv
TVF/HE.TVF..HHZ__20251223T085633Z__20251223T085733Z.mseed,HE,TVF,0,0,0,0,2025-12-23 08:56:37.100000,0.416,,,2025-12-23 08:56:33.000000,2025-12-23 08:57:33.000000,eqcct_earthquakes_th0_1/20251223T085633Z_20251223T085733Z/TVF_outputs/X_prediction_results.csv
RAF/HE.RAF..HHZ__20251223T085643Z__20251223T085743Z.mseed,HE,RAF,0,0,0,0,2025-12-23 08:56:47.380000,0.741,2025-12-23 08:57:11.260000,0.102,2025-12-23 08:56:43.000000,2025-12-23 08:57:43.000000,eqcct_earthquakes_th0_1/20251223T085643Z_20251223T085743Z/RAF_outputs/X_prediction_results.csv
KEF/HE.KEF..HHZ__20251223T085650Z__20251223T085750Z.mseed,HE,KEF,0,0,0,0,2025-12-23 08:56:54.330000,0.313,,,2025-12-23 08:56:50.000000,2025-12-23 08:57:50.000000,eqcct_earthquakes_th0_1/20251223T085650Z_20251223T085750Z/KEF_outputs/X_prediction_results.csv
FIA0/HE.FIA0..HHZ__20251223T085701Z__20251223T085801Z.mseed,HE,FIA0,0,0,0,0,2025-12-23 08:57:05.230000,0.246,,,2025-12-23 08:57:01.000000,2025-12-23 08:58:01.000000,eqcct_earthquakes_th0_1/20251223T085701Z_20251223T085801Z/FIA0_outputs/X_prediction_results.csv
KPF/HE.KPF..HHE__20251223T085720Z__20251223T085820Z.mseed,HE,KPF,0,0,0,0,2025-12-23 08:57:24.162000,0.477,,,2025-12-23 08:57:20.000000,2025-12-23 08:58:20.000000,eqcct_earthquakes_th0_1/20251223T085720Z_20251223T085820Z/KPF_outputs/X_prediction_results.csv
KAF/HE.KAF..HHZ__20251223T085722Z__20251223T085822Z.mseed,HE,KAF,0,0,0,0,2025-12-23 08:57:26.120000,0.15,,,2025-12-23 08:57:22.000000,2025-12-23 08:58:22.000000,eqcct_earthquakes_th0_1/20251223T085722Z_20251223T085822Z/KAF_outputs/X_prediction_results.csv
AAL/UP.AAL..HHN__20251223T085722Z__20251223T085822Z.mseed,UP,AAL,0,0,0,0,2025-12-23 08:57:26.540000,0.135,,,2025-12-23 08:57:22.000000,2025-12-23 08:58:22.000000,eqcct_earthquakes_th0_1/20251223T085722Z_20251223T085822Z/AAL_outputs/X_prediction_results.csv
OBF3/HE.OBF3..HHZ__20251223T223756Z__20251223T223856Z.mseed,HE,OBF3,0,0,0,0,2025-12-23 22:38:00.432000,0.144,,,2025-12-23 22:37:56.000000,2025-12-23 22:38:56.000000,eqcct_earthquakes_th0_1/20251223T223756Z_20251223T223856Z/OBF3_outputs/X_prediction_results.csv
VAF/HE.VAF..HHE__20251223T223806Z__20251223T223906Z.mseed,HE,VAF,0,0,0,0,2025-12-23 22:38:10.050000,0.245,,,2025-12-23 22:38:06.000000,2025-12-23 22:39:06.000000,eqcct_earthquakes_th0_1/20251223T223806Z_20251223T223906Z/VAF_outputs/X_prediction_results.csv
VAF/HE.VAF..HHZ__20251225T163751Z__20251225T163851Z.mseed,HE,VAF,0,0,0,0,2025-12-25 16:37:56.250000,0.833,2025-12-25 16:38:08.540000,0.288,2025-12-25 16:37:51.000000,2025-12-25 16:38:51.000000,eqcct_earthquakes_th0_1/20251225T163751Z_20251225T163851Z/VAF_outputs/X_prediction_results.csv
ALAJF/HE.ALAJF..HHN__20251225T163818Z__20251225T163918Z.mseed,HE,ALAJF,0,0,0,0,2025-12-25 16:38:22.116000,0.386,2025-12-25 16:38:23.786000,0.138,2025-12-25 16:38:18.000000,2025-12-25 16:39:18.000000,eqcct_earthquakes_th0_1/20251225T163818Z_20251225T163918Z/ALAJF_outputs/X_prediction_results.csv
OUF/HE.OUF..HHZ__20251225T163825Z__20251225T163925Z.mseed,HE,OUF,0,0,0,0,2025-12-25 16:38:30.040000,0.23,,,2025-12-25 16:38:25.000000,2025-12-25 16:39:25.000000,eqcct_earthquakes_th0_1/20251225T163825Z_20251225T163925Z/OUF_outputs/X_prediction_results.csv
KPF/HE.KPF..HHZ__20251225T163831Z__20251225T163931Z.mseed,HE,KPF,0,0,0,0,2025-12-25 16:38:35.904000,0.371,,,2025-12-25 16:38:31.000000,2025-12-25 16:39:31.000000,eqcct_earthquakes_th0_1/20251225T163831Z_20251225T163931Z/KPF_outputs/X_prediction_results.csv
VJF/HE.VJF..HHN__20251226T111253Z__20251226T111353Z.mseed,HE,VJF,0,0,0,0,2025-12-26 11:12:58.140000,0.951,2025-12-26 11:13:04.860000,0.494,2025-12-26 11:12:53.000000,2025-12-26 11:13:53.000000,eqcct_earthquakes_th0_1/20251226T111253Z_20251226T111353Z/VJF_outputs/X_prediction_results.csv
RUF/HE.RUF..HHE__20251226T111257Z__20251226T111357Z.mseed,HE,RUF,0,0,0,0,2025-12-26 11:13:02.452000,0.892,2025-12-26 11:13:11.942000,0.147,2025-12-26 11:12:57.000000,2025-12-26 11:13:57.000000,eqcct_earthquakes_th0_1/20251226T111257Z_20251226T111357Z/RUF_outputs/X_prediction_results.csv
FIA0/HE.FIA0..HHE__20251226T111307Z__20251226T111407Z.mseed,HE,FIA0,0,0,0,0,2025-12-26 11:13:12.600000,0.865,2025-12-26 11:13:30.350000,0.478,2025-12-26 11:13:07.000000,2025-12-26 11:14:07.000000,eqcct_earthquakes_th0_1/20251226T111307Z_20251226T111407Z/FIA0_outputs/X_prediction_results.csv
FIA1/HE.FIA1..HHE__20251226T111307Z__20251226T111407Z.mseed,HE,FIA1,0,0,0,0,2025-12-26 11:13:12.540000,0.892,2025-12-26 11:13:30.210000,0.26,2025-12-26 11:13:07.000000,2025-12-26 11:14:07.000000,eqcct_earthquakes_th0_1/20251226T111307Z_20251226T111407Z/FIA1_outputs/X_prediction_results.csv
NUR/HE.NUR..HHN__20251226T111316Z__20251226T111416Z.mseed,HE,NUR,0,0,0,0,2025-12-26 11:13:21.904000,0.528,,,2025-12-26 11:13:16.000000,2025-12-26 11:14:16.000000,eqcct_earthquakes_th0_1/20251226T111316Z_20251226T111416Z/NUR_outputs/X_prediction_results.csv
KAF/HE.KAF..HHN__20251226T111334Z__20251226T111434Z.mseed,HE,KAF,0,0,0,0,2025-12-26 11:13:38.440000,0.789,,,2025-12-26 11:13:34.000000,2025-12-26 11:14:34.000000,eqcct_earthquakes_th0_1/20251226T111334Z_20251226T111434Z/KAF_outputs/X_prediction_results.csv
VUOS/HE.VUOS..HHN__20251226T111336Z__20251226T111436Z.mseed,HE,VUOS,0,0,0,0,2025-12-26 11:13:40.204000,0.793,,,2025-12-26 11:13:36.000000,2025-12-26 11:14:36.000000,eqcct_earthquakes_th0_1/20251226T111336Z_20251226T111436Z/VUOS_outputs/X_prediction_results.csv
MEF/HE.MEF..HHZ__20251226T111345Z__20251226T111445Z.mseed,HE,MEF,0,0,0,0,2025-12-26 11:13:49.360000,0.214,,,2025-12-26 11:13:45.000000,2025-12-26 11:14:45.000000,eqcct_earthquakes_th0_1/20251226T111345Z_20251226T111445Z/MEF_outputs/X_prediction_results.csv
KEF/HE.KEF..HHE__20251226T111348Z__20251226T111448Z.mseed,HE,KEF,0,0,0,0,2025-12-26 11:13:52.470000,0.503,2025-12-26 11:13:57.930000,0.33,2025-12-26 11:13:48.000000,2025-12-26 11:14:48.000000,eqcct_earthquakes_th0_1/20251226T111348Z_20251226T111448Z/KEF_outputs/X_prediction_results.csv
SUF/HE.SUF..HHZ__20251226T111349Z__20251226T111449Z.mseed,HE,SUF,0,0,0,0,2025-12-26 11:13:53.076000,0.495,2025-12-26 11:13:57.706000,0.752,2025-12-26 11:13:49.000000,2025-12-26 11:14:49.000000,eqcct_earthquakes_th0_1/20251226T111349Z_20251226T111449Z/SUF_outputs/X_prediction_results.csv
RNF/FN.RNF..HHZ__20251227T013830Z__20251227T013930Z.mseed,FN,RNF,0,0,0,0,2025-12-27 01:38:35.500000,0.924,2025-12-27 01:38:39.710000,0.875,2025-12-27 01:38:30.000000,2025-12-27 01:39:30.000000,eqcct_earthquakes_th0_1/20251227T013830Z_20251227T013930Z/RNF_outputs/X_prediction_results.csv
SGF/FN.SGF..HHE__20251227T013836Z__20251227T013936Z.mseed,FN,SGF,0,0,0,0,2025-12-27 01:38:41.490000,0.934,2025-12-27 01:38:49.840000,0.608,2025-12-27 01:38:36.000000,2025-12-27 01:39:36.000000,eqcct_earthquakes_th0_1/20251227T013836Z_20251227T013936Z/SGF_outputs/X_prediction_results.csv
KLF/FN.KLF..HHE__20251227T013838Z__20251227T013938Z.mseed,FN,KLF,0,0,0,0,2025-12-27 01:38:43.450000,0.941,2025-12-27 01:38:53.510000,0.604,2025-12-27 01:38:38.000000,2025-12-27 01:39:38.000000,eqcct_earthquakes_th0_1/20251227T013838Z_20251227T013938Z/KLF_outputs/X_prediction_results.csv
RANF/FN.RANF..HHE__20251227T013842Z__20251227T013942Z.mseed,FN,RANF,0,0,0,0,2025-12-27 01:38:47.450000,0.929,2025-12-27 01:39:00.040000,0.513,2025-12-27 01:38:42.000000,2025-12-27 01:39:42.000000,eqcct_earthquakes_th0_1/20251227T013842Z_20251227T013942Z/RANF_outputs/X_prediction_results.csv
MSF/FN.MSF..HHZ__20251227T013915Z__20251227T014015Z.mseed,FN,MSF,0,0,0,0,2025-12-27 01:39:19.480000,0.201,,,2025-12-27 01:39:15.000000,2025-12-27 01:40:15.000000,eqcct_earthquakes_th0_1/20251227T013915Z_20251227T014015Z/MSF_outputs/X_prediction_results.csv
HEF/HE.HEF..HHN__20251227T013916Z__20251227T014016Z.mseed,HE,HEF,0,0,0,0,2025-12-27 01:39:20.730000,0.235,,,2025-12-27 01:39:16.000000,2025-12-27 01:40:16.000000,eqcct_earthquakes_th0_1/20251227T013916Z_20251227T014016Z/HEF_outputs/X_prediction_results.csv
OUL/FN.OUL..HHN__20251228T223144Z__20251228T223244Z.mseed,FN,OUL,0,0,0,0,2025-12-28 22:31:49.510000,0.936,2025-12-28 22:31:57.950000,0.84,2025-12-28 22:31:44.000000,2025-12-28 22:32:44.000000,eqcct_earthquakes_th0_1/20251228T223144Z_20251228T223244Z/OUL_outputs/X_prediction_results.csv
RANF/FN.RANF..HHZ__20251228T223150Z__20251228T223250Z.mseed,FN,RANF,0,0,0,0,2025-12-28 22:31:55.600000,0.86,2025-12-28 22:32:08.670000,0.829,2025-12-28 22:31:50.000000,2025-12-28 22:32:50.000000,eqcct_earthquakes_th0_1/20251228T223150Z_20251228T223250Z/RANF_outputs/X_prediction_results.csv
OBF3/HE.OBF3..HHE__20251228T223152Z__20251228T223252Z.mseed,HE,OBF3,0,0,0,0,2025-12-28 22:31:58.000000,0.929,2025-12-28 22:32:12.750000,0.597,2025-12-28 22:31:52.000000,2025-12-28 22:32:52.000000,eqcct_earthquakes_th0_1/20251228T223152Z_20251228T223252Z/OBF3_outputs/X_prediction_results.csv
MSF/FN.MSF..HHZ__20251228T223152Z__20251228T223252Z.mseed,FN,MSF,0,0,0,0,2025-12-28 22:31:57.450000,0.892,2025-12-28 22:32:11.490000,0.786,2025-12-28 22:31:52.000000,2025-12-28 22:32:52.000000,eqcct_earthquakes_th0_1/20251228T223152Z_20251228T223252Z/MSF_outputs/X_prediction_results.csv
OUF/HE.OUF..HHE__20251228T223155Z__20251228T223255Z.mseed,HE,OUF,0,0,0,0,2025-12-28 22:32:00.560000,0.87,2025-12-28 22:32:17.770000,0.448,2025-12-28 22:31:55.000000,2025-12-28 22:32:55.000000,eqcct_earthquakes_th0_1/20251228T223155Z_20251228T223255Z/OUF_outputs/X_prediction_results.csv
RMF/HE.RMF..HHE__20251228T223156Z__20251228T223256Z.mseed,HE,RMF,0,0,0,0,2025-12-28 22:32:01.744000,0.884,2025-12-28 22:32:18.734000,0.63,2025-12-28 22:31:56.000000,2025-12-28 22:32:56.000000,eqcct_earthquakes_th0_1/20251228T223156Z_20251228T223256Z/RMF_outputs/X_prediction_results.csv
KU6/HE.KU6..HHZ__20251228T223157Z__20251228T223257Z.mseed,HE,KU6,0,0,0,0,2025-12-28 22:32:02.650000,0.847,2025-12-28 22:32:20.710000,0.45,2025-12-28 22:31:57.000000,2025-12-28 22:32:57.000000,eqcct_earthquakes_th0_1/20251228T223157Z_20251228T223257Z/KU6_outputs/X_prediction_results.csv
OLKF/FN.OLKF..HHN__20251228T223159Z__20251228T223259Z.mseed,FN,OLKF,0,0,0,0,2025-12-28 22:32:04.400000,0.826,2025-12-28 22:32:23.210000,0.617,2025-12-28 22:31:59.000000,2025-12-28 22:32:59.000000,eqcct_earthquakes_th0_1/20251228T223159Z_20251228T223259Z/OLKF_outputs/X_prediction_results.csv
TOF/HE.TOF..HHZ__20251228T223200Z__20251228T223300Z.mseed,HE,TOF,0,0,0,0,2025-12-28 22:32:04.760000,0.526,,,2025-12-28 22:32:00.000000,2025-12-28 22:33:00.000000,eqcct_earthquakes_th0_1/20251228T223200Z_20251228T223300Z/TOF_outputs/X_prediction_results.csv
NIF/HE.NIF..HHN__20251228T223201Z__20251228T223301Z.mseed,HE,NIF,0,0,0,0,2025-12-28 22:32:06.378000,0.775,2025-12-28 22:32:26.728000,0.312,2025-12-28 22:32:01.000000,2025-12-28 22:33:01.000000,eqcct_earthquakes_th0_1/20251228T223201Z_20251228T223301Z/NIF_outputs/X_prediction_results.csv
RNF/FN.RNF..HHN__20251228T223201Z__20251228T223301Z.mseed,FN,RNF,0,0,0,0,2025-12-28 22:32:06.430000,0.728,2025-12-28 22:32:27.220000,0.274,2025-12-28 22:32:01.000000,2025-12-28 22:33:01.000000,eqcct_earthquakes_th0_1/20251228T223201Z_20251228T223301Z/RNF_outputs/X_prediction_results.csv
KEF/HE.KEF..HHE__20251230T114324Z__20251230T114424Z.mseed,HE,KEF,0,0,0,0,2025-12-30 11:43:29.430000,0.835,2025-12-30 11:43:37.980000,0.697,2025-12-30 11:43:24.000000,2025-12-30 11:44:24.000000,eqcct_earthquakes_th0_1/20251230T114324Z_20251230T114424Z/KEF_outputs/X_prediction_results.csv
FIA0/HE.FIA0..HHN__20251230T114328Z__20251230T114428Z.mseed,HE,FIA0,0,0,0,0,2025-12-30 11:43:33.310000,0.895,2025-12-30 11:43:45.830000,0.314,2025-12-30 11:43:28.000000,2025-12-30 11:44:28.000000,eqcct_earthquakes_th0_1/20251230T114328Z_20251230T114428Z/FIA0_outputs/X_prediction_results.csv
FIA1/HE.FIA1..HHE__20251230T114328Z__20251230T114428Z.mseed,HE,FIA1,0,0,0,0,2025-12-30 11:43:33.330000,0.905,2025-12-30 11:43:45.480000,0.264,2025-12-30 11:43:28.000000,2025-12-30 11:44:28.000000,eqcct_earthquakes_th0_1/20251230T114328Z_20251230T114428Z/FIA1_outputs/X_prediction_results.csv
KPF/HE.KPF..HHE__20251230T114331Z__20251230T114431Z.mseed,HE,KPF,0,0,0,0,2025-12-30 11:43:35.560000,0.885,2025-12-30 11:43:50.310000,0.215,2025-12-30 11:43:31.000000,2025-12-30 11:44:31.000000,eqcct_earthquakes_th0_1/20251230T114331Z_20251230T114431Z/KPF_outputs/X_prediction_results.csv
KAF/HE.KAF..HHN__20251230T114332Z__20251230T114432Z.mseed,HE,KAF,0,0,0,0,2025-12-30 11:43:37.480000,0.887,2025-12-30 11:43:52.600000,0.168,2025-12-30 11:43:32.000000,2025-12-30 11:44:32.000000,eqcct_earthquakes_th0_1/20251230T114332Z_20251230T114432Z/KAF_outputs/X_prediction_results.csv
MEF/HE.MEF..HHZ__20251230T114336Z__20251230T114436Z.mseed,HE,MEF,0,0,0,0,2025-12-30 11:43:41.820000,0.836,2025-12-30 11:43:59.540000,0.122,2025-12-30 11:43:36.000000,2025-12-30 11:44:36.000000,eqcct_earthquakes_th0_1/20251230T114336Z_20251230T114436Z/MEF_outputs/X_prediction_results.csv
SUF/HE.SUF..HHZ__20251230T114338Z__20251230T114438Z.mseed,HE,SUF,0,0,0,0,2025-12-30 11:43:42.480000,0.49,2025-12-30 11:44:02.520000,0.437,2025-12-30 11:43:38.000000,2025-12-30 11:44:38.000000,eqcct_earthquakes_th0_1/20251230T114338Z_20251230T114438Z/SUF_outputs/X_prediction_results.csv
ALAJF/HE.ALAJF..HHZ__20251230T114341Z__20251230T114441Z.mseed,HE,ALAJF,0,0,0,0,2025-12-30 11:43:45.276000,0.871,2025-12-30 11:44:06.026000,0.186,2025-12-30 11:43:41.000000,2025-12-30 11:44:41.000000,eqcct_earthquakes_th0_1/20251230T114341Z_20251230T114441Z/ALAJF_outputs/X_prediction_results.csv
VAF/HE.VAF..HHZ__20251230T114342Z__20251230T114442Z.mseed,HE,VAF,0,0,0,0,2025-12-30 11:43:47.440000,0.796,2025-12-30 11:44:08.750000,0.474,2025-12-30 11:43:42.000000,2025-12-30 11:44:42.000000,eqcct_earthquakes_th0_1/20251230T114342Z_20251230T114442Z/VAF_outputs/X_prediction_results.csv
VJF/HE.VJF..HHZ__20251230T114345Z__20251230T114445Z.mseed,HE,VJF,0,0,0,0,2025-12-30 11:43:49.944000,0.248,,,2025-12-30 11:43:45.000000,2025-12-30 11:44:45.000000,eqcct_earthquakes_th0_1/20251230T114345Z_20251230T114445Z/VJF_outputs/X_prediction_results.csv
RUF/HE.RUF..HHE__20251230T114350Z__20251230T114450Z.mseed,HE,RUF,0,0,0,0,2025-12-30 11:43:54.506000,0.521,,,2025-12-30 11:43:50.000000,2025-12-30 11:44:50.000000,eqcct_earthquakes_th0_1/20251230T114350Z_20251230T114450Z/RUF_outputs/X_prediction_results.csv
NIF/HE.NIF..HHZ__20251230T114354Z__20251230T114454Z.mseed,HE,NIF,0,0,0,0,2025-12-30 11:43:58.760000,0.487,,,2025-12-30 11:43:54.000000,2025-12-30 11:44:54.000000,eqcct_earthquakes_th0_1/20251230T114354Z_20251230T114454Z/NIF_outputs/X_prediction_results.csv
VUOS/HE.VUOS..HHN__20251230T114356Z__20251230T114456Z.mseed,HE,VUOS,0,0,0,0,2025-12-30 11:44:01.062000,0.37,,,2025-12-30 11:43:56.000000,2025-12-30 11:44:56.000000,eqcct_earthquakes_th0_1/20251230T114356Z_20251230T114456Z/VUOS_outputs/X_prediction_results.csv
