file_name,network,station,instrument_type,station_lat,station_lon,station_elv,p_arrival_time,p_probability,s_arrival_time,s_probability,start_dt,end_dt,source_file
LOVF,HE,LOVF,0,0.0,0.0,0.0,2025-01-02 09:17:15.776,0.954244,2025-01-02 09:17:18.976,0.749854,2025-01-02 09:17:10.000,2025-01-02 09:18:10.000,eqt_explosions_th0_1/20250102T091710Z_20250102T091810Z/LOVF_outputs/X_prediction_results.csv
VJF,HE,VJF,0,0.0,0.0,0.0,2025-01-02 09:17:18.734,0.947514,2025-01-02 09:17:24.314,0.60055,2025-01-02 09:17:13.000,2025-01-02 09:18:13.000,eqt_explosions_th0_1/20250102T091713Z_20250102T091813Z/VJF_outputs/X_prediction_results.csv
KY17,HE,KY17,0,0.0,0.0,0.0,2025-01-02 09:17:19.446,0.949792,2025-01-02 09:17:25.386,0.756361,2025-01-02 09:17:14.000,2025-01-02 09:18:14.000,eqt_explosions_th0_1/20250102T091714Z_20250102T091814Z/KY17_outputs/X_prediction_results.csv
KY02,HE,KY02,0,0.0,0.0,0.0,2025-01-02 09:17:19.488,0.951243,2025-01-02 09:17:25.428,0.765456,2025-01-02 09:17:14.000,2025-01-02 09:18:14.000,eqt_explosions_th0_1/20250102T091714Z_20250102T091814Z/KY02_outputs/X_prediction_results.csv
PVF,HE,PVF,0,0.0,0.0,0.0,2025-01-02 09:17:19.294,0.945971,2025-01-02 09:17:25.254,0.60909,2025-01-02 09:17:14.000,2025-01-02 09:18:14.000,eqt_explosions_th0_1/20250102T091714Z_20250102T091814Z/PVF_outputs/X_prediction_results.csv
FIA0,HE,FIA0,0,0.0,0.0,0.0,2025-01-02 09:17:28.960,0.936998,2025-01-02 09:17:42.440,0.596908,2025-01-02 09:17:23.000,2025-01-02 09:18:23.000,eqt_explosions_th0_1/20250102T091723Z_20250102T091823Z/FIA0_outputs/X_prediction_results.csv
FIA1,HE,FIA1,0,0.0,0.0,0.0,2025-01-02 09:17:28.960,0.941422,2025-01-02 09:17:42.450,0.56639,2025-01-02 09:17:23.000,2025-01-02 09:18:23.000,eqt_explosions_th0_1/20250102T091723Z_20250102T091823Z/FIA1_outputs/X_prediction_results.csv
NUR,HE,NUR,0,0.0,0.0,0.0,2025-01-02 09:17:29.886,0.78904,2025-01-02 09:17:49.756,0.408633,2025-01-02 09:17:24.000,2025-01-02 09:18:24.000,eqt_explosions_th0_1/20250102T091724Z_20250102T091824Z/NUR_outputs/X_prediction_results.csv
HEL5,HE,HEL5,0,0.0,0.0,0.0,,,2025-01-02 09:17:31.382,0.142142,2025-01-02 09:17:25.000,2025-01-02 09:18:25.000,eqt_explosions_th0_1/20250102T091725Z_20250102T091825Z/HEL5_outputs/X_prediction_results.csv
MEF,HE,MEF,0,0.0,0.0,0.0,2025-01-02 09:17:33.130,0.898214,2025-01-02 09:17:54.510,0.313093,2025-01-02 09:17:28.000,2025-01-02 09:18:28.000,eqt_explosions_th0_1/20250102T091728Z_20250102T091828Z/MEF_outputs/X_prediction_results.csv
RUF,HE,RUF,0,0.0,0.0,0.0,,,2025-01-02 09:17:57.652,0.531427,2025-01-02 09:17:31.000,2025-01-02 09:18:31.000,eqt_explosions_th0_1/20250102T091731Z_20250102T091831Z/RUF_outputs/X_prediction_results.csv
TRE03,HE,TRE03,0,0.0,0.0,0.0,2025-01-02 09:17:41.562,0.33137,,,2025-01-02 09:17:35.000,2025-01-02 09:18:35.000,eqt_explosions_th0_1/20250102T091735Z_20250102T091835Z/TRE03_outputs/X_prediction_results.csv
TRE03,HE,TRE03,0,0.0,0.0,0.0,2025-01-02 09:17:40.562,0.566498,2025-01-02 09:18:03.052,0.515754,2025-01-02 09:17:35.000,2025-01-02 09:18:35.000,eqt_explosions_th0_1/20250102T091735Z_20250102T091835Z/TRE03_outputs/X_prediction_results.csv
KAF,HE,KAF,0,0.0,0.0,0.0,2025-01-02 09:17:40.090,0.602289,2025-01-02 09:18:01.850,0.416011,2025-01-02 09:17:35.000,2025-01-02 09:18:35.000,eqt_explosions_th0_1/20250102T091735Z_20250102T091835Z/KAF_outputs/X_prediction_results.csv
OBF3,HE,OBF3,0,0.0,0.0,0.0,2025-01-02 11:51:34.530,0.853493,2025-01-02 11:51:36.330,0.617432,2025-01-02 11:51:29.000,2025-01-02 11:52:29.000,eqt_explosions_th0_1/20250102T115129Z_20250102T115229Z/OBF3_outputs/X_prediction_results.csv
OUF,HE,OUF,0,0.0,0.0,0.0,2025-01-02 11:51:38.730,0.947805,2025-01-02 11:51:43.780,0.125644,2025-01-02 11:51:33.000,2025-01-02 11:52:33.000,eqt_explosions_th0_1/20250102T115133Z_20250102T115233Z/OUF_outputs/X_prediction_results.csv
OBF0,HE,OBF0,0,0.0,0.0,0.0,2025-01-02 11:51:38.090,0.950354,2025-01-02 11:51:42.590,0.315515,2025-01-02 11:51:33.000,2025-01-02 11:52:33.000,eqt_explosions_th0_1/20250102T115133Z_20250102T115233Z/OBF0_outputs/X_prediction_results.csv
OBF8,HE,OBF8,0,0.0,0.0,0.0,2025-01-02 11:51:45.080,0.816177,2025-01-02 11:51:55.470,0.416688,2025-01-02 11:51:40.000,2025-01-02 11:52:40.000,eqt_explosions_th0_1/20250102T115140Z_20250102T115240Z/OBF8_outputs/X_prediction_results.csv
OBF8,HE,OBF8,0,0.0,0.0,0.0,2025-01-02 11:51:46.090,0.361432,,,2025-01-02 11:51:40.000,2025-01-02 11:52:40.000,eqt_explosions_th0_1/20250102T115140Z_20250102T115240Z/OBF8_outputs/X_prediction_results.csv
KJNF,HE,KJNF,0,0.0,0.0,0.0,2025-01-02 11:51:57.090,0.941877,2025-01-02 11:52:14.920,0.285999,2025-01-02 11:51:52.000,2025-01-02 11:52:52.000,eqt_explosions_th0_1/20250102T115152Z_20250102T115252Z/KJNF_outputs/X_prediction_results.csv
TOF,HE,TOF,0,0.0,0.0,0.0,2025-01-02 11:51:57.980,0.916343,2025-01-02 11:52:17.060,0.329103,2025-01-02 11:51:52.000,2025-01-02 11:52:52.000,eqt_explosions_th0_1/20250102T115152Z_20250102T115252Z/TOF_outputs/X_prediction_results.csv
RANF,FN,RANF,0,0.0,0.0,0.0,2025-01-02 11:52:01.100,0.847715,2025-01-02 11:52:23.030,0.129479,2025-01-02 11:51:56.000,2025-01-02 11:52:56.000,eqt_explosions_th0_1/20250102T115156Z_20250102T115256Z/RANF_outputs/X_prediction_results.csv
KU2,HE,KU2,0,0.0,0.0,0.0,2025-01-02 11:52:04.690,0.929003,2025-01-02 11:52:27.660,0.25207,2025-01-02 11:51:59.000,2025-01-02 11:52:59.000,eqt_explosions_th0_1/20250102T115159Z_20250102T115259Z/KU2_outputs/X_prediction_results.csv
NIF,HE,NIF,0,0.0,0.0,0.0,2025-01-02 11:52:06.390,0.950364,2025-01-02 11:52:31.650,0.497861,2025-01-02 11:52:01.000,2025-01-02 11:53:01.000,eqt_explosions_th0_1/20250102T115201Z_20250102T115301Z/NIF_outputs/X_prediction_results.csv
VAF,HE,VAF,0,0.0,0.0,0.0,2025-01-02 11:52:07.180,0.954646,2025-01-02 11:52:32.370,0.378499,2025-01-02 11:52:02.000,2025-01-02 11:53:02.000,eqt_explosions_th0_1/20250102T115202Z_20250102T115302Z/VAF_outputs/X_prediction_results.csv
SUF,HE,SUF,0,0.0,0.0,0.0,2025-01-02 11:52:09.980,0.882839,2025-01-02 11:52:38.440,0.268975,2025-01-02 11:52:04.000,2025-01-02 11:53:04.000,eqt_explosions_th0_1/20250102T115204Z_20250102T115304Z/SUF_outputs/X_prediction_results.csv
KU1,HE,KU1,0,0.0,0.0,0.0,2025-01-02 11:52:11.580,0.801248,2025-01-02 11:52:40.040,0.286279,2025-01-02 11:52:06.000,2025-01-02 11:53:06.000,eqt_explosions_th0_1/20250102T115206Z_20250102T115306Z/KU1_outputs/X_prediction_results.csv
RMF,HE,RMF,0,0.0,0.0,0.0,2025-01-02 11:52:13.390,0.458334,,,2025-01-02 11:52:08.000,2025-01-02 11:53:08.000,eqt_explosions_th0_1/20250102T115208Z_20250102T115308Z/RMF_outputs/X_prediction_results.csv
RMF,HE,RMF,0,0.0,0.0,0.0,,,2025-01-02 11:52:43.400,0.248005,2025-01-02 11:52:08.000,2025-01-02 11:53:08.000,eqt_explosions_th0_1/20250102T115208Z_20250102T115308Z/RMF_outputs/X_prediction_results.csv
KLF,FN,KLF,0,0.0,0.0,0.0,2025-01-02 11:52:16.200,0.215922,,,2025-01-02 11:52:11.000,2025-01-02 11:53:11.000,eqt_explosions_th0_1/20250102T115211Z_20250102T115311Z/KLF_outputs/X_prediction_results.csv
KLF,FN,KLF,0,0.0,0.0,0.0,,,2025-01-02 11:52:50.530,0.325937,2025-01-02 11:52:11.000,2025-01-02 11:53:11.000,eqt_explosions_th0_1/20250102T115211Z_20250102T115311Z/KLF_outputs/X_prediction_results.csv
KAF,HE,KAF,0,0.0,0.0,0.0,2025-01-02 11:52:19.480,0.685702,,,2025-01-02 11:52:14.000,2025-01-02 11:53:14.000,eqt_explosions_th0_1/20250102T115214Z_20250102T115314Z/KAF_outputs/X_prediction_results.csv
KAF,HE,KAF,0,0.0,0.0,0.0,,,2025-01-02 11:52:54.440,0.404733,2025-01-02 11:52:14.000,2025-01-02 11:53:14.000,eqt_explosions_th0_1/20250102T115214Z_20250102T115314Z/KAF_outputs/X_prediction_results.csv
KPF,HE,KPF,0,0.0,0.0,0.0,2025-01-02 11:52:24.780,0.405605,,,2025-01-02 11:52:19.000,2025-01-02 11:53:19.000,eqt_explosions_th0_1/20250102T115219Z_20250102T115319Z/KPF_outputs/X_prediction_results.csv
KEF,HE,KEF,0,0.0,0.0,0.0,,,2025-01-02 11:52:50.530,0.231148,2025-01-02 11:52:45.000,2025-01-02 11:53:45.000,eqt_explosions_th0_1/20250102T115245Z_20250102T115345Z/KEF_outputs/X_prediction_results.csv
VRF,HE,VRF,0,0.0,0.0,0.0,2025-01-02 12:39:46.390,0.954643,2025-01-02 12:39:52.510,0.259829,2025-01-02 12:39:41.000,2025-01-02 12:40:41.000,eqt_explosions_th0_1/20250102T123941Z_20250102T124041Z/VRF_outputs/X_prediction_results.csv
RAJF,FN,RAJF,0,0.0,0.0,0.0,2025-01-02 12:40:01.700,0.884234,2025-01-02 12:40:17.710,0.564111,2025-01-02 12:39:56.000,2025-01-02 12:40:56.000,eqt_explosions_th0_1/20250102T123956Z_20250102T124056Z/RAJF_outputs/X_prediction_results.csv
OLKF,FN,OLKF,0,0.0,0.0,0.0,2025-01-02 12:40:03.810,0.511665,2025-01-02 12:40:20.790,0.358553,2025-01-02 12:39:58.000,2025-01-02 12:40:58.000,eqt_explosions_th0_1/20250102T123958Z_20250102T124058Z/OLKF_outputs/X_prediction_results.csv
KU6,HE,KU6,0,0.0,0.0,0.0,2025-01-02 12:40:08.080,0.543183,2025-01-02 12:40:28.920,0.292605,2025-01-02 12:40:03.000,2025-01-02 12:41:03.000,eqt_explosions_th0_1/20250102T124003Z_20250102T124103Z/KU6_outputs/X_prediction_results.csv
KU2,HE,KU2,0,0.0,0.0,0.0,2025-01-02 12:40:16.900,0.917385,2025-01-02 12:40:43.170,0.23339,2025-01-02 12:40:11.000,2025-01-02 12:41:11.000,eqt_explosions_th0_1/20250102T124011Z_20250102T124111Z/KU2_outputs/X_prediction_results.csv
KU1,HE,KU1,0,0.0,0.0,0.0,2025-01-02 12:40:16.590,0.668241,2025-01-02 12:40:43.840,0.125393,2025-01-02 12:40:11.000,2025-01-02 12:41:11.000,eqt_explosions_th0_1/20250102T124011Z_20250102T124111Z/KU1_outputs/X_prediction_results.csv
KU1,HE,KU1,0,0.0,0.0,0.0,2025-01-02 12:40:17.590,0.165317,,,2025-01-02 12:40:11.000,2025-01-02 12:41:11.000,eqt_explosions_th0_1/20250102T124011Z_20250102T124111Z/KU1_outputs/X_prediction_results.csv
RANF,FN,RANF,0,0.0,0.0,0.0,2025-01-02 12:40:17.760,0.395662,2025-01-02 12:40:45.750,0.227949,2025-01-02 12:40:12.000,2025-01-02 12:41:12.000,eqt_explosions_th0_1/20250102T124012Z_20250102T124112Z/RANF_outputs/X_prediction_results.csv
KLF,FN,KLF,0,0.0,0.0,0.0,2025-01-02 12:40:22.010,0.932991,2025-01-02 12:40:25.750,0.595397,2025-01-02 12:40:16.000,2025-01-02 12:41:16.000,eqt_explosions_th0_1/20250102T124016Z_20250102T124116Z/KLF_outputs/X_prediction_results.csv
KEV,HE,KEV,0,0.0,0.0,0.0,2025-01-02 12:40:23.020,0.885176,,,2025-01-02 12:40:18.000,2025-01-02 12:41:18.000,eqt_explosions_th0_1/20250102T124018Z_20250102T124118Z/KEV_outputs/X_prediction_results.csv
KEV,HE,KEV,0,0.0,0.0,0.0,,,2025-01-02 12:40:54.520,0.410371,2025-01-02 12:40:18.000,2025-01-02 12:41:18.000,eqt_explosions_th0_1/20250102T124018Z_20250102T124118Z/KEV_outputs/X_prediction_results.csv
HEF,HE,HEF,0,0.0,0.0,0.0,2025-01-02 12:40:24.580,0.923294,,,2025-01-02 12:40:19.000,2025-01-02 12:41:19.000,eqt_explosions_th0_1/20250102T124019Z_20250102T124119Z/HEF_outputs/X_prediction_results.csv
HEF,HE,HEF,0,0.0,0.0,0.0,,,2025-01-02 12:41:02.070,0.411287,2025-01-02 12:40:19.000,2025-01-02 12:41:19.000,eqt_explosions_th0_1/20250102T124019Z_20250102T124119Z/HEF_outputs/X_prediction_results.csv
TOF,HE,TOF,0,0.0,0.0,0.0,2025-01-02 12:40:26.390,0.550875,,,2025-01-02 12:40:21.000,2025-01-02 12:41:21.000,eqt_explosions_th0_1/20250102T124021Z_20250102T124121Z/TOF_outputs/X_prediction_results.csv
KIF,HE,KIF,0,0.0,0.0,0.0,2025-01-02 12:40:41.420,0.266208,,,2025-01-02 12:40:36.000,2025-01-02 12:41:36.000,eqt_explosions_th0_1/20250102T124036Z_20250102T124136Z/KIF_outputs/X_prediction_results.csv
KLF,FN,KLF,0,0.0,0.0,0.0,2025-01-02 23:12:52.800,0.46273,2025-01-02 23:13:10.010,0.398472,2025-01-02 23:12:47.000,2025-01-02 23:13:47.000,eqt_explosions_th0_1/20250102T231247Z_20250102T231347Z/KLF_outputs/X_prediction_results.csv
HEF,HE,HEF,0,0.0,0.0,0.0,2025-01-02 23:12:59.290,0.911634,2025-01-02 23:13:21.770,0.334861,2025-01-02 23:12:54.000,2025-01-02 23:13:54.000,eqt_explosions_th0_1/20250102T231254Z_20250102T231354Z/HEF_outputs/X_prediction_results.csv
KIF,HE,KIF,0,0.0,0.0,0.0,2025-01-02 23:13:02.880,0.456193,2025-01-02 23:13:27.900,0.19587,2025-01-02 23:12:57.000,2025-01-02 23:13:57.000,eqt_explosions_th0_1/20250102T231257Z_20250102T231357Z/KIF_outputs/X_prediction_results.csv
TOF,HE,TOF,0,0.0,0.0,0.0,2025-01-02 23:13:02.770,0.224318,2025-01-02 23:13:27.440,0.409269,2025-01-02 23:12:57.000,2025-01-02 23:13:57.000,eqt_explosions_th0_1/20250102T231257Z_20250102T231357Z/TOF_outputs/X_prediction_results.csv
MEF,HE,MEF,0,0.0,0.0,0.0,2025-01-03 08:53:00.860,0.416023,2025-01-03 08:53:02.160,0.842332,2025-01-03 08:52:55.000,2025-01-03 08:53:55.000,eqt_explosions_th0_1/20250103T085255Z_20250103T085355Z/MEF_outputs/X_prediction_results.csv
HEL5,HE,HEL5,0,0.0,0.0,0.0,2025-01-03 08:53:00.580,0.955715,2025-01-03 08:53:02.050,0.854695,2025-01-03 08:52:55.000,2025-01-03 08:53:55.000,eqt_explosions_th0_1/20250103T085255Z_20250103T085355Z/HEL5_outputs/X_prediction_results.csv
LAUT,HE,LAUT,0,0.0,0.0,0.0,2025-01-03 08:53:01.840,0.643718,2025-01-03 08:53:03.720,0.798871,2025-01-03 08:52:56.000,2025-01-03 08:53:56.000,eqt_explosions_th0_1/20250103T085256Z_20250103T085356Z/LAUT_outputs/X_prediction_results.csv
HEL1,HE,HEL1,0,0.0,0.0,0.0,2025-01-03 08:53:01.912,0.928495,2025-01-03 08:53:04.222,0.827881,2025-01-03 08:52:56.000,2025-01-03 08:53:56.000,eqt_explosions_th0_1/20250103T085256Z_20250103T085356Z/HEL1_outputs/X_prediction_results.csv
KUNI,HE,KUNI,0,0.0,0.0,0.0,2025-01-03 08:53:02.910,0.829068,2025-01-03 08:53:05.720,0.714622,2025-01-03 08:52:57.000,2025-01-03 08:53:57.000,eqt_explosions_th0_1/20250103T085257Z_20250103T085357Z/KUNI_outputs/X_prediction_results.csv
VUOS,HE,VUOS,0,0.0,0.0,0.0,2025-01-03 08:53:04.910,0.112718,2025-01-03 08:53:08.320,0.563448,2025-01-03 08:52:59.000,2025-01-03 08:53:59.000,eqt_explosions_th0_1/20250103T085259Z_20250103T085359Z/VUOS_outputs/X_prediction_results.csv
NUR,HE,NUR,0,0.0,0.0,0.0,2025-01-03 08:53:05.550,0.93133,2025-01-03 08:53:10.880,0.541234,2025-01-03 08:53:00.000,2025-01-03 08:54:00.000,eqt_explosions_th0_1/20250103T085300Z_20250103T085400Z/NUR_outputs/X_prediction_results.csv
NIF,HE,NIF,0,0.0,0.0,0.0,2025-01-03 11:41:32.290,0.913326,2025-01-03 11:41:37.010,0.607879,2025-01-03 11:41:27.000,2025-01-03 11:42:27.000,eqt_explosions_th0_1/20250103T114127Z_20250103T114227Z/NIF_outputs/X_prediction_results.csv
SUF,HE,SUF,0,0.0,0.0,0.0,2025-01-03 11:41:43.280,0.952863,2025-01-03 11:41:55.190,0.31387,2025-01-03 11:41:38.000,2025-01-03 11:42:38.000,eqt_explosions_th0_1/20250103T114138Z_20250103T114238Z/SUF_outputs/X_prediction_results.csv
KJNF,HE,KJNF,0,0.0,0.0,0.0,,,2025-01-03 11:42:03.410,0.433647,2025-01-03 11:41:43.000,2025-01-03 11:42:43.000,eqt_explosions_th0_1/20250103T114143Z_20250103T114243Z/KJNF_outputs/X_prediction_results.csv
KAF,HE,KAF,0,0.0,0.0,0.0,2025-01-03 11:41:50.180,0.952622,,,2025-01-03 11:41:45.000,2025-01-03 11:42:45.000,eqt_explosions_th0_1/20250103T114145Z_20250103T114245Z/KAF_outputs/X_prediction_results.csv
RMF,HE,RMF,0,0.0,0.0,0.0,2025-01-03 11:41:54.490,0.942784,2025-01-03 11:42:13.850,0.165526,2025-01-03 11:41:49.000,2025-01-03 11:42:49.000,eqt_explosions_th0_1/20250103T114149Z_20250103T114249Z/RMF_outputs/X_prediction_results.csv
JOF,HE,JOF,0,0.0,0.0,0.0,2025-01-03 11:41:57.570,0.956238,2025-01-03 11:42:19.560,0.284032,2025-01-03 11:41:52.000,2025-01-03 11:42:52.000,eqt_explosions_th0_1/20250103T114152Z_20250103T114252Z/JOF_outputs/X_prediction_results.csv
KEF,HE,KEF,0,0.0,0.0,0.0,2025-01-03 11:41:58.190,0.846356,2025-01-03 11:42:20.710,0.131785,2025-01-03 11:41:53.000,2025-01-03 11:42:53.000,eqt_explosions_th0_1/20250103T114153Z_20250103T114253Z/KEF_outputs/X_prediction_results.csv
RUF,HE,RUF,0,0.0,0.0,0.0,2025-01-03 11:42:00.180,0.65524,2025-01-03 11:42:24.460,0.216571,2025-01-03 11:41:55.000,2025-01-03 11:42:55.000,eqt_explosions_th0_1/20250103T114155Z_20250103T114255Z/RUF_outputs/X_prediction_results.csv
OUF,HE,OUF,0,0.0,0.0,0.0,2025-01-03 11:42:00.580,0.947816,2025-01-03 11:42:25.640,0.280305,2025-01-03 11:41:55.000,2025-01-03 11:42:55.000,eqt_explosions_th0_1/20250103T114155Z_20250103T114255Z/OUF_outputs/X_prediction_results.csv
FIA0,HE,FIA0,0,0.0,0.0,0.0,2025-01-03 11:42:01.900,0.739413,2025-01-03 11:42:26.960,0.194054,2025-01-03 11:41:56.000,2025-01-03 11:42:56.000,eqt_explosions_th0_1/20250103T114156Z_20250103T114256Z/FIA0_outputs/X_prediction_results.csv
OBF0,HE,OBF0,0,0.0,0.0,0.0,2025-01-03 11:42:05.090,0.859571,2025-01-03 11:42:33.050,0.229763,2025-01-03 11:42:00.000,2025-01-03 11:43:00.000,eqt_explosions_th0_1/20250103T114200Z_20250103T114300Z/OBF0_outputs/X_prediction_results.csv
OBF3,HE,OBF3,0,0.0,0.0,0.0,2025-01-03 11:42:06.380,0.84099,2025-01-03 11:42:36.050,0.25072,2025-01-03 11:42:01.000,2025-01-03 11:43:01.000,eqt_explosions_th0_1/20250103T114201Z_20250103T114301Z/OBF3_outputs/X_prediction_results.csv
KY17,HE,KY17,0,0.0,0.0,0.0,2025-01-03 11:42:07.780,0.908761,,,2025-01-03 11:42:02.000,2025-01-03 11:43:02.000,eqt_explosions_th0_1/20250103T114202Z_20250103T114302Z/KY17_outputs/X_prediction_results.csv
KY17,HE,KY17,0,0.0,0.0,0.0,,,2025-01-03 11:42:39.280,0.168062,2025-01-03 11:42:02.000,2025-01-03 11:43:02.000,eqt_explosions_th0_1/20250103T114202Z_20250103T114302Z/KY17_outputs/X_prediction_results.csv
TRE03,HE,TRE03,0,0.0,0.0,0.0,2025-01-03 11:42:08.290,0.882096,2025-01-03 11:42:37.780,0.184799,2025-01-03 11:42:03.000,2025-01-03 11:43:03.000,eqt_explosions_th0_1/20250103T114203Z_20250103T114303Z/TRE03_outputs/X_prediction_results.csv
VAF,HE,VAF,0,0.0,0.0,0.0,2025-01-03 11:42:08.960,0.921923,,,2025-01-03 11:42:03.000,2025-01-03 11:43:03.000,eqt_explosions_th0_1/20250103T114203Z_20250103T114303Z/VAF_outputs/X_prediction_results.csv
VAF,HE,VAF,0,0.0,0.0,0.0,,,2025-01-03 11:42:39.270,0.301738,2025-01-03 11:42:03.000,2025-01-03 11:43:03.000,eqt_explosions_th0_1/20250103T114203Z_20250103T114303Z/VAF_outputs/X_prediction_results.csv
KU1,HE,KU1,0,0.0,0.0,0.0,2025-01-03 11:42:13.250,0.302265,,,2025-01-03 11:42:07.000,2025-01-03 11:43:07.000,eqt_explosions_th0_1/20250103T114207Z_20250103T114307Z/KU1_outputs/X_prediction_results.csv
KU1,HE,KU1,0,0.0,0.0,0.0,2025-01-03 11:42:12.240,0.303815,2025-01-03 11:42:25.420,0.122359,2025-01-03 11:42:07.000,2025-01-03 11:43:07.000,eqt_explosions_th0_1/20250103T114207Z_20250103T114307Z/KU1_outputs/X_prediction_results.csv
KU2,HE,KU2,0,0.0,0.0,0.0,2025-01-03 11:42:12.980,0.612249,,,2025-01-03 11:42:07.000,2025-01-03 11:43:07.000,eqt_explosions_th0_1/20250103T114207Z_20250103T114307Z/KU2_outputs/X_prediction_results.csv
RANF,FN,RANF,0,0.0,0.0,0.0,2025-01-03 11:42:17.100,0.887399,2025-01-03 11:42:20.300,0.180263,2025-01-03 11:42:12.000,2025-01-03 11:43:12.000,eqt_explosions_th0_1/20250103T114212Z_20250103T114312Z/RANF_outputs/X_prediction_results.csv
KPF,HE,KPF,0,0.0,0.0,0.0,2025-01-03 11:42:17.900,0.114049,,,2025-01-03 11:42:12.000,2025-01-03 11:43:12.000,eqt_explosions_th0_1/20250103T114212Z_20250103T114312Z/KPF_outputs/X_prediction_results.csv
KPF,HE,KPF,0,0.0,0.0,0.0,2025-01-03 11:42:18.900,0.106101,,,2025-01-03 11:42:12.000,2025-01-03 11:43:12.000,eqt_explosions_th0_1/20250103T114212Z_20250103T114312Z/KPF_outputs/X_prediction_results.csv
KPF,HE,KPF,0,0.0,0.0,0.0,2025-01-03 11:42:19.900,0.110162,,,2025-01-03 11:42:12.000,2025-01-03 11:43:12.000,eqt_explosions_th0_1/20250103T114212Z_20250103T114312Z/KPF_outputs/X_prediction_results.csv
KPF,HE,KPF,0,0.0,0.0,0.0,2025-01-03 11:42:21.890,0.110758,,,2025-01-03 11:42:12.000,2025-01-03 11:43:12.000,eqt_explosions_th0_1/20250103T114212Z_20250103T114312Z/KPF_outputs/X_prediction_results.csv
RUF,HE,RUF,0,0.0,0.0,0.0,2025-01-03 11:54:12.990,0.945313,2025-01-03 11:54:20.090,0.349862,2025-01-03 11:54:07.000,2025-01-03 11:55:07.000,eqt_explosions_th0_1/20250103T115407Z_20250103T115507Z/RUF_outputs/X_prediction_results.csv
KY17,HE,KY17,0,0.0,0.0,0.0,2025-01-03 11:54:13.180,0.892116,2025-01-03 11:54:21.200,0.551039,2025-01-03 11:54:08.000,2025-01-03 11:55:08.000,eqt_explosions_th0_1/20250103T115408Z_20250103T115508Z/KY17_outputs/X_prediction_results.csv
VJF,HE,VJF,0,0.0,0.0,0.0,2025-01-03 11:54:13.380,0.953896,2025-01-03 11:54:21.620,0.538348,2025-01-03 11:54:08.000,2025-01-03 11:55:08.000,eqt_explosions_th0_1/20250103T115408Z_20250103T115508Z/VJF_outputs/X_prediction_results.csv
FIA0,HE,FIA0,0,0.0,0.0,0.0,2025-01-03 11:54:22.910,0.919255,2025-01-03 11:54:37.710,0.482873,2025-01-03 11:54:17.000,2025-01-03 11:55:17.000,eqt_explosions_th0_1/20250103T115417Z_20250103T115517Z/FIA0_outputs/X_prediction_results.csv
FIA0,HE,FIA0,0,0.0,0.0,0.0,,,2025-01-03 11:54:41.810,0.415155,2025-01-03 11:54:17.000,2025-01-03 11:55:17.000,eqt_explosions_th0_1/20250103T115417Z_20250103T115517Z/FIA0_outputs/X_prediction_results.csv
PVF,HE,PVF,0,0.0,0.0,0.0,2025-01-03 11:54:24.590,0.952298,2025-01-03 11:54:41.820,0.629605,2025-01-03 11:54:19.000,2025-01-03 11:55:19.000,eqt_explosions_th0_1/20250103T115419Z_20250103T115519Z/PVF_outputs/X_prediction_results.csv
KAF,HE,KAF,0,0.0,0.0,0.0,2025-01-03 11:54:28.980,0.923286,2025-01-03 11:54:47.440,0.352424,2025-01-03 11:54:23.000,2025-01-03 11:55:23.000,eqt_explosions_th0_1/20250103T115423Z_20250103T115523Z/KAF_outputs/X_prediction_results.csv
NUR,HE,NUR,0,0.0,0.0,0.0,2025-01-03 11:54:35.370,0.754102,,,2025-01-03 11:54:30.000,2025-01-03 11:55:30.000,eqt_explosions_th0_1/20250103T115430Z_20250103T115530Z/NUR_outputs/X_prediction_results.csv
MEF,HE,MEF,0,0.0,0.0,0.0,2025-01-03 11:54:38.980,0.228178,,,2025-01-03 11:54:33.000,2025-01-03 11:55:33.000,eqt_explosions_th0_1/20250103T115433Z_20250103T115533Z/MEF_outputs/X_prediction_results.csv
TRE03,HE,TRE03,0,0.0,0.0,0.0,2025-01-03 11:54:38.780,0.87304,2025-01-03 11:55:06.340,0.214813,2025-01-03 11:54:33.000,2025-01-03 11:55:33.000,eqt_explosions_th0_1/20250103T115433Z_20250103T115533Z/TRE03_outputs/X_prediction_results.csv
SUF,HE,SUF,0,0.0,0.0,0.0,2025-01-03 11:54:38.380,0.847826,2025-01-03 11:55:04.440,0.239806,2025-01-03 11:54:33.000,2025-01-03 11:55:33.000,eqt_explosions_th0_1/20250103T115433Z_20250103T115533Z/SUF_outputs/X_prediction_results.csv
KEF,HE,KEF,0,0.0,0.0,0.0,2025-01-03 11:54:38.790,0.319054,2025-01-03 11:55:05.490,0.297171,2025-01-03 11:54:33.000,2025-01-03 11:55:33.000,eqt_explosions_th0_1/20250103T115433Z_20250103T115533Z/KEF_outputs/X_prediction_results.csv
KORF,HE,KORF,0,0.0,0.0,0.0,2025-01-03 12:04:11.910,0.714996,2025-01-03 12:04:18.140,0.356516,2025-01-03 12:04:06.000,2025-01-03 12:05:06.000,eqt_explosions_th0_1/20250103T120406Z_20250103T120506Z/KORF_outputs/X_prediction_results.csv
TVF,HE,TVF,0,0.0,0.0,0.0,2025-01-03 12:04:16.490,0.406633,2025-01-03 12:04:24.640,0.616737,2025-01-03 12:04:11.000,2025-01-03 12:05:11.000,eqt_explosions_th0_1/20250103T120411Z_20250103T120511Z/TVF_outputs/X_prediction_results.csv
RAF,HE,RAF,0,0.0,0.0,0.0,2025-01-03 12:04:18.030,0.905336,2025-01-03 12:04:28.240,0.75796,2025-01-03 12:04:13.000,2025-01-03 12:05:13.000,eqt_explosions_th0_1/20250103T120413Z_20250103T120513Z/RAF_outputs/X_prediction_results.csv
ECKF,HE,ECKF,0,0.0,0.0,0.0,2025-01-03 12:04:29.572,0.2556,2025-01-03 12:04:50.352,0.362591,2025-01-03 12:04:24.000,2025-01-03 12:05:24.000,eqt_explosions_th0_1/20250103T120424Z_20250103T120524Z/ECKF_outputs/X_prediction_results.csv
KPF,HE,KPF,0,0.0,0.0,0.0,2025-01-03 12:04:31.890,0.739313,2025-01-03 12:04:52.370,0.50406,2025-01-03 12:04:26.000,2025-01-03 12:05:26.000,eqt_explosions_th0_1/20250103T120426Z_20250103T120526Z/KPF_outputs/X_prediction_results.csv
FIA0,HE,FIA0,0,0.0,0.0,0.0,2025-01-03 12:04:56.490,0.142749,,,2025-01-03 12:04:37.000,2025-01-03 12:05:37.000,eqt_explosions_th0_1/20250103T120437Z_20250103T120537Z/FIA0_outputs/X_prediction_results.csv
FIA0,HE,FIA0,0,0.0,0.0,0.0,2025-01-03 12:04:57.090,0.158095,,,2025-01-03 12:04:37.000,2025-01-03 12:05:37.000,eqt_explosions_th0_1/20250103T120437Z_20250103T120537Z/FIA0_outputs/X_prediction_results.csv
AAL,UP,AAL,0,0.0,0.0,0.0,,,2025-01-03 12:04:45.920,0.15102,2025-01-03 12:04:40.000,2025-01-03 12:05:40.000,eqt_explosions_th0_1/20250103T120440Z_20250103T120540Z/AAL_outputs/X_prediction_results.csv
KJNF,HE,KJNF,0,0.0,0.0,0.0,2025-01-03 12:30:10.340,0.931651,2025-01-03 12:30:14.990,0.716028,2025-01-03 12:30:05.000,2025-01-03 12:31:05.000,eqt_explosions_th0_1/20250103T123005Z_20250103T123105Z/KJNF_outputs/X_prediction_results.csv
NIF,HE,NIF,0,0.0,0.0,0.0,2025-01-03 12:30:14.918,0.894886,2025-01-03 12:30:22.958,0.767946,2025-01-03 12:30:09.000,2025-01-03 12:31:09.000,eqt_explosions_th0_1/20250103T123009Z_20250103T123109Z/NIF_outputs/X_prediction_results.csv
RMF,HE,RMF,0,0.0,0.0,0.0,2025-01-03 12:30:19.704,0.883319,2025-01-03 12:30:30.094,0.384678,2025-01-03 12:30:14.000,2025-01-03 12:31:14.000,eqt_explosions_th0_1/20250103T123014Z_20250103T123114Z/RMF_outputs/X_prediction_results.csv
OUF,HE,OUF,0,0.0,0.0,0.0,2025-01-03 12:30:31.600,0.952417,2025-01-03 12:30:51.350,0.468551,2025-01-03 12:30:26.000,2025-01-03 12:31:26.000,eqt_explosions_th0_1/20250103T123026Z_20250103T123126Z/OUF_outputs/X_prediction_results.csv
SUF,HE,SUF,0,0.0,0.0,0.0,2025-01-03 12:30:31.736,0.95142,2025-01-03 12:30:52.736,0.212946,2025-01-03 12:30:26.000,2025-01-03 12:31:26.000,eqt_explosions_th0_1/20250103T123026Z_20250103T123126Z/SUF_outputs/X_prediction_results.csv
OBF3,HE,OBF3,0,0.0,0.0,0.0,2025-01-03 12:30:34.768,0.922649,2025-01-03 12:30:56.678,0.200362,2025-01-03 12:30:29.000,2025-01-03 12:31:29.000,eqt_explosions_th0_1/20250103T123029Z_20250103T123129Z/OBF3_outputs/X_prediction_results.csv
KU2,HE,KU2,0,0.0,0.0,0.0,2025-01-03 12:30:35.220,0.941377,2025-01-03 12:30:58.210,0.360009,2025-01-03 12:30:30.000,2025-01-03 12:31:30.000,eqt_explosions_th0_1/20250103T123030Z_20250103T123130Z/KU2_outputs/X_prediction_results.csv
OBF0,HE,OBF0,0,0.0,0.0,0.0,2025-01-03 12:30:35.720,0.954244,2025-01-03 12:30:59.120,0.580483,2025-01-03 12:30:30.000,2025-01-03 12:31:30.000,eqt_explosions_th0_1/20250103T123030Z_20250103T123130Z/OBF0_outputs/X_prediction_results.csv
KU1,HE,KU1,0,0.0,0.0,0.0,2025-01-03 12:30:35.040,0.868893,2025-01-03 12:30:57.190,0.144655,2025-01-03 12:30:30.000,2025-01-03 12:31:30.000,eqt_explosions_th0_1/20250103T123030Z_20250103T123130Z/KU1_outputs/X_prediction_results.csv
JOF,HE,JOF,0,0.0,0.0,0.0,2025-01-03 12:30:36.130,0.958159,2025-01-03 12:30:59.720,0.306475,2025-01-03 12:30:31.000,2025-01-03 12:31:31.000,eqt_explosions_th0_1/20250103T123031Z_20250103T123131Z/JOF_outputs/X_prediction_results.csv
ALAJF,HE,ALAJF,0,0.0,0.0,0.0,2025-01-03 12:30:39.640,0.954349,2025-01-03 12:31:06.500,0.255908,2025-01-03 12:30:34.000,2025-01-03 12:31:34.000,eqt_explosions_th0_1/20250103T123034Z_20250103T123134Z/ALAJF_outputs/X_prediction_results.csv
KAF,HE,KAF,0,0.0,0.0,0.0,2025-01-03 12:30:40.380,0.955697,2025-01-03 12:31:07.440,0.183564,2025-01-03 12:30:35.000,2025-01-03 12:31:35.000,eqt_explosions_th0_1/20250103T123035Z_20250103T123135Z/KAF_outputs/X_prediction_results.csv
OBF8,HE,OBF8,0,0.0,0.0,0.0,2025-01-03 12:30:40.468,0.932218,,,2025-01-03 12:30:35.000,2025-01-03 12:31:35.000,eqt_explosions_th0_1/20250103T123035Z_20250103T123135Z/OBF8_outputs/X_prediction_results.csv
OBF8,HE,OBF8,0,0.0,0.0,0.0,,,2025-01-03 12:31:10.888,0.281944,2025-01-03 12:30:35.000,2025-01-03 12:31:35.000,eqt_explosions_th0_1/20250103T123035Z_20250103T123135Z/OBF8_outputs/X_prediction_results.csv
RANF,FN,RANF,0,0.0,0.0,0.0,,,2025-01-03 12:31:09.190,0.222165,2025-01-03 12:30:37.000,2025-01-03 12:31:37.000,eqt_explosions_th0_1/20250103T123037Z_20250103T123137Z/RANF_outputs/X_prediction_results.csv
KU6,HE,KU6,0,0.0,0.0,0.0,2025-01-03 12:30:42.740,0.949541,2025-01-03 12:31:10.780,0.168822,2025-01-03 12:30:37.000,2025-01-03 12:31:37.000,eqt_explosions_th0_1/20250103T123037Z_20250103T123137Z/KU6_outputs/X_prediction_results.csv
HEL1,HE,HEL1,0,0.0,0.0,0.0,2025-01-03 13:43:38.960,0.863114,2025-01-03 13:43:39.650,0.864315,2025-01-03 13:43:33.000,2025-01-03 13:44:33.000,eqt_explosions_th0_1/20250103T134333Z_20250103T134433Z/HEL1_outputs/X_prediction_results.csv
RSUO,HE,RSUO,0,0.0,0.0,0.0,2025-01-03 13:43:38.504,0.919248,2025-01-03 13:43:38.864,0.86058,2025-01-03 13:43:33.000,2025-01-03 13:44:33.000,eqt_explosions_th0_1/20250103T134333Z_20250103T134433Z/RSUO_outputs/X_prediction_results.csv
KUNI,HE,KUNI,0,0.0,0.0,0.0,2025-01-03 13:43:39.000,0.883484,2025-01-03 13:43:39.750,0.817901,2025-01-03 13:43:33.000,2025-01-03 13:44:33.000,eqt_explosions_th0_1/20250103T134333Z_20250103T134433Z/KUNI_outputs/X_prediction_results.csv
LAUT,HE,LAUT,0,0.0,0.0,0.0,,,2025-01-03 13:43:40.428,0.685947,2025-01-03 13:43:34.000,2025-01-03 13:44:34.000,eqt_explosions_th0_1/20250103T134334Z_20250103T134434Z/LAUT_outputs/X_prediction_results.csv
HEL5,HE,HEL5,0,0.0,0.0,0.0,2025-01-03 13:43:40.460,0.954316,2025-01-03 13:43:42.220,0.742304,2025-01-03 13:43:35.000,2025-01-03 13:44:35.000,eqt_explosions_th0_1/20250103T134335Z_20250103T134435Z/HEL5_outputs/X_prediction_results.csv
VUOS,HE,VUOS,0,0.0,0.0,0.0,2025-01-03 13:43:40.658,0.940727,2025-01-03 13:43:42.608,0.812436,2025-01-03 13:43:35.000,2025-01-03 13:44:35.000,eqt_explosions_th0_1/20250103T134335Z_20250103T134435Z/VUOS_outputs/X_prediction_results.csv
VRF,HE,VRF,0,0.0,0.0,0.0,2025-01-03 20:05:29.390,0.172661,2025-01-03 20:05:49.200,0.19179,2025-01-03 20:05:24.000,2025-01-03 20:06:24.000,eqt_explosions_th0_1/20250103T200524Z_20250103T200624Z/VRF_outputs/X_prediction_results.csv
VRF,HE,VRF,0,0.0,0.0,0.0,2025-01-03 20:09:27.340,0.311493,2025-01-03 20:09:48.810,0.227315,2025-01-03 20:09:22.000,2025-01-03 20:10:22.000,eqt_explosions_th0_1/20250103T200922Z_20250103T201022Z/VRF_outputs/X_prediction_results.csv
RAJF,FN,RAJF,0,0.0,0.0,0.0,2025-01-03 20:09:37.040,0.107228,2025-01-03 20:10:04.710,0.208596,2025-01-03 20:09:31.000,2025-01-03 20:10:31.000,eqt_explosions_th0_1/20250103T200931Z_20250103T201031Z/RAJF_outputs/X_prediction_results.csv
OLKF,FN,OLKF,0,0.0,0.0,0.0,2025-01-03 20:09:37.300,0.804097,2025-01-03 20:10:05.660,0.533663,2025-01-03 20:09:32.000,2025-01-03 20:10:32.000,eqt_explosions_th0_1/20250103T200932Z_20250103T201032Z/OLKF_outputs/X_prediction_results.csv
OLKF,FN,OLKF,0,0.0,0.0,0.0,2025-01-03 20:09:38.310,0.240218,,,2025-01-03 20:09:32.000,2025-01-03 20:10:32.000,eqt_explosions_th0_1/20250103T200932Z_20250103T201032Z/OLKF_outputs/X_prediction_results.csv
OLKF,FN,OLKF,0,0.0,0.0,0.0,2025-01-03 20:09:41.310,0.112344,,,2025-01-03 20:09:32.000,2025-01-03 20:10:32.000,eqt_explosions_th0_1/20250103T200932Z_20250103T201032Z/OLKF_outputs/X_prediction_results.csv
KU6,HE,KU6,0,0.0,0.0,0.0,,,2025-01-03 20:10:07.100,0.388482,2025-01-03 20:09:33.000,2025-01-03 20:10:33.000,eqt_explosions_th0_1/20250103T200933Z_20250103T201033Z/KU6_outputs/X_prediction_results.csv
KEV,HE,KEV,0,0.0,0.0,0.0,,,2025-01-03 20:10:29.780,0.20717,2025-01-03 20:09:45.000,2025-01-03 20:10:45.000,eqt_explosions_th0_1/20250103T200945Z_20250103T201045Z/KEV_outputs/X_prediction_results.csv
KEV,HE,KEV,0,0.0,0.0,0.0,2025-01-03 20:09:50.810,0.930853,,,2025-01-03 20:09:45.000,2025-01-03 20:10:45.000,eqt_explosions_th0_1/20250103T200945Z_20250103T201045Z/KEV_outputs/X_prediction_results.csv
VRF,HE,VRF,0,0.0,0.0,0.0,2025-01-03 20:29:43.080,0.328715,2025-01-03 20:30:03.690,0.317827,2025-01-03 20:29:38.000,2025-01-03 20:30:38.000,eqt_explosions_th0_1/20250103T202938Z_20250103T203038Z/VRF_outputs/X_prediction_results.csv
RAJF,FN,RAJF,0,0.0,0.0,0.0,2025-01-03 20:29:52.750,0.281325,2025-01-03 20:30:20.290,0.294179,2025-01-03 20:29:47.000,2025-01-03 20:30:47.000,eqt_explosions_th0_1/20250103T202947Z_20250103T203047Z/RAJF_outputs/X_prediction_results.csv
KU6,HE,KU6,0,0.0,0.0,0.0,2025-01-03 20:29:53.410,0.683199,2025-01-03 20:30:22.630,0.336193,2025-01-03 20:29:48.000,2025-01-03 20:30:48.000,eqt_explosions_th0_1/20250103T202948Z_20250103T203048Z/KU6_outputs/X_prediction_results.csv
OLKF,FN,OLKF,0,0.0,0.0,0.0,2025-01-03 20:29:53.050,0.322078,2025-01-03 20:30:21.370,0.320357,2025-01-03 20:29:48.000,2025-01-03 20:30:48.000,eqt_explosions_th0_1/20250103T202948Z_20250103T203048Z/OLKF_outputs/X_prediction_results.csv
OLKF,FN,OLKF,0,0.0,0.0,0.0,2025-01-03 20:29:54.050,0.292786,,,2025-01-03 20:29:48.000,2025-01-03 20:30:48.000,eqt_explosions_th0_1/20250103T202948Z_20250103T203048Z/OLKF_outputs/X_prediction_results.csv
KEV,HE,KEV,0,0.0,0.0,0.0,2025-01-03 20:30:06.680,0.839129,,,2025-01-03 20:30:01.000,2025-01-03 20:31:01.000,eqt_explosions_th0_1/20250103T203001Z_20250103T203101Z/KEV_outputs/X_prediction_results.csv
KEV,HE,KEV,0,0.0,0.0,0.0,,,2025-01-03 20:30:45.260,0.379573,2025-01-03 20:30:01.000,2025-01-03 20:31:01.000,eqt_explosions_th0_1/20250103T203001Z_20250103T203101Z/KEV_outputs/X_prediction_results.csv
VRF,HE,VRF,0,0.0,0.0,0.0,2025-01-04 11:06:43.690,0.9489,2025-01-04 11:06:48.970,0.28089,2025-01-04 11:06:38.000,2025-01-04 11:07:38.000,eqt_explosions_th0_1/20250104T110638Z_20250104T110738Z/VRF_outputs/X_prediction_results.csv
RAJF,FN,RAJF,0,0.0,0.0,0.0,2025-01-04 11:06:58.910,0.952943,2025-01-04 11:07:14.840,0.298339,2025-01-04 11:06:53.000,2025-01-04 11:07:53.000,eqt_explosions_th0_1/20250104T110653Z_20250104T110753Z/RAJF_outputs/X_prediction_results.csv
OLKF,FN,OLKF,0,0.0,0.0,0.0,2025-01-04 11:07:00.700,0.810634,2025-01-04 11:07:19.920,0.102666,2025-01-04 11:06:55.000,2025-01-04 11:07:55.000,eqt_explosions_th0_1/20250104T110655Z_20250104T110755Z/OLKF_outputs/X_prediction_results.csv
KU6,HE,KU6,0,0.0,0.0,0.0,2025-01-04 11:07:04.880,0.955472,2025-01-04 11:07:25.230,0.186323,2025-01-04 11:06:59.000,2025-01-04 11:07:59.000,eqt_explosions_th0_1/20250104T110659Z_20250104T110759Z/KU6_outputs/X_prediction_results.csv
KU1,HE,KU1,0,0.0,0.0,0.0,2025-01-04 11:07:13.170,0.948073,2025-01-04 11:07:39.830,0.150548,2025-01-04 11:07:08.000,2025-01-04 11:08:08.000,eqt_explosions_th0_1/20250104T110708Z_20250104T110808Z/KU1_outputs/X_prediction_results.csv
KU2,HE,KU2,0,0.0,0.0,0.0,2025-01-04 11:07:13.500,0.91589,2025-01-04 11:07:40.460,0.206859,2025-01-04 11:07:08.000,2025-01-04 11:08:08.000,eqt_explosions_th0_1/20250104T110708Z_20250104T110808Z/KU2_outputs/X_prediction_results.csv
RANF,FN,RANF,0,0.0,0.0,0.0,2025-01-04 11:07:14.400,0.528577,2025-01-04 11:07:41.540,0.306656,2025-01-04 11:07:09.000,2025-01-04 11:08:09.000,eqt_explosions_th0_1/20250104T110709Z_20250104T110809Z/RANF_outputs/X_prediction_results.csv
KEV,HE,KEV,0,0.0,0.0,0.0,2025-01-04 11:07:19.860,0.904826,,,2025-01-04 11:07:14.000,2025-01-04 11:08:14.000,eqt_explosions_th0_1/20250104T110714Z_20250104T110814Z/KEV_outputs/X_prediction_results.csv
KEV,HE,KEV,0,0.0,0.0,0.0,,,2025-01-04 11:07:54.590,0.352177,2025-01-04 11:07:14.000,2025-01-04 11:08:14.000,eqt_explosions_th0_1/20250104T110714Z_20250104T110814Z/KEV_outputs/X_prediction_results.csv
KLF,FN,KLF,0,0.0,0.0,0.0,2025-01-04 11:07:19.100,0.934439,,,2025-01-04 11:07:14.000,2025-01-04 11:08:14.000,eqt_explosions_th0_1/20250104T110714Z_20250104T110814Z/KLF_outputs/X_prediction_results.csv
KLF,FN,KLF,0,0.0,0.0,0.0,,,2025-01-04 11:07:54.020,0.113597,2025-01-04 11:07:14.000,2025-01-04 11:08:14.000,eqt_explosions_th0_1/20250104T110714Z_20250104T110814Z/KLF_outputs/X_prediction_results.csv
HEF,HE,HEF,0,0.0,0.0,0.0,2025-01-04 11:07:21.680,0.621859,,,2025-01-04 11:07:16.000,2025-01-04 11:08:16.000,eqt_explosions_th0_1/20250104T110716Z_20250104T110816Z/HEF_outputs/X_prediction_results.csv
HEF,HE,HEF,0,0.0,0.0,0.0,,,2025-01-04 11:07:58.420,0.284687,2025-01-04 11:07:16.000,2025-01-04 11:08:16.000,eqt_explosions_th0_1/20250104T110716Z_20250104T110816Z/HEF_outputs/X_prediction_results.csv
TOF,HE,TOF,0,0.0,0.0,0.0,2025-01-04 11:07:22.930,0.834001,2025-01-04 11:07:31.800,0.247809,2025-01-04 11:07:17.000,2025-01-04 11:08:17.000,eqt_explosions_th0_1/20250104T110717Z_20250104T110817Z/TOF_outputs/X_prediction_results.csv
OBF3,HE,OBF3,0,0.0,0.0,0.0,2025-01-04 11:07:34.000,0.649425,2025-01-04 11:07:42.330,0.175848,2025-01-04 11:07:29.000,2025-01-04 11:08:29.000,eqt_explosions_th0_1/20250104T110729Z_20250104T110829Z/OBF3_outputs/X_prediction_results.csv
KIF,HE,KIF,0,0.0,0.0,0.0,2025-01-04 11:07:37.890,0.622775,2025-01-04 11:07:47.190,0.234,2025-01-04 11:07:32.000,2025-01-04 11:08:32.000,eqt_explosions_th0_1/20250104T110732Z_20250104T110832Z/KIF_outputs/X_prediction_results.csv
KIF,HE,KIF,0,0.0,0.0,0.0,2025-01-04 11:07:38.880,0.164046,,,2025-01-04 11:07:32.000,2025-01-04 11:08:32.000,eqt_explosions_th0_1/20250104T110732Z_20250104T110832Z/KIF_outputs/X_prediction_results.csv
OUF,HE,OUF,0,0.0,0.0,0.0,2025-01-04 11:07:38.390,0.900846,2025-01-04 11:07:47.080,0.366918,2025-01-04 11:07:33.000,2025-01-04 11:08:33.000,eqt_explosions_th0_1/20250104T110733Z_20250104T110833Z/OUF_outputs/X_prediction_results.csv
KLF,FN,KLF,0,0.0,0.0,0.0,2025-01-04 13:15:16.100,0.929589,2025-01-04 13:15:21.020,0.210591,2025-01-04 13:15:11.000,2025-01-04 13:16:11.000,eqt_explosions_th0_1/20250104T131511Z_20250104T131611Z/KLF_outputs/X_prediction_results.csv
HEF,HE,HEF,0,0.0,0.0,0.0,2025-01-04 13:15:28.890,0.951614,2025-01-04 13:15:44.720,0.134984,2025-01-04 13:15:23.000,2025-01-04 13:16:23.000,eqt_explosions_th0_1/20250104T131523Z_20250104T131623Z/HEF_outputs/X_prediction_results.csv
TOF,HE,TOF,0,0.0,0.0,0.0,2025-01-04 13:15:35.930,0.930679,2025-01-04 13:15:55.820,0.180645,2025-01-04 13:15:30.000,2025-01-04 13:16:30.000,eqt_explosions_th0_1/20250104T131530Z_20250104T131630Z/TOF_outputs/X_prediction_results.csv
KIF,HE,KIF,0,0.0,0.0,0.0,2025-01-04 13:15:44.540,0.913357,2025-01-04 13:16:09.190,0.208452,2025-01-04 13:15:39.000,2025-01-04 13:16:39.000,eqt_explosions_th0_1/20250104T131539Z_20250104T131639Z/KIF_outputs/X_prediction_results.csv
RANF,FN,RANF,0,0.0,0.0,0.0,2025-01-04 13:15:45.710,0.958297,2025-01-04 13:16:11.240,0.23913,2025-01-04 13:15:40.000,2025-01-04 13:16:40.000,eqt_explosions_th0_1/20250104T131540Z_20250104T131640Z/RANF_outputs/X_prediction_results.csv
RAJF,FN,RAJF,0,0.0,0.0,0.0,2025-01-04 13:15:47.750,0.918095,2025-01-04 13:16:17.420,0.265807,2025-01-04 13:15:42.000,2025-01-04 13:16:42.000,eqt_explosions_th0_1/20250104T131542Z_20250104T131642Z/RAJF_outputs/X_prediction_results.csv
VRF,HE,VRF,0,0.0,0.0,0.0,2025-01-04 13:15:52.790,0.306018,,,2025-01-04 13:15:47.000,2025-01-04 13:16:47.000,eqt_explosions_th0_1/20250104T131547Z_20250104T131647Z/VRF_outputs/X_prediction_results.csv
KEV,HE,KEV,0,0.0,0.0,0.0,2025-01-04 13:15:55.580,0.565692,,,2025-01-04 13:15:50.000,2025-01-04 13:16:50.000,eqt_explosions_th0_1/20250104T131550Z_20250104T131650Z/KEV_outputs/X_prediction_results.csv
KEV,HE,KEV,0,0.0,0.0,0.0,,,2025-01-04 13:16:30.770,0.293151,2025-01-04 13:15:50.000,2025-01-04 13:16:50.000,eqt_explosions_th0_1/20250104T131550Z_20250104T131650Z/KEV_outputs/X_prediction_results.csv
OLKF,FN,OLKF,0,0.0,0.0,0.0,,,2025-01-04 13:16:31.850,0.555274,2025-01-04 13:15:50.000,2025-01-04 13:16:50.000,eqt_explosions_th0_1/20250104T131550Z_20250104T131650Z/OLKF_outputs/X_prediction_results.csv
OBF3,HE,OBF3,0,0.0,0.0,0.0,2025-01-04 13:15:56.190,0.333374,,,2025-01-04 13:15:51.000,2025-01-04 13:16:51.000,eqt_explosions_th0_1/20250104T131551Z_20250104T131651Z/OBF3_outputs/X_prediction_results.csv
OBF3,HE,OBF3,0,0.0,0.0,0.0,2025-01-04 13:15:57.190,0.351765,,,2025-01-04 13:15:51.000,2025-01-04 13:16:51.000,eqt_explosions_th0_1/20250104T131551Z_20250104T131651Z/OBF3_outputs/X_prediction_results.csv
KU6,HE,KU6,0,0.0,0.0,0.0,2025-01-04 13:15:59.440,0.916758,,,2025-01-04 13:15:54.000,2025-01-04 13:16:54.000,eqt_explosions_th0_1/20250104T131554Z_20250104T131654Z/KU6_outputs/X_prediction_results.csv
KU1,HE,KU1,0,0.0,0.0,0.0,,,2025-01-04 13:16:38.760,0.424485,2025-01-04 13:15:56.000,2025-01-04 13:16:56.000,eqt_explosions_th0_1/20250104T131556Z_20250104T131656Z/KU1_outputs/X_prediction_results.csv
KU1,HE,KU1,0,0.0,0.0,0.0,2025-01-04 13:16:01.590,0.658688,,,2025-01-04 13:15:56.000,2025-01-04 13:16:56.000,eqt_explosions_th0_1/20250104T131556Z_20250104T131656Z/KU1_outputs/X_prediction_results.csv
OUF,HE,OUF,0,0.0,0.0,0.0,2025-01-04 13:16:03.080,0.370727,,,2025-01-04 13:15:58.000,2025-01-04 13:16:58.000,eqt_explosions_th0_1/20250104T131558Z_20250104T131658Z/OUF_outputs/X_prediction_results.csv
OUF,HE,OUF,0,0.0,0.0,0.0,,,2025-01-04 13:16:40.820,0.226811,2025-01-04 13:15:58.000,2025-01-04 13:16:58.000,eqt_explosions_th0_1/20250104T131558Z_20250104T131658Z/OUF_outputs/X_prediction_results.csv
VRF,HE,VRF,0,0.0,0.0,0.0,2025-01-04 20:18:19.760,0.766735,2025-01-04 20:18:39.740,0.256382,2025-01-04 20:18:14.000,2025-01-04 20:19:14.000,eqt_explosions_th0_1/20250104T201814Z_20250104T201914Z/VRF_outputs/X_prediction_results.csv
OLKF,FN,OLKF,0,0.0,0.0,0.0,2025-01-04 20:18:30.100,0.333167,2025-01-04 20:18:58.460,0.349805,2025-01-04 20:18:25.000,2025-01-04 20:19:25.000,eqt_explosions_th0_1/20250104T201825Z_20250104T201925Z/OLKF_outputs/X_prediction_results.csv
KU6,HE,KU6,0,0.0,0.0,0.0,2025-01-04 20:18:31.360,0.411059,2025-01-04 20:18:59.520,0.357955,2025-01-04 20:18:26.000,2025-01-04 20:19:26.000,eqt_explosions_th0_1/20250104T201826Z_20250104T201926Z/KU6_outputs/X_prediction_results.csv
KEV,HE,KEV,0,0.0,0.0,0.0,2025-01-04 20:18:43.680,0.230164,,,2025-01-04 20:18:38.000,2025-01-04 20:19:38.000,eqt_explosions_th0_1/20250104T201838Z_20250104T201938Z/KEV_outputs/X_prediction_results.csv
KEV,HE,KEV,0,0.0,0.0,0.0,,,2025-01-04 20:19:22.220,0.347331,2025-01-04 20:18:38.000,2025-01-04 20:19:38.000,eqt_explosions_th0_1/20250104T201838Z_20250104T201938Z/KEV_outputs/X_prediction_results.csv
VRF,HE,VRF,0,0.0,0.0,0.0,2025-01-05 00:32:07.680,0.508488,2025-01-05 00:32:28.140,0.408352,2025-01-05 00:32:02.000,2025-01-05 00:33:02.000,eqt_explosions_th0_1/20250105T003202Z_20250105T003302Z/VRF_outputs/X_prediction_results.csv
RAJF,FN,RAJF,0,0.0,0.0,0.0,,,2025-01-05 00:32:44.620,0.336208,2025-01-05 00:32:12.000,2025-01-05 00:33:12.000,eqt_explosions_th0_1/20250105T003212Z_20250105T003312Z/RAJF_outputs/X_prediction_results.csv
KU6,HE,KU6,0,0.0,0.0,0.0,2025-01-05 00:32:18.330,0.315134,2025-01-05 00:32:47.260,0.231335,2025-01-05 00:32:13.000,2025-01-05 00:33:13.000,eqt_explosions_th0_1/20250105T003213Z_20250105T003313Z/KU6_outputs/X_prediction_results.csv
KU6,HE,KU6,0,0.0,0.0,0.0,2025-01-05 00:32:47.230,0.506541,2025-01-05 00:32:58.700,0.667856,2025-01-05 00:32:13.000,2025-01-05 00:33:13.000,eqt_explosions_th0_1/20250105T003213Z_20250105T003313Z/KU6_outputs/X_prediction_results.csv
KEV,HE,KEV,0,0.0,0.0,0.0,2025-01-05 00:32:31.200,0.890669,,,2025-01-05 00:32:26.000,2025-01-05 00:33:26.000,eqt_explosions_th0_1/20250105T003226Z_20250105T003326Z/KEV_outputs/X_prediction_results.csv
KEV,HE,KEV,0,0.0,0.0,0.0,,,2025-01-05 00:33:09.140,0.312489,2025-01-05 00:32:26.000,2025-01-05 00:33:26.000,eqt_explosions_th0_1/20250105T003226Z_20250105T003326Z/KEV_outputs/X_prediction_results.csv
HEF,HE,HEF,0,0.0,0.0,0.0,2025-01-05 00:33:26.570,0.254607,,,2025-01-05 00:33:21.000,2025-01-05 00:34:21.000,eqt_explosions_th0_1/20250105T003321Z_20250105T003421Z/HEF_outputs/X_prediction_results.csv
KU6,HE,KU6,0,0.0,0.0,0.0,,,2025-01-05 00:33:56.440,0.312962,2025-01-05 00:33:22.000,2025-01-05 00:34:22.000,eqt_explosions_th0_1/20250105T003322Z_20250105T003422Z/KU6_outputs/X_prediction_results.csv
OLKF,FN,OLKF,0,0.0,0.0,0.0,,,2025-01-05 00:33:54.960,0.230964,2025-01-05 00:33:22.000,2025-01-05 00:34:22.000,eqt_explosions_th0_1/20250105T003322Z_20250105T003422Z/OLKF_outputs/X_prediction_results.csv
VRF,HE,VRF,0,0.0,0.0,0.0,,,2025-01-05 00:33:37.400,0.375273,2025-01-05 00:33:32.000,2025-01-05 00:34:32.000,eqt_explosions_th0_1/20250105T003332Z_20250105T003432Z/VRF_outputs/X_prediction_results.csv
RANF,FN,RANF,0,0.0,0.0,0.0,2025-01-05 00:33:43.350,0.247105,,,2025-01-05 00:33:38.000,2025-01-05 00:34:38.000,eqt_explosions_th0_1/20250105T003338Z_20250105T003438Z/RANF_outputs/X_prediction_results.csv
HEF,HE,HEF,0,0.0,0.0,0.0,2025-01-05 00:34:34.020,0.254655,2025-01-05 00:34:47.380,0.346999,2025-01-05 00:34:29.000,2025-01-05 00:35:29.000,eqt_explosions_th0_1/20250105T003429Z_20250105T003529Z/HEF_outputs/X_prediction_results.csv
RAJF,FN,RAJF,0,0.0,0.0,0.0,2025-01-05 16:09:28.980,0.118294,2025-01-05 16:09:50.010,0.578298,2025-01-05 16:09:23.000,2025-01-05 16:10:23.000,eqt_explosions_th0_1/20250105T160923Z_20250105T161023Z/RAJF_outputs/X_prediction_results.csv
KEV,HE,KEV,0,0.0,0.0,0.0,2025-01-05 16:09:30.360,0.80707,2025-01-05 16:09:47.820,0.542129,2025-01-05 16:09:25.000,2025-01-05 16:10:25.000,eqt_explosions_th0_1/20250105T160925Z_20250105T161025Z/KEV_outputs/X_prediction_results.csv
HEF,HE,HEF,0,0.0,0.0,0.0,2025-01-05 16:48:12.630,0.24103,2025-01-05 16:48:24.050,0.488123,2025-01-05 16:48:07.000,2025-01-05 16:49:07.000,eqt_explosions_th0_1/20250105T164807Z_20250105T164907Z/HEF_outputs/X_prediction_results.csv
KLF,FN,KLF,0,0.0,0.0,0.0,2025-01-05 16:48:13.810,0.263019,2025-01-05 16:48:24.730,0.116283,2025-01-05 16:48:08.000,2025-01-05 16:49:08.000,eqt_explosions_th0_1/20250105T164808Z_20250105T164908Z/KLF_outputs/X_prediction_results.csv
KEV,HE,KEV,0,0.0,0.0,0.0,2025-01-05 16:48:32.510,0.575803,2025-01-05 16:48:57.900,0.404996,2025-01-05 16:48:27.000,2025-01-05 16:49:27.000,eqt_explosions_th0_1/20250105T164827Z_20250105T164927Z/KEV_outputs/X_prediction_results.csv
RANF,FN,RANF,0,0.0,0.0,0.0,2025-01-05 16:48:49.020,0.266177,2025-01-05 16:48:59.120,0.54583,2025-01-05 16:48:28.000,2025-01-05 16:49:28.000,eqt_explosions_th0_1/20250105T164828Z_20250105T164928Z/RANF_outputs/X_prediction_results.csv
VRF,HE,VRF,0,0.0,0.0,0.0,2025-01-05 20:05:36.360,0.215258,2025-01-05 20:05:55.630,0.409854,2025-01-05 20:05:31.000,2025-01-05 20:06:31.000,eqt_explosions_th0_1/20250105T200531Z_20250105T200631Z/VRF_outputs/X_prediction_results.csv
KU6,HE,KU6,0,0.0,0.0,0.0,2025-01-05 20:05:46.820,0.312132,2025-01-05 20:06:16.760,0.156239,2025-01-05 20:05:41.000,2025-01-05 20:06:41.000,eqt_explosions_th0_1/20250105T200541Z_20250105T200641Z/KU6_outputs/X_prediction_results.csv
VRF,HE,VRF,0,0.0,0.0,0.0,,,2025-01-05 20:15:03.610,0.387054,2025-01-05 20:14:38.000,2025-01-05 20:15:38.000,eqt_explosions_th0_1/20250105T201438Z_20250105T201538Z/VRF_outputs/X_prediction_results.csv
KU6,HE,KU6,0,0.0,0.0,0.0,,,2025-01-05 20:15:22.160,0.418018,2025-01-05 20:14:49.000,2025-01-05 20:15:49.000,eqt_explosions_th0_1/20250105T201449Z_20250105T201549Z/KU6_outputs/X_prediction_results.csv
KLF,FN,KLF,0,0.0,0.0,0.0,2025-01-06 16:44:56.800,0.127926,,,2025-01-06 16:44:51.000,2025-01-06 16:45:51.000,eqt_explosions_th0_1/20250106T164451Z_20250106T164551Z/KLF_outputs/X_prediction_results.csv
RANF,FN,RANF,0,0.0,0.0,0.0,2025-01-06 16:45:15.500,0.242869,2025-01-06 16:45:15.560,0.348166,2025-01-06 16:45:10.000,2025-01-06 16:46:10.000,eqt_explosions_th0_1/20250106T164510Z_20250106T164610Z/RANF_outputs/X_prediction_results.csv
KEV,HE,KEV,0,0.0,0.0,0.0,2025-01-06 16:45:15.040,0.141071,2025-01-06 16:45:38.180,0.125327,2025-01-06 16:45:10.000,2025-01-06 16:46:10.000,eqt_explosions_th0_1/20250106T164510Z_20250106T164610Z/KEV_outputs/X_prediction_results.csv
KEV,HE,KEV,0,0.0,0.0,0.0,,,2025-01-06 16:45:49.650,0.555323,2025-01-06 16:45:10.000,2025-01-06 16:46:10.000,eqt_explosions_th0_1/20250106T164510Z_20250106T164610Z/KEV_outputs/X_prediction_results.csv
RAJF,FN,RAJF,0,0.0,0.0,0.0,,,2025-01-06 16:45:22.630,0.535187,2025-01-06 16:45:13.000,2025-01-06 16:46:13.000,eqt_explosions_th0_1/20250106T164513Z_20250106T164613Z/RAJF_outputs/X_prediction_results.csv
SUF,HE,SUF,0,0.0,0.0,0.0,2025-01-07 11:32:31.992,0.790649,2025-01-07 11:32:42.472,0.289137,2025-01-07 11:32:26.000,2025-01-07 11:33:26.000,eqt_explosions_th0_1/20250107T113226Z_20250107T113326Z/SUF_outputs/X_prediction_results.csv
OUF,HE,OUF,0,0.0,0.0,0.0,2025-01-07 11:32:37.930,0.945035,2025-01-07 11:32:52.050,0.333685,2025-01-07 11:32:32.000,2025-01-07 11:33:32.000,eqt_explosions_th0_1/20250107T113232Z_20250107T113332Z/OUF_outputs/X_prediction_results.csv
VAF,HE,VAF,0,0.0,0.0,0.0,,,2025-01-07 11:32:54.830,0.250671,2025-01-07 11:32:34.000,2025-01-07 11:33:34.000,eqt_explosions_th0_1/20250107T113234Z_20250107T113334Z/VAF_outputs/X_prediction_results.csv
KEF,HE,KEF,0,0.0,0.0,0.0,2025-01-07 11:32:39.160,0.92816,2025-01-07 11:32:54.480,0.590724,2025-01-07 11:32:34.000,2025-01-07 11:33:34.000,eqt_explosions_th0_1/20250107T113234Z_20250107T113334Z/KEF_outputs/X_prediction_results.csv
NIF,HE,NIF,0,0.0,0.0,0.0,2025-01-07 11:32:40.304,0.872848,2025-01-07 11:32:56.974,0.211655,2025-01-07 11:32:35.000,2025-01-07 11:33:35.000,eqt_explosions_th0_1/20250107T113235Z_20250107T113335Z/NIF_outputs/X_prediction_results.csv
OBF0,HE,OBF0,0,0.0,0.0,0.0,2025-01-07 11:32:41.504,0.315874,2025-01-07 11:32:58.144,0.393434,2025-01-07 11:32:36.000,2025-01-07 11:33:36.000,eqt_explosions_th0_1/20250107T113236Z_20250107T113336Z/OBF0_outputs/X_prediction_results.csv
KAF,HE,KAF,0,0.0,0.0,0.0,2025-01-07 11:32:42.220,0.936995,2025-01-07 11:33:00.090,0.358277,2025-01-07 11:32:37.000,2025-01-07 11:33:37.000,eqt_explosions_th0_1/20250107T113237Z_20250107T113337Z/KAF_outputs/X_prediction_results.csv
OBF3,HE,OBF3,0,0.0,0.0,0.0,2025-01-07 11:32:45.868,0.627535,2025-01-07 11:33:05.718,0.254712,2025-01-07 11:32:40.000,2025-01-07 11:33:40.000,eqt_explosions_th0_1/20250107T113240Z_20250107T113340Z/OBF3_outputs/X_prediction_results.csv
KPF,HE,KPF,0,0.0,0.0,0.0,2025-01-07 11:32:54.452,0.664305,2025-01-07 11:33:21.802,0.157355,2025-01-07 11:32:49.000,2025-01-07 11:33:49.000,eqt_explosions_th0_1/20250107T113249Z_20250107T113349Z/KPF_outputs/X_prediction_results.csv
KPF,HE,KPF,0,0.0,0.0,0.0,2025-01-07 11:32:55.472,0.126913,,,2025-01-07 11:32:49.000,2025-01-07 11:33:49.000,eqt_explosions_th0_1/20250107T113249Z_20250107T113349Z/KPF_outputs/X_prediction_results.csv
KPF,HE,KPF,0,0.0,0.0,0.0,2025-01-07 12:43:12.332,0.177333,2025-01-07 12:43:15.842,0.402353,2025-01-07 12:43:07.000,2025-01-07 12:44:07.000,eqt_explosions_th0_1/20250107T124307Z_20250107T124407Z/KPF_outputs/X_prediction_results.csv
RAF,HE,RAF,0,0.0,0.0,0.0,2025-01-07 12:43:17.180,0.935005,2025-01-07 12:43:24.940,0.294262,2025-01-07 12:43:12.000,2025-01-07 12:44:12.000,eqt_explosions_th0_1/20250107T124312Z_20250107T124412Z/RAF_outputs/X_prediction_results.csv
TRE03,HE,TRE03,0,0.0,0.0,0.0,2025-01-07 12:43:28.178,0.626699,2025-01-07 12:43:43.398,0.307061,2025-01-07 12:43:23.000,2025-01-07 12:44:23.000,eqt_explosions_th0_1/20250107T124323Z_20250107T124423Z/TRE03_outputs/X_prediction_results.csv
KORF,HE,KORF,0,0.0,0.0,0.0,2025-01-07 12:43:33.372,0.939611,2025-01-07 12:43:53.682,0.211439,2025-01-07 12:43:28.000,2025-01-07 12:44:28.000,eqt_explosions_th0_1/20250107T124328Z_20250107T124428Z/KORF_outputs/X_prediction_results.csv
VAF,HE,VAF,0,0.0,0.0,0.0,2025-01-07 12:43:34.950,0.937164,2025-01-07 12:43:55.270,0.194783,2025-01-07 12:43:29.000,2025-01-07 12:44:29.000,eqt_explosions_th0_1/20250107T124329Z_20250107T124429Z/VAF_outputs/X_prediction_results.csv
KEF,HE,KEF,0,0.0,0.0,0.0,2025-01-07 12:43:35.530,0.16719,,,2025-01-07 12:43:30.000,2025-01-07 12:44:30.000,eqt_explosions_th0_1/20250107T124330Z_20250107T124430Z/KEF_outputs/X_prediction_results.csv
KEF,HE,KEF,0,0.0,0.0,0.0,2025-01-07 12:43:36.530,0.201364,,,2025-01-07 12:43:30.000,2025-01-07 12:44:30.000,eqt_explosions_th0_1/20250107T124330Z_20250107T124430Z/KEF_outputs/X_prediction_results.csv
AAL,UP,AAL,0,0.0,0.0,0.0,2025-01-07 12:43:36.380,0.951713,2025-01-07 12:43:58.880,0.198296,2025-01-07 12:43:31.000,2025-01-07 12:44:31.000,eqt_explosions_th0_1/20250107T124331Z_20250107T124431Z/AAL_outputs/X_prediction_results.csv
ECKF,HE,ECKF,0,0.0,0.0,0.0,2025-01-07 12:43:37.676,0.815639,2025-01-07 12:44:01.456,0.125747,2025-01-07 12:43:32.000,2025-01-07 12:44:32.000,eqt_explosions_th0_1/20250107T124332Z_20250107T124432Z/ECKF_outputs/X_prediction_results.csv
ECKF,HE,ECKF,0,0.0,0.0,0.0,2025-01-07 12:43:38.696,0.122173,,,2025-01-07 12:43:32.000,2025-01-07 12:44:32.000,eqt_explosions_th0_1/20250107T124332Z_20250107T124432Z/ECKF_outputs/X_prediction_results.csv
HEL5,HE,HEL5,0,0.0,0.0,0.0,2025-01-07 12:57:55.400,0.948035,2025-01-07 12:57:57.490,0.46132,2025-01-07 12:57:50.000,2025-01-07 12:58:50.000,eqt_explosions_th0_1/20250107T125750Z_20250107T125850Z/HEL5_outputs/X_prediction_results.csv
MEF,HE,MEF,0,0.0,0.0,0.0,2025-01-07 12:57:55.440,0.950779,2025-01-07 12:57:57.560,0.648054,2025-01-07 12:57:50.000,2025-01-07 12:58:50.000,eqt_explosions_th0_1/20250107T125750Z_20250107T125850Z/MEF_outputs/X_prediction_results.csv
LAUT,HE,LAUT,0,0.0,0.0,0.0,,,2025-01-07 12:57:58.572,0.638315,2025-01-07 12:57:51.000,2025-01-07 12:58:51.000,eqt_explosions_th0_1/20250107T125751Z_20250107T125851Z/LAUT_outputs/X_prediction_results.csv
HEL1,HE,HEL1,0,0.0,0.0,0.0,2025-01-07 12:57:56.890,0.846162,2025-01-07 12:57:59.880,0.464421,2025-01-07 12:57:51.000,2025-01-07 12:58:51.000,eqt_explosions_th0_1/20250107T125751Z_20250107T125851Z/HEL1_outputs/X_prediction_results.csv
KUNI,HE,KUNI,0,0.0,0.0,0.0,2025-01-07 12:57:57.940,0.761982,2025-01-07 12:58:01.520,0.286399,2025-01-07 12:57:52.000,2025-01-07 12:58:52.000,eqt_explosions_th0_1/20250107T125752Z_20250107T125852Z/KUNI_outputs/X_prediction_results.csv
RAF,HE,RAF,0,0.0,0.0,0.0,2025-01-07 14:26:32.920,0.944251,2025-01-07 14:26:38.900,0.717255,2025-01-07 14:26:27.000,2025-01-07 14:27:27.000,eqt_explosions_th0_1/20250107T142627Z_20250107T142727Z/RAF_outputs/X_prediction_results.csv
KPF,HE,KPF,0,0.0,0.0,0.0,2025-01-07 14:26:38.172,0.93718,2025-01-07 14:26:47.832,0.353501,2025-01-07 14:26:33.000,2025-01-07 14:27:33.000,eqt_explosions_th0_1/20250107T142633Z_20250107T142733Z/KPF_outputs/X_prediction_results.csv
TRE03,HE,TRE03,0,0.0,0.0,0.0,2025-01-07 14:26:41.564,0.94382,2025-01-07 14:26:54.184,0.215759,2025-01-07 14:26:36.000,2025-01-07 14:27:36.000,eqt_explosions_th0_1/20250107T142636Z_20250107T142736Z/TRE03_outputs/X_prediction_results.csv
KORF,HE,KORF,0,0.0,0.0,0.0,2025-01-07 14:26:46.650,0.926957,2025-01-07 14:27:02.540,0.611123,2025-01-07 14:26:41.000,2025-01-07 14:27:41.000,eqt_explosions_th0_1/20250107T142641Z_20250107T142741Z/KORF_outputs/X_prediction_results.csv
TVF,HE,TVF,0,0.0,0.0,0.0,,,2025-01-07 14:27:13.754,0.391467,2025-01-07 14:26:45.000,2025-01-07 14:27:45.000,eqt_explosions_th0_1/20250107T142645Z_20250107T142745Z/TVF_outputs/X_prediction_results.csv
KEF,HE,KEF,0,0.0,0.0,0.0,2025-01-07 14:26:51.680,0.928897,2025-01-07 14:27:11.480,0.61256,2025-01-07 14:26:46.000,2025-01-07 14:27:46.000,eqt_explosions_th0_1/20250107T142646Z_20250107T142746Z/KEF_outputs/X_prediction_results.csv
AAL,UP,AAL,0,0.0,0.0,0.0,,,2025-01-07 14:27:16.520,0.434592,2025-01-07 14:26:49.000,2025-01-07 14:27:49.000,eqt_explosions_th0_1/20250107T142649Z_20250107T142749Z/AAL_outputs/X_prediction_results.csv
FIA1,HE,FIA1,0,0.0,0.0,0.0,2025-01-07 14:26:55.860,0.939187,2025-01-07 14:27:17.990,0.372794,2025-01-07 14:26:50.000,2025-01-07 14:27:50.000,eqt_explosions_th0_1/20250107T142650Z_20250107T142750Z/FIA1_outputs/X_prediction_results.csv
PVF,HE,PVF,0,0.0,0.0,0.0,2025-01-07 14:26:55.564,0.606543,2025-01-07 14:27:18.024,0.410642,2025-01-07 14:26:50.000,2025-01-07 14:27:50.000,eqt_explosions_th0_1/20250107T142650Z_20250107T142750Z/PVF_outputs/X_prediction_results.csv
FIA0,HE,FIA0,0,0.0,0.0,0.0,2025-01-07 14:26:55.860,0.711672,2025-01-07 14:27:17.910,0.386514,2025-01-07 14:26:50.000,2025-01-07 14:27:50.000,eqt_explosions_th0_1/20250107T142650Z_20250107T142750Z/FIA0_outputs/X_prediction_results.csv
ECKF,HE,ECKF,0,0.0,0.0,0.0,2025-01-07 14:26:56.706,0.213055,2025-01-07 14:27:20.286,0.15994,2025-01-07 14:26:51.000,2025-01-07 14:27:51.000,eqt_explosions_th0_1/20250107T142651Z_20250107T142751Z/ECKF_outputs/X_prediction_results.csv
LOVF,HE,LOVF,0,0.0,0.0,0.0,2025-01-07 14:26:59.514,0.631243,2025-01-07 14:27:25.124,0.488047,2025-01-07 14:26:54.000,2025-01-07 14:27:54.000,eqt_explosions_th0_1/20250107T142654Z_20250107T142754Z/LOVF_outputs/X_prediction_results.csv
LOVF,HE,LOVF,0,0.0,0.0,0.0,2025-01-07 14:27:00.514,0.115661,,,2025-01-07 14:26:54.000,2025-01-07 14:27:54.000,eqt_explosions_th0_1/20250107T142654Z_20250107T142754Z/LOVF_outputs/X_prediction_results.csv
VAF,HE,VAF,0,0.0,0.0,0.0,2025-01-07 14:26:59.260,0.878229,2025-01-07 14:27:24.370,0.189928,2025-01-07 14:26:54.000,2025-01-07 14:27:54.000,eqt_explosions_th0_1/20250107T142654Z_20250107T142754Z/VAF_outputs/X_prediction_results.csv
KAF,HE,KAF,0,0.0,0.0,0.0,2025-01-07 14:27:00.690,0.905051,2025-01-07 14:27:28.000,0.581664,2025-01-07 14:26:55.000,2025-01-07 14:27:55.000,eqt_explosions_th0_1/20250107T142655Z_20250107T142755Z/KAF_outputs/X_prediction_results.csv
ALAJF,HE,ALAJF,0,0.0,0.0,0.0,2025-01-07 14:27:02.230,0.917366,2025-01-07 14:27:29.820,0.410402,2025-01-07 14:26:57.000,2025-01-07 14:27:57.000,eqt_explosions_th0_1/20250107T142657Z_20250107T142757Z/ALAJF_outputs/X_prediction_results.csv
KY17,HE,KY17,0,0.0,0.0,0.0,2025-01-07 14:27:03.400,0.528913,2025-01-07 14:27:32.420,0.525704,2025-01-07 14:26:58.000,2025-01-07 14:27:58.000,eqt_explosions_th0_1/20250107T142658Z_20250107T142758Z/KY17_outputs/X_prediction_results.csv
VUOS,HE,VUOS,0,0.0,0.0,0.0,,,2025-01-07 14:27:13.992,0.285516,2025-01-07 14:27:08.000,2025-01-07 14:28:08.000,eqt_explosions_th0_1/20250107T142708Z_20250107T142808Z/VUOS_outputs/X_prediction_results.csv
RAJF,FN,RAJF,0,0.0,0.0,0.0,2025-01-07 16:06:22.520,0.144919,2025-01-07 16:06:35.690,0.405957,2025-01-07 16:06:15.000,2025-01-07 16:07:15.000,eqt_explosions_th0_1/20250107T160615Z_20250107T160715Z/RAJF_outputs/X_prediction_results.csv
KEV,HE,KEV,0,0.0,0.0,0.0,2025-01-07 16:06:21.910,0.93196,2025-01-07 16:06:39.510,0.585516,2025-01-07 16:06:16.000,2025-01-07 16:07:16.000,eqt_explosions_th0_1/20250107T160616Z_20250107T160716Z/KEV_outputs/X_prediction_results.csv
TOF,HE,TOF,0,0.0,0.0,0.0,2025-01-08 09:05:59.880,0.921709,2025-01-08 09:06:14.250,0.240507,2025-01-08 09:05:54.000,2025-01-08 09:06:54.000,eqt_explosions_th0_1/20250108T090554Z_20250108T090654Z/TOF_outputs/X_prediction_results.csv
OBF3,HE,OBF3,0,0.0,0.0,0.0,2025-01-08 09:06:08.820,0.704111,2025-01-08 09:06:31.500,0.170777,2025-01-08 09:06:03.000,2025-01-08 09:07:03.000,eqt_explosions_th0_1/20250108T090603Z_20250108T090703Z/OBF3_outputs/X_prediction_results.csv
KLF,FN,KLF,0,0.0,0.0,0.0,2025-01-08 09:06:10.850,0.951555,2025-01-08 09:06:35.240,0.5712,2025-01-08 09:06:05.000,2025-01-08 09:07:05.000,eqt_explosions_th0_1/20250108T090605Z_20250108T090705Z/KLF_outputs/X_prediction_results.csv
OBF0,HE,OBF0,0,0.0,0.0,0.0,2025-01-08 09:06:10.480,0.523948,,,2025-01-08 09:06:05.000,2025-01-08 09:07:05.000,eqt_explosions_th0_1/20250108T090605Z_20250108T090705Z/OBF0_outputs/X_prediction_results.csv
RANF,FN,RANF,0,0.0,0.0,0.0,2025-01-08 09:06:16.500,0.74952,2025-01-08 09:06:43.510,0.126127,2025-01-08 09:06:11.000,2025-01-08 09:07:11.000,eqt_explosions_th0_1/20250108T090611Z_20250108T090711Z/RANF_outputs/X_prediction_results.csv
KY17,HE,KY17,0,0.0,0.0,0.0,2025-01-08 09:49:43.236,0.953568,2025-01-08 09:49:46.356,0.735099,2025-01-08 09:49:38.000,2025-01-08 09:50:38.000,eqt_explosions_th0_1/20250108T094938Z_20250108T095038Z/KY17_outputs/X_prediction_results.csv
KY02,HE,KY02,0,0.0,0.0,0.0,2025-01-08 09:49:43.370,0.954908,2025-01-08 09:49:46.740,0.810957,2025-01-08 09:49:38.000,2025-01-08 09:50:38.000,eqt_explosions_th0_1/20250108T094938Z_20250108T095038Z/KY02_outputs/X_prediction_results.csv
LOVF,HE,LOVF,0,0.0,0.0,0.0,2025-01-08 09:49:46.488,0.949643,2025-01-08 09:49:51.808,0.772516,2025-01-08 09:49:41.000,2025-01-08 09:50:41.000,eqt_explosions_th0_1/20250108T094941Z_20250108T095041Z/LOVF_outputs/X_prediction_results.csv
VJF,HE,VJF,0,0.0,0.0,0.0,2025-01-08 09:49:46.246,0.951753,2025-01-08 09:49:51.676,0.773188,2025-01-08 09:49:41.000,2025-01-08 09:50:41.000,eqt_explosions_th0_1/20250108T094941Z_20250108T095041Z/VJF_outputs/X_prediction_results.csv
PVF,HE,PVF,0,0.0,0.0,0.0,2025-01-08 09:49:48.686,0.941306,2025-01-08 09:49:55.526,0.731034,2025-01-08 09:49:43.000,2025-01-08 09:50:43.000,eqt_explosions_th0_1/20250108T094943Z_20250108T095043Z/PVF_outputs/X_prediction_results.csv
FIA0,HE,FIA0,0,0.0,0.0,0.0,2025-01-08 09:49:53.960,0.950474,2025-01-08 09:50:05.460,0.518604,2025-01-08 09:49:48.000,2025-01-08 09:50:48.000,eqt_explosions_th0_1/20250108T094948Z_20250108T095048Z/FIA0_outputs/X_prediction_results.csv
FIA1,HE,FIA1,0,0.0,0.0,0.0,2025-01-08 09:49:53.970,0.954678,2025-01-08 09:50:05.070,0.248185,2025-01-08 09:49:48.000,2025-01-08 09:50:48.000,eqt_explosions_th0_1/20250108T094948Z_20250108T095048Z/FIA1_outputs/X_prediction_results.csv
RUF,HE,RUF,0,0.0,0.0,0.0,2025-01-08 09:50:01.184,0.894062,2025-01-08 09:50:17.854,0.544862,2025-01-08 09:49:56.000,2025-01-08 09:50:56.000,eqt_explosions_th0_1/20250108T094956Z_20250108T095056Z/RUF_outputs/X_prediction_results.csv
HEL5,HE,HEL5,0,0.0,0.0,0.0,2025-01-08 09:50:17.318,0.919809,2025-01-08 09:50:22.518,0.414603,2025-01-08 09:49:56.000,2025-01-08 09:50:56.000,eqt_explosions_th0_1/20250108T094956Z_20250108T095056Z/HEL5_outputs/X_prediction_results.csv
LAUT,HE,LAUT,0,0.0,0.0,0.0,2025-01-08 09:50:14.960,0.704358,2025-01-08 09:50:20.430,0.606736,2025-01-08 09:50:09.000,2025-01-08 09:51:09.000,eqt_explosions_th0_1/20250108T095009Z_20250108T095109Z/LAUT_outputs/X_prediction_results.csv
RAF,HE,RAF,0,0.0,0.0,0.0,,,2025-01-08 09:50:55.770,0.353798,2025-01-08 09:50:50.000,2025-01-08 09:51:50.000,eqt_explosions_th0_1/20250108T095050Z_20250108T095150Z/RAF_outputs/X_prediction_results.csv
KPF,HE,KPF,0,0.0,0.0,0.0,,,2025-01-08 09:50:57.392,0.135091,2025-01-08 09:50:51.000,2025-01-08 09:51:51.000,eqt_explosions_th0_1/20250108T095051Z_20250108T095151Z/KPF_outputs/X_prediction_results.csv
MEF,HE,MEF,0,0.0,0.0,0.0,2025-01-08 10:02:27.610,0.924921,2025-01-08 10:02:31.820,0.670875,2025-01-08 10:02:22.000,2025-01-08 10:03:22.000,eqt_explosions_th0_1/20250108T100222Z_20250108T100322Z/MEF_outputs/X_prediction_results.csv
HEL5,HE,HEL5,0,0.0,0.0,0.0,2025-01-08 10:02:29.314,0.916308,2025-01-08 10:02:35.334,0.612501,2025-01-08 10:02:24.000,2025-01-08 10:03:24.000,eqt_explosions_th0_1/20250108T100224Z_20250108T100324Z/HEL5_outputs/X_prediction_results.csv
LOVF,HE,LOVF,0,0.0,0.0,0.0,2025-01-08 10:42:35.772,0.95531,2025-01-08 10:42:38.542,0.792092,2025-01-08 10:42:30.000,2025-01-08 10:43:30.000,eqt_explosions_th0_1/20250108T104230Z_20250108T104330Z/LOVF_outputs/X_prediction_results.csv
PVF,HE,PVF,0,0.0,0.0,0.0,2025-01-08 10:42:39.592,0.950203,2025-01-08 10:42:45.022,0.650544,2025-01-08 10:42:34.000,2025-01-08 10:43:34.000,eqt_explosions_th0_1/20250108T104234Z_20250108T104334Z/PVF_outputs/X_prediction_results.csv
KY02,HE,KY02,0,0.0,0.0,0.0,2025-01-08 10:42:40.792,0.889015,2025-01-08 10:42:47.242,0.804458,2025-01-08 10:42:35.000,2025-01-08 10:43:35.000,eqt_explosions_th0_1/20250108T104235Z_20250108T104335Z/KY02_outputs/X_prediction_results.csv
VJF,HE,VJF,0,0.0,0.0,0.0,2025-01-08 10:42:40.072,0.914208,2025-01-08 10:42:45.972,0.743085,2025-01-08 10:42:35.000,2025-01-08 10:43:35.000,eqt_explosions_th0_1/20250108T104235Z_20250108T104335Z/VJF_outputs/X_prediction_results.csv
KY17,HE,KY17,0,0.0,0.0,0.0,2025-01-08 10:42:41.010,0.948547,2025-01-08 10:42:47.520,0.729386,2025-01-08 10:42:36.000,2025-01-08 10:43:36.000,eqt_explosions_th0_1/20250108T104236Z_20250108T104336Z/KY17_outputs/X_prediction_results.csv
VUOS,HE,VUOS,0,0.0,0.0,0.0,2025-01-08 10:42:47.032,0.945853,2025-01-08 10:42:57.462,0.184944,2025-01-08 10:42:42.000,2025-01-08 10:43:42.000,eqt_explosions_th0_1/20250108T104242Z_20250108T104342Z/VUOS_outputs/X_prediction_results.csv
NUR,HE,NUR,0,0.0,0.0,0.0,2025-01-08 10:42:50.332,0.956821,2025-01-08 10:43:10.652,0.139743,2025-01-08 10:42:45.000,2025-01-08 10:43:45.000,eqt_explosions_th0_1/20250108T104245Z_20250108T104345Z/NUR_outputs/X_prediction_results.csv
FIA0,HE,FIA0,0,0.0,0.0,0.0,2025-01-08 10:42:50.280,0.946378,2025-01-08 10:43:04.060,0.566225,2025-01-08 10:42:45.000,2025-01-08 10:43:45.000,eqt_explosions_th0_1/20250108T104245Z_20250108T104345Z/FIA0_outputs/X_prediction_results.csv
FIA1,HE,FIA1,0,0.0,0.0,0.0,2025-01-08 10:42:50.280,0.954793,2025-01-08 10:43:04.060,0.507197,2025-01-08 10:42:45.000,2025-01-08 10:43:45.000,eqt_explosions_th0_1/20250108T104245Z_20250108T104345Z/FIA1_outputs/X_prediction_results.csv
HEL5,HE,HEL5,0,0.0,0.0,0.0,2025-01-08 10:42:51.070,0.902513,2025-01-08 10:42:51.340,0.23655,2025-01-08 10:42:46.000,2025-01-08 10:43:46.000,eqt_explosions_th0_1/20250108T104246Z_20250108T104346Z/HEL5_outputs/X_prediction_results.csv
MEF,HE,MEF,0,0.0,0.0,0.0,2025-01-08 10:42:53.270,0.94493,2025-01-08 10:43:14.790,0.30701,2025-01-08 10:42:48.000,2025-01-08 10:43:48.000,eqt_explosions_th0_1/20250108T104248Z_20250108T104348Z/MEF_outputs/X_prediction_results.csv
RUF,HE,RUF,0,0.0,0.0,0.0,2025-01-08 10:42:57.870,0.248471,2025-01-08 10:43:19.700,0.517277,2025-01-08 10:42:52.000,2025-01-08 10:43:52.000,eqt_explosions_th0_1/20250108T104252Z_20250108T104352Z/RUF_outputs/X_prediction_results.csv
KAF,HE,KAF,0,0.0,0.0,0.0,2025-01-08 10:43:01.290,0.305406,2025-01-08 10:43:24.720,0.368791,2025-01-08 10:42:56.000,2025-01-08 10:43:56.000,eqt_explosions_th0_1/20250108T104256Z_20250108T104356Z/KAF_outputs/X_prediction_results.csv
KEF,HE,KEF,0,0.0,0.0,0.0,2025-01-08 10:43:05.680,0.92604,2025-01-08 10:43:31.930,0.280944,2025-01-08 10:43:00.000,2025-01-08 10:44:00.000,eqt_explosions_th0_1/20250108T104300Z_20250108T104400Z/KEF_outputs/X_prediction_results.csv
NIF,HE,NIF,0,0.0,0.0,0.0,2025-01-08 12:01:56.180,0.873992,2025-01-08 12:02:05.510,0.408688,2025-01-08 12:01:51.000,2025-01-08 12:02:51.000,eqt_explosions_th0_1/20250108T120151Z_20250108T120251Z/NIF_outputs/X_prediction_results.csv
RMF,HE,RMF,0,0.0,0.0,0.0,2025-01-08 12:01:58.080,0.928892,2025-01-08 12:02:08.240,0.277657,2025-01-08 12:01:53.000,2025-01-08 12:02:53.000,eqt_explosions_th0_1/20250108T120153Z_20250108T120253Z/RMF_outputs/X_prediction_results.csv
OUF,HE,OUF,0,0.0,0.0,0.0,2025-01-08 12:02:09.890,0.794489,2025-01-08 12:02:29.160,0.131285,2025-01-08 12:02:04.000,2025-01-08 12:03:04.000,eqt_explosions_th0_1/20250108T120204Z_20250108T120304Z/OUF_outputs/X_prediction_results.csv
KU1,HE,KU1,0,0.0,0.0,0.0,2025-01-08 12:02:11.490,0.481061,2025-01-08 12:02:31.790,0.171796,2025-01-08 12:02:06.000,2025-01-08 12:03:06.000,eqt_explosions_th0_1/20250108T120206Z_20250108T120306Z/KU1_outputs/X_prediction_results.csv
KU2,HE,KU2,0,0.0,0.0,0.0,2025-01-08 12:02:12.080,0.74961,2025-01-08 12:02:33.140,0.183818,2025-01-08 12:02:07.000,2025-01-08 12:03:07.000,eqt_explosions_th0_1/20250108T120207Z_20250108T120307Z/KU2_outputs/X_prediction_results.csv
OBF3,HE,OBF3,0,0.0,0.0,0.0,2025-01-08 12:02:12.490,0.748998,2025-01-08 12:02:34.170,0.179825,2025-01-08 12:02:07.000,2025-01-08 12:03:07.000,eqt_explosions_th0_1/20250108T120207Z_20250108T120307Z/OBF3_outputs/X_prediction_results.csv
SUF,HE,SUF,0,0.0,0.0,0.0,2025-01-08 12:02:12.780,0.950572,2025-01-08 12:02:34.580,0.321175,2025-01-08 12:02:07.000,2025-01-08 12:03:07.000,eqt_explosions_th0_1/20250108T120207Z_20250108T120307Z/SUF_outputs/X_prediction_results.csv
OBF0,HE,OBF0,0,0.0,0.0,0.0,2025-01-08 12:02:14.080,0.660564,2025-01-08 12:02:36.210,0.50806,2025-01-08 12:02:09.000,2025-01-08 12:03:09.000,eqt_explosions_th0_1/20250108T120209Z_20250108T120309Z/OBF0_outputs/X_prediction_results.csv
JOF,HE,JOF,0,0.0,0.0,0.0,2025-01-08 12:02:16.640,0.502182,2025-01-08 12:02:40.810,0.181222,2025-01-08 12:02:11.000,2025-01-08 12:03:11.000,eqt_explosions_th0_1/20250108T120211Z_20250108T120311Z/JOF_outputs/X_prediction_results.csv
RANF,FN,RANF,0,0.0,0.0,0.0,2025-01-08 12:02:18.600,0.919954,2025-01-08 12:02:29.900,0.313789,2025-01-08 12:02:13.000,2025-01-08 12:03:13.000,eqt_explosions_th0_1/20250108T120213Z_20250108T120313Z/RANF_outputs/X_prediction_results.csv
KAF,HE,KAF,0,0.0,0.0,0.0,2025-01-08 12:02:21.580,0.521164,2025-01-08 12:02:50.230,0.501833,2025-01-08 12:02:16.000,2025-01-08 12:03:16.000,eqt_explosions_th0_1/20250108T120216Z_20250108T120316Z/KAF_outputs/X_prediction_results.csv
VRF,HE,VRF,0,0.0,0.0,0.0,2025-01-08 12:09:30.810,0.945975,2025-01-08 12:09:35.940,0.531831,2025-01-08 12:09:25.000,2025-01-08 12:10:25.000,eqt_explosions_th0_1/20250108T120925Z_20250108T121025Z/VRF_outputs/X_prediction_results.csv
RAJF,FN,RAJF,0,0.0,0.0,0.0,2025-01-08 12:09:46.050,0.934405,2025-01-08 12:10:01.350,0.202335,2025-01-08 12:09:41.000,2025-01-08 12:10:41.000,eqt_explosions_th0_1/20250108T120941Z_20250108T121041Z/RAJF_outputs/X_prediction_results.csv
RAJF,FN,RAJF,0,0.0,0.0,0.0,,,2025-01-08 12:10:06.130,0.406963,2025-01-08 12:09:41.000,2025-01-08 12:10:41.000,eqt_explosions_th0_1/20250108T120941Z_20250108T121041Z/RAJF_outputs/X_prediction_results.csv
OLKF,FN,OLKF,0,0.0,0.0,0.0,2025-01-08 12:09:48.100,0.906858,2025-01-08 12:10:05.100,0.29882,2025-01-08 12:09:43.000,2025-01-08 12:10:43.000,eqt_explosions_th0_1/20250108T120943Z_20250108T121043Z/OLKF_outputs/X_prediction_results.csv
KU6,HE,KU6,0,0.0,0.0,0.0,2025-01-08 12:09:52.280,0.939079,2025-01-08 12:10:12.770,0.31405,2025-01-08 12:09:47.000,2025-01-08 12:10:47.000,eqt_explosions_th0_1/20250108T120947Z_20250108T121047Z/KU6_outputs/X_prediction_results.csv
KU1,HE,KU1,0,0.0,0.0,0.0,2025-01-08 12:10:00.700,0.670853,,,2025-01-08 12:09:55.000,2025-01-08 12:10:55.000,eqt_explosions_th0_1/20250108T120955Z_20250108T121055Z/KU1_outputs/X_prediction_results.csv
RANF,FN,RANF,0,0.0,0.0,0.0,2025-01-08 12:10:01.750,0.872398,2025-01-08 12:10:29.270,0.340024,2025-01-08 12:09:56.000,2025-01-08 12:10:56.000,eqt_explosions_th0_1/20250108T120956Z_20250108T121056Z/RANF_outputs/X_prediction_results.csv
KLF,FN,KLF,0,0.0,0.0,0.0,2025-01-08 12:10:06.300,0.949425,2025-01-08 12:10:09.330,0.489435,2025-01-08 12:10:01.000,2025-01-08 12:11:01.000,eqt_explosions_th0_1/20250108T121001Z_20250108T121101Z/KLF_outputs/X_prediction_results.csv
KEV,HE,KEV,0,0.0,0.0,0.0,2025-01-08 12:10:07.020,0.326424,,,2025-01-08 12:10:02.000,2025-01-08 12:11:02.000,eqt_explosions_th0_1/20250108T121002Z_20250108T121102Z/KEV_outputs/X_prediction_results.csv
KEV,HE,KEV,0,0.0,0.0,0.0,,,2025-01-08 12:10:37.950,0.249284,2025-01-08 12:10:02.000,2025-01-08 12:11:02.000,eqt_explosions_th0_1/20250108T121002Z_20250108T121102Z/KEV_outputs/X_prediction_results.csv
HEF,HE,HEF,0,0.0,0.0,0.0,,,2025-01-08 12:10:45.560,0.250751,2025-01-08 12:10:05.000,2025-01-08 12:11:05.000,eqt_explosions_th0_1/20250108T121005Z_20250108T121105Z/HEF_outputs/X_prediction_results.csv
HEF,HE,HEF,0,0.0,0.0,0.0,2025-01-08 12:10:12.640,0.131468,,,2025-01-08 12:10:05.000,2025-01-08 12:11:05.000,eqt_explosions_th0_1/20250108T121005Z_20250108T121105Z/HEF_outputs/X_prediction_results.csv
HEF,HE,HEF,0,0.0,0.0,0.0,2025-01-08 12:10:10.620,0.164202,,,2025-01-08 12:10:05.000,2025-01-08 12:11:05.000,eqt_explosions_th0_1/20250108T121005Z_20250108T121105Z/HEF_outputs/X_prediction_results.csv
HEF,HE,HEF,0,0.0,0.0,0.0,2025-01-08 12:10:11.660,0.102491,,,2025-01-08 12:10:05.000,2025-01-08 12:11:05.000,eqt_explosions_th0_1/20250108T121005Z_20250108T121105Z/HEF_outputs/X_prediction_results.csv
TRE03,HE,TRE03,0,0.0,0.0,0.0,2025-01-08 12:47:24.896,0.954711,2025-01-08 12:47:27.236,0.714175,2025-01-08 12:47:19.000,2025-01-08 12:48:19.000,eqt_explosions_th0_1/20250108T124719Z_20250108T124819Z/TRE03_outputs/X_prediction_results.csv
KEF,HE,KEF,0,0.0,0.0,0.0,2025-01-08 12:47:36.900,0.884457,2025-01-08 12:47:45.200,0.193469,2025-01-08 12:47:31.000,2025-01-08 12:48:31.000,eqt_explosions_th0_1/20250108T124731Z_20250108T124831Z/KEF_outputs/X_prediction_results.csv
FIA0,HE,FIA0,0,0.0,0.0,0.0,2025-01-08 12:47:41.600,0.934014,2025-01-08 12:47:55.230,0.27104,2025-01-08 12:47:36.000,2025-01-08 12:48:36.000,eqt_explosions_th0_1/20250108T124736Z_20250108T124836Z/FIA0_outputs/X_prediction_results.csv
FIA1,HE,FIA1,0,0.0,0.0,0.0,2025-01-08 12:47:41.590,0.923039,2025-01-08 12:47:56.950,0.374069,2025-01-08 12:47:36.000,2025-01-08 12:48:36.000,eqt_explosions_th0_1/20250108T124736Z_20250108T124836Z/FIA1_outputs/X_prediction_results.csv
KPF,HE,KPF,0,0.0,0.0,0.0,,,2025-01-08 12:47:55.436,0.194571,2025-01-08 12:47:36.000,2025-01-08 12:48:36.000,eqt_explosions_th0_1/20250108T124736Z_20250108T124836Z/KPF_outputs/X_prediction_results.csv
KAF,HE,KAF,0,0.0,0.0,0.0,2025-01-08 12:47:45.580,0.924749,2025-01-08 12:48:02.400,0.252645,2025-01-08 12:47:40.000,2025-01-08 12:48:40.000,eqt_explosions_th0_1/20250108T124740Z_20250108T124840Z/KAF_outputs/X_prediction_results.csv
RAF,HE,RAF,0,0.0,0.0,0.0,2025-01-08 12:47:45.600,0.919422,2025-01-08 12:48:02.340,0.178844,2025-01-08 12:47:40.000,2025-01-08 12:48:40.000,eqt_explosions_th0_1/20250108T124740Z_20250108T124840Z/RAF_outputs/X_prediction_results.csv
KY17,HE,KY17,0,0.0,0.0,0.0,2025-01-08 12:47:51.784,0.173569,,,2025-01-08 12:47:46.000,2025-01-08 12:48:46.000,eqt_explosions_th0_1/20250108T124746Z_20250108T124846Z/KY17_outputs/X_prediction_results.csv
KY17,HE,KY17,0,0.0,0.0,0.0,2025-01-08 12:47:52.794,0.108802,,,2025-01-08 12:47:46.000,2025-01-08 12:48:46.000,eqt_explosions_th0_1/20250108T124746Z_20250108T124846Z/KY17_outputs/X_prediction_results.csv
SUF,HE,SUF,0,0.0,0.0,0.0,,,2025-01-08 12:48:12.728,0.273165,2025-01-08 12:47:46.000,2025-01-08 12:48:46.000,eqt_explosions_th0_1/20250108T124746Z_20250108T124846Z/SUF_outputs/X_prediction_results.csv
VAF,HE,VAF,0,0.0,0.0,0.0,2025-01-08 12:47:52.950,0.939753,2025-01-08 12:48:15.330,0.495079,2025-01-08 12:47:47.000,2025-01-08 12:48:47.000,eqt_explosions_th0_1/20250108T124747Z_20250108T124847Z/VAF_outputs/X_prediction_results.csv
MEF,HE,MEF,0,0.0,0.0,0.0,2025-01-08 13:00:05.440,0.949164,2025-01-08 13:00:06.770,0.817324,2025-01-08 13:00:00.000,2025-01-08 13:01:00.000,eqt_explosions_th0_1/20250108T130000Z_20250108T130100Z/MEF_outputs/X_prediction_results.csv
HEL5,HE,HEL5,0,0.0,0.0,0.0,2025-01-08 13:00:08.926,0.950793,2025-01-08 13:00:12.806,0.427895,2025-01-08 13:00:03.000,2025-01-08 13:01:03.000,eqt_explosions_th0_1/20250108T130003Z_20250108T130103Z/HEL5_outputs/X_prediction_results.csv
NUR,HE,NUR,0,0.0,0.0,0.0,2025-01-08 13:00:08.562,0.949976,2025-01-08 13:00:12.662,0.664986,2025-01-08 13:00:03.000,2025-01-08 13:01:03.000,eqt_explosions_th0_1/20250108T130003Z_20250108T130103Z/NUR_outputs/X_prediction_results.csv
KUNI,HE,KUNI,0,0.0,0.0,0.0,2025-01-08 13:00:09.242,0.921936,2025-01-08 13:00:13.562,0.718372,2025-01-08 13:00:04.000,2025-01-08 13:01:04.000,eqt_explosions_th0_1/20250108T130004Z_20250108T130104Z/KUNI_outputs/X_prediction_results.csv
LAUT,HE,LAUT,0,0.0,0.0,0.0,2025-01-08 13:00:09.422,0.946769,2025-01-08 13:00:13.702,0.674368,2025-01-08 13:00:04.000,2025-01-08 13:01:04.000,eqt_explosions_th0_1/20250108T130004Z_20250108T130104Z/LAUT_outputs/X_prediction_results.csv
HEL1,HE,HEL1,0,0.0,0.0,0.0,,,2025-01-08 13:00:13.410,0.15458,2025-01-08 13:00:04.000,2025-01-08 13:01:04.000,eqt_explosions_th0_1/20250108T130004Z_20250108T130104Z/HEL1_outputs/X_prediction_results.csv
RAF,HE,RAF,0,0.0,0.0,0.0,2025-01-08 13:34:24.190,0.910663,2025-01-08 13:34:32.900,0.702967,2025-01-08 13:34:19.000,2025-01-08 13:35:19.000,eqt_explosions_th0_1/20250108T133419Z_20250108T133519Z/RAF_outputs/X_prediction_results.csv
TVF,HE,TVF,0,0.0,0.0,0.0,2025-01-08 13:34:26.672,0.830524,2025-01-08 13:34:35.992,0.253459,2025-01-08 13:34:21.000,2025-01-08 13:35:21.000,eqt_explosions_th0_1/20250108T133421Z_20250108T133521Z/TVF_outputs/X_prediction_results.csv
KORF,HE,KORF,0,0.0,0.0,0.0,,,2025-01-08 13:34:31.030,0.347284,2025-01-08 13:34:25.000,2025-01-08 13:35:25.000,eqt_explosions_th0_1/20250108T133425Z_20250108T133525Z/KORF_outputs/X_prediction_results.csv
KPF,HE,KPF,0,0.0,0.0,0.0,2025-01-08 13:34:37.660,0.648933,2025-01-08 13:34:56.080,0.198655,2025-01-08 13:34:32.000,2025-01-08 13:35:32.000,eqt_explosions_th0_1/20250108T133432Z_20250108T133532Z/KPF_outputs/X_prediction_results.csv
TRE03,HE,TRE03,0,0.0,0.0,0.0,2025-01-08 13:34:38.990,0.811486,2025-01-08 13:34:58.170,0.229882,2025-01-08 13:34:33.000,2025-01-08 13:35:33.000,eqt_explosions_th0_1/20250108T133433Z_20250108T133533Z/TRE03_outputs/X_prediction_results.csv
ECKF,HE,ECKF,0,0.0,0.0,0.0,2025-01-08 13:34:40.220,0.24414,,,2025-01-08 13:34:35.000,2025-01-08 13:35:35.000,eqt_explosions_th0_1/20250108T133435Z_20250108T133535Z/ECKF_outputs/X_prediction_results.csv
KEF,HE,KEF,0,0.0,0.0,0.0,,,2025-01-08 13:35:17.690,0.1738,2025-01-08 13:35:12.000,2025-01-08 13:36:12.000,eqt_explosions_th0_1/20250108T133512Z_20250108T133612Z/KEF_outputs/X_prediction_results.csv
KAF,HE,KAF,0,0.0,0.0,0.0,,,2025-01-08 13:35:29.540,0.218256,2025-01-08 13:35:24.000,2025-01-08 13:36:24.000,eqt_explosions_th0_1/20250108T133524Z_20250108T133624Z/KAF_outputs/X_prediction_results.csv
KMNF,FN,KMNF,0,0.0,0.0,0.0,2025-01-08 16:44:25.020,0.115586,,,2025-01-08 16:44:18.000,2025-01-08 16:45:18.000,eqt_explosions_th0_1/20250108T164418Z_20250108T164518Z/KMNF_outputs/X_prediction_results.csv
KMNF,FN,KMNF,0,0.0,0.0,0.0,2025-01-08 16:44:23.010,0.109032,2025-01-08 16:44:41.570,0.124419,2025-01-08 16:44:18.000,2025-01-08 16:45:18.000,eqt_explosions_th0_1/20250108T164418Z_20250108T164518Z/KMNF_outputs/X_prediction_results.csv
KMNF,FN,KMNF,0,0.0,0.0,0.0,2025-01-08 16:44:24.000,0.523488,,,2025-01-08 16:44:18.000,2025-01-08 16:45:18.000,eqt_explosions_th0_1/20250108T164418Z_20250108T164518Z/KMNF_outputs/X_prediction_results.csv
KU1,HE,KU1,0,0.0,0.0,0.0,2025-01-09 10:03:41.780,0.952823,2025-01-09 10:03:45.570,0.776704,2025-01-09 10:03:36.000,2025-01-09 10:04:36.000,eqt_explosions_th0_1/20250109T100336Z_20250109T100436Z/KU1_outputs/X_prediction_results.csv
KU2,HE,KU2,0,0.0,0.0,0.0,2025-01-09 10:03:43.980,0.914655,2025-01-09 10:03:49.210,0.692347,2025-01-09 10:03:38.000,2025-01-09 10:04:38.000,eqt_explosions_th0_1/20250109T100338Z_20250109T100438Z/KU2_outputs/X_prediction_results.csv
KU6,HE,KU6,0,0.0,0.0,0.0,2025-01-09 10:03:49.290,0.903255,2025-01-09 10:03:58.130,0.444344,2025-01-09 10:03:44.000,2025-01-09 10:04:44.000,eqt_explosions_th0_1/20250109T100344Z_20250109T100444Z/KU6_outputs/X_prediction_results.csv
OLKF,FN,OLKF,0,0.0,0.0,0.0,2025-01-09 10:03:53.100,0.280263,2025-01-09 10:04:04.000,0.190684,2025-01-09 10:03:48.000,2025-01-09 10:04:48.000,eqt_explosions_th0_1/20250109T100348Z_20250109T100448Z/OLKF_outputs/X_prediction_results.csv
RANF,FN,RANF,0,0.0,0.0,0.0,2025-01-09 10:03:56.200,0.799928,2025-01-09 10:04:15.250,0.191928,2025-01-09 10:03:51.000,2025-01-09 10:04:51.000,eqt_explosions_th0_1/20250109T100351Z_20250109T100451Z/RANF_outputs/X_prediction_results.csv
OBF3,HE,OBF3,0,0.0,0.0,0.0,2025-01-09 10:04:11.952,0.38512,2025-01-09 10:04:36.192,0.358594,2025-01-09 10:04:06.000,2025-01-09 10:05:06.000,eqt_explosions_th0_1/20250109T100406Z_20250109T100506Z/OBF3_outputs/X_prediction_results.csv
NIF,HE,NIF,0,0.0,0.0,0.0,2025-01-09 10:34:27.838,0.943283,2025-01-09 10:34:36.598,0.6122,2025-01-09 10:34:22.000,2025-01-09 10:35:22.000,eqt_explosions_th0_1/20250109T103422Z_20250109T103522Z/NIF_outputs/X_prediction_results.csv
RMF,HE,RMF,0,0.0,0.0,0.0,2025-01-09 10:34:28.946,0.877098,2025-01-09 10:34:39.256,0.240218,2025-01-09 10:34:23.000,2025-01-09 10:35:23.000,eqt_explosions_th0_1/20250109T103423Z_20250109T103523Z/RMF_outputs/X_prediction_results.csv
JOF,HE,JOF,0,0.0,0.0,0.0,2025-01-09 10:34:34.480,0.9481,2025-01-09 10:34:49.220,0.142274,2025-01-09 10:34:29.000,2025-01-09 10:35:29.000,eqt_explosions_th0_1/20250109T103429Z_20250109T103529Z/JOF_outputs/X_prediction_results.csv
KAF,HE,KAF,0,0.0,0.0,0.0,2025-01-09 10:34:50.480,0.23977,,,2025-01-09 10:34:45.000,2025-01-09 10:35:45.000,eqt_explosions_th0_1/20250109T103445Z_20250109T103545Z/KAF_outputs/X_prediction_results.csv
KAF,HE,KAF,0,0.0,0.0,0.0,2025-01-09 10:34:51.480,0.235909,,,2025-01-09 10:34:45.000,2025-01-09 10:35:45.000,eqt_explosions_th0_1/20250109T103445Z_20250109T103545Z/KAF_outputs/X_prediction_results.csv
KU1,HE,KU1,0,0.0,0.0,0.0,2025-01-09 10:34:51.268,0.602523,2025-01-09 10:35:17.428,0.508619,2025-01-09 10:34:46.000,2025-01-09 10:35:46.000,eqt_explosions_th0_1/20250109T103446Z_20250109T103546Z/KU1_outputs/X_prediction_results.csv
OBF3,HE,OBF3,0,0.0,0.0,0.0,2025-01-09 10:53:09.206,0.64364,2025-01-09 10:53:31.536,0.431846,2025-01-09 10:53:04.000,2025-01-09 10:54:04.000,eqt_explosions_th0_1/20250109T105304Z_20250109T105404Z/OBF3_outputs/X_prediction_results.csv
TOF,HE,TOF,0,0.0,0.0,0.0,2025-01-09 10:56:29.840,0.68659,,,2025-01-09 10:56:24.000,2025-01-09 10:57:24.000,eqt_explosions_th0_1/20250109T105624Z_20250109T105724Z/TOF_outputs/X_prediction_results.csv
KLF,FN,KLF,0,0.0,0.0,0.0,2025-01-09 10:56:39.400,0.913355,2025-01-09 10:57:02.050,0.522469,2025-01-09 10:56:34.000,2025-01-09 10:57:34.000,eqt_explosions_th0_1/20250109T105634Z_20250109T105734Z/KLF_outputs/X_prediction_results.csv
RANF,FN,RANF,0,0.0,0.0,0.0,2025-01-09 10:56:46.060,0.146999,,,2025-01-09 10:56:41.000,2025-01-09 10:57:41.000,eqt_explosions_th0_1/20250109T105641Z_20250109T105741Z/RANF_outputs/X_prediction_results.csv
VUOS,HE,VUOS,0,0.0,0.0,0.0,2025-01-09 12:48:07.580,0.953665,2025-01-09 12:48:10.440,0.616267,2025-01-09 12:48:02.000,2025-01-09 12:49:02.000,eqt_explosions_th0_1/20250109T124802Z_20250109T124902Z/VUOS_outputs/X_prediction_results.csv
KUNI,HE,KUNI,0,0.0,0.0,0.0,2025-01-09 12:48:08.272,0.947195,2025-01-09 12:48:11.822,0.630556,2025-01-09 12:48:03.000,2025-01-09 12:49:03.000,eqt_explosions_th0_1/20250109T124803Z_20250109T124903Z/KUNI_outputs/X_prediction_results.csv
PVF,HE,PVF,0,0.0,0.0,0.0,2025-01-09 12:48:09.390,0.951565,2025-01-09 12:48:13.750,0.683764,2025-01-09 12:48:04.000,2025-01-09 12:49:04.000,eqt_explosions_th0_1/20250109T124804Z_20250109T124904Z/PVF_outputs/X_prediction_results.csv
HEL1,HE,HEL1,0,0.0,0.0,0.0,2025-01-09 12:48:09.720,0.798322,2025-01-09 12:48:13.750,0.600631,2025-01-09 12:48:04.000,2025-01-09 12:49:04.000,eqt_explosions_th0_1/20250109T124804Z_20250109T124904Z/HEL1_outputs/X_prediction_results.csv
NUR,HE,NUR,0,0.0,0.0,0.0,2025-01-09 12:48:10.770,0.94925,2025-01-09 12:48:16.070,0.660628,2025-01-09 12:48:05.000,2025-01-09 12:49:05.000,eqt_explosions_th0_1/20250109T124805Z_20250109T124905Z/NUR_outputs/X_prediction_results.csv
LAUT,HE,LAUT,0,0.0,0.0,0.0,2025-01-09 12:48:10.172,0.407849,2025-01-09 12:48:14.432,0.582931,2025-01-09 12:48:05.000,2025-01-09 12:49:05.000,eqt_explosions_th0_1/20250109T124805Z_20250109T124905Z/LAUT_outputs/X_prediction_results.csv
HEL5,HE,HEL5,0,0.0,0.0,0.0,2025-01-09 12:48:11.390,0.838178,2025-01-09 12:48:16.720,0.630178,2025-01-09 12:48:06.000,2025-01-09 12:49:06.000,eqt_explosions_th0_1/20250109T124806Z_20250109T124906Z/HEL5_outputs/X_prediction_results.csv
MEF,HE,MEF,0,0.0,0.0,0.0,2025-01-09 12:48:13.480,0.752071,2025-01-09 12:48:20.080,0.609873,2025-01-09 12:48:08.000,2025-01-09 12:49:08.000,eqt_explosions_th0_1/20250109T124808Z_20250109T124908Z/MEF_outputs/X_prediction_results.csv
KY17,HE,KY17,0,0.0,0.0,0.0,2025-01-09 12:48:22.292,0.895371,2025-01-09 12:48:35.662,0.532708,2025-01-09 12:48:17.000,2025-01-09 12:49:17.000,eqt_explosions_th0_1/20250109T124817Z_20250109T124917Z/KY17_outputs/X_prediction_results.csv
VJF,HE,VJF,0,0.0,0.0,0.0,2025-01-09 12:48:23.950,0.885019,2025-01-09 12:48:39.010,0.412059,2025-01-09 12:48:18.000,2025-01-09 12:49:18.000,eqt_explosions_th0_1/20250109T124818Z_20250109T124918Z/VJF_outputs/X_prediction_results.csv
FIA0,HE,FIA0,0,0.0,0.0,0.0,2025-01-09 12:48:24.710,0.929681,2025-01-09 12:48:39.590,0.417903,2025-01-09 12:48:19.000,2025-01-09 12:49:19.000,eqt_explosions_th0_1/20250109T124819Z_20250109T124919Z/FIA0_outputs/X_prediction_results.csv
FIA0,HE,FIA0,0,0.0,0.0,0.0,,,2025-01-09 12:48:46.020,0.179148,2025-01-09 12:48:19.000,2025-01-09 12:49:19.000,eqt_explosions_th0_1/20250109T124819Z_20250109T124919Z/FIA0_outputs/X_prediction_results.csv
TRE03,HE,TRE03,0,0.0,0.0,0.0,2025-01-09 12:48:29.620,0.904484,2025-01-09 12:48:50.950,0.455485,2025-01-09 12:48:24.000,2025-01-09 12:49:24.000,eqt_explosions_th0_1/20250109T124824Z_20250109T124924Z/TRE03_outputs/X_prediction_results.csv
KAF,HE,KAF,0,0.0,0.0,0.0,,,2025-01-09 12:49:00.870,0.575287,2025-01-09 12:48:31.000,2025-01-09 12:49:31.000,eqt_explosions_th0_1/20250109T124831Z_20250109T124931Z/KAF_outputs/X_prediction_results.csv
RAF,HE,RAF,0,0.0,0.0,0.0,2025-01-09 12:48:37.880,0.943837,2025-01-09 12:49:03.580,0.441825,2025-01-09 12:48:32.000,2025-01-09 12:49:32.000,eqt_explosions_th0_1/20250109T124832Z_20250109T124932Z/RAF_outputs/X_prediction_results.csv
KEF,HE,KEF,0,0.0,0.0,0.0,2025-01-09 12:48:37.290,0.729836,2025-01-09 12:49:01.020,0.307759,2025-01-09 12:48:32.000,2025-01-09 12:49:32.000,eqt_explosions_th0_1/20250109T124832Z_20250109T124932Z/KEF_outputs/X_prediction_results.csv
RUF,HE,RUF,0,0.0,0.0,0.0,2025-01-09 12:48:40.112,0.464093,2025-01-09 12:49:07.292,0.144491,2025-01-09 12:48:35.000,2025-01-09 12:49:35.000,eqt_explosions_th0_1/20250109T124835Z_20250109T124935Z/RUF_outputs/X_prediction_results.csv
RUF,HE,RUF,0,0.0,0.0,0.0,2025-01-09 12:48:41.112,0.239228,,,2025-01-09 12:48:35.000,2025-01-09 12:49:35.000,eqt_explosions_th0_1/20250109T124835Z_20250109T124935Z/RUF_outputs/X_prediction_results.csv
TVF,HE,TVF,0,0.0,0.0,0.0,,,2025-01-09 12:48:47.390,0.304927,2025-01-09 12:48:36.000,2025-01-09 12:49:36.000,eqt_explosions_th0_1/20250109T124836Z_20250109T124936Z/TVF_outputs/X_prediction_results.csv
KPF,HE,KPF,0,0.0,0.0,0.0,2025-01-09 12:48:42.690,0.282065,,,2025-01-09 12:48:37.000,2025-01-09 12:49:37.000,eqt_explosions_th0_1/20250109T124837Z_20250109T124937Z/KPF_outputs/X_prediction_results.csv
KPF,HE,KPF,0,0.0,0.0,0.0,2025-01-09 12:48:43.690,0.345114,,,2025-01-09 12:48:37.000,2025-01-09 12:49:37.000,eqt_explosions_th0_1/20250109T124837Z_20250109T124937Z/KPF_outputs/X_prediction_results.csv
KPF,HE,KPF,0,0.0,0.0,0.0,2025-01-09 12:48:44.690,0.133029,,,2025-01-09 12:48:37.000,2025-01-09 12:49:37.000,eqt_explosions_th0_1/20250109T124837Z_20250109T124937Z/KPF_outputs/X_prediction_results.csv
VRF,HE,VRF,0,0.0,0.0,0.0,2025-01-10 06:26:29.440,0.863011,2025-01-10 06:26:51.980,0.330924,2025-01-10 06:26:24.000,2025-01-10 06:27:24.000,eqt_explosions_th0_1/20250110T062624Z_20250110T062724Z/VRF_outputs/X_prediction_results.csv
RAJF,FN,RAJF,0,0.0,0.0,0.0,2025-01-10 06:26:39.700,0.189,2025-01-10 06:27:08.830,0.248265,2025-01-10 06:26:34.000,2025-01-10 06:27:34.000,eqt_explosions_th0_1/20250110T062634Z_20250110T062734Z/RAJF_outputs/X_prediction_results.csv
TOF,HE,TOF,0,0.0,0.0,0.0,2025-01-10 09:02:55.730,0.947606,2025-01-10 09:03:10.260,0.256393,2025-01-10 09:02:50.000,2025-01-10 09:03:50.000,eqt_explosions_th0_1/20250110T090250Z_20250110T090350Z/TOF_outputs/X_prediction_results.csv
OBF3,HE,OBF3,0,0.0,0.0,0.0,2025-01-10 09:03:04.534,0.941046,2025-01-10 09:03:25.994,0.269882,2025-01-10 09:02:59.000,2025-01-10 09:03:59.000,eqt_explosions_th0_1/20250110T090259Z_20250110T090359Z/OBF3_outputs/X_prediction_results.csv
OBF0,HE,OBF0,0,0.0,0.0,0.0,2025-01-10 09:03:06.562,0.317985,2025-01-10 09:03:29.922,0.459048,2025-01-10 09:03:01.000,2025-01-10 09:04:01.000,eqt_explosions_th0_1/20250110T090301Z_20250110T090401Z/OBF0_outputs/X_prediction_results.csv
KLF,FN,KLF,0,0.0,0.0,0.0,2025-01-10 09:03:06.960,0.925768,2025-01-10 09:03:28.830,0.226898,2025-01-10 09:03:01.000,2025-01-10 09:04:01.000,eqt_explosions_th0_1/20250110T090301Z_20250110T090401Z/KLF_outputs/X_prediction_results.csv
OUF,HE,OUF,0,0.0,0.0,0.0,2025-01-10 09:03:10.330,0.929225,2025-01-10 09:03:36.620,0.124327,2025-01-10 09:03:05.000,2025-01-10 09:04:05.000,eqt_explosions_th0_1/20250110T090305Z_20250110T090405Z/OUF_outputs/X_prediction_results.csv
RANF,FN,RANF,0,0.0,0.0,0.0,2025-01-10 09:03:12.400,0.811468,2025-01-10 09:03:38.970,0.455053,2025-01-10 09:03:07.000,2025-01-10 09:04:07.000,eqt_explosions_th0_1/20250110T090307Z_20250110T090407Z/RANF_outputs/X_prediction_results.csv
NIF,HE,NIF,0,0.0,0.0,0.0,2025-01-10 09:55:47.132,0.890554,2025-01-10 09:55:54.472,0.682085,2025-01-10 09:55:42.000,2025-01-10 09:56:42.000,eqt_explosions_th0_1/20250110T095542Z_20250110T095642Z/NIF_outputs/X_prediction_results.csv
SUF,HE,SUF,0,0.0,0.0,0.0,2025-01-10 09:55:48.640,0.702191,2025-01-10 09:55:57.940,0.454507,2025-01-10 09:55:43.000,2025-01-10 09:56:43.000,eqt_explosions_th0_1/20250110T095543Z_20250110T095643Z/SUF_outputs/X_prediction_results.csv
KAF,HE,KAF,0,0.0,0.0,0.0,2025-01-10 09:55:53.490,0.809942,2025-01-10 09:56:05.550,0.527478,2025-01-10 09:55:48.000,2025-01-10 09:56:48.000,eqt_explosions_th0_1/20250110T095548Z_20250110T095648Z/KAF_outputs/X_prediction_results.csv
KEF,HE,KEF,0,0.0,0.0,0.0,2025-01-10 09:56:02.110,0.934609,2025-01-10 09:56:22.680,0.126309,2025-01-10 09:55:57.000,2025-01-10 09:56:57.000,eqt_explosions_th0_1/20250110T095557Z_20250110T095657Z/KEF_outputs/X_prediction_results.csv
FIA0,HE,FIA0,0,0.0,0.0,0.0,2025-01-10 09:56:04.600,0.561235,2025-01-10 09:56:25.080,0.412676,2025-01-10 09:55:59.000,2025-01-10 09:56:59.000,eqt_explosions_th0_1/20250110T095559Z_20250110T095659Z/FIA0_outputs/X_prediction_results.csv
RUF,HE,RUF,0,0.0,0.0,0.0,2025-01-10 09:56:05.140,0.227088,2025-01-10 09:56:25.330,0.42407,2025-01-10 09:56:00.000,2025-01-10 09:57:00.000,eqt_explosions_th0_1/20250110T095600Z_20250110T095700Z/RUF_outputs/X_prediction_results.csv
HEL5,HE,HEL5,0,0.0,0.0,0.0,2025-01-10 10:01:14.346,0.907857,2025-01-10 10:01:15.996,0.570833,2025-01-10 10:01:09.000,2025-01-10 10:02:09.000,eqt_explosions_th0_1/20250110T100109Z_20250110T100209Z/HEL5_outputs/X_prediction_results.csv
MEF,HE,MEF,0,0.0,0.0,0.0,2025-01-10 10:01:14.410,0.954004,2025-01-10 10:01:16.430,0.756827,2025-01-10 10:01:09.000,2025-01-10 10:02:09.000,eqt_explosions_th0_1/20250110T100109Z_20250110T100209Z/MEF_outputs/X_prediction_results.csv
LAUT,HE,LAUT,0,0.0,0.0,0.0,2025-01-10 10:01:15.390,0.892743,2025-01-10 10:01:17.480,0.641245,2025-01-10 10:01:10.000,2025-01-10 10:02:10.000,eqt_explosions_th0_1/20250110T100110Z_20250110T100210Z/LAUT_outputs/X_prediction_results.csv
HEL1,HE,HEL1,0,0.0,0.0,0.0,2025-01-10 10:01:15.662,0.468155,2025-01-10 10:01:18.312,0.411849,2025-01-10 10:01:10.000,2025-01-10 10:02:10.000,eqt_explosions_th0_1/20250110T100110Z_20250110T100210Z/HEL1_outputs/X_prediction_results.csv
RSUO,HE,RSUO,0,0.0,0.0,0.0,2025-01-10 10:01:16.096,0.389911,2025-01-10 10:01:19.166,0.608876,2025-01-10 10:01:11.000,2025-01-10 10:02:11.000,eqt_explosions_th0_1/20250110T100111Z_20250110T100211Z/RSUO_outputs/X_prediction_results.csv
VAF,HE,VAF,0,0.0,0.0,0.0,2025-01-10 10:05:23.410,0.944411,2025-01-10 10:05:26.110,0.47075,2025-01-10 10:05:18.000,2025-01-10 10:06:18.000,eqt_explosions_th0_1/20250110T100518Z_20250110T100618Z/VAF_outputs/X_prediction_results.csv
ALAJF,HE,ALAJF,0,0.0,0.0,0.0,2025-01-10 10:05:33.626,0.938813,2025-01-10 10:05:44.066,0.611918,2025-01-10 10:05:28.000,2025-01-10 10:06:28.000,eqt_explosions_th0_1/20250110T100528Z_20250110T100628Z/ALAJF_outputs/X_prediction_results.csv
KPF,HE,KPF,0,0.0,0.0,0.0,2025-01-10 10:05:45.476,0.907714,2025-01-10 10:06:04.986,0.184067,2025-01-10 10:05:40.000,2025-01-10 10:06:40.000,eqt_explosions_th0_1/20250110T100540Z_20250110T100640Z/KPF_outputs/X_prediction_results.csv
OBF0,HE,OBF0,0,0.0,0.0,0.0,2025-01-10 10:05:47.848,0.888724,2025-01-10 10:06:08.708,0.206181,2025-01-10 10:05:42.000,2025-01-10 10:06:42.000,eqt_explosions_th0_1/20250110T100542Z_20250110T100642Z/OBF0_outputs/X_prediction_results.csv
OUF,HE,OUF,0,0.0,0.0,0.0,2025-01-10 10:05:48.030,0.884778,2025-01-10 10:06:09.040,0.284709,2025-01-10 10:05:43.000,2025-01-10 10:06:43.000,eqt_explosions_th0_1/20250110T100543Z_20250110T100643Z/OUF_outputs/X_prediction_results.csv
KEF,HE,KEF,0,0.0,0.0,0.0,2025-01-10 10:05:48.470,0.849422,2025-01-10 10:06:08.630,0.528253,2025-01-10 10:05:43.000,2025-01-10 10:06:43.000,eqt_explosions_th0_1/20250110T100543Z_20250110T100643Z/KEF_outputs/X_prediction_results.csv
OBF3,HE,OBF3,0,0.0,0.0,0.0,2025-01-10 10:05:53.898,0.732748,2025-01-10 10:06:19.068,0.482454,2025-01-10 10:05:48.000,2025-01-10 10:06:48.000,eqt_explosions_th0_1/20250110T100548Z_20250110T100648Z/OBF3_outputs/X_prediction_results.csv
KAF,HE,KAF,0,0.0,0.0,0.0,2025-01-10 10:05:57.760,0.450451,2025-01-10 10:06:24.940,0.520521,2025-01-10 10:05:52.000,2025-01-10 10:06:52.000,eqt_explosions_th0_1/20250110T100552Z_20250110T100652Z/KAF_outputs/X_prediction_results.csv
SUF,HE,SUF,0,0.0,0.0,0.0,,,2025-01-10 10:06:15.242,0.52788,2025-01-10 10:06:09.000,2025-01-10 10:07:09.000,eqt_explosions_th0_1/20250110T100609Z_20250110T100709Z/SUF_outputs/X_prediction_results.csv
VJF,HE,VJF,0,0.0,0.0,0.0,2025-01-10 10:24:52.980,0.931804,2025-01-10 10:24:56.950,0.761876,2025-01-10 10:24:47.000,2025-01-10 10:25:47.000,eqt_explosions_th0_1/20250110T102447Z_20250110T102547Z/VJF_outputs/X_prediction_results.csv
KY17,HE,KY17,0,0.0,0.0,0.0,2025-01-10 10:24:54.012,0.93948,2025-01-10 10:24:58.582,0.708475,2025-01-10 10:24:49.000,2025-01-10 10:25:49.000,eqt_explosions_th0_1/20250110T102449Z_20250110T102549Z/KY17_outputs/X_prediction_results.csv
PVF,HE,PVF,0,0.0,0.0,0.0,2025-01-10 10:24:58.280,0.944398,2025-01-10 10:25:05.750,0.728319,2025-01-10 10:24:53.000,2025-01-10 10:25:53.000,eqt_explosions_th0_1/20250110T102453Z_20250110T102553Z/PVF_outputs/X_prediction_results.csv
FIA0,HE,FIA0,0,0.0,0.0,0.0,2025-01-10 10:25:04.920,0.577805,2025-01-10 10:25:18.180,0.651405,2025-01-10 10:24:59.000,2025-01-10 10:25:59.000,eqt_explosions_th0_1/20250110T102459Z_20250110T102559Z/FIA0_outputs/X_prediction_results.csv
RUF,HE,RUF,0,0.0,0.0,0.0,2025-01-10 10:25:10.212,0.850709,2025-01-10 10:25:26.922,0.342233,2025-01-10 10:25:05.000,2025-01-10 10:26:05.000,eqt_explosions_th0_1/20250110T102505Z_20250110T102605Z/RUF_outputs/X_prediction_results.csv
MEF,HE,MEF,0,0.0,0.0,0.0,2025-01-10 10:25:13.980,0.173752,2025-01-10 10:25:30.210,0.544056,2025-01-10 10:25:08.000,2025-01-10 10:26:08.000,eqt_explosions_th0_1/20250110T102508Z_20250110T102608Z/MEF_outputs/X_prediction_results.csv
KAF,HE,KAF,0,0.0,0.0,0.0,2025-01-10 10:25:15.780,0.673912,2025-01-10 10:25:36.630,0.563045,2025-01-10 10:25:10.000,2025-01-10 10:26:10.000,eqt_explosions_th0_1/20250110T102510Z_20250110T102610Z/KAF_outputs/X_prediction_results.csv
KEF,HE,KEF,0,0.0,0.0,0.0,2025-01-10 10:25:21.980,0.195994,2025-01-10 10:25:46.420,0.427448,2025-01-10 10:25:16.000,2025-01-10 10:26:16.000,eqt_explosions_th0_1/20250110T102516Z_20250110T102616Z/KEF_outputs/X_prediction_results.csv
RAF,HE,RAF,0,0.0,0.0,0.0,2025-01-10 10:25:32.330,0.695513,,,2025-01-10 10:25:27.000,2025-01-10 10:26:27.000,eqt_explosions_th0_1/20250110T102527Z_20250110T102627Z/RAF_outputs/X_prediction_results.csv
RAF,HE,RAF,0,0.0,0.0,0.0,,,2025-01-10 10:26:06.060,0.219009,2025-01-10 10:25:27.000,2025-01-10 10:26:27.000,eqt_explosions_th0_1/20250110T102527Z_20250110T102627Z/RAF_outputs/X_prediction_results.csv
MEF,HE,MEF,0,0.0,0.0,0.0,2025-01-10 10:27:52.790,0.937005,2025-01-10 10:27:55.520,0.723928,2025-01-10 10:27:47.000,2025-01-10 10:28:47.000,eqt_explosions_th0_1/20250110T102747Z_20250110T102847Z/MEF_outputs/X_prediction_results.csv
HEL5,HE,HEL5,0,0.0,0.0,0.0,2025-01-10 10:27:53.252,0.432982,2025-01-10 10:27:56.352,0.416934,2025-01-10 10:27:48.000,2025-01-10 10:28:48.000,eqt_explosions_th0_1/20250110T102748Z_20250110T102848Z/HEL5_outputs/X_prediction_results.csv
LAUT,HE,LAUT,0,0.0,0.0,0.0,2025-01-10 10:27:54.420,0.928001,2025-01-10 10:27:58.440,0.730352,2025-01-10 10:27:49.000,2025-01-10 10:28:49.000,eqt_explosions_th0_1/20250110T102749Z_20250110T102849Z/LAUT_outputs/X_prediction_results.csv
HEL1,HE,HEL1,0,0.0,0.0,0.0,,,2025-01-10 10:27:59.074,0.128412,2025-01-10 10:27:50.000,2025-01-10 10:28:50.000,eqt_explosions_th0_1/20250110T102750Z_20250110T102850Z/HEL1_outputs/X_prediction_results.csv
MEF,HE,MEF,0,0.0,0.0,0.0,2025-01-10 11:01:15.930,0.932454,2025-01-10 11:01:19.550,0.724722,2025-01-10 11:01:10.000,2025-01-10 11:02:10.000,eqt_explosions_th0_1/20250110T110110Z_20250110T110210Z/MEF_outputs/X_prediction_results.csv
TVF,HE,TVF,0,0.0,0.0,0.0,2025-01-10 11:01:19.780,0.946109,2025-01-10 11:01:25.910,0.548923,2025-01-10 11:01:14.000,2025-01-10 11:02:14.000,eqt_explosions_th0_1/20250110T110114Z_20250110T110214Z/TVF_outputs/X_prediction_results.csv
HEL5,HE,HEL5,0,0.0,0.0,0.0,2025-01-10 11:01:19.190,0.937748,2025-01-10 11:01:25.090,0.239792,2025-01-10 11:01:14.000,2025-01-10 11:02:14.000,eqt_explosions_th0_1/20250110T110114Z_20250110T110214Z/HEL5_outputs/X_prediction_results.csv
KUNI,HE,KUNI,0,0.0,0.0,0.0,2025-01-10 11:01:20.890,0.903606,2025-01-10 11:01:27.590,0.669202,2025-01-10 11:01:15.000,2025-01-10 11:02:15.000,eqt_explosions_th0_1/20250110T110115Z_20250110T110215Z/KUNI_outputs/X_prediction_results.csv
LAUT,HE,LAUT,0,0.0,0.0,0.0,2025-01-10 11:01:20.290,0.535768,2025-01-10 11:01:26.160,0.621423,2025-01-10 11:01:15.000,2025-01-10 11:02:15.000,eqt_explosions_th0_1/20250110T110115Z_20250110T110215Z/LAUT_outputs/X_prediction_results.csv
HEL1,HE,HEL1,0,0.0,0.0,0.0,2025-01-10 11:01:20.552,0.74797,2025-01-10 11:01:26.902,0.19207,2025-01-10 11:01:15.000,2025-01-10 11:02:15.000,eqt_explosions_th0_1/20250110T110115Z_20250110T110215Z/HEL1_outputs/X_prediction_results.csv
NUR,HE,NUR,0,0.0,0.0,0.0,2025-01-10 11:01:21.080,0.613503,2025-01-10 11:01:27.720,0.409608,2025-01-10 11:01:16.000,2025-01-10 11:02:16.000,eqt_explosions_th0_1/20250110T110116Z_20250110T110216Z/NUR_outputs/X_prediction_results.csv
VUOS,HE,VUOS,0,0.0,0.0,0.0,2025-01-10 11:01:22.910,0.477457,2025-01-10 11:01:31.210,0.182388,2025-01-10 11:01:17.000,2025-01-10 11:02:17.000,eqt_explosions_th0_1/20250110T110117Z_20250110T110217Z/VUOS_outputs/X_prediction_results.csv
PVF,HE,PVF,0,0.0,0.0,0.0,2025-01-10 11:01:30.700,0.949391,2025-01-10 11:01:44.420,0.245728,2025-01-10 11:01:25.000,2025-01-10 11:02:25.000,eqt_explosions_th0_1/20250110T110125Z_20250110T110225Z/PVF_outputs/X_prediction_results.csv
PVF,HE,PVF,0,0.0,0.0,0.0,,,2025-01-10 11:01:50.540,0.226972,2025-01-10 11:01:25.000,2025-01-10 11:02:25.000,eqt_explosions_th0_1/20250110T110125Z_20250110T110225Z/PVF_outputs/X_prediction_results.csv
KORF,HE,KORF,0,0.0,0.0,0.0,2025-01-10 11:01:33.880,0.940342,2025-01-10 11:01:49.990,0.122468,2025-01-10 11:01:28.000,2025-01-10 11:02:28.000,eqt_explosions_th0_1/20250110T110128Z_20250110T110228Z/KORF_outputs/X_prediction_results.csv
KORF,HE,KORF,0,0.0,0.0,0.0,,,2025-01-10 11:01:55.660,0.189975,2025-01-10 11:01:28.000,2025-01-10 11:02:28.000,eqt_explosions_th0_1/20250110T110128Z_20250110T110228Z/KORF_outputs/X_prediction_results.csv
RAF,HE,RAF,0,0.0,0.0,0.0,2025-01-10 11:01:36.680,0.956434,2025-01-10 11:02:00.880,0.22073,2025-01-10 11:01:31.000,2025-01-10 11:02:31.000,eqt_explosions_th0_1/20250110T110131Z_20250110T110231Z/RAF_outputs/X_prediction_results.csv
TRE03,HE,TRE03,0,0.0,0.0,0.0,2025-01-10 11:01:39.180,0.873293,2025-01-10 11:01:58.400,0.574938,2025-01-10 11:01:34.000,2025-01-10 11:02:34.000,eqt_explosions_th0_1/20250110T110134Z_20250110T110234Z/TRE03_outputs/X_prediction_results.csv
KY17,HE,KY17,0,0.0,0.0,0.0,2025-01-10 11:01:42.880,0.323981,2025-01-10 11:02:06.150,0.451785,2025-01-10 11:01:37.000,2025-01-10 11:02:37.000,eqt_explosions_th0_1/20250110T110137Z_20250110T110237Z/KY17_outputs/X_prediction_results.csv
VJF,HE,VJF,0,0.0,0.0,0.0,2025-01-10 11:01:44.580,0.913232,2025-01-10 11:02:09.440,0.20717,2025-01-10 11:01:39.000,2025-01-10 11:02:39.000,eqt_explosions_th0_1/20250110T110139Z_20250110T110239Z/VJF_outputs/X_prediction_results.csv
AAL,UP,AAL,0,0.0,0.0,0.0,2025-01-10 11:01:46.720,0.869677,2025-01-10 11:02:12.320,0.265129,2025-01-10 11:01:41.000,2025-01-10 11:02:41.000,eqt_explosions_th0_1/20250110T110141Z_20250110T110241Z/AAL_outputs/X_prediction_results.csv
KPF,HE,KPF,0,0.0,0.0,0.0,2025-01-10 11:01:46.490,0.912681,2025-01-10 11:02:11.020,0.408495,2025-01-10 11:01:41.000,2025-01-10 11:02:41.000,eqt_explosions_th0_1/20250110T110141Z_20250110T110241Z/KPF_outputs/X_prediction_results.csv
KEF,HE,KEF,0,0.0,0.0,0.0,,,2025-01-10 11:02:16.850,0.25044,2025-01-10 11:01:44.000,2025-01-10 11:02:44.000,eqt_explosions_th0_1/20250110T110144Z_20250110T110244Z/KEF_outputs/X_prediction_results.csv
KAF,HE,KAF,0,0.0,0.0,0.0,,,2025-01-10 11:02:22.090,0.609264,2025-01-10 11:02:17.000,2025-01-10 11:03:17.000,eqt_explosions_th0_1/20250110T110217Z_20250110T110317Z/KAF_outputs/X_prediction_results.csv
MEF,HE,MEF,0,0.0,0.0,0.0,2025-01-10 11:30:06.600,0.955564,2025-01-10 11:30:08.940,0.834002,2025-01-10 11:30:01.000,2025-01-10 11:31:01.000,eqt_explosions_th0_1/20250110T113001Z_20250110T113101Z/MEF_outputs/X_prediction_results.csv
NIF,HE,NIF,0,0.0,0.0,0.0,2025-01-10 11:51:42.272,0.945343,2025-01-10 11:51:46.902,0.480375,2025-01-10 11:51:37.000,2025-01-10 11:52:37.000,eqt_explosions_th0_1/20250110T115137Z_20250110T115237Z/NIF_outputs/X_prediction_results.csv
SUF,HE,SUF,0,0.0,0.0,0.0,2025-01-10 11:51:53.140,0.488003,2025-01-10 11:52:04.700,0.188027,2025-01-10 11:51:48.000,2025-01-10 11:52:48.000,eqt_explosions_th0_1/20250110T115148Z_20250110T115248Z/SUF_outputs/X_prediction_results.csv
KJNF,HE,KJNF,0,0.0,0.0,0.0,2025-01-10 11:51:57.850,0.455259,2025-01-10 11:52:13.020,0.301356,2025-01-10 11:51:52.000,2025-01-10 11:52:52.000,eqt_explosions_th0_1/20250110T115152Z_20250110T115252Z/KJNF_outputs/X_prediction_results.csv
KJNF,HE,KJNF,0,0.0,0.0,0.0,2025-01-10 11:51:58.840,0.214401,,,2025-01-10 11:51:52.000,2025-01-10 11:52:52.000,eqt_explosions_th0_1/20250110T115152Z_20250110T115252Z/KJNF_outputs/X_prediction_results.csv
KAF,HE,KAF,0,0.0,0.0,0.0,2025-01-10 11:51:59.590,0.834471,2025-01-10 11:52:17.670,0.278128,2025-01-10 11:51:54.000,2025-01-10 11:52:54.000,eqt_explosions_th0_1/20250110T115154Z_20250110T115254Z/KAF_outputs/X_prediction_results.csv
RMF,HE,RMF,0,0.0,0.0,0.0,2025-01-10 11:52:04.180,0.947781,2025-01-10 11:52:23.470,0.415639,2025-01-10 11:51:59.000,2025-01-10 11:52:59.000,eqt_explosions_th0_1/20250110T115159Z_20250110T115259Z/RMF_outputs/X_prediction_results.csv
JOF,HE,JOF,0,0.0,0.0,0.0,2025-01-10 11:52:06.920,0.937914,2025-01-10 11:52:29.420,0.16642,2025-01-10 11:52:01.000,2025-01-10 11:53:01.000,eqt_explosions_th0_1/20250110T115201Z_20250110T115301Z/JOF_outputs/X_prediction_results.csv
KEF,HE,KEF,0,0.0,0.0,0.0,2025-01-10 11:52:07.480,0.583931,2025-01-10 11:52:29.040,0.215449,2025-01-10 11:52:02.000,2025-01-10 11:53:02.000,eqt_explosions_th0_1/20250110T115202Z_20250110T115302Z/KEF_outputs/X_prediction_results.csv
OUF,HE,OUF,0,0.0,0.0,0.0,2025-01-10 11:52:10.170,0.950771,2025-01-10 11:52:35.190,0.496331,2025-01-10 11:52:05.000,2025-01-10 11:53:05.000,eqt_explosions_th0_1/20250110T115205Z_20250110T115305Z/OUF_outputs/X_prediction_results.csv
RUF,HE,RUF,0,0.0,0.0,0.0,2025-01-10 11:52:10.090,0.404169,2025-01-10 11:52:33.270,0.153731,2025-01-10 11:52:05.000,2025-01-10 11:53:05.000,eqt_explosions_th0_1/20250110T115205Z_20250110T115305Z/RUF_outputs/X_prediction_results.csv
FIA0,HE,FIA0,0,0.0,0.0,0.0,2025-01-10 11:52:11.500,0.687612,2025-01-10 11:52:36.150,0.205427,2025-01-10 11:52:06.000,2025-01-10 11:53:06.000,eqt_explosions_th0_1/20250110T115206Z_20250110T115306Z/FIA0_outputs/X_prediction_results.csv
OBF0,HE,OBF0,0,0.0,0.0,0.0,2025-01-10 11:52:14.380,0.939326,2025-01-10 11:52:43.360,0.27803,2025-01-10 11:52:09.000,2025-01-10 11:53:09.000,eqt_explosions_th0_1/20250110T115209Z_20250110T115309Z/OBF0_outputs/X_prediction_results.csv
OBF3,HE,OBF3,0,0.0,0.0,0.0,2025-01-10 11:52:16.090,0.812006,2025-01-10 11:52:45.150,0.157382,2025-01-10 11:52:11.000,2025-01-10 11:53:11.000,eqt_explosions_th0_1/20250110T115211Z_20250110T115311Z/OBF3_outputs/X_prediction_results.csv
TRE03,HE,TRE03,0,0.0,0.0,0.0,2025-01-10 11:52:17.910,0.58048,2025-01-10 11:52:47.130,0.127236,2025-01-10 11:52:12.000,2025-01-10 11:53:12.000,eqt_explosions_th0_1/20250110T115212Z_20250110T115312Z/TRE03_outputs/X_prediction_results.csv
KY17,HE,KY17,0,0.0,0.0,0.0,2025-01-10 11:52:17.180,0.57236,2025-01-10 11:52:47.010,0.221421,2025-01-10 11:52:12.000,2025-01-10 11:53:12.000,eqt_explosions_th0_1/20250110T115212Z_20250110T115312Z/KY17_outputs/X_prediction_results.csv
KY17,HE,KY17,0,0.0,0.0,0.0,2025-01-10 11:52:18.200,0.167794,,,2025-01-10 11:52:12.000,2025-01-10 11:53:12.000,eqt_explosions_th0_1/20250110T115212Z_20250110T115312Z/KY17_outputs/X_prediction_results.csv
VAF,HE,VAF,0,0.0,0.0,0.0,2025-01-10 11:52:18.330,0.946235,,,2025-01-10 11:52:13.000,2025-01-10 11:53:13.000,eqt_explosions_th0_1/20250110T115213Z_20250110T115313Z/VAF_outputs/X_prediction_results.csv
VAF,HE,VAF,0,0.0,0.0,0.0,,,2025-01-10 11:52:48.930,0.402052,2025-01-10 11:52:13.000,2025-01-10 11:53:13.000,eqt_explosions_th0_1/20250110T115213Z_20250110T115313Z/VAF_outputs/X_prediction_results.csv
KU1,HE,KU1,0,0.0,0.0,0.0,2025-01-10 11:52:21.980,0.824539,,,2025-01-10 11:52:16.000,2025-01-10 11:53:16.000,eqt_explosions_th0_1/20250110T115216Z_20250110T115316Z/KU1_outputs/X_prediction_results.csv
KU2,HE,KU2,0,0.0,0.0,0.0,2025-01-10 11:52:22.490,0.774444,,,2025-01-10 11:52:17.000,2025-01-10 11:53:17.000,eqt_explosions_th0_1/20250110T115217Z_20250110T115317Z/KU2_outputs/X_prediction_results.csv
KU2,HE,KU2,0,0.0,0.0,0.0,,,2025-01-10 11:52:56.920,0.11843,2025-01-10 11:52:17.000,2025-01-10 11:53:17.000,eqt_explosions_th0_1/20250110T115217Z_20250110T115317Z/KU2_outputs/X_prediction_results.csv
RANF,FN,RANF,0,0.0,0.0,0.0,2025-01-10 11:52:27.810,0.156033,,,2025-01-10 11:52:21.000,2025-01-10 11:53:21.000,eqt_explosions_th0_1/20250110T115221Z_20250110T115321Z/RANF_outputs/X_prediction_results.csv
KPF,HE,KPF,0,0.0,0.0,0.0,2025-01-10 11:52:29.990,0.100122,,,2025-01-10 11:52:22.000,2025-01-10 11:53:22.000,eqt_explosions_th0_1/20250110T115222Z_20250110T115322Z/KPF_outputs/X_prediction_results.csv
KPF,HE,KPF,0,0.0,0.0,0.0,2025-01-10 11:52:27.990,0.216397,,,2025-01-10 11:52:22.000,2025-01-10 11:53:22.000,eqt_explosions_th0_1/20250110T115222Z_20250110T115322Z/KPF_outputs/X_prediction_results.csv
KPF,HE,KPF,0,0.0,0.0,0.0,2025-01-10 11:52:29.000,0.129339,,,2025-01-10 11:52:22.000,2025-01-10 11:53:22.000,eqt_explosions_th0_1/20250110T115222Z_20250110T115322Z/KPF_outputs/X_prediction_results.csv
OLKF,FN,OLKF,0,0.0,0.0,0.0,,,2025-01-10 11:52:35.340,0.32861,2025-01-10 11:52:26.000,2025-01-10 11:53:26.000,eqt_explosions_th0_1/20250110T115226Z_20250110T115326Z/OLKF_outputs/X_prediction_results.csv
TVF,HE,TVF,0,0.0,0.0,0.0,2025-01-10 12:03:50.362,0.37109,2025-01-10 12:03:58.812,0.279276,2025-01-10 12:03:45.000,2025-01-10 12:04:45.000,eqt_explosions_th0_1/20250110T120345Z_20250110T120445Z/TVF_outputs/X_prediction_results.csv
TVF,HE,TVF,0,0.0,0.0,0.0,2025-01-10 12:03:51.372,0.150051,,,2025-01-10 12:03:45.000,2025-01-10 12:04:45.000,eqt_explosions_th0_1/20250110T120345Z_20250110T120445Z/TVF_outputs/X_prediction_results.csv
KORF,HE,KORF,0,0.0,0.0,0.0,2025-01-10 12:03:51.016,0.949443,2025-01-10 12:04:00.486,0.447773,2025-01-10 12:03:46.000,2025-01-10 12:04:46.000,eqt_explosions_th0_1/20250110T120346Z_20250110T120446Z/KORF_outputs/X_prediction_results.csv
RAF,HE,RAF,0,0.0,0.0,0.0,2025-01-10 12:03:52.670,0.822749,2025-01-10 12:04:02.910,0.410097,2025-01-10 12:03:47.000,2025-01-10 12:04:47.000,eqt_explosions_th0_1/20250110T120347Z_20250110T120447Z/RAF_outputs/X_prediction_results.csv
MEF,HE,MEF,0,0.0,0.0,0.0,2025-01-10 12:03:54.560,0.367274,2025-01-10 12:04:06.250,0.421136,2025-01-10 12:03:49.000,2025-01-10 12:04:49.000,eqt_explosions_th0_1/20250110T120349Z_20250110T120449Z/MEF_outputs/X_prediction_results.csv
KPF,HE,KPF,0,0.0,0.0,0.0,2025-01-10 12:04:04.910,0.946943,2025-01-10 12:04:24.780,0.305367,2025-01-10 12:03:59.000,2025-01-10 12:04:59.000,eqt_explosions_th0_1/20250110T120359Z_20250110T120459Z/KPF_outputs/X_prediction_results.csv
ECKF,HE,ECKF,0,0.0,0.0,0.0,2025-01-10 12:04:08.004,0.543927,,,2025-01-10 12:04:03.000,2025-01-10 12:05:03.000,eqt_explosions_th0_1/20250110T120403Z_20250110T120503Z/ECKF_outputs/X_prediction_results.csv
KORF,HE,KORF,0,0.0,0.0,0.0,2025-01-10 12:08:58.190,0.90833,2025-01-10 12:09:04.240,0.546137,2025-01-10 12:08:53.000,2025-01-10 12:09:53.000,eqt_explosions_th0_1/20250110T120853Z_20250110T120953Z/KORF_outputs/X_prediction_results.csv
RAF,HE,RAF,0,0.0,0.0,0.0,2025-01-10 12:09:04.580,0.930086,2025-01-10 12:09:14.770,0.738809,2025-01-10 12:08:59.000,2025-01-10 12:09:59.000,eqt_explosions_th0_1/20250110T120859Z_20250110T120959Z/RAF_outputs/X_prediction_results.csv
KPF,HE,KPF,0,0.0,0.0,0.0,,,2025-01-10 12:09:39.060,0.53785,2025-01-10 12:09:14.000,2025-01-10 12:10:14.000,eqt_explosions_th0_1/20250110T120914Z_20250110T121014Z/KPF_outputs/X_prediction_results.csv
OBF3,HE,OBF3,0,0.0,0.0,0.0,2025-01-10 12:48:21.550,0.54997,2025-01-10 12:48:43.950,0.390283,2025-01-10 12:48:16.000,2025-01-10 12:49:16.000,eqt_explosions_th0_1/20250110T124816Z_20250110T124916Z/OBF3_outputs/X_prediction_results.csv
OBF0,HE,OBF0,0,0.0,0.0,0.0,2025-01-10 12:48:22.542,0.851896,,,2025-01-10 12:48:17.000,2025-01-10 12:49:17.000,eqt_explosions_th0_1/20250110T124817Z_20250110T124917Z/OBF0_outputs/X_prediction_results.csv
RUF,HE,RUF,0,0.0,0.0,0.0,2025-01-10 13:29:29.890,0.945568,2025-01-10 13:29:37.830,0.498501,2025-01-10 13:29:24.000,2025-01-10 13:30:24.000,eqt_explosions_th0_1/20250110T132924Z_20250110T133024Z/RUF_outputs/X_prediction_results.csv
VJF,HE,VJF,0,0.0,0.0,0.0,2025-01-10 13:29:42.110,0.949063,2025-01-10 13:30:00.170,0.117691,2025-01-10 13:29:37.000,2025-01-10 13:30:37.000,eqt_explosions_th0_1/20250110T132937Z_20250110T133037Z/VJF_outputs/X_prediction_results.csv
VJF,HE,VJF,0,0.0,0.0,0.0,,,2025-01-10 13:30:03.390,0.110919,2025-01-10 13:29:37.000,2025-01-10 13:30:37.000,eqt_explosions_th0_1/20250110T132937Z_20250110T133037Z/VJF_outputs/X_prediction_results.csv
KY17,HE,KY17,0,0.0,0.0,0.0,2025-01-10 13:29:44.790,0.64178,2025-01-10 13:30:06.390,0.412055,2025-01-10 13:29:39.000,2025-01-10 13:30:39.000,eqt_explosions_th0_1/20250110T132939Z_20250110T133039Z/KY17_outputs/X_prediction_results.csv
FIA0,HE,FIA0,0,0.0,0.0,0.0,2025-01-10 13:29:52.910,0.929918,2025-01-10 13:30:19.720,0.16033,2025-01-10 13:29:47.000,2025-01-10 13:30:47.000,eqt_explosions_th0_1/20250110T132947Z_20250110T133047Z/FIA0_outputs/X_prediction_results.csv
JOF,HE,JOF,0,0.0,0.0,0.0,2025-01-10 13:29:54.090,0.79339,2025-01-10 13:30:21.470,0.113363,2025-01-10 13:29:49.000,2025-01-10 13:30:49.000,eqt_explosions_th0_1/20250110T132949Z_20250110T133049Z/JOF_outputs/X_prediction_results.csv
JOF,HE,JOF,0,0.0,0.0,0.0,2025-01-10 13:29:55.090,0.117034,,,2025-01-10 13:29:49.000,2025-01-10 13:30:49.000,eqt_explosions_th0_1/20250110T132949Z_20250110T133049Z/JOF_outputs/X_prediction_results.csv
KAF,HE,KAF,0,0.0,0.0,0.0,2025-01-10 13:29:55.480,0.941854,2025-01-10 13:30:21.960,0.27824,2025-01-10 13:29:50.000,2025-01-10 13:30:50.000,eqt_explosions_th0_1/20250110T132950Z_20250110T133050Z/KAF_outputs/X_prediction_results.csv
PVF,HE,PVF,0,0.0,0.0,0.0,2025-01-10 13:29:55.680,0.908574,2025-01-10 13:30:25.380,0.565246,2025-01-10 13:29:50.000,2025-01-10 13:30:50.000,eqt_explosions_th0_1/20250110T132950Z_20250110T133050Z/PVF_outputs/X_prediction_results.csv
SUF,HE,SUF,0,0.0,0.0,0.0,,,2025-01-10 13:30:34.710,0.3816,2025-01-10 13:29:57.000,2025-01-10 13:30:57.000,eqt_explosions_th0_1/20250110T132957Z_20250110T133057Z/SUF_outputs/X_prediction_results.csv
SUF,HE,SUF,0,0.0,0.0,0.0,2025-01-10 13:30:02.650,0.500565,,,2025-01-10 13:29:57.000,2025-01-10 13:30:57.000,eqt_explosions_th0_1/20250110T132957Z_20250110T133057Z/SUF_outputs/X_prediction_results.csv
NIF,HE,NIF,0,0.0,0.0,0.0,,,2025-01-10 13:30:35.640,0.288401,2025-01-10 13:29:58.000,2025-01-10 13:30:58.000,eqt_explosions_th0_1/20250110T132958Z_20250110T133058Z/NIF_outputs/X_prediction_results.csv
NIF,HE,NIF,0,0.0,0.0,0.0,2025-01-10 13:30:03.480,0.516124,,,2025-01-10 13:29:58.000,2025-01-10 13:30:58.000,eqt_explosions_th0_1/20250110T132958Z_20250110T133058Z/NIF_outputs/X_prediction_results.csv
KEF,HE,KEF,0,0.0,0.0,0.0,2025-01-10 13:30:04.880,0.70561,,,2025-01-10 13:29:59.000,2025-01-10 13:30:59.000,eqt_explosions_th0_1/20250110T132959Z_20250110T133059Z/KEF_outputs/X_prediction_results.csv
KEF,HE,KEF,0,0.0,0.0,0.0,2025-01-10 13:30:05.900,0.121876,,,2025-01-10 13:29:59.000,2025-01-10 13:30:59.000,eqt_explosions_th0_1/20250110T132959Z_20250110T133059Z/KEF_outputs/X_prediction_results.csv
KEF,HE,KEF,0,0.0,0.0,0.0,,,2025-01-10 13:30:38.970,0.161772,2025-01-10 13:29:59.000,2025-01-10 13:30:59.000,eqt_explosions_th0_1/20250110T132959Z_20250110T133059Z/KEF_outputs/X_prediction_results.csv
NUR,HE,NUR,0,0.0,0.0,0.0,,,2025-01-10 13:30:06.750,0.249483,2025-01-10 13:30:00.000,2025-01-10 13:31:00.000,eqt_explosions_th0_1/20250110T133000Z_20250110T133100Z/NUR_outputs/X_prediction_results.csv
MEF,HE,MEF,0,0.0,0.0,0.0,,,2025-01-10 13:30:10.350,0.161683,2025-01-10 13:30:04.000,2025-01-10 13:31:04.000,eqt_explosions_th0_1/20250110T133004Z_20250110T133104Z/MEF_outputs/X_prediction_results.csv
KIF,HE,KIF,0,0.0,0.0,0.0,2025-01-10 18:26:33.240,0.483162,2025-01-10 18:26:42.600,0.609493,2025-01-10 18:26:28.000,2025-01-10 18:27:28.000,eqt_explosions_th0_1/20250110T182628Z_20250110T182728Z/KIF_outputs/X_prediction_results.csv
HEF,HE,HEF,0,0.0,0.0,0.0,,,2025-01-10 18:27:19.950,0.422879,2025-01-10 18:26:49.000,2025-01-10 18:27:49.000,eqt_explosions_th0_1/20250110T182649Z_20250110T182749Z/HEF_outputs/X_prediction_results.csv
VRF,HE,VRF,0,0.0,0.0,0.0,2025-01-10 20:05:47.290,0.371681,2025-01-10 20:06:06.110,0.414902,2025-01-10 20:05:42.000,2025-01-10 20:06:42.000,eqt_explosions_th0_1/20250110T200542Z_20250110T200642Z/VRF_outputs/X_prediction_results.csv
RAJF,FN,RAJF,0,0.0,0.0,0.0,2025-01-10 20:05:56.360,0.336685,,,2025-01-10 20:05:51.000,2025-01-10 20:06:51.000,eqt_explosions_th0_1/20250110T200551Z_20250110T200651Z/RAJF_outputs/X_prediction_results.csv
OLKF,FN,OLKF,0,0.0,0.0,0.0,,,2025-01-10 20:06:25.130,0.503818,2025-01-10 20:05:52.000,2025-01-10 20:06:52.000,eqt_explosions_th0_1/20250110T200552Z_20250110T200652Z/OLKF_outputs/X_prediction_results.csv
KU6,HE,KU6,0,0.0,0.0,0.0,2025-01-10 20:05:58.140,0.282242,2025-01-10 20:06:27.510,0.298966,2025-01-10 20:05:53.000,2025-01-10 20:06:53.000,eqt_explosions_th0_1/20250110T200553Z_20250110T200653Z/KU6_outputs/X_prediction_results.csv
KEV,HE,KEV,0,0.0,0.0,0.0,,,2025-01-10 20:06:48.080,0.309118,2025-01-10 20:06:05.000,2025-01-10 20:07:05.000,eqt_explosions_th0_1/20250110T200605Z_20250110T200705Z/KEV_outputs/X_prediction_results.csv
KEV,HE,KEV,0,0.0,0.0,0.0,2025-01-10 20:06:10.360,0.832921,,,2025-01-10 20:06:05.000,2025-01-10 20:07:05.000,eqt_explosions_th0_1/20250110T200605Z_20250110T200705Z/KEV_outputs/X_prediction_results.csv
VRF,HE,VRF,0,0.0,0.0,0.0,2025-01-11 20:14:34.190,0.729984,2025-01-11 20:14:53.900,0.519305,2025-01-11 20:14:29.000,2025-01-11 20:15:29.000,eqt_explosions_th0_1/20250111T201429Z_20250111T201529Z/VRF_outputs/X_prediction_results.csv
KU6,HE,KU6,0,0.0,0.0,0.0,2025-01-11 20:14:45.640,0.601357,2025-01-11 20:15:14.960,0.410601,2025-01-11 20:14:40.000,2025-01-11 20:15:40.000,eqt_explosions_th0_1/20250111T201440Z_20250111T201540Z/KU6_outputs/X_prediction_results.csv
OLKF,FN,OLKF,0,0.0,0.0,0.0,2025-01-11 20:14:45.110,0.158475,2025-01-11 20:15:12.850,0.307404,2025-01-11 20:14:40.000,2025-01-11 20:15:40.000,eqt_explosions_th0_1/20250111T201440Z_20250111T201540Z/OLKF_outputs/X_prediction_results.csv
VRF,HE,VRF,0,0.0,0.0,0.0,2025-01-11 21:32:21.440,0.190631,2025-01-11 21:32:40.430,0.292342,2025-01-11 21:32:16.000,2025-01-11 21:33:16.000,eqt_explosions_th0_1/20250111T213216Z_20250111T213316Z/VRF_outputs/X_prediction_results.csv
OLKF,FN,OLKF,0,0.0,0.0,0.0,2025-01-11 21:32:31.110,0.41784,2025-01-11 21:32:59.040,0.398881,2025-01-11 21:32:26.000,2025-01-11 21:33:26.000,eqt_explosions_th0_1/20250111T213226Z_20250111T213326Z/OLKF_outputs/X_prediction_results.csv
KU6,HE,KU6,0,0.0,0.0,0.0,,,2025-01-11 21:33:01.270,0.338673,2025-01-11 21:32:27.000,2025-01-11 21:33:27.000,eqt_explosions_th0_1/20250111T213227Z_20250111T213327Z/KU6_outputs/X_prediction_results.csv
OBF0,HE,OBF0,0,0.0,0.0,0.0,2025-01-12 00:50:24.346,0.691503,2025-01-12 00:50:46.436,0.244808,2025-01-12 00:50:19.000,2025-01-12 00:51:19.000,eqt_explosions_th0_1/20250112T005019Z_20250112T005119Z/OBF0_outputs/X_prediction_results.csv
RAJF,FN,RAJF,0,0.0,0.0,0.0,2025-01-12 04:19:36.900,0.411072,2025-01-12 04:19:53.110,0.241971,2025-01-12 04:19:31.000,2025-01-12 04:20:31.000,eqt_explosions_th0_1/20250112T041931Z_20250112T042031Z/RAJF_outputs/X_prediction_results.csv
RAJF,FN,RAJF,0,0.0,0.0,0.0,,,2025-01-12 04:19:58.020,0.277255,2025-01-12 04:19:31.000,2025-01-12 04:20:31.000,eqt_explosions_th0_1/20250112T041931Z_20250112T042031Z/RAJF_outputs/X_prediction_results.csv
KEV,HE,KEV,0,0.0,0.0,0.0,2025-01-12 04:19:38.950,0.237552,2025-01-12 04:19:55.620,0.245376,2025-01-12 04:19:33.000,2025-01-12 04:20:33.000,eqt_explosions_th0_1/20250112T041933Z_20250112T042033Z/KEV_outputs/X_prediction_results.csv
RAJF,FN,RAJF,0,0.0,0.0,0.0,2025-01-12 16:10:55.300,0.747772,2025-01-12 16:11:11.230,0.407357,2025-01-12 16:10:50.000,2025-01-12 16:11:50.000,eqt_explosions_th0_1/20250112T161050Z_20250112T161150Z/RAJF_outputs/X_prediction_results.csv
KEV,HE,KEV,0,0.0,0.0,0.0,2025-01-12 16:10:57.370,0.886679,2025-01-12 16:11:15.130,0.197414,2025-01-12 16:10:52.000,2025-01-12 16:11:52.000,eqt_explosions_th0_1/20250112T161052Z_20250112T161152Z/KEV_outputs/X_prediction_results.csv
VRF,HE,VRF,0,0.0,0.0,0.0,,,2025-01-12 16:11:26.630,0.44302,2025-01-12 16:10:58.000,2025-01-12 16:11:58.000,eqt_explosions_th0_1/20250112T161058Z_20250112T161158Z/VRF_outputs/X_prediction_results.csv
HEF,HE,HEF,0,0.0,0.0,0.0,,,2025-01-12 16:11:54.690,0.301935,2025-01-12 16:11:16.000,2025-01-12 16:12:16.000,eqt_explosions_th0_1/20250112T161116Z_20250112T161216Z/HEF_outputs/X_prediction_results.csv
KU2,HE,KU2,0,0.0,0.0,0.0,2025-01-12 16:12:18.230,0.898404,2025-01-12 16:12:27.630,0.124069,2025-01-12 16:12:13.000,2025-01-12 16:13:13.000,eqt_explosions_th0_1/20250112T161213Z_20250112T161313Z/KU2_outputs/X_prediction_results.csv
HEF,HE,HEF,0,0.0,0.0,0.0,2025-01-12 16:47:13.780,0.914275,2025-01-12 16:47:24.850,0.451412,2025-01-12 16:47:08.000,2025-01-12 16:48:08.000,eqt_explosions_th0_1/20250112T164708Z_20250112T164808Z/HEF_outputs/X_prediction_results.csv
KLF,FN,KLF,0,0.0,0.0,0.0,2025-01-12 16:47:15.750,0.887773,2025-01-12 16:47:27.630,0.237414,2025-01-12 16:47:10.000,2025-01-12 16:48:10.000,eqt_explosions_th0_1/20250112T164710Z_20250112T164810Z/KLF_outputs/X_prediction_results.csv
RAJF,FN,RAJF,0,0.0,0.0,0.0,2025-01-12 16:47:22.310,0.183517,2025-01-12 16:47:37.880,0.289621,2025-01-12 16:47:17.000,2025-01-12 16:48:17.000,eqt_explosions_th0_1/20250112T164717Z_20250112T164817Z/RAJF_outputs/X_prediction_results.csv
VRF,HE,VRF,0,0.0,0.0,0.0,2025-01-12 16:47:28.920,0.387429,2025-01-12 16:47:50.500,0.177557,2025-01-12 16:47:23.000,2025-01-12 16:48:23.000,eqt_explosions_th0_1/20250112T164723Z_20250112T164823Z/VRF_outputs/X_prediction_results.csv
KEV,HE,KEV,0,0.0,0.0,0.0,2025-01-12 16:47:34.470,0.267023,2025-01-12 16:47:58.720,0.220556,2025-01-12 16:47:29.000,2025-01-12 16:48:29.000,eqt_explosions_th0_1/20250112T164729Z_20250112T164829Z/KEV_outputs/X_prediction_results.csv
RANF,FN,RANF,0,0.0,0.0,0.0,2025-01-12 16:47:35.400,0.617083,2025-01-12 16:48:00.680,0.178094,2025-01-12 16:47:30.000,2025-01-12 16:48:30.000,eqt_explosions_th0_1/20250112T164730Z_20250112T164830Z/RANF_outputs/X_prediction_results.csv
OLKF,FN,OLKF,0,0.0,0.0,0.0,2025-01-12 16:47:39.310,0.388105,2025-01-12 16:48:08.290,0.401354,2025-01-12 16:47:34.000,2025-01-12 16:48:34.000,eqt_explosions_th0_1/20250112T164734Z_20250112T164834Z/OLKF_outputs/X_prediction_results.csv
VRF,HE,VRF,0,0.0,0.0,0.0,2025-01-12 20:05:09.190,0.468847,2025-01-12 20:05:30.100,0.408492,2025-01-12 20:05:04.000,2025-01-12 20:06:04.000,eqt_explosions_th0_1/20250112T200504Z_20250112T200604Z/VRF_outputs/X_prediction_results.csv
RAJF,FN,RAJF,0,0.0,0.0,0.0,2025-01-12 20:05:18.100,0.121503,,,2025-01-12 20:05:13.000,2025-01-12 20:06:13.000,eqt_explosions_th0_1/20250112T200513Z_20250112T200613Z/RAJF_outputs/X_prediction_results.csv
RAJF,FN,RAJF,0,0.0,0.0,0.0,2025-01-12 20:05:20.120,0.115962,,,2025-01-12 20:05:13.000,2025-01-12 20:06:13.000,eqt_explosions_th0_1/20250112T200513Z_20250112T200613Z/RAJF_outputs/X_prediction_results.csv
KU6,HE,KU6,0,0.0,0.0,0.0,2025-01-12 20:05:19.570,0.185137,2025-01-12 20:05:48.930,0.310066,2025-01-12 20:05:14.000,2025-01-12 20:06:14.000,eqt_explosions_th0_1/20250112T200514Z_20250112T200614Z/KU6_outputs/X_prediction_results.csv
OLKF,FN,OLKF,0,0.0,0.0,0.0,2025-01-12 20:05:19.250,0.768452,2025-01-12 20:05:47.590,0.453537,2025-01-12 20:05:14.000,2025-01-12 20:06:14.000,eqt_explosions_th0_1/20250112T200514Z_20250112T200614Z/OLKF_outputs/X_prediction_results.csv
KEV,HE,KEV,0,0.0,0.0,0.0,,,2025-01-12 20:06:11.200,0.268291,2025-01-12 20:05:27.000,2025-01-12 20:06:27.000,eqt_explosions_th0_1/20250112T200527Z_20250112T200627Z/KEV_outputs/X_prediction_results.csv
KEV,HE,KEV,0,0.0,0.0,0.0,2025-01-12 20:05:32.700,0.919763,,,2025-01-12 20:05:27.000,2025-01-12 20:06:27.000,eqt_explosions_th0_1/20250112T200527Z_20250112T200627Z/KEV_outputs/X_prediction_results.csv
VAF,HE,VAF,0,0.0,0.0,0.0,2025-01-13 08:02:20.590,0.950135,2025-01-13 08:02:29.500,0.24481,2025-01-13 08:02:15.000,2025-01-13 08:03:15.000,eqt_explosions_th0_1/20250113T080215Z_20250113T080315Z/VAF_outputs/X_prediction_results.csv
OUF,HE,OUF,0,0.0,0.0,0.0,2025-01-13 08:02:26.180,0.174465,2025-01-13 08:02:38.240,0.287738,2025-01-13 08:02:21.000,2025-01-13 08:03:21.000,eqt_explosions_th0_1/20250113T080221Z_20250113T080321Z/OUF_outputs/X_prediction_results.csv
KEF,HE,KEF,0,0.0,0.0,0.0,2025-01-13 08:02:37.440,0.178385,2025-01-13 08:02:58.140,0.360529,2025-01-13 08:02:32.000,2025-01-13 08:03:32.000,eqt_explosions_th0_1/20250113T080232Z_20250113T080332Z/KEF_outputs/X_prediction_results.csv
KPF,HE,KPF,0,0.0,0.0,0.0,,,2025-01-13 08:03:07.492,0.224873,2025-01-13 08:02:38.000,2025-01-13 08:03:38.000,eqt_explosions_th0_1/20250113T080238Z_20250113T080338Z/KPF_outputs/X_prediction_results.csv
KAF,HE,KAF,0,0.0,0.0,0.0,2025-01-13 08:02:44.630,0.108353,2025-01-13 08:03:10.410,0.539423,2025-01-13 08:02:39.000,2025-01-13 08:03:39.000,eqt_explosions_th0_1/20250113T080239Z_20250113T080339Z/KAF_outputs/X_prediction_results.csv
TRE03,HE,TRE03,0,0.0,0.0,0.0,,,2025-01-13 08:03:11.890,0.135905,2025-01-13 08:03:06.000,2025-01-13 08:04:06.000,eqt_explosions_th0_1/20250113T080306Z_20250113T080406Z/TRE03_outputs/X_prediction_results.csv
TOF,HE,TOF,0,0.0,0.0,0.0,,,2025-01-13 08:03:24.490,0.302061,2025-01-13 08:03:19.000,2025-01-13 08:04:19.000,eqt_explosions_th0_1/20250113T080319Z_20250113T080419Z/TOF_outputs/X_prediction_results.csv
RAF,HE,RAF,0,0.0,0.0,0.0,,,2025-01-13 08:04:08.650,0.113031,2025-01-13 08:03:26.000,2025-01-13 08:04:26.000,eqt_explosions_th0_1/20250113T080326Z_20250113T080426Z/RAF_outputs/X_prediction_results.csv
KJNF,HE,KJNF,0,0.0,0.0,0.0,,,2025-01-13 11:00:57.720,0.74493,2025-01-13 11:00:52.000,2025-01-13 11:01:52.000,eqt_explosions_th0_1/20250113T110052Z_20250113T110152Z/KJNF_outputs/X_prediction_results.csv
NIF,HE,NIF,0,0.0,0.0,0.0,2025-01-13 11:01:08.880,0.931365,2025-01-13 11:01:20.090,0.584929,2025-01-13 11:01:03.000,2025-01-13 11:02:03.000,eqt_explosions_th0_1/20250113T110103Z_20250113T110203Z/NIF_outputs/X_prediction_results.csv
RMF,HE,RMF,0,0.0,0.0,0.0,2025-01-13 11:01:08.580,0.939757,2025-01-13 11:01:19.810,0.181982,2025-01-13 11:01:03.000,2025-01-13 11:02:03.000,eqt_explosions_th0_1/20250113T110103Z_20250113T110203Z/RMF_outputs/X_prediction_results.csv
KU1,HE,KU1,0,0.0,0.0,0.0,2025-01-13 11:01:19.290,0.940678,2025-01-13 11:01:38.710,0.622322,2025-01-13 11:01:14.000,2025-01-13 11:02:14.000,eqt_explosions_th0_1/20250113T110114Z_20250113T110214Z/KU1_outputs/X_prediction_results.csv
KU2,HE,KU2,0,0.0,0.0,0.0,2025-01-13 11:01:19.152,0.919881,2025-01-13 11:01:38.372,0.225949,2025-01-13 11:01:14.000,2025-01-13 11:02:14.000,eqt_explosions_th0_1/20250113T110114Z_20250113T110214Z/KU2_outputs/X_prediction_results.csv
OBF3,HE,OBF3,0,0.0,0.0,0.0,2025-01-13 11:01:20.580,0.918641,2025-01-13 11:01:40.710,0.548547,2025-01-13 11:01:15.000,2025-01-13 11:02:15.000,eqt_explosions_th0_1/20250113T110115Z_20250113T110215Z/OBF3_outputs/X_prediction_results.csv
OBF0,HE,OBF0,0,0.0,0.0,0.0,,,2025-01-13 11:01:45.830,0.409414,2025-01-13 11:01:18.000,2025-01-13 11:02:18.000,eqt_explosions_th0_1/20250113T110118Z_20250113T110218Z/OBF0_outputs/X_prediction_results.csv
RANF,FN,RANF,0,0.0,0.0,0.0,,,2025-01-13 11:01:49.640,0.292381,2025-01-13 11:01:21.000,2025-01-13 11:02:21.000,eqt_explosions_th0_1/20250113T110121Z_20250113T110221Z/RANF_outputs/X_prediction_results.csv
KU6,HE,KU6,0,0.0,0.0,0.0,2025-01-13 11:01:27.290,0.495231,2025-01-13 11:01:51.700,0.578971,2025-01-13 11:01:22.000,2025-01-13 11:02:22.000,eqt_explosions_th0_1/20250113T110122Z_20250113T110222Z/KU6_outputs/X_prediction_results.csv
JOF,HE,JOF,0,0.0,0.0,0.0,2025-01-13 11:01:28.590,0.87025,2025-01-13 11:01:55.090,0.565755,2025-01-13 11:01:23.000,2025-01-13 11:02:23.000,eqt_explosions_th0_1/20250113T110123Z_20250113T110223Z/JOF_outputs/X_prediction_results.csv
OLKF,FN,OLKF,0,0.0,0.0,0.0,,,2025-01-13 11:01:57.650,0.214351,2025-01-13 11:01:26.000,2025-01-13 11:02:26.000,eqt_explosions_th0_1/20250113T110126Z_20250113T110226Z/OLKF_outputs/X_prediction_results.csv
KAF,HE,KAF,0,0.0,0.0,0.0,2025-01-13 11:01:33.880,0.207647,,,2025-01-13 11:01:28.000,2025-01-13 11:02:28.000,eqt_explosions_th0_1/20250113T110128Z_20250113T110228Z/KAF_outputs/X_prediction_results.csv
KAF,HE,KAF,0,0.0,0.0,0.0,,,2025-01-13 11:02:04.480,0.162702,2025-01-13 11:01:28.000,2025-01-13 11:02:28.000,eqt_explosions_th0_1/20250113T110128Z_20250113T110228Z/KAF_outputs/X_prediction_results.csv
OUF,HE,OUF,0,0.0,0.0,0.0,,,2025-01-13 11:01:41.130,0.572442,2025-01-13 11:01:33.000,2025-01-13 11:02:33.000,eqt_explosions_th0_1/20250113T110133Z_20250113T110233Z/OUF_outputs/X_prediction_results.csv
VAF,HE,VAF,0,0.0,0.0,0.0,2025-01-13 11:01:39.780,0.186509,,,2025-01-13 11:01:34.000,2025-01-13 11:02:34.000,eqt_explosions_th0_1/20250113T110134Z_20250113T110234Z/VAF_outputs/X_prediction_results.csv
VAF,HE,VAF,0,0.0,0.0,0.0,,,2025-01-13 11:02:13.980,0.297171,2025-01-13 11:01:34.000,2025-01-13 11:02:34.000,eqt_explosions_th0_1/20250113T110134Z_20250113T110234Z/VAF_outputs/X_prediction_results.csv
KEF,HE,KEF,0,0.0,0.0,0.0,,,2025-01-13 11:02:09.710,0.535224,2025-01-13 11:02:04.000,2025-01-13 11:03:04.000,eqt_explosions_th0_1/20250113T110204Z_20250113T110304Z/KEF_outputs/X_prediction_results.csv
FIA0,HE,FIA0,0,0.0,0.0,0.0,2025-01-13 12:11:46.100,0.766219,2025-01-13 12:11:52.490,0.742151,2025-01-13 12:11:40.000,2025-01-13 12:12:40.000,eqt_explosions_th0_1/20250113T121140Z_20250113T121240Z/FIA0_outputs/X_prediction_results.csv
KAF,HE,KAF,0,0.0,0.0,0.0,2025-01-13 12:11:49.000,0.949878,2025-01-13 12:11:57.670,0.412112,2025-01-13 12:11:44.000,2025-01-13 12:12:44.000,eqt_explosions_th0_1/20250113T121144Z_20250113T121244Z/KAF_outputs/X_prediction_results.csv
KY17,HE,KY17,0,0.0,0.0,0.0,2025-01-13 12:11:50.192,0.843268,2025-01-13 12:11:58.912,0.379275,2025-01-13 12:11:45.000,2025-01-13 12:12:45.000,eqt_explosions_th0_1/20250113T121145Z_20250113T121245Z/KY17_outputs/X_prediction_results.csv
RUF,HE,RUF,0,0.0,0.0,0.0,2025-01-13 12:11:55.750,0.940534,2025-01-13 12:12:08.330,0.578654,2025-01-13 12:11:50.000,2025-01-13 12:12:50.000,eqt_explosions_th0_1/20250113T121150Z_20250113T121250Z/RUF_outputs/X_prediction_results.csv
VJF,HE,VJF,0,0.0,0.0,0.0,2025-01-13 12:11:57.690,0.941862,2025-01-13 12:12:12.710,0.631806,2025-01-13 12:11:52.000,2025-01-13 12:12:52.000,eqt_explosions_th0_1/20250113T121152Z_20250113T121252Z/VJF_outputs/X_prediction_results.csv
VJF,HE,VJF,0,0.0,0.0,0.0,,,2025-01-13 12:12:16.990,0.13363,2025-01-13 12:11:52.000,2025-01-13 12:12:52.000,eqt_explosions_th0_1/20250113T121152Z_20250113T121252Z/VJF_outputs/X_prediction_results.csv
KEF,HE,KEF,0,0.0,0.0,0.0,2025-01-13 12:11:58.770,0.793854,2025-01-13 12:12:14.640,0.516158,2025-01-13 12:11:53.000,2025-01-13 12:12:53.000,eqt_explosions_th0_1/20250113T121153Z_20250113T121253Z/KEF_outputs/X_prediction_results.csv
SUF,HE,SUF,0,0.0,0.0,0.0,2025-01-13 12:11:59.980,0.93145,2025-01-13 12:12:16.260,0.236266,2025-01-13 12:11:54.000,2025-01-13 12:12:54.000,eqt_explosions_th0_1/20250113T121154Z_20250113T121254Z/SUF_outputs/X_prediction_results.csv
PVF,HE,PVF,0,0.0,0.0,0.0,2025-01-13 12:11:59.180,0.943768,2025-01-13 12:12:14.920,0.635076,2025-01-13 12:11:54.000,2025-01-13 12:12:54.000,eqt_explosions_th0_1/20250113T121154Z_20250113T121254Z/PVF_outputs/X_prediction_results.csv
TRE03,HE,TRE03,0,0.0,0.0,0.0,2025-01-13 12:12:01.980,0.950036,2025-01-13 12:12:19.590,0.360628,2025-01-13 12:11:56.000,2025-01-13 12:12:56.000,eqt_explosions_th0_1/20250113T121156Z_20250113T121256Z/TRE03_outputs/X_prediction_results.csv
NUR,HE,NUR,0,0.0,0.0,0.0,2025-01-13 12:12:06.510,0.144568,2025-01-13 12:12:30.630,0.377761,2025-01-13 12:12:01.000,2025-01-13 12:13:01.000,eqt_explosions_th0_1/20250113T121201Z_20250113T121301Z/NUR_outputs/X_prediction_results.csv
VUOS,HE,VUOS,0,0.0,0.0,0.0,2025-01-13 12:12:07.840,0.642153,2025-01-13 12:12:29.230,0.175675,2025-01-13 12:12:02.000,2025-01-13 12:13:02.000,eqt_explosions_th0_1/20250113T121202Z_20250113T121302Z/VUOS_outputs/X_prediction_results.csv
MEF,HE,MEF,0,0.0,0.0,0.0,2025-01-13 12:12:11.740,0.817036,2025-01-13 12:12:36.760,0.250046,2025-01-13 12:12:06.000,2025-01-13 12:13:06.000,eqt_explosions_th0_1/20250113T121206Z_20250113T121306Z/MEF_outputs/X_prediction_results.csv
HEL5,HE,HEL5,0,0.0,0.0,0.0,2025-01-13 12:12:11.390,0.204222,2025-01-13 12:12:11.730,0.21262,2025-01-13 12:12:06.000,2025-01-13 12:13:06.000,eqt_explosions_th0_1/20250113T121206Z_20250113T121306Z/HEL5_outputs/X_prediction_results.csv
NIF,HE,NIF,0,0.0,0.0,0.0,2025-01-13 12:12:11.480,0.401318,2025-01-13 12:12:35.800,0.22802,2025-01-13 12:12:06.000,2025-01-13 12:13:06.000,eqt_explosions_th0_1/20250113T121206Z_20250113T121306Z/NIF_outputs/X_prediction_results.csv
JOF,HE,JOF,0,0.0,0.0,0.0,2025-01-13 12:12:20.970,0.236682,,,2025-01-13 12:12:15.000,2025-01-13 12:13:15.000,eqt_explosions_th0_1/20250113T121215Z_20250113T121315Z/JOF_outputs/X_prediction_results.csv
JOF,HE,JOF,0,0.0,0.0,0.0,,,2025-01-13 12:12:51.630,0.605806,2025-01-13 12:12:15.000,2025-01-13 12:13:15.000,eqt_explosions_th0_1/20250113T121215Z_20250113T121315Z/JOF_outputs/X_prediction_results.csv
KPF,HE,KPF,0,0.0,0.0,0.0,,,2025-01-13 12:12:49.212,0.144071,2025-01-13 12:12:15.000,2025-01-13 12:13:15.000,eqt_explosions_th0_1/20250113T121215Z_20250113T121315Z/KPF_outputs/X_prediction_results.csv
VAF,HE,VAF,0,0.0,0.0,0.0,,,2025-01-13 12:12:53.820,0.299017,2025-01-13 12:12:17.000,2025-01-13 12:13:17.000,eqt_explosions_th0_1/20250113T121217Z_20250113T121317Z/VAF_outputs/X_prediction_results.csv
RAF,HE,RAF,0,0.0,0.0,0.0,2025-01-13 12:12:23.290,0.735149,,,2025-01-13 12:12:18.000,2025-01-13 12:13:18.000,eqt_explosions_th0_1/20250113T121218Z_20250113T121318Z/RAF_outputs/X_prediction_results.csv
RAF,HE,RAF,0,0.0,0.0,0.0,,,2025-01-13 12:12:57.230,0.538494,2025-01-13 12:12:18.000,2025-01-13 12:13:18.000,eqt_explosions_th0_1/20250113T121218Z_20250113T121318Z/RAF_outputs/X_prediction_results.csv
TOF,HE,TOF,0,0.0,0.0,0.0,2025-01-13 12:30:20.980,0.94975,2025-01-13 12:30:27.790,0.670578,2025-01-13 12:30:15.000,2025-01-13 12:31:15.000,eqt_explosions_th0_1/20250113T123015Z_20250113T123115Z/TOF_outputs/X_prediction_results.csv
RANF,FN,RANF,0,0.0,0.0,0.0,2025-01-13 12:30:26.300,0.902391,2025-01-13 12:30:37.560,0.381685,2025-01-13 12:30:21.000,2025-01-13 12:31:21.000,eqt_explosions_th0_1/20250113T123021Z_20250113T123121Z/RANF_outputs/X_prediction_results.csv
OBF3,HE,OBF3,0,0.0,0.0,0.0,2025-01-13 12:30:28.112,0.873273,2025-01-13 12:30:39.862,0.332358,2025-01-13 12:30:23.000,2025-01-13 12:31:23.000,eqt_explosions_th0_1/20250113T123023Z_20250113T123123Z/OBF3_outputs/X_prediction_results.csv
KLF,FN,KLF,0,0.0,0.0,0.0,2025-01-13 12:30:41.800,0.759493,2025-01-13 12:31:03.000,0.282742,2025-01-13 12:30:36.000,2025-01-13 12:31:36.000,eqt_explosions_th0_1/20250113T123036Z_20250113T123136Z/KLF_outputs/X_prediction_results.csv
TRE03,HE,TRE03,0,0.0,0.0,0.0,2025-01-13 12:58:45.372,0.952343,2025-01-13 12:58:50.832,0.192793,2025-01-13 12:58:40.000,2025-01-13 12:59:40.000,eqt_explosions_th0_1/20250113T125840Z_20250113T125940Z/TRE03_outputs/X_prediction_results.csv
KPF,HE,KPF,0,0.0,0.0,0.0,2025-01-13 12:58:53.452,0.494668,2025-01-13 12:59:04.312,0.235336,2025-01-13 12:58:48.000,2025-01-13 12:59:48.000,eqt_explosions_th0_1/20250113T125848Z_20250113T125948Z/KPF_outputs/X_prediction_results.csv
KEF,HE,KEF,0,0.0,0.0,0.0,2025-01-13 12:58:56.190,0.223967,2025-01-13 12:59:08.820,0.29132,2025-01-13 12:58:51.000,2025-01-13 12:59:51.000,eqt_explosions_th0_1/20250113T125851Z_20250113T125951Z/KEF_outputs/X_prediction_results.csv
RAF,HE,RAF,0,0.0,0.0,0.0,2025-01-13 12:58:57.780,0.821105,2025-01-13 12:59:11.350,0.326032,2025-01-13 12:58:52.000,2025-01-13 12:59:52.000,eqt_explosions_th0_1/20250113T125852Z_20250113T125952Z/RAF_outputs/X_prediction_results.csv
FIA0,HE,FIA0,0,0.0,0.0,0.0,,,2025-01-13 12:59:19.020,0.561356,2025-01-13 12:58:58.000,2025-01-13 12:59:58.000,eqt_explosions_th0_1/20250113T125858Z_20250113T125958Z/FIA0_outputs/X_prediction_results.csv
KAF,HE,KAF,0,0.0,0.0,0.0,2025-01-13 12:59:05.480,0.907019,2025-01-13 12:59:25.000,0.273769,2025-01-13 12:59:00.000,2025-01-13 13:00:00.000,eqt_explosions_th0_1/20250113T125900Z_20250113T130000Z/KAF_outputs/X_prediction_results.csv
VAF,HE,VAF,0,0.0,0.0,0.0,2025-01-13 12:59:08.790,0.351703,2025-01-13 12:59:29.460,0.320547,2025-01-13 12:59:03.000,2025-01-13 13:00:03.000,eqt_explosions_th0_1/20250113T125903Z_20250113T130003Z/VAF_outputs/X_prediction_results.csv
PVF,HE,PVF,0,0.0,0.0,0.0,,,2025-01-13 12:59:26.162,0.178158,2025-01-13 12:59:03.000,2025-01-13 13:00:03.000,eqt_explosions_th0_1/20250113T125903Z_20250113T130003Z/PVF_outputs/X_prediction_results.csv
KORF,HE,KORF,0,0.0,0.0,0.0,2025-01-13 12:59:11.280,0.779996,2025-01-13 12:59:36.450,0.403496,2025-01-13 12:59:06.000,2025-01-13 13:00:06.000,eqt_explosions_th0_1/20250113T125906Z_20250113T130006Z/KORF_outputs/X_prediction_results.csv
MEF,HE,MEF,0,0.0,0.0,0.0,2025-01-13 13:56:02.630,0.951113,2025-01-13 13:56:04.260,0.815802,2025-01-13 13:55:57.000,2025-01-13 13:56:57.000,eqt_explosions_th0_1/20250113T135557Z_20250113T135657Z/MEF_outputs/X_prediction_results.csv
MEF,HE,MEF,0,0.0,0.0,0.0,2025-01-13 13:56:23.030,0.738289,2025-01-13 13:56:24.560,0.779106,2025-01-13 13:55:57.000,2025-01-13 13:56:57.000,eqt_explosions_th0_1/20250113T135557Z_20250113T135657Z/MEF_outputs/X_prediction_results.csv
HEL5,HE,HEL5,0,0.0,0.0,0.0,2025-01-13 13:56:02.476,0.929955,2025-01-13 13:56:04.096,0.851817,2025-01-13 13:55:57.000,2025-01-13 13:56:57.000,eqt_explosions_th0_1/20250113T135557Z_20250113T135657Z/HEL5_outputs/X_prediction_results.csv
HEL5,HE,HEL5,0,0.0,0.0,0.0,2025-01-13 13:56:23.096,0.770846,2025-01-13 13:56:24.396,0.786411,2025-01-13 13:55:57.000,2025-01-13 13:56:57.000,eqt_explosions_th0_1/20250113T135557Z_20250113T135657Z/HEL5_outputs/X_prediction_results.csv
LAUT,HE,LAUT,0,0.0,0.0,0.0,2025-01-13 13:56:23.774,0.284405,2025-01-13 13:56:26.034,0.439016,2025-01-13 13:55:58.000,2025-01-13 13:56:58.000,eqt_explosions_th0_1/20250113T135558Z_20250113T135658Z/LAUT_outputs/X_prediction_results.csv
LAUT,HE,LAUT,0,0.0,0.0,0.0,2025-01-13 13:56:03.494,0.949829,2025-01-13 13:56:05.624,0.818429,2025-01-13 13:55:58.000,2025-01-13 13:56:58.000,eqt_explosions_th0_1/20250113T135558Z_20250113T135658Z/LAUT_outputs/X_prediction_results.csv
HEL1,HE,HEL1,0,0.0,0.0,0.0,2025-01-13 13:56:03.816,0.861234,2025-01-13 13:56:06.146,0.657963,2025-01-13 13:55:58.000,2025-01-13 13:56:58.000,eqt_explosions_th0_1/20250113T135558Z_20250113T135658Z/HEL1_outputs/X_prediction_results.csv
KUNI,HE,KUNI,0,0.0,0.0,0.0,2025-01-13 13:56:04.738,0.114046,2025-01-13 13:56:07.618,0.427754,2025-01-13 13:55:59.000,2025-01-13 13:56:59.000,eqt_explosions_th0_1/20250113T135559Z_20250113T135659Z/KUNI_outputs/X_prediction_results.csv
MEF,HE,MEF,0,0.0,0.0,0.0,2025-01-13 14:01:31.740,0.850744,2025-01-13 14:01:33.510,0.78497,2025-01-13 14:01:26.000,2025-01-13 14:02:26.000,eqt_explosions_th0_1/20250113T140126Z_20250113T140226Z/MEF_outputs/X_prediction_results.csv
HEL5,HE,HEL5,0,0.0,0.0,0.0,2025-01-13 14:01:33.290,0.948456,2025-01-13 14:01:36.400,0.645415,2025-01-13 14:01:28.000,2025-01-13 14:02:28.000,eqt_explosions_th0_1/20250113T140128Z_20250113T140228Z/HEL5_outputs/X_prediction_results.csv
LAUT,HE,LAUT,0,0.0,0.0,0.0,2025-01-13 14:01:34.512,0.92357,2025-01-13 14:01:38.202,0.663779,2025-01-13 14:01:29.000,2025-01-13 14:02:29.000,eqt_explosions_th0_1/20250113T140129Z_20250113T140229Z/LAUT_outputs/X_prediction_results.csv
HEL1,HE,HEL1,0,0.0,0.0,0.0,2025-01-13 14:01:34.852,0.931963,2025-01-13 14:01:38.752,0.31672,2025-01-13 14:01:29.000,2025-01-13 14:02:29.000,eqt_explosions_th0_1/20250113T140129Z_20250113T140229Z/HEL1_outputs/X_prediction_results.csv
KUNI,HE,KUNI,0,0.0,0.0,0.0,2025-01-13 14:01:35.770,0.856227,2025-01-13 14:01:40.320,0.507443,2025-01-13 14:01:30.000,2025-01-13 14:02:30.000,eqt_explosions_th0_1/20250113T140130Z_20250113T140230Z/KUNI_outputs/X_prediction_results.csv
NUR,HE,NUR,0,0.0,0.0,0.0,2025-01-13 14:01:37.670,0.947359,2025-01-13 14:01:43.390,0.586191,2025-01-13 14:01:32.000,2025-01-13 14:02:32.000,eqt_explosions_th0_1/20250113T140132Z_20250113T140232Z/NUR_outputs/X_prediction_results.csv
VUOS,HE,VUOS,0,0.0,0.0,0.0,2025-01-13 14:01:37.232,0.933069,2025-01-13 14:01:42.822,0.37471,2025-01-13 14:01:32.000,2025-01-13 14:02:32.000,eqt_explosions_th0_1/20250113T140132Z_20250113T140232Z/VUOS_outputs/X_prediction_results.csv
TVF,HE,TVF,0,0.0,0.0,0.0,2025-01-13 14:01:41.180,0.745819,2025-01-13 14:01:50.150,0.408405,2025-01-13 14:01:36.000,2025-01-13 14:02:36.000,eqt_explosions_th0_1/20250113T140136Z_20250113T140236Z/TVF_outputs/X_prediction_results.csv
PVF,HE,PVF,0,0.0,0.0,0.0,2025-01-13 14:01:45.860,0.890185,2025-01-13 14:01:57.000,0.177111,2025-01-13 14:01:40.000,2025-01-13 14:02:40.000,eqt_explosions_th0_1/20250113T140140Z_20250113T140240Z/PVF_outputs/X_prediction_results.csv
KORF,HE,KORF,0,0.0,0.0,0.0,2025-01-13 14:01:56.420,0.420478,2025-01-13 14:02:11.190,0.385788,2025-01-13 14:01:51.000,2025-01-13 14:02:51.000,eqt_explosions_th0_1/20250113T140151Z_20250113T140251Z/KORF_outputs/X_prediction_results.csv
RAF,HE,RAF,0,0.0,0.0,0.0,2025-01-13 14:01:58.480,0.829361,2025-01-13 14:02:19.410,0.381797,2025-01-13 14:01:53.000,2025-01-13 14:02:53.000,eqt_explosions_th0_1/20250113T140153Z_20250113T140253Z/RAF_outputs/X_prediction_results.csv
FIA0,HE,FIA0,0,0.0,0.0,0.0,2025-01-13 14:01:59.710,0.127339,2025-01-13 14:02:22.800,0.109456,2025-01-13 14:01:53.000,2025-01-13 14:02:53.000,eqt_explosions_th0_1/20250113T140153Z_20250113T140253Z/FIA0_outputs/X_prediction_results.csv
TRE03,HE,TRE03,0,0.0,0.0,0.0,2025-01-13 14:01:58.150,0.818175,2025-01-13 14:02:17.780,0.410339,2025-01-13 14:01:53.000,2025-01-13 14:02:53.000,eqt_explosions_th0_1/20250113T140153Z_20250113T140253Z/TRE03_outputs/X_prediction_results.csv
FIA0,HE,FIA0,0,0.0,0.0,0.0,2025-01-13 14:01:58.710,0.842997,2025-01-13 14:02:20.510,0.215161,2025-01-13 14:01:53.000,2025-01-13 14:02:53.000,eqt_explosions_th0_1/20250113T140153Z_20250113T140253Z/FIA0_outputs/X_prediction_results.csv
VJF,HE,VJF,0,0.0,0.0,0.0,2025-01-13 14:02:00.130,0.693907,2025-01-13 14:02:21.630,0.158266,2025-01-13 14:01:55.000,2025-01-13 14:02:55.000,eqt_explosions_th0_1/20250113T140155Z_20250113T140255Z/VJF_outputs/X_prediction_results.csv
VJF,HE,VJF,0,0.0,0.0,0.0,,,2025-01-13 14:02:24.510,0.239658,2025-01-13 14:01:55.000,2025-01-13 14:02:55.000,eqt_explosions_th0_1/20250113T140155Z_20250113T140255Z/VJF_outputs/X_prediction_results.csv
KPF,HE,KPF,0,0.0,0.0,0.0,2025-01-13 14:02:07.680,0.642953,2025-01-13 14:02:35.700,0.11484,2025-01-13 14:02:02.000,2025-01-13 14:03:02.000,eqt_explosions_th0_1/20250113T140202Z_20250113T140302Z/KPF_outputs/X_prediction_results.csv
KAF,HE,KAF,0,0.0,0.0,0.0,2025-01-13 14:24:08.130,0.94384,2025-01-13 14:24:15.440,0.288603,2025-01-13 14:24:03.000,2025-01-13 14:25:03.000,eqt_explosions_th0_1/20250113T142403Z_20250113T142503Z/KAF_outputs/X_prediction_results.csv
FIA0,HE,FIA0,0,0.0,0.0,0.0,2025-01-13 14:24:10.600,0.915377,2025-01-13 14:24:20.150,0.330419,2025-01-13 14:24:05.000,2025-01-13 14:25:05.000,eqt_explosions_th0_1/20250113T142405Z_20250113T142505Z/FIA0_outputs/X_prediction_results.csv
RUF,HE,RUF,0,0.0,0.0,0.0,2025-01-13 14:24:14.870,0.74009,2025-01-13 14:24:25.900,0.11907,2025-01-13 14:24:09.000,2025-01-13 14:25:09.000,eqt_explosions_th0_1/20250113T142409Z_20250113T142509Z/RUF_outputs/X_prediction_results.csv
RUF,HE,RUF,0,0.0,0.0,0.0,,,2025-01-13 14:24:33.690,0.111334,2025-01-13 14:24:09.000,2025-01-13 14:25:09.000,eqt_explosions_th0_1/20250113T142409Z_20250113T142509Z/RUF_outputs/X_prediction_results.csv
KY17,HE,KY17,0,0.0,0.0,0.0,2025-01-13 14:24:15.012,0.891831,2025-01-13 14:24:27.322,0.222375,2025-01-13 14:24:10.000,2025-01-13 14:25:10.000,eqt_explosions_th0_1/20250113T142410Z_20250113T142510Z/KY17_outputs/X_prediction_results.csv
SUF,HE,SUF,0,0.0,0.0,0.0,2025-01-13 14:24:17.620,0.937493,2025-01-13 14:24:32.060,0.30594,2025-01-13 14:24:12.000,2025-01-13 14:25:12.000,eqt_explosions_th0_1/20250113T142412Z_20250113T142512Z/SUF_outputs/X_prediction_results.csv
KEF,HE,KEF,0,0.0,0.0,0.0,2025-01-13 14:24:20.190,0.887527,2025-01-13 14:24:36.170,0.219544,2025-01-13 14:24:15.000,2025-01-13 14:25:15.000,eqt_explosions_th0_1/20250113T142415Z_20250113T142515Z/KEF_outputs/X_prediction_results.csv
PVF,HE,PVF,0,0.0,0.0,0.0,2025-01-13 14:24:24.532,0.948201,2025-01-13 14:24:44.492,0.281612,2025-01-13 14:24:19.000,2025-01-13 14:25:19.000,eqt_explosions_th0_1/20250113T142419Z_20250113T142519Z/PVF_outputs/X_prediction_results.csv
TRE03,HE,TRE03,0,0.0,0.0,0.0,2025-01-13 14:24:25.612,0.1898,2025-01-13 14:24:44.872,0.157844,2025-01-13 14:24:20.000,2025-01-13 14:25:20.000,eqt_explosions_th0_1/20250113T142420Z_20250113T142520Z/TRE03_outputs/X_prediction_results.csv
NIF,HE,NIF,0,0.0,0.0,0.0,2025-01-13 14:24:27.680,0.348455,2025-01-13 14:24:48.890,0.588863,2025-01-13 14:24:22.000,2025-01-13 14:25:22.000,eqt_explosions_th0_1/20250113T142422Z_20250113T142522Z/NIF_outputs/X_prediction_results.csv
JOF,HE,JOF,0,0.0,0.0,0.0,,,2025-01-13 14:25:05.950,0.287399,2025-01-13 14:24:32.000,2025-01-13 14:25:32.000,eqt_explosions_th0_1/20250113T142432Z_20250113T142532Z/JOF_outputs/X_prediction_results.csv
VAF,HE,VAF,0,0.0,0.0,0.0,,,2025-01-13 14:25:14.510,0.295162,2025-01-13 14:25:09.000,2025-01-13 14:26:09.000,eqt_explosions_th0_1/20250113T142509Z_20250113T142609Z/VAF_outputs/X_prediction_results.csv
RAJF,FN,RAJF,0,0.0,0.0,0.0,,,2025-01-13 16:01:10.640,0.209008,2025-01-13 16:00:49.000,2025-01-13 16:01:49.000,eqt_explosions_th0_1/20250113T160049Z_20250113T160149Z/RAJF_outputs/X_prediction_results.csv
RAJF,FN,RAJF,0,0.0,0.0,0.0,,,2025-01-13 16:01:15.540,0.129036,2025-01-13 16:00:49.000,2025-01-13 16:01:49.000,eqt_explosions_th0_1/20250113T160049Z_20250113T160149Z/RAJF_outputs/X_prediction_results.csv
KEV,HE,KEV,0,0.0,0.0,0.0,2025-01-13 16:00:56.060,0.946833,2025-01-13 16:01:13.260,0.511348,2025-01-13 16:00:51.000,2025-01-13 16:01:51.000,eqt_explosions_th0_1/20250113T160051Z_20250113T160151Z/KEV_outputs/X_prediction_results.csv
HEF,HE,HEF,0,0.0,0.0,0.0,2025-01-13 16:02:12.060,0.12644,2025-01-13 16:02:12.690,0.138156,2025-01-13 16:01:48.000,2025-01-13 16:02:48.000,eqt_explosions_th0_1/20250113T160148Z_20250113T160248Z/HEF_outputs/X_prediction_results.csv
RAJF,FN,RAJF,0,0.0,0.0,0.0,2025-01-13 16:02:15.530,0.144283,2025-01-13 16:02:36.320,0.616524,2025-01-13 16:02:10.000,2025-01-13 16:03:10.000,eqt_explosions_th0_1/20250113T160210Z_20250113T160310Z/RAJF_outputs/X_prediction_results.csv
KEV,HE,KEV,0,0.0,0.0,0.0,2025-01-13 16:02:17.160,0.939627,2025-01-13 16:02:34.960,0.419646,2025-01-13 16:02:12.000,2025-01-13 16:03:12.000,eqt_explosions_th0_1/20250113T160212Z_20250113T160312Z/KEV_outputs/X_prediction_results.csv
HEF,HE,HEF,0,0.0,0.0,0.0,,,2025-01-13 16:03:35.020,0.228531,2025-01-13 16:03:10.000,2025-01-13 16:04:10.000,eqt_explosions_th0_1/20250113T160310Z_20250113T160410Z/HEF_outputs/X_prediction_results.csv
HEF,HE,HEF,0,0.0,0.0,0.0,2025-01-13 16:40:09.030,0.563237,2025-01-13 16:40:20.030,0.100606,2025-01-13 16:40:04.000,2025-01-13 16:41:04.000,eqt_explosions_th0_1/20250113T164004Z_20250113T164104Z/HEF_outputs/X_prediction_results.csv
KLF,FN,KLF,0,0.0,0.0,0.0,2025-01-13 16:40:10.510,0.268678,,,2025-01-13 16:40:05.000,2025-01-13 16:41:05.000,eqt_explosions_th0_1/20250113T164005Z_20250113T164105Z/KLF_outputs/X_prediction_results.csv
VRF,HE,VRF,0,0.0,0.0,0.0,2025-01-13 20:05:41.490,0.431101,2025-01-13 20:06:02.320,0.368058,2025-01-13 20:05:36.000,2025-01-13 20:06:36.000,eqt_explosions_th0_1/20250113T200536Z_20250113T200636Z/VRF_outputs/X_prediction_results.csv
OLKF,FN,OLKF,0,0.0,0.0,0.0,,,2025-01-13 20:06:19.790,0.516583,2025-01-13 20:05:45.000,2025-01-13 20:06:45.000,eqt_explosions_th0_1/20250113T200545Z_20250113T200645Z/OLKF_outputs/X_prediction_results.csv
RAJF,FN,RAJF,0,0.0,0.0,0.0,,,2025-01-13 20:06:49.500,0.11692,2025-01-13 20:06:13.000,2025-01-13 20:07:13.000,eqt_explosions_th0_1/20250113T200613Z_20250113T200713Z/RAJF_outputs/X_prediction_results.csv
RAJF,FN,RAJF,0,0.0,0.0,0.0,2025-01-13 20:06:18.940,0.132525,,,2025-01-13 20:06:13.000,2025-01-13 20:07:13.000,eqt_explosions_th0_1/20250113T200613Z_20250113T200713Z/RAJF_outputs/X_prediction_results.csv
VRF,HE,VRF,0,0.0,0.0,0.0,,,2025-01-13 20:13:20.630,0.26796,2025-01-13 20:12:56.000,2025-01-13 20:13:56.000,eqt_explosions_th0_1/20250113T201256Z_20250113T201356Z/VRF_outputs/X_prediction_results.csv
RAJF,FN,RAJF,0,0.0,0.0,0.0,2025-01-13 20:13:37.180,0.107494,2025-01-13 20:13:38.670,0.11068,2025-01-13 20:13:31.000,2025-01-13 20:14:31.000,eqt_explosions_th0_1/20250113T201331Z_20250113T201431Z/RAJF_outputs/X_prediction_results.csv
MEF,HE,MEF,0,0.0,0.0,0.0,2025-01-14 07:31:12.260,0.943267,2025-01-14 07:31:13.720,0.711552,2025-01-14 07:31:07.000,2025-01-14 07:32:07.000,eqt_explosions_th0_1/20250114T073107Z_20250114T073207Z/MEF_outputs/X_prediction_results.csv
HEL5,HE,HEL5,0,0.0,0.0,0.0,2025-01-14 07:31:15.786,0.944842,2025-01-14 07:31:19.666,0.679462,2025-01-14 07:31:10.000,2025-01-14 07:32:10.000,eqt_explosions_th0_1/20250114T073110Z_20250114T073210Z/HEL5_outputs/X_prediction_results.csv
RSUO,HE,RSUO,0,0.0,0.0,0.0,2025-01-14 07:31:16.436,0.541111,2025-01-14 07:31:20.646,0.28618,2025-01-14 07:31:11.000,2025-01-14 07:32:11.000,eqt_explosions_th0_1/20250114T073111Z_20250114T073211Z/RSUO_outputs/X_prediction_results.csv
KUNI,HE,KUNI,0,0.0,0.0,0.0,2025-01-14 07:31:16.126,0.922282,2025-01-14 07:31:20.466,0.50525,2025-01-14 07:31:11.000,2025-01-14 07:32:11.000,eqt_explosions_th0_1/20250114T073111Z_20250114T073211Z/KUNI_outputs/X_prediction_results.csv
LAUT,HE,LAUT,0,0.0,0.0,0.0,2025-01-14 07:31:16.288,0.941211,2025-01-14 07:31:20.408,0.566547,2025-01-14 07:31:11.000,2025-01-14 07:32:11.000,eqt_explosions_th0_1/20250114T073111Z_20250114T073211Z/LAUT_outputs/X_prediction_results.csv
HEL1,HE,HEL1,0,0.0,0.0,0.0,2025-01-14 07:31:16.288,0.92338,2025-01-14 07:31:20.418,0.642207,2025-01-14 07:31:11.000,2025-01-14 07:32:11.000,eqt_explosions_th0_1/20250114T073111Z_20250114T073211Z/HEL1_outputs/X_prediction_results.csv
TVF,HE,TVF,0,0.0,0.0,0.0,2025-01-14 07:31:24.064,0.685602,2025-01-14 07:31:32.784,0.553876,2025-01-14 07:31:19.000,2025-01-14 07:32:19.000,eqt_explosions_th0_1/20250114T073119Z_20250114T073219Z/TVF_outputs/X_prediction_results.csv
PVF,HE,PVF,0,0.0,0.0,0.0,2025-01-14 07:31:25.312,0.895071,2025-01-14 07:31:36.132,0.583116,2025-01-14 07:31:20.000,2025-01-14 07:32:20.000,eqt_explosions_th0_1/20250114T073120Z_20250114T073220Z/PVF_outputs/X_prediction_results.csv
LOVF,HE,LOVF,0,0.0,0.0,0.0,2025-01-14 07:31:28.664,0.693457,2025-01-14 07:31:49.124,0.280514,2025-01-14 07:31:23.000,2025-01-14 07:32:23.000,eqt_explosions_th0_1/20250114T073123Z_20250114T073223Z/LOVF_outputs/X_prediction_results.csv
KY02,HE,KY02,0,0.0,0.0,0.0,2025-01-14 07:31:54.652,0.570007,,,2025-01-14 07:31:30.000,2025-01-14 07:32:30.000,eqt_explosions_th0_1/20250114T073130Z_20250114T073230Z/KY02_outputs/X_prediction_results.csv
KY02,HE,KY02,0,0.0,0.0,0.0,2025-01-14 07:31:54.212,0.106727,,,2025-01-14 07:31:30.000,2025-01-14 07:32:30.000,eqt_explosions_th0_1/20250114T073130Z_20250114T073230Z/KY02_outputs/X_prediction_results.csv
FIA0,HE,FIA0,0,0.0,0.0,0.0,2025-01-14 07:31:36.910,0.553432,2025-01-14 07:31:59.420,0.284881,2025-01-14 07:31:31.000,2025-01-14 07:32:31.000,eqt_explosions_th0_1/20250114T073131Z_20250114T073231Z/FIA0_outputs/X_prediction_results.csv
FIA1,HE,FIA1,0,0.0,0.0,0.0,2025-01-14 07:31:36.910,0.765888,2025-01-14 07:31:59.480,0.265175,2025-01-14 07:31:31.000,2025-01-14 07:32:31.000,eqt_explosions_th0_1/20250114T073131Z_20250114T073231Z/FIA1_outputs/X_prediction_results.csv
KY17,HE,KY17,0,0.0,0.0,0.0,2025-01-14 07:31:37.496,0.217059,2025-01-14 07:31:57.456,0.4806,2025-01-14 07:31:32.000,2025-01-14 07:32:32.000,eqt_explosions_th0_1/20250114T073132Z_20250114T073232Z/KY17_outputs/X_prediction_results.csv
RAF,HE,RAF,0,0.0,0.0,0.0,2025-01-14 07:31:37.310,0.577451,2025-01-14 07:32:01.480,0.414122,2025-01-14 07:31:32.000,2025-01-14 07:32:32.000,eqt_explosions_th0_1/20250114T073132Z_20250114T073232Z/RAF_outputs/X_prediction_results.csv
RAF,HE,RAF,0,0.0,0.0,0.0,2025-01-14 07:31:38.300,0.207769,,,2025-01-14 07:31:32.000,2025-01-14 07:32:32.000,eqt_explosions_th0_1/20250114T073132Z_20250114T073232Z/RAF_outputs/X_prediction_results.csv
KORF,HE,KORF,0,0.0,0.0,0.0,2025-01-14 07:31:38.172,0.307833,2025-01-14 07:32:00.302,0.250341,2025-01-14 07:31:33.000,2025-01-14 07:32:33.000,eqt_explosions_th0_1/20250114T073133Z_20250114T073233Z/KORF_outputs/X_prediction_results.csv
KORF,HE,KORF,0,0.0,0.0,0.0,2025-01-14 07:31:39.192,0.138127,,,2025-01-14 07:31:33.000,2025-01-14 07:32:33.000,eqt_explosions_th0_1/20250114T073133Z_20250114T073233Z/KORF_outputs/X_prediction_results.csv
KEF,HE,KEF,0,0.0,0.0,0.0,2025-01-14 07:31:44.970,0.482974,2025-01-14 07:32:09.970,0.603445,2025-01-14 07:31:39.000,2025-01-14 07:32:39.000,eqt_explosions_th0_1/20250114T073139Z_20250114T073239Z/KEF_outputs/X_prediction_results.csv
KPF,HE,KPF,0,0.0,0.0,0.0,,,2025-01-14 07:32:12.362,0.171695,2025-01-14 07:31:40.000,2025-01-14 07:32:40.000,eqt_explosions_th0_1/20250114T073140Z_20250114T073240Z/KPF_outputs/X_prediction_results.csv
KAF,HE,KAF,0,0.0,0.0,0.0,,,2025-01-14 07:32:14.770,0.235871,2025-01-14 07:31:42.000,2025-01-14 07:32:42.000,eqt_explosions_th0_1/20250114T073142Z_20250114T073242Z/KAF_outputs/X_prediction_results.csv
RUF,HE,RUF,0,0.0,0.0,0.0,2025-01-14 10:13:53.268,0.942782,2025-01-14 10:13:59.958,0.766441,2025-01-14 10:13:48.000,2025-01-14 10:14:48.000,eqt_explosions_th0_1/20250114T101348Z_20250114T101448Z/RUF_outputs/X_prediction_results.csv
VJF,HE,VJF,0,0.0,0.0,0.0,2025-01-14 10:14:01.572,0.955379,2025-01-14 10:14:21.012,0.382897,2025-01-14 10:13:56.000,2025-01-14 10:14:56.000,eqt_explosions_th0_1/20250114T101356Z_20250114T101456Z/VJF_outputs/X_prediction_results.csv
KY17,HE,KY17,0,0.0,0.0,0.0,2025-01-14 10:14:04.062,0.541056,2025-01-14 10:14:23.892,0.502663,2025-01-14 10:13:59.000,2025-01-14 10:14:59.000,eqt_explosions_th0_1/20250114T101359Z_20250114T101459Z/KY17_outputs/X_prediction_results.csv
KY02,HE,KY02,0,0.0,0.0,0.0,,,2025-01-14 10:14:23.752,0.41119,2025-01-14 10:14:01.000,2025-01-14 10:15:01.000,eqt_explosions_th0_1/20250114T101401Z_20250114T101501Z/KY02_outputs/X_prediction_results.csv
LOVF,HE,LOVF,0,0.0,0.0,0.0,2025-01-14 10:14:12.120,0.896853,2025-01-14 10:14:33.930,0.252622,2025-01-14 10:14:07.000,2025-01-14 10:15:07.000,eqt_explosions_th0_1/20250114T101407Z_20250114T101507Z/LOVF_outputs/X_prediction_results.csv
FIA0,HE,FIA0,0,0.0,0.0,0.0,2025-01-14 10:14:13.450,0.931387,2025-01-14 10:14:37.790,0.346414,2025-01-14 10:14:08.000,2025-01-14 10:15:08.000,eqt_explosions_th0_1/20250114T101408Z_20250114T101508Z/FIA0_outputs/X_prediction_results.csv
FIA0,HE,FIA0,0,0.0,0.0,0.0,2025-01-14 10:14:35.860,0.397767,,,2025-01-14 10:14:08.000,2025-01-14 10:15:08.000,eqt_explosions_th0_1/20250114T101408Z_20250114T101508Z/FIA0_outputs/X_prediction_results.csv
FIA1,HE,FIA1,0,0.0,0.0,0.0,2025-01-14 10:14:13.460,0.69782,2025-01-14 10:14:35.840,0.147978,2025-01-14 10:14:08.000,2025-01-14 10:15:08.000,eqt_explosions_th0_1/20250114T101408Z_20250114T101508Z/FIA1_outputs/X_prediction_results.csv
FIA1,HE,FIA1,0,0.0,0.0,0.0,,,2025-01-14 10:14:37.810,0.200488,2025-01-14 10:14:08.000,2025-01-14 10:15:08.000,eqt_explosions_th0_1/20250114T101408Z_20250114T101508Z/FIA1_outputs/X_prediction_results.csv
PVF,HE,PVF,0,0.0,0.0,0.0,2025-01-14 10:14:14.864,0.921183,2025-01-14 10:14:39.294,0.169285,2025-01-14 10:14:09.000,2025-01-14 10:15:09.000,eqt_explosions_th0_1/20250114T101409Z_20250114T101509Z/PVF_outputs/X_prediction_results.csv
KAF,HE,KAF,0,0.0,0.0,0.0,2025-01-14 10:14:18.030,0.950313,2025-01-14 10:14:42.380,0.251321,2025-01-14 10:14:13.000,2025-01-14 10:15:13.000,eqt_explosions_th0_1/20250114T101413Z_20250114T101513Z/KAF_outputs/X_prediction_results.csv
RSUO,HE,RSUO,0,0.0,0.0,0.0,2025-01-14 10:32:06.864,0.855629,2025-01-14 10:32:07.224,0.823649,2025-01-14 10:32:01.000,2025-01-14 10:33:01.000,eqt_explosions_th0_1/20250114T103201Z_20250114T103301Z/RSUO_outputs/X_prediction_results.csv
KUNI,HE,KUNI,0,0.0,0.0,0.0,2025-01-14 10:32:07.374,0.918357,2025-01-14 10:32:08.034,0.88405,2025-01-14 10:32:02.000,2025-01-14 10:33:02.000,eqt_explosions_th0_1/20250114T103202Z_20250114T103302Z/KUNI_outputs/X_prediction_results.csv
LAUT,HE,LAUT,0,0.0,0.0,0.0,,,2025-01-14 10:32:08.758,0.781587,2025-01-14 10:32:02.000,2025-01-14 10:33:02.000,eqt_explosions_th0_1/20250114T103202Z_20250114T103302Z/LAUT_outputs/X_prediction_results.csv
HEL1,HE,HEL1,0,0.0,0.0,0.0,2025-01-14 10:32:07.310,0.891365,2025-01-14 10:32:07.970,0.83842,2025-01-14 10:32:02.000,2025-01-14 10:33:02.000,eqt_explosions_th0_1/20250114T103202Z_20250114T103302Z/HEL1_outputs/X_prediction_results.csv
VUOS,HE,VUOS,0,0.0,0.0,0.0,2025-01-14 10:32:08.984,0.932974,2025-01-14 10:32:10.934,0.812759,2025-01-14 10:32:03.000,2025-01-14 10:33:03.000,eqt_explosions_th0_1/20250114T103203Z_20250114T103303Z/VUOS_outputs/X_prediction_results.csv
HEL5,HE,HEL5,0,0.0,0.0,0.0,2025-01-14 10:32:08.806,0.95274,2025-01-14 10:32:10.606,0.866511,2025-01-14 10:32:03.000,2025-01-14 10:33:03.000,eqt_explosions_th0_1/20250114T103203Z_20250114T103303Z/HEL5_outputs/X_prediction_results.csv
RAF,HE,RAF,0,0.0,0.0,0.0,2025-01-14 10:52:50.480,0.926458,2025-01-14 10:52:58.480,0.703362,2025-01-14 10:52:45.000,2025-01-14 10:53:45.000,eqt_explosions_th0_1/20250114T105245Z_20250114T105345Z/RAF_outputs/X_prediction_results.csv
KPF,HE,KPF,0,0.0,0.0,0.0,2025-01-14 10:52:51.480,0.941419,2025-01-14 10:52:59.920,0.248589,2025-01-14 10:52:46.000,2025-01-14 10:53:46.000,eqt_explosions_th0_1/20250114T105246Z_20250114T105346Z/KPF_outputs/X_prediction_results.csv
TRE03,HE,TRE03,0,0.0,0.0,0.0,2025-01-14 10:52:53.090,0.883611,2025-01-14 10:53:03.640,0.158817,2025-01-14 10:52:48.000,2025-01-14 10:53:48.000,eqt_explosions_th0_1/20250114T105248Z_20250114T105348Z/TRE03_outputs/X_prediction_results.csv
KEF,HE,KEF,0,0.0,0.0,0.0,2025-01-14 10:53:03.370,0.490666,2025-01-14 10:53:20.540,0.299681,2025-01-14 10:52:58.000,2025-01-14 10:53:58.000,eqt_explosions_th0_1/20250114T105258Z_20250114T105358Z/KEF_outputs/X_prediction_results.csv
KORF,HE,KORF,0,0.0,0.0,0.0,2025-01-14 10:53:04.680,0.947567,2025-01-14 10:53:22.930,0.517558,2025-01-14 10:52:59.000,2025-01-14 10:53:59.000,eqt_explosions_th0_1/20250114T105259Z_20250114T105359Z/KORF_outputs/X_prediction_results.csv
TVF,HE,TVF,0,0.0,0.0,0.0,2025-01-14 10:53:06.990,0.407215,2025-01-14 10:53:26.230,0.206243,2025-01-14 10:53:01.000,2025-01-14 10:54:01.000,eqt_explosions_th0_1/20250114T105301Z_20250114T105401Z/TVF_outputs/X_prediction_results.csv
FIA0,HE,FIA0,0,0.0,0.0,0.0,2025-01-14 10:53:07.910,0.790289,2025-01-14 10:53:28.850,0.364234,2025-01-14 10:53:02.000,2025-01-14 10:54:02.000,eqt_explosions_th0_1/20250114T105302Z_20250114T105402Z/FIA0_outputs/X_prediction_results.csv
PVF,HE,PVF,0,0.0,0.0,0.0,2025-01-14 10:53:10.232,0.186346,2025-01-14 10:53:31.552,0.181375,2025-01-14 10:53:05.000,2025-01-14 10:54:05.000,eqt_explosions_th0_1/20250114T105305Z_20250114T105405Z/PVF_outputs/X_prediction_results.csv
VAF,HE,VAF,0,0.0,0.0,0.0,2025-01-14 10:53:11.490,0.59281,2025-01-14 10:53:34.590,0.643869,2025-01-14 10:53:06.000,2025-01-14 10:54:06.000,eqt_explosions_th0_1/20250114T105306Z_20250114T105406Z/VAF_outputs/X_prediction_results.csv
KAF,HE,KAF,0,0.0,0.0,0.0,2025-01-14 10:53:12.640,0.531848,2025-01-14 10:53:36.980,0.269817,2025-01-14 10:53:07.000,2025-01-14 10:54:07.000,eqt_explosions_th0_1/20250114T105307Z_20250114T105407Z/KAF_outputs/X_prediction_results.csv
AAL,UP,AAL,0,0.0,0.0,0.0,,,2025-01-14 10:53:37.420,0.274092,2025-01-14 10:53:07.000,2025-01-14 10:54:07.000,eqt_explosions_th0_1/20250114T105307Z_20250114T105407Z/AAL_outputs/X_prediction_results.csv
ECKF,HE,ECKF,0,0.0,0.0,0.0,2025-01-14 10:53:14.190,0.18513,2025-01-14 10:53:40.570,0.525529,2025-01-14 10:53:09.000,2025-01-14 10:54:09.000,eqt_explosions_th0_1/20250114T105309Z_20250114T105409Z/ECKF_outputs/X_prediction_results.csv
NIF,HE,NIF,0,0.0,0.0,0.0,2025-01-14 11:25:54.380,0.951582,2025-01-14 11:25:58.450,0.470794,2025-01-14 11:25:49.000,2025-01-14 11:26:49.000,eqt_explosions_th0_1/20250114T112549Z_20250114T112649Z/NIF_outputs/X_prediction_results.csv
SUF,HE,SUF,0,0.0,0.0,0.0,2025-01-14 11:26:05.580,0.901236,2025-01-14 11:26:16.600,0.20035,2025-01-14 11:26:00.000,2025-01-14 11:27:00.000,eqt_explosions_th0_1/20250114T112600Z_20250114T112700Z/SUF_outputs/X_prediction_results.csv
KAF,HE,KAF,0,0.0,0.0,0.0,2025-01-14 11:26:12.330,0.953138,2025-01-14 11:26:29.210,0.213362,2025-01-14 11:26:07.000,2025-01-14 11:27:07.000,eqt_explosions_th0_1/20250114T112607Z_20250114T112707Z/KAF_outputs/X_prediction_results.csv
RMF,HE,RMF,0,0.0,0.0,0.0,2025-01-14 11:26:16.680,0.883015,2025-01-14 11:26:35.600,0.372169,2025-01-14 11:26:11.000,2025-01-14 11:27:11.000,eqt_explosions_th0_1/20250114T112611Z_20250114T112711Z/RMF_outputs/X_prediction_results.csv
JOF,HE,JOF,0,0.0,0.0,0.0,2025-01-14 11:26:19.440,0.94093,2025-01-14 11:26:41.370,0.307706,2025-01-14 11:26:14.000,2025-01-14 11:27:14.000,eqt_explosions_th0_1/20250114T112614Z_20250114T112714Z/JOF_outputs/X_prediction_results.csv
KEF,HE,KEF,0,0.0,0.0,0.0,2025-01-14 11:26:20.580,0.155805,2025-01-14 11:26:43.070,0.206484,2025-01-14 11:26:15.000,2025-01-14 11:27:15.000,eqt_explosions_th0_1/20250114T112615Z_20250114T112715Z/KEF_outputs/X_prediction_results.csv
RUF,HE,RUF,0,0.0,0.0,0.0,2025-01-14 11:26:22.780,0.538383,2025-01-14 11:26:46.640,0.222709,2025-01-14 11:26:17.000,2025-01-14 11:27:17.000,eqt_explosions_th0_1/20250114T112617Z_20250114T112717Z/RUF_outputs/X_prediction_results.csv
OUF,HE,OUF,0,0.0,0.0,0.0,2025-01-14 11:26:23.190,0.552118,2025-01-14 11:26:49.040,0.166997,2025-01-14 11:26:18.000,2025-01-14 11:27:18.000,eqt_explosions_th0_1/20250114T112618Z_20250114T112718Z/OUF_outputs/X_prediction_results.csv
FIA0,HE,FIA0,0,0.0,0.0,0.0,2025-01-14 11:26:24.300,0.826992,2025-01-14 11:26:48.680,0.115841,2025-01-14 11:26:19.000,2025-01-14 11:27:19.000,eqt_explosions_th0_1/20250114T112619Z_20250114T112719Z/FIA0_outputs/X_prediction_results.csv
OBF0,HE,OBF0,0,0.0,0.0,0.0,2025-01-14 11:26:27.580,0.618898,2025-01-14 11:26:55.090,0.169332,2025-01-14 11:26:22.000,2025-01-14 11:27:22.000,eqt_explosions_th0_1/20250114T112622Z_20250114T112722Z/OBF0_outputs/X_prediction_results.csv
OBF3,HE,OBF3,0,0.0,0.0,0.0,2025-01-14 11:26:28.780,0.319932,2025-01-14 11:26:57.750,0.191094,2025-01-14 11:26:23.000,2025-01-14 11:27:23.000,eqt_explosions_th0_1/20250114T112623Z_20250114T112723Z/OBF3_outputs/X_prediction_results.csv
KY17,HE,KY17,0,0.0,0.0,0.0,2025-01-14 11:26:30.090,0.849074,,,2025-01-14 11:26:25.000,2025-01-14 11:27:25.000,eqt_explosions_th0_1/20250114T112625Z_20250114T112725Z/KY17_outputs/X_prediction_results.csv
KY17,HE,KY17,0,0.0,0.0,0.0,,,2025-01-14 11:27:00.260,0.192003,2025-01-14 11:26:25.000,2025-01-14 11:27:25.000,eqt_explosions_th0_1/20250114T112625Z_20250114T112725Z/KY17_outputs/X_prediction_results.csv
TRE03,HE,TRE03,0,0.0,0.0,0.0,2025-01-14 11:26:30.390,0.886812,,,2025-01-14 11:26:25.000,2025-01-14 11:27:25.000,eqt_explosions_th0_1/20250114T112625Z_20250114T112725Z/TRE03_outputs/X_prediction_results.csv
TRE03,HE,TRE03,0,0.0,0.0,0.0,,,2025-01-14 11:27:00.920,0.174052,2025-01-14 11:26:25.000,2025-01-14 11:27:25.000,eqt_explosions_th0_1/20250114T112625Z_20250114T112725Z/TRE03_outputs/X_prediction_results.csv
VAF,HE,VAF,0,0.0,0.0,0.0,2025-01-14 11:26:31.090,0.939864,,,2025-01-14 11:26:26.000,2025-01-14 11:27:26.000,eqt_explosions_th0_1/20250114T112626Z_20250114T112726Z/VAF_outputs/X_prediction_results.csv
VAF,HE,VAF,0,0.0,0.0,0.0,,,2025-01-14 11:27:01.310,0.334357,2025-01-14 11:26:26.000,2025-01-14 11:27:26.000,eqt_explosions_th0_1/20250114T112626Z_20250114T112726Z/VAF_outputs/X_prediction_results.csv
KU1,HE,KU1,0,0.0,0.0,0.0,2025-01-14 11:26:34.790,0.705769,,,2025-01-14 11:26:29.000,2025-01-14 11:27:29.000,eqt_explosions_th0_1/20250114T112629Z_20250114T112729Z/KU1_outputs/X_prediction_results.csv
KU1,HE,KU1,0,0.0,0.0,0.0,,,2025-01-14 11:27:07.160,0.407731,2025-01-14 11:26:29.000,2025-01-14 11:27:29.000,eqt_explosions_th0_1/20250114T112629Z_20250114T112729Z/KU1_outputs/X_prediction_results.csv
KU2,HE,KU2,0,0.0,0.0,0.0,2025-01-14 11:26:35.180,0.467861,,,2025-01-14 11:26:30.000,2025-01-14 11:27:30.000,eqt_explosions_th0_1/20250114T112630Z_20250114T112730Z/KU2_outputs/X_prediction_results.csv
KU2,HE,KU2,0,0.0,0.0,0.0,,,2025-01-14 11:27:08.020,0.182092,2025-01-14 11:26:30.000,2025-01-14 11:27:30.000,eqt_explosions_th0_1/20250114T112630Z_20250114T112730Z/KU2_outputs/X_prediction_results.csv
KPF,HE,KPF,0,0.0,0.0,0.0,2025-01-14 11:26:40.790,0.253623,,,2025-01-14 11:26:35.000,2025-01-14 11:27:35.000,eqt_explosions_th0_1/20250114T112635Z_20250114T112735Z/KPF_outputs/X_prediction_results.csv
KPF,HE,KPF,0,0.0,0.0,0.0,,,2025-01-14 11:27:18.100,0.262493,2025-01-14 11:26:35.000,2025-01-14 11:27:35.000,eqt_explosions_th0_1/20250114T112635Z_20250114T112735Z/KPF_outputs/X_prediction_results.csv
NIF,HE,NIF,0,0.0,0.0,0.0,2025-01-14 11:37:27.810,0.928031,2025-01-14 11:37:35.610,0.411959,2025-01-14 11:37:22.000,2025-01-14 11:38:22.000,eqt_explosions_th0_1/20250114T113722Z_20250114T113822Z/NIF_outputs/X_prediction_results.csv
KJNF,HE,KJNF,0,0.0,0.0,0.0,2025-01-14 11:37:32.920,0.908814,2025-01-14 11:37:44.340,0.140589,2025-01-14 11:37:27.000,2025-01-14 11:38:27.000,eqt_explosions_th0_1/20250114T113727Z_20250114T113827Z/KJNF_outputs/X_prediction_results.csv
SUF,HE,SUF,0,0.0,0.0,0.0,2025-01-14 11:37:33.092,0.918978,2025-01-14 11:37:44.202,0.251175,2025-01-14 11:37:28.000,2025-01-14 11:38:28.000,eqt_explosions_th0_1/20250114T113728Z_20250114T113828Z/SUF_outputs/X_prediction_results.csv
OUF,HE,OUF,0,0.0,0.0,0.0,2025-01-14 11:37:38.560,0.216056,2025-01-14 11:37:54.300,0.161165,2025-01-14 11:37:33.000,2025-01-14 11:38:33.000,eqt_explosions_th0_1/20250114T113733Z_20250114T113833Z/OUF_outputs/X_prediction_results.csv
ALAJF,HE,ALAJF,0,0.0,0.0,0.0,2025-01-14 11:37:39.808,0.205563,2025-01-14 11:37:55.578,0.339018,2025-01-14 11:37:34.000,2025-01-14 11:38:34.000,eqt_explosions_th0_1/20250114T113734Z_20250114T113834Z/ALAJF_outputs/X_prediction_results.csv
OBF0,HE,OBF0,0,0.0,0.0,0.0,2025-01-14 11:37:42.908,0.22183,2025-01-14 11:38:02.368,0.234937,2025-01-14 11:37:37.000,2025-01-14 11:38:37.000,eqt_explosions_th0_1/20250114T113737Z_20250114T113837Z/OBF0_outputs/X_prediction_results.csv
KAF,HE,KAF,0,0.0,0.0,0.0,2025-01-14 11:37:44.040,0.750858,2025-01-14 11:38:03.410,0.23212,2025-01-14 11:37:39.000,2025-01-14 11:38:39.000,eqt_explosions_th0_1/20250114T113739Z_20250114T113839Z/KAF_outputs/X_prediction_results.csv
OBF3,HE,OBF3,0,0.0,0.0,0.0,2025-01-14 11:37:44.516,0.944706,2025-01-14 11:38:05.346,0.271917,2025-01-14 11:37:39.000,2025-01-14 11:38:39.000,eqt_explosions_th0_1/20250114T113739Z_20250114T113839Z/OBF3_outputs/X_prediction_results.csv
RMF,HE,RMF,0,0.0,0.0,0.0,2025-01-14 11:37:46.832,0.588621,2025-01-14 11:38:07.612,0.406854,2025-01-14 11:37:41.000,2025-01-14 11:38:41.000,eqt_explosions_th0_1/20250114T113741Z_20250114T113841Z/RMF_outputs/X_prediction_results.csv
VAF,HE,VAF,0,0.0,0.0,0.0,2025-01-14 11:37:50.230,0.904939,2025-01-14 11:38:15.020,0.310748,2025-01-14 11:37:45.000,2025-01-14 11:38:45.000,eqt_explosions_th0_1/20250114T113745Z_20250114T113845Z/VAF_outputs/X_prediction_results.csv
JOF,HE,JOF,0,0.0,0.0,0.0,2025-01-14 11:37:56.570,0.173841,2025-01-14 11:38:25.750,0.100047,2025-01-14 11:37:51.000,2025-01-14 11:38:51.000,eqt_explosions_th0_1/20250114T113751Z_20250114T113851Z/JOF_outputs/X_prediction_results.csv
JOF,HE,JOF,0,0.0,0.0,0.0,2025-01-14 11:37:57.570,0.230973,,,2025-01-14 11:37:51.000,2025-01-14 11:38:51.000,eqt_explosions_th0_1/20250114T113751Z_20250114T113851Z/JOF_outputs/X_prediction_results.csv
RUF,HE,RUF,0,0.0,0.0,0.0,2025-01-14 12:25:16.480,0.932628,2025-01-14 12:25:18.130,0.836646,2025-01-14 12:25:11.000,2025-01-14 12:26:11.000,eqt_explosions_th0_1/20250114T122511Z_20250114T122611Z/RUF_outputs/X_prediction_results.csv
KY17,HE,KY17,0,0.0,0.0,0.0,2025-01-14 12:25:31.700,0.884774,2025-01-14 12:25:44.470,0.343986,2025-01-14 12:25:26.000,2025-01-14 12:26:26.000,eqt_explosions_th0_1/20250114T122526Z_20250114T122626Z/KY17_outputs/X_prediction_results.csv
VJF,HE,VJF,0,0.0,0.0,0.0,2025-01-14 12:25:32.532,0.868322,2025-01-14 12:25:45.912,0.229284,2025-01-14 12:25:27.000,2025-01-14 12:26:27.000,eqt_explosions_th0_1/20250114T122527Z_20250114T122627Z/VJF_outputs/X_prediction_results.csv
VJF,HE,VJF,0,0.0,0.0,0.0,,,2025-01-14 12:25:51.132,0.120723,2025-01-14 12:25:27.000,2025-01-14 12:26:27.000,eqt_explosions_th0_1/20250114T122527Z_20250114T122627Z/VJF_outputs/X_prediction_results.csv
FIA0,HE,FIA0,0,0.0,0.0,0.0,2025-01-14 12:25:38.310,0.951527,2025-01-14 12:25:58.990,0.178961,2025-01-14 12:25:33.000,2025-01-14 12:26:33.000,eqt_explosions_th0_1/20250114T122533Z_20250114T122633Z/FIA0_outputs/X_prediction_results.csv
KAF,HE,KAF,0,0.0,0.0,0.0,2025-01-14 12:25:40.580,0.845199,2025-01-14 12:25:59.030,0.171915,2025-01-14 12:25:35.000,2025-01-14 12:26:35.000,eqt_explosions_th0_1/20250114T122535Z_20250114T122635Z/KAF_outputs/X_prediction_results.csv
PVF,HE,PVF,0,0.0,0.0,0.0,2025-01-14 12:25:43.812,0.546856,,,2025-01-14 12:25:38.000,2025-01-14 12:26:38.000,eqt_explosions_th0_1/20250114T122538Z_20250114T122638Z/PVF_outputs/X_prediction_results.csv
PVF,HE,PVF,0,0.0,0.0,0.0,2025-01-14 12:25:44.822,0.12621,,,2025-01-14 12:25:38.000,2025-01-14 12:26:38.000,eqt_explosions_th0_1/20250114T122538Z_20250114T122638Z/PVF_outputs/X_prediction_results.csv
JOF,HE,JOF,0,0.0,0.0,0.0,2025-01-14 12:25:50.490,0.262163,2025-01-14 12:26:14.740,0.461975,2025-01-14 12:25:45.000,2025-01-14 12:26:45.000,eqt_explosions_th0_1/20250114T122545Z_20250114T122645Z/JOF_outputs/X_prediction_results.csv
HEL1,HE,HEL1,0,0.0,0.0,0.0,,,2025-01-14 12:26:18.290,0.180007,2025-01-14 12:26:11.000,2025-01-14 12:27:11.000,eqt_explosions_th0_1/20250114T122611Z_20250114T122711Z/HEL1_outputs/X_prediction_results.csv
KEV,HE,KEV,0,0.0,0.0,0.0,2025-01-14 12:49:34.430,0.673332,2025-01-14 12:49:46.380,0.280065,2025-01-14 12:49:29.000,2025-01-14 12:50:29.000,eqt_explosions_th0_1/20250114T124929Z_20250114T125029Z/KEV_outputs/X_prediction_results.csv
RAJF,FN,RAJF,0,0.0,0.0,0.0,2025-01-14 12:49:54.560,0.259823,2025-01-14 12:50:19.450,0.577056,2025-01-14 12:49:49.000,2025-01-14 12:50:49.000,eqt_explosions_th0_1/20250114T124949Z_20250114T125049Z/RAJF_outputs/X_prediction_results.csv
KEV,HE,KEV,0,0.0,0.0,0.0,2025-01-14 13:10:34.140,0.925038,2025-01-14 13:10:52.370,0.115789,2025-01-14 13:10:29.000,2025-01-14 13:11:29.000,eqt_explosions_th0_1/20250114T131029Z_20250114T131129Z/KEV_outputs/X_prediction_results.csv
KEV,HE,KEV,0,0.0,0.0,0.0,,,2025-01-14 13:10:55.970,0.103539,2025-01-14 13:10:29.000,2025-01-14 13:11:29.000,eqt_explosions_th0_1/20250114T131029Z_20250114T131129Z/KEV_outputs/X_prediction_results.csv
KIF,HE,KIF,0,0.0,0.0,0.0,2025-01-14 13:10:42.880,0.926927,2025-01-14 13:11:07.280,0.159237,2025-01-14 13:10:37.000,2025-01-14 13:11:37.000,eqt_explosions_th0_1/20250114T131037Z_20250114T131137Z/KIF_outputs/X_prediction_results.csv
HEF,HE,HEF,0,0.0,0.0,0.0,,,2025-01-14 13:11:16.080,0.38985,2025-01-14 13:10:42.000,2025-01-14 13:11:42.000,eqt_explosions_th0_1/20250114T131042Z_20250114T131142Z/HEF_outputs/X_prediction_results.csv
MEF,HE,MEF,0,0.0,0.0,0.0,2025-01-14 13:57:38.860,0.955294,2025-01-14 13:57:40.300,0.83097,2025-01-14 13:57:33.000,2025-01-14 13:58:33.000,eqt_explosions_th0_1/20250114T135733Z_20250114T135833Z/MEF_outputs/X_prediction_results.csv
HEL5,HE,HEL5,0,0.0,0.0,0.0,2025-01-14 13:57:38.782,0.945508,2025-01-14 13:57:40.242,0.877142,2025-01-14 13:57:33.000,2025-01-14 13:58:33.000,eqt_explosions_th0_1/20250114T135733Z_20250114T135833Z/HEL5_outputs/X_prediction_results.csv
HEL5,HE,HEL5,0,0.0,0.0,0.0,2025-01-14 13:58:09.262,0.256363,2025-01-14 13:58:09.612,0.637389,2025-01-14 13:57:33.000,2025-01-14 13:58:33.000,eqt_explosions_th0_1/20250114T135733Z_20250114T135833Z/HEL5_outputs/X_prediction_results.csv
LAUT,HE,LAUT,0,0.0,0.0,0.0,2025-01-14 13:57:39.772,0.453257,2025-01-14 13:57:41.902,0.6782,2025-01-14 13:57:34.000,2025-01-14 13:58:34.000,eqt_explosions_th0_1/20250114T135734Z_20250114T135834Z/LAUT_outputs/X_prediction_results.csv
RSUO,HE,RSUO,0,0.0,0.0,0.0,2025-01-14 13:57:40.406,0.419496,2025-01-14 13:57:42.986,0.623685,2025-01-14 13:57:35.000,2025-01-14 13:58:35.000,eqt_explosions_th0_1/20250114T135735Z_20250114T135835Z/RSUO_outputs/X_prediction_results.csv
KUNI,HE,KUNI,0,0.0,0.0,0.0,2025-01-14 13:57:40.994,0.576246,2025-01-14 13:57:43.824,0.691205,2025-01-14 13:57:35.000,2025-01-14 13:58:35.000,eqt_explosions_th0_1/20250114T135735Z_20250114T135835Z/KUNI_outputs/X_prediction_results.csv
HEL1,HE,HEL1,0,0.0,0.0,0.0,2025-01-14 13:57:40.066,0.63109,2025-01-14 13:57:42.396,0.766304,2025-01-14 13:57:35.000,2025-01-14 13:58:35.000,eqt_explosions_th0_1/20250114T135735Z_20250114T135835Z/HEL1_outputs/X_prediction_results.csv
VUOS,HE,VUOS,0,0.0,0.0,0.0,2025-01-14 13:57:42.676,0.145282,2025-01-14 13:57:46.626,0.498903,2025-01-14 13:57:37.000,2025-01-14 13:58:37.000,eqt_explosions_th0_1/20250114T135737Z_20250114T135837Z/VUOS_outputs/X_prediction_results.csv
RAF,HE,RAF,0,0.0,0.0,0.0,2025-01-14 13:58:27.850,0.113432,,,2025-01-14 13:58:01.000,2025-01-14 13:59:01.000,eqt_explosions_th0_1/20250114T135801Z_20250114T135901Z/RAF_outputs/X_prediction_results.csv
MEF,HE,MEF,0,0.0,0.0,0.0,2025-01-14 14:00:14.670,0.938814,2025-01-14 14:00:16.090,0.816855,2025-01-14 14:00:09.000,2025-01-14 14:01:09.000,eqt_explosions_th0_1/20250114T140009Z_20250114T140109Z/MEF_outputs/X_prediction_results.csv
RSUO,HE,RSUO,0,0.0,0.0,0.0,,,2025-01-14 14:00:22.854,0.604753,2025-01-14 14:00:13.000,2025-01-14 14:01:13.000,eqt_explosions_th0_1/20250114T140013Z_20250114T140113Z/RSUO_outputs/X_prediction_results.csv
KUNI,HE,KUNI,0,0.0,0.0,0.0,2025-01-14 14:00:18.516,0.936023,2025-01-14 14:00:22.626,0.440795,2025-01-14 14:00:13.000,2025-01-14 14:01:13.000,eqt_explosions_th0_1/20250114T140013Z_20250114T140113Z/KUNI_outputs/X_prediction_results.csv
HEL5,HE,HEL5,0,0.0,0.0,0.0,2025-01-14 14:00:18.248,0.911784,2025-01-14 14:00:22.088,0.649492,2025-01-14 14:00:13.000,2025-01-14 14:01:13.000,eqt_explosions_th0_1/20250114T140013Z_20250114T140113Z/HEL5_outputs/X_prediction_results.csv
LAUT,HE,LAUT,0,0.0,0.0,0.0,2025-01-14 14:00:18.646,0.942243,2025-01-14 14:00:22.886,0.743147,2025-01-14 14:00:13.000,2025-01-14 14:01:13.000,eqt_explosions_th0_1/20250114T140013Z_20250114T140113Z/LAUT_outputs/X_prediction_results.csv
HEL1,HE,HEL1,0,0.0,0.0,0.0,2025-01-14 14:00:18.766,0.745514,2025-01-14 14:00:22.746,0.587954,2025-01-14 14:00:13.000,2025-01-14 14:01:13.000,eqt_explosions_th0_1/20250114T140013Z_20250114T140113Z/HEL1_outputs/X_prediction_results.csv
VUOS,HE,VUOS,0,0.0,0.0,0.0,,,2025-01-14 14:00:26.402,0.249743,2025-01-14 14:00:16.000,2025-01-14 14:01:16.000,eqt_explosions_th0_1/20250114T140016Z_20250114T140116Z/VUOS_outputs/X_prediction_results.csv
TVF,HE,TVF,0,0.0,0.0,0.0,2025-01-14 14:00:26.386,0.183829,2025-01-14 14:00:34.976,0.538215,2025-01-14 14:00:21.000,2025-01-14 14:01:21.000,eqt_explosions_th0_1/20250114T140021Z_20250114T140121Z/TVF_outputs/X_prediction_results.csv
PVF,HE,PVF,0,0.0,0.0,0.0,2025-01-14 14:00:27.846,0.128844,2025-01-14 14:00:38.246,0.414515,2025-01-14 14:00:22.000,2025-01-14 14:01:22.000,eqt_explosions_th0_1/20250114T140022Z_20250114T140122Z/PVF_outputs/X_prediction_results.csv
LOVF,HE,LOVF,0,0.0,0.0,0.0,2025-01-14 14:00:30.906,0.157136,,,2025-01-14 14:00:25.000,2025-01-14 14:01:25.000,eqt_explosions_th0_1/20250114T140025Z_20250114T140125Z/LOVF_outputs/X_prediction_results.csv
KORF,HE,KORF,0,0.0,0.0,0.0,,,2025-01-14 14:00:57.540,0.188666,2025-01-14 14:00:34.000,2025-01-14 14:01:34.000,eqt_explosions_th0_1/20250114T140034Z_20250114T140134Z/KORF_outputs/X_prediction_results.csv
KORF,HE,KORF,0,0.0,0.0,0.0,,,2025-01-14 14:01:02.250,0.137929,2025-01-14 14:00:34.000,2025-01-14 14:01:34.000,eqt_explosions_th0_1/20250114T140034Z_20250114T140134Z/KORF_outputs/X_prediction_results.csv
FIA0,HE,FIA0,0,0.0,0.0,0.0,2025-01-14 14:00:39.470,0.624419,2025-01-14 14:01:02.570,0.351239,2025-01-14 14:00:34.000,2025-01-14 14:01:34.000,eqt_explosions_th0_1/20250114T140034Z_20250114T140134Z/FIA0_outputs/X_prediction_results.csv
KY17,HE,KY17,0,0.0,0.0,0.0,2025-01-14 14:00:39.912,0.479613,2025-01-14 14:00:59.782,0.493603,2025-01-14 14:00:34.000,2025-01-14 14:01:34.000,eqt_explosions_th0_1/20250114T140034Z_20250114T140134Z/KY17_outputs/X_prediction_results.csv
KY17,HE,KY17,0,0.0,0.0,0.0,2025-01-14 14:00:40.922,0.280355,,,2025-01-14 14:00:34.000,2025-01-14 14:01:34.000,eqt_explosions_th0_1/20250114T140034Z_20250114T140134Z/KY17_outputs/X_prediction_results.csv
FIA1,HE,FIA1,0,0.0,0.0,0.0,2025-01-14 14:00:39.470,0.377729,2025-01-14 14:00:59.260,0.339401,2025-01-14 14:00:34.000,2025-01-14 14:01:34.000,eqt_explosions_th0_1/20250114T140034Z_20250114T140134Z/FIA1_outputs/X_prediction_results.csv
KEF,HE,KEF,0,0.0,0.0,0.0,2025-01-14 14:00:47.390,0.274337,2025-01-14 14:01:12.220,0.367136,2025-01-14 14:00:42.000,2025-01-14 14:01:42.000,eqt_explosions_th0_1/20250114T140042Z_20250114T140142Z/KEF_outputs/X_prediction_results.csv
KAF,HE,KAF,0,0.0,0.0,0.0,,,2025-01-14 14:01:17.380,0.411181,2025-01-14 14:01:12.000,2025-01-14 14:02:12.000,eqt_explosions_th0_1/20250114T140112Z_20250114T140212Z/KAF_outputs/X_prediction_results.csv
KUNI,HE,KUNI,0,0.0,0.0,0.0,2025-01-14 16:33:13.380,0.353185,2025-01-14 16:33:13.930,0.864805,2025-01-14 16:33:08.000,2025-01-14 16:34:08.000,eqt_explosions_th0_1/20250114T163308Z_20250114T163408Z/KUNI_outputs/X_prediction_results.csv
LAUT,HE,LAUT,0,0.0,0.0,0.0,2025-01-14 16:33:13.720,0.125538,2025-01-14 16:33:14.680,0.781935,2025-01-14 16:33:08.000,2025-01-14 16:34:08.000,eqt_explosions_th0_1/20250114T163308Z_20250114T163408Z/LAUT_outputs/X_prediction_results.csv
HEL1,HE,HEL1,0,0.0,0.0,0.0,2025-01-14 16:33:13.180,0.923499,2025-01-14 16:33:13.880,0.875667,2025-01-14 16:33:08.000,2025-01-14 16:34:08.000,eqt_explosions_th0_1/20250114T163308Z_20250114T163408Z/HEL1_outputs/X_prediction_results.csv
VUOS,HE,VUOS,0,0.0,0.0,0.0,2025-01-14 16:33:14.940,0.899988,2025-01-14 16:33:16.770,0.78971,2025-01-14 16:33:09.000,2025-01-14 16:34:09.000,eqt_explosions_th0_1/20250114T163309Z_20250114T163409Z/VUOS_outputs/X_prediction_results.csv
HEL5,HE,HEL5,0,0.0,0.0,0.0,2025-01-14 16:33:14.760,0.945571,2025-01-14 16:33:16.450,0.863183,2025-01-14 16:33:09.000,2025-01-14 16:34:09.000,eqt_explosions_th0_1/20250114T163309Z_20250114T163409Z/HEL5_outputs/X_prediction_results.csv
MEF,HE,MEF,0,0.0,0.0,0.0,,,2025-01-14 16:33:20.410,0.174953,2025-01-14 16:33:12.000,2025-01-14 16:34:12.000,eqt_explosions_th0_1/20250114T163312Z_20250114T163412Z/MEF_outputs/X_prediction_results.csv
RAF,HE,RAF,0,0.0,0.0,0.0,2025-01-15 11:10:00.000,0.950272,2025-01-15 11:10:04.830,0.776694,2025-01-15 11:09:54.000,2025-01-15 11:10:54.000,eqt_explosions_th0_1/20250115T110954Z_20250115T111054Z/RAF_outputs/X_prediction_results.csv
KPF,HE,KPF,0,0.0,0.0,0.0,2025-01-15 11:10:08.084,0.175195,2025-01-15 11:10:17.714,0.268488,2025-01-15 11:10:03.000,2025-01-15 11:11:03.000,eqt_explosions_th0_1/20250115T111003Z_20250115T111103Z/KPF_outputs/X_prediction_results.csv
TRE03,HE,TRE03,0,0.0,0.0,0.0,2025-01-15 11:10:12.502,0.725227,2025-01-15 11:10:26.152,0.385208,2025-01-15 11:10:07.000,2025-01-15 11:11:07.000,eqt_explosions_th0_1/20250115T111007Z_20250115T111107Z/TRE03_outputs/X_prediction_results.csv
KEF,HE,KEF,0,0.0,0.0,0.0,2025-01-15 11:10:22.250,0.519988,2025-01-15 11:10:43.340,0.24919,2025-01-15 11:10:17.000,2025-01-15 11:11:17.000,eqt_explosions_th0_1/20250115T111017Z_20250115T111117Z/KEF_outputs/X_prediction_results.csv
KEF,HE,KEF,0,0.0,0.0,0.0,2025-01-15 11:10:23.240,0.340186,,,2025-01-15 11:10:17.000,2025-01-15 11:11:17.000,eqt_explosions_th0_1/20250115T111017Z_20250115T111117Z/KEF_outputs/X_prediction_results.csv
ECKF,HE,ECKF,0,0.0,0.0,0.0,2025-01-15 11:10:23.776,0.811827,2025-01-15 11:10:46.696,0.177901,2025-01-15 11:10:18.000,2025-01-15 11:11:18.000,eqt_explosions_th0_1/20250115T111018Z_20250115T111118Z/ECKF_outputs/X_prediction_results.csv
FIA0,HE,FIA0,0,0.0,0.0,0.0,2025-01-15 11:10:25.960,0.18814,2025-01-15 11:10:50.430,0.135441,2025-01-15 11:10:20.000,2025-01-15 11:11:20.000,eqt_explosions_th0_1/20250115T111020Z_20250115T111120Z/FIA0_outputs/X_prediction_results.csv
FIA0,HE,FIA0,0,0.0,0.0,0.0,2025-01-15 11:10:26.960,0.39343,,,2025-01-15 11:10:20.000,2025-01-15 11:11:20.000,eqt_explosions_th0_1/20250115T111020Z_20250115T111120Z/FIA0_outputs/X_prediction_results.csv
FIA0,HE,FIA0,0,0.0,0.0,0.0,2025-01-15 11:10:27.970,0.1086,,,2025-01-15 11:10:20.000,2025-01-15 11:11:20.000,eqt_explosions_th0_1/20250115T111020Z_20250115T111120Z/FIA0_outputs/X_prediction_results.csv
FIA1,HE,FIA1,0,0.0,0.0,0.0,2025-01-15 11:10:26.950,0.339493,,,2025-01-15 11:10:20.000,2025-01-15 11:11:20.000,eqt_explosions_th0_1/20250115T111020Z_20250115T111120Z/FIA1_outputs/X_prediction_results.csv
VAF,HE,VAF,0,0.0,0.0,0.0,2025-01-15 11:10:28.660,0.471768,2025-01-15 11:10:55.750,0.420757,2025-01-15 11:10:23.000,2025-01-15 11:11:23.000,eqt_explosions_th0_1/20250115T111023Z_20250115T111123Z/VAF_outputs/X_prediction_results.csv
VAF,HE,VAF,0,0.0,0.0,0.0,2025-01-15 11:10:29.650,0.198219,,,2025-01-15 11:10:23.000,2025-01-15 11:11:23.000,eqt_explosions_th0_1/20250115T111023Z_20250115T111123Z/VAF_outputs/X_prediction_results.csv
MEF,HE,MEF,0,0.0,0.0,0.0,2025-01-15 11:10:33.330,0.95627,2025-01-15 11:10:34.950,0.828509,2025-01-15 11:10:28.000,2025-01-15 11:11:28.000,eqt_explosions_th0_1/20250115T111028Z_20250115T111128Z/MEF_outputs/X_prediction_results.csv
HEL5,HE,HEL5,0,0.0,0.0,0.0,2025-01-15 11:10:34.756,0.947125,2025-01-15 11:10:37.546,0.814823,2025-01-15 11:10:29.000,2025-01-15 11:11:29.000,eqt_explosions_th0_1/20250115T111029Z_20250115T111129Z/HEL5_outputs/X_prediction_results.csv
LAUT,HE,LAUT,0,0.0,0.0,0.0,2025-01-15 11:10:35.608,0.747075,2025-01-15 11:10:39.408,0.746652,2025-01-15 11:10:30.000,2025-01-15 11:11:30.000,eqt_explosions_th0_1/20250115T111030Z_20250115T111130Z/LAUT_outputs/X_prediction_results.csv
RSUO,HE,RSUO,0,0.0,0.0,0.0,2025-01-15 11:10:36.604,0.926128,2025-01-15 11:10:40.644,0.593421,2025-01-15 11:10:31.000,2025-01-15 11:11:31.000,eqt_explosions_th0_1/20250115T111031Z_20250115T111131Z/RSUO_outputs/X_prediction_results.csv
KUNI,HE,KUNI,0,0.0,0.0,0.0,2025-01-15 11:10:36.780,0.671745,2025-01-15 11:10:41.520,0.173735,2025-01-15 11:10:31.000,2025-01-15 11:11:31.000,eqt_explosions_th0_1/20250115T111031Z_20250115T111131Z/KUNI_outputs/X_prediction_results.csv
HEL1,HE,HEL1,0,0.0,0.0,0.0,2025-01-15 11:10:36.222,0.199641,2025-01-15 11:10:39.932,0.639988,2025-01-15 11:10:31.000,2025-01-15 11:11:31.000,eqt_explosions_th0_1/20250115T111031Z_20250115T111131Z/HEL1_outputs/X_prediction_results.csv
VUOS,HE,VUOS,0,0.0,0.0,0.0,2025-01-15 11:10:38.652,0.721299,2025-01-15 11:10:43.952,0.549131,2025-01-15 11:10:33.000,2025-01-15 11:11:33.000,eqt_explosions_th0_1/20250115T111033Z_20250115T111133Z/VUOS_outputs/X_prediction_results.csv
NUR,HE,NUR,0,0.0,0.0,0.0,2025-01-15 11:10:39.190,0.906505,2025-01-15 11:10:44.870,0.685742,2025-01-15 11:10:34.000,2025-01-15 11:11:34.000,eqt_explosions_th0_1/20250115T111034Z_20250115T111134Z/NUR_outputs/X_prediction_results.csv
TVF,HE,TVF,0,0.0,0.0,0.0,2025-01-15 11:10:42.456,0.947648,2025-01-15 11:10:50.976,0.526034,2025-01-15 11:10:37.000,2025-01-15 11:11:37.000,eqt_explosions_th0_1/20250115T111037Z_20250115T111137Z/TVF_outputs/X_prediction_results.csv
RUF,HE,RUF,0,0.0,0.0,0.0,2025-01-15 11:54:10.980,0.950899,2025-01-15 11:54:18.890,0.365639,2025-01-15 11:54:05.000,2025-01-15 11:55:05.000,eqt_explosions_th0_1/20250115T115405Z_20250115T115505Z/RUF_outputs/X_prediction_results.csv
KY17,HE,KY17,0,0.0,0.0,0.0,2025-01-15 11:54:11.320,0.943757,2025-01-15 11:54:19.550,0.54075,2025-01-15 11:54:06.000,2025-01-15 11:55:06.000,eqt_explosions_th0_1/20250115T115406Z_20250115T115506Z/KY17_outputs/X_prediction_results.csv
VJF,HE,VJF,0,0.0,0.0,0.0,2025-01-15 11:54:11.712,0.948471,2025-01-15 11:54:19.992,0.410482,2025-01-15 11:54:06.000,2025-01-15 11:55:06.000,eqt_explosions_th0_1/20250115T115406Z_20250115T115506Z/VJF_outputs/X_prediction_results.csv
FIA0,HE,FIA0,0,0.0,0.0,0.0,,,2025-01-15 11:54:35.690,0.325807,2025-01-15 11:54:17.000,2025-01-15 11:55:17.000,eqt_explosions_th0_1/20250115T115417Z_20250115T115517Z/FIA0_outputs/X_prediction_results.csv
PVF,HE,PVF,0,0.0,0.0,0.0,2025-01-15 11:54:22.880,0.929781,2025-01-15 11:54:39.930,0.439458,2025-01-15 11:54:17.000,2025-01-15 11:55:17.000,eqt_explosions_th0_1/20250115T115417Z_20250115T115517Z/PVF_outputs/X_prediction_results.csv
KAF,HE,KAF,0,0.0,0.0,0.0,,,2025-01-15 11:54:49.850,0.131267,2025-01-15 11:54:21.000,2025-01-15 11:55:21.000,eqt_explosions_th0_1/20250115T115421Z_20250115T115521Z/KAF_outputs/X_prediction_results.csv
KAF,HE,KAF,0,0.0,0.0,0.0,2025-01-15 11:54:26.980,0.953762,2025-01-15 11:54:46.180,0.194652,2025-01-15 11:54:21.000,2025-01-15 11:55:21.000,eqt_explosions_th0_1/20250115T115421Z_20250115T115521Z/KAF_outputs/X_prediction_results.csv
TRE03,HE,TRE03,0,0.0,0.0,0.0,2025-01-15 11:54:36.880,0.876232,2025-01-15 11:55:04.790,0.320192,2025-01-15 11:54:31.000,2025-01-15 11:55:31.000,eqt_explosions_th0_1/20250115T115431Z_20250115T115531Z/TRE03_outputs/X_prediction_results.csv
SUF,HE,SUF,0,0.0,0.0,0.0,2025-01-15 11:54:36.900,0.362931,2025-01-15 11:55:02.450,0.165056,2025-01-15 11:54:31.000,2025-01-15 11:55:31.000,eqt_explosions_th0_1/20250115T115431Z_20250115T115531Z/SUF_outputs/X_prediction_results.csv
KY02,HE,KY02,0,0.0,0.0,0.0,2025-01-15 12:15:33.076,0.952404,2025-01-15 12:15:36.376,0.380786,2025-01-15 12:15:28.000,2025-01-15 12:16:28.000,eqt_explosions_th0_1/20250115T121528Z_20250115T121628Z/KY02_outputs/X_prediction_results.csv
KY17,HE,KY17,0,0.0,0.0,0.0,2025-01-15 12:15:35.478,0.949753,2025-01-15 12:15:40.648,0.572606,2025-01-15 12:15:30.000,2025-01-15 12:16:30.000,eqt_explosions_th0_1/20250115T121530Z_20250115T121630Z/KY17_outputs/X_prediction_results.csv
PVF,HE,PVF,0,0.0,0.0,0.0,2025-01-15 12:15:37.480,0.945759,2025-01-15 12:15:43.770,0.72042,2025-01-15 12:15:32.000,2025-01-15 12:16:32.000,eqt_explosions_th0_1/20250115T121532Z_20250115T121632Z/PVF_outputs/X_prediction_results.csv
LOVF,HE,LOVF,0,0.0,0.0,0.0,2025-01-15 12:15:38.440,0.948977,2025-01-15 12:15:45.430,0.521041,2025-01-15 12:15:33.000,2025-01-15 12:16:33.000,eqt_explosions_th0_1/20250115T121533Z_20250115T121633Z/LOVF_outputs/X_prediction_results.csv
FIA0,HE,FIA0,0,0.0,0.0,0.0,2025-01-15 12:15:38.010,0.951219,2025-01-15 12:15:44.980,0.559495,2025-01-15 12:15:33.000,2025-01-15 12:16:33.000,eqt_explosions_th0_1/20250115T121533Z_20250115T121633Z/FIA0_outputs/X_prediction_results.csv
FIA1,HE,FIA1,0,0.0,0.0,0.0,2025-01-15 12:15:38.000,0.947693,2025-01-15 12:15:45.000,0.410465,2025-01-15 12:15:33.000,2025-01-15 12:16:33.000,eqt_explosions_th0_1/20250115T121533Z_20250115T121633Z/FIA1_outputs/X_prediction_results.csv
VJF,HE,VJF,0,0.0,0.0,0.0,2025-01-15 12:15:42.116,0.91564,2025-01-15 12:15:52.556,0.568907,2025-01-15 12:15:37.000,2025-01-15 12:16:37.000,eqt_explosions_th0_1/20250115T121537Z_20250115T121637Z/VJF_outputs/X_prediction_results.csv
NUR,HE,NUR,0,0.0,0.0,0.0,2025-01-15 12:15:45.886,0.947414,,,2025-01-15 12:15:40.000,2025-01-15 12:16:40.000,eqt_explosions_th0_1/20250115T121540Z_20250115T121640Z/NUR_outputs/X_prediction_results.csv
KUNI,HE,KUNI,0,0.0,0.0,0.0,2025-01-15 12:15:46.762,0.944345,2025-01-15 12:16:05.352,0.110844,2025-01-15 12:15:41.000,2025-01-15 12:16:41.000,eqt_explosions_th0_1/20250115T121541Z_20250115T121641Z/KUNI_outputs/X_prediction_results.csv
VUOS,HE,VUOS,0,0.0,0.0,0.0,2025-01-15 12:15:46.488,0.958689,2025-01-15 12:16:05.778,0.439841,2025-01-15 12:15:41.000,2025-01-15 12:16:41.000,eqt_explosions_th0_1/20250115T121541Z_20250115T121641Z/VUOS_outputs/X_prediction_results.csv
KAF,HE,KAF,0,0.0,0.0,0.0,2025-01-15 12:15:49.740,0.891764,2025-01-15 12:16:05.780,0.559655,2025-01-15 12:15:44.000,2025-01-15 12:16:44.000,eqt_explosions_th0_1/20250115T121544Z_20250115T121644Z/KAF_outputs/X_prediction_results.csv
MEF,HE,MEF,0,0.0,0.0,0.0,2025-01-15 12:15:50.790,0.926445,2025-01-15 12:16:12.810,0.254437,2025-01-15 12:15:45.000,2025-01-15 12:16:45.000,eqt_explosions_th0_1/20250115T121545Z_20250115T121645Z/MEF_outputs/X_prediction_results.csv
TRE03,HE,TRE03,0,0.0,0.0,0.0,2025-01-15 12:15:51.004,0.201024,,,2025-01-15 12:15:46.000,2025-01-15 12:16:46.000,eqt_explosions_th0_1/20250115T121546Z_20250115T121646Z/TRE03_outputs/X_prediction_results.csv
TRE03,HE,TRE03,0,0.0,0.0,0.0,2025-01-15 12:15:52.014,0.112713,,,2025-01-15 12:15:46.000,2025-01-15 12:16:46.000,eqt_explosions_th0_1/20250115T121546Z_20250115T121646Z/TRE03_outputs/X_prediction_results.csv
RUF,HE,RUF,0,0.0,0.0,0.0,2025-01-15 12:15:52.870,0.407801,2025-01-15 12:16:11.990,0.20267,2025-01-15 12:15:47.000,2025-01-15 12:16:47.000,eqt_explosions_th0_1/20250115T121547Z_20250115T121647Z/RUF_outputs/X_prediction_results.csv
RUF,HE,RUF,0,0.0,0.0,0.0,2025-01-15 12:15:53.870,0.495001,,,2025-01-15 12:15:47.000,2025-01-15 12:16:47.000,eqt_explosions_th0_1/20250115T121547Z_20250115T121647Z/RUF_outputs/X_prediction_results.csv
KEF,HE,KEF,0,0.0,0.0,0.0,2025-01-15 12:15:54.720,0.94914,2025-01-15 12:16:13.400,0.574186,2025-01-15 12:15:49.000,2025-01-15 12:16:49.000,eqt_explosions_th0_1/20250115T121549Z_20250115T121649Z/KEF_outputs/X_prediction_results.csv
MEF,HE,MEF,0,0.0,0.0,0.0,2025-01-15 12:30:24.860,0.944798,2025-01-15 12:30:26.060,0.855228,2025-01-15 12:30:19.000,2025-01-15 12:31:19.000,eqt_explosions_th0_1/20250115T123019Z_20250115T123119Z/MEF_outputs/X_prediction_results.csv
RSUO,HE,RSUO,0,0.0,0.0,0.0,2025-01-15 12:30:26.284,0.836734,2025-01-15 12:30:29.144,0.707318,2025-01-15 12:30:21.000,2025-01-15 12:31:21.000,eqt_explosions_th0_1/20250115T123021Z_20250115T123121Z/RSUO_outputs/X_prediction_results.csv
KUNI,HE,KUNI,0,0.0,0.0,0.0,2025-01-15 12:30:26.548,0.907138,2025-01-15 12:30:29.148,0.761282,2025-01-15 12:30:21.000,2025-01-15 12:31:21.000,eqt_explosions_th0_1/20250115T123021Z_20250115T123121Z/KUNI_outputs/X_prediction_results.csv
HEL5,HE,HEL5,0,0.0,0.0,0.0,2025-01-15 12:30:26.068,0.94947,2025-01-15 12:30:28.378,0.600933,2025-01-15 12:30:21.000,2025-01-15 12:31:21.000,eqt_explosions_th0_1/20250115T123021Z_20250115T123121Z/HEL5_outputs/X_prediction_results.csv
LAUT,HE,LAUT,0,0.0,0.0,0.0,2025-01-15 12:30:26.478,0.950861,2025-01-15 12:30:28.948,0.703022,2025-01-15 12:30:21.000,2025-01-15 12:31:21.000,eqt_explosions_th0_1/20250115T123021Z_20250115T123121Z/LAUT_outputs/X_prediction_results.csv
HEL1,HE,HEL1,0,0.0,0.0,0.0,2025-01-15 12:30:26.246,0.817858,2025-01-15 12:30:28.876,0.674841,2025-01-15 12:30:21.000,2025-01-15 12:31:21.000,eqt_explosions_th0_1/20250115T123021Z_20250115T123121Z/HEL1_outputs/X_prediction_results.csv
NUR,HE,NUR,0,0.0,0.0,0.0,2025-01-15 12:30:28.070,0.842186,2025-01-15 12:30:32.020,0.819389,2025-01-15 12:30:23.000,2025-01-15 12:31:23.000,eqt_explosions_th0_1/20250115T123023Z_20250115T123123Z/NUR_outputs/X_prediction_results.csv
NIF,HE,NIF,0,0.0,0.0,0.0,2025-01-15 13:00:13.500,0.948892,2025-01-15 13:00:19.950,0.408985,2025-01-15 13:00:08.000,2025-01-15 13:01:08.000,eqt_explosions_th0_1/20250115T130008Z_20250115T130108Z/NIF_outputs/X_prediction_results.csv
KAF,HE,KAF,0,0.0,0.0,0.0,2025-01-15 13:00:25.080,0.877627,2025-01-15 13:00:39.430,0.235541,2025-01-15 13:00:20.000,2025-01-15 13:01:20.000,eqt_explosions_th0_1/20250115T130020Z_20250115T130120Z/KAF_outputs/X_prediction_results.csv
KEF,HE,KEF,0,0.0,0.0,0.0,2025-01-15 13:00:33.170,0.398633,,,2025-01-15 13:00:28.000,2025-01-15 13:01:28.000,eqt_explosions_th0_1/20250115T130028Z_20250115T130128Z/KEF_outputs/X_prediction_results.csv
KEF,HE,KEF,0,0.0,0.0,0.0,2025-01-15 13:00:34.170,0.372835,,,2025-01-15 13:00:28.000,2025-01-15 13:01:28.000,eqt_explosions_th0_1/20250115T130028Z_20250115T130128Z/KEF_outputs/X_prediction_results.csv
JOF,HE,JOF,0,0.0,0.0,0.0,2025-01-15 13:00:35.040,0.892405,2025-01-15 13:00:57.960,0.354632,2025-01-15 13:00:30.000,2025-01-15 13:01:30.000,eqt_explosions_th0_1/20250115T130030Z_20250115T130130Z/JOF_outputs/X_prediction_results.csv
ALAJF,HE,ALAJF,0,0.0,0.0,0.0,2025-01-15 13:00:35.452,0.685461,2025-01-15 13:00:58.012,0.391338,2025-01-15 13:00:30.000,2025-01-15 13:01:30.000,eqt_explosions_th0_1/20250115T130030Z_20250115T130130Z/ALAJF_outputs/X_prediction_results.csv
MEF,HE,MEF,0,0.0,0.0,0.0,2025-01-15 13:46:18.290,0.856033,2025-01-15 13:46:20.730,0.631847,2025-01-15 13:46:13.000,2025-01-15 13:47:13.000,eqt_explosions_th0_1/20250115T134613Z_20250115T134713Z/MEF_outputs/X_prediction_results.csv
HEL5,HE,HEL5,0,0.0,0.0,0.0,2025-01-15 13:46:20.540,0.948085,2025-01-15 13:46:24.390,0.699462,2025-01-15 13:46:15.000,2025-01-15 13:47:15.000,eqt_explosions_th0_1/20250115T134615Z_20250115T134715Z/HEL5_outputs/X_prediction_results.csv
LAUT,HE,LAUT,0,0.0,0.0,0.0,2025-01-15 13:46:21.940,0.71817,2025-01-15 13:46:26.380,0.442524,2025-01-15 13:46:16.000,2025-01-15 13:47:16.000,eqt_explosions_th0_1/20250115T134616Z_20250115T134716Z/LAUT_outputs/X_prediction_results.csv
HEL1,HE,HEL1,0,0.0,0.0,0.0,2025-01-15 13:46:22.130,0.925178,2025-01-15 13:46:26.820,0.614783,2025-01-15 13:46:17.000,2025-01-15 13:47:17.000,eqt_explosions_th0_1/20250115T134617Z_20250115T134717Z/HEL1_outputs/X_prediction_results.csv
KUNI,HE,KUNI,0,0.0,0.0,0.0,2025-01-15 13:46:23.172,0.654538,2025-01-15 13:46:28.212,0.228888,2025-01-15 13:46:18.000,2025-01-15 13:47:18.000,eqt_explosions_th0_1/20250115T134618Z_20250115T134718Z/KUNI_outputs/X_prediction_results.csv
NUR,HE,NUR,0,0.0,0.0,0.0,2025-01-15 13:46:24.412,0.861395,2025-01-15 13:46:30.602,0.354715,2025-01-15 13:46:19.000,2025-01-15 13:47:19.000,eqt_explosions_th0_1/20250115T134619Z_20250115T134719Z/NUR_outputs/X_prediction_results.csv
VUOS,HE,VUOS,0,0.0,0.0,0.0,2025-01-15 13:46:24.630,0.925418,2025-01-15 13:46:30.930,0.409651,2025-01-15 13:46:19.000,2025-01-15 13:47:19.000,eqt_explosions_th0_1/20250115T134619Z_20250115T134719Z/VUOS_outputs/X_prediction_results.csv
TVF,HE,TVF,0,0.0,0.0,0.0,2025-01-15 13:46:26.190,0.933641,2025-01-15 13:46:33.420,0.345661,2025-01-15 13:46:21.000,2025-01-15 13:47:21.000,eqt_explosions_th0_1/20250115T134621Z_20250115T134721Z/TVF_outputs/X_prediction_results.csv
PVF,HE,PVF,0,0.0,0.0,0.0,2025-01-15 13:46:33.370,0.616783,2025-01-15 13:46:44.380,0.177048,2025-01-15 13:46:28.000,2025-01-15 13:47:28.000,eqt_explosions_th0_1/20250115T134628Z_20250115T134728Z/PVF_outputs/X_prediction_results.csv
PVF,HE,PVF,0,0.0,0.0,0.0,,,2025-01-15 13:46:52.160,0.489984,2025-01-15 13:46:28.000,2025-01-15 13:47:28.000,eqt_explosions_th0_1/20250115T134628Z_20250115T134728Z/PVF_outputs/X_prediction_results.csv
KORF,HE,KORF,0,0.0,0.0,0.0,2025-01-15 13:46:41.180,0.501595,2025-01-15 13:47:03.900,0.222417,2025-01-15 13:46:36.000,2025-01-15 13:47:36.000,eqt_explosions_th0_1/20250115T134636Z_20250115T134736Z/KORF_outputs/X_prediction_results.csv
RAF,HE,RAF,0,0.0,0.0,0.0,,,2025-01-15 13:47:04.020,0.323198,2025-01-15 13:46:38.000,2025-01-15 13:47:38.000,eqt_explosions_th0_1/20250115T134638Z_20250115T134738Z/RAF_outputs/X_prediction_results.csv
RAF,HE,RAF,0,0.0,0.0,0.0,,,2025-01-15 13:47:09.520,0.214894,2025-01-15 13:46:38.000,2025-01-15 13:47:38.000,eqt_explosions_th0_1/20250115T134638Z_20250115T134738Z/RAF_outputs/X_prediction_results.csv
FIA0,HE,FIA0,0,0.0,0.0,0.0,2025-01-15 13:46:45.410,0.316796,2025-01-15 13:47:05.980,0.116839,2025-01-15 13:46:40.000,2025-01-15 13:47:40.000,eqt_explosions_th0_1/20250115T134640Z_20250115T134740Z/FIA0_outputs/X_prediction_results.csv
FIA0,HE,FIA0,0,0.0,0.0,0.0,2025-01-15 13:46:46.410,0.339608,,,2025-01-15 13:46:40.000,2025-01-15 13:47:40.000,eqt_explosions_th0_1/20250115T134640Z_20250115T134740Z/FIA0_outputs/X_prediction_results.csv
KY17,HE,KY17,0,0.0,0.0,0.0,2025-01-15 13:46:45.770,0.685443,,,2025-01-15 13:46:40.000,2025-01-15 13:47:40.000,eqt_explosions_th0_1/20250115T134640Z_20250115T134740Z/KY17_outputs/X_prediction_results.csv
VJF,HE,VJF,0,0.0,0.0,0.0,2025-01-15 13:46:47.590,0.600472,2025-01-15 13:47:12.550,0.100373,2025-01-15 13:46:42.000,2025-01-15 13:47:42.000,eqt_explosions_th0_1/20250115T134642Z_20250115T134742Z/VJF_outputs/X_prediction_results.csv
VJF,HE,VJF,0,0.0,0.0,0.0,2025-01-15 13:46:48.590,0.11185,,,2025-01-15 13:46:42.000,2025-01-15 13:47:42.000,eqt_explosions_th0_1/20250115T134642Z_20250115T134742Z/VJF_outputs/X_prediction_results.csv
KPF,HE,KPF,0,0.0,0.0,0.0,2025-01-15 13:46:52.650,0.19125,2025-01-15 13:47:20.810,0.214127,2025-01-15 13:46:47.000,2025-01-15 13:47:47.000,eqt_explosions_th0_1/20250115T134647Z_20250115T134747Z/KPF_outputs/X_prediction_results.csv
ECKF,HE,ECKF,0,0.0,0.0,0.0,2025-01-15 14:29:50.170,0.885814,2025-01-15 14:30:09.260,0.264098,2025-01-15 14:29:45.000,2025-01-15 14:30:45.000,eqt_explosions_th0_1/20250115T142945Z_20250115T143045Z/ECKF_outputs/X_prediction_results.csv
AAL,UP,AAL,0,0.0,0.0,0.0,2025-01-15 14:29:53.070,0.116474,,,2025-01-15 14:29:47.000,2025-01-15 14:30:47.000,eqt_explosions_th0_1/20250115T142947Z_20250115T143047Z/AAL_outputs/X_prediction_results.csv
MEF,HE,MEF,0,0.0,0.0,0.0,2025-01-15 15:21:22.600,0.914124,2025-01-15 15:21:27.380,0.799811,2025-01-15 15:21:17.000,2025-01-15 15:22:17.000,eqt_explosions_th0_1/20250115T152117Z_20250115T152217Z/MEF_outputs/X_prediction_results.csv
NUR,HE,NUR,0,0.0,0.0,0.0,2025-01-15 15:21:24.080,0.934793,2025-01-15 15:21:29.920,0.626589,2025-01-15 15:21:19.000,2025-01-15 15:22:19.000,eqt_explosions_th0_1/20250115T152119Z_20250115T152219Z/NUR_outputs/X_prediction_results.csv
KUNI,HE,KUNI,0,0.0,0.0,0.0,2025-01-15 15:21:26.800,0.132825,2025-01-15 15:21:34.070,0.401609,2025-01-15 15:21:21.000,2025-01-15 15:22:21.000,eqt_explosions_th0_1/20250115T152121Z_20250115T152221Z/KUNI_outputs/X_prediction_results.csv
HEL5,HE,HEL5,0,0.0,0.0,0.0,2025-01-15 15:21:26.480,0.923507,2025-01-15 15:21:33.640,0.547494,2025-01-15 15:21:21.000,2025-01-15 15:22:21.000,eqt_explosions_th0_1/20250115T152121Z_20250115T152221Z/HEL5_outputs/X_prediction_results.csv
TVF,HE,TVF,0,0.0,0.0,0.0,2025-01-15 15:21:27.980,0.93159,2025-01-15 15:21:36.600,0.184564,2025-01-15 15:21:22.000,2025-01-15 15:22:22.000,eqt_explosions_th0_1/20250115T152122Z_20250115T152222Z/TVF_outputs/X_prediction_results.csv
VUOS,HE,VUOS,0,0.0,0.0,0.0,,,2025-01-15 15:21:38.312,0.253607,2025-01-15 15:21:24.000,2025-01-15 15:22:24.000,eqt_explosions_th0_1/20250115T152124Z_20250115T152224Z/VUOS_outputs/X_prediction_results.csv
PVF,HE,PVF,0,0.0,0.0,0.0,2025-01-15 15:21:35.260,0.715813,2025-01-15 15:21:48.500,0.362417,2025-01-15 15:21:30.000,2025-01-15 15:22:30.000,eqt_explosions_th0_1/20250115T152130Z_20250115T152230Z/PVF_outputs/X_prediction_results.csv
RAF,HE,RAF,0,0.0,0.0,0.0,2025-01-15 15:21:37.940,0.932788,2025-01-15 15:21:53.890,0.235085,2025-01-15 15:21:32.000,2025-01-15 15:22:32.000,eqt_explosions_th0_1/20250115T152132Z_20250115T152232Z/RAF_outputs/X_prediction_results.csv
KORF,HE,KORF,0,0.0,0.0,0.0,2025-01-15 15:21:38.650,0.804868,2025-01-15 15:21:54.050,0.234714,2025-01-15 15:21:33.000,2025-01-15 15:22:33.000,eqt_explosions_th0_1/20250115T152133Z_20250115T152233Z/KORF_outputs/X_prediction_results.csv
TRE03,HE,TRE03,0,0.0,0.0,0.0,2025-01-15 15:21:39.190,0.794458,2025-01-15 15:21:55.820,0.213061,2025-01-15 15:21:34.000,2025-01-15 15:22:34.000,eqt_explosions_th0_1/20250115T152134Z_20250115T152234Z/TRE03_outputs/X_prediction_results.csv
FIA0,HE,FIA0,0,0.0,0.0,0.0,2025-01-15 15:21:43.900,0.654703,,,2025-01-15 15:21:38.000,2025-01-15 15:22:38.000,eqt_explosions_th0_1/20250115T152138Z_20250115T152238Z/FIA0_outputs/X_prediction_results.csv
FIA0,HE,FIA0,0,0.0,0.0,0.0,2025-01-15 15:21:44.910,0.216646,,,2025-01-15 15:21:38.000,2025-01-15 15:22:38.000,eqt_explosions_th0_1/20250115T152138Z_20250115T152238Z/FIA0_outputs/X_prediction_results.csv
KPF,HE,KPF,0,0.0,0.0,0.0,2025-01-15 15:21:46.800,0.47879,2025-01-15 15:22:12.570,0.529285,2025-01-15 15:21:41.000,2025-01-15 15:22:41.000,eqt_explosions_th0_1/20250115T152141Z_20250115T152241Z/KPF_outputs/X_prediction_results.csv
KY17,HE,KY17,0,0.0,0.0,0.0,2025-01-15 15:21:47.260,0.15029,2025-01-15 15:22:09.580,0.479522,2025-01-15 15:21:42.000,2025-01-15 15:22:42.000,eqt_explosions_th0_1/20250115T152142Z_20250115T152242Z/KY17_outputs/X_prediction_results.csv
KEF,HE,KEF,0,0.0,0.0,0.0,2025-01-15 15:21:49.880,0.722048,2025-01-15 15:22:14.210,0.364715,2025-01-15 15:21:44.000,2025-01-15 15:22:44.000,eqt_explosions_th0_1/20250115T152144Z_20250115T152244Z/KEF_outputs/X_prediction_results.csv
AAL,UP,AAL,0,0.0,0.0,0.0,2025-01-15 15:21:51.010,0.321666,,,2025-01-15 15:21:46.000,2025-01-15 15:22:46.000,eqt_explosions_th0_1/20250115T152146Z_20250115T152246Z/AAL_outputs/X_prediction_results.csv
KAF,HE,KAF,0,0.0,0.0,0.0,2025-01-15 15:21:53.980,0.313177,2025-01-15 15:22:21.540,0.225647,2025-01-15 15:21:48.000,2025-01-15 15:22:48.000,eqt_explosions_th0_1/20250115T152148Z_20250115T152248Z/KAF_outputs/X_prediction_results.csv
ECKF,HE,ECKF,0,0.0,0.0,0.0,2025-01-15 15:21:54.180,0.858979,2025-01-15 15:22:23.240,0.319578,2025-01-15 15:21:49.000,2025-01-15 15:22:49.000,eqt_explosions_th0_1/20250115T152149Z_20250115T152249Z/ECKF_outputs/X_prediction_results.csv
RAF,HE,RAF,0,0.0,0.0,0.0,2025-01-16 09:19:15.610,0.949473,2025-01-16 09:19:24.920,0.669869,2025-01-16 09:19:10.000,2025-01-16 09:20:10.000,eqt_explosions_th0_1/20250116T091910Z_20250116T092010Z/RAF_outputs/X_prediction_results.csv
KORF,HE,KORF,0,0.0,0.0,0.0,2025-01-16 09:19:19.938,0.934453,2025-01-16 09:19:32.098,0.359335,2025-01-16 09:19:14.000,2025-01-16 09:20:14.000,eqt_explosions_th0_1/20250116T091914Z_20250116T092014Z/KORF_outputs/X_prediction_results.csv
KPF,HE,KPF,0,0.0,0.0,0.0,2025-01-16 09:19:25.876,0.952801,2025-01-16 09:19:48.826,0.295015,2025-01-16 09:19:20.000,2025-01-16 09:20:20.000,eqt_explosions_th0_1/20250116T091920Z_20250116T092020Z/KPF_outputs/X_prediction_results.csv
PVF,HE,PVF,0,0.0,0.0,0.0,2025-01-16 09:19:28.708,0.402946,2025-01-16 09:19:47.538,0.238879,2025-01-16 09:19:23.000,2025-01-16 09:20:23.000,eqt_explosions_th0_1/20250116T091923Z_20250116T092023Z/PVF_outputs/X_prediction_results.csv
PVF,HE,PVF,0,0.0,0.0,0.0,2025-01-16 09:19:29.718,0.189521,,,2025-01-16 09:19:23.000,2025-01-16 09:20:23.000,eqt_explosions_th0_1/20250116T091923Z_20250116T092023Z/PVF_outputs/X_prediction_results.csv
AAL,UP,AAL,0,0.0,0.0,0.0,2025-01-16 09:19:31.210,0.496756,2025-01-16 09:19:51.740,0.203972,2025-01-16 09:19:26.000,2025-01-16 09:20:26.000,eqt_explosions_th0_1/20250116T091926Z_20250116T092026Z/AAL_outputs/X_prediction_results.csv
AAL,UP,AAL,0,0.0,0.0,0.0,,,2025-01-16 09:19:55.210,0.138935,2025-01-16 09:19:26.000,2025-01-16 09:20:26.000,eqt_explosions_th0_1/20250116T091926Z_20250116T092026Z/AAL_outputs/X_prediction_results.csv
LOVF,HE,LOVF,0,0.0,0.0,0.0,2025-01-16 09:19:32.286,0.206902,2025-01-16 09:19:54.906,0.491274,2025-01-16 09:19:27.000,2025-01-16 09:20:27.000,eqt_explosions_th0_1/20250116T091927Z_20250116T092027Z/LOVF_outputs/X_prediction_results.csv
KEF,HE,KEF,0,0.0,0.0,0.0,2025-01-16 09:19:34.400,0.492921,2025-01-16 09:19:58.110,0.288842,2025-01-16 09:19:29.000,2025-01-16 09:20:29.000,eqt_explosions_th0_1/20250116T091929Z_20250116T092029Z/KEF_outputs/X_prediction_results.csv
KEF,HE,KEF,0,0.0,0.0,0.0,2025-01-16 09:19:35.410,0.128261,,,2025-01-16 09:19:29.000,2025-01-16 09:20:29.000,eqt_explosions_th0_1/20250116T091929Z_20250116T092029Z/KEF_outputs/X_prediction_results.csv
ECKF,HE,ECKF,0,0.0,0.0,0.0,2025-01-16 09:19:34.400,0.654763,2025-01-16 09:19:57.800,0.525266,2025-01-16 09:19:29.000,2025-01-16 09:20:29.000,eqt_explosions_th0_1/20250116T091929Z_20250116T092029Z/ECKF_outputs/X_prediction_results.csv
KAF,HE,KAF,0,0.0,0.0,0.0,2025-01-16 09:19:44.310,0.18653,,,2025-01-16 09:19:35.000,2025-01-16 09:20:35.000,eqt_explosions_th0_1/20250116T091935Z_20250116T092035Z/KAF_outputs/X_prediction_results.csv
RUF,HE,RUF,0,0.0,0.0,0.0,2025-01-16 09:52:50.384,0.946548,2025-01-16 09:52:52.624,0.694267,2025-01-16 09:52:45.000,2025-01-16 09:53:45.000,eqt_explosions_th0_1/20250116T095245Z_20250116T095345Z/RUF_outputs/X_prediction_results.csv
KY17,HE,KY17,0,0.0,0.0,0.0,2025-01-16 09:53:04.388,0.214238,,,2025-01-16 09:52:59.000,2025-01-16 09:53:59.000,eqt_explosions_th0_1/20250116T095259Z_20250116T095359Z/KY17_outputs/X_prediction_results.csv
KY17,HE,KY17,0,0.0,0.0,0.0,2025-01-16 09:53:05.398,0.114774,,,2025-01-16 09:52:59.000,2025-01-16 09:53:59.000,eqt_explosions_th0_1/20250116T095259Z_20250116T095359Z/KY17_outputs/X_prediction_results.csv
VJF,HE,VJF,0,0.0,0.0,0.0,2025-01-16 09:53:04.660,0.945156,2025-01-16 09:53:18.470,0.279454,2025-01-16 09:52:59.000,2025-01-16 09:53:59.000,eqt_explosions_th0_1/20250116T095259Z_20250116T095359Z/VJF_outputs/X_prediction_results.csv
VJF,HE,VJF,0,0.0,0.0,0.0,2025-01-16 09:53:05.680,0.133265,,,2025-01-16 09:52:59.000,2025-01-16 09:53:59.000,eqt_explosions_th0_1/20250116T095259Z_20250116T095359Z/VJF_outputs/X_prediction_results.csv
KY02,HE,KY02,0,0.0,0.0,0.0,2025-01-16 09:53:06.454,0.806664,2025-01-16 09:53:21.694,0.35289,2025-01-16 09:53:01.000,2025-01-16 09:54:01.000,eqt_explosions_th0_1/20250116T095301Z_20250116T095401Z/KY02_outputs/X_prediction_results.csv
FIA1,HE,FIA1,0,0.0,0.0,0.0,2025-01-16 09:53:11.930,0.336251,,,2025-01-16 09:53:06.000,2025-01-16 09:54:06.000,eqt_explosions_th0_1/20250116T095306Z_20250116T095406Z/FIA1_outputs/X_prediction_results.csv
FIA1,HE,FIA1,0,0.0,0.0,0.0,2025-01-16 09:53:12.940,0.163384,,,2025-01-16 09:53:06.000,2025-01-16 09:54:06.000,eqt_explosions_th0_1/20250116T095306Z_20250116T095406Z/FIA1_outputs/X_prediction_results.csv
LOVF,HE,LOVF,0,0.0,0.0,0.0,2025-01-16 09:53:15.432,0.365775,,,2025-01-16 09:53:09.000,2025-01-16 09:54:09.000,eqt_explosions_th0_1/20250116T095309Z_20250116T095409Z/LOVF_outputs/X_prediction_results.csv
KAF,HE,KAF,0,0.0,0.0,0.0,2025-01-16 09:53:15.200,0.883367,2025-01-16 09:53:38.830,0.213808,2025-01-16 09:53:09.000,2025-01-16 09:54:09.000,eqt_explosions_th0_1/20250116T095309Z_20250116T095409Z/KAF_outputs/X_prediction_results.csv
LOVF,HE,LOVF,0,0.0,0.0,0.0,2025-01-16 09:53:14.442,0.701602,2025-01-16 09:53:37.412,0.564158,2025-01-16 09:53:09.000,2025-01-16 09:54:09.000,eqt_explosions_th0_1/20250116T095309Z_20250116T095409Z/LOVF_outputs/X_prediction_results.csv
VJF,HE,VJF,0,0.0,0.0,0.0,2025-01-16 10:03:39.082,0.952945,2025-01-16 10:03:49.682,0.288325,2025-01-16 10:03:34.000,2025-01-16 10:04:34.000,eqt_explosions_th0_1/20250116T100334Z_20250116T100434Z/VJF_outputs/X_prediction_results.csv
RUF,HE,RUF,0,0.0,0.0,0.0,2025-01-16 10:03:39.378,0.802478,2025-01-16 10:03:50.428,0.674897,2025-01-16 10:03:34.000,2025-01-16 10:04:34.000,eqt_explosions_th0_1/20250116T100334Z_20250116T100434Z/RUF_outputs/X_prediction_results.csv
KY17,HE,KY17,0,0.0,0.0,0.0,2025-01-16 10:03:43.608,0.955132,2025-01-16 10:03:58.228,0.516106,2025-01-16 10:03:38.000,2025-01-16 10:04:38.000,eqt_explosions_th0_1/20250116T100338Z_20250116T100438Z/KY17_outputs/X_prediction_results.csv
KY17,HE,KY17,0,0.0,0.0,0.0,,,2025-01-16 10:04:02.748,0.177996,2025-01-16 10:03:38.000,2025-01-16 10:04:38.000,eqt_explosions_th0_1/20250116T100338Z_20250116T100438Z/KY17_outputs/X_prediction_results.csv
LOVF,HE,LOVF,0,0.0,0.0,0.0,2025-01-16 10:03:49.414,0.220535,2025-01-16 10:04:08.864,0.149509,2025-01-16 10:03:44.000,2025-01-16 10:04:44.000,eqt_explosions_th0_1/20250116T100344Z_20250116T100444Z/LOVF_outputs/X_prediction_results.csv
LOVF,HE,LOVF,0,0.0,0.0,0.0,2025-01-16 10:03:50.414,0.335758,,,2025-01-16 10:03:44.000,2025-01-16 10:04:44.000,eqt_explosions_th0_1/20250116T100344Z_20250116T100444Z/LOVF_outputs/X_prediction_results.csv
PVF,HE,PVF,0,0.0,0.0,0.0,2025-01-16 10:03:52.904,0.582967,2025-01-16 10:04:14.994,0.119284,2025-01-16 10:03:47.000,2025-01-16 10:04:47.000,eqt_explosions_th0_1/20250116T100347Z_20250116T100447Z/PVF_outputs/X_prediction_results.csv
PVF,HE,PVF,0,0.0,0.0,0.0,2025-01-16 10:03:53.914,0.36449,,,2025-01-16 10:03:47.000,2025-01-16 10:04:47.000,eqt_explosions_th0_1/20250116T100347Z_20250116T100447Z/PVF_outputs/X_prediction_results.csv
FIA0,HE,FIA0,0,0.0,0.0,0.0,2025-01-16 10:03:54.770,0.263465,2025-01-16 10:04:19.560,0.145687,2025-01-16 10:03:49.000,2025-01-16 10:04:49.000,eqt_explosions_th0_1/20250116T100349Z_20250116T100449Z/FIA0_outputs/X_prediction_results.csv
FIA0,HE,FIA0,0,0.0,0.0,0.0,2025-01-16 10:03:55.770,0.358733,,,2025-01-16 10:03:49.000,2025-01-16 10:04:49.000,eqt_explosions_th0_1/20250116T100349Z_20250116T100449Z/FIA0_outputs/X_prediction_results.csv
FIA0,HE,FIA0,0,0.0,0.0,0.0,2025-01-16 10:04:16.510,0.589526,,,2025-01-16 10:03:49.000,2025-01-16 10:04:49.000,eqt_explosions_th0_1/20250116T100349Z_20250116T100449Z/FIA0_outputs/X_prediction_results.csv
KAF,HE,KAF,0,0.0,0.0,0.0,2025-01-16 10:04:00.900,0.887886,2025-01-16 10:04:27.470,0.236986,2025-01-16 10:03:54.000,2025-01-16 10:04:54.000,eqt_explosions_th0_1/20250116T100354Z_20250116T100454Z/KAF_outputs/X_prediction_results.csv
RAF,HE,RAF,0,0.0,0.0,0.0,2025-01-16 10:44:54.980,0.612807,2025-01-16 10:45:00.470,0.676355,2025-01-16 10:44:49.000,2025-01-16 10:45:49.000,eqt_explosions_th0_1/20250116T104449Z_20250116T104549Z/RAF_outputs/X_prediction_results.csv
KORF,HE,KORF,0,0.0,0.0,0.0,,,2025-01-16 10:45:07.150,0.662102,2025-01-16 10:44:54.000,2025-01-16 10:45:54.000,eqt_explosions_th0_1/20250116T104454Z_20250116T104554Z/KORF_outputs/X_prediction_results.csv
TVF,HE,TVF,0,0.0,0.0,0.0,2025-01-16 10:45:07.220,0.889901,,,2025-01-16 10:45:02.000,2025-01-16 10:46:02.000,eqt_explosions_th0_1/20250116T104502Z_20250116T104602Z/TVF_outputs/X_prediction_results.csv
AAL,UP,AAL,0,0.0,0.0,0.0,2025-01-16 10:45:08.330,0.888304,2025-01-16 10:45:23.220,0.333373,2025-01-16 10:45:03.000,2025-01-16 10:46:03.000,eqt_explosions_th0_1/20250116T104503Z_20250116T104603Z/AAL_outputs/X_prediction_results.csv
AAL,UP,AAL,0,0.0,0.0,0.0,,,2025-01-16 10:45:30.000,0.188691,2025-01-16 10:45:03.000,2025-01-16 10:46:03.000,eqt_explosions_th0_1/20250116T104503Z_20250116T104603Z/AAL_outputs/X_prediction_results.csv
KPF,HE,KPF,0,0.0,0.0,0.0,2025-01-16 10:45:09.580,0.928235,2025-01-16 10:45:25.140,0.408366,2025-01-16 10:45:04.000,2025-01-16 10:46:04.000,eqt_explosions_th0_1/20250116T104504Z_20250116T104604Z/KPF_outputs/X_prediction_results.csv
ECKF,HE,ECKF,0,0.0,0.0,0.0,2025-01-16 10:45:12.980,0.10142,,,2025-01-16 10:45:07.000,2025-01-16 10:46:07.000,eqt_explosions_th0_1/20250116T104507Z_20250116T104607Z/ECKF_outputs/X_prediction_results.csv
PVF,HE,PVF,0,0.0,0.0,0.0,2025-01-16 10:45:22.590,0.232411,2025-01-16 10:45:46.890,0.523224,2025-01-16 10:45:17.000,2025-01-16 10:46:17.000,eqt_explosions_th0_1/20250116T104517Z_20250116T104617Z/PVF_outputs/X_prediction_results.csv
KEF,HE,KEF,0,0.0,0.0,0.0,2025-01-16 10:45:25.330,0.257036,,,2025-01-16 10:45:20.000,2025-01-16 10:46:20.000,eqt_explosions_th0_1/20250116T104520Z_20250116T104620Z/KEF_outputs/X_prediction_results.csv
VAF,HE,VAF,0,0.0,0.0,0.0,2025-01-16 10:45:30.790,0.230476,,,2025-01-16 10:45:25.000,2025-01-16 10:46:25.000,eqt_explosions_th0_1/20250116T104525Z_20250116T104625Z/VAF_outputs/X_prediction_results.csv
VAF,HE,VAF,0,0.0,0.0,0.0,,,2025-01-16 10:46:02.210,0.570386,2025-01-16 10:45:25.000,2025-01-16 10:46:25.000,eqt_explosions_th0_1/20250116T104525Z_20250116T104625Z/VAF_outputs/X_prediction_results.csv
KAF,HE,KAF,0,0.0,0.0,0.0,,,2025-01-16 10:46:05.130,0.333044,2025-01-16 10:46:00.000,2025-01-16 10:47:00.000,eqt_explosions_th0_1/20250116T104600Z_20250116T104700Z/KAF_outputs/X_prediction_results.csv
TVF,HE,TVF,0,0.0,0.0,0.0,2025-01-16 11:06:48.412,0.571319,2025-01-16 11:06:55.902,0.63596,2025-01-16 11:06:43.000,2025-01-16 11:07:43.000,eqt_explosions_th0_1/20250116T110643Z_20250116T110743Z/TVF_outputs/X_prediction_results.csv
KORF,HE,KORF,0,0.0,0.0,0.0,2025-01-16 11:07:05.122,0.579531,2025-01-16 11:07:24.872,0.165601,2025-01-16 11:07:00.000,2025-01-16 11:08:00.000,eqt_explosions_th0_1/20250116T110700Z_20250116T110800Z/KORF_outputs/X_prediction_results.csv
KORF,HE,KORF,0,0.0,0.0,0.0,2025-01-16 11:07:06.112,0.375736,,,2025-01-16 11:07:00.000,2025-01-16 11:08:00.000,eqt_explosions_th0_1/20250116T110700Z_20250116T110800Z/KORF_outputs/X_prediction_results.csv
KU2,HE,KU2,0,0.0,0.0,0.0,2025-01-16 11:07:14.680,0.939144,2025-01-16 11:07:20.740,0.604155,2025-01-16 11:07:09.000,2025-01-16 11:08:09.000,eqt_explosions_th0_1/20250116T110709Z_20250116T110809Z/KU2_outputs/X_prediction_results.csv
KU1,HE,KU1,0,0.0,0.0,0.0,2025-01-16 11:07:16.880,0.947005,2025-01-16 11:07:24.560,0.671683,2025-01-16 11:07:11.000,2025-01-16 11:08:11.000,eqt_explosions_th0_1/20250116T110711Z_20250116T110811Z/KU1_outputs/X_prediction_results.csv
RANF,FN,RANF,0,0.0,0.0,0.0,2025-01-16 11:07:24.750,0.899029,2025-01-16 11:07:37.560,0.400375,2025-01-16 11:07:19.000,2025-01-16 11:08:19.000,eqt_explosions_th0_1/20250116T110719Z_20250116T110819Z/RANF_outputs/X_prediction_results.csv
KU6,HE,KU6,0,0.0,0.0,0.0,2025-01-16 11:07:24.590,0.657483,2025-01-16 11:07:41.550,0.203098,2025-01-16 11:07:19.000,2025-01-16 11:08:19.000,eqt_explosions_th0_1/20250116T110719Z_20250116T110819Z/KU6_outputs/X_prediction_results.csv
OLKF,FN,OLKF,0,0.0,0.0,0.0,2025-01-16 11:07:27.310,0.155667,2025-01-16 11:07:41.890,0.390215,2025-01-16 11:07:22.000,2025-01-16 11:08:22.000,eqt_explosions_th0_1/20250116T110722Z_20250116T110822Z/OLKF_outputs/X_prediction_results.csv
OLKF,FN,OLKF,0,0.0,0.0,0.0,2025-01-16 11:07:28.310,0.219048,,,2025-01-16 11:07:22.000,2025-01-16 11:08:22.000,eqt_explosions_th0_1/20250116T110722Z_20250116T110822Z/OLKF_outputs/X_prediction_results.csv
RMF,HE,RMF,0,0.0,0.0,0.0,2025-01-16 11:07:29.852,0.36696,2025-01-16 11:07:44.632,0.170441,2025-01-16 11:07:24.000,2025-01-16 11:08:24.000,eqt_explosions_th0_1/20250116T110724Z_20250116T110824Z/RMF_outputs/X_prediction_results.csv
OBF3,HE,OBF3,0,0.0,0.0,0.0,2025-01-16 11:24:59.346,0.947149,2025-01-16 11:25:06.436,0.407459,2025-01-16 11:24:54.000,2025-01-16 11:25:54.000,eqt_explosions_th0_1/20250116T112454Z_20250116T112554Z/OBF3_outputs/X_prediction_results.csv
OUF,HE,OUF,0,0.0,0.0,0.0,2025-01-16 11:25:06.330,0.49311,,,2025-01-16 11:25:01.000,2025-01-16 11:26:01.000,eqt_explosions_th0_1/20250116T112501Z_20250116T112601Z/OUF_outputs/X_prediction_results.csv
OUF,HE,OUF,0,0.0,0.0,0.0,2025-01-16 11:25:07.340,0.222655,,,2025-01-16 11:25:01.000,2025-01-16 11:26:01.000,eqt_explosions_th0_1/20250116T112501Z_20250116T112601Z/OUF_outputs/X_prediction_results.csv
OBF0,HE,OBF0,0,0.0,0.0,0.0,2025-01-16 11:25:06.486,0.316742,,,2025-01-16 11:25:01.000,2025-01-16 11:26:01.000,eqt_explosions_th0_1/20250116T112501Z_20250116T112601Z/OBF0_outputs/X_prediction_results.csv
TOF,HE,TOF,0,0.0,0.0,0.0,2025-01-16 11:25:07.870,0.29871,,,2025-01-16 11:25:02.000,2025-01-16 11:26:02.000,eqt_explosions_th0_1/20250116T112502Z_20250116T112602Z/TOF_outputs/X_prediction_results.csv
RANF,FN,RANF,0,0.0,0.0,0.0,2025-01-16 11:25:08.360,0.782123,2025-01-16 11:25:22.340,0.218545,2025-01-16 11:25:03.000,2025-01-16 11:26:03.000,eqt_explosions_th0_1/20250116T112503Z_20250116T112603Z/RANF_outputs/X_prediction_results.csv
KU2,HE,KU2,0,0.0,0.0,0.0,2025-01-16 11:25:13.294,0.230423,2025-01-16 11:25:30.504,0.330063,2025-01-16 11:25:08.000,2025-01-16 11:26:08.000,eqt_explosions_th0_1/20250116T112508Z_20250116T112608Z/KU2_outputs/X_prediction_results.csv
NUR,HE,NUR,0,0.0,0.0,0.0,2025-01-16 11:31:18.490,0.95651,2025-01-16 11:31:20.310,0.827854,2025-01-16 11:31:13.000,2025-01-16 11:32:13.000,eqt_explosions_th0_1/20250116T113113Z_20250116T113213Z/NUR_outputs/X_prediction_results.csv
KUNI,HE,KUNI,0,0.0,0.0,0.0,2025-01-16 11:31:19.040,0.933668,2025-01-16 11:31:21.140,0.588022,2025-01-16 11:31:14.000,2025-01-16 11:32:14.000,eqt_explosions_th0_1/20250116T113114Z_20250116T113214Z/KUNI_outputs/X_prediction_results.csv
HEL1,HE,HEL1,0,0.0,0.0,0.0,2025-01-16 11:31:20.620,0.952096,2025-01-16 11:31:24.010,0.420279,2025-01-16 11:31:15.000,2025-01-16 11:32:15.000,eqt_explosions_th0_1/20250116T113115Z_20250116T113215Z/HEL1_outputs/X_prediction_results.csv
MEF,HE,MEF,0,0.0,0.0,0.0,2025-01-16 11:31:21.580,0.952354,2025-01-16 11:31:25.910,0.636737,2025-01-16 11:31:16.000,2025-01-16 11:32:16.000,eqt_explosions_th0_1/20250116T113116Z_20250116T113216Z/MEF_outputs/X_prediction_results.csv
HEL5,HE,HEL5,0,0.0,0.0,0.0,2025-01-16 11:31:21.780,0.95386,2025-01-16 11:31:26.410,0.693651,2025-01-16 11:31:16.000,2025-01-16 11:32:16.000,eqt_explosions_th0_1/20250116T113116Z_20250116T113216Z/HEL5_outputs/X_prediction_results.csv
LAUT,HE,LAUT,0,0.0,0.0,0.0,2025-01-16 11:31:21.080,0.950599,2025-01-16 11:31:24.940,0.555542,2025-01-16 11:31:16.000,2025-01-16 11:32:16.000,eqt_explosions_th0_1/20250116T113116Z_20250116T113216Z/LAUT_outputs/X_prediction_results.csv
VUOS,HE,VUOS,0,0.0,0.0,0.0,2025-01-16 11:31:21.180,0.953053,2025-01-16 11:31:24.890,0.805225,2025-01-16 11:31:16.000,2025-01-16 11:32:16.000,eqt_explosions_th0_1/20250116T113116Z_20250116T113216Z/VUOS_outputs/X_prediction_results.csv
PVF,HE,PVF,0,0.0,0.0,0.0,2025-01-16 11:31:25.680,0.944838,2025-01-16 11:31:33.350,0.278216,2025-01-16 11:31:20.000,2025-01-16 11:32:20.000,eqt_explosions_th0_1/20250116T113120Z_20250116T113220Z/PVF_outputs/X_prediction_results.csv
TVF,HE,TVF,0,0.0,0.0,0.0,2025-01-16 11:31:34.090,0.935817,2025-01-16 11:31:46.800,0.19433,2025-01-16 11:31:29.000,2025-01-16 11:32:29.000,eqt_explosions_th0_1/20250116T113129Z_20250116T113229Z/TVF_outputs/X_prediction_results.csv
FIA0,HE,FIA0,0,0.0,0.0,0.0,2025-01-16 11:31:38.100,0.937274,2025-01-16 11:31:59.250,0.208888,2025-01-16 11:31:33.000,2025-01-16 11:32:33.000,eqt_explosions_th0_1/20250116T113133Z_20250116T113233Z/FIA0_outputs/X_prediction_results.csv
KY17,HE,KY17,0,0.0,0.0,0.0,2025-01-16 11:31:38.252,0.786274,2025-01-16 11:31:54.492,0.451531,2025-01-16 11:31:33.000,2025-01-16 11:32:33.000,eqt_explosions_th0_1/20250116T113133Z_20250116T113233Z/KY17_outputs/X_prediction_results.csv
TRE03,HE,TRE03,0,0.0,0.0,0.0,2025-01-16 11:31:39.290,0.942967,2025-01-16 11:31:55.500,0.189375,2025-01-16 11:31:34.000,2025-01-16 11:32:34.000,eqt_explosions_th0_1/20250116T113134Z_20250116T113234Z/TRE03_outputs/X_prediction_results.csv
VJF,HE,VJF,0,0.0,0.0,0.0,2025-01-16 11:31:40.490,0.722528,2025-01-16 11:31:59.270,0.234374,2025-01-16 11:31:35.000,2025-01-16 11:32:35.000,eqt_explosions_th0_1/20250116T113135Z_20250116T113235Z/VJF_outputs/X_prediction_results.csv
RAF,HE,RAF,0,0.0,0.0,0.0,2025-01-16 11:31:45.940,0.936658,2025-01-16 11:32:07.880,0.248091,2025-01-16 11:31:40.000,2025-01-16 11:32:40.000,eqt_explosions_th0_1/20250116T113140Z_20250116T113240Z/RAF_outputs/X_prediction_results.csv
KORF,HE,KORF,0,0.0,0.0,0.0,2025-01-16 11:31:46.980,0.431172,2025-01-16 11:32:10.330,0.214019,2025-01-16 11:31:41.000,2025-01-16 11:32:41.000,eqt_explosions_th0_1/20250116T113141Z_20250116T113241Z/KORF_outputs/X_prediction_results.csv
KEF,HE,KEF,0,0.0,0.0,0.0,2025-01-16 11:31:52.750,0.105836,,,2025-01-16 11:31:43.000,2025-01-16 11:32:43.000,eqt_explosions_th0_1/20250116T113143Z_20250116T113243Z/KEF_outputs/X_prediction_results.csv
KAF,HE,KAF,0,0.0,0.0,0.0,2025-01-16 11:31:50.340,0.568893,2025-01-16 11:32:14.230,0.21003,2025-01-16 11:31:45.000,2025-01-16 11:32:45.000,eqt_explosions_th0_1/20250116T113145Z_20250116T113245Z/KAF_outputs/X_prediction_results.csv
KPF,HE,KPF,0,0.0,0.0,0.0,2025-01-16 11:31:52.080,0.213845,2025-01-16 11:32:17.720,0.487713,2025-01-16 11:31:47.000,2025-01-16 11:32:47.000,eqt_explosions_th0_1/20250116T113147Z_20250116T113247Z/KPF_outputs/X_prediction_results.csv
SUF,HE,SUF,0,0.0,0.0,0.0,,,2025-01-16 11:32:30.390,0.44345,2025-01-16 11:32:25.000,2025-01-16 11:33:25.000,eqt_explosions_th0_1/20250116T113225Z_20250116T113325Z/SUF_outputs/X_prediction_results.csv
JOF,HE,JOF,0,0.0,0.0,0.0,2025-01-16 11:33:38.180,0.329466,2025-01-16 11:33:41.330,0.386336,2025-01-16 11:33:07.000,2025-01-16 11:34:07.000,eqt_explosions_th0_1/20250116T113307Z_20250116T113407Z/JOF_outputs/X_prediction_results.csv
JOF,HE,JOF,0,0.0,0.0,0.0,2025-01-16 11:33:39.470,0.256617,,,2025-01-16 11:33:07.000,2025-01-16 11:34:07.000,eqt_explosions_th0_1/20250116T113307Z_20250116T113407Z/JOF_outputs/X_prediction_results.csv
KUNI,HE,KUNI,0,0.0,0.0,0.0,2025-01-16 11:37:19.890,0.924422,2025-01-16 11:37:21.550,0.33774,2025-01-16 11:37:14.000,2025-01-16 11:38:14.000,eqt_explosions_th0_1/20250116T113714Z_20250116T113814Z/KUNI_outputs/X_prediction_results.csv
NUR,HE,NUR,0,0.0,0.0,0.0,2025-01-16 11:37:21.490,0.956017,2025-01-16 11:37:24.130,0.851128,2025-01-16 11:37:16.000,2025-01-16 11:38:16.000,eqt_explosions_th0_1/20250116T113716Z_20250116T113816Z/NUR_outputs/X_prediction_results.csv
VUOS,HE,VUOS,0,0.0,0.0,0.0,2025-01-16 11:37:21.990,0.929044,2025-01-16 11:37:24.940,0.791734,2025-01-16 11:37:16.000,2025-01-16 11:38:16.000,eqt_explosions_th0_1/20250116T113716Z_20250116T113816Z/VUOS_outputs/X_prediction_results.csv
HEL1,HE,HEL1,0,0.0,0.0,0.0,2025-01-16 11:37:21.680,0.952196,2025-01-16 11:37:24.380,0.624459,2025-01-16 11:37:16.000,2025-01-16 11:38:16.000,eqt_explosions_th0_1/20250116T113716Z_20250116T113816Z/HEL1_outputs/X_prediction_results.csv
HEL5,HE,HEL5,0,0.0,0.0,0.0,2025-01-16 11:37:22.990,0.943096,2025-01-16 11:37:26.860,0.568102,2025-01-16 11:37:17.000,2025-01-16 11:38:17.000,eqt_explosions_th0_1/20250116T113717Z_20250116T113817Z/HEL5_outputs/X_prediction_results.csv
LAUT,HE,LAUT,0,0.0,0.0,0.0,2025-01-16 11:37:22.180,0.949632,2025-01-16 11:37:25.260,0.465512,2025-01-16 11:37:17.000,2025-01-16 11:38:17.000,eqt_explosions_th0_1/20250116T113717Z_20250116T113817Z/LAUT_outputs/X_prediction_results.csv
MEF,HE,MEF,0,0.0,0.0,0.0,2025-01-16 11:37:23.450,0.813366,2025-01-16 11:37:27.610,0.516596,2025-01-16 11:37:18.000,2025-01-16 11:38:18.000,eqt_explosions_th0_1/20250116T113718Z_20250116T113818Z/MEF_outputs/X_prediction_results.csv
PVF,HE,PVF,0,0.0,0.0,0.0,2025-01-16 11:37:27.192,0.945215,2025-01-16 11:37:33.792,0.796727,2025-01-16 11:37:22.000,2025-01-16 11:38:22.000,eqt_explosions_th0_1/20250116T113722Z_20250116T113822Z/PVF_outputs/X_prediction_results.csv
TVF,HE,TVF,0,0.0,0.0,0.0,2025-01-16 11:37:36.190,0.940692,2025-01-16 11:37:54.470,0.304159,2025-01-16 11:37:31.000,2025-01-16 11:38:31.000,eqt_explosions_th0_1/20250116T113731Z_20250116T113831Z/TVF_outputs/X_prediction_results.csv
KY17,HE,KY17,0,0.0,0.0,0.0,2025-01-16 11:37:39.790,0.927264,2025-01-16 11:37:55.940,0.140784,2025-01-16 11:37:34.000,2025-01-16 11:38:34.000,eqt_explosions_th0_1/20250116T113734Z_20250116T113834Z/KY17_outputs/X_prediction_results.csv
KY17,HE,KY17,0,0.0,0.0,0.0,,,2025-01-16 11:38:00.340,0.61843,2025-01-16 11:37:34.000,2025-01-16 11:38:34.000,eqt_explosions_th0_1/20250116T113734Z_20250116T113834Z/KY17_outputs/X_prediction_results.csv
FIA0,HE,FIA0,0,0.0,0.0,0.0,2025-01-16 11:37:40.110,0.292055,2025-01-16 11:38:02.090,0.490509,2025-01-16 11:37:35.000,2025-01-16 11:38:35.000,eqt_explosions_th0_1/20250116T113735Z_20250116T113835Z/FIA0_outputs/X_prediction_results.csv
TRE03,HE,TRE03,0,0.0,0.0,0.0,2025-01-16 11:37:41.990,0.946505,2025-01-16 11:37:59.200,0.57404,2025-01-16 11:37:36.000,2025-01-16 11:38:36.000,eqt_explosions_th0_1/20250116T113736Z_20250116T113836Z/TRE03_outputs/X_prediction_results.csv
VJF,HE,VJF,0,0.0,0.0,0.0,2025-01-16 11:37:41.880,0.908685,2025-01-16 11:37:59.920,0.349968,2025-01-16 11:37:36.000,2025-01-16 11:38:36.000,eqt_explosions_th0_1/20250116T113736Z_20250116T113836Z/VJF_outputs/X_prediction_results.csv
VJF,HE,VJF,0,0.0,0.0,0.0,,,2025-01-16 11:38:02.990,0.131942,2025-01-16 11:37:36.000,2025-01-16 11:38:36.000,eqt_explosions_th0_1/20250116T113736Z_20250116T113836Z/VJF_outputs/X_prediction_results.csv
RAF,HE,RAF,0,0.0,0.0,0.0,2025-01-16 11:37:48.560,0.945328,2025-01-16 11:38:11.090,0.398421,2025-01-16 11:37:43.000,2025-01-16 11:38:43.000,eqt_explosions_th0_1/20250116T113743Z_20250116T113843Z/RAF_outputs/X_prediction_results.csv
KORF,HE,KORF,0,0.0,0.0,0.0,2025-01-16 11:37:49.080,0.936259,2025-01-16 11:38:11.520,0.539683,2025-01-16 11:37:44.000,2025-01-16 11:38:44.000,eqt_explosions_th0_1/20250116T113744Z_20250116T113844Z/KORF_outputs/X_prediction_results.csv
KEF,HE,KEF,0,0.0,0.0,0.0,2025-01-16 11:37:51.130,0.923014,2025-01-16 11:38:14.950,0.456154,2025-01-16 11:37:46.000,2025-01-16 11:38:46.000,eqt_explosions_th0_1/20250116T113746Z_20250116T113846Z/KEF_outputs/X_prediction_results.csv
KAF,HE,KAF,0,0.0,0.0,0.0,2025-01-16 11:37:52.080,0.682543,2025-01-16 11:38:16.550,0.257892,2025-01-16 11:37:47.000,2025-01-16 11:38:47.000,eqt_explosions_th0_1/20250116T113747Z_20250116T113847Z/KAF_outputs/X_prediction_results.csv
KPF,HE,KPF,0,0.0,0.0,0.0,2025-01-16 11:37:54.180,0.936304,2025-01-16 11:38:20.390,0.370201,2025-01-16 11:37:49.000,2025-01-16 11:38:49.000,eqt_explosions_th0_1/20250116T113749Z_20250116T113849Z/KPF_outputs/X_prediction_results.csv
SUF,HE,SUF,0,0.0,0.0,0.0,,,2025-01-16 11:38:32.850,0.310285,2025-01-16 11:37:55.000,2025-01-16 11:38:55.000,eqt_explosions_th0_1/20250116T113755Z_20250116T113855Z/SUF_outputs/X_prediction_results.csv
SUF,HE,SUF,0,0.0,0.0,0.0,2025-01-16 11:38:00.700,0.931879,,,2025-01-16 11:37:55.000,2025-01-16 11:38:55.000,eqt_explosions_th0_1/20250116T113755Z_20250116T113855Z/SUF_outputs/X_prediction_results.csv
NIF,HE,NIF,0,0.0,0.0,0.0,2025-01-16 11:41:48.080,0.952695,2025-01-16 11:41:52.210,0.32689,2025-01-16 11:41:43.000,2025-01-16 11:42:43.000,eqt_explosions_th0_1/20250116T114143Z_20250116T114243Z/NIF_outputs/X_prediction_results.csv
SUF,HE,SUF,0,0.0,0.0,0.0,2025-01-16 11:41:59.190,0.956174,2025-01-16 11:42:12.230,0.319617,2025-01-16 11:41:54.000,2025-01-16 11:42:54.000,eqt_explosions_th0_1/20250116T114154Z_20250116T114254Z/SUF_outputs/X_prediction_results.csv
KJNF,HE,KJNF,0,0.0,0.0,0.0,2025-01-16 11:42:04.590,0.484906,2025-01-16 11:42:20.850,0.253641,2025-01-16 11:41:59.000,2025-01-16 11:42:59.000,eqt_explosions_th0_1/20250116T114159Z_20250116T114259Z/KJNF_outputs/X_prediction_results.csv
KAF,HE,KAF,0,0.0,0.0,0.0,2025-01-16 11:42:06.180,0.947124,2025-01-16 11:42:26.260,0.233163,2025-01-16 11:42:01.000,2025-01-16 11:43:01.000,eqt_explosions_th0_1/20250116T114201Z_20250116T114301Z/KAF_outputs/X_prediction_results.csv
RMF,HE,RMF,0,0.0,0.0,0.0,2025-01-16 11:42:10.190,0.946587,2025-01-16 11:42:31.020,0.314143,2025-01-16 11:42:05.000,2025-01-16 11:43:05.000,eqt_explosions_th0_1/20250116T114205Z_20250116T114305Z/RMF_outputs/X_prediction_results.csv
JOF,HE,JOF,0,0.0,0.0,0.0,2025-01-16 11:42:13.330,0.949605,2025-01-16 11:42:40.830,0.188394,2025-01-16 11:42:08.000,2025-01-16 11:43:08.000,eqt_explosions_th0_1/20250116T114208Z_20250116T114308Z/JOF_outputs/X_prediction_results.csv
KEF,HE,KEF,0,0.0,0.0,0.0,2025-01-16 11:42:14.100,0.898927,2025-01-16 11:42:36.470,0.209639,2025-01-16 11:42:09.000,2025-01-16 11:43:09.000,eqt_explosions_th0_1/20250116T114209Z_20250116T114309Z/KEF_outputs/X_prediction_results.csv
KEF,HE,KEF,0,0.0,0.0,0.0,,,2025-01-16 11:42:41.140,0.106405,2025-01-16 11:42:09.000,2025-01-16 11:43:09.000,eqt_explosions_th0_1/20250116T114209Z_20250116T114309Z/KEF_outputs/X_prediction_results.csv
RUF,HE,RUF,0,0.0,0.0,0.0,2025-01-16 11:42:16.380,0.730044,2025-01-16 11:42:41.670,0.26895,2025-01-16 11:42:11.000,2025-01-16 11:43:11.000,eqt_explosions_th0_1/20250116T114211Z_20250116T114311Z/RUF_outputs/X_prediction_results.csv
OUF,HE,OUF,0,0.0,0.0,0.0,2025-01-16 11:42:16.680,0.483641,,,2025-01-16 11:42:11.000,2025-01-16 11:43:11.000,eqt_explosions_th0_1/20250116T114211Z_20250116T114311Z/OUF_outputs/X_prediction_results.csv
FIA0,HE,FIA0,0,0.0,0.0,0.0,2025-01-16 11:42:18.400,0.425193,,,2025-01-16 11:42:13.000,2025-01-16 11:43:13.000,eqt_explosions_th0_1/20250116T114213Z_20250116T114313Z/FIA0_outputs/X_prediction_results.csv
OBF0,HE,OBF0,0,0.0,0.0,0.0,2025-01-16 11:42:21.380,0.511051,2025-01-16 11:42:49.900,0.2169,2025-01-16 11:42:16.000,2025-01-16 11:43:16.000,eqt_explosions_th0_1/20250116T114216Z_20250116T114316Z/OBF0_outputs/X_prediction_results.csv
OBF3,HE,OBF3,0,0.0,0.0,0.0,2025-01-16 11:42:23.490,0.113498,,,2025-01-16 11:42:17.000,2025-01-16 11:43:17.000,eqt_explosions_th0_1/20250116T114217Z_20250116T114317Z/OBF3_outputs/X_prediction_results.csv
OBF3,HE,OBF3,0,0.0,0.0,0.0,2025-01-16 11:42:22.490,0.581446,2025-01-16 11:42:52.030,0.11291,2025-01-16 11:42:17.000,2025-01-16 11:43:17.000,eqt_explosions_th0_1/20250116T114217Z_20250116T114317Z/OBF3_outputs/X_prediction_results.csv
KY17,HE,KY17,0,0.0,0.0,0.0,2025-01-16 11:42:23.720,0.425924,,,2025-01-16 11:42:18.000,2025-01-16 11:43:18.000,eqt_explosions_th0_1/20250116T114218Z_20250116T114318Z/KY17_outputs/X_prediction_results.csv
KY17,HE,KY17,0,0.0,0.0,0.0,2025-01-16 11:42:24.720,0.265843,,,2025-01-16 11:42:18.000,2025-01-16 11:43:18.000,eqt_explosions_th0_1/20250116T114218Z_20250116T114318Z/KY17_outputs/X_prediction_results.csv
KY17,HE,KY17,0,0.0,0.0,0.0,,,2025-01-16 11:42:55.870,0.127734,2025-01-16 11:42:18.000,2025-01-16 11:43:18.000,eqt_explosions_th0_1/20250116T114218Z_20250116T114318Z/KY17_outputs/X_prediction_results.csv
TRE03,HE,TRE03,0,0.0,0.0,0.0,2025-01-16 11:42:24.260,0.862019,,,2025-01-16 11:42:19.000,2025-01-16 11:43:19.000,eqt_explosions_th0_1/20250116T114219Z_20250116T114319Z/TRE03_outputs/X_prediction_results.csv
TRE03,HE,TRE03,0,0.0,0.0,0.0,,,2025-01-16 11:42:57.510,0.112486,2025-01-16 11:42:19.000,2025-01-16 11:43:19.000,eqt_explosions_th0_1/20250116T114219Z_20250116T114319Z/TRE03_outputs/X_prediction_results.csv
VAF,HE,VAF,0,0.0,0.0,0.0,2025-01-16 11:42:24.790,0.823878,,,2025-01-16 11:42:19.000,2025-01-16 11:43:19.000,eqt_explosions_th0_1/20250116T114219Z_20250116T114319Z/VAF_outputs/X_prediction_results.csv
VAF,HE,VAF,0,0.0,0.0,0.0,,,2025-01-16 11:42:56.060,0.263132,2025-01-16 11:42:19.000,2025-01-16 11:43:19.000,eqt_explosions_th0_1/20250116T114219Z_20250116T114319Z/VAF_outputs/X_prediction_results.csv
KU1,HE,KU1,0,0.0,0.0,0.0,2025-01-16 11:42:28.080,0.577294,,,2025-01-16 11:42:23.000,2025-01-16 11:43:23.000,eqt_explosions_th0_1/20250116T114223Z_20250116T114323Z/KU1_outputs/X_prediction_results.csv
KU1,HE,KU1,0,0.0,0.0,0.0,,,2025-01-16 11:43:00.230,0.256843,2025-01-16 11:42:23.000,2025-01-16 11:43:23.000,eqt_explosions_th0_1/20250116T114223Z_20250116T114323Z/KU1_outputs/X_prediction_results.csv
KU2,HE,KU2,0,0.0,0.0,0.0,2025-01-16 11:42:29.480,0.236288,,,2025-01-16 11:42:24.000,2025-01-16 11:43:24.000,eqt_explosions_th0_1/20250116T114224Z_20250116T114324Z/KU2_outputs/X_prediction_results.csv
KU2,HE,KU2,0,0.0,0.0,0.0,,,2025-01-16 11:43:04.140,0.132609,2025-01-16 11:42:24.000,2025-01-16 11:43:24.000,eqt_explosions_th0_1/20250116T114224Z_20250116T114324Z/KU2_outputs/X_prediction_results.csv
RANF,FN,RANF,0,0.0,0.0,0.0,,,2025-01-16 11:43:13.570,0.272744,2025-01-16 11:42:29.000,2025-01-16 11:43:29.000,eqt_explosions_th0_1/20250116T114229Z_20250116T114329Z/RANF_outputs/X_prediction_results.csv
RANF,FN,RANF,0,0.0,0.0,0.0,2025-01-16 11:42:35.000,0.113126,,,2025-01-16 11:42:29.000,2025-01-16 11:43:29.000,eqt_explosions_th0_1/20250116T114229Z_20250116T114329Z/RANF_outputs/X_prediction_results.csv
TRE03,HE,TRE03,0,0.0,0.0,0.0,2025-01-16 11:50:13.380,0.955906,2025-01-16 11:50:15.480,0.698215,2025-01-16 11:50:08.000,2025-01-16 11:51:08.000,eqt_explosions_th0_1/20250116T115008Z_20250116T115108Z/TRE03_outputs/X_prediction_results.csv
KEF,HE,KEF,0,0.0,0.0,0.0,2025-01-16 11:50:24.490,0.951487,2025-01-16 11:50:33.430,0.330827,2025-01-16 11:50:19.000,2025-01-16 11:51:19.000,eqt_explosions_th0_1/20250116T115019Z_20250116T115119Z/KEF_outputs/X_prediction_results.csv
KPF,HE,KPF,0,0.0,0.0,0.0,2025-01-16 11:50:27.880,0.952363,2025-01-16 11:50:42.690,0.214321,2025-01-16 11:50:22.000,2025-01-16 11:51:22.000,eqt_explosions_th0_1/20250116T115022Z_20250116T115122Z/KPF_outputs/X_prediction_results.csv
FIA0,HE,FIA0,0,0.0,0.0,0.0,2025-01-16 11:50:30.110,0.946471,2025-01-16 11:50:44.600,0.249591,2025-01-16 11:50:25.000,2025-01-16 11:51:25.000,eqt_explosions_th0_1/20250116T115025Z_20250116T115125Z/FIA0_outputs/X_prediction_results.csv
KAF,HE,KAF,0,0.0,0.0,0.0,2025-01-16 11:50:33.780,0.944138,2025-01-16 11:50:51.000,0.437898,2025-01-16 11:50:28.000,2025-01-16 11:51:28.000,eqt_explosions_th0_1/20250116T115028Z_20250116T115128Z/KAF_outputs/X_prediction_results.csv
RAF,HE,RAF,0,0.0,0.0,0.0,2025-01-16 11:50:33.030,0.954002,2025-01-16 11:50:49.610,0.427625,2025-01-16 11:50:28.000,2025-01-16 11:51:28.000,eqt_explosions_th0_1/20250116T115028Z_20250116T115128Z/RAF_outputs/X_prediction_results.csv
PVF,HE,PVF,0,0.0,0.0,0.0,2025-01-16 11:50:37.340,0.317911,2025-01-16 11:50:55.120,0.324308,2025-01-16 11:50:32.000,2025-01-16 11:51:32.000,eqt_explosions_th0_1/20250116T115032Z_20250116T115132Z/PVF_outputs/X_prediction_results.csv
SUF,HE,SUF,0,0.0,0.0,0.0,2025-01-16 11:50:39.290,0.918129,2025-01-16 11:51:00.280,0.176527,2025-01-16 11:50:34.000,2025-01-16 11:51:34.000,eqt_explosions_th0_1/20250116T115034Z_20250116T115134Z/SUF_outputs/X_prediction_results.csv
VAF,HE,VAF,0,0.0,0.0,0.0,2025-01-16 11:50:40.480,0.930249,2025-01-16 11:51:01.470,0.285545,2025-01-16 11:50:35.000,2025-01-16 11:51:35.000,eqt_explosions_th0_1/20250116T115035Z_20250116T115135Z/VAF_outputs/X_prediction_results.csv
KY17,HE,KY17,0,0.0,0.0,0.0,2025-01-16 11:50:41.740,0.17805,2025-01-16 11:51:03.300,0.306857,2025-01-16 11:50:36.000,2025-01-16 11:51:36.000,eqt_explosions_th0_1/20250116T115036Z_20250116T115136Z/KY17_outputs/X_prediction_results.csv
KORF,HE,KORF,0,0.0,0.0,0.0,2025-01-16 11:50:45.680,0.771676,2025-01-16 11:51:10.590,0.120625,2025-01-16 11:50:40.000,2025-01-16 11:51:40.000,eqt_explosions_th0_1/20250116T115040Z_20250116T115140Z/KORF_outputs/X_prediction_results.csv
KORF,HE,KORF,0,0.0,0.0,0.0,2025-01-16 12:04:13.912,0.895795,2025-01-16 12:04:20.232,0.269174,2025-01-16 12:04:08.000,2025-01-16 12:05:08.000,eqt_explosions_th0_1/20250116T120408Z_20250116T120508Z/KORF_outputs/X_prediction_results.csv
RAF,HE,RAF,0,0.0,0.0,0.0,2025-01-16 12:04:19.990,0.92341,2025-01-16 12:04:30.190,0.423183,2025-01-16 12:04:14.000,2025-01-16 12:05:14.000,eqt_explosions_th0_1/20250116T120414Z_20250116T120514Z/RAF_outputs/X_prediction_results.csv
ECKF,HE,ECKF,0,0.0,0.0,0.0,2025-01-16 12:04:31.740,0.174165,2025-01-16 12:04:53.400,0.268641,2025-01-16 12:04:26.000,2025-01-16 12:05:26.000,eqt_explosions_th0_1/20250116T120426Z_20250116T120526Z/ECKF_outputs/X_prediction_results.csv
KPF,HE,KPF,0,0.0,0.0,0.0,2025-01-16 12:04:33.790,0.921346,2025-01-16 12:04:54.890,0.147779,2025-01-16 12:04:28.000,2025-01-16 12:05:28.000,eqt_explosions_th0_1/20250116T120428Z_20250116T120528Z/KPF_outputs/X_prediction_results.csv
AAL,UP,AAL,0,0.0,0.0,0.0,,,2025-01-16 12:04:48.020,0.538248,2025-01-16 12:04:43.000,2025-01-16 12:05:43.000,eqt_explosions_th0_1/20250116T120443Z_20250116T120543Z/AAL_outputs/X_prediction_results.csv
FIA0,HE,FIA0,0,0.0,0.0,0.0,,,2025-01-16 12:05:13.490,0.641862,2025-01-16 12:05:08.000,2025-01-16 12:06:08.000,eqt_explosions_th0_1/20250116T120508Z_20250116T120608Z/FIA0_outputs/X_prediction_results.csv
TOF,HE,TOF,0,0.0,0.0,0.0,2025-01-16 12:06:17.180,0.922076,2025-01-16 12:06:31.300,0.212326,2025-01-16 12:06:12.000,2025-01-16 12:07:12.000,eqt_explosions_th0_1/20250116T120612Z_20250116T120712Z/TOF_outputs/X_prediction_results.csv
OBF3,HE,OBF3,0,0.0,0.0,0.0,2025-01-16 12:06:25.860,0.941974,2025-01-16 12:06:47.530,0.197345,2025-01-16 12:06:20.000,2025-01-16 12:07:20.000,eqt_explosions_th0_1/20250116T120620Z_20250116T120720Z/OBF3_outputs/X_prediction_results.csv
OBF0,HE,OBF0,0,0.0,0.0,0.0,2025-01-16 12:06:27.870,0.613878,2025-01-16 12:06:49.050,0.276538,2025-01-16 12:06:22.000,2025-01-16 12:07:22.000,eqt_explosions_th0_1/20250116T120622Z_20250116T120722Z/OBF0_outputs/X_prediction_results.csv
KLF,FN,KLF,0,0.0,0.0,0.0,2025-01-16 12:06:28.510,0.796992,2025-01-16 12:06:50.200,0.449507,2025-01-16 12:06:23.000,2025-01-16 12:07:23.000,eqt_explosions_th0_1/20250116T120623Z_20250116T120723Z/KLF_outputs/X_prediction_results.csv
RANF,FN,RANF,0,0.0,0.0,0.0,2025-01-16 12:06:34.000,0.593904,2025-01-16 12:07:01.340,0.272388,2025-01-16 12:06:28.000,2025-01-16 12:07:28.000,eqt_explosions_th0_1/20250116T120628Z_20250116T120728Z/RANF_outputs/X_prediction_results.csv
HEF,HE,HEF,0,0.0,0.0,0.0,2025-01-16 12:06:41.730,0.499496,2025-01-16 12:06:54.740,0.105864,2025-01-16 12:06:36.000,2025-01-16 12:07:36.000,eqt_explosions_th0_1/20250116T120636Z_20250116T120736Z/HEF_outputs/X_prediction_results.csv
VAF,HE,VAF,0,0.0,0.0,0.0,2025-01-16 12:06:44.640,0.53331,,,2025-01-16 12:06:39.000,2025-01-16 12:07:39.000,eqt_explosions_th0_1/20250116T120639Z_20250116T120739Z/VAF_outputs/X_prediction_results.csv
KEV,HE,KEV,0,0.0,0.0,0.0,2025-01-16 16:19:25.710,0.83073,2025-01-16 16:19:44.320,0.108718,2025-01-16 16:19:20.000,2025-01-16 16:20:20.000,eqt_explosions_th0_1/20250116T161920Z_20250116T162020Z/KEV_outputs/X_prediction_results.csv
VRF,HE,VRF,0,0.0,0.0,0.0,,,2025-01-16 16:19:55.710,0.613889,2025-01-16 16:19:48.000,2025-01-16 16:20:48.000,eqt_explosions_th0_1/20250116T161948Z_20250116T162048Z/VRF_outputs/X_prediction_results.csv
RUF,HE,RUF,0,0.0,0.0,0.0,2025-01-16 16:34:48.880,0.948703,2025-01-16 16:34:55.630,0.631569,2025-01-16 16:34:43.000,2025-01-16 16:35:43.000,eqt_explosions_th0_1/20250116T163443Z_20250116T163543Z/RUF_outputs/X_prediction_results.csv
VJF,HE,VJF,0,0.0,0.0,0.0,2025-01-16 16:35:01.890,0.954315,2025-01-16 16:35:19.290,0.232501,2025-01-16 16:34:56.000,2025-01-16 16:35:56.000,eqt_explosions_th0_1/20250116T163456Z_20250116T163556Z/VJF_outputs/X_prediction_results.csv
VJF,HE,VJF,0,0.0,0.0,0.0,,,2025-01-16 16:35:23.320,0.258654,2025-01-16 16:34:56.000,2025-01-16 16:35:56.000,eqt_explosions_th0_1/20250116T163456Z_20250116T163556Z/VJF_outputs/X_prediction_results.csv
KY17,HE,KY17,0,0.0,0.0,0.0,2025-01-16 16:35:03.780,0.95111,2025-01-16 16:35:05.440,0.425261,2025-01-16 16:34:58.000,2025-01-16 16:35:58.000,eqt_explosions_th0_1/20250116T163458Z_20250116T163558Z/KY17_outputs/X_prediction_results.csv
FIA0,HE,FIA0,0,0.0,0.0,0.0,2025-01-16 16:35:12.110,0.242418,2025-01-16 16:35:37.270,0.212059,2025-01-16 16:35:07.000,2025-01-16 16:36:07.000,eqt_explosions_th0_1/20250116T163507Z_20250116T163607Z/FIA0_outputs/X_prediction_results.csv
JOF,HE,JOF,0,0.0,0.0,0.0,2025-01-16 16:35:13.720,0.914132,2025-01-16 16:35:40.080,0.119292,2025-01-16 16:35:08.000,2025-01-16 16:36:08.000,eqt_explosions_th0_1/20250116T163508Z_20250116T163608Z/JOF_outputs/X_prediction_results.csv
PVF,HE,PVF,0,0.0,0.0,0.0,2025-01-16 16:35:14.690,0.913325,2025-01-16 16:35:44.050,0.264632,2025-01-16 16:35:09.000,2025-01-16 16:36:09.000,eqt_explosions_th0_1/20250116T163509Z_20250116T163609Z/PVF_outputs/X_prediction_results.csv
KAF,HE,KAF,0,0.0,0.0,0.0,2025-01-16 16:35:15.110,0.806782,2025-01-16 16:35:40.050,0.353503,2025-01-16 16:35:10.000,2025-01-16 16:36:10.000,eqt_explosions_th0_1/20250116T163510Z_20250116T163610Z/KAF_outputs/X_prediction_results.csv
NUR,HE,NUR,0,0.0,0.0,0.0,2025-01-16 16:35:23.080,0.925266,2025-01-16 16:35:25.530,0.610035,2025-01-16 16:35:18.000,2025-01-16 16:36:18.000,eqt_explosions_th0_1/20250116T163518Z_20250116T163618Z/NUR_outputs/X_prediction_results.csv
VUOS,HE,VUOS,0,0.0,0.0,0.0,2025-01-16 16:35:23.690,0.147056,,,2025-01-16 16:35:18.000,2025-01-16 16:36:18.000,eqt_explosions_th0_1/20250116T163518Z_20250116T163618Z/VUOS_outputs/X_prediction_results.csv
KEF,HE,KEF,0,0.0,0.0,0.0,2025-01-16 16:35:24.190,0.947512,,,2025-01-16 16:35:19.000,2025-01-16 16:36:19.000,eqt_explosions_th0_1/20250116T163519Z_20250116T163619Z/KEF_outputs/X_prediction_results.csv
KEF,HE,KEF,0,0.0,0.0,0.0,,,2025-01-16 16:35:58.140,0.268739,2025-01-16 16:35:19.000,2025-01-16 16:36:19.000,eqt_explosions_th0_1/20250116T163519Z_20250116T163619Z/KEF_outputs/X_prediction_results.csv
TOF,HE,TOF,0,0.0,0.0,0.0,2025-01-17 08:16:47.880,0.935185,2025-01-17 08:16:57.990,0.133761,2025-01-17 08:16:42.000,2025-01-17 08:17:42.000,eqt_explosions_th0_1/20250117T081642Z_20250117T081742Z/TOF_outputs/X_prediction_results.csv
KLF,FN,KLF,0,0.0,0.0,0.0,2025-01-17 08:16:49.310,0.936832,2025-01-17 08:16:58.220,0.102764,2025-01-17 08:16:44.000,2025-01-17 08:17:44.000,eqt_explosions_th0_1/20250117T081644Z_20250117T081744Z/KLF_outputs/X_prediction_results.csv
RANF,FN,RANF,0,0.0,0.0,0.0,2025-01-17 08:16:51.750,0.450894,2025-01-17 08:17:04.780,0.108586,2025-01-17 08:16:46.000,2025-01-17 08:17:46.000,eqt_explosions_th0_1/20250117T081646Z_20250117T081746Z/RANF_outputs/X_prediction_results.csv
KU2,HE,KU2,0,0.0,0.0,0.0,2025-01-17 08:17:02.980,0.883984,2025-01-17 08:17:25.120,0.59857,2025-01-17 08:16:57.000,2025-01-17 08:17:57.000,eqt_explosions_th0_1/20250117T081657Z_20250117T081757Z/KU2_outputs/X_prediction_results.csv
OLKF,FN,OLKF,0,0.0,0.0,0.0,2025-01-17 08:17:06.250,0.787593,2025-01-17 08:17:28.060,0.660433,2025-01-17 08:17:01.000,2025-01-17 08:18:01.000,eqt_explosions_th0_1/20250117T081701Z_20250117T081801Z/OLKF_outputs/X_prediction_results.csv
HEF,HE,HEF,0,0.0,0.0,0.0,2025-01-17 08:17:08.980,0.868003,2025-01-17 08:17:33.360,0.567465,2025-01-17 08:17:03.000,2025-01-17 08:18:03.000,eqt_explosions_th0_1/20250117T081703Z_20250117T081803Z/HEF_outputs/X_prediction_results.csv
KU6,HE,KU6,0,0.0,0.0,0.0,2025-01-17 08:17:10.450,0.829136,2025-01-17 08:17:36.280,0.136863,2025-01-17 08:17:05.000,2025-01-17 08:18:05.000,eqt_explosions_th0_1/20250117T081705Z_20250117T081805Z/KU6_outputs/X_prediction_results.csv
VRF,HE,VRF,0,0.0,0.0,0.0,2025-01-17 08:17:11.780,0.189103,,,2025-01-17 08:17:06.000,2025-01-17 08:18:06.000,eqt_explosions_th0_1/20250117T081706Z_20250117T081806Z/VRF_outputs/X_prediction_results.csv
KU1,HE,KU1,0,0.0,0.0,0.0,2025-01-17 08:17:12.160,0.217152,2025-01-17 08:17:38.640,0.602392,2025-01-17 08:17:07.000,2025-01-17 08:18:07.000,eqt_explosions_th0_1/20250117T081707Z_20250117T081807Z/KU1_outputs/X_prediction_results.csv
RAJF,FN,RAJF,0,0.0,0.0,0.0,,,2025-01-17 08:17:42.200,0.402738,2025-01-17 08:17:36.000,2025-01-17 08:18:36.000,eqt_explosions_th0_1/20250117T081736Z_20250117T081836Z/RAJF_outputs/X_prediction_results.csv
RUF,HE,RUF,0,0.0,0.0,0.0,2025-01-17 09:43:51.628,0.305913,2025-01-17 09:43:58.148,0.314189,2025-01-17 09:43:46.000,2025-01-17 09:44:46.000,eqt_explosions_th0_1/20250117T094346Z_20250117T094446Z/RUF_outputs/X_prediction_results.csv
VJF,HE,VJF,0,0.0,0.0,0.0,2025-01-17 09:44:04.498,0.794023,2025-01-17 09:44:21.918,0.332725,2025-01-17 09:43:59.000,2025-01-17 09:44:59.000,eqt_explosions_th0_1/20250117T094359Z_20250117T094459Z/VJF_outputs/X_prediction_results.csv
KY17,HE,KY17,0,0.0,0.0,0.0,,,2025-01-17 09:44:24.962,0.279391,2025-01-17 09:44:01.000,2025-01-17 09:45:01.000,eqt_explosions_th0_1/20250117T094401Z_20250117T094501Z/KY17_outputs/X_prediction_results.csv
FIA0,HE,FIA0,0,0.0,0.0,0.0,2025-01-17 09:44:14.770,0.927422,2025-01-17 09:44:39.750,0.170923,2025-01-17 09:44:09.000,2025-01-17 09:45:09.000,eqt_explosions_th0_1/20250117T094409Z_20250117T094509Z/FIA0_outputs/X_prediction_results.csv
FIA1,HE,FIA1,0,0.0,0.0,0.0,2025-01-17 09:44:14.770,0.83161,2025-01-17 09:44:39.990,0.139147,2025-01-17 09:44:09.000,2025-01-17 09:45:09.000,eqt_explosions_th0_1/20250117T094409Z_20250117T094509Z/FIA1_outputs/X_prediction_results.csv
JOF,HE,JOF,0,0.0,0.0,0.0,2025-01-17 09:44:15.680,0.934096,2025-01-17 09:44:41.700,0.177783,2025-01-17 09:44:10.000,2025-01-17 09:45:10.000,eqt_explosions_th0_1/20250117T094410Z_20250117T094510Z/JOF_outputs/X_prediction_results.csv
LOVF,HE,LOVF,0,0.0,0.0,0.0,2025-01-17 09:44:15.190,0.333169,2025-01-17 09:44:40.220,0.268967,2025-01-17 09:44:10.000,2025-01-17 09:45:10.000,eqt_explosions_th0_1/20250117T094410Z_20250117T094510Z/LOVF_outputs/X_prediction_results.csv
KAF,HE,KAF,0,0.0,0.0,0.0,2025-01-17 09:44:17.150,0.936961,2025-01-17 09:44:42.260,0.127874,2025-01-17 09:44:12.000,2025-01-17 09:45:12.000,eqt_explosions_th0_1/20250117T094412Z_20250117T094512Z/KAF_outputs/X_prediction_results.csv
PVF,HE,PVF,0,0.0,0.0,0.0,2025-01-17 09:44:17.384,0.949711,2025-01-17 09:44:46.424,0.280259,2025-01-17 09:44:12.000,2025-01-17 09:45:12.000,eqt_explosions_th0_1/20250117T094412Z_20250117T094512Z/PVF_outputs/X_prediction_results.csv
MEF,HE,MEF,0,0.0,0.0,0.0,2025-01-17 11:36:55.710,0.563242,2025-01-17 11:36:57.160,0.840313,2025-01-17 11:36:50.000,2025-01-17 11:37:50.000,eqt_explosions_th0_1/20250117T113650Z_20250117T113750Z/MEF_outputs/X_prediction_results.csv
KUNI,HE,KUNI,0,0.0,0.0,0.0,2025-01-17 11:36:57.592,0.944249,2025-01-17 11:37:00.032,0.606524,2025-01-17 11:36:52.000,2025-01-17 11:37:52.000,eqt_explosions_th0_1/20250117T113652Z_20250117T113752Z/KUNI_outputs/X_prediction_results.csv
HEL5,HE,HEL5,0,0.0,0.0,0.0,2025-01-17 11:36:57.190,0.905931,2025-01-17 11:36:59.460,0.444548,2025-01-17 11:36:52.000,2025-01-17 11:37:52.000,eqt_explosions_th0_1/20250117T113652Z_20250117T113752Z/HEL5_outputs/X_prediction_results.csv
LAUT,HE,LAUT,0,0.0,0.0,0.0,2025-01-17 11:36:57.452,0.951974,2025-01-17 11:36:59.902,0.838876,2025-01-17 11:36:52.000,2025-01-17 11:37:52.000,eqt_explosions_th0_1/20250117T113652Z_20250117T113752Z/LAUT_outputs/X_prediction_results.csv
HEL1,HE,HEL1,0,0.0,0.0,0.0,2025-01-17 11:36:57.472,0.934404,2025-01-17 11:36:59.932,0.784247,2025-01-17 11:36:52.000,2025-01-17 11:37:52.000,eqt_explosions_th0_1/20250117T113652Z_20250117T113752Z/HEL1_outputs/X_prediction_results.csv
NUR,HE,NUR,0,0.0,0.0,0.0,2025-01-17 11:36:59.260,0.949177,2025-01-17 11:37:03.000,0.765695,2025-01-17 11:36:54.000,2025-01-17 11:37:54.000,eqt_explosions_th0_1/20250117T113654Z_20250117T113754Z/NUR_outputs/X_prediction_results.csv
PVF,HE,PVF,0,0.0,0.0,0.0,2025-01-17 11:37:07.540,0.763382,2025-01-17 11:37:17.100,0.406476,2025-01-17 11:37:02.000,2025-01-17 11:38:02.000,eqt_explosions_th0_1/20250117T113702Z_20250117T113802Z/PVF_outputs/X_prediction_results.csv
KORF,HE,KORF,0,0.0,0.0,0.0,2025-01-17 11:37:22.670,0.167623,,,2025-01-17 11:37:17.000,2025-01-17 11:38:17.000,eqt_explosions_th0_1/20250117T113717Z_20250117T113817Z/KORF_outputs/X_prediction_results.csv
RAF,HE,RAF,0,0.0,0.0,0.0,2025-01-17 11:37:23.640,0.293472,,,2025-01-17 11:37:18.000,2025-01-17 11:38:18.000,eqt_explosions_th0_1/20250117T113718Z_20250117T113818Z/RAF_outputs/X_prediction_results.csv
HEL5,HE,HEL5,0,0.0,0.0,0.0,2025-01-17 12:16:10.390,0.932436,2025-01-17 12:16:11.860,0.860688,2025-01-17 12:16:05.000,2025-01-17 12:17:05.000,eqt_explosions_th0_1/20250117T121605Z_20250117T121705Z/HEL5_outputs/X_prediction_results.csv
MEF,HE,MEF,0,0.0,0.0,0.0,2025-01-17 12:16:10.370,0.937484,2025-01-17 12:16:11.940,0.842108,2025-01-17 12:16:05.000,2025-01-17 12:17:05.000,eqt_explosions_th0_1/20250117T121605Z_20250117T121705Z/MEF_outputs/X_prediction_results.csv
LAUT,HE,LAUT,0,0.0,0.0,0.0,2025-01-17 12:16:11.432,0.86787,2025-01-17 12:16:13.552,0.721216,2025-01-17 12:16:06.000,2025-01-17 12:17:06.000,eqt_explosions_th0_1/20250117T121606Z_20250117T121706Z/LAUT_outputs/X_prediction_results.csv
HEL1,HE,HEL1,0,0.0,0.0,0.0,2025-01-17 12:16:11.650,0.676785,2025-01-17 12:16:14.210,0.676127,2025-01-17 12:16:06.000,2025-01-17 12:17:06.000,eqt_explosions_th0_1/20250117T121606Z_20250117T121706Z/HEL1_outputs/X_prediction_results.csv
KUNI,HE,KUNI,0,0.0,0.0,0.0,2025-01-17 12:16:12.560,0.663533,2025-01-17 12:16:15.410,0.538023,2025-01-17 12:16:07.000,2025-01-17 12:17:07.000,eqt_explosions_th0_1/20250117T121607Z_20250117T121707Z/KUNI_outputs/X_prediction_results.csv
VUOS,HE,VUOS,0,0.0,0.0,0.0,,,2025-01-17 12:16:18.282,0.395584,2025-01-17 12:16:09.000,2025-01-17 12:17:09.000,eqt_explosions_th0_1/20250117T121609Z_20250117T121709Z/VUOS_outputs/X_prediction_results.csv
NUR,HE,NUR,0,0.0,0.0,0.0,2025-01-17 12:16:15.312,0.700887,2025-01-17 12:16:20.072,0.555937,2025-01-17 12:16:10.000,2025-01-17 12:17:10.000,eqt_explosions_th0_1/20250117T121610Z_20250117T121710Z/NUR_outputs/X_prediction_results.csv
VRF,HE,VRF,0,0.0,0.0,0.0,2025-01-17 12:39:33.060,0.804963,2025-01-17 12:39:37.860,0.680025,2025-01-17 12:39:28.000,2025-01-17 12:40:28.000,eqt_explosions_th0_1/20250117T123928Z_20250117T124028Z/VRF_outputs/X_prediction_results.csv
RAJF,FN,RAJF,0,0.0,0.0,0.0,2025-01-17 12:39:48.300,0.949354,2025-01-17 12:40:04.490,0.411063,2025-01-17 12:39:43.000,2025-01-17 12:40:43.000,eqt_explosions_th0_1/20250117T123943Z_20250117T124043Z/RAJF_outputs/X_prediction_results.csv
OLKF,FN,OLKF,0,0.0,0.0,0.0,2025-01-17 12:39:49.900,0.680273,2025-01-17 12:40:10.370,0.354317,2025-01-17 12:39:44.000,2025-01-17 12:40:44.000,eqt_explosions_th0_1/20250117T123944Z_20250117T124044Z/OLKF_outputs/X_prediction_results.csv
KU6,HE,KU6,0,0.0,0.0,0.0,2025-01-17 12:39:54.200,0.951192,2025-01-17 12:40:14.540,0.367265,2025-01-17 12:39:49.000,2025-01-17 12:40:49.000,eqt_explosions_th0_1/20250117T123949Z_20250117T124049Z/KU6_outputs/X_prediction_results.csv
RANF,FN,RANF,0,0.0,0.0,0.0,2025-01-17 12:40:02.910,0.834993,2025-01-17 12:40:30.390,0.269709,2025-01-17 12:39:57.000,2025-01-17 12:40:57.000,eqt_explosions_th0_1/20250117T123957Z_20250117T124057Z/RANF_outputs/X_prediction_results.csv
KU2,HE,KU2,0,0.0,0.0,0.0,2025-01-17 12:40:02.790,0.955792,2025-01-17 12:40:30.270,0.236111,2025-01-17 12:39:57.000,2025-01-17 12:40:57.000,eqt_explosions_th0_1/20250117T123957Z_20250117T124057Z/KU2_outputs/X_prediction_results.csv
KU1,HE,KU1,0,0.0,0.0,0.0,2025-01-17 12:40:02.310,0.943682,2025-01-17 12:40:28.650,0.206436,2025-01-17 12:39:57.000,2025-01-17 12:40:57.000,eqt_explosions_th0_1/20250117T123957Z_20250117T124057Z/KU1_outputs/X_prediction_results.csv
KLF,FN,KLF,0,0.0,0.0,0.0,,,2025-01-17 12:40:42.810,0.203923,2025-01-17 12:40:03.000,2025-01-17 12:41:03.000,eqt_explosions_th0_1/20250117T124003Z_20250117T124103Z/KLF_outputs/X_prediction_results.csv
KLF,FN,KLF,0,0.0,0.0,0.0,2025-01-17 12:40:08.750,0.513509,,,2025-01-17 12:40:03.000,2025-01-17 12:41:03.000,eqt_explosions_th0_1/20250117T124003Z_20250117T124103Z/KLF_outputs/X_prediction_results.csv
KEV,HE,KEV,0,0.0,0.0,0.0,2025-01-17 12:40:09.010,0.91299,,,2025-01-17 12:40:04.000,2025-01-17 12:41:04.000,eqt_explosions_th0_1/20250117T124004Z_20250117T124104Z/KEV_outputs/X_prediction_results.csv
KEV,HE,KEV,0,0.0,0.0,0.0,,,2025-01-17 12:40:43.560,0.491158,2025-01-17 12:40:04.000,2025-01-17 12:41:04.000,eqt_explosions_th0_1/20250117T124004Z_20250117T124104Z/KEV_outputs/X_prediction_results.csv
HEF,HE,HEF,0,0.0,0.0,0.0,2025-01-17 12:40:10.680,0.923677,,,2025-01-17 12:40:05.000,2025-01-17 12:41:05.000,eqt_explosions_th0_1/20250117T124005Z_20250117T124105Z/HEF_outputs/X_prediction_results.csv
HEF,HE,HEF,0,0.0,0.0,0.0,,,2025-01-17 12:40:47.450,0.272404,2025-01-17 12:40:05.000,2025-01-17 12:41:05.000,eqt_explosions_th0_1/20250117T124005Z_20250117T124105Z/HEF_outputs/X_prediction_results.csv
TOF,HE,TOF,0,0.0,0.0,0.0,2025-01-17 12:40:12.260,0.944618,,,2025-01-17 12:40:07.000,2025-01-17 12:41:07.000,eqt_explosions_th0_1/20250117T124007Z_20250117T124107Z/TOF_outputs/X_prediction_results.csv
RMF,HE,RMF,0,0.0,0.0,0.0,2025-01-17 12:40:20.110,0.433589,,,2025-01-17 12:40:15.000,2025-01-17 12:41:15.000,eqt_explosions_th0_1/20250117T124015Z_20250117T124115Z/RMF_outputs/X_prediction_results.csv
RMF,HE,RMF,0,0.0,0.0,0.0,,,2025-01-17 12:40:59.860,0.107217,2025-01-17 12:40:15.000,2025-01-17 12:41:15.000,eqt_explosions_th0_1/20250117T124015Z_20250117T124115Z/RMF_outputs/X_prediction_results.csv
KIF,HE,KIF,0,0.0,0.0,0.0,2025-01-17 12:40:27.680,0.378863,,,2025-01-17 12:40:22.000,2025-01-17 12:41:22.000,eqt_explosions_th0_1/20250117T124022Z_20250117T124122Z/KIF_outputs/X_prediction_results.csv
NUR,HE,NUR,0,0.0,0.0,0.0,,,2025-01-17 13:03:46.150,0.404078,2025-01-17 13:03:36.000,2025-01-17 13:04:36.000,eqt_explosions_th0_1/20250117T130336Z_20250117T130436Z/NUR_outputs/X_prediction_results.csv
MEF,HE,MEF,0,0.0,0.0,0.0,2025-01-17 13:03:45.680,0.278428,2025-01-17 13:03:54.010,0.282506,2025-01-17 13:03:40.000,2025-01-17 13:04:40.000,eqt_explosions_th0_1/20250117T130340Z_20250117T130440Z/MEF_outputs/X_prediction_results.csv
TRE03,HE,TRE03,0,0.0,0.0,0.0,2025-01-17 13:03:48.752,0.718867,2025-01-17 13:03:59.642,0.281621,2025-01-17 13:03:43.000,2025-01-17 13:04:43.000,eqt_explosions_th0_1/20250117T130343Z_20250117T130443Z/TRE03_outputs/X_prediction_results.csv
RAF,HE,RAF,0,0.0,0.0,0.0,2025-01-17 13:03:57.780,0.139262,2025-01-17 13:04:14.630,0.255129,2025-01-17 13:03:52.000,2025-01-17 13:04:52.000,eqt_explosions_th0_1/20250117T130352Z_20250117T130452Z/RAF_outputs/X_prediction_results.csv
KEF,HE,KEF,0,0.0,0.0,0.0,2025-01-17 13:03:58.760,0.414584,2025-01-17 13:04:15.920,0.54513,2025-01-17 13:03:53.000,2025-01-17 13:04:53.000,eqt_explosions_th0_1/20250117T130353Z_20250117T130453Z/KEF_outputs/X_prediction_results.csv
KPF,HE,KPF,0,0.0,0.0,0.0,2025-01-17 13:04:01.570,0.248226,2025-01-17 13:04:22.170,0.51576,2025-01-17 13:03:56.000,2025-01-17 13:04:56.000,eqt_explosions_th0_1/20250117T130356Z_20250117T130456Z/KPF_outputs/X_prediction_results.csv
KORF,HE,KORF,0,0.0,0.0,0.0,2025-01-17 13:04:03.140,0.845698,2025-01-17 13:04:24.380,0.568655,2025-01-17 13:03:58.000,2025-01-17 13:04:58.000,eqt_explosions_th0_1/20250117T130358Z_20250117T130458Z/KORF_outputs/X_prediction_results.csv
VAF,HE,VAF,0,0.0,0.0,0.0,,,2025-01-17 13:04:46.210,0.384212,2025-01-17 13:04:41.000,2025-01-17 13:05:41.000,eqt_explosions_th0_1/20250117T130441Z_20250117T130541Z/VAF_outputs/X_prediction_results.csv
ECKF,HE,ECKF,0,0.0,0.0,0.0,2025-01-18 15:13:38.042,0.104829,2025-01-18 15:13:59.902,0.165216,2025-01-18 15:13:33.000,2025-01-18 15:14:33.000,eqt_explosions_th0_1/20250118T151333Z_20250118T151433Z/ECKF_outputs/X_prediction_results.csv
AAL,UP,AAL,0,0.0,0.0,0.0,2025-01-18 15:13:41.840,0.123718,2025-01-18 15:14:06.730,0.266553,2025-01-18 15:13:36.000,2025-01-18 15:14:36.000,eqt_explosions_th0_1/20250118T151336Z_20250118T151436Z/AAL_outputs/X_prediction_results.csv
KLF,FN,KLF,0,0.0,0.0,0.0,2025-01-19 10:18:50.710,0.939738,2025-01-19 10:18:55.900,0.256763,2025-01-19 10:18:45.000,2025-01-19 10:19:45.000,eqt_explosions_th0_1/20250119T101845Z_20250119T101945Z/KLF_outputs/X_prediction_results.csv
HEF,HE,HEF,0,0.0,0.0,0.0,2025-01-19 10:19:03.560,0.925743,2025-01-19 10:19:17.950,0.279776,2025-01-19 10:18:58.000,2025-01-19 10:19:58.000,eqt_explosions_th0_1/20250119T101858Z_20250119T101958Z/HEF_outputs/X_prediction_results.csv
TOF,HE,TOF,0,0.0,0.0,0.0,2025-01-19 10:19:10.570,0.937111,,,2025-01-19 10:19:05.000,2025-01-19 10:20:05.000,eqt_explosions_th0_1/20250119T101905Z_20250119T102005Z/TOF_outputs/X_prediction_results.csv
KIF,HE,KIF,0,0.0,0.0,0.0,2025-01-19 10:19:18.770,0.911732,,,2025-01-19 10:19:13.000,2025-01-19 10:20:13.000,eqt_explosions_th0_1/20250119T101913Z_20250119T102013Z/KIF_outputs/X_prediction_results.csv
RANF,FN,RANF,0,0.0,0.0,0.0,2025-01-19 10:19:20.450,0.488515,2025-01-19 10:19:45.650,0.273401,2025-01-19 10:19:15.000,2025-01-19 10:20:15.000,eqt_explosions_th0_1/20250119T101915Z_20250119T102015Z/RANF_outputs/X_prediction_results.csv
RAJF,FN,RAJF,0,0.0,0.0,0.0,2025-01-19 10:19:22.310,0.365676,2025-01-19 10:19:50.190,0.197837,2025-01-19 10:19:17.000,2025-01-19 10:20:17.000,eqt_explosions_th0_1/20250119T101917Z_20250119T102017Z/RAJF_outputs/X_prediction_results.csv
RAJF,FN,RAJF,0,0.0,0.0,0.0,2025-01-19 10:19:23.300,0.356186,,,2025-01-19 10:19:17.000,2025-01-19 10:20:17.000,eqt_explosions_th0_1/20250119T101917Z_20250119T102017Z/RAJF_outputs/X_prediction_results.csv
VRF,HE,VRF,0,0.0,0.0,0.0,,,2025-01-19 10:19:59.020,0.294425,2025-01-19 10:19:22.000,2025-01-19 10:20:22.000,eqt_explosions_th0_1/20250119T101922Z_20250119T102022Z/VRF_outputs/X_prediction_results.csv
VRF,HE,VRF,0,0.0,0.0,0.0,2025-01-19 10:19:27.690,0.516948,,,2025-01-19 10:19:22.000,2025-01-19 10:20:22.000,eqt_explosions_th0_1/20250119T101922Z_20250119T102022Z/VRF_outputs/X_prediction_results.csv
OLKF,FN,OLKF,0,0.0,0.0,0.0,2025-01-19 10:19:30.010,0.437143,,,2025-01-19 10:19:24.000,2025-01-19 10:20:24.000,eqt_explosions_th0_1/20250119T101924Z_20250119T102024Z/OLKF_outputs/X_prediction_results.csv
OLKF,FN,OLKF,0,0.0,0.0,0.0,2025-01-19 10:19:31.010,0.127995,,,2025-01-19 10:19:24.000,2025-01-19 10:20:24.000,eqt_explosions_th0_1/20250119T101924Z_20250119T102024Z/OLKF_outputs/X_prediction_results.csv
OLKF,FN,OLKF,0,0.0,0.0,0.0,2025-01-19 10:19:32.010,0.101341,,,2025-01-19 10:19:24.000,2025-01-19 10:20:24.000,eqt_explosions_th0_1/20250119T101924Z_20250119T102024Z/OLKF_outputs/X_prediction_results.csv
OLKF,FN,OLKF,0,0.0,0.0,0.0,,,2025-01-19 10:20:05.380,0.22202,2025-01-19 10:19:24.000,2025-01-19 10:20:24.000,eqt_explosions_th0_1/20250119T101924Z_20250119T102024Z/OLKF_outputs/X_prediction_results.csv
KEV,HE,KEV,0,0.0,0.0,0.0,2025-01-19 10:19:30.130,0.294374,,,2025-01-19 10:19:25.000,2025-01-19 10:20:25.000,eqt_explosions_th0_1/20250119T101925Z_20250119T102025Z/KEV_outputs/X_prediction_results.csv
KEV,HE,KEV,0,0.0,0.0,0.0,,,2025-01-19 10:20:03.660,0.149937,2025-01-19 10:19:25.000,2025-01-19 10:20:25.000,eqt_explosions_th0_1/20250119T101925Z_20250119T102025Z/KEV_outputs/X_prediction_results.csv
KU2,HE,KU2,0,0.0,0.0,0.0,2025-01-19 10:19:31.180,0.315266,,,2025-01-19 10:19:26.000,2025-01-19 10:20:26.000,eqt_explosions_th0_1/20250119T101926Z_20250119T102026Z/KU2_outputs/X_prediction_results.csv
KU2,HE,KU2,0,0.0,0.0,0.0,2025-01-19 10:19:32.200,0.115338,,,2025-01-19 10:19:26.000,2025-01-19 10:20:26.000,eqt_explosions_th0_1/20250119T101926Z_20250119T102026Z/KU2_outputs/X_prediction_results.csv
KU1,HE,KU1,0,0.0,0.0,0.0,2025-01-19 10:19:36.180,0.678277,,,2025-01-19 10:19:31.000,2025-01-19 10:20:31.000,eqt_explosions_th0_1/20250119T101931Z_20250119T102031Z/KU1_outputs/X_prediction_results.csv
KU1,HE,KU1,0,0.0,0.0,0.0,,,2025-01-19 10:20:13.350,0.198517,2025-01-19 10:19:31.000,2025-01-19 10:20:31.000,eqt_explosions_th0_1/20250119T101931Z_20250119T102031Z/KU1_outputs/X_prediction_results.csv
KLF,FN,KLF,0,0.0,0.0,0.0,2025-01-19 16:45:59.330,0.135306,2025-01-19 16:46:11.610,0.272526,2025-01-19 16:45:54.000,2025-01-19 16:46:54.000,eqt_explosions_th0_1/20250119T164554Z_20250119T164654Z/KLF_outputs/X_prediction_results.csv
KEV,HE,KEV,0,0.0,0.0,0.0,2025-01-19 16:46:18.000,0.354313,2025-01-19 16:46:43.980,0.224553,2025-01-19 16:46:13.000,2025-01-19 16:47:13.000,eqt_explosions_th0_1/20250119T164613Z_20250119T164713Z/KEV_outputs/X_prediction_results.csv
KIF,HE,KIF,0,0.0,0.0,0.0,,,2025-01-19 16:46:46.380,0.332575,2025-01-19 16:46:41.000,2025-01-19 16:47:41.000,eqt_explosions_th0_1/20250119T164641Z_20250119T164741Z/KIF_outputs/X_prediction_results.csv
VRF,HE,VRF,0,0.0,0.0,0.0,2025-01-19 20:09:52.820,0.125139,2025-01-19 20:10:12.370,0.480332,2025-01-19 20:09:47.000,2025-01-19 20:10:47.000,eqt_explosions_th0_1/20250119T200947Z_20250119T201047Z/VRF_outputs/X_prediction_results.csv
RAJF,FN,RAJF,0,0.0,0.0,0.0,,,2025-01-19 20:10:29.200,0.25927,2025-01-19 20:09:58.000,2025-01-19 20:10:58.000,eqt_explosions_th0_1/20250119T200958Z_20250119T201058Z/RAJF_outputs/X_prediction_results.csv
OLKF,FN,OLKF,0,0.0,0.0,0.0,2025-01-19 20:10:03.280,0.127484,2025-01-19 20:10:31.010,0.407813,2025-01-19 20:09:58.000,2025-01-19 20:10:58.000,eqt_explosions_th0_1/20250119T200958Z_20250119T201058Z/OLKF_outputs/X_prediction_results.csv
HEF,HE,HEF,0,0.0,0.0,0.0,2025-01-19 20:10:44.310,0.453674,,,2025-01-19 20:10:18.000,2025-01-19 20:11:18.000,eqt_explosions_th0_1/20250119T201018Z_20250119T201118Z/HEF_outputs/X_prediction_results.csv
RAJF,FN,RAJF,0,0.0,0.0,0.0,,,2025-01-20 00:43:08.010,0.412041,2025-01-20 00:42:34.000,2025-01-20 00:43:34.000,eqt_explosions_th0_1/20250120T004234Z_20250120T004334Z/RAJF_outputs/X_prediction_results.csv
KU6,HE,KU6,0,0.0,0.0,0.0,,,2025-01-20 00:43:10.170,0.4122,2025-01-20 00:42:34.000,2025-01-20 00:43:34.000,eqt_explosions_th0_1/20250120T004234Z_20250120T004334Z/KU6_outputs/X_prediction_results.csv
OLKF,FN,OLKF,0,0.0,0.0,0.0,2025-01-20 00:42:39.060,0.426207,2025-01-20 00:43:08.580,0.341141,2025-01-20 00:42:34.000,2025-01-20 00:43:34.000,eqt_explosions_th0_1/20250120T004234Z_20250120T004334Z/OLKF_outputs/X_prediction_results.csv
VRF,HE,VRF,0,0.0,0.0,0.0,,,2025-01-20 00:42:51.520,0.404167,2025-01-20 00:42:46.000,2025-01-20 00:43:46.000,eqt_explosions_th0_1/20250120T004246Z_20250120T004346Z/VRF_outputs/X_prediction_results.csv
HEF,HE,HEF,0,0.0,0.0,0.0,,,2025-01-20 00:44:00.800,0.163549,2025-01-20 00:43:55.000,2025-01-20 00:44:55.000,eqt_explosions_th0_1/20250120T004355Z_20250120T004455Z/HEF_outputs/X_prediction_results.csv
KLF,FN,KLF,0,0.0,0.0,0.0,2025-01-20 04:59:53.250,0.604218,2025-01-20 05:00:11.080,0.223046,2025-01-20 04:59:48.000,2025-01-20 05:00:48.000,eqt_explosions_th0_1/20250120T045948Z_20250120T050048Z/KLF_outputs/X_prediction_results.csv
TOF,HE,TOF,0,0.0,0.0,0.0,2025-01-20 05:00:03.800,0.245619,2025-01-20 05:00:27.130,0.1614,2025-01-20 04:59:58.000,2025-01-20 05:00:58.000,eqt_explosions_th0_1/20250120T045958Z_20250120T050058Z/TOF_outputs/X_prediction_results.csv
TOF,HE,TOF,0,0.0,0.0,0.0,2025-01-20 05:00:04.810,0.161482,,,2025-01-20 04:59:58.000,2025-01-20 05:00:58.000,eqt_explosions_th0_1/20250120T045958Z_20250120T050058Z/TOF_outputs/X_prediction_results.csv
VRF,HE,VRF,0,0.0,0.0,0.0,,,2025-01-20 07:00:09.510,0.447227,2025-01-20 06:59:42.000,2025-01-20 07:00:42.000,eqt_explosions_th0_1/20250120T065942Z_20250120T070042Z/VRF_outputs/X_prediction_results.csv
OLKF,FN,OLKF,0,0.0,0.0,0.0,2025-01-20 06:59:56.960,0.179632,2025-01-20 07:00:26.910,0.186835,2025-01-20 06:59:51.000,2025-01-20 07:00:51.000,eqt_explosions_th0_1/20250120T065951Z_20250120T070051Z/OLKF_outputs/X_prediction_results.csv
RAJF,FN,RAJF,0,0.0,0.0,0.0,2025-01-20 06:59:56.950,0.489887,,,2025-01-20 06:59:51.000,2025-01-20 07:00:51.000,eqt_explosions_th0_1/20250120T065951Z_20250120T070051Z/RAJF_outputs/X_prediction_results.csv
KU1,HE,KU1,0,0.0,0.0,0.0,2025-01-20 09:14:13.568,0.951199,2025-01-20 09:14:16.178,0.790555,2025-01-20 09:14:08.000,2025-01-20 09:15:08.000,eqt_explosions_th0_1/20250120T091408Z_20250120T091508Z/KU1_outputs/X_prediction_results.csv
KU2,HE,KU2,0,0.0,0.0,0.0,2025-01-20 09:14:17.752,0.946209,2025-01-20 09:14:23.392,0.731829,2025-01-20 09:14:12.000,2025-01-20 09:15:12.000,eqt_explosions_th0_1/20250120T091412Z_20250120T091512Z/KU2_outputs/X_prediction_results.csv
KU6,HE,KU6,0,0.0,0.0,0.0,2025-01-20 09:14:21.290,0.942164,2025-01-20 09:14:29.440,0.417546,2025-01-20 09:14:16.000,2025-01-20 09:15:16.000,eqt_explosions_th0_1/20250120T091416Z_20250120T091516Z/KU6_outputs/X_prediction_results.csv
OLKF,FN,OLKF,0,0.0,0.0,0.0,2025-01-20 09:14:25.110,0.830838,2025-01-20 09:14:36.350,0.212468,2025-01-20 09:14:20.000,2025-01-20 09:15:20.000,eqt_explosions_th0_1/20250120T091420Z_20250120T091520Z/OLKF_outputs/X_prediction_results.csv
RANF,FN,RANF,0,0.0,0.0,0.0,2025-01-20 09:14:29.510,0.854432,2025-01-20 09:14:50.560,0.1131,2025-01-20 09:14:24.000,2025-01-20 09:15:24.000,eqt_explosions_th0_1/20250120T091424Z_20250120T091524Z/RANF_outputs/X_prediction_results.csv
RMF,HE,RMF,0,0.0,0.0,0.0,2025-01-20 09:14:34.168,0.933898,2025-01-20 09:14:54.788,0.445095,2025-01-20 09:14:29.000,2025-01-20 09:15:29.000,eqt_explosions_th0_1/20250120T091429Z_20250120T091529Z/RMF_outputs/X_prediction_results.csv
OBF8,HE,OBF8,0,0.0,0.0,0.0,2025-01-20 10:10:04.834,0.906793,2025-01-20 10:10:07.914,0.80416,2025-01-20 10:09:59.000,2025-01-20 10:10:59.000,eqt_explosions_th0_1/20250120T100959Z_20250120T101059Z/OBF8_outputs/X_prediction_results.csv
OBF0,HE,OBF0,0,0.0,0.0,0.0,2025-01-20 10:10:08.488,0.946152,2025-01-20 10:10:14.188,0.624969,2025-01-20 10:10:03.000,2025-01-20 10:11:03.000,eqt_explosions_th0_1/20250120T101003Z_20250120T101103Z/OBF0_outputs/X_prediction_results.csv
OUF,HE,OUF,0,0.0,0.0,0.0,2025-01-20 10:10:09.990,0.94864,2025-01-20 10:10:16.860,0.653708,2025-01-20 10:10:04.000,2025-01-20 10:11:04.000,eqt_explosions_th0_1/20250120T101004Z_20250120T101104Z/OUF_outputs/X_prediction_results.csv
OBF3,HE,OBF3,0,0.0,0.0,0.0,2025-01-20 10:10:15.852,0.93995,2025-01-20 10:10:26.602,0.407755,2025-01-20 10:10:10.000,2025-01-20 10:11:10.000,eqt_explosions_th0_1/20250120T101010Z_20250120T101110Z/OBF3_outputs/X_prediction_results.csv
ALAJF,HE,ALAJF,0,0.0,0.0,0.0,2025-01-20 10:10:20.940,0.95428,2025-01-20 10:10:35.110,0.458276,2025-01-20 10:10:15.000,2025-01-20 10:11:15.000,eqt_explosions_th0_1/20250120T101015Z_20250120T101115Z/ALAJF_outputs/X_prediction_results.csv
VAF,HE,VAF,0,0.0,0.0,0.0,2025-01-20 10:10:24.400,0.772264,2025-01-20 10:10:40.500,0.44025,2025-01-20 10:10:19.000,2025-01-20 10:11:19.000,eqt_explosions_th0_1/20250120T101019Z_20250120T101119Z/VAF_outputs/X_prediction_results.csv
SUF,HE,SUF,0,0.0,0.0,0.0,2025-01-20 10:10:33.940,0.905358,2025-01-20 10:10:59.510,0.270725,2025-01-20 10:10:28.000,2025-01-20 10:11:28.000,eqt_explosions_th0_1/20250120T101028Z_20250120T101128Z/SUF_outputs/X_prediction_results.csv
TOF,HE,TOF,0,0.0,0.0,0.0,,,2025-01-20 10:11:02.080,0.278712,2025-01-20 10:10:55.000,2025-01-20 10:11:55.000,eqt_explosions_th0_1/20250120T101055Z_20250120T101155Z/TOF_outputs/X_prediction_results.csv
VAF,HE,VAF,0,0.0,0.0,0.0,2025-01-20 10:32:13.700,0.95181,2025-01-20 10:32:16.560,0.742626,2025-01-20 10:32:08.000,2025-01-20 10:33:08.000,eqt_explosions_th0_1/20250120T103208Z_20250120T103308Z/VAF_outputs/X_prediction_results.csv
ALAJF,HE,ALAJF,0,0.0,0.0,0.0,2025-01-20 10:32:19.334,0.95195,2025-01-20 10:32:26.524,0.196319,2025-01-20 10:32:14.000,2025-01-20 10:33:14.000,eqt_explosions_th0_1/20250120T103214Z_20250120T103314Z/ALAJF_outputs/X_prediction_results.csv
KEF,HE,KEF,0,0.0,0.0,0.0,2025-01-20 10:32:32.670,0.920581,2025-01-20 10:32:49.250,0.293347,2025-01-20 10:32:27.000,2025-01-20 10:33:27.000,eqt_explosions_th0_1/20250120T103227Z_20250120T103327Z/KEF_outputs/X_prediction_results.csv
KPF,HE,KPF,0,0.0,0.0,0.0,2025-01-20 10:32:33.884,0.931539,2025-01-20 10:32:36.544,0.435276,2025-01-20 10:32:28.000,2025-01-20 10:33:28.000,eqt_explosions_th0_1/20250120T103228Z_20250120T103328Z/KPF_outputs/X_prediction_results.csv
SUF,HE,SUF,0,0.0,0.0,0.0,2025-01-20 10:32:36.802,0.22361,2025-01-20 10:32:57.142,0.129729,2025-01-20 10:32:31.000,2025-01-20 10:33:31.000,eqt_explosions_th0_1/20250120T103231Z_20250120T103331Z/SUF_outputs/X_prediction_results.csv
SUF,HE,SUF,0,0.0,0.0,0.0,2025-01-20 10:32:37.792,0.574049,,,2025-01-20 10:32:31.000,2025-01-20 10:33:31.000,eqt_explosions_th0_1/20250120T103231Z_20250120T103331Z/SUF_outputs/X_prediction_results.csv
OUF,HE,OUF,0,0.0,0.0,0.0,2025-01-20 10:32:39.020,0.254496,2025-01-20 10:33:00.340,0.239627,2025-01-20 10:32:34.000,2025-01-20 10:33:34.000,eqt_explosions_th0_1/20250120T103234Z_20250120T103334Z/OUF_outputs/X_prediction_results.csv
OUF,HE,OUF,0,0.0,0.0,0.0,2025-01-20 10:32:40.010,0.580303,,,2025-01-20 10:32:34.000,2025-01-20 10:33:34.000,eqt_explosions_th0_1/20250120T103234Z_20250120T103334Z/OUF_outputs/X_prediction_results.csv
OBF0,HE,OBF0,0,0.0,0.0,0.0,2025-01-20 10:32:39.650,0.497489,2025-01-20 10:33:01.300,0.239616,2025-01-20 10:32:34.000,2025-01-20 10:33:34.000,eqt_explosions_th0_1/20250120T103234Z_20250120T103334Z/OBF0_outputs/X_prediction_results.csv
OBF0,HE,OBF0,0,0.0,0.0,0.0,2025-01-20 10:32:40.640,0.283024,,,2025-01-20 10:32:34.000,2025-01-20 10:33:34.000,eqt_explosions_th0_1/20250120T103234Z_20250120T103334Z/OBF0_outputs/X_prediction_results.csv
KAF,HE,KAF,0,0.0,0.0,0.0,2025-01-20 10:32:42.150,0.83225,2025-01-20 10:33:06.390,0.453234,2025-01-20 10:32:37.000,2025-01-20 10:33:37.000,eqt_explosions_th0_1/20250120T103237Z_20250120T103337Z/KAF_outputs/X_prediction_results.csv
NIF,HE,NIF,0,0.0,0.0,0.0,2025-01-20 11:37:00.180,0.951535,2025-01-20 11:37:04.630,0.288322,2025-01-20 11:36:55.000,2025-01-20 11:37:55.000,eqt_explosions_th0_1/20250120T113655Z_20250120T113755Z/NIF_outputs/X_prediction_results.csv
SUF,HE,SUF,0,0.0,0.0,0.0,2025-01-20 11:37:11.390,0.9556,2025-01-20 11:37:23.500,0.289121,2025-01-20 11:37:06.000,2025-01-20 11:38:06.000,eqt_explosions_th0_1/20250120T113706Z_20250120T113806Z/SUF_outputs/X_prediction_results.csv
KAF,HE,KAF,0,0.0,0.0,0.0,2025-01-20 11:37:18.290,0.880208,2025-01-20 11:37:36.240,0.247299,2025-01-20 11:37:13.000,2025-01-20 11:38:13.000,eqt_explosions_th0_1/20250120T113713Z_20250120T113813Z/KAF_outputs/X_prediction_results.csv
RMF,HE,RMF,0,0.0,0.0,0.0,2025-01-20 11:37:22.280,0.958799,2025-01-20 11:37:42.100,0.270743,2025-01-20 11:37:17.000,2025-01-20 11:38:17.000,eqt_explosions_th0_1/20250120T113717Z_20250120T113817Z/RMF_outputs/X_prediction_results.csv
JOF,HE,JOF,0,0.0,0.0,0.0,2025-01-20 11:37:25.480,0.95132,2025-01-20 11:37:48.540,0.343127,2025-01-20 11:37:20.000,2025-01-20 11:38:20.000,eqt_explosions_th0_1/20250120T113720Z_20250120T113820Z/JOF_outputs/X_prediction_results.csv
OUF,HE,OUF,0,0.0,0.0,0.0,2025-01-20 11:37:28.580,0.930695,2025-01-20 11:37:54.350,0.255174,2025-01-20 11:37:23.000,2025-01-20 11:38:23.000,eqt_explosions_th0_1/20250120T113723Z_20250120T113823Z/OUF_outputs/X_prediction_results.csv
OBF0,HE,OBF0,0,0.0,0.0,0.0,2025-01-20 11:37:33.380,0.474477,2025-01-20 11:38:01.680,0.223128,2025-01-20 11:37:28.000,2025-01-20 11:38:28.000,eqt_explosions_th0_1/20250120T113728Z_20250120T113828Z/OBF0_outputs/X_prediction_results.csv
OBF3,HE,OBF3,0,0.0,0.0,0.0,2025-01-20 11:37:34.480,0.788871,2025-01-20 11:38:02.880,0.16733,2025-01-20 11:37:29.000,2025-01-20 11:38:29.000,eqt_explosions_th0_1/20250120T113729Z_20250120T113829Z/OBF3_outputs/X_prediction_results.csv
OBF8,HE,OBF8,0,0.0,0.0,0.0,,,2025-01-20 11:37:37.120,0.466783,2025-01-20 11:37:30.000,2025-01-20 11:38:30.000,eqt_explosions_th0_1/20250120T113730Z_20250120T113830Z/OBF8_outputs/X_prediction_results.csv
TRE03,HE,TRE03,0,0.0,0.0,0.0,2025-01-20 11:37:36.490,0.637319,2025-01-20 11:38:05.950,0.120115,2025-01-20 11:37:31.000,2025-01-20 11:38:31.000,eqt_explosions_th0_1/20250120T113731Z_20250120T113831Z/TRE03_outputs/X_prediction_results.csv
TRE03,HE,TRE03,0,0.0,0.0,0.0,2025-01-20 11:37:37.480,0.186674,,,2025-01-20 11:37:31.000,2025-01-20 11:38:31.000,eqt_explosions_th0_1/20250120T113731Z_20250120T113831Z/TRE03_outputs/X_prediction_results.csv
VAF,HE,VAF,0,0.0,0.0,0.0,2025-01-20 11:37:37.080,0.58136,,,2025-01-20 11:37:32.000,2025-01-20 11:38:32.000,eqt_explosions_th0_1/20250120T113732Z_20250120T113832Z/VAF_outputs/X_prediction_results.csv
VAF,HE,VAF,0,0.0,0.0,0.0,,,2025-01-20 11:38:07.810,0.217953,2025-01-20 11:37:32.000,2025-01-20 11:38:32.000,eqt_explosions_th0_1/20250120T113732Z_20250120T113832Z/VAF_outputs/X_prediction_results.csv
KU1,HE,KU1,0,0.0,0.0,0.0,2025-01-20 11:37:41.380,0.171431,,,2025-01-20 11:37:35.000,2025-01-20 11:38:35.000,eqt_explosions_th0_1/20250120T113735Z_20250120T113835Z/KU1_outputs/X_prediction_results.csv
KU1,HE,KU1,0,0.0,0.0,0.0,2025-01-20 11:37:40.390,0.527276,,,2025-01-20 11:37:35.000,2025-01-20 11:38:35.000,eqt_explosions_th0_1/20250120T113735Z_20250120T113835Z/KU1_outputs/X_prediction_results.csv
KU2,HE,KU2,0,0.0,0.0,0.0,2025-01-20 11:37:40.980,0.38113,,,2025-01-20 11:37:35.000,2025-01-20 11:38:35.000,eqt_explosions_th0_1/20250120T113735Z_20250120T113835Z/KU2_outputs/X_prediction_results.csv
KU2,HE,KU2,0,0.0,0.0,0.0,,,2025-01-20 11:38:14.180,0.15293,2025-01-20 11:37:35.000,2025-01-20 11:38:35.000,eqt_explosions_th0_1/20250120T113735Z_20250120T113835Z/KU2_outputs/X_prediction_results.csv
KPF,HE,KPF,0,0.0,0.0,0.0,,,2025-01-20 11:38:24.140,0.31546,2025-01-20 11:37:42.000,2025-01-20 11:38:42.000,eqt_explosions_th0_1/20250120T113742Z_20250120T113842Z/KPF_outputs/X_prediction_results.csv
MEF,HE,MEF,0,0.0,0.0,0.0,2025-01-20 11:37:57.320,0.948465,2025-01-20 11:37:59.500,0.694246,2025-01-20 11:37:52.000,2025-01-20 11:38:52.000,eqt_explosions_th0_1/20250120T113752Z_20250120T113852Z/MEF_outputs/X_prediction_results.csv
HEL5,HE,HEL5,0,0.0,0.0,0.0,2025-01-20 11:38:00.674,0.923151,2025-01-20 11:38:05.504,0.747011,2025-01-20 11:37:55.000,2025-01-20 11:38:55.000,eqt_explosions_th0_1/20250120T113755Z_20250120T113855Z/HEL5_outputs/X_prediction_results.csv
NUR,HE,NUR,0,0.0,0.0,0.0,2025-01-20 11:38:01.860,0.949336,2025-01-20 11:38:07.570,0.407452,2025-01-20 11:37:56.000,2025-01-20 11:38:56.000,eqt_explosions_th0_1/20250120T113756Z_20250120T113856Z/NUR_outputs/X_prediction_results.csv
LAUT,HE,LAUT,0,0.0,0.0,0.0,2025-01-20 11:38:01.396,0.923267,2025-01-20 11:38:07.146,0.594298,2025-01-20 11:37:56.000,2025-01-20 11:38:56.000,eqt_explosions_th0_1/20250120T113756Z_20250120T113856Z/LAUT_outputs/X_prediction_results.csv
HEL1,HE,HEL1,0,0.0,0.0,0.0,2025-01-20 11:38:01.552,0.569599,2025-01-20 11:38:07.152,0.665416,2025-01-20 11:37:56.000,2025-01-20 11:38:56.000,eqt_explosions_th0_1/20250120T113756Z_20250120T113856Z/HEL1_outputs/X_prediction_results.csv
HEL1,HE,HEL1,0,0.0,0.0,0.0,2025-01-20 11:38:02.552,0.220803,,,2025-01-20 11:37:56.000,2025-01-20 11:38:56.000,eqt_explosions_th0_1/20250120T113756Z_20250120T113856Z/HEL1_outputs/X_prediction_results.csv
KUNI,HE,KUNI,0,0.0,0.0,0.0,2025-01-20 11:38:02.082,0.906612,2025-01-20 11:38:07.742,0.518789,2025-01-20 11:37:57.000,2025-01-20 11:38:57.000,eqt_explosions_th0_1/20250120T113757Z_20250120T113857Z/KUNI_outputs/X_prediction_results.csv
VUOS,HE,VUOS,0,0.0,0.0,0.0,2025-01-20 11:38:04.366,0.876732,2025-01-20 11:38:11.246,0.573054,2025-01-20 11:37:59.000,2025-01-20 11:38:59.000,eqt_explosions_th0_1/20250120T113759Z_20250120T113859Z/VUOS_outputs/X_prediction_results.csv
KLF,FN,KLF,0,0.0,0.0,0.0,2025-01-20 11:38:05.900,0.145637,,,2025-01-20 11:38:00.000,2025-01-20 11:39:00.000,eqt_explosions_th0_1/20250120T113800Z_20250120T113900Z/KLF_outputs/X_prediction_results.csv
RAF,HE,RAF,0,0.0,0.0,0.0,,,2025-01-20 11:38:44.920,0.393745,2025-01-20 11:38:33.000,2025-01-20 11:39:33.000,eqt_explosions_th0_1/20250120T113833Z_20250120T113933Z/RAF_outputs/X_prediction_results.csv
TOF,HE,TOF,0,0.0,0.0,0.0,2025-01-20 11:53:28.780,0.111254,,,2025-01-20 11:53:22.000,2025-01-20 11:54:22.000,eqt_explosions_th0_1/20250120T115322Z_20250120T115422Z/TOF_outputs/X_prediction_results.csv
TOF,HE,TOF,0,0.0,0.0,0.0,2025-01-20 11:53:27.810,0.1221,2025-01-20 11:53:51.540,0.156524,2025-01-20 11:53:22.000,2025-01-20 11:54:22.000,eqt_explosions_th0_1/20250120T115322Z_20250120T115422Z/TOF_outputs/X_prediction_results.csv
VRF,HE,VRF,0,0.0,0.0,0.0,2025-01-20 12:05:29.080,0.133171,2025-01-20 12:05:49.010,0.333069,2025-01-20 12:05:24.000,2025-01-20 12:06:24.000,eqt_explosions_th0_1/20250120T120524Z_20250120T120624Z/VRF_outputs/X_prediction_results.csv
RAJF,FN,RAJF,0,0.0,0.0,0.0,2025-01-20 12:05:39.010,0.706565,2025-01-20 12:06:05.930,0.143651,2025-01-20 12:05:33.000,2025-01-20 12:06:33.000,eqt_explosions_th0_1/20250120T120533Z_20250120T120633Z/RAJF_outputs/X_prediction_results.csv
OLKF,FN,OLKF,0,0.0,0.0,0.0,2025-01-20 12:05:39.600,0.856297,2025-01-20 12:06:07.570,0.464233,2025-01-20 12:05:34.000,2025-01-20 12:06:34.000,eqt_explosions_th0_1/20250120T120534Z_20250120T120634Z/OLKF_outputs/X_prediction_results.csv
KU6,HE,KU6,0,0.0,0.0,0.0,,,2025-01-20 12:06:09.530,0.360595,2025-01-20 12:05:35.000,2025-01-20 12:06:35.000,eqt_explosions_th0_1/20250120T120535Z_20250120T120635Z/KU6_outputs/X_prediction_results.csv
RAF,HE,RAF,0,0.0,0.0,0.0,2025-01-20 12:35:32.360,0.926196,2025-01-20 12:35:36.000,0.237561,2025-01-20 12:35:27.000,2025-01-20 12:36:27.000,eqt_explosions_th0_1/20250120T123527Z_20250120T123627Z/RAF_outputs/X_prediction_results.csv
KORF,HE,KORF,0,0.0,0.0,0.0,2025-01-20 12:35:40.300,0.947553,2025-01-20 12:35:49.970,0.300996,2025-01-20 12:35:35.000,2025-01-20 12:36:35.000,eqt_explosions_th0_1/20250120T123535Z_20250120T123635Z/KORF_outputs/X_prediction_results.csv
AAL,UP,AAL,0,0.0,0.0,0.0,2025-01-20 12:35:45.540,0.951703,2025-01-20 12:35:59.150,0.181972,2025-01-20 12:35:40.000,2025-01-20 12:36:40.000,eqt_explosions_th0_1/20250120T123540Z_20250120T123640Z/AAL_outputs/X_prediction_results.csv
ECKF,HE,ECKF,0,0.0,0.0,0.0,2025-01-20 12:35:47.874,0.949367,2025-01-20 12:36:03.914,0.394019,2025-01-20 12:35:42.000,2025-01-20 12:36:42.000,eqt_explosions_th0_1/20250120T123542Z_20250120T123642Z/ECKF_outputs/X_prediction_results.csv
KPF,HE,KPF,0,0.0,0.0,0.0,2025-01-20 12:35:47.292,0.94652,2025-01-20 12:36:02.412,0.23362,2025-01-20 12:35:42.000,2025-01-20 12:36:42.000,eqt_explosions_th0_1/20250120T123542Z_20250120T123642Z/KPF_outputs/X_prediction_results.csv
TVF,HE,TVF,0,0.0,0.0,0.0,2025-01-20 12:35:51.624,0.879249,2025-01-20 12:36:13.404,0.608065,2025-01-20 12:35:46.000,2025-01-20 12:36:46.000,eqt_explosions_th0_1/20250120T123546Z_20250120T123646Z/TVF_outputs/X_prediction_results.csv
KORF,HE,KORF,0,0.0,0.0,0.0,2025-01-20 13:51:59.672,0.937009,2025-01-20 13:52:07.412,0.535902,2025-01-20 13:51:54.000,2025-01-20 13:52:54.000,eqt_explosions_th0_1/20250120T135154Z_20250120T135254Z/KORF_outputs/X_prediction_results.csv
RAF,HE,RAF,0,0.0,0.0,0.0,2025-01-20 13:52:00.550,0.942392,2025-01-20 13:52:09.500,0.597464,2025-01-20 13:51:55.000,2025-01-20 13:52:55.000,eqt_explosions_th0_1/20250120T135155Z_20250120T135255Z/RAF_outputs/X_prediction_results.csv
TVF,HE,TVF,0,0.0,0.0,0.0,2025-01-20 13:52:03.434,0.189763,,,2025-01-20 13:51:57.000,2025-01-20 13:52:57.000,eqt_explosions_th0_1/20250120T135157Z_20250120T135257Z/TVF_outputs/X_prediction_results.csv
TVF,HE,TVF,0,0.0,0.0,0.0,2025-01-20 13:52:02.434,0.880254,,,2025-01-20 13:51:57.000,2025-01-20 13:52:57.000,eqt_explosions_th0_1/20250120T135157Z_20250120T135257Z/TVF_outputs/X_prediction_results.csv
ECKF,HE,ECKF,0,0.0,0.0,0.0,,,2025-01-20 13:52:34.418,0.409749,2025-01-20 13:52:11.000,2025-01-20 13:53:11.000,eqt_explosions_th0_1/20250120T135211Z_20250120T135311Z/ECKF_outputs/X_prediction_results.csv
LOVF,HE,LOVF,0,0.0,0.0,0.0,,,2025-01-20 13:52:50.120,0.400659,2025-01-20 13:52:41.000,2025-01-20 13:53:41.000,eqt_explosions_th0_1/20250120T135241Z_20250120T135341Z/LOVF_outputs/X_prediction_results.csv
ECKF,HE,ECKF,0,0.0,0.0,0.0,2025-01-20 15:16:00.790,0.905711,2025-01-20 15:16:21.890,0.388888,2025-01-20 15:15:55.000,2025-01-20 15:16:55.000,eqt_explosions_th0_1/20250120T151555Z_20250120T151655Z/ECKF_outputs/X_prediction_results.csv
AAL,UP,AAL,0,0.0,0.0,0.0,2025-01-20 15:16:04.720,0.783734,2025-01-20 15:16:29.260,0.379529,2025-01-20 15:15:59.000,2025-01-20 15:16:59.000,eqt_explosions_th0_1/20250120T151559Z_20250120T151659Z/AAL_outputs/X_prediction_results.csv
KORF,HE,KORF,0,0.0,0.0,0.0,2025-01-20 15:16:17.440,0.157432,,,2025-01-20 15:16:12.000,2025-01-20 15:17:12.000,eqt_explosions_th0_1/20250120T151612Z_20250120T151712Z/KORF_outputs/X_prediction_results.csv
VRF,HE,VRF,0,0.0,0.0,0.0,2025-01-20 20:10:57.980,0.669007,2025-01-20 20:11:18.790,0.287744,2025-01-20 20:10:52.000,2025-01-20 20:11:52.000,eqt_explosions_th0_1/20250120T201052Z_20250120T201152Z/VRF_outputs/X_prediction_results.csv
RAJF,FN,RAJF,0,0.0,0.0,0.0,,,2025-01-20 20:11:33.720,0.106754,2025-01-20 20:11:03.000,2025-01-20 20:12:03.000,eqt_explosions_th0_1/20250120T201103Z_20250120T201203Z/RAJF_outputs/X_prediction_results.csv
KU6,HE,KU6,0,0.0,0.0,0.0,,,2025-01-20 20:11:38.220,0.540331,2025-01-20 20:11:03.000,2025-01-20 20:12:03.000,eqt_explosions_th0_1/20250120T201103Z_20250120T201203Z/KU6_outputs/X_prediction_results.csv
OLKF,FN,OLKF,0,0.0,0.0,0.0,,,2025-01-20 20:11:36.610,0.544353,2025-01-20 20:11:03.000,2025-01-20 20:12:03.000,eqt_explosions_th0_1/20250120T201103Z_20250120T201203Z/OLKF_outputs/X_prediction_results.csv
KLF,FN,KLF,0,0.0,0.0,0.0,2025-01-20 23:05:50.000,0.566659,2025-01-20 23:06:09.370,0.197625,2025-01-20 23:05:45.000,2025-01-20 23:06:45.000,eqt_explosions_th0_1/20250120T230545Z_20250120T230645Z/KLF_outputs/X_prediction_results.csv
KIF,HE,KIF,0,0.0,0.0,0.0,2025-01-20 23:05:59.890,0.60389,2025-01-20 23:06:25.050,0.379758,2025-01-20 23:05:54.000,2025-01-20 23:06:54.000,eqt_explosions_th0_1/20250120T230554Z_20250120T230654Z/KIF_outputs/X_prediction_results.csv
TOF,HE,TOF,0,0.0,0.0,0.0,2025-01-20 23:06:00.090,0.170164,2025-01-20 23:06:24.330,0.409289,2025-01-20 23:05:55.000,2025-01-20 23:06:55.000,eqt_explosions_th0_1/20250120T230555Z_20250120T230655Z/TOF_outputs/X_prediction_results.csv
RAJF,FN,RAJF,0,0.0,0.0,0.0,,,2025-01-21 10:21:16.120,0.316969,2025-01-21 10:20:39.000,2025-01-21 10:21:39.000,eqt_explosions_th0_1/20250121T102039Z_20250121T102139Z/RAJF_outputs/X_prediction_results.csv
RAJF,FN,RAJF,0,0.0,0.0,0.0,2025-01-21 10:20:44.950,0.542786,,,2025-01-21 10:20:39.000,2025-01-21 10:21:39.000,eqt_explosions_th0_1/20250121T102039Z_20250121T102139Z/RAJF_outputs/X_prediction_results.csv
OLKF,FN,OLKF,0,0.0,0.0,0.0,2025-01-21 10:20:45.600,0.451117,2025-01-21 10:21:15.520,0.19714,2025-01-21 10:20:40.000,2025-01-21 10:21:40.000,eqt_explosions_th0_1/20250121T102040Z_20250121T102140Z/OLKF_outputs/X_prediction_results.csv
OLKF,FN,OLKF,0,0.0,0.0,0.0,,,2025-01-21 10:21:17.220,0.110745,2025-01-21 10:20:40.000,2025-01-21 10:21:40.000,eqt_explosions_th0_1/20250121T102040Z_20250121T102140Z/OLKF_outputs/X_prediction_results.csv
KU6,HE,KU6,0,0.0,0.0,0.0,,,2025-01-21 10:21:18.330,0.258727,2025-01-21 10:20:41.000,2025-01-21 10:21:41.000,eqt_explosions_th0_1/20250121T102041Z_20250121T102141Z/KU6_outputs/X_prediction_results.csv
KU1,HE,KU1,0,0.0,0.0,0.0,2025-01-21 10:20:52.090,0.591866,,,2025-01-21 10:20:47.000,2025-01-21 10:21:47.000,eqt_explosions_th0_1/20250121T102047Z_20250121T102147Z/KU1_outputs/X_prediction_results.csv
KU2,HE,KU2,0,0.0,0.0,0.0,2025-01-21 10:20:56.820,0.365711,,,2025-01-21 10:20:51.000,2025-01-21 10:21:51.000,eqt_explosions_th0_1/20250121T102051Z_20250121T102151Z/KU2_outputs/X_prediction_results.csv
KEV,HE,KEV,0,0.0,0.0,0.0,2025-01-21 10:20:59.290,0.85182,,,2025-01-21 10:20:54.000,2025-01-21 10:21:54.000,eqt_explosions_th0_1/20250121T102054Z_20250121T102154Z/KEV_outputs/X_prediction_results.csv
KEV,HE,KEV,0,0.0,0.0,0.0,,,2025-01-21 10:21:38.650,0.229005,2025-01-21 10:20:54.000,2025-01-21 10:21:54.000,eqt_explosions_th0_1/20250121T102054Z_20250121T102154Z/KEV_outputs/X_prediction_results.csv
RANF,FN,RANF,0,0.0,0.0,0.0,2025-01-21 10:21:03.860,0.345499,,,2025-01-21 10:20:58.000,2025-01-21 10:21:58.000,eqt_explosions_th0_1/20250121T102058Z_20250121T102158Z/RANF_outputs/X_prediction_results.csv
RANF,FN,RANF,0,0.0,0.0,0.0,,,2025-01-21 10:21:46.440,0.163672,2025-01-21 10:20:58.000,2025-01-21 10:21:58.000,eqt_explosions_th0_1/20250121T102058Z_20250121T102158Z/RANF_outputs/X_prediction_results.csv
RMF,HE,RMF,0,0.0,0.0,0.0,2025-01-21 10:21:05.880,0.870221,2025-01-21 10:21:15.350,0.270495,2025-01-21 10:21:00.000,2025-01-21 10:22:00.000,eqt_explosions_th0_1/20250121T102100Z_20250121T102200Z/RMF_outputs/X_prediction_results.csv
HEF,HE,HEF,0,0.0,0.0,0.0,2025-01-21 10:21:08.480,0.120552,,,2025-01-21 10:21:03.000,2025-01-21 10:22:03.000,eqt_explosions_th0_1/20250121T102103Z_20250121T102203Z/HEF_outputs/X_prediction_results.csv
HEF,HE,HEF,0,0.0,0.0,0.0,,,2025-01-21 10:21:54.770,0.148881,2025-01-21 10:21:03.000,2025-01-21 10:22:03.000,eqt_explosions_th0_1/20250121T102103Z_20250121T102203Z/HEF_outputs/X_prediction_results.csv
KEF,HE,KEF,0,0.0,0.0,0.0,2025-01-21 11:20:48.420,0.945773,2025-01-21 11:20:53.220,0.433076,2025-01-21 11:20:43.000,2025-01-21 11:21:43.000,eqt_explosions_th0_1/20250121T112043Z_20250121T112143Z/KEF_outputs/X_prediction_results.csv
KAF,HE,KAF,0,0.0,0.0,0.0,2025-01-21 11:20:51.810,0.952032,2025-01-21 11:20:58.990,0.22408,2025-01-21 11:20:46.000,2025-01-21 11:21:46.000,eqt_explosions_th0_1/20250121T112046Z_20250121T112146Z/KAF_outputs/X_prediction_results.csv
TRE03,HE,TRE03,0,0.0,0.0,0.0,2025-01-21 11:20:53.540,0.676724,2025-01-21 11:21:01.420,0.143623,2025-01-21 11:20:48.000,2025-01-21 11:21:48.000,eqt_explosions_th0_1/20250121T112048Z_20250121T112148Z/TRE03_outputs/X_prediction_results.csv
FIA0,HE,FIA0,0,0.0,0.0,0.0,2025-01-21 11:20:53.840,0.917531,2025-01-21 11:21:01.590,0.584283,2025-01-21 11:20:48.000,2025-01-21 11:21:48.000,eqt_explosions_th0_1/20250121T112048Z_20250121T112148Z/FIA0_outputs/X_prediction_results.csv
FIA1,HE,FIA1,0,0.0,0.0,0.0,2025-01-21 11:20:53.750,0.946324,2025-01-21 11:21:01.850,0.412471,2025-01-21 11:20:48.000,2025-01-21 11:21:48.000,eqt_explosions_th0_1/20250121T112048Z_20250121T112148Z/FIA1_outputs/X_prediction_results.csv
SUF,HE,SUF,0,0.0,0.0,0.0,2025-01-21 11:20:59.296,0.864761,2025-01-21 11:21:11.966,0.368269,2025-01-21 11:20:54.000,2025-01-21 11:21:54.000,eqt_explosions_th0_1/20250121T112054Z_20250121T112154Z/SUF_outputs/X_prediction_results.csv
ALAJF,HE,ALAJF,0,0.0,0.0,0.0,2025-01-21 11:21:07.406,0.955315,2025-01-21 11:21:25.676,0.249797,2025-01-21 11:21:02.000,2025-01-21 11:22:02.000,eqt_explosions_th0_1/20250121T112102Z_20250121T112202Z/ALAJF_outputs/X_prediction_results.csv
PVF,HE,PVF,0,0.0,0.0,0.0,2025-01-21 11:21:08.654,0.560244,,,2025-01-21 11:21:03.000,2025-01-21 11:22:03.000,eqt_explosions_th0_1/20250121T112103Z_20250121T112203Z/PVF_outputs/X_prediction_results.csv
KPF,HE,KPF,0,0.0,0.0,0.0,2025-01-21 11:21:11.168,0.108661,,,2025-01-21 11:21:06.000,2025-01-21 11:22:06.000,eqt_explosions_th0_1/20250121T112106Z_20250121T112206Z/KPF_outputs/X_prediction_results.csv
VAF,HE,VAF,0,0.0,0.0,0.0,2025-01-21 11:21:12.990,0.908602,2025-01-21 11:21:34.990,0.399664,2025-01-21 11:21:07.000,2025-01-21 11:22:07.000,eqt_explosions_th0_1/20250121T112107Z_20250121T112207Z/VAF_outputs/X_prediction_results.csv
RAF,HE,RAF,0,0.0,0.0,0.0,2025-01-21 12:14:13.130,0.928779,2025-01-21 12:14:20.400,0.69575,2025-01-21 12:14:08.000,2025-01-21 12:15:08.000,eqt_explosions_th0_1/20250121T121408Z_20250121T121508Z/RAF_outputs/X_prediction_results.csv
KORF,HE,KORF,0,0.0,0.0,0.0,2025-01-21 12:14:19.840,0.777227,2025-01-21 12:14:31.540,0.349168,2025-01-21 12:14:14.000,2025-01-21 12:15:14.000,eqt_explosions_th0_1/20250121T121414Z_20250121T121514Z/KORF_outputs/X_prediction_results.csv
TVF,HE,TVF,0,0.0,0.0,0.0,2025-01-21 12:14:22.222,0.28355,,,2025-01-21 12:14:17.000,2025-01-21 12:15:17.000,eqt_explosions_th0_1/20250121T121417Z_20250121T121517Z/TVF_outputs/X_prediction_results.csv
KPF,HE,KPF,0,0.0,0.0,0.0,2025-01-21 12:14:24.814,0.885817,2025-01-21 12:14:40.054,0.168175,2025-01-21 12:14:19.000,2025-01-21 12:15:19.000,eqt_explosions_th0_1/20250121T121419Z_20250121T121519Z/KPF_outputs/X_prediction_results.csv
TRE03,HE,TRE03,0,0.0,0.0,0.0,2025-01-21 12:14:24.978,0.467595,,,2025-01-21 12:14:19.000,2025-01-21 12:15:19.000,eqt_explosions_th0_1/20250121T121419Z_20250121T121519Z/TRE03_outputs/X_prediction_results.csv
TRE03,HE,TRE03,0,0.0,0.0,0.0,2025-01-21 12:14:25.978,0.272758,,,2025-01-21 12:14:19.000,2025-01-21 12:15:19.000,eqt_explosions_th0_1/20250121T121419Z_20250121T121519Z/TRE03_outputs/X_prediction_results.csv
AAL,UP,AAL,0,0.0,0.0,0.0,2025-01-21 12:14:31.160,0.312661,,,2025-01-21 12:14:25.000,2025-01-21 12:15:25.000,eqt_explosions_th0_1/20250121T121425Z_20250121T121525Z/AAL_outputs/X_prediction_results.csv
ECKF,HE,ECKF,0,0.0,0.0,0.0,2025-01-21 12:14:33.244,0.442147,2025-01-21 12:14:56.014,0.371839,2025-01-21 12:14:28.000,2025-01-21 12:15:28.000,eqt_explosions_th0_1/20250121T121428Z_20250121T121528Z/ECKF_outputs/X_prediction_results.csv
RMF,HE,RMF,0,0.0,0.0,0.0,2025-01-21 12:18:54.280,0.938131,2025-01-21 12:19:02.640,0.135751,2025-01-21 12:18:49.000,2025-01-21 12:19:49.000,eqt_explosions_th0_1/20250121T121849Z_20250121T121949Z/RMF_outputs/X_prediction_results.csv
KU1,HE,KU1,0,0.0,0.0,0.0,2025-01-21 12:18:59.390,0.953523,2025-01-21 12:19:12.230,0.110769,2025-01-21 12:18:54.000,2025-01-21 12:19:54.000,eqt_explosions_th0_1/20250121T121854Z_20250121T121954Z/KU1_outputs/X_prediction_results.csv
KU6,HE,KU6,0,0.0,0.0,0.0,2025-01-21 12:19:06.280,0.949834,2025-01-21 12:19:25.690,0.328574,2025-01-21 12:19:01.000,2025-01-21 12:20:01.000,eqt_explosions_th0_1/20250121T121901Z_20250121T122001Z/KU6_outputs/X_prediction_results.csv
KU2,HE,KU2,0,0.0,0.0,0.0,2025-01-21 12:19:07.780,0.946357,2025-01-21 12:19:27.350,0.344101,2025-01-21 12:19:02.000,2025-01-21 12:20:02.000,eqt_explosions_th0_1/20250121T121902Z_20250121T122002Z/KU2_outputs/X_prediction_results.csv
KJNF,HE,KJNF,0,0.0,0.0,0.0,2025-01-21 12:19:08.780,0.899452,2025-01-21 12:19:28.530,0.280866,2025-01-21 12:19:03.000,2025-01-21 12:20:03.000,eqt_explosions_th0_1/20250121T121903Z_20250121T122003Z/KJNF_outputs/X_prediction_results.csv
OLKF,FN,OLKF,0,0.0,0.0,0.0,2025-01-21 12:19:12.200,0.95497,2025-01-21 12:19:34.130,0.279486,2025-01-21 12:19:07.000,2025-01-21 12:20:07.000,eqt_explosions_th0_1/20250121T121907Z_20250121T122007Z/OLKF_outputs/X_prediction_results.csv
JOF,HE,JOF,0,0.0,0.0,0.0,2025-01-21 12:19:14.990,0.694139,2025-01-21 12:19:40.620,0.113422,2025-01-21 12:19:09.000,2025-01-21 12:20:09.000,eqt_explosions_th0_1/20250121T121909Z_20250121T122009Z/JOF_outputs/X_prediction_results.csv
NIF,HE,NIF,0,0.0,0.0,0.0,2025-01-21 12:19:16.180,0.889776,2025-01-21 12:19:40.530,0.328623,2025-01-21 12:19:11.000,2025-01-21 12:20:11.000,eqt_explosions_th0_1/20250121T121911Z_20250121T122011Z/NIF_outputs/X_prediction_results.csv
OBF3,HE,OBF3,0,0.0,0.0,0.0,,,2025-01-21 12:20:00.160,0.462555,2025-01-21 12:19:21.000,2025-01-21 12:20:21.000,eqt_explosions_th0_1/20250121T121921Z_20250121T122021Z/OBF3_outputs/X_prediction_results.csv
OBF3,HE,OBF3,0,0.0,0.0,0.0,2025-01-21 12:19:26.880,0.119456,,,2025-01-21 12:19:21.000,2025-01-21 12:20:21.000,eqt_explosions_th0_1/20250121T121921Z_20250121T122021Z/OBF3_outputs/X_prediction_results.csv
OUF,HE,OUF,0,0.0,0.0,0.0,2025-01-21 12:19:27.240,0.239225,,,2025-01-21 12:19:22.000,2025-01-21 12:20:22.000,eqt_explosions_th0_1/20250121T121922Z_20250121T122022Z/OUF_outputs/X_prediction_results.csv
OUF,HE,OUF,0,0.0,0.0,0.0,,,2025-01-21 12:20:02.400,0.224691,2025-01-21 12:19:22.000,2025-01-21 12:20:22.000,eqt_explosions_th0_1/20250121T121922Z_20250121T122022Z/OUF_outputs/X_prediction_results.csv
OBF0,HE,OBF0,0,0.0,0.0,0.0,2025-01-21 12:19:30.680,0.325039,,,2025-01-21 12:19:25.000,2025-01-21 12:20:25.000,eqt_explosions_th0_1/20250121T121925Z_20250121T122025Z/OBF0_outputs/X_prediction_results.csv
OBF0,HE,OBF0,0,0.0,0.0,0.0,,,2025-01-21 12:20:07.170,0.30251,2025-01-21 12:19:25.000,2025-01-21 12:20:25.000,eqt_explosions_th0_1/20250121T121925Z_20250121T122025Z/OBF0_outputs/X_prediction_results.csv
SUF,HE,SUF,0,0.0,0.0,0.0,2025-01-21 12:19:31.490,0.192301,,,2025-01-21 12:19:26.000,2025-01-21 12:20:26.000,eqt_explosions_th0_1/20250121T121926Z_20250121T122026Z/SUF_outputs/X_prediction_results.csv
SUF,HE,SUF,0,0.0,0.0,0.0,2025-01-21 12:19:32.510,0.112672,,,2025-01-21 12:19:26.000,2025-01-21 12:20:26.000,eqt_explosions_th0_1/20250121T121926Z_20250121T122026Z/SUF_outputs/X_prediction_results.csv
SUF,HE,SUF,0,0.0,0.0,0.0,2025-01-21 12:19:33.500,0.103119,,,2025-01-21 12:19:26.000,2025-01-21 12:20:26.000,eqt_explosions_th0_1/20250121T121926Z_20250121T122026Z/SUF_outputs/X_prediction_results.csv
VRF,HE,VRF,0,0.0,0.0,0.0,2025-01-21 12:19:32.180,0.794581,2025-01-21 12:19:39.810,0.408155,2025-01-21 12:19:27.000,2025-01-21 12:20:27.000,eqt_explosions_th0_1/20250121T121927Z_20250121T122027Z/VRF_outputs/X_prediction_results.csv
KEF,HE,KEF,0,0.0,0.0,0.0,2025-01-21 12:19:42.680,0.77385,,,2025-01-21 12:19:37.000,2025-01-21 12:20:37.000,eqt_explosions_th0_1/20250121T121937Z_20250121T122037Z/KEF_outputs/X_prediction_results.csv
HEL5,HE,HEL5,0,0.0,0.0,0.0,2025-01-21 12:48:42.264,0.331369,2025-01-21 12:48:42.564,0.103484,2025-01-21 12:48:37.000,2025-01-21 12:49:37.000,eqt_explosions_th0_1/20250121T124837Z_20250121T124937Z/HEL5_outputs/X_prediction_results.csv
MEF,HE,MEF,0,0.0,0.0,0.0,2025-01-21 12:48:42.340,0.954896,2025-01-21 12:48:43.850,0.819954,2025-01-21 12:48:37.000,2025-01-21 12:49:37.000,eqt_explosions_th0_1/20250121T124837Z_20250121T124937Z/MEF_outputs/X_prediction_results.csv
HEL1,HE,HEL1,0,0.0,0.0,0.0,2025-01-21 12:48:43.426,0.902838,2025-01-21 12:48:45.956,0.729977,2025-01-21 12:48:38.000,2025-01-21 12:49:38.000,eqt_explosions_th0_1/20250121T124838Z_20250121T124938Z/HEL1_outputs/X_prediction_results.csv
LAUT,HE,LAUT,0,0.0,0.0,0.0,2025-01-21 12:48:43.144,0.943941,2025-01-21 12:48:45.384,0.773987,2025-01-21 12:48:38.000,2025-01-21 12:49:38.000,eqt_explosions_th0_1/20250121T124838Z_20250121T124938Z/LAUT_outputs/X_prediction_results.csv
KUNI,HE,KUNI,0,0.0,0.0,0.0,2025-01-21 12:48:44.406,0.940826,2025-01-21 12:48:47.316,0.702109,2025-01-21 12:48:39.000,2025-01-21 12:49:39.000,eqt_explosions_th0_1/20250121T124839Z_20250121T124939Z/KUNI_outputs/X_prediction_results.csv
HEF,HE,HEF,0,0.0,0.0,0.0,,,2025-01-21 17:37:21.190,0.445525,2025-01-21 17:36:52.000,2025-01-21 17:37:52.000,eqt_explosions_th0_1/20250121T173652Z_20250121T173752Z/HEF_outputs/X_prediction_results.csv
TOF,HE,TOF,0,0.0,0.0,0.0,2025-01-21 17:36:59.520,0.464368,,,2025-01-21 17:36:54.000,2025-01-21 17:37:54.000,eqt_explosions_th0_1/20250121T173654Z_20250121T173754Z/TOF_outputs/X_prediction_results.csv
TOF,HE,TOF,0,0.0,0.0,0.0,2025-01-21 17:37:23.320,0.364699,,,2025-01-21 17:36:54.000,2025-01-21 17:37:54.000,eqt_explosions_th0_1/20250121T173654Z_20250121T173754Z/TOF_outputs/X_prediction_results.csv
KEV,HE,KEV,0,0.0,0.0,0.0,2025-01-21 17:38:37.500,0.10321,2025-01-21 17:38:45.980,0.637022,2025-01-21 17:38:12.000,2025-01-21 17:39:12.000,eqt_explosions_th0_1/20250121T173812Z_20250121T173912Z/KEV_outputs/X_prediction_results.csv
KEV,HE,KEV,0,0.0,0.0,0.0,2025-01-21 17:38:45.690,0.307843,,,2025-01-21 17:38:12.000,2025-01-21 17:39:12.000,eqt_explosions_th0_1/20250121T173812Z_20250121T173912Z/KEV_outputs/X_prediction_results.csv
KEV,HE,KEV,0,0.0,0.0,0.0,,,2025-01-21 17:38:17.430,0.335411,2025-01-21 17:38:12.000,2025-01-21 17:39:12.000,eqt_explosions_th0_1/20250121T173812Z_20250121T173912Z/KEV_outputs/X_prediction_results.csv
KU1,HE,KU1,0,0.0,0.0,0.0,2025-01-21 17:38:30.532,0.257953,2025-01-21 17:38:30.842,0.832674,2025-01-21 17:38:25.000,2025-01-21 17:39:25.000,eqt_explosions_th0_1/20250121T173825Z_20250121T173925Z/KU1_outputs/X_prediction_results.csv
TOF,HE,TOF,0,0.0,0.0,0.0,2025-01-21 18:53:02.450,0.333462,2025-01-21 18:53:26.770,0.388311,2025-01-21 18:52:57.000,2025-01-21 18:53:57.000,eqt_explosions_th0_1/20250121T185257Z_20250121T185357Z/TOF_outputs/X_prediction_results.csv
TOF,HE,TOF,0,0.0,0.0,0.0,2025-01-21 18:53:03.460,0.126508,,,2025-01-21 18:52:57.000,2025-01-21 18:53:57.000,eqt_explosions_th0_1/20250121T185257Z_20250121T185357Z/TOF_outputs/X_prediction_results.csv
KIF,HE,KIF,0,0.0,0.0,0.0,2025-01-21 18:53:03.930,0.340394,2025-01-21 18:53:28.840,0.401778,2025-01-21 18:52:58.000,2025-01-21 18:53:58.000,eqt_explosions_th0_1/20250121T185258Z_20250121T185358Z/KIF_outputs/X_prediction_results.csv
KEV,HE,KEV,0,0.0,0.0,0.0,2025-01-21 18:53:31.960,0.872226,2025-01-21 18:53:32.620,0.643987,2025-01-21 18:53:26.000,2025-01-21 18:54:26.000,eqt_explosions_th0_1/20250121T185326Z_20250121T185426Z/KEV_outputs/X_prediction_results.csv
KJNF,HE,KJNF,0,0.0,0.0,0.0,2025-01-21 18:54:01.750,0.638709,2025-01-21 18:54:02.260,0.134732,2025-01-21 18:53:27.000,2025-01-21 18:54:27.000,eqt_explosions_th0_1/20250121T185327Z_20250121T185427Z/KJNF_outputs/X_prediction_results.csv
KJNF,HE,KJNF,0,0.0,0.0,0.0,,,2025-01-21 18:53:32.760,0.412173,2025-01-21 18:53:27.000,2025-01-21 18:54:27.000,eqt_explosions_th0_1/20250121T185327Z_20250121T185427Z/KJNF_outputs/X_prediction_results.csv
VRF,HE,VRF,0,0.0,0.0,0.0,2025-01-21 20:10:48.630,0.106223,2025-01-21 20:11:08.280,0.375158,2025-01-21 20:10:43.000,2025-01-21 20:11:43.000,eqt_explosions_th0_1/20250121T201043Z_20250121T201143Z/VRF_outputs/X_prediction_results.csv
RAJF,FN,RAJF,0,0.0,0.0,0.0,2025-01-21 20:10:57.710,0.635391,2025-01-21 20:11:25.320,0.28166,2025-01-21 20:10:52.000,2025-01-21 20:11:52.000,eqt_explosions_th0_1/20250121T201052Z_20250121T201152Z/RAJF_outputs/X_prediction_results.csv
OLKF,FN,OLKF,0,0.0,0.0,0.0,2025-01-21 20:10:59.390,0.130972,2025-01-21 20:11:27.010,0.484995,2025-01-21 20:10:54.000,2025-01-21 20:11:54.000,eqt_explosions_th0_1/20250121T201054Z_20250121T201154Z/OLKF_outputs/X_prediction_results.csv
KEV,HE,KEV,0,0.0,0.0,0.0,2025-01-21 20:11:12.150,0.752238,,,2025-01-21 20:11:07.000,2025-01-21 20:12:07.000,eqt_explosions_th0_1/20250121T201107Z_20250121T201207Z/KEV_outputs/X_prediction_results.csv
KEV,HE,KEV,0,0.0,0.0,0.0,,,2025-01-21 20:11:50.180,0.387917,2025-01-21 20:11:07.000,2025-01-21 20:12:07.000,eqt_explosions_th0_1/20250121T201107Z_20250121T201207Z/KEV_outputs/X_prediction_results.csv
KU6,HE,KU6,0,0.0,0.0,0.0,,,2025-01-21 20:11:29.450,0.288318,2025-01-21 20:11:23.000,2025-01-21 20:12:23.000,eqt_explosions_th0_1/20250121T201123Z_20250121T201223Z/KU6_outputs/X_prediction_results.csv
KIF,HE,KIF,0,0.0,0.0,0.0,2025-01-21 22:54:39.230,0.302049,2025-01-21 22:54:58.840,0.175278,2025-01-21 22:54:34.000,2025-01-21 22:55:34.000,eqt_explosions_th0_1/20250121T225434Z_20250121T225534Z/KIF_outputs/X_prediction_results.csv
HEF,HE,HEF,0,0.0,0.0,0.0,2025-01-21 22:54:41.760,0.349721,2025-01-21 22:55:01.220,0.210617,2025-01-21 22:54:36.000,2025-01-21 22:55:36.000,eqt_explosions_th0_1/20250121T225436Z_20250121T225536Z/HEF_outputs/X_prediction_results.csv
KLF,FN,KLF,0,0.0,0.0,0.0,2025-01-21 22:54:43.550,0.552745,2025-01-21 22:55:05.570,0.554075,2025-01-21 22:54:38.000,2025-01-21 22:55:38.000,eqt_explosions_th0_1/20250121T225438Z_20250121T225538Z/KLF_outputs/X_prediction_results.csv
KEV,HE,KEV,0,0.0,0.0,0.0,,,2025-01-21 22:55:47.530,0.142891,2025-01-21 22:55:08.000,2025-01-21 22:56:08.000,eqt_explosions_th0_1/20250121T225508Z_20250121T225608Z/KEV_outputs/X_prediction_results.csv
KEV,HE,KEV,0,0.0,0.0,0.0,2025-01-21 22:55:13.090,0.887959,,,2025-01-21 22:55:08.000,2025-01-21 22:56:08.000,eqt_explosions_th0_1/20250121T225508Z_20250121T225608Z/KEV_outputs/X_prediction_results.csv
RAJF,FN,RAJF,0,0.0,0.0,0.0,,,2025-01-21 22:55:52.720,0.135756,2025-01-21 22:55:45.000,2025-01-21 22:56:45.000,eqt_explosions_th0_1/20250121T225545Z_20250121T225645Z/RAJF_outputs/X_prediction_results.csv
HEF,HE,HEF,0,0.0,0.0,0.0,2025-01-22 04:53:17.700,0.325657,2025-01-22 04:53:32.040,0.271231,2025-01-22 04:53:12.000,2025-01-22 04:54:12.000,eqt_explosions_th0_1/20250122T045312Z_20250122T045412Z/HEF_outputs/X_prediction_results.csv
KLF,FN,KLF,0,0.0,0.0,0.0,2025-01-22 04:53:20.810,0.247809,,,2025-01-22 04:53:14.000,2025-01-22 04:54:14.000,eqt_explosions_th0_1/20250122T045314Z_20250122T045414Z/KLF_outputs/X_prediction_results.csv
KLF,FN,KLF,0,0.0,0.0,0.0,2025-01-22 04:53:19.810,0.17706,2025-01-22 04:53:32.230,0.115734,2025-01-22 04:53:14.000,2025-01-22 04:54:14.000,eqt_explosions_th0_1/20250122T045314Z_20250122T045414Z/KLF_outputs/X_prediction_results.csv
RAJF,FN,RAJF,0,0.0,0.0,0.0,2025-01-22 04:53:25.360,0.290751,,,2025-01-22 04:53:20.000,2025-01-22 04:54:20.000,eqt_explosions_th0_1/20250122T045320Z_20250122T045420Z/RAJF_outputs/X_prediction_results.csv
RAJF,FN,RAJF,0,0.0,0.0,0.0,2025-01-22 04:53:26.360,0.472191,,,2025-01-22 04:53:20.000,2025-01-22 04:54:20.000,eqt_explosions_th0_1/20250122T045320Z_20250122T045420Z/RAJF_outputs/X_prediction_results.csv
KMNF,FN,KMNF,0,0.0,0.0,0.0,2025-01-22 04:53:27.650,0.122801,2025-01-22 04:53:46.940,0.345962,2025-01-22 04:53:22.000,2025-01-22 04:54:22.000,eqt_explosions_th0_1/20250122T045322Z_20250122T045422Z/KMNF_outputs/X_prediction_results.csv
KEV,HE,KEV,0,0.0,0.0,0.0,2025-01-22 04:53:36.920,0.586389,2025-01-22 04:54:02.670,0.478215,2025-01-22 04:53:31.000,2025-01-22 04:54:31.000,eqt_explosions_th0_1/20250122T045331Z_20250122T045431Z/KEV_outputs/X_prediction_results.csv
KEV,HE,KEV,0,0.0,0.0,0.0,2025-01-22 04:53:37.910,0.180811,,,2025-01-22 04:53:31.000,2025-01-22 04:54:31.000,eqt_explosions_th0_1/20250122T045331Z_20250122T045431Z/KEV_outputs/X_prediction_results.csv
VAF,HE,VAF,0,0.0,0.0,0.0,2025-01-22 08:31:39.490,0.820927,2025-01-22 08:31:46.760,0.228604,2025-01-22 08:31:34.000,2025-01-22 08:32:34.000,eqt_explosions_th0_1/20250122T083134Z_20250122T083234Z/VAF_outputs/X_prediction_results.csv
KPF,HE,KPF,0,0.0,0.0,0.0,2025-01-22 08:31:41.580,0.943807,2025-01-22 08:31:50.970,0.49335,2025-01-22 08:31:36.000,2025-01-22 08:32:36.000,eqt_explosions_th0_1/20250122T083136Z_20250122T083236Z/KPF_outputs/X_prediction_results.csv
KEF,HE,KEF,0,0.0,0.0,0.0,2025-01-22 08:31:47.970,0.948104,2025-01-22 08:32:02.810,0.326025,2025-01-22 08:31:42.000,2025-01-22 08:32:42.000,eqt_explosions_th0_1/20250122T083142Z_20250122T083242Z/KEF_outputs/X_prediction_results.csv
TRE03,HE,TRE03,0,0.0,0.0,0.0,2025-01-22 08:31:49.220,0.904802,2025-01-22 08:32:04.460,0.397094,2025-01-22 08:31:44.000,2025-01-22 08:32:44.000,eqt_explosions_th0_1/20250122T083144Z_20250122T083244Z/TRE03_outputs/X_prediction_results.csv
RAF,HE,RAF,0,0.0,0.0,0.0,2025-01-22 08:31:57.040,0.379231,2025-01-22 08:32:16.140,0.323241,2025-01-22 08:31:52.000,2025-01-22 08:32:52.000,eqt_explosions_th0_1/20250122T083152Z_20250122T083252Z/RAF_outputs/X_prediction_results.csv
SUF,HE,SUF,0,0.0,0.0,0.0,2025-01-22 08:31:57.610,0.801812,2025-01-22 08:32:19.100,0.475352,2025-01-22 08:31:52.000,2025-01-22 08:32:52.000,eqt_explosions_th0_1/20250122T083152Z_20250122T083252Z/SUF_outputs/X_prediction_results.csv
SUF,HE,SUF,0,0.0,0.0,0.0,2025-01-22 08:31:58.610,0.103823,,,2025-01-22 08:31:52.000,2025-01-22 08:32:52.000,eqt_explosions_th0_1/20250122T083152Z_20250122T083252Z/SUF_outputs/X_prediction_results.csv
KAF,HE,KAF,0,0.0,0.0,0.0,2025-01-22 08:31:59.780,0.843571,2025-01-22 08:32:22.490,0.402333,2025-01-22 08:31:54.000,2025-01-22 08:32:54.000,eqt_explosions_th0_1/20250122T083154Z_20250122T083254Z/KAF_outputs/X_prediction_results.csv
FIA0,HE,FIA0,0,0.0,0.0,0.0,2025-01-22 08:32:03.400,0.284177,,,2025-01-22 08:31:58.000,2025-01-22 08:32:58.000,eqt_explosions_th0_1/20250122T083158Z_20250122T083258Z/FIA0_outputs/X_prediction_results.csv
OUF,HE,OUF,0,0.0,0.0,0.0,,,2025-01-22 08:32:33.830,0.634487,2025-01-22 08:32:28.000,2025-01-22 08:33:28.000,eqt_explosions_th0_1/20250122T083228Z_20250122T083328Z/OUF_outputs/X_prediction_results.csv
OBF0,HE,OBF0,0,0.0,0.0,0.0,,,2025-01-22 08:32:34.740,0.491772,2025-01-22 08:32:29.000,2025-01-22 08:33:29.000,eqt_explosions_th0_1/20250122T083229Z_20250122T083329Z/OBF0_outputs/X_prediction_results.csv
KORF,HE,KORF,0,0.0,0.0,0.0,,,2025-01-22 08:32:44.020,0.112248,2025-01-22 08:32:38.000,2025-01-22 08:33:38.000,eqt_explosions_th0_1/20250122T083238Z_20250122T083338Z/KORF_outputs/X_prediction_results.csv
VJF,HE,VJF,0,0.0,0.0,0.0,2025-01-22 09:02:44.320,0.953463,2025-01-22 09:02:48.410,0.701303,2025-01-22 09:02:39.000,2025-01-22 09:03:39.000,eqt_explosions_th0_1/20250122T090239Z_20250122T090339Z/VJF_outputs/X_prediction_results.csv
KY17,HE,KY17,0,0.0,0.0,0.0,2025-01-22 09:02:48.024,0.949045,2025-01-22 09:02:55.674,0.422306,2025-01-22 09:02:43.000,2025-01-22 09:03:43.000,eqt_explosions_th0_1/20250122T090243Z_20250122T090343Z/KY17_outputs/X_prediction_results.csv
KY02,HE,KY02,0,0.0,0.0,0.0,2025-01-22 09:02:50.292,0.955197,2025-01-22 09:02:59.302,0.410659,2025-01-22 09:02:45.000,2025-01-22 09:03:45.000,eqt_explosions_th0_1/20250122T090245Z_20250122T090345Z/KY02_outputs/X_prediction_results.csv
RUF,HE,RUF,0,0.0,0.0,0.0,2025-01-22 09:02:53.310,0.365859,2025-01-22 09:03:05.000,0.108808,2025-01-22 09:02:48.000,2025-01-22 09:03:48.000,eqt_explosions_th0_1/20250122T090248Z_20250122T090348Z/RUF_outputs/X_prediction_results.csv
RUF,HE,RUF,0,0.0,0.0,0.0,2025-01-22 09:02:54.310,0.32134,,,2025-01-22 09:02:48.000,2025-01-22 09:03:48.000,eqt_explosions_th0_1/20250122T090248Z_20250122T090348Z/RUF_outputs/X_prediction_results.csv
LOVF,HE,LOVF,0,0.0,0.0,0.0,2025-01-22 09:02:55.056,0.953257,2025-01-22 09:03:07.426,0.5964,2025-01-22 09:02:50.000,2025-01-22 09:03:50.000,eqt_explosions_th0_1/20250122T090250Z_20250122T090350Z/LOVF_outputs/X_prediction_results.csv
PVF,HE,PVF,0,0.0,0.0,0.0,2025-01-22 09:02:57.600,0.909098,2025-01-22 09:03:12.790,0.485107,2025-01-22 09:02:52.000,2025-01-22 09:03:52.000,eqt_explosions_th0_1/20250122T090252Z_20250122T090352Z/PVF_outputs/X_prediction_results.csv
FIA1,HE,FIA1,0,0.0,0.0,0.0,2025-01-22 09:03:02.160,0.182402,,,2025-01-22 09:02:55.000,2025-01-22 09:03:55.000,eqt_explosions_th0_1/20250122T090255Z_20250122T090355Z/FIA1_outputs/X_prediction_results.csv
FIA1,HE,FIA1,0,0.0,0.0,0.0,2025-01-22 09:03:01.160,0.222106,,,2025-01-22 09:02:55.000,2025-01-22 09:03:55.000,eqt_explosions_th0_1/20250122T090255Z_20250122T090355Z/FIA1_outputs/X_prediction_results.csv
FIA1,HE,FIA1,0,0.0,0.0,0.0,2025-01-22 09:03:00.170,0.103515,,,2025-01-22 09:02:55.000,2025-01-22 09:03:55.000,eqt_explosions_th0_1/20250122T090255Z_20250122T090355Z/FIA1_outputs/X_prediction_results.csv
RAF,HE,RAF,0,0.0,0.0,0.0,2025-01-22 11:11:40.960,0.948043,2025-01-22 11:11:45.950,0.631569,2025-01-22 11:11:35.000,2025-01-22 11:12:35.000,eqt_explosions_th0_1/20250122T111135Z_20250122T111235Z/RAF_outputs/X_prediction_results.csv
KPF,HE,KPF,0,0.0,0.0,0.0,2025-01-22 11:11:42.490,0.941816,2025-01-22 11:11:48.540,0.616033,2025-01-22 11:11:37.000,2025-01-22 11:12:37.000,eqt_explosions_th0_1/20250122T111137Z_20250122T111237Z/KPF_outputs/X_prediction_results.csv
TRE03,HE,TRE03,0,0.0,0.0,0.0,2025-01-22 11:11:54.980,0.947421,2025-01-22 11:12:10.220,0.331067,2025-01-22 11:11:49.000,2025-01-22 11:12:49.000,eqt_explosions_th0_1/20250122T111149Z_20250122T111249Z/TRE03_outputs/X_prediction_results.csv
KORF,HE,KORF,0,0.0,0.0,0.0,2025-01-22 11:11:57.590,0.304891,2025-01-22 11:12:14.710,0.427104,2025-01-22 11:11:52.000,2025-01-22 11:12:52.000,eqt_explosions_th0_1/20250122T111152Z_20250122T111252Z/KORF_outputs/X_prediction_results.csv
AAL,UP,AAL,0,0.0,0.0,0.0,,,2025-01-22 11:12:25.230,0.412768,2025-01-22 11:11:57.000,2025-01-22 11:12:57.000,eqt_explosions_th0_1/20250122T111157Z_20250122T111257Z/AAL_outputs/X_prediction_results.csv
ECKF,HE,ECKF,0,0.0,0.0,0.0,2025-01-22 11:12:03.590,0.225227,2025-01-22 11:12:24.780,0.560693,2025-01-22 11:11:58.000,2025-01-22 11:12:58.000,eqt_explosions_th0_1/20250122T111158Z_20250122T111258Z/ECKF_outputs/X_prediction_results.csv
KEF,HE,KEF,0,0.0,0.0,0.0,2025-01-22 11:12:03.360,0.858915,2025-01-22 11:12:24.480,0.494942,2025-01-22 11:11:58.000,2025-01-22 11:12:58.000,eqt_explosions_th0_1/20250122T111158Z_20250122T111258Z/KEF_outputs/X_prediction_results.csv
VAF,HE,VAF,0,0.0,0.0,0.0,2025-01-22 11:12:05.140,0.407294,2025-01-22 11:12:27.660,0.13058,2025-01-22 11:12:00.000,2025-01-22 11:13:00.000,eqt_explosions_th0_1/20250122T111200Z_20250122T111300Z/VAF_outputs/X_prediction_results.csv
TVF,HE,TVF,0,0.0,0.0,0.0,2025-01-22 11:12:06.190,0.400397,2025-01-22 11:12:30.340,0.100973,2025-01-22 11:12:01.000,2025-01-22 11:13:01.000,eqt_explosions_th0_1/20250122T111201Z_20250122T111301Z/TVF_outputs/X_prediction_results.csv
FIA0,HE,FIA0,0,0.0,0.0,0.0,2025-01-22 11:12:10.100,0.670801,2025-01-22 11:12:36.550,0.435675,2025-01-22 11:12:05.000,2025-01-22 11:13:05.000,eqt_explosions_th0_1/20250122T111205Z_20250122T111305Z/FIA0_outputs/X_prediction_results.csv
PVF,HE,PVF,0,0.0,0.0,0.0,2025-01-22 11:12:11.800,0.685164,2025-01-22 11:12:38.880,0.274385,2025-01-22 11:12:06.000,2025-01-22 11:13:06.000,eqt_explosions_th0_1/20250122T111206Z_20250122T111306Z/PVF_outputs/X_prediction_results.csv
KAF,HE,KAF,0,0.0,0.0,0.0,2025-01-22 11:12:13.680,0.56388,,,2025-01-22 11:12:08.000,2025-01-22 11:13:08.000,eqt_explosions_th0_1/20250122T111208Z_20250122T111308Z/KAF_outputs/X_prediction_results.csv
RUF,HE,RUF,0,0.0,0.0,0.0,2025-01-22 11:54:13.486,0.950823,2025-01-22 11:54:20.666,0.54311,2025-01-22 11:54:08.000,2025-01-22 11:55:08.000,eqt_explosions_th0_1/20250122T115408Z_20250122T115508Z/RUF_outputs/X_prediction_results.csv
KY02,HE,KY02,0,0.0,0.0,0.0,2025-01-22 11:54:15.868,0.948948,2025-01-22 11:54:25.618,0.358821,2025-01-22 11:54:10.000,2025-01-22 11:55:10.000,eqt_explosions_th0_1/20250122T115410Z_20250122T115510Z/KY02_outputs/X_prediction_results.csv
FIA0,HE,FIA0,0,0.0,0.0,0.0,2025-01-22 11:54:23.310,0.953488,2025-01-22 11:54:38.160,0.398628,2025-01-22 11:54:18.000,2025-01-22 11:55:18.000,eqt_explosions_th0_1/20250122T115418Z_20250122T115518Z/FIA0_outputs/X_prediction_results.csv
FIA1,HE,FIA1,0,0.0,0.0,0.0,2025-01-22 11:54:23.300,0.9565,2025-01-22 11:54:38.560,0.332812,2025-01-22 11:54:18.000,2025-01-22 11:55:18.000,eqt_explosions_th0_1/20250122T115418Z_20250122T115518Z/FIA1_outputs/X_prediction_results.csv
KAF,HE,KAF,0,0.0,0.0,0.0,2025-01-22 11:54:29.170,0.949678,2025-01-22 11:54:47.810,0.320141,2025-01-22 11:54:24.000,2025-01-22 11:55:24.000,eqt_explosions_th0_1/20250122T115424Z_20250122T115524Z/KAF_outputs/X_prediction_results.csv
KEF,HE,KEF,0,0.0,0.0,0.0,2025-01-22 11:54:38.770,0.331896,,,2025-01-22 11:54:32.000,2025-01-22 11:55:32.000,eqt_explosions_th0_1/20250122T115432Z_20250122T115532Z/KEF_outputs/X_prediction_results.csv
TRE03,HE,TRE03,0,0.0,0.0,0.0,2025-01-22 11:54:38.946,0.912016,2025-01-22 11:55:06.986,0.282519,2025-01-22 11:54:33.000,2025-01-22 11:55:33.000,eqt_explosions_th0_1/20250122T115433Z_20250122T115533Z/TRE03_outputs/X_prediction_results.csv
LOVF,HE,LOVF,0,0.0,0.0,0.0,2025-01-22 11:54:58.584,0.939512,2025-01-22 11:55:17.264,0.432081,2025-01-22 11:54:53.000,2025-01-22 11:55:53.000,eqt_explosions_th0_1/20250122T115453Z_20250122T115553Z/LOVF_outputs/X_prediction_results.csv
LOVF,HE,LOVF,0,0.0,0.0,0.0,2025-01-22 11:55:17.344,0.439168,2025-01-22 11:55:21.554,0.112288,2025-01-22 11:54:53.000,2025-01-22 11:55:53.000,eqt_explosions_th0_1/20250122T115453Z_20250122T115553Z/LOVF_outputs/X_prediction_results.csv
KY17,HE,KY17,0,0.0,0.0,0.0,2025-01-22 11:55:03.326,0.79782,2025-01-22 11:55:28.166,0.385988,2025-01-22 11:54:58.000,2025-01-22 11:55:58.000,eqt_explosions_th0_1/20250122T115458Z_20250122T115558Z/KY17_outputs/X_prediction_results.csv
NUR,HE,NUR,0,0.0,0.0,0.0,2025-01-22 11:55:09.274,0.200266,,,2025-01-22 11:55:04.000,2025-01-22 11:56:04.000,eqt_explosions_th0_1/20250122T115504Z_20250122T115604Z/NUR_outputs/X_prediction_results.csv
RUF,HE,RUF,0,0.0,0.0,0.0,2025-01-22 11:55:11.098,0.43436,,,2025-01-22 11:55:06.000,2025-01-22 11:56:06.000,eqt_explosions_th0_1/20250122T115506Z_20250122T115606Z/RUF_outputs/X_prediction_results.csv
RUF,HE,RUF,0,0.0,0.0,0.0,,,2025-01-22 11:55:43.118,0.111793,2025-01-22 11:55:06.000,2025-01-22 11:56:06.000,eqt_explosions_th0_1/20250122T115506Z_20250122T115606Z/RUF_outputs/X_prediction_results.csv
TVF,HE,TVF,0,0.0,0.0,0.0,,,2025-01-22 11:55:46.226,0.253652,2025-01-22 11:55:09.000,2025-01-22 11:56:09.000,eqt_explosions_th0_1/20250122T115509Z_20250122T115609Z/TVF_outputs/X_prediction_results.csv
TVF,HE,TVF,0,0.0,0.0,0.0,2025-01-22 11:55:14.476,0.286726,,,2025-01-22 11:55:09.000,2025-01-22 11:56:09.000,eqt_explosions_th0_1/20250122T115509Z_20250122T115609Z/TVF_outputs/X_prediction_results.csv
VUOS,HE,VUOS,0,0.0,0.0,0.0,,,2025-01-22 11:55:24.438,0.125856,2025-01-22 11:55:18.000,2025-01-22 11:56:18.000,eqt_explosions_th0_1/20250122T115518Z_20250122T115618Z/VUOS_outputs/X_prediction_results.csv
TOF,HE,TOF,0,0.0,0.0,0.0,2025-01-22 12:03:40.640,0.951733,2025-01-22 12:03:50.500,0.167858,2025-01-22 12:03:35.000,2025-01-22 12:04:35.000,eqt_explosions_th0_1/20250122T120335Z_20250122T120435Z/TOF_outputs/X_prediction_results.csv
TOF,HE,TOF,0,0.0,0.0,0.0,,,2025-01-22 12:03:54.210,0.126626,2025-01-22 12:03:35.000,2025-01-22 12:04:35.000,eqt_explosions_th0_1/20250122T120335Z_20250122T120435Z/TOF_outputs/X_prediction_results.csv
OBF3,HE,OBF3,0,0.0,0.0,0.0,2025-01-22 12:03:48.230,0.908353,2025-01-22 12:04:06.800,0.396471,2025-01-22 12:03:43.000,2025-01-22 12:04:43.000,eqt_explosions_th0_1/20250122T120343Z_20250122T120443Z/OBF3_outputs/X_prediction_results.csv
OBF8,HE,OBF8,0,0.0,0.0,0.0,2025-01-22 12:03:49.690,0.955799,2025-01-22 12:04:09.770,0.196783,2025-01-22 12:03:44.000,2025-01-22 12:04:44.000,eqt_explosions_th0_1/20250122T120344Z_20250122T120444Z/OBF8_outputs/X_prediction_results.csv
OBF0,HE,OBF0,0,0.0,0.0,0.0,2025-01-22 12:03:50.030,0.862068,2025-01-22 12:04:11.900,0.240198,2025-01-22 12:03:45.000,2025-01-22 12:04:45.000,eqt_explosions_th0_1/20250122T120345Z_20250122T120445Z/OBF0_outputs/X_prediction_results.csv
KLF,FN,KLF,0,0.0,0.0,0.0,2025-01-22 12:03:53.350,0.928661,2025-01-22 12:04:18.620,0.56175,2025-01-22 12:03:48.000,2025-01-22 12:04:48.000,eqt_explosions_th0_1/20250122T120348Z_20250122T120448Z/KLF_outputs/X_prediction_results.csv
OUF,HE,OUF,0,0.0,0.0,0.0,2025-01-22 12:03:54.140,0.489456,2025-01-22 12:04:18.780,0.188477,2025-01-22 12:03:49.000,2025-01-22 12:04:49.000,eqt_explosions_th0_1/20250122T120349Z_20250122T120449Z/OUF_outputs/X_prediction_results.csv
RANF,FN,RANF,0,0.0,0.0,0.0,2025-01-22 12:03:57.300,0.951428,2025-01-22 12:04:23.570,0.224977,2025-01-22 12:03:52.000,2025-01-22 12:04:52.000,eqt_explosions_th0_1/20250122T120352Z_20250122T120452Z/RANF_outputs/X_prediction_results.csv
HEF,HE,HEF,0,0.0,0.0,0.0,2025-01-22 12:04:08.840,0.221034,,,2025-01-22 12:04:03.000,2025-01-22 12:05:03.000,eqt_explosions_th0_1/20250122T120403Z_20250122T120503Z/HEF_outputs/X_prediction_results.csv
KORF,HE,KORF,0,0.0,0.0,0.0,2025-01-22 12:04:13.912,0.899576,2025-01-22 12:04:20.522,0.381442,2025-01-22 12:04:08.000,2025-01-22 12:05:08.000,eqt_explosions_th0_1/20250122T120408Z_20250122T120508Z/KORF_outputs/X_prediction_results.csv
TVF,HE,TVF,0,0.0,0.0,0.0,2025-01-22 12:04:18.490,0.147278,2025-01-22 12:04:26.050,0.225309,2025-01-22 12:04:13.000,2025-01-22 12:05:13.000,eqt_explosions_th0_1/20250122T120413Z_20250122T120513Z/TVF_outputs/X_prediction_results.csv
RAJF,FN,RAJF,0,0.0,0.0,0.0,2025-01-22 12:04:20.860,0.732108,2025-01-22 12:04:29.080,0.161042,2025-01-22 12:04:15.000,2025-01-22 12:05:15.000,eqt_explosions_th0_1/20250122T120415Z_20250122T120515Z/RAJF_outputs/X_prediction_results.csv
RAF,HE,RAF,0,0.0,0.0,0.0,2025-01-22 12:04:20.040,0.931802,2025-01-22 12:04:30.040,0.432022,2025-01-22 12:04:15.000,2025-01-22 12:05:15.000,eqt_explosions_th0_1/20250122T120415Z_20250122T120515Z/RAF_outputs/X_prediction_results.csv
ECKF,HE,ECKF,0,0.0,0.0,0.0,,,2025-01-22 12:04:53.222,0.22902,2025-01-22 12:04:26.000,2025-01-22 12:05:26.000,eqt_explosions_th0_1/20250122T120426Z_20250122T120526Z/ECKF_outputs/X_prediction_results.csv
KPF,HE,KPF,0,0.0,0.0,0.0,2025-01-22 12:04:33.412,0.931728,2025-01-22 12:04:54.462,0.448788,2025-01-22 12:04:28.000,2025-01-22 12:05:28.000,eqt_explosions_th0_1/20250122T120428Z_20250122T120528Z/KPF_outputs/X_prediction_results.csv
KIF,HE,KIF,0,0.0,0.0,0.0,2025-01-22 12:04:56.850,0.830556,2025-01-22 12:04:56.950,0.876588,2025-01-22 12:04:51.000,2025-01-22 12:05:51.000,eqt_explosions_th0_1/20250122T120451Z_20250122T120551Z/KIF_outputs/X_prediction_results.csv
ECKF,HE,ECKF,0,0.0,0.0,0.0,2025-01-22 12:08:38.190,0.942847,2025-01-22 12:08:50.540,0.394833,2025-01-22 12:08:33.000,2025-01-22 12:09:33.000,eqt_explosions_th0_1/20250122T120833Z_20250122T120933Z/ECKF_outputs/X_prediction_results.csv
AAL,UP,AAL,0,0.0,0.0,0.0,2025-01-22 12:08:41.650,0.954279,2025-01-22 12:08:57.280,0.389328,2025-01-22 12:08:36.000,2025-01-22 12:09:36.000,eqt_explosions_th0_1/20250122T120836Z_20250122T120936Z/AAL_outputs/X_prediction_results.csv
KORF,HE,KORF,0,0.0,0.0,0.0,2025-01-22 12:08:54.430,0.928275,2025-01-22 12:09:21.040,0.567425,2025-01-22 12:08:49.000,2025-01-22 12:09:49.000,eqt_explosions_th0_1/20250122T120849Z_20250122T120949Z/KORF_outputs/X_prediction_results.csv
RAF,HE,RAF,0,0.0,0.0,0.0,2025-01-22 12:09:00.120,0.333552,,,2025-01-22 12:08:55.000,2025-01-22 12:09:55.000,eqt_explosions_th0_1/20250122T120855Z_20250122T120955Z/RAF_outputs/X_prediction_results.csv
RAF,HE,RAF,0,0.0,0.0,0.0,2025-01-22 12:09:01.110,0.489486,2025-01-22 12:09:30.530,0.164875,2025-01-22 12:08:55.000,2025-01-22 12:09:55.000,eqt_explosions_th0_1/20250122T120855Z_20250122T120955Z/RAF_outputs/X_prediction_results.csv
MEF,HE,MEF,0,0.0,0.0,0.0,2025-01-22 12:27:47.790,0.940262,2025-01-22 12:27:48.970,0.729231,2025-01-22 12:27:42.000,2025-01-22 12:28:42.000,eqt_explosions_th0_1/20250122T122742Z_20250122T122842Z/MEF_outputs/X_prediction_results.csv
HEL5,HE,HEL5,0,0.0,0.0,0.0,2025-01-22 12:27:48.972,0.950116,2025-01-22 12:27:51.432,0.345656,2025-01-22 12:27:43.000,2025-01-22 12:28:43.000,eqt_explosions_th0_1/20250122T122743Z_20250122T122843Z/HEL5_outputs/X_prediction_results.csv
HEL1,HE,HEL1,0,0.0,0.0,0.0,2025-01-22 12:27:49.318,0.553384,2025-01-22 12:27:51.838,0.395648,2025-01-22 12:27:44.000,2025-01-22 12:28:44.000,eqt_explosions_th0_1/20250122T122744Z_20250122T122844Z/HEL1_outputs/X_prediction_results.csv
LAUT,HE,LAUT,0,0.0,0.0,0.0,2025-01-22 12:27:49.356,0.947991,2025-01-22 12:27:52.036,0.217803,2025-01-22 12:27:44.000,2025-01-22 12:28:44.000,eqt_explosions_th0_1/20250122T122744Z_20250122T122844Z/LAUT_outputs/X_prediction_results.csv
KUNI,HE,KUNI,0,0.0,0.0,0.0,2025-01-22 12:27:49.452,0.926546,2025-01-22 12:27:52.052,0.573651,2025-01-22 12:27:44.000,2025-01-22 12:28:44.000,eqt_explosions_th0_1/20250122T122744Z_20250122T122844Z/KUNI_outputs/X_prediction_results.csv
RSUO,HE,RSUO,0,0.0,0.0,0.0,2025-01-22 12:27:49.448,0.11415,2025-01-22 12:27:51.908,0.62221,2025-01-22 12:27:44.000,2025-01-22 12:28:44.000,eqt_explosions_th0_1/20250122T122744Z_20250122T122844Z/RSUO_outputs/X_prediction_results.csv
NUR,HE,NUR,0,0.0,0.0,0.0,2025-01-22 12:27:51.272,0.927341,2025-01-22 12:27:55.102,0.317437,2025-01-22 12:27:46.000,2025-01-22 12:28:46.000,eqt_explosions_th0_1/20250122T122746Z_20250122T122846Z/NUR_outputs/X_prediction_results.csv
VUOS,HE,VUOS,0,0.0,0.0,0.0,2025-01-22 12:27:51.598,0.111786,2025-01-22 12:27:55.658,0.596941,2025-01-22 12:27:46.000,2025-01-22 12:28:46.000,eqt_explosions_th0_1/20250122T122746Z_20250122T122846Z/VUOS_outputs/X_prediction_results.csv
PVF,HE,PVF,0,0.0,0.0,0.0,2025-01-22 12:27:59.274,0.604492,2025-01-22 12:28:09.364,0.397108,2025-01-22 12:27:54.000,2025-01-22 12:28:54.000,eqt_explosions_th0_1/20250122T122754Z_20250122T122854Z/PVF_outputs/X_prediction_results.csv
PVF,HE,PVF,0,0.0,0.0,0.0,2025-01-22 12:28:00.264,0.39695,,,2025-01-22 12:27:54.000,2025-01-22 12:28:54.000,eqt_explosions_th0_1/20250122T122754Z_20250122T122854Z/PVF_outputs/X_prediction_results.csv
LOVF,HE,LOVF,0,0.0,0.0,0.0,2025-01-22 12:28:02.312,0.284021,,,2025-01-22 12:27:57.000,2025-01-22 12:28:57.000,eqt_explosions_th0_1/20250122T122757Z_20250122T122857Z/LOVF_outputs/X_prediction_results.csv
KY17,HE,KY17,0,0.0,0.0,0.0,2025-01-22 12:28:12.974,0.348963,2025-01-22 12:28:31.174,0.135483,2025-01-22 12:28:06.000,2025-01-22 12:29:06.000,eqt_explosions_th0_1/20250122T122806Z_20250122T122906Z/KY17_outputs/X_prediction_results.csv
KY17,HE,KY17,0,0.0,0.0,0.0,2025-01-22 12:28:13.974,0.263362,,,2025-01-22 12:28:06.000,2025-01-22 12:29:06.000,eqt_explosions_th0_1/20250122T122806Z_20250122T122906Z/KY17_outputs/X_prediction_results.csv
KORF,HE,KORF,0,0.0,0.0,0.0,2025-01-22 12:28:13.816,0.238397,2025-01-22 12:28:34.486,0.149308,2025-01-22 12:28:08.000,2025-01-22 12:29:08.000,eqt_explosions_th0_1/20250122T122808Z_20250122T122908Z/KORF_outputs/X_prediction_results.csv
KORF,HE,KORF,0,0.0,0.0,0.0,2025-01-22 12:28:14.826,0.528376,,,2025-01-22 12:28:08.000,2025-01-22 12:29:08.000,eqt_explosions_th0_1/20250122T122808Z_20250122T122908Z/KORF_outputs/X_prediction_results.csv
KEF,HE,KEF,0,0.0,0.0,0.0,,,2025-01-22 12:28:48.690,0.729756,2025-01-22 12:28:41.000,2025-01-22 12:29:41.000,eqt_explosions_th0_1/20250122T122841Z_20250122T122941Z/KEF_outputs/X_prediction_results.csv
KAF,HE,KAF,0,0.0,0.0,0.0,,,2025-01-22 12:28:50.890,0.277615,2025-01-22 12:28:45.000,2025-01-22 12:29:45.000,eqt_explosions_th0_1/20250122T122845Z_20250122T122945Z/KAF_outputs/X_prediction_results.csv
VUOS,HE,VUOS,0,0.0,0.0,0.0,2025-01-22 13:10:43.990,0.953621,2025-01-22 13:10:46.890,0.742408,2025-01-22 13:10:38.000,2025-01-22 13:11:38.000,eqt_explosions_th0_1/20250122T131038Z_20250122T131138Z/VUOS_outputs/X_prediction_results.csv
KUNI,HE,KUNI,0,0.0,0.0,0.0,2025-01-22 13:10:44.690,0.950835,2025-01-22 13:10:48.170,0.774585,2025-01-22 13:10:39.000,2025-01-22 13:11:39.000,eqt_explosions_th0_1/20250122T131039Z_20250122T131139Z/KUNI_outputs/X_prediction_results.csv
PVF,HE,PVF,0,0.0,0.0,0.0,2025-01-22 13:10:45.780,0.950252,2025-01-22 13:10:50.030,0.729142,2025-01-22 13:10:40.000,2025-01-22 13:11:40.000,eqt_explosions_th0_1/20250122T131040Z_20250122T131140Z/PVF_outputs/X_prediction_results.csv
LAUT,HE,LAUT,0,0.0,0.0,0.0,2025-01-22 13:10:46.420,0.893086,2025-01-22 13:10:50.800,0.564132,2025-01-22 13:10:41.000,2025-01-22 13:11:41.000,eqt_explosions_th0_1/20250122T131041Z_20250122T131141Z/LAUT_outputs/X_prediction_results.csv
HEL1,HE,HEL1,0,0.0,0.0,0.0,2025-01-22 13:10:46.000,0.729064,2025-01-22 13:10:50.120,0.697958,2025-01-22 13:10:41.000,2025-01-22 13:11:41.000,eqt_explosions_th0_1/20250122T131041Z_20250122T131141Z/HEL1_outputs/X_prediction_results.csv
NUR,HE,NUR,0,0.0,0.0,0.0,2025-01-22 13:10:47.160,0.9447,2025-01-22 13:10:52.470,0.720484,2025-01-22 13:10:42.000,2025-01-22 13:11:42.000,eqt_explosions_th0_1/20250122T131042Z_20250122T131142Z/NUR_outputs/X_prediction_results.csv
HEL5,HE,HEL5,0,0.0,0.0,0.0,2025-01-22 13:10:47.680,0.94255,2025-01-22 13:10:53.390,0.592182,2025-01-22 13:10:42.000,2025-01-22 13:11:42.000,eqt_explosions_th0_1/20250122T131042Z_20250122T131142Z/HEL5_outputs/X_prediction_results.csv
MEF,HE,MEF,0,0.0,0.0,0.0,2025-01-22 13:10:49.580,0.945547,2025-01-22 13:10:56.550,0.694896,2025-01-22 13:10:44.000,2025-01-22 13:11:44.000,eqt_explosions_th0_1/20250122T131044Z_20250122T131144Z/MEF_outputs/X_prediction_results.csv
KY17,HE,KY17,0,0.0,0.0,0.0,,,2025-01-22 13:11:12.082,0.272381,2025-01-22 13:10:52.000,2025-01-22 13:11:52.000,eqt_explosions_th0_1/20250122T131052Z_20250122T131152Z/KY17_outputs/X_prediction_results.csv
FIA0,HE,FIA0,0,0.0,0.0,0.0,2025-01-22 13:11:01.110,0.959763,2025-01-22 13:11:15.990,0.170861,2025-01-22 13:10:56.000,2025-01-22 13:11:56.000,eqt_explosions_th0_1/20250122T131056Z_20250122T131156Z/FIA0_outputs/X_prediction_results.csv
FIA0,HE,FIA0,0,0.0,0.0,0.0,,,2025-01-22 13:11:22.470,0.382148,2025-01-22 13:10:56.000,2025-01-22 13:11:56.000,eqt_explosions_th0_1/20250122T131056Z_20250122T131156Z/FIA0_outputs/X_prediction_results.csv
TVF,HE,TVF,0,0.0,0.0,0.0,,,2025-01-22 13:11:17.280,0.139037,2025-01-22 13:10:57.000,2025-01-22 13:11:57.000,eqt_explosions_th0_1/20250122T131057Z_20250122T131157Z/TVF_outputs/X_prediction_results.csv
TRE03,HE,TRE03,0,0.0,0.0,0.0,2025-01-22 13:11:05.780,0.656852,2025-01-22 13:11:23.700,0.381307,2025-01-22 13:11:00.000,2025-01-22 13:12:00.000,eqt_explosions_th0_1/20250122T131100Z_20250122T131200Z/TRE03_outputs/X_prediction_results.csv
KEF,HE,KEF,0,0.0,0.0,0.0,2025-01-22 13:11:13.480,0.927984,2025-01-22 13:11:37.110,0.239949,2025-01-22 13:11:08.000,2025-01-22 13:12:08.000,eqt_explosions_th0_1/20250122T131108Z_20250122T131208Z/KEF_outputs/X_prediction_results.csv
RAF,HE,RAF,0,0.0,0.0,0.0,2025-01-22 13:11:14.580,0.46147,2025-01-22 13:11:39.640,0.409025,2025-01-22 13:11:09.000,2025-01-22 13:12:09.000,eqt_explosions_th0_1/20250122T131109Z_20250122T131209Z/RAF_outputs/X_prediction_results.csv
KORF,HE,KORF,0,0.0,0.0,0.0,2025-01-22 13:11:15.480,0.92866,2025-01-22 13:11:40.650,0.391036,2025-01-22 13:11:10.000,2025-01-22 13:12:10.000,eqt_explosions_th0_1/20250122T131110Z_20250122T131210Z/KORF_outputs/X_prediction_results.csv
VJF,HE,VJF,0,0.0,0.0,0.0,,,2025-01-22 13:11:19.830,0.4114,2025-01-22 13:11:14.000,2025-01-22 13:12:14.000,eqt_explosions_th0_1/20250122T131114Z_20250122T131214Z/VJF_outputs/X_prediction_results.csv
KPF,HE,KPF,0,0.0,0.0,0.0,2025-01-22 13:11:19.480,0.717398,2025-01-22 13:11:47.630,0.259317,2025-01-22 13:11:14.000,2025-01-22 13:12:14.000,eqt_explosions_th0_1/20250122T131114Z_20250122T131214Z/KPF_outputs/X_prediction_results.csv
KJNF,HE,KJNF,0,0.0,0.0,0.0,2025-01-22 14:24:26.040,0.952354,2025-01-22 14:24:27.860,0.68324,2025-01-22 14:24:21.000,2025-01-22 14:25:21.000,eqt_explosions_th0_1/20250122T142421Z_20250122T142521Z/KJNF_outputs/X_prediction_results.csv
NIF,HE,NIF,0,0.0,0.0,0.0,2025-01-22 14:24:38.290,0.929353,2025-01-22 14:24:48.750,0.286922,2025-01-22 14:24:33.000,2025-01-22 14:25:33.000,eqt_explosions_th0_1/20250122T142433Z_20250122T142533Z/NIF_outputs/X_prediction_results.csv
RMF,HE,RMF,0,0.0,0.0,0.0,2025-01-22 14:24:41.590,0.943849,2025-01-22 14:24:53.840,0.275911,2025-01-22 14:24:36.000,2025-01-22 14:25:36.000,eqt_explosions_th0_1/20250122T142436Z_20250122T142536Z/RMF_outputs/X_prediction_results.csv
OUF,HE,OUF,0,0.0,0.0,0.0,2025-01-22 14:24:48.720,0.900675,2025-01-22 14:25:06.410,0.118365,2025-01-22 14:24:43.000,2025-01-22 14:25:43.000,eqt_explosions_th0_1/20250122T142443Z_20250122T142543Z/OUF_outputs/X_prediction_results.csv
OBF3,HE,OBF3,0,0.0,0.0,0.0,2025-01-22 14:24:51.080,0.941243,2025-01-22 14:25:11.440,0.302715,2025-01-22 14:24:46.000,2025-01-22 14:25:46.000,eqt_explosions_th0_1/20250122T142446Z_20250122T142546Z/OBF3_outputs/X_prediction_results.csv
OBF0,HE,OBF0,0,0.0,0.0,0.0,2025-01-22 14:24:53.242,0.116463,2025-01-22 14:25:13.592,0.255907,2025-01-22 14:24:48.000,2025-01-22 14:25:48.000,eqt_explosions_th0_1/20250122T142448Z_20250122T142548Z/OBF0_outputs/X_prediction_results.csv
SUF,HE,SUF,0,0.0,0.0,0.0,2025-01-22 14:24:53.970,0.932143,2025-01-22 14:25:15.410,0.587016,2025-01-22 14:24:48.000,2025-01-22 14:25:48.000,eqt_explosions_th0_1/20250122T142448Z_20250122T142548Z/SUF_outputs/X_prediction_results.csv
JOF,HE,JOF,0,0.0,0.0,0.0,2025-01-22 14:25:00.320,0.64575,2025-01-22 14:25:26.130,0.281388,2025-01-22 14:24:55.000,2025-01-22 14:25:55.000,eqt_explosions_th0_1/20250122T142455Z_20250122T142555Z/JOF_outputs/X_prediction_results.csv
KEF,HE,KEF,0,0.0,0.0,0.0,2025-01-22 14:25:06.560,0.600416,,,2025-01-22 14:25:01.000,2025-01-22 14:26:01.000,eqt_explosions_th0_1/20250122T142501Z_20250122T142601Z/KEF_outputs/X_prediction_results.csv
KEF,HE,KEF,0,0.0,0.0,0.0,,,2025-01-22 14:25:37.240,0.605482,2025-01-22 14:25:01.000,2025-01-22 14:26:01.000,eqt_explosions_th0_1/20250122T142501Z_20250122T142601Z/KEF_outputs/X_prediction_results.csv
KAF,HE,KAF,0,0.0,0.0,0.0,,,2025-01-22 14:25:31.090,0.389128,2025-01-22 14:25:26.000,2025-01-22 14:26:26.000,eqt_explosions_th0_1/20250122T142526Z_20250122T142626Z/KAF_outputs/X_prediction_results.csv
VAF,HE,VAF,0,0.0,0.0,0.0,,,2025-01-22 14:25:41.680,0.377723,2025-01-22 14:25:36.000,2025-01-22 14:26:36.000,eqt_explosions_th0_1/20250122T142536Z_20250122T142636Z/VAF_outputs/X_prediction_results.csv
TRE03,HE,TRE03,0,0.0,0.0,0.0,2025-01-22 14:25:48.590,0.185441,2025-01-22 14:26:04.680,0.187821,2025-01-22 14:25:43.000,2025-01-22 14:26:43.000,eqt_explosions_th0_1/20250122T142543Z_20250122T142643Z/TRE03_outputs/X_prediction_results.csv
TRE03,HE,TRE03,0,0.0,0.0,0.0,2025-01-22 14:25:54.590,0.178189,,,2025-01-22 14:25:43.000,2025-01-22 14:26:43.000,eqt_explosions_th0_1/20250122T142543Z_20250122T142643Z/TRE03_outputs/X_prediction_results.csv
TRE03,HE,TRE03,0,0.0,0.0,0.0,2025-01-22 14:25:56.580,0.5909,,,2025-01-22 14:25:43.000,2025-01-22 14:26:43.000,eqt_explosions_th0_1/20250122T142543Z_20250122T142643Z/TRE03_outputs/X_prediction_results.csv
VJF,HE,VJF,0,0.0,0.0,0.0,2025-01-22 14:28:20.650,0.953417,2025-01-22 14:28:24.690,0.756493,2025-01-22 14:28:15.000,2025-01-22 14:29:15.000,eqt_explosions_th0_1/20250122T142815Z_20250122T142915Z/VJF_outputs/X_prediction_results.csv
KY17,HE,KY17,0,0.0,0.0,0.0,2025-01-22 14:28:21.556,0.948717,2025-01-22 14:28:26.156,0.501582,2025-01-22 14:28:16.000,2025-01-22 14:29:16.000,eqt_explosions_th0_1/20250122T142816Z_20250122T142916Z/KY17_outputs/X_prediction_results.csv
LOVF,HE,LOVF,0,0.0,0.0,0.0,2025-01-22 14:28:22.754,0.949324,2025-01-22 14:28:28.074,0.409693,2025-01-22 14:28:17.000,2025-01-22 14:29:17.000,eqt_explosions_th0_1/20250122T142817Z_20250122T142917Z/LOVF_outputs/X_prediction_results.csv
KY02,HE,KY02,0,0.0,0.0,0.0,2025-01-22 14:28:22.314,0.953235,2025-01-22 14:28:27.714,0.605829,2025-01-22 14:28:17.000,2025-01-22 14:29:17.000,eqt_explosions_th0_1/20250122T142817Z_20250122T142917Z/KY02_outputs/X_prediction_results.csv
PVF,HE,PVF,0,0.0,0.0,0.0,2025-01-22 14:28:25.984,0.895687,2025-01-22 14:28:33.744,0.344336,2025-01-22 14:28:20.000,2025-01-22 14:29:20.000,eqt_explosions_th0_1/20250122T142820Z_20250122T142920Z/PVF_outputs/X_prediction_results.csv
FIA0,HE,FIA0,0,0.0,0.0,0.0,2025-01-22 14:28:32.700,0.937011,2025-01-22 14:28:45.990,0.578364,2025-01-22 14:28:27.000,2025-01-22 14:29:27.000,eqt_explosions_th0_1/20250122T142827Z_20250122T142927Z/FIA0_outputs/X_prediction_results.csv
FIA1,HE,FIA1,0,0.0,0.0,0.0,2025-01-22 14:28:32.700,0.943462,2025-01-22 14:28:45.840,0.421063,2025-01-22 14:28:27.000,2025-01-22 14:29:27.000,eqt_explosions_th0_1/20250122T142827Z_20250122T142927Z/FIA1_outputs/X_prediction_results.csv
VUOS,HE,VUOS,0,0.0,0.0,0.0,2025-01-22 14:28:33.690,0.233223,,,2025-01-22 14:28:28.000,2025-01-22 14:29:28.000,eqt_explosions_th0_1/20250122T142828Z_20250122T142928Z/VUOS_outputs/X_prediction_results.csv
NUR,HE,NUR,0,0.0,0.0,0.0,2025-01-22 14:28:36.474,0.953345,2025-01-22 14:28:52.634,0.418283,2025-01-22 14:28:31.000,2025-01-22 14:29:31.000,eqt_explosions_th0_1/20250122T142831Z_20250122T142931Z/NUR_outputs/X_prediction_results.csv
RUF,HE,RUF,0,0.0,0.0,0.0,2025-01-22 14:28:37.634,0.945697,2025-01-22 14:28:57.644,0.565618,2025-01-22 14:28:32.000,2025-01-22 14:29:32.000,eqt_explosions_th0_1/20250122T142832Z_20250122T142932Z/RUF_outputs/X_prediction_results.csv
KAF,HE,KAF,0,0.0,0.0,0.0,2025-01-22 14:28:43.300,0.882185,2025-01-22 14:29:04.320,0.320418,2025-01-22 14:28:38.000,2025-01-22 14:29:38.000,eqt_explosions_th0_1/20250122T142838Z_20250122T142938Z/KAF_outputs/X_prediction_results.csv
TRE03,HE,TRE03,0,0.0,0.0,0.0,2025-01-22 14:28:45.740,0.303952,2025-01-22 14:29:09.290,0.170636,2025-01-22 14:28:40.000,2025-01-22 14:29:40.000,eqt_explosions_th0_1/20250122T142840Z_20250122T142940Z/TRE03_outputs/X_prediction_results.csv
TRE03,HE,TRE03,0,0.0,0.0,0.0,2025-01-22 14:28:46.740,0.418276,,,2025-01-22 14:28:40.000,2025-01-22 14:29:40.000,eqt_explosions_th0_1/20250122T142840Z_20250122T142940Z/TRE03_outputs/X_prediction_results.csv
KEF,HE,KEF,0,0.0,0.0,0.0,2025-01-22 14:28:48.760,0.697941,2025-01-22 14:29:14.460,0.40756,2025-01-22 14:28:43.000,2025-01-22 14:29:43.000,eqt_explosions_th0_1/20250122T142843Z_20250122T142943Z/KEF_outputs/X_prediction_results.csv
KEF,HE,KEF,0,0.0,0.0,0.0,2025-01-22 14:28:49.770,0.391541,,,2025-01-22 14:28:43.000,2025-01-22 14:29:43.000,eqt_explosions_th0_1/20250122T142843Z_20250122T142943Z/KEF_outputs/X_prediction_results.csv
SUF,HE,SUF,0,0.0,0.0,0.0,2025-01-22 14:28:53.948,0.127288,,,2025-01-22 14:28:47.000,2025-01-22 14:29:47.000,eqt_explosions_th0_1/20250122T142847Z_20250122T142947Z/SUF_outputs/X_prediction_results.csv
RAF,HE,RAF,0,0.0,0.0,0.0,2025-01-23 02:39:41.320,0.949973,2025-01-23 02:39:47.280,0.805394,2025-01-23 02:39:36.000,2025-01-23 02:40:36.000,eqt_explosions_th0_1/20250123T023936Z_20250123T024036Z/RAF_outputs/X_prediction_results.csv
KPF,HE,KPF,0,0.0,0.0,0.0,2025-01-23 02:39:47.550,0.942809,2025-01-23 02:39:58.360,0.409439,2025-01-23 02:39:42.000,2025-01-23 02:40:42.000,eqt_explosions_th0_1/20250123T023942Z_20250123T024042Z/KPF_outputs/X_prediction_results.csv
OBF8,HE,OBF8,0,0.0,0.0,0.0,2025-01-23 07:49:19.880,0.950349,2025-01-23 07:49:31.840,0.428062,2025-01-23 07:49:14.000,2025-01-23 07:50:14.000,eqt_explosions_th0_1/20250123T074914Z_20250123T075014Z/OBF8_outputs/X_prediction_results.csv
VAF,HE,VAF,0,0.0,0.0,0.0,2025-01-23 07:49:21.880,0.950144,2025-01-23 07:49:33.870,0.245875,2025-01-23 07:49:16.000,2025-01-23 07:50:16.000,eqt_explosions_th0_1/20250123T074916Z_20250123T075016Z/VAF_outputs/X_prediction_results.csv
OUF,HE,OUF,0,0.0,0.0,0.0,2025-01-23 07:49:22.190,0.949513,,,2025-01-23 07:49:17.000,2025-01-23 07:50:17.000,eqt_explosions_th0_1/20250123T074917Z_20250123T075017Z/OUF_outputs/X_prediction_results.csv
OBF0,HE,OBF0,0,0.0,0.0,0.0,2025-01-23 07:49:23.180,0.938199,2025-01-23 07:49:36.390,0.269766,2025-01-23 07:49:18.000,2025-01-23 07:50:18.000,eqt_explosions_th0_1/20250123T074918Z_20250123T075018Z/OBF0_outputs/X_prediction_results.csv
OBF3,HE,OBF3,0,0.0,0.0,0.0,2025-01-23 07:49:29.890,0.9472,2025-01-23 07:49:47.350,0.533841,2025-01-23 07:49:24.000,2025-01-23 07:50:24.000,eqt_explosions_th0_1/20250123T074924Z_20250123T075024Z/OBF3_outputs/X_prediction_results.csv
SUF,HE,SUF,0,0.0,0.0,0.0,2025-01-23 07:49:33.180,0.952799,2025-01-23 07:49:53.100,0.247223,2025-01-23 07:49:28.000,2025-01-23 07:50:28.000,eqt_explosions_th0_1/20250123T074928Z_20250123T075028Z/SUF_outputs/X_prediction_results.csv
KEF,HE,KEF,0,0.0,0.0,0.0,2025-01-23 07:49:35.680,0.829729,2025-01-23 07:49:57.060,0.40802,2025-01-23 07:49:30.000,2025-01-23 07:50:30.000,eqt_explosions_th0_1/20250123T074930Z_20250123T075030Z/KEF_outputs/X_prediction_results.csv
NIF,HE,NIF,0,0.0,0.0,0.0,2025-01-23 07:49:40.000,0.672489,2025-01-23 07:50:03.780,0.221685,2025-01-23 07:49:35.000,2025-01-23 07:50:35.000,eqt_explosions_th0_1/20250123T074935Z_20250123T075035Z/NIF_outputs/X_prediction_results.csv
KAF,HE,KAF,0,0.0,0.0,0.0,2025-01-23 07:49:41.730,0.623854,2025-01-23 07:50:08.130,0.234386,2025-01-23 07:49:36.000,2025-01-23 07:50:36.000,eqt_explosions_th0_1/20250123T074936Z_20250123T075036Z/KAF_outputs/X_prediction_results.csv
KPF,HE,KPF,0,0.0,0.0,0.0,2025-01-23 07:49:43.090,0.929428,2025-01-23 07:50:09.410,0.239642,2025-01-23 07:49:38.000,2025-01-23 07:50:38.000,eqt_explosions_th0_1/20250123T074938Z_20250123T075038Z/KPF_outputs/X_prediction_results.csv
TRE03,HE,TRE03,0,0.0,0.0,0.0,,,2025-01-23 07:50:11.700,0.233081,2025-01-23 07:49:40.000,2025-01-23 07:50:40.000,eqt_explosions_th0_1/20250123T074940Z_20250123T075040Z/TRE03_outputs/X_prediction_results.csv
FIA0,HE,FIA0,0,0.0,0.0,0.0,2025-01-23 07:49:50.310,0.300627,,,2025-01-23 07:49:45.000,2025-01-23 07:50:45.000,eqt_explosions_th0_1/20250123T074945Z_20250123T075045Z/FIA0_outputs/X_prediction_results.csv
KU2,HE,KU2,0,0.0,0.0,0.0,2025-01-23 07:49:53.990,0.41708,,,2025-01-23 07:49:48.000,2025-01-23 07:50:48.000,eqt_explosions_th0_1/20250123T074948Z_20250123T075048Z/KU2_outputs/X_prediction_results.csv
RUF,HE,RUF,0,0.0,0.0,0.0,2025-01-23 11:02:33.216,0.941557,2025-01-23 11:02:35.706,0.62879,2025-01-23 11:02:28.000,2025-01-23 11:03:28.000,eqt_explosions_th0_1/20250123T110228Z_20250123T110328Z/RUF_outputs/X_prediction_results.csv
KY17,HE,KY17,0,0.0,0.0,0.0,2025-01-23 11:02:47.490,0.907951,2025-01-23 11:03:00.890,0.552706,2025-01-23 11:02:42.000,2025-01-23 11:03:42.000,eqt_explosions_th0_1/20250123T110242Z_20250123T110342Z/KY17_outputs/X_prediction_results.csv
KY02,HE,KY02,0,0.0,0.0,0.0,2025-01-23 11:02:49.322,0.678304,2025-01-23 11:03:04.412,0.407751,2025-01-23 11:02:44.000,2025-01-23 11:03:44.000,eqt_explosions_th0_1/20250123T110244Z_20250123T110344Z/KY02_outputs/X_prediction_results.csv
KY02,HE,KY02,0,0.0,0.0,0.0,2025-01-23 11:02:50.332,0.115498,,,2025-01-23 11:02:44.000,2025-01-23 11:03:44.000,eqt_explosions_th0_1/20250123T110244Z_20250123T110344Z/KY02_outputs/X_prediction_results.csv
FIA1,HE,FIA1,0,0.0,0.0,0.0,2025-01-23 11:02:54.890,0.735425,,,2025-01-23 11:02:49.000,2025-01-23 11:03:49.000,eqt_explosions_th0_1/20250123T110249Z_20250123T110349Z/FIA1_outputs/X_prediction_results.csv
FIA0,HE,FIA0,0,0.0,0.0,0.0,2025-01-23 11:02:55.890,0.208304,,,2025-01-23 11:02:49.000,2025-01-23 11:03:49.000,eqt_explosions_th0_1/20250123T110249Z_20250123T110349Z/FIA0_outputs/X_prediction_results.csv
FIA0,HE,FIA0,0,0.0,0.0,0.0,2025-01-23 11:02:54.880,0.753311,,,2025-01-23 11:02:49.000,2025-01-23 11:03:49.000,eqt_explosions_th0_1/20250123T110249Z_20250123T110349Z/FIA0_outputs/X_prediction_results.csv
LOVF,HE,LOVF,0,0.0,0.0,0.0,2025-01-23 11:02:56.964,0.689203,2025-01-23 11:03:20.354,0.192772,2025-01-23 11:02:51.000,2025-01-23 11:03:51.000,eqt_explosions_th0_1/20250123T110251Z_20250123T110351Z/LOVF_outputs/X_prediction_results.csv
LOVF,HE,LOVF,0,0.0,0.0,0.0,2025-01-23 11:02:57.974,0.296478,,,2025-01-23 11:02:51.000,2025-01-23 11:03:51.000,eqt_explosions_th0_1/20250123T110251Z_20250123T110351Z/LOVF_outputs/X_prediction_results.csv
KAF,HE,KAF,0,0.0,0.0,0.0,2025-01-23 11:02:57.440,0.793335,2025-01-23 11:03:21.790,0.239764,2025-01-23 11:02:52.000,2025-01-23 11:03:52.000,eqt_explosions_th0_1/20250123T110252Z_20250123T110352Z/KAF_outputs/X_prediction_results.csv
KAF,HE,KAF,0,0.0,0.0,0.0,2025-01-23 11:02:58.430,0.112605,,,2025-01-23 11:02:52.000,2025-01-23 11:03:52.000,eqt_explosions_th0_1/20250123T110252Z_20250123T110352Z/KAF_outputs/X_prediction_results.csv
PVF,HE,PVF,0,0.0,0.0,0.0,2025-01-23 11:02:59.294,0.528247,,,2025-01-23 11:02:54.000,2025-01-23 11:03:54.000,eqt_explosions_th0_1/20250123T110254Z_20250123T110354Z/PVF_outputs/X_prediction_results.csv
PVF,HE,PVF,0,0.0,0.0,0.0,2025-01-23 11:03:00.284,0.189846,,,2025-01-23 11:02:54.000,2025-01-23 11:03:54.000,eqt_explosions_th0_1/20250123T110254Z_20250123T110354Z/PVF_outputs/X_prediction_results.csv
OBF3,HE,OBF3,0,0.0,0.0,0.0,2025-01-23 11:11:15.524,0.931518,2025-01-23 11:11:22.324,0.649932,2025-01-23 11:11:10.000,2025-01-23 11:12:10.000,eqt_explosions_th0_1/20250123T111110Z_20250123T111210Z/OBF3_outputs/X_prediction_results.csv
OUF,HE,OUF,0,0.0,0.0,0.0,2025-01-23 11:11:21.710,0.947874,2025-01-23 11:11:33.420,0.583733,2025-01-23 11:11:16.000,2025-01-23 11:12:16.000,eqt_explosions_th0_1/20250123T111116Z_20250123T111216Z/OUF_outputs/X_prediction_results.csv
OBF0,HE,OBF0,0,0.0,0.0,0.0,2025-01-23 11:11:22.394,0.908224,2025-01-23 11:11:34.144,0.177543,2025-01-23 11:11:17.000,2025-01-23 11:12:17.000,eqt_explosions_th0_1/20250123T111117Z_20250123T111217Z/OBF0_outputs/X_prediction_results.csv
RANF,FN,RANF,0,0.0,0.0,0.0,2025-01-23 11:11:25.560,0.916313,2025-01-23 11:11:40.310,0.257012,2025-01-23 11:11:20.000,2025-01-23 11:12:20.000,eqt_explosions_th0_1/20250123T111120Z_20250123T111220Z/RANF_outputs/X_prediction_results.csv
TOF,HE,TOF,0,0.0,0.0,0.0,2025-01-23 11:11:26.770,0.948469,2025-01-23 11:11:41.400,0.414473,2025-01-23 11:11:21.000,2025-01-23 11:12:21.000,eqt_explosions_th0_1/20250123T111121Z_20250123T111221Z/TOF_outputs/X_prediction_results.csv
KU2,HE,KU2,0,0.0,0.0,0.0,2025-01-23 11:11:28.898,0.937428,2025-01-23 11:11:46.218,0.30661,2025-01-23 11:11:23.000,2025-01-23 11:12:23.000,eqt_explosions_th0_1/20250123T111123Z_20250123T111223Z/KU2_outputs/X_prediction_results.csv
KU1,HE,KU1,0,0.0,0.0,0.0,2025-01-23 11:11:37.014,0.341972,,,2025-01-23 11:11:32.000,2025-01-23 11:12:32.000,eqt_explosions_th0_1/20250123T111132Z_20250123T111232Z/KU1_outputs/X_prediction_results.csv
KU1,HE,KU1,0,0.0,0.0,0.0,2025-01-23 11:11:38.014,0.372044,,,2025-01-23 11:11:32.000,2025-01-23 11:12:32.000,eqt_explosions_th0_1/20250123T111132Z_20250123T111232Z/KU1_outputs/X_prediction_results.csv
KU1,HE,KU1,0,0.0,0.0,0.0,2025-01-23 11:11:39.014,0.11463,,,2025-01-23 11:11:32.000,2025-01-23 11:12:32.000,eqt_explosions_th0_1/20250123T111132Z_20250123T111232Z/KU1_outputs/X_prediction_results.csv
KU6,HE,KU6,0,0.0,0.0,0.0,2025-01-23 11:11:41.670,0.344285,2025-01-23 11:12:08.330,0.111626,2025-01-23 11:11:36.000,2025-01-23 11:12:36.000,eqt_explosions_th0_1/20250123T111136Z_20250123T111236Z/KU6_outputs/X_prediction_results.csv
KU6,HE,KU6,0,0.0,0.0,0.0,2025-01-23 11:11:42.660,0.46064,,,2025-01-23 11:11:36.000,2025-01-23 11:12:36.000,eqt_explosions_th0_1/20250123T111136Z_20250123T111236Z/KU6_outputs/X_prediction_results.csv
OLKF,FN,OLKF,0,0.0,0.0,0.0,2025-01-23 11:11:42.250,0.50811,2025-01-23 11:12:08.060,0.317787,2025-01-23 11:11:37.000,2025-01-23 11:12:37.000,eqt_explosions_th0_1/20250123T111137Z_20250123T111237Z/OLKF_outputs/X_prediction_results.csv
OLKF,FN,OLKF,0,0.0,0.0,0.0,2025-01-23 11:11:43.260,0.296056,,,2025-01-23 11:11:37.000,2025-01-23 11:12:37.000,eqt_explosions_th0_1/20250123T111137Z_20250123T111237Z/OLKF_outputs/X_prediction_results.csv
KLF,FN,KLF,0,0.0,0.0,0.0,2025-01-23 11:11:45.150,0.931815,2025-01-23 11:12:13.440,0.189194,2025-01-23 11:11:40.000,2025-01-23 11:12:40.000,eqt_explosions_th0_1/20250123T111140Z_20250123T111240Z/KLF_outputs/X_prediction_results.csv
NUR,HE,NUR,0,0.0,0.0,0.0,2025-01-23 11:15:23.490,0.936454,2025-01-23 11:15:25.590,0.720097,2025-01-23 11:15:18.000,2025-01-23 11:16:18.000,eqt_explosions_th0_1/20250123T111518Z_20250123T111618Z/NUR_outputs/X_prediction_results.csv
KUNI,HE,KUNI,0,0.0,0.0,0.0,2025-01-23 11:15:24.140,0.939886,2025-01-23 11:15:26.360,0.771702,2025-01-23 11:15:19.000,2025-01-23 11:16:19.000,eqt_explosions_th0_1/20250123T111519Z_20250123T111619Z/KUNI_outputs/X_prediction_results.csv
HEL5,HE,HEL5,0,0.0,0.0,0.0,2025-01-23 11:15:26.980,0.946443,2025-01-23 11:15:31.570,0.666528,2025-01-23 11:15:21.000,2025-01-23 11:16:21.000,eqt_explosions_th0_1/20250123T111521Z_20250123T111621Z/HEL5_outputs/X_prediction_results.csv
LAUT,HE,LAUT,0,0.0,0.0,0.0,2025-01-23 11:15:26.310,0.934096,2025-01-23 11:15:30.070,0.594479,2025-01-23 11:15:21.000,2025-01-23 11:16:21.000,eqt_explosions_th0_1/20250123T111521Z_20250123T111621Z/LAUT_outputs/X_prediction_results.csv
VUOS,HE,VUOS,0,0.0,0.0,0.0,2025-01-23 11:15:26.380,0.912455,2025-01-23 11:15:30.220,0.637365,2025-01-23 11:15:21.000,2025-01-23 11:16:21.000,eqt_explosions_th0_1/20250123T111521Z_20250123T111621Z/VUOS_outputs/X_prediction_results.csv
PVF,HE,PVF,0,0.0,0.0,0.0,2025-01-23 11:15:30.780,0.915291,2025-01-23 11:15:37.990,0.591916,2025-01-23 11:15:25.000,2025-01-23 11:16:25.000,eqt_explosions_th0_1/20250123T111525Z_20250123T111625Z/PVF_outputs/X_prediction_results.csv
FIA0,HE,FIA0,0,0.0,0.0,0.0,2025-01-23 11:15:43.100,0.910855,2025-01-23 11:16:05.120,0.293333,2025-01-23 11:15:38.000,2025-01-23 11:16:38.000,eqt_explosions_th0_1/20250123T111538Z_20250123T111638Z/FIA0_outputs/X_prediction_results.csv
KY17,HE,KY17,0,0.0,0.0,0.0,2025-01-23 11:15:43.440,0.828511,2025-01-23 11:15:59.770,0.54663,2025-01-23 11:15:38.000,2025-01-23 11:16:38.000,eqt_explosions_th0_1/20250123T111538Z_20250123T111638Z/KY17_outputs/X_prediction_results.csv
TRE03,HE,TRE03,0,0.0,0.0,0.0,2025-01-23 11:15:44.510,0.895568,,,2025-01-23 11:15:39.000,2025-01-23 11:16:39.000,eqt_explosions_th0_1/20250123T111539Z_20250123T111639Z/TRE03_outputs/X_prediction_results.csv
RAF,HE,RAF,0,0.0,0.0,0.0,2025-01-23 11:15:51.080,0.929957,2025-01-23 11:16:12.820,0.408353,2025-01-23 11:15:46.000,2025-01-23 11:16:46.000,eqt_explosions_th0_1/20250123T111546Z_20250123T111646Z/RAF_outputs/X_prediction_results.csv
KEF,HE,KEF,0,0.0,0.0,0.0,2025-01-23 11:15:53.880,0.752059,,,2025-01-23 11:15:48.000,2025-01-23 11:16:48.000,eqt_explosions_th0_1/20250123T111548Z_20250123T111648Z/KEF_outputs/X_prediction_results.csv
KPF,HE,KPF,0,0.0,0.0,0.0,2025-01-23 11:15:57.072,0.415186,2025-01-23 11:16:23.002,0.208185,2025-01-23 11:15:52.000,2025-01-23 11:16:52.000,eqt_explosions_th0_1/20250123T111552Z_20250123T111652Z/KPF_outputs/X_prediction_results.csv
AAL,UP,AAL,0,0.0,0.0,0.0,2025-01-23 11:16:38.600,0.419376,,,2025-01-23 11:16:33.000,2025-01-23 11:17:33.000,eqt_explosions_th0_1/20250123T111633Z_20250123T111733Z/AAL_outputs/X_prediction_results.csv
NIF,HE,NIF,0,0.0,0.0,0.0,2025-01-23 11:33:19.190,0.945362,2025-01-23 11:33:24.490,0.22483,2025-01-23 11:33:14.000,2025-01-23 11:34:14.000,eqt_explosions_th0_1/20250123T113314Z_20250123T113414Z/NIF_outputs/X_prediction_results.csv
SUF,HE,SUF,0,0.0,0.0,0.0,2025-01-23 11:33:29.880,0.950879,2025-01-23 11:33:42.180,0.274743,2025-01-23 11:33:24.000,2025-01-23 11:34:24.000,eqt_explosions_th0_1/20250123T113324Z_20250123T113424Z/SUF_outputs/X_prediction_results.csv
KJNF,HE,KJNF,0,0.0,0.0,0.0,2025-01-23 11:33:35.290,0.307789,2025-01-23 11:33:50.570,0.207094,2025-01-23 11:33:30.000,2025-01-23 11:34:30.000,eqt_explosions_th0_1/20250123T113330Z_20250123T113430Z/KJNF_outputs/X_prediction_results.csv
KAF,HE,KAF,0,0.0,0.0,0.0,2025-01-23 11:33:36.780,0.944818,2025-01-23 11:33:54.180,0.211441,2025-01-23 11:33:31.000,2025-01-23 11:34:31.000,eqt_explosions_th0_1/20250123T113331Z_20250123T113431Z/KAF_outputs/X_prediction_results.csv
KAF,HE,KAF,0,0.0,0.0,0.0,,,2025-01-23 11:33:56.580,0.163096,2025-01-23 11:33:31.000,2025-01-23 11:34:31.000,eqt_explosions_th0_1/20250123T113331Z_20250123T113431Z/KAF_outputs/X_prediction_results.csv
RMF,HE,RMF,0,0.0,0.0,0.0,2025-01-23 11:33:41.180,0.956547,2025-01-23 11:34:01.140,0.173318,2025-01-23 11:33:36.000,2025-01-23 11:34:36.000,eqt_explosions_th0_1/20250123T113336Z_20250123T113436Z/RMF_outputs/X_prediction_results.csv
KEF,HE,KEF,0,0.0,0.0,0.0,2025-01-23 11:33:44.390,0.912728,2025-01-23 11:34:06.870,0.276151,2025-01-23 11:33:39.000,2025-01-23 11:34:39.000,eqt_explosions_th0_1/20250123T113339Z_20250123T113439Z/KEF_outputs/X_prediction_results.csv
JOF,HE,JOF,0,0.0,0.0,0.0,2025-01-23 11:33:44.240,0.954033,2025-01-23 11:34:06.290,0.161554,2025-01-23 11:33:39.000,2025-01-23 11:34:39.000,eqt_explosions_th0_1/20250123T113339Z_20250123T113439Z/JOF_outputs/X_prediction_results.csv
RUF,HE,RUF,0,0.0,0.0,0.0,2025-01-23 11:33:46.720,0.926268,2025-01-23 11:34:10.880,0.482724,2025-01-23 11:33:41.000,2025-01-23 11:34:41.000,eqt_explosions_th0_1/20250123T113341Z_20250123T113441Z/RUF_outputs/X_prediction_results.csv
OUF,HE,OUF,0,0.0,0.0,0.0,2025-01-23 11:33:47.380,0.894571,2025-01-23 11:34:12.980,0.139942,2025-01-23 11:33:42.000,2025-01-23 11:34:42.000,eqt_explosions_th0_1/20250123T113342Z_20250123T113442Z/OUF_outputs/X_prediction_results.csv
FIA0,HE,FIA0,0,0.0,0.0,0.0,2025-01-23 11:33:48.700,0.380089,2025-01-23 11:34:14.440,0.155164,2025-01-23 11:33:43.000,2025-01-23 11:34:43.000,eqt_explosions_th0_1/20250123T113343Z_20250123T113443Z/FIA0_outputs/X_prediction_results.csv
OBF0,HE,OBF0,0,0.0,0.0,0.0,2025-01-23 11:33:51.780,0.224975,2025-01-23 11:34:20.150,0.524579,2025-01-23 11:33:46.000,2025-01-23 11:34:46.000,eqt_explosions_th0_1/20250123T113346Z_20250123T113446Z/OBF0_outputs/X_prediction_results.csv
OBF3,HE,OBF3,0,0.0,0.0,0.0,2025-01-23 11:33:53.280,0.605896,2025-01-23 11:34:22.200,0.184092,2025-01-23 11:33:48.000,2025-01-23 11:34:48.000,eqt_explosions_th0_1/20250123T113348Z_20250123T113448Z/OBF3_outputs/X_prediction_results.csv
KY17,HE,KY17,0,0.0,0.0,0.0,2025-01-23 11:33:54.360,0.366473,2025-01-23 11:34:23.990,0.119952,2025-01-23 11:33:49.000,2025-01-23 11:34:49.000,eqt_explosions_th0_1/20250123T113349Z_20250123T113449Z/KY17_outputs/X_prediction_results.csv
KY17,HE,KY17,0,0.0,0.0,0.0,2025-01-23 11:33:55.360,0.168094,,,2025-01-23 11:33:49.000,2025-01-23 11:34:49.000,eqt_explosions_th0_1/20250123T113349Z_20250123T113449Z/KY17_outputs/X_prediction_results.csv
TRE03,HE,TRE03,0,0.0,0.0,0.0,2025-01-23 11:33:55.480,0.186194,,,2025-01-23 11:33:50.000,2025-01-23 11:34:50.000,eqt_explosions_th0_1/20250123T113350Z_20250123T113450Z/TRE03_outputs/X_prediction_results.csv
TRE03,HE,TRE03,0,0.0,0.0,0.0,,,2025-01-23 11:34:25.550,0.150123,2025-01-23 11:33:50.000,2025-01-23 11:34:50.000,eqt_explosions_th0_1/20250123T113350Z_20250123T113450Z/TRE03_outputs/X_prediction_results.csv
VAF,HE,VAF,0,0.0,0.0,0.0,2025-01-23 11:33:55.490,0.498011,,,2025-01-23 11:33:50.000,2025-01-23 11:34:50.000,eqt_explosions_th0_1/20250123T113350Z_20250123T113450Z/VAF_outputs/X_prediction_results.csv
VAF,HE,VAF,0,0.0,0.0,0.0,,,2025-01-23 11:34:25.900,0.55437,2025-01-23 11:33:50.000,2025-01-23 11:34:50.000,eqt_explosions_th0_1/20250123T113350Z_20250123T113450Z/VAF_outputs/X_prediction_results.csv
KU2,HE,KU2,0,0.0,0.0,0.0,2025-01-23 11:34:00.052,0.593081,,,2025-01-23 11:33:51.000,2025-01-23 11:34:51.000,eqt_explosions_th0_1/20250123T113351Z_20250123T113451Z/KU2_outputs/X_prediction_results.csv
KU2,HE,KU2,0,0.0,0.0,0.0,,,2025-01-23 11:34:33.632,0.180191,2025-01-23 11:33:51.000,2025-01-23 11:34:51.000,eqt_explosions_th0_1/20250123T113351Z_20250123T113451Z/KU2_outputs/X_prediction_results.csv
KU2,HE,KU2,0,0.0,0.0,0.0,2025-01-23 11:33:59.052,0.455902,,,2025-01-23 11:33:51.000,2025-01-23 11:34:51.000,eqt_explosions_th0_1/20250123T113351Z_20250123T113451Z/KU2_outputs/X_prediction_results.csv
KU1,HE,KU1,0,0.0,0.0,0.0,2025-01-23 11:33:59.192,0.558296,,,2025-01-23 11:33:54.000,2025-01-23 11:34:54.000,eqt_explosions_th0_1/20250123T113354Z_20250123T113454Z/KU1_outputs/X_prediction_results.csv
KU1,HE,KU1,0,0.0,0.0,0.0,,,2025-01-23 11:34:32.272,0.109973,2025-01-23 11:33:54.000,2025-01-23 11:34:54.000,eqt_explosions_th0_1/20250123T113354Z_20250123T113454Z/KU1_outputs/X_prediction_results.csv
RANF,FN,RANF,0,0.0,0.0,0.0,2025-01-23 11:34:03.900,0.672852,2025-01-23 11:34:06.520,0.617601,2025-01-23 11:33:58.000,2025-01-23 11:34:58.000,eqt_explosions_th0_1/20250123T113358Z_20250123T113458Z/RANF_outputs/X_prediction_results.csv
OLKF,FN,OLKF,0,0.0,0.0,0.0,2025-01-23 11:34:09.200,0.449755,,,2025-01-23 11:34:04.000,2025-01-23 11:35:04.000,eqt_explosions_th0_1/20250123T113404Z_20250123T113504Z/OLKF_outputs/X_prediction_results.csv
TRE03,HE,TRE03,0,0.0,0.0,0.0,2025-01-23 11:52:03.760,0.952448,2025-01-23 11:52:09.130,0.644683,2025-01-23 11:51:58.000,2025-01-23 11:52:58.000,eqt_explosions_th0_1/20250123T115158Z_20250123T115258Z/TRE03_outputs/X_prediction_results.csv
KPF,HE,KPF,0,0.0,0.0,0.0,2025-01-23 11:52:13.580,0.946888,2025-01-23 11:52:26.380,0.152787,2025-01-23 11:52:08.000,2025-01-23 11:53:08.000,eqt_explosions_th0_1/20250123T115208Z_20250123T115308Z/KPF_outputs/X_prediction_results.csv
RAF,HE,RAF,0,0.0,0.0,0.0,2025-01-23 11:52:14.990,0.953533,2025-01-23 11:52:28.260,0.325414,2025-01-23 11:52:09.000,2025-01-23 11:53:09.000,eqt_explosions_th0_1/20250123T115209Z_20250123T115309Z/RAF_outputs/X_prediction_results.csv
KEF,HE,KEF,0,0.0,0.0,0.0,2025-01-23 11:52:15.690,0.939072,2025-01-23 11:52:29.330,0.470725,2025-01-23 11:52:10.000,2025-01-23 11:53:10.000,eqt_explosions_th0_1/20250123T115210Z_20250123T115310Z/KEF_outputs/X_prediction_results.csv
FIA0,HE,FIA0,0,0.0,0.0,0.0,2025-01-23 11:52:18.410,0.932613,2025-01-23 11:52:33.940,0.283019,2025-01-23 11:52:13.000,2025-01-23 11:53:13.000,eqt_explosions_th0_1/20250123T115213Z_20250123T115313Z/FIA0_outputs/X_prediction_results.csv
PVF,HE,PVF,0,0.0,0.0,0.0,2025-01-23 11:52:21.950,0.791062,2025-01-23 11:52:45.410,0.148656,2025-01-23 11:52:16.000,2025-01-23 11:53:16.000,eqt_explosions_th0_1/20250123T115216Z_20250123T115316Z/PVF_outputs/X_prediction_results.csv
KAF,HE,KAF,0,0.0,0.0,0.0,2025-01-23 11:52:23.680,0.955691,2025-01-23 11:52:43.850,0.406411,2025-01-23 11:52:18.000,2025-01-23 11:53:18.000,eqt_explosions_th0_1/20250123T115218Z_20250123T115318Z/KAF_outputs/X_prediction_results.csv
TVF,HE,TVF,0,0.0,0.0,0.0,2025-01-23 11:52:25.390,0.916035,,,2025-01-23 11:52:20.000,2025-01-23 11:53:20.000,eqt_explosions_th0_1/20250123T115220Z_20250123T115320Z/TVF_outputs/X_prediction_results.csv
KORF,HE,KORF,0,0.0,0.0,0.0,2025-01-23 11:52:27.180,0.674374,2025-01-23 11:52:48.360,0.408964,2025-01-23 11:52:22.000,2025-01-23 11:53:22.000,eqt_explosions_th0_1/20250123T115222Z_20250123T115322Z/KORF_outputs/X_prediction_results.csv
KY17,HE,KY17,0,0.0,0.0,0.0,2025-01-23 11:52:28.140,0.385752,2025-01-23 11:52:50.510,0.132103,2025-01-23 11:52:23.000,2025-01-23 11:53:23.000,eqt_explosions_th0_1/20250123T115223Z_20250123T115323Z/KY17_outputs/X_prediction_results.csv
VAF,HE,VAF,0,0.0,0.0,0.0,2025-01-23 11:52:29.540,0.418761,2025-01-23 11:52:52.510,0.177626,2025-01-23 11:52:24.000,2025-01-23 11:53:24.000,eqt_explosions_th0_1/20250123T115224Z_20250123T115324Z/VAF_outputs/X_prediction_results.csv
SUF,HE,SUF,0,0.0,0.0,0.0,2025-01-23 11:52:29.780,0.625694,2025-01-23 11:52:53.320,0.336168,2025-01-23 11:52:24.000,2025-01-23 11:53:24.000,eqt_explosions_th0_1/20250123T115224Z_20250123T115324Z/SUF_outputs/X_prediction_results.csv
AAL,UP,AAL,0,0.0,0.0,0.0,2025-01-23 11:52:34.880,0.578395,2025-01-23 11:53:04.070,0.19443,2025-01-23 11:52:29.000,2025-01-23 11:53:29.000,eqt_explosions_th0_1/20250123T115229Z_20250123T115329Z/AAL_outputs/X_prediction_results.csv
ECKF,HE,ECKF,0,0.0,0.0,0.0,2025-01-23 11:52:37.512,0.446515,,,2025-01-23 11:52:32.000,2025-01-23 11:53:32.000,eqt_explosions_th0_1/20250123T115232Z_20250123T115332Z/ECKF_outputs/X_prediction_results.csv
ECKF,HE,ECKF,0,0.0,0.0,0.0,,,2025-01-23 11:53:08.652,0.367774,2025-01-23 11:52:32.000,2025-01-23 11:53:32.000,eqt_explosions_th0_1/20250123T115232Z_20250123T115332Z/ECKF_outputs/X_prediction_results.csv
KPF,HE,KPF,0,0.0,0.0,0.0,2025-01-23 11:58:22.072,0.951803,2025-01-23 11:58:32.872,0.101842,2025-01-23 11:58:17.000,2025-01-23 11:59:17.000,eqt_explosions_th0_1/20250123T115817Z_20250123T115917Z/KPF_outputs/X_prediction_results.csv
VAF,HE,VAF,0,0.0,0.0,0.0,2025-01-23 11:58:24.130,0.951628,2025-01-23 11:58:35.060,0.209296,2025-01-23 11:58:19.000,2025-01-23 11:59:19.000,eqt_explosions_th0_1/20250123T115819Z_20250123T115919Z/VAF_outputs/X_prediction_results.csv
RAF,HE,RAF,0,0.0,0.0,0.0,2025-01-23 11:58:36.340,0.88415,2025-01-23 11:58:56.360,0.22182,2025-01-23 11:58:31.000,2025-01-23 11:59:31.000,eqt_explosions_th0_1/20250123T115831Z_20250123T115931Z/RAF_outputs/X_prediction_results.csv
TRE03,HE,TRE03,0,0.0,0.0,0.0,2025-01-23 11:58:37.590,0.422199,,,2025-01-23 11:58:32.000,2025-01-23 11:59:32.000,eqt_explosions_th0_1/20250123T115832Z_20250123T115932Z/TRE03_outputs/X_prediction_results.csv
TRE03,HE,TRE03,0,0.0,0.0,0.0,2025-01-23 11:58:38.590,0.177345,,,2025-01-23 11:58:32.000,2025-01-23 11:59:32.000,eqt_explosions_th0_1/20250123T115832Z_20250123T115932Z/TRE03_outputs/X_prediction_results.csv
KEF,HE,KEF,0,0.0,0.0,0.0,2025-01-23 11:58:38.940,0.858994,2025-01-23 11:59:01.010,0.206925,2025-01-23 11:58:33.000,2025-01-23 11:59:33.000,eqt_explosions_th0_1/20250123T115833Z_20250123T115933Z/KEF_outputs/X_prediction_results.csv
SUF,HE,SUF,0,0.0,0.0,0.0,2025-01-23 11:58:49.322,0.129276,,,2025-01-23 11:58:43.000,2025-01-23 11:59:43.000,eqt_explosions_th0_1/20250123T115843Z_20250123T115943Z/SUF_outputs/X_prediction_results.csv
SUF,HE,SUF,0,0.0,0.0,0.0,2025-01-23 11:58:48.312,0.733861,,,2025-01-23 11:58:43.000,2025-01-23 11:59:43.000,eqt_explosions_th0_1/20250123T115843Z_20250123T115943Z/SUF_outputs/X_prediction_results.csv
KORF,HE,KORF,0,0.0,0.0,0.0,2025-01-23 12:04:11.680,0.938932,2025-01-23 12:04:18.090,0.306003,2025-01-23 12:04:06.000,2025-01-23 12:05:06.000,eqt_explosions_th0_1/20250123T120406Z_20250123T120506Z/KORF_outputs/X_prediction_results.csv
RAF,HE,RAF,0,0.0,0.0,0.0,2025-01-23 12:04:18.030,0.855707,2025-01-23 12:04:28.360,0.727109,2025-01-23 12:04:13.000,2025-01-23 12:05:13.000,eqt_explosions_th0_1/20250123T120413Z_20250123T120513Z/RAF_outputs/X_prediction_results.csv
ECKF,HE,ECKF,0,0.0,0.0,0.0,2025-01-23 12:04:28.902,0.374266,2025-01-23 12:04:49.992,0.115217,2025-01-23 12:04:23.000,2025-01-23 12:05:23.000,eqt_explosions_th0_1/20250123T120423Z_20250123T120523Z/ECKF_outputs/X_prediction_results.csv
ECKF,HE,ECKF,0,0.0,0.0,0.0,2025-01-23 12:04:29.902,0.446706,,,2025-01-23 12:04:23.000,2025-01-23 12:05:23.000,eqt_explosions_th0_1/20250123T120423Z_20250123T120523Z/ECKF_outputs/X_prediction_results.csv
AAL,UP,AAL,0,0.0,0.0,0.0,2025-01-23 12:04:38.900,0.111213,2025-01-23 12:04:46.090,0.466603,2025-01-23 12:04:33.000,2025-01-23 12:05:33.000,eqt_explosions_th0_1/20250123T120433Z_20250123T120533Z/AAL_outputs/X_prediction_results.csv
AAL,UP,AAL,0,0.0,0.0,0.0,2025-01-23 12:04:39.860,0.141184,,,2025-01-23 12:04:33.000,2025-01-23 12:05:33.000,eqt_explosions_th0_1/20250123T120433Z_20250123T120533Z/AAL_outputs/X_prediction_results.csv
TOF,HE,TOF,0,0.0,0.0,0.0,2025-01-23 12:07:52.890,0.921141,,,2025-01-23 12:07:47.000,2025-01-23 12:08:47.000,eqt_explosions_th0_1/20250123T120747Z_20250123T120847Z/TOF_outputs/X_prediction_results.csv
OBF3,HE,OBF3,0,0.0,0.0,0.0,2025-01-23 12:08:01.460,0.765184,2025-01-23 12:08:23.980,0.135639,2025-01-23 12:07:56.000,2025-01-23 12:08:56.000,eqt_explosions_th0_1/20250123T120756Z_20250123T120856Z/OBF3_outputs/X_prediction_results.csv
OBF0,HE,OBF0,0,0.0,0.0,0.0,2025-01-23 12:08:03.552,0.23698,2025-01-23 12:08:26.622,0.222179,2025-01-23 12:07:58.000,2025-01-23 12:08:58.000,eqt_explosions_th0_1/20250123T120758Z_20250123T120858Z/OBF0_outputs/X_prediction_results.csv
KLF,FN,KLF,0,0.0,0.0,0.0,2025-01-23 12:08:04.100,0.469673,2025-01-23 12:08:26.790,0.221589,2025-01-23 12:07:59.000,2025-01-23 12:08:59.000,eqt_explosions_th0_1/20250123T120759Z_20250123T120859Z/KLF_outputs/X_prediction_results.csv
OUF,HE,OUF,0,0.0,0.0,0.0,2025-01-23 12:08:07.400,0.792256,2025-01-23 12:08:33.350,0.166635,2025-01-23 12:08:02.000,2025-01-23 12:09:02.000,eqt_explosions_th0_1/20250123T120802Z_20250123T120902Z/OUF_outputs/X_prediction_results.csv
RANF,FN,RANF,0,0.0,0.0,0.0,2025-01-23 12:08:09.710,0.305839,2025-01-23 12:08:36.940,0.281561,2025-01-23 12:08:04.000,2025-01-23 12:09:04.000,eqt_explosions_th0_1/20250123T120804Z_20250123T120904Z/RANF_outputs/X_prediction_results.csv
VAF,HE,VAF,0,0.0,0.0,0.0,2025-01-23 12:08:20.190,0.693652,2025-01-23 12:08:25.620,0.111378,2025-01-23 12:08:15.000,2025-01-23 12:09:15.000,eqt_explosions_th0_1/20250123T120815Z_20250123T120915Z/VAF_outputs/X_prediction_results.csv
KLF,FN,KLF,0,0.0,0.0,0.0,2025-01-23 12:32:20.750,0.386214,2025-01-23 12:32:43.100,0.312665,2025-01-23 12:32:15.000,2025-01-23 12:33:15.000,eqt_explosions_th0_1/20250123T123215Z_20250123T123315Z/KLF_outputs/X_prediction_results.csv
KPF,HE,KPF,0,0.0,0.0,0.0,2025-01-23 13:20:32.570,0.897289,2025-01-23 13:20:37.630,0.42915,2025-01-23 13:20:27.000,2025-01-23 13:21:27.000,eqt_explosions_th0_1/20250123T132027Z_20250123T132127Z/KPF_outputs/X_prediction_results.csv
RAF,HE,RAF,0,0.0,0.0,0.0,2025-01-23 13:20:33.720,0.949168,2025-01-23 13:20:40.630,0.450359,2025-01-23 13:20:28.000,2025-01-23 13:21:28.000,eqt_explosions_th0_1/20250123T132028Z_20250123T132128Z/RAF_outputs/X_prediction_results.csv
TRE03,HE,TRE03,0,0.0,0.0,0.0,2025-01-23 13:20:46.240,0.625966,2025-01-23 13:21:01.610,0.299408,2025-01-23 13:20:41.000,2025-01-23 13:21:41.000,eqt_explosions_th0_1/20250123T132041Z_20250123T132141Z/TRE03_outputs/X_prediction_results.csv
KORF,HE,KORF,0,0.0,0.0,0.0,2025-01-23 13:20:50.190,0.851328,2025-01-23 13:21:09.130,0.333256,2025-01-23 13:20:45.000,2025-01-23 13:21:45.000,eqt_explosions_th0_1/20250123T132045Z_20250123T132145Z/KORF_outputs/X_prediction_results.csv
KEF,HE,KEF,0,0.0,0.0,0.0,2025-01-23 13:20:53.740,0.541595,2025-01-23 13:21:14.970,0.246805,2025-01-23 13:20:48.000,2025-01-23 13:21:48.000,eqt_explosions_th0_1/20250123T132048Z_20250123T132148Z/KEF_outputs/X_prediction_results.csv
KEF,HE,KEF,0,0.0,0.0,0.0,2025-01-23 13:20:54.730,0.341646,,,2025-01-23 13:20:48.000,2025-01-23 13:21:48.000,eqt_explosions_th0_1/20250123T132048Z_20250123T132148Z/KEF_outputs/X_prediction_results.csv
VAF,HE,VAF,0,0.0,0.0,0.0,,,2025-01-23 13:21:17.480,0.303976,2025-01-23 13:20:51.000,2025-01-23 13:21:51.000,eqt_explosions_th0_1/20250123T132051Z_20250123T132151Z/VAF_outputs/X_prediction_results.csv
HEL5,HE,HEL5,0,0.0,0.0,0.0,2025-01-23 13:20:57.710,0.137478,2025-01-23 13:21:10.460,0.554806,2025-01-23 13:20:52.000,2025-01-23 13:21:52.000,eqt_explosions_th0_1/20250123T132052Z_20250123T132152Z/HEL5_outputs/X_prediction_results.csv
FIA0,HE,FIA0,0,0.0,0.0,0.0,2025-01-23 13:21:02.110,0.598241,2025-01-23 13:21:27.870,0.416266,2025-01-23 13:20:57.000,2025-01-23 13:21:57.000,eqt_explosions_th0_1/20250123T132057Z_20250123T132157Z/FIA0_outputs/X_prediction_results.csv
FIA0,HE,FIA0,0,0.0,0.0,0.0,2025-01-23 13:21:03.100,0.15215,,,2025-01-23 13:20:57.000,2025-01-23 13:21:57.000,eqt_explosions_th0_1/20250123T132057Z_20250123T132157Z/FIA0_outputs/X_prediction_results.csv
KAF,HE,KAF,0,0.0,0.0,0.0,2025-01-23 13:21:05.330,0.25977,2025-01-23 13:21:33.520,0.162872,2025-01-23 13:21:00.000,2025-01-23 13:22:00.000,eqt_explosions_th0_1/20250123T132100Z_20250123T132200Z/KAF_outputs/X_prediction_results.csv
SUF,HE,SUF,0,0.0,0.0,0.0,2025-01-23 13:21:10.182,0.118462,,,2025-01-23 13:21:03.000,2025-01-23 13:22:03.000,eqt_explosions_th0_1/20250123T132103Z_20250123T132203Z/SUF_outputs/X_prediction_results.csv
SUF,HE,SUF,0,0.0,0.0,0.0,2025-01-23 13:21:09.182,0.102431,,,2025-01-23 13:21:03.000,2025-01-23 13:22:03.000,eqt_explosions_th0_1/20250123T132103Z_20250123T132203Z/SUF_outputs/X_prediction_results.csv
SUF,HE,SUF,0,0.0,0.0,0.0,2025-01-23 13:21:08.172,0.180161,,,2025-01-23 13:21:03.000,2025-01-23 13:22:03.000,eqt_explosions_th0_1/20250123T132103Z_20250123T132203Z/SUF_outputs/X_prediction_results.csv
KY17,HE,KY17,0,0.0,0.0,0.0,,,2025-01-23 13:21:43.810,0.208808,2025-01-23 13:21:38.000,2025-01-23 13:22:38.000,eqt_explosions_th0_1/20250123T132138Z_20250123T132238Z/KY17_outputs/X_prediction_results.csv
RSUO,HE,RSUO,0,0.0,0.0,0.0,2025-01-24 08:55:18.082,0.308488,2025-01-24 08:55:19.072,0.217849,2025-01-24 08:55:13.000,2025-01-24 08:56:13.000,eqt_explosions_th0_1/20250124T085513Z_20250124T085613Z/RSUO_outputs/X_prediction_results.csv
KUNI,HE,KUNI,0,0.0,0.0,0.0,2025-01-24 08:55:18.940,0.842455,2025-01-24 08:55:20.440,0.741769,2025-01-24 08:55:13.000,2025-01-24 08:56:13.000,eqt_explosions_th0_1/20250124T085513Z_20250124T085613Z/KUNI_outputs/X_prediction_results.csv
LAUT,HE,LAUT,0,0.0,0.0,0.0,2025-01-24 08:55:18.340,0.103899,2025-01-24 08:55:18.570,0.140167,2025-01-24 08:55:13.000,2025-01-24 08:56:13.000,eqt_explosions_th0_1/20250124T085513Z_20250124T085613Z/LAUT_outputs/X_prediction_results.csv
VUOS,HE,VUOS,0,0.0,0.0,0.0,2025-01-24 08:55:18.280,0.126431,2025-01-24 08:55:19.190,0.380388,2025-01-24 08:55:13.000,2025-01-24 08:56:13.000,eqt_explosions_th0_1/20250124T085513Z_20250124T085613Z/VUOS_outputs/X_prediction_results.csv
RUF,HE,RUF,0,0.0,0.0,0.0,2025-01-24 09:27:42.340,0.942421,2025-01-24 09:27:47.520,0.521633,2025-01-24 09:27:37.000,2025-01-24 09:28:37.000,eqt_explosions_th0_1/20250124T092737Z_20250124T092837Z/RUF_outputs/X_prediction_results.csv
VJF,HE,VJF,0,0.0,0.0,0.0,2025-01-24 09:27:56.348,0.941854,2025-01-24 09:28:17.088,0.188015,2025-01-24 09:27:51.000,2025-01-24 09:28:51.000,eqt_explosions_th0_1/20250124T092751Z_20250124T092851Z/VJF_outputs/X_prediction_results.csv
FIA0,HE,FIA0,0,0.0,0.0,0.0,2025-01-24 09:28:05.720,0.917305,2025-01-24 09:28:30.370,0.199588,2025-01-24 09:28:00.000,2025-01-24 09:29:00.000,eqt_explosions_th0_1/20250124T092800Z_20250124T092900Z/FIA0_outputs/X_prediction_results.csv
FIA1,HE,FIA1,0,0.0,0.0,0.0,2025-01-24 09:28:05.720,0.918811,2025-01-24 09:28:30.470,0.22728,2025-01-24 09:28:00.000,2025-01-24 09:29:00.000,eqt_explosions_th0_1/20250124T092800Z_20250124T092900Z/FIA1_outputs/X_prediction_results.csv
LOVF,HE,LOVF,0,0.0,0.0,0.0,2025-01-24 09:28:06.776,0.436158,2025-01-24 09:28:30.376,0.508138,2025-01-24 09:28:01.000,2025-01-24 09:29:01.000,eqt_explosions_th0_1/20250124T092801Z_20250124T092901Z/LOVF_outputs/X_prediction_results.csv
KAF,HE,KAF,0,0.0,0.0,0.0,2025-01-24 09:28:08.440,0.856486,2025-01-24 09:28:32.060,0.162726,2025-01-24 09:28:03.000,2025-01-24 09:29:03.000,eqt_explosions_th0_1/20250124T092803Z_20250124T092903Z/KAF_outputs/X_prediction_results.csv
PVF,HE,PVF,0,0.0,0.0,0.0,2025-01-24 09:28:09.414,0.869481,2025-01-24 09:28:36.774,0.352766,2025-01-24 09:28:04.000,2025-01-24 09:29:04.000,eqt_explosions_th0_1/20250124T092804Z_20250124T092904Z/PVF_outputs/X_prediction_results.csv
SUF,HE,SUF,0,0.0,0.0,0.0,2025-01-24 09:48:12.980,0.946359,2025-01-24 09:48:18.490,0.403514,2025-01-24 09:48:07.000,2025-01-24 09:49:07.000,eqt_explosions_th0_1/20250124T094807Z_20250124T094907Z/SUF_outputs/X_prediction_results.csv
NIF,HE,NIF,0,0.0,0.0,0.0,2025-01-24 09:48:18.280,0.950647,2025-01-24 09:48:27.590,0.177382,2025-01-24 09:48:13.000,2025-01-24 09:49:13.000,eqt_explosions_th0_1/20250124T094813Z_20250124T094913Z/NIF_outputs/X_prediction_results.csv
KAF,HE,KAF,0,0.0,0.0,0.0,2025-01-24 09:48:24.140,0.944999,2025-01-24 09:48:37.570,0.627767,2025-01-24 09:48:19.000,2025-01-24 09:49:19.000,eqt_explosions_th0_1/20250124T094819Z_20250124T094919Z/KAF_outputs/X_prediction_results.csv
KEF,HE,KEF,0,0.0,0.0,0.0,2025-01-24 09:48:27.090,0.953281,2025-01-24 09:48:43.050,0.255068,2025-01-24 09:48:22.000,2025-01-24 09:49:22.000,eqt_explosions_th0_1/20250124T094822Z_20250124T094922Z/KEF_outputs/X_prediction_results.csv
OUF,HE,OUF,0,0.0,0.0,0.0,2025-01-24 09:48:32.380,0.924449,2025-01-24 09:48:52.950,0.44115,2025-01-24 09:48:27.000,2025-01-24 09:49:27.000,eqt_explosions_th0_1/20250124T094827Z_20250124T094927Z/OUF_outputs/X_prediction_results.csv
OBF0,HE,OBF0,0,0.0,0.0,0.0,2025-01-24 09:48:36.772,0.202882,,,2025-01-24 09:48:31.000,2025-01-24 09:49:31.000,eqt_explosions_th0_1/20250124T094831Z_20250124T094931Z/OBF0_outputs/X_prediction_results.csv
OBF0,HE,OBF0,0,0.0,0.0,0.0,2025-01-24 09:48:37.772,0.345245,,,2025-01-24 09:48:31.000,2025-01-24 09:49:31.000,eqt_explosions_th0_1/20250124T094831Z_20250124T094931Z/OBF0_outputs/X_prediction_results.csv
FIA0,HE,FIA0,0,0.0,0.0,0.0,2025-01-24 09:48:36.100,0.609388,2025-01-24 09:48:58.700,0.340726,2025-01-24 09:48:31.000,2025-01-24 09:49:31.000,eqt_explosions_th0_1/20250124T094831Z_20250124T094931Z/FIA0_outputs/X_prediction_results.csv
VAF,HE,VAF,0,0.0,0.0,0.0,2025-01-24 09:48:36.380,0.940402,2025-01-24 09:48:59.400,0.114871,2025-01-24 09:48:31.000,2025-01-24 09:49:31.000,eqt_explosions_th0_1/20250124T094831Z_20250124T094931Z/VAF_outputs/X_prediction_results.csv
TRE03,HE,TRE03,0,0.0,0.0,0.0,2025-01-24 09:48:38.740,0.122202,2025-01-24 09:49:02.710,0.309321,2025-01-24 09:48:33.000,2025-01-24 09:49:33.000,eqt_explosions_th0_1/20250124T094833Z_20250124T094933Z/TRE03_outputs/X_prediction_results.csv
OBF3,HE,OBF3,0,0.0,0.0,0.0,,,2025-01-24 09:49:05.550,0.46022,2025-01-24 09:48:34.000,2025-01-24 09:49:34.000,eqt_explosions_th0_1/20250124T094834Z_20250124T094934Z/OBF3_outputs/X_prediction_results.csv
RMF,HE,RMF,0,0.0,0.0,0.0,2025-01-24 09:48:40.580,0.123514,,,2025-01-24 09:48:35.000,2025-01-24 09:49:35.000,eqt_explosions_th0_1/20250124T094835Z_20250124T094935Z/RMF_outputs/X_prediction_results.csv
RUF,HE,RUF,0,0.0,0.0,0.0,2025-01-24 09:48:43.520,0.119442,,,2025-01-24 09:48:38.000,2025-01-24 09:49:38.000,eqt_explosions_th0_1/20250124T094838Z_20250124T094938Z/RUF_outputs/X_prediction_results.csv
KU2,HE,KU2,0,0.0,0.0,0.0,,,2025-01-24 09:49:28.240,0.118133,2025-01-24 09:49:23.000,2025-01-24 09:50:23.000,eqt_explosions_th0_1/20250124T094923Z_20250124T095023Z/KU2_outputs/X_prediction_results.csv
MEF,HE,MEF,0,0.0,0.0,0.0,2025-01-24 10:02:55.880,0.955249,2025-01-24 10:02:57.390,0.8167,2025-01-24 10:02:50.000,2025-01-24 10:03:50.000,eqt_explosions_th0_1/20250124T100250Z_20250124T100350Z/MEF_outputs/X_prediction_results.csv
HEL5,HE,HEL5,0,0.0,0.0,0.0,2025-01-24 10:02:55.760,0.938945,2025-01-24 10:02:57.250,0.734468,2025-01-24 10:02:50.000,2025-01-24 10:03:50.000,eqt_explosions_th0_1/20250124T100250Z_20250124T100350Z/HEL5_outputs/X_prediction_results.csv
LAUT,HE,LAUT,0,0.0,0.0,0.0,2025-01-24 10:02:56.870,0.950281,2025-01-24 10:02:58.940,0.770429,2025-01-24 10:02:51.000,2025-01-24 10:03:51.000,eqt_explosions_th0_1/20250124T100251Z_20250124T100351Z/LAUT_outputs/X_prediction_results.csv
HEL1,HE,HEL1,0,0.0,0.0,0.0,2025-01-24 10:02:57.180,0.929007,2025-01-24 10:02:59.430,0.805048,2025-01-24 10:02:52.000,2025-01-24 10:03:52.000,eqt_explosions_th0_1/20250124T100252Z_20250124T100352Z/HEL1_outputs/X_prediction_results.csv
KUNI,HE,KUNI,0,0.0,0.0,0.0,2025-01-24 10:02:58.050,0.934153,2025-01-24 10:03:00.990,0.760692,2025-01-24 10:02:53.000,2025-01-24 10:03:53.000,eqt_explosions_th0_1/20250124T100253Z_20250124T100353Z/KUNI_outputs/X_prediction_results.csv
VUOS,HE,VUOS,0,0.0,0.0,0.0,,,2025-01-24 10:03:03.562,0.596325,2025-01-24 10:02:54.000,2025-01-24 10:03:54.000,eqt_explosions_th0_1/20250124T100254Z_20250124T100354Z/VUOS_outputs/X_prediction_results.csv
NUR,HE,NUR,0,0.0,0.0,0.0,2025-01-24 10:03:00.740,0.94858,2025-01-24 10:03:06.040,0.370837,2025-01-24 10:02:55.000,2025-01-24 10:03:55.000,eqt_explosions_th0_1/20250124T100255Z_20250124T100355Z/NUR_outputs/X_prediction_results.csv
RAF,HE,RAF,0,0.0,0.0,0.0,2025-01-24 10:03:24.330,0.599784,2025-01-24 10:03:45.240,0.380742,2025-01-24 10:03:19.000,2025-01-24 10:04:19.000,eqt_explosions_th0_1/20250124T100319Z_20250124T100419Z/RAF_outputs/X_prediction_results.csv
TOF,HE,TOF,0,0.0,0.0,0.0,2025-01-24 10:48:04.580,0.949932,2025-01-24 10:48:13.510,0.196868,2025-01-24 10:47:59.000,2025-01-24 10:48:59.000,eqt_explosions_th0_1/20250124T104759Z_20250124T104859Z/TOF_outputs/X_prediction_results.csv
RANF,FN,RANF,0,0.0,0.0,0.0,2025-01-24 10:48:05.450,0.307579,2025-01-24 10:48:15.220,0.1606,2025-01-24 10:48:00.000,2025-01-24 10:49:00.000,eqt_explosions_th0_1/20250124T104800Z_20250124T104900Z/RANF_outputs/X_prediction_results.csv
KLF,FN,KLF,0,0.0,0.0,0.0,2025-01-24 10:48:09.700,0.898801,2025-01-24 10:48:22.930,0.409399,2025-01-24 10:48:04.000,2025-01-24 10:49:04.000,eqt_explosions_th0_1/20250124T104804Z_20250124T104904Z/KLF_outputs/X_prediction_results.csv
KLF,FN,KLF,0,0.0,0.0,0.0,,,2025-01-24 10:48:30.060,0.11208,2025-01-24 10:48:04.000,2025-01-24 10:49:04.000,eqt_explosions_th0_1/20250124T104804Z_20250124T104904Z/KLF_outputs/X_prediction_results.csv
KU2,HE,KU2,0,0.0,0.0,0.0,2025-01-24 10:48:17.328,0.916269,2025-01-24 10:48:35.508,0.407747,2025-01-24 10:48:12.000,2025-01-24 10:49:12.000,eqt_explosions_th0_1/20250124T104812Z_20250124T104912Z/KU2_outputs/X_prediction_results.csv
OLKF,FN,OLKF,0,0.0,0.0,0.0,2025-01-24 10:48:21.160,0.657265,2025-01-24 10:48:41.680,0.477314,2025-01-24 10:48:16.000,2025-01-24 10:49:16.000,eqt_explosions_th0_1/20250124T104816Z_20250124T104916Z/OLKF_outputs/X_prediction_results.csv
OBF3,HE,OBF3,0,0.0,0.0,0.0,2025-01-24 10:48:23.910,0.546668,2025-01-24 10:48:45.880,0.358008,2025-01-24 10:48:18.000,2025-01-24 10:49:18.000,eqt_explosions_th0_1/20250124T104818Z_20250124T104918Z/OBF3_outputs/X_prediction_results.csv
KU6,HE,KU6,0,0.0,0.0,0.0,2025-01-24 10:48:25.190,0.842942,2025-01-24 10:48:49.540,0.512044,2025-01-24 10:48:20.000,2025-01-24 10:49:20.000,eqt_explosions_th0_1/20250124T104820Z_20250124T104920Z/KU6_outputs/X_prediction_results.csv
KU1,HE,KU1,0,0.0,0.0,0.0,2025-01-24 10:48:26.466,0.69673,2025-01-24 10:48:51.216,0.388516,2025-01-24 10:48:21.000,2025-01-24 10:49:21.000,eqt_explosions_th0_1/20250124T104821Z_20250124T104921Z/KU1_outputs/X_prediction_results.csv
HEF,HE,HEF,0,0.0,0.0,0.0,2025-01-24 10:48:29.030,0.893882,2025-01-24 10:48:56.400,0.362422,2025-01-24 10:48:24.000,2025-01-24 10:49:24.000,eqt_explosions_th0_1/20250124T104824Z_20250124T104924Z/HEF_outputs/X_prediction_results.csv
NIF,HE,NIF,0,0.0,0.0,0.0,2025-01-24 11:38:21.990,0.958474,2025-01-24 11:38:26.030,0.337811,2025-01-24 11:38:16.000,2025-01-24 11:39:16.000,eqt_explosions_th0_1/20250124T113816Z_20250124T113916Z/NIF_outputs/X_prediction_results.csv
SUF,HE,SUF,0,0.0,0.0,0.0,2025-01-24 11:38:32.960,0.95399,2025-01-24 11:38:44.540,0.513267,2025-01-24 11:38:27.000,2025-01-24 11:39:27.000,eqt_explosions_th0_1/20250124T113827Z_20250124T113927Z/SUF_outputs/X_prediction_results.csv
KJNF,HE,KJNF,0,0.0,0.0,0.0,2025-01-24 11:38:38.130,0.170882,2025-01-24 11:38:51.570,0.228477,2025-01-24 11:38:33.000,2025-01-24 11:39:33.000,eqt_explosions_th0_1/20250124T113833Z_20250124T113933Z/KJNF_outputs/X_prediction_results.csv
KAF,HE,KAF,0,0.0,0.0,0.0,2025-01-24 11:38:39.880,0.953823,2025-01-24 11:38:55.940,0.191552,2025-01-24 11:38:34.000,2025-01-24 11:39:34.000,eqt_explosions_th0_1/20250124T113834Z_20250124T113934Z/KAF_outputs/X_prediction_results.csv
RMF,HE,RMF,0,0.0,0.0,0.0,2025-01-24 11:38:43.980,0.956178,,,2025-01-24 11:38:38.000,2025-01-24 11:39:38.000,eqt_explosions_th0_1/20250124T113838Z_20250124T113938Z/RMF_outputs/X_prediction_results.csv
JOF,HE,JOF,0,0.0,0.0,0.0,2025-01-24 11:38:47.330,0.931742,2025-01-24 11:39:09.450,0.235507,2025-01-24 11:38:42.000,2025-01-24 11:39:42.000,eqt_explosions_th0_1/20250124T113842Z_20250124T113942Z/JOF_outputs/X_prediction_results.csv
KEF,HE,KEF,0,0.0,0.0,0.0,2025-01-24 11:38:47.680,0.902396,2025-01-24 11:39:11.170,0.285133,2025-01-24 11:38:42.000,2025-01-24 11:39:42.000,eqt_explosions_th0_1/20250124T113842Z_20250124T113942Z/KEF_outputs/X_prediction_results.csv
RUF,HE,RUF,0,0.0,0.0,0.0,2025-01-24 11:38:49.840,0.951298,2025-01-24 11:39:13.990,0.194927,2025-01-24 11:38:44.000,2025-01-24 11:39:44.000,eqt_explosions_th0_1/20250124T113844Z_20250124T113944Z/RUF_outputs/X_prediction_results.csv
OUF,HE,OUF,0,0.0,0.0,0.0,2025-01-24 11:38:50.480,0.685113,2025-01-24 11:39:15.330,0.191907,2025-01-24 11:38:45.000,2025-01-24 11:39:45.000,eqt_explosions_th0_1/20250124T113845Z_20250124T113945Z/OUF_outputs/X_prediction_results.csv
FIA0,HE,FIA0,0,0.0,0.0,0.0,2025-01-24 11:38:51.500,0.898314,2025-01-24 11:39:16.660,0.200417,2025-01-24 11:38:46.000,2025-01-24 11:39:46.000,eqt_explosions_th0_1/20250124T113846Z_20250124T113946Z/FIA0_outputs/X_prediction_results.csv
OBF0,HE,OBF0,0,0.0,0.0,0.0,2025-01-24 11:38:54.880,0.566679,2025-01-24 11:39:22.080,0.290689,2025-01-24 11:38:49.000,2025-01-24 11:39:49.000,eqt_explosions_th0_1/20250124T113849Z_20250124T113949Z/OBF0_outputs/X_prediction_results.csv
OBF3,HE,OBF3,0,0.0,0.0,0.0,2025-01-24 11:38:56.090,0.62751,2025-01-24 11:39:25.130,0.148126,2025-01-24 11:38:51.000,2025-01-24 11:39:51.000,eqt_explosions_th0_1/20250124T113851Z_20250124T113951Z/OBF3_outputs/X_prediction_results.csv
TRE03,HE,TRE03,0,0.0,0.0,0.0,2025-01-24 11:38:57.790,0.813796,,,2025-01-24 11:38:52.000,2025-01-24 11:39:52.000,eqt_explosions_th0_1/20250124T113852Z_20250124T113952Z/TRE03_outputs/X_prediction_results.csv
TRE03,HE,TRE03,0,0.0,0.0,0.0,,,2025-01-24 11:39:27.920,0.222429,2025-01-24 11:38:52.000,2025-01-24 11:39:52.000,eqt_explosions_th0_1/20250124T113852Z_20250124T113952Z/TRE03_outputs/X_prediction_results.csv
KY17,HE,KY17,0,0.0,0.0,0.0,2025-01-24 11:38:57.390,0.909874,,,2025-01-24 11:38:52.000,2025-01-24 11:39:52.000,eqt_explosions_th0_1/20250124T113852Z_20250124T113952Z/KY17_outputs/X_prediction_results.csv
KY17,HE,KY17,0,0.0,0.0,0.0,,,2025-01-24 11:39:27.510,0.21189,2025-01-24 11:38:52.000,2025-01-24 11:39:52.000,eqt_explosions_th0_1/20250124T113852Z_20250124T113952Z/KY17_outputs/X_prediction_results.csv
VAF,HE,VAF,0,0.0,0.0,0.0,2025-01-24 11:38:58.700,0.91334,,,2025-01-24 11:38:53.000,2025-01-24 11:39:53.000,eqt_explosions_th0_1/20250124T113853Z_20250124T113953Z/VAF_outputs/X_prediction_results.csv
VAF,HE,VAF,0,0.0,0.0,0.0,,,2025-01-24 11:39:28.890,0.253809,2025-01-24 11:38:53.000,2025-01-24 11:39:53.000,eqt_explosions_th0_1/20250124T113853Z_20250124T113953Z/VAF_outputs/X_prediction_results.csv
KU2,HE,KU2,0,0.0,0.0,0.0,2025-01-24 11:39:02.790,0.382031,2025-01-24 11:39:17.560,0.154951,2025-01-24 11:38:57.000,2025-01-24 11:39:57.000,eqt_explosions_th0_1/20250124T113857Z_20250124T113957Z/KU2_outputs/X_prediction_results.csv
KU1,HE,KU1,0,0.0,0.0,0.0,2025-01-24 11:39:02.080,0.901042,,,2025-01-24 11:38:57.000,2025-01-24 11:39:57.000,eqt_explosions_th0_1/20250124T113857Z_20250124T113957Z/KU1_outputs/X_prediction_results.csv
KU1,HE,KU1,0,0.0,0.0,0.0,,,2025-01-24 11:39:34.920,0.184084,2025-01-24 11:38:57.000,2025-01-24 11:39:57.000,eqt_explosions_th0_1/20250124T113857Z_20250124T113957Z/KU1_outputs/X_prediction_results.csv
KPF,HE,KPF,0,0.0,0.0,0.0,,,2025-01-24 11:39:45.150,0.408474,2025-01-24 11:39:03.000,2025-01-24 11:40:03.000,eqt_explosions_th0_1/20250124T113903Z_20250124T114003Z/KPF_outputs/X_prediction_results.csv
KPF,HE,KPF,0,0.0,0.0,0.0,2025-01-24 11:39:08.430,0.167435,,,2025-01-24 11:39:03.000,2025-01-24 11:40:03.000,eqt_explosions_th0_1/20250124T113903Z_20250124T114003Z/KPF_outputs/X_prediction_results.csv
KUNI,HE,KUNI,0,0.0,0.0,0.0,2025-01-24 11:41:16.332,0.948049,2025-01-24 11:41:18.302,0.384608,2025-01-24 11:41:11.000,2025-01-24 11:42:11.000,eqt_explosions_th0_1/20250124T114111Z_20250124T114211Z/KUNI_outputs/X_prediction_results.csv
NUR,HE,NUR,0,0.0,0.0,0.0,2025-01-24 11:41:17.890,0.949441,2025-01-24 11:41:20.640,0.705013,2025-01-24 11:41:12.000,2025-01-24 11:42:12.000,eqt_explosions_th0_1/20250124T114112Z_20250124T114212Z/NUR_outputs/X_prediction_results.csv
LAUT,HE,LAUT,0,0.0,0.0,0.0,2025-01-24 11:41:18.580,0.950799,2025-01-24 11:41:21.640,0.445367,2025-01-24 11:41:13.000,2025-01-24 11:42:13.000,eqt_explosions_th0_1/20250124T114113Z_20250124T114213Z/LAUT_outputs/X_prediction_results.csv
VUOS,HE,VUOS,0,0.0,0.0,0.0,2025-01-24 11:41:18.480,0.950105,2025-01-24 11:41:21.440,0.705085,2025-01-24 11:41:13.000,2025-01-24 11:42:13.000,eqt_explosions_th0_1/20250124T114113Z_20250124T114213Z/VUOS_outputs/X_prediction_results.csv
HEL1,HE,HEL1,0,0.0,0.0,0.0,2025-01-24 11:41:18.080,0.953152,2025-01-24 11:41:21.020,0.686111,2025-01-24 11:41:13.000,2025-01-24 11:42:13.000,eqt_explosions_th0_1/20250124T114113Z_20250124T114213Z/HEL1_outputs/X_prediction_results.csv
HEL5,HE,HEL5,0,0.0,0.0,0.0,2025-01-24 11:41:19.480,0.950621,2025-01-24 11:41:23.540,0.593271,2025-01-24 11:41:14.000,2025-01-24 11:42:14.000,eqt_explosions_th0_1/20250124T114114Z_20250124T114214Z/HEL5_outputs/X_prediction_results.csv
MEF,HE,MEF,0,0.0,0.0,0.0,2025-01-24 11:41:20.080,0.9433,2025-01-24 11:41:24.370,0.400409,2025-01-24 11:41:15.000,2025-01-24 11:42:15.000,eqt_explosions_th0_1/20250124T114115Z_20250124T114215Z/MEF_outputs/X_prediction_results.csv
PVF,HE,PVF,0,0.0,0.0,0.0,2025-01-24 11:41:23.590,0.948798,2025-01-24 11:41:30.270,0.728278,2025-01-24 11:41:18.000,2025-01-24 11:42:18.000,eqt_explosions_th0_1/20250124T114118Z_20250124T114218Z/PVF_outputs/X_prediction_results.csv
TVF,HE,TVF,0,0.0,0.0,0.0,,,2025-01-24 11:41:51.580,0.130512,2025-01-24 11:41:28.000,2025-01-24 11:42:28.000,eqt_explosions_th0_1/20250124T114128Z_20250124T114228Z/TVF_outputs/X_prediction_results.csv
FIA0,HE,FIA0,0,0.0,0.0,0.0,2025-01-24 11:41:36.810,0.948631,2025-01-24 11:41:58.780,0.373156,2025-01-24 11:41:31.000,2025-01-24 11:42:31.000,eqt_explosions_th0_1/20250124T114131Z_20250124T114231Z/FIA0_outputs/X_prediction_results.csv
KY17,HE,KY17,0,0.0,0.0,0.0,2025-01-24 11:41:36.512,0.401163,2025-01-24 11:41:52.652,0.382324,2025-01-24 11:41:31.000,2025-01-24 11:42:31.000,eqt_explosions_th0_1/20250124T114131Z_20250124T114231Z/KY17_outputs/X_prediction_results.csv
VJF,HE,VJF,0,0.0,0.0,0.0,2025-01-24 11:41:38.560,0.855987,2025-01-24 11:41:59.520,0.52474,2025-01-24 11:41:33.000,2025-01-24 11:42:33.000,eqt_explosions_th0_1/20250124T114133Z_20250124T114233Z/VJF_outputs/X_prediction_results.csv
TRE03,HE,TRE03,0,0.0,0.0,0.0,2025-01-24 11:41:38.580,0.936344,2025-01-24 11:41:55.560,0.301291,2025-01-24 11:41:33.000,2025-01-24 11:42:33.000,eqt_explosions_th0_1/20250124T114133Z_20250124T114233Z/TRE03_outputs/X_prediction_results.csv
RAF,HE,RAF,0,0.0,0.0,0.0,2025-01-24 11:41:44.890,0.933408,2025-01-24 11:42:07.680,0.265779,2025-01-24 11:41:39.000,2025-01-24 11:42:39.000,eqt_explosions_th0_1/20250124T114139Z_20250124T114239Z/RAF_outputs/X_prediction_results.csv
KORF,HE,KORF,0,0.0,0.0,0.0,2025-01-24 11:41:45.980,0.66291,2025-01-24 11:42:08.600,0.407445,2025-01-24 11:41:40.000,2025-01-24 11:42:40.000,eqt_explosions_th0_1/20250124T114140Z_20250124T114240Z/KORF_outputs/X_prediction_results.csv
KAF,HE,KAF,0,0.0,0.0,0.0,2025-01-24 11:41:48.680,0.412714,2025-01-24 11:42:13.340,0.416236,2025-01-24 11:41:43.000,2025-01-24 11:42:43.000,eqt_explosions_th0_1/20250124T114143Z_20250124T114243Z/KAF_outputs/X_prediction_results.csv
KEF,HE,KEF,0,0.0,0.0,0.0,2025-01-24 11:41:48.240,0.441944,2025-01-24 11:42:11.790,0.146487,2025-01-24 11:41:43.000,2025-01-24 11:42:43.000,eqt_explosions_th0_1/20250124T114143Z_20250124T114243Z/KEF_outputs/X_prediction_results.csv
KPF,HE,KPF,0,0.0,0.0,0.0,2025-01-24 11:41:51.090,0.234288,2025-01-24 11:42:16.850,0.4173,2025-01-24 11:41:46.000,2025-01-24 11:42:46.000,eqt_explosions_th0_1/20250124T114146Z_20250124T114246Z/KPF_outputs/X_prediction_results.csv
SUF,HE,SUF,0,0.0,0.0,0.0,2025-01-24 11:41:57.490,0.508904,,,2025-01-24 11:41:52.000,2025-01-24 11:42:52.000,eqt_explosions_th0_1/20250124T114152Z_20250124T114252Z/SUF_outputs/X_prediction_results.csv
SUF,HE,SUF,0,0.0,0.0,0.0,,,2025-01-24 11:42:29.340,0.217334,2025-01-24 11:41:52.000,2025-01-24 11:42:52.000,eqt_explosions_th0_1/20250124T114152Z_20250124T114252Z/SUF_outputs/X_prediction_results.csv
RUF,HE,RUF,0,0.0,0.0,0.0,2025-01-24 11:54:13.490,0.941238,2025-01-24 11:54:20.450,0.52485,2025-01-24 11:54:08.000,2025-01-24 11:55:08.000,eqt_explosions_th0_1/20250124T115408Z_20250124T115508Z/RUF_outputs/X_prediction_results.csv
KY17,HE,KY17,0,0.0,0.0,0.0,2025-01-24 11:54:13.860,0.886253,2025-01-24 11:54:21.720,0.680566,2025-01-24 11:54:08.000,2025-01-24 11:55:08.000,eqt_explosions_th0_1/20250124T115408Z_20250124T115508Z/KY17_outputs/X_prediction_results.csv
VJF,HE,VJF,0,0.0,0.0,0.0,2025-01-24 11:54:14.212,0.944665,2025-01-24 11:54:22.312,0.410802,2025-01-24 11:54:09.000,2025-01-24 11:55:09.000,eqt_explosions_th0_1/20250124T115409Z_20250124T115509Z/VJF_outputs/X_prediction_results.csv
PVF,HE,PVF,0,0.0,0.0,0.0,2025-01-24 11:54:25.412,0.951628,2025-01-24 11:54:42.282,0.368598,2025-01-24 11:54:20.000,2025-01-24 11:55:20.000,eqt_explosions_th0_1/20250124T115420Z_20250124T115520Z/PVF_outputs/X_prediction_results.csv
FIA0,HE,FIA0,0,0.0,0.0,0.0,,,2025-01-24 11:54:38.190,0.133177,2025-01-24 11:54:20.000,2025-01-24 11:55:20.000,eqt_explosions_th0_1/20250124T115420Z_20250124T115520Z/FIA0_outputs/X_prediction_results.csv
KAF,HE,KAF,0,0.0,0.0,0.0,2025-01-24 11:54:29.480,0.904589,2025-01-24 11:54:48.100,0.410756,2025-01-24 11:54:24.000,2025-01-24 11:55:24.000,eqt_explosions_th0_1/20250124T115424Z_20250124T115524Z/KAF_outputs/X_prediction_results.csv
TRE03,HE,TRE03,0,0.0,0.0,0.0,2025-01-24 11:54:39.380,0.767372,2025-01-24 11:55:07.070,0.261648,2025-01-24 11:54:34.000,2025-01-24 11:55:34.000,eqt_explosions_th0_1/20250124T115434Z_20250124T115534Z/TRE03_outputs/X_prediction_results.csv
SUF,HE,SUF,0,0.0,0.0,0.0,2025-01-24 11:54:39.360,0.609714,2025-01-24 11:55:05.540,0.227052,2025-01-24 11:54:34.000,2025-01-24 11:55:34.000,eqt_explosions_th0_1/20250124T115434Z_20250124T115534Z/SUF_outputs/X_prediction_results.csv
KEF,HE,KEF,0,0.0,0.0,0.0,,,2025-01-24 11:55:05.560,0.103823,2025-01-24 11:55:00.000,2025-01-24 11:56:00.000,eqt_explosions_th0_1/20250124T115500Z_20250124T115600Z/KEF_outputs/X_prediction_results.csv
JOF,HE,JOF,0,0.0,0.0,0.0,2025-01-24 12:59:03.020,0.563212,2025-01-24 12:59:04.240,0.755655,2025-01-24 12:58:56.000,2025-01-24 12:59:56.000,eqt_explosions_th0_1/20250124T125856Z_20250124T125956Z/JOF_outputs/X_prediction_results.csv
RMF,HE,RMF,0,0.0,0.0,0.0,2025-01-24 12:59:26.580,0.938666,2025-01-24 12:59:44.710,0.550619,2025-01-24 12:59:21.000,2025-01-24 13:00:21.000,eqt_explosions_th0_1/20250124T125921Z_20250124T130021Z/RMF_outputs/X_prediction_results.csv
NIF,HE,NIF,0,0.0,0.0,0.0,2025-01-24 12:59:30.990,0.947217,2025-01-24 12:59:52.080,0.563714,2025-01-24 12:59:25.000,2025-01-24 13:00:25.000,eqt_explosions_th0_1/20250124T125925Z_20250124T130025Z/NIF_outputs/X_prediction_results.csv
SUF,HE,SUF,0,0.0,0.0,0.0,2025-01-24 12:59:43.940,0.284703,2025-01-24 13:00:13.830,0.212924,2025-01-24 12:59:38.000,2025-01-24 13:00:38.000,eqt_explosions_th0_1/20250124T125938Z_20250124T130038Z/SUF_outputs/X_prediction_results.csv
KU1,HE,KU1,0,0.0,0.0,0.0,2025-01-24 12:59:49.040,0.492465,,,2025-01-24 12:59:44.000,2025-01-24 13:00:44.000,eqt_explosions_th0_1/20250124T125944Z_20250124T130044Z/KU1_outputs/X_prediction_results.csv
KU1,HE,KU1,0,0.0,0.0,0.0,,,2025-01-24 13:00:22.960,0.563554,2025-01-24 12:59:44.000,2025-01-24 13:00:44.000,eqt_explosions_th0_1/20250124T125944Z_20250124T130044Z/KU1_outputs/X_prediction_results.csv
KAF,HE,KAF,0,0.0,0.0,0.0,,,2025-01-24 13:00:17.280,0.103977,2025-01-24 13:00:11.000,2025-01-24 13:01:11.000,eqt_explosions_th0_1/20250124T130011Z_20250124T130111Z/KAF_outputs/X_prediction_results.csv
KU2,HE,KU2,0,0.0,0.0,0.0,2025-01-24 13:00:25.810,0.939354,2025-01-24 13:00:34.460,0.138889,2025-01-24 13:00:20.000,2025-01-24 13:01:20.000,eqt_explosions_th0_1/20250124T130020Z_20250124T130120Z/KU2_outputs/X_prediction_results.csv
RUF,HE,RUF,0,0.0,0.0,0.0,2025-01-24 14:08:56.880,0.952916,2025-01-24 14:09:03.670,0.398193,2025-01-24 14:08:51.000,2025-01-24 14:09:51.000,eqt_explosions_th0_1/20250124T140851Z_20250124T140951Z/RUF_outputs/X_prediction_results.csv
JOF,HE,JOF,0,0.0,0.0,0.0,2025-01-24 14:09:13.680,0.468518,,,2025-01-24 14:09:08.000,2025-01-24 14:10:08.000,eqt_explosions_th0_1/20250124T140908Z_20250124T141008Z/JOF_outputs/X_prediction_results.csv
VJF,HE,VJF,0,0.0,0.0,0.0,2025-01-24 14:09:14.900,0.940904,2025-01-24 14:09:38.810,0.409153,2025-01-24 14:09:09.000,2025-01-24 14:10:09.000,eqt_explosions_th0_1/20250124T140909Z_20250124T141009Z/VJF_outputs/X_prediction_results.csv
KY17,HE,KY17,0,0.0,0.0,0.0,2025-01-24 14:09:15.152,0.589683,,,2025-01-24 14:09:10.000,2025-01-24 14:10:10.000,eqt_explosions_th0_1/20250124T140910Z_20250124T141010Z/KY17_outputs/X_prediction_results.csv
KAF,HE,KAF,0,0.0,0.0,0.0,2025-01-24 14:09:20.880,0.889618,2025-01-24 14:09:47.080,0.137413,2025-01-24 14:09:15.000,2025-01-24 14:10:15.000,eqt_explosions_th0_1/20250124T140915Z_20250124T141015Z/KAF_outputs/X_prediction_results.csv
FIA0,HE,FIA0,0,0.0,0.0,0.0,2025-01-24 14:09:20.900,0.839052,2025-01-24 14:09:22.680,0.380292,2025-01-24 14:09:15.000,2025-01-24 14:10:15.000,eqt_explosions_th0_1/20250124T140915Z_20250124T141015Z/FIA0_outputs/X_prediction_results.csv
SUF,HE,SUF,0,0.0,0.0,0.0,2025-01-24 14:09:26.180,0.846321,2025-01-24 14:09:55.620,0.241774,2025-01-24 14:09:21.000,2025-01-24 14:10:21.000,eqt_explosions_th0_1/20250124T140921Z_20250124T141021Z/SUF_outputs/X_prediction_results.csv
PVF,HE,PVF,0,0.0,0.0,0.0,,,2025-01-24 14:09:26.932,0.275812,2025-01-24 14:09:21.000,2025-01-24 14:10:21.000,eqt_explosions_th0_1/20250124T140921Z_20250124T141021Z/PVF_outputs/X_prediction_results.csv
KEF,HE,KEF,0,0.0,0.0,0.0,2025-01-24 14:09:31.400,0.847981,,,2025-01-24 14:09:26.000,2025-01-24 14:10:26.000,eqt_explosions_th0_1/20250124T140926Z_20250124T141026Z/KEF_outputs/X_prediction_results.csv
NUR,HE,NUR,0,0.0,0.0,0.0,,,2025-01-24 14:09:34.660,0.141027,2025-01-24 14:09:29.000,2025-01-24 14:10:29.000,eqt_explosions_th0_1/20250124T140929Z_20250124T141029Z/NUR_outputs/X_prediction_results.csv
TRE03,HE,TRE03,0,0.0,0.0,0.0,,,2025-01-24 14:09:35.700,0.456121,2025-01-24 14:09:30.000,2025-01-24 14:10:30.000,eqt_explosions_th0_1/20250124T140930Z_20250124T141030Z/TRE03_outputs/X_prediction_results.csv
RAJF,FN,RAJF,0,0.0,0.0,0.0,,,2025-01-24 19:42:25.460,0.150609,2025-01-24 19:41:53.000,2025-01-24 19:42:53.000,eqt_explosions_th0_1/20250124T194153Z_20250124T194253Z/RAJF_outputs/X_prediction_results.csv
KU6,HE,KU6,0,0.0,0.0,0.0,,,2025-01-24 19:42:28.450,0.50035,2025-01-24 19:41:54.000,2025-01-24 19:42:54.000,eqt_explosions_th0_1/20250124T194154Z_20250124T194254Z/KU6_outputs/X_prediction_results.csv
KEV,HE,KEV,0,0.0,0.0,0.0,2025-01-24 19:42:56.640,0.327255,,,2025-01-24 19:42:44.000,2025-01-24 19:43:44.000,eqt_explosions_th0_1/20250124T194244Z_20250124T194344Z/KEV_outputs/X_prediction_results.csv
KEV,HE,KEV,0,0.0,0.0,0.0,2025-01-24 19:42:57.930,0.176316,,,2025-01-24 19:42:44.000,2025-01-24 19:43:44.000,eqt_explosions_th0_1/20250124T194244Z_20250124T194344Z/KEV_outputs/X_prediction_results.csv
KEV,HE,KEV,0,0.0,0.0,0.0,2025-01-24 19:42:49.950,0.138676,2025-01-24 19:43:02.600,0.668531,2025-01-24 19:42:44.000,2025-01-24 19:43:44.000,eqt_explosions_th0_1/20250124T194244Z_20250124T194344Z/KEV_outputs/X_prediction_results.csv
VRF,HE,VRF,0,0.0,0.0,0.0,2025-01-25 00:53:57.970,0.918509,2025-01-25 00:54:18.710,0.411102,2025-01-25 00:53:52.000,2025-01-25 00:54:52.000,eqt_explosions_th0_1/20250125T005352Z_20250125T005452Z/VRF_outputs/X_prediction_results.csv
RAJF,FN,RAJF,0,0.0,0.0,0.0,2025-01-25 00:54:07.550,0.465874,2025-01-25 00:54:35.370,0.389645,2025-01-25 00:54:02.000,2025-01-25 00:55:02.000,eqt_explosions_th0_1/20250125T005402Z_20250125T005502Z/RAJF_outputs/X_prediction_results.csv
KU6,HE,KU6,0,0.0,0.0,0.0,2025-01-25 00:54:08.680,0.905098,2025-01-25 00:54:38.410,0.199015,2025-01-25 00:54:03.000,2025-01-25 00:55:03.000,eqt_explosions_th0_1/20250125T005403Z_20250125T005503Z/KU6_outputs/X_prediction_results.csv
OLKF,FN,OLKF,0,0.0,0.0,0.0,2025-01-25 00:54:08.450,0.910546,2025-01-25 00:54:37.180,0.325045,2025-01-25 00:54:03.000,2025-01-25 00:55:03.000,eqt_explosions_th0_1/20250125T005403Z_20250125T005503Z/OLKF_outputs/X_prediction_results.csv
KU1,HE,KU1,0,0.0,0.0,0.0,,,2025-01-25 00:54:50.890,0.294003,2025-01-25 00:54:11.000,2025-01-25 00:55:11.000,eqt_explosions_th0_1/20250125T005411Z_20250125T005511Z/KU1_outputs/X_prediction_results.csv
KU2,HE,KU2,0,0.0,0.0,0.0,2025-01-25 00:54:20.960,0.690777,,,2025-01-25 00:54:15.000,2025-01-25 00:55:15.000,eqt_explosions_th0_1/20250125T005415Z_20250125T005515Z/KU2_outputs/X_prediction_results.csv
KU2,HE,KU2,0,0.0,0.0,0.0,,,2025-01-25 00:54:58.860,0.209802,2025-01-25 00:54:15.000,2025-01-25 00:55:15.000,eqt_explosions_th0_1/20250125T005415Z_20250125T005515Z/KU2_outputs/X_prediction_results.csv
KEV,HE,KEV,0,0.0,0.0,0.0,2025-01-25 00:54:21.970,0.926421,,,2025-01-25 00:54:16.000,2025-01-25 00:55:16.000,eqt_explosions_th0_1/20250125T005416Z_20250125T005516Z/KEV_outputs/X_prediction_results.csv
KEV,HE,KEV,0,0.0,0.0,0.0,,,2025-01-25 00:55:00.490,0.513953,2025-01-25 00:54:16.000,2025-01-25 00:55:16.000,eqt_explosions_th0_1/20250125T005416Z_20250125T005516Z/KEV_outputs/X_prediction_results.csv
TOF,HE,TOF,0,0.0,0.0,0.0,2025-01-25 00:54:43.380,0.157372,,,2025-01-25 00:54:37.000,2025-01-25 00:55:37.000,eqt_explosions_th0_1/20250125T005437Z_20250125T005537Z/TOF_outputs/X_prediction_results.csv
KLF,FN,KLF,0,0.0,0.0,0.0,2025-01-25 10:25:28.560,0.934958,2025-01-25 10:25:33.740,0.242575,2025-01-25 10:25:23.000,2025-01-25 10:26:23.000,eqt_explosions_th0_1/20250125T102523Z_20250125T102623Z/KLF_outputs/X_prediction_results.csv
HEF,HE,HEF,0,0.0,0.0,0.0,2025-01-25 10:25:41.180,0.9533,2025-01-25 10:25:55.790,0.297661,2025-01-25 10:25:36.000,2025-01-25 10:26:36.000,eqt_explosions_th0_1/20250125T102536Z_20250125T102636Z/HEF_outputs/X_prediction_results.csv
TOF,HE,TOF,0,0.0,0.0,0.0,2025-01-25 10:25:48.980,0.623998,2025-01-25 10:26:09.830,0.113748,2025-01-25 10:25:43.000,2025-01-25 10:26:43.000,eqt_explosions_th0_1/20250125T102543Z_20250125T102643Z/TOF_outputs/X_prediction_results.csv
KIF,HE,KIF,0,0.0,0.0,0.0,2025-01-25 10:25:56.760,0.7463,2025-01-25 10:26:21.260,0.145374,2025-01-25 10:25:51.000,2025-01-25 10:26:51.000,eqt_explosions_th0_1/20250125T102551Z_20250125T102651Z/KIF_outputs/X_prediction_results.csv
RANF,FN,RANF,0,0.0,0.0,0.0,2025-01-25 10:25:58.710,0.27115,2025-01-25 10:26:24.570,0.191923,2025-01-25 10:25:53.000,2025-01-25 10:26:53.000,eqt_explosions_th0_1/20250125T102553Z_20250125T102653Z/RANF_outputs/X_prediction_results.csv
RAJF,FN,RAJF,0,0.0,0.0,0.0,2025-01-25 10:26:00.150,0.5398,,,2025-01-25 10:25:55.000,2025-01-25 10:26:55.000,eqt_explosions_th0_1/20250125T102555Z_20250125T102655Z/RAJF_outputs/X_prediction_results.csv
RAJF,FN,RAJF,0,0.0,0.0,0.0,,,2025-01-25 10:26:30.840,0.158553,2025-01-25 10:25:55.000,2025-01-25 10:26:55.000,eqt_explosions_th0_1/20250125T102555Z_20250125T102655Z/RAJF_outputs/X_prediction_results.csv
KU2,HE,KU2,0,0.0,0.0,0.0,2025-01-25 10:26:07.880,0.191115,,,2025-01-25 10:26:02.000,2025-01-25 10:27:02.000,eqt_explosions_th0_1/20250125T102602Z_20250125T102702Z/KU2_outputs/X_prediction_results.csv
KEV,HE,KEV,0,0.0,0.0,0.0,2025-01-25 10:26:08.140,0.892801,,,2025-01-25 10:26:03.000,2025-01-25 10:27:03.000,eqt_explosions_th0_1/20250125T102603Z_20250125T102703Z/KEV_outputs/X_prediction_results.csv
KEV,HE,KEV,0,0.0,0.0,0.0,,,2025-01-25 10:26:44.830,0.528748,2025-01-25 10:26:03.000,2025-01-25 10:27:03.000,eqt_explosions_th0_1/20250125T102603Z_20250125T102703Z/KEV_outputs/X_prediction_results.csv
KU6,HE,KU6,0,0.0,0.0,0.0,2025-01-25 10:26:11.790,0.941322,2025-01-25 10:26:16.330,0.205981,2025-01-25 10:26:06.000,2025-01-25 10:27:06.000,eqt_explosions_th0_1/20250125T102606Z_20250125T102706Z/KU6_outputs/X_prediction_results.csv
KU1,HE,KU1,0,0.0,0.0,0.0,2025-01-25 10:26:13.990,0.908493,,,2025-01-25 10:26:08.000,2025-01-25 10:27:08.000,eqt_explosions_th0_1/20250125T102608Z_20250125T102708Z/KU1_outputs/X_prediction_results.csv
KU1,HE,KU1,0,0.0,0.0,0.0,,,2025-01-25 10:26:51.570,0.349472,2025-01-25 10:26:08.000,2025-01-25 10:27:08.000,eqt_explosions_th0_1/20250125T102608Z_20250125T102708Z/KU1_outputs/X_prediction_results.csv
HEF,HE,HEF,0,0.0,0.0,0.0,2025-01-25 16:43:53.530,0.141309,2025-01-25 16:44:01.590,0.410585,2025-01-25 16:43:48.000,2025-01-25 16:44:48.000,eqt_explosions_th0_1/20250125T164348Z_20250125T164448Z/HEF_outputs/X_prediction_results.csv
KLF,FN,KLF,0,0.0,0.0,0.0,2025-01-25 16:43:54.410,0.231467,2025-01-25 16:44:06.260,0.2464,2025-01-25 16:43:49.000,2025-01-25 16:44:49.000,eqt_explosions_th0_1/20250125T164349Z_20250125T164449Z/KLF_outputs/X_prediction_results.csv
VRF,HE,VRF,0,0.0,0.0,0.0,2025-01-25 20:12:09.300,0.297238,2025-01-25 20:12:28.810,0.387599,2025-01-25 20:12:04.000,2025-01-25 20:13:04.000,eqt_explosions_th0_1/20250125T201204Z_20250125T201304Z/VRF_outputs/X_prediction_results.csv
OLKF,FN,OLKF,0,0.0,0.0,0.0,2025-01-25 20:12:19.900,0.497469,,,2025-01-25 20:12:14.000,2025-01-25 20:13:14.000,eqt_explosions_th0_1/20250125T201214Z_20250125T201314Z/OLKF_outputs/X_prediction_results.csv
KU6,HE,KU6,0,0.0,0.0,0.0,2025-01-25 20:12:20.580,0.346076,2025-01-25 20:12:35.330,0.19997,2025-01-25 20:12:15.000,2025-01-25 20:13:15.000,eqt_explosions_th0_1/20250125T201215Z_20250125T201315Z/KU6_outputs/X_prediction_results.csv
VRF,HE,VRF,0,0.0,0.0,0.0,,,2025-01-25 20:16:52.210,0.278474,2025-01-25 20:16:27.000,2025-01-25 20:17:27.000,eqt_explosions_th0_1/20250125T201627Z_20250125T201727Z/VRF_outputs/X_prediction_results.csv
KU6,HE,KU6,0,0.0,0.0,0.0,2025-01-25 20:16:43.530,0.277599,2025-01-25 20:17:12.480,0.486418,2025-01-25 20:16:38.000,2025-01-25 20:17:38.000,eqt_explosions_th0_1/20250125T201638Z_20250125T201738Z/KU6_outputs/X_prediction_results.csv
OLKF,FN,OLKF,0,0.0,0.0,0.0,,,2025-01-25 20:17:10.300,0.465999,2025-01-25 20:16:38.000,2025-01-25 20:17:38.000,eqt_explosions_th0_1/20250125T201638Z_20250125T201738Z/OLKF_outputs/X_prediction_results.csv
KEV,HE,KEV,0,0.0,0.0,0.0,2025-01-25 20:17:33.810,0.554042,2025-01-25 20:17:40.610,0.15713,2025-01-25 20:17:28.000,2025-01-25 20:18:28.000,eqt_explosions_th0_1/20250125T201728Z_20250125T201828Z/KEV_outputs/X_prediction_results.csv
KLF,FN,KLF,0,0.0,0.0,0.0,2025-01-25 23:03:36.150,0.925403,2025-01-25 23:03:53.070,0.251923,2025-01-25 23:03:31.000,2025-01-25 23:04:31.000,eqt_explosions_th0_1/20250125T230331Z_20250125T230431Z/KLF_outputs/X_prediction_results.csv
HEF,HE,HEF,0,0.0,0.0,0.0,2025-01-25 23:03:42.880,0.272967,2025-01-25 23:04:04.500,0.371901,2025-01-25 23:03:37.000,2025-01-25 23:04:37.000,eqt_explosions_th0_1/20250125T230337Z_20250125T230437Z/HEF_outputs/X_prediction_results.csv
TOF,HE,TOF,0,0.0,0.0,0.0,2025-01-25 23:03:45.730,0.718858,2025-01-25 23:04:10.130,0.410372,2025-01-25 23:03:40.000,2025-01-25 23:04:40.000,eqt_explosions_th0_1/20250125T230340Z_20250125T230440Z/TOF_outputs/X_prediction_results.csv
KIF,HE,KIF,0,0.0,0.0,0.0,2025-01-25 23:03:46.240,0.867901,2025-01-25 23:04:11.850,0.408234,2025-01-25 23:03:41.000,2025-01-25 23:04:41.000,eqt_explosions_th0_1/20250125T230341Z_20250125T230441Z/KIF_outputs/X_prediction_results.csv
KU6,HE,KU6,0,0.0,0.0,0.0,,,2025-01-25 23:05:53.500,0.185131,2025-01-25 23:05:09.000,2025-01-25 23:06:09.000,eqt_explosions_th0_1/20250125T230509Z_20250125T230609Z/KU6_outputs/X_prediction_results.csv
JOF,HE,JOF,0,0.0,0.0,0.0,2025-01-26 08:49:41.890,0.954743,2025-01-26 08:49:55.250,0.265929,2025-01-26 08:49:36.000,2025-01-26 08:50:36.000,eqt_explosions_th0_1/20250126T084936Z_20250126T085036Z/JOF_outputs/X_prediction_results.csv
RUF,HE,RUF,0,0.0,0.0,0.0,2025-01-26 08:49:45.906,0.957277,2025-01-26 08:50:02.396,0.247831,2025-01-26 08:49:40.000,2025-01-26 08:50:40.000,eqt_explosions_th0_1/20250126T084940Z_20250126T085040Z/RUF_outputs/X_prediction_results.csv
RUF,HE,RUF,0,0.0,0.0,0.0,,,2025-01-26 08:50:06.786,0.117014,2025-01-26 08:49:40.000,2025-01-26 08:50:40.000,eqt_explosions_th0_1/20250126T084940Z_20250126T085040Z/RUF_outputs/X_prediction_results.csv
KY17,HE,KY17,0,0.0,0.0,0.0,2025-01-26 08:50:02.506,0.930208,,,2025-01-26 08:49:57.000,2025-01-26 08:50:57.000,eqt_explosions_th0_1/20250126T084957Z_20250126T085057Z/KY17_outputs/X_prediction_results.csv
NIF,HE,NIF,0,0.0,0.0,0.0,2025-01-26 08:50:02.388,0.945654,2025-01-26 08:50:31.168,0.364773,2025-01-26 08:49:57.000,2025-01-26 08:50:57.000,eqt_explosions_th0_1/20250126T084957Z_20250126T085057Z/NIF_outputs/X_prediction_results.csv
KY17,HE,KY17,0,0.0,0.0,0.0,,,2025-01-26 08:50:34.476,0.351207,2025-01-26 08:49:57.000,2025-01-26 08:50:57.000,eqt_explosions_th0_1/20250126T084957Z_20250126T085057Z/KY17_outputs/X_prediction_results.csv
