file_name,network,station,instrument_type,station_lat,station_lon,station_elv,p_arrival_time,p_probability,s_arrival_time,s_probability,start_dt,end_dt,source_file
HEF,HE,HEF,0,0.0,0.0,0.0,2025-01-01 09:22:03.660,0.370061,2025-01-01 09:22:11.430,0.633667,2025-01-01 09:21:57.000,2025-01-01 09:22:57.000,eqt_earthquakes_th0_1/20250101T092157Z_20250101T092257Z/HEF_outputs/X_prediction_results.csv
HEF,HE,HEF,0,0.0,0.0,0.0,2025-01-01 09:22:04.650,0.200711,,,2025-01-01 09:21:57.000,2025-01-01 09:22:57.000,eqt_earthquakes_th0_1/20250101T092157Z_20250101T092257Z/HEF_outputs/X_prediction_results.csv
KLF,FN,KLF,0,0.0,0.0,0.0,2025-01-01 09:22:07.750,0.918025,2025-01-01 09:22:18.030,0.409549,2025-01-01 09:22:02.000,2025-01-01 09:23:02.000,eqt_earthquakes_th0_1/20250101T092202Z_20250101T092302Z/KLF_outputs/X_prediction_results.csv
SGF,FN,SGF,0,0.0,0.0,0.0,2025-01-01 09:22:20.000,0.373512,2025-01-01 09:22:37.830,0.213876,2025-01-01 09:22:12.000,2025-01-01 09:23:12.000,eqt_earthquakes_th0_1/20250101T092212Z_20250101T092312Z/SGF_outputs/X_prediction_results.csv
SGF,FN,SGF,0,0.0,0.0,0.0,2025-01-01 09:22:21.010,0.151434,,,2025-01-01 09:22:12.000,2025-01-01 09:23:12.000,eqt_earthquakes_th0_1/20250101T092212Z_20250101T092312Z/SGF_outputs/X_prediction_results.csv
RNF,FN,RNF,0,0.0,0.0,0.0,2025-01-01 09:22:24.810,0.328793,2025-01-01 09:22:47.750,0.318784,2025-01-01 09:22:18.000,2025-01-01 09:23:18.000,eqt_earthquakes_th0_1/20250101T092218Z_20250101T092318Z/RNF_outputs/X_prediction_results.csv
RNF,FN,RNF,0,0.0,0.0,0.0,2025-01-01 09:22:25.810,0.337249,,,2025-01-01 09:22:18.000,2025-01-01 09:23:18.000,eqt_earthquakes_th0_1/20250101T092218Z_20250101T092318Z/RNF_outputs/X_prediction_results.csv
RNF,FN,RNF,0,0.0,0.0,0.0,2025-01-01 09:22:47.850,0.315746,,,2025-01-01 09:22:18.000,2025-01-01 09:23:18.000,eqt_earthquakes_th0_1/20250101T092218Z_20250101T092318Z/RNF_outputs/X_prediction_results.csv
KLF,FN,KLF,0,0.0,0.0,0.0,2025-01-02 04:42:13.350,0.955902,2025-01-02 04:42:15.920,0.854109,2025-01-02 04:42:08.000,2025-01-02 04:43:08.000,eqt_earthquakes_th0_1/20250102T044208Z_20250102T044308Z/KLF_outputs/X_prediction_results.csv
RNF,FN,RNF,0,0.0,0.0,0.0,2025-01-02 04:42:25.750,0.920895,2025-01-02 04:42:37.330,0.412854,2025-01-02 04:42:20.000,2025-01-02 04:43:20.000,eqt_earthquakes_th0_1/20250102T044220Z_20250102T044320Z/RNF_outputs/X_prediction_results.csv
TOF,HE,TOF,0,0.0,0.0,0.0,,,2025-01-02 04:42:40.560,0.412737,2025-01-02 04:42:22.000,2025-01-02 04:43:22.000,eqt_earthquakes_th0_1/20250102T044222Z_20250102T044322Z/TOF_outputs/X_prediction_results.csv
SGF,FN,SGF,0,0.0,0.0,0.0,2025-01-02 04:42:28.030,0.138766,2025-01-02 04:42:41.420,0.401167,2025-01-02 04:42:22.000,2025-01-02 04:43:22.000,eqt_earthquakes_th0_1/20250102T044222Z_20250102T044322Z/SGF_outputs/X_prediction_results.csv
HEF,HE,HEF,0,0.0,0.0,0.0,2025-01-02 04:42:34.070,0.105162,2025-01-02 04:42:51.450,0.4156,2025-01-02 04:42:28.000,2025-01-02 04:43:28.000,eqt_earthquakes_th0_1/20250102T044228Z_20250102T044328Z/HEF_outputs/X_prediction_results.csv
RANF,FN,RANF,0,0.0,0.0,0.0,2025-01-02 04:42:36.910,0.242952,,,2025-01-02 04:42:30.000,2025-01-02 04:43:30.000,eqt_earthquakes_th0_1/20250102T044230Z_20250102T044330Z/RANF_outputs/X_prediction_results.csv
RANF,FN,RANF,0,0.0,0.0,0.0,2025-01-02 04:42:35.910,0.195551,2025-01-02 04:42:56.830,0.419875,2025-01-02 04:42:30.000,2025-01-02 04:43:30.000,eqt_earthquakes_th0_1/20250102T044230Z_20250102T044330Z/RANF_outputs/X_prediction_results.csv
OBF8,HE,OBF8,0,0.0,0.0,0.0,2025-01-05 04:54:59.766,0.835283,2025-01-05 04:55:14.536,0.519794,2025-01-05 04:54:54.000,2025-01-05 04:55:54.000,eqt_earthquakes_th0_1/20250105T045454Z_20250105T045554Z/OBF8_outputs/X_prediction_results.csv
OBF0,HE,OBF0,0,0.0,0.0,0.0,2025-01-05 04:55:05.540,0.936994,2025-01-05 04:55:24.790,0.597798,2025-01-05 04:55:00.000,2025-01-05 04:56:00.000,eqt_earthquakes_th0_1/20250105T045500Z_20250105T045600Z/OBF0_outputs/X_prediction_results.csv
OUF,HE,OUF,0,0.0,0.0,0.0,2025-01-05 04:55:08.870,0.898403,2025-01-05 04:55:32.010,0.326437,2025-01-05 04:55:03.000,2025-01-05 04:56:03.000,eqt_earthquakes_th0_1/20250105T045503Z_20250105T045603Z/OUF_outputs/X_prediction_results.csv
VAF,HE,VAF,0,0.0,0.0,0.0,2025-01-05 04:55:08.670,0.932715,2025-01-05 04:55:29.820,0.341332,2025-01-05 04:55:03.000,2025-01-05 04:56:03.000,eqt_earthquakes_th0_1/20250105T045503Z_20250105T045603Z/VAF_outputs/X_prediction_results.csv
OBF3,HE,OBF3,0,0.0,0.0,0.0,2025-01-05 04:55:09.214,0.682096,2025-01-05 04:55:31.044,0.24644,2025-01-05 04:55:04.000,2025-01-05 04:56:04.000,eqt_earthquakes_th0_1/20250105T045504Z_20250105T045604Z/OBF3_outputs/X_prediction_results.csv
ALAJF,HE,ALAJF,0,0.0,0.0,0.0,2025-01-05 04:55:13.310,0.636094,2025-01-05 04:55:38.550,0.540715,2025-01-05 04:55:08.000,2025-01-05 04:56:08.000,eqt_earthquakes_th0_1/20250105T045508Z_20250105T045608Z/ALAJF_outputs/X_prediction_results.csv
TOF,HE,TOF,0,0.0,0.0,0.0,,,2025-01-05 04:55:46.080,0.366704,2025-01-05 04:55:39.000,2025-01-05 04:56:39.000,eqt_earthquakes_th0_1/20250105T045539Z_20250105T045639Z/TOF_outputs/X_prediction_results.csv
KLF,FN,KLF,0,0.0,0.0,0.0,2025-01-05 16:19:50.450,0.940117,2025-01-05 16:20:00.120,0.463587,2025-01-05 16:19:45.000,2025-01-05 16:20:45.000,eqt_earthquakes_th0_1/20250105T161945Z_20250105T162045Z/KLF_outputs/X_prediction_results.csv
HEF,HE,HEF,0,0.0,0.0,0.0,2025-01-05 16:19:52.020,0.875759,2025-01-05 16:20:02.630,0.544183,2025-01-05 16:19:47.000,2025-01-05 16:20:47.000,eqt_earthquakes_th0_1/20250105T161947Z_20250105T162047Z/HEF_outputs/X_prediction_results.csv
VAF,HE,VAF,0,0.0,0.0,0.0,2025-01-06 06:03:46.850,0.199123,2025-01-06 06:04:04.490,0.283631,2025-01-06 06:03:37.000,2025-01-06 06:04:37.000,eqt_earthquakes_th0_1/20250106T060337Z_20250106T060437Z/VAF_outputs/X_prediction_results.csv
VAF,HE,VAF,0,0.0,0.0,0.0,2025-01-06 06:04:04.190,0.652273,,,2025-01-06 06:03:37.000,2025-01-06 06:04:37.000,eqt_earthquakes_th0_1/20250106T060337Z_20250106T060437Z/VAF_outputs/X_prediction_results.csv
VAF,HE,VAF,0,0.0,0.0,0.0,2025-01-06 12:26:58.610,0.23865,2025-01-06 12:27:18.940,0.367955,2025-01-06 12:26:53.000,2025-01-06 12:27:53.000,eqt_earthquakes_th0_1/20250106T122653Z_20250106T122753Z/VAF_outputs/X_prediction_results.csv
OBF8,HE,OBF8,0,0.0,0.0,0.0,2025-01-06 12:27:07.922,0.169911,2025-01-06 12:27:09.242,0.382784,2025-01-06 12:27:02.000,2025-01-06 12:28:02.000,eqt_earthquakes_th0_1/20250106T122702Z_20250106T122802Z/OBF8_outputs/X_prediction_results.csv
TOF,HE,TOF,0,0.0,0.0,0.0,,,2025-01-06 19:02:01.810,0.509885,2025-01-06 19:01:46.000,2025-01-06 19:02:46.000,eqt_earthquakes_th0_1/20250106T190146Z_20250106T190246Z/TOF_outputs/X_prediction_results.csv
OBF3,HE,OBF3,0,0.0,0.0,0.0,2025-01-06 19:02:07.022,0.14945,2025-01-06 19:02:10.502,0.152233,2025-01-06 19:02:01.000,2025-01-06 19:03:01.000,eqt_earthquakes_th0_1/20250106T190201Z_20250106T190301Z/OBF3_outputs/X_prediction_results.csv
OBF0,HE,OBF0,0,0.0,0.0,0.0,,,2025-01-06 19:02:13.472,0.12677,2025-01-06 19:02:05.000,2025-01-06 19:03:05.000,eqt_earthquakes_th0_1/20250106T190205Z_20250106T190305Z/OBF0_outputs/X_prediction_results.csv
OUF,HE,OUF,0,0.0,0.0,0.0,,,2025-01-06 19:02:19.530,0.13376,2025-01-06 19:02:11.000,2025-01-06 19:03:11.000,eqt_earthquakes_th0_1/20250106T190211Z_20250106T190311Z/OUF_outputs/X_prediction_results.csv
RANF,FN,RANF,0,0.0,0.0,0.0,,,2025-01-06 19:02:29.250,0.146969,2025-01-06 19:02:21.000,2025-01-06 19:03:21.000,eqt_earthquakes_th0_1/20250106T190221Z_20250106T190321Z/RANF_outputs/X_prediction_results.csv
RNF,FN,RNF,0,0.0,0.0,0.0,,,2025-01-06 19:02:28.370,0.334689,2025-01-06 19:02:21.000,2025-01-06 19:03:21.000,eqt_earthquakes_th0_1/20250106T190221Z_20250106T190321Z/RNF_outputs/X_prediction_results.csv
KLF,FN,KLF,0,0.0,0.0,0.0,,,2025-01-06 19:02:32.300,0.279255,2025-01-06 19:02:24.000,2025-01-06 19:03:24.000,eqt_earthquakes_th0_1/20250106T190224Z_20250106T190324Z/KLF_outputs/X_prediction_results.csv
OUF,HE,OUF,0,0.0,0.0,0.0,2025-01-07 04:14:19.450,0.956722,2025-01-07 04:14:21.670,0.868746,2025-01-07 04:14:14.000,2025-01-07 04:15:14.000,eqt_earthquakes_th0_1/20250107T041414Z_20250107T041514Z/OUF_outputs/X_prediction_results.csv
OBF0,HE,OBF0,0,0.0,0.0,0.0,2025-01-07 04:14:21.868,0.949646,2025-01-07 04:14:25.788,0.846837,2025-01-07 04:14:16.000,2025-01-07 04:15:16.000,eqt_earthquakes_th0_1/20250107T041416Z_20250107T041516Z/OBF0_outputs/X_prediction_results.csv
OBF3,HE,OBF3,0,0.0,0.0,0.0,2025-01-07 04:14:25.280,0.945658,2025-01-07 04:14:31.900,0.748629,2025-01-07 04:14:20.000,2025-01-07 04:15:20.000,eqt_earthquakes_th0_1/20250107T041420Z_20250107T041520Z/OBF3_outputs/X_prediction_results.csv
OUL,FN,OUL,0,0.0,0.0,0.0,2025-01-07 04:14:32.540,0.298258,2025-01-07 04:14:44.160,0.543172,2025-01-07 04:14:27.000,2025-01-07 04:15:27.000,eqt_earthquakes_th0_1/20250107T041427Z_20250107T041527Z/OUL_outputs/X_prediction_results.csv
ALAJF,HE,ALAJF,0,0.0,0.0,0.0,2025-01-07 04:14:38.872,0.955618,2025-01-07 04:14:54.932,0.452656,2025-01-07 04:14:33.000,2025-01-07 04:15:33.000,eqt_earthquakes_th0_1/20250107T041433Z_20250107T041533Z/ALAJF_outputs/X_prediction_results.csv
VAF,HE,VAF,0,0.0,0.0,0.0,2025-01-07 04:14:44.450,0.871004,2025-01-07 04:15:04.980,0.488501,2025-01-07 04:14:39.000,2025-01-07 04:15:39.000,eqt_earthquakes_th0_1/20250107T041439Z_20250107T041539Z/VAF_outputs/X_prediction_results.csv
TOF,HE,TOF,0,0.0,0.0,0.0,,,2025-01-07 04:15:09.350,0.476619,2025-01-07 04:14:41.000,2025-01-07 04:15:41.000,eqt_earthquakes_th0_1/20250107T041441Z_20250107T041541Z/TOF_outputs/X_prediction_results.csv
NIF,HE,NIF,0,0.0,0.0,0.0,,,2025-01-07 04:15:07.566,0.344762,2025-01-07 04:15:01.000,2025-01-07 04:16:01.000,eqt_earthquakes_th0_1/20250107T041501Z_20250107T041601Z/NIF_outputs/X_prediction_results.csv
VAF,HE,VAF,0,0.0,0.0,0.0,2025-01-08 10:50:21.740,0.888767,2025-01-08 10:50:43.510,0.502059,2025-01-08 10:50:16.000,2025-01-08 10:51:16.000,eqt_earthquakes_th0_1/20250108T105016Z_20250108T105116Z/VAF_outputs/X_prediction_results.csv
KIF,HE,KIF,0,0.0,0.0,0.0,,,2025-01-08 18:35:53.730,0.510719,2025-01-08 18:35:44.000,2025-01-08 18:36:44.000,eqt_earthquakes_th0_1/20250108T183544Z_20250108T183644Z/KIF_outputs/X_prediction_results.csv
HEF,HE,HEF,0,0.0,0.0,0.0,,,2025-01-08 18:35:53.090,0.290379,2025-01-08 18:35:46.000,2025-01-08 18:36:46.000,eqt_earthquakes_th0_1/20250108T183546Z_20250108T183646Z/HEF_outputs/X_prediction_results.csv
OBF0,HE,OBF0,0,0.0,0.0,0.0,2025-01-09 03:40:24.854,0.244182,2025-01-09 03:40:44.484,0.487409,2025-01-09 03:40:19.000,2025-01-09 03:41:19.000,eqt_earthquakes_th0_1/20250109T034019Z_20250109T034119Z/OBF0_outputs/X_prediction_results.csv
VAF,HE,VAF,0,0.0,0.0,0.0,2025-01-09 03:40:24.850,0.289597,2025-01-09 03:40:45.390,0.203632,2025-01-09 03:40:19.000,2025-01-09 03:41:19.000,eqt_earthquakes_th0_1/20250109T034019Z_20250109T034119Z/VAF_outputs/X_prediction_results.csv
VAF,HE,VAF,0,0.0,0.0,0.0,2025-01-09 03:40:25.850,0.422533,,,2025-01-09 03:40:19.000,2025-01-09 03:41:19.000,eqt_earthquakes_th0_1/20250109T034019Z_20250109T034119Z/VAF_outputs/X_prediction_results.csv
OBF3,HE,OBF3,0,0.0,0.0,0.0,,,2025-01-09 03:40:52.218,0.506208,2025-01-09 03:40:24.000,2025-01-09 03:41:24.000,eqt_earthquakes_th0_1/20250109T034024Z_20250109T034124Z/OBF3_outputs/X_prediction_results.csv
ALAJF,HE,ALAJF,0,0.0,0.0,0.0,,,2025-01-09 03:40:54.822,0.645924,2025-01-09 03:40:48.000,2025-01-09 03:41:48.000,eqt_earthquakes_th0_1/20250109T034048Z_20250109T034148Z/ALAJF_outputs/X_prediction_results.csv
TOF,HE,TOF,0,0.0,0.0,0.0,2025-01-10 12:43:54.910,0.93313,2025-01-10 12:44:07.980,0.315433,2025-01-10 12:43:49.000,2025-01-10 12:44:49.000,eqt_earthquakes_th0_1/20250110T124349Z_20250110T124449Z/TOF_outputs/X_prediction_results.csv
KLF,FN,KLF,0,0.0,0.0,0.0,2025-01-10 12:43:56.750,0.945253,2025-01-10 12:44:10.890,0.620794,2025-01-10 12:43:51.000,2025-01-10 12:44:51.000,eqt_earthquakes_th0_1/20250110T124351Z_20250110T124451Z/KLF_outputs/X_prediction_results.csv
RNF,FN,RNF,0,0.0,0.0,0.0,2025-01-10 12:44:05.930,0.765566,2025-01-10 12:44:26.230,0.576086,2025-01-10 12:44:00.000,2025-01-10 12:45:00.000,eqt_earthquakes_th0_1/20250110T124400Z_20250110T124500Z/RNF_outputs/X_prediction_results.csv
SGF,FN,SGF,0,0.0,0.0,0.0,2025-01-10 12:44:12.260,0.109731,2025-01-10 12:44:39.110,0.416954,2025-01-10 12:44:07.000,2025-01-10 12:45:07.000,eqt_earthquakes_th0_1/20250110T124407Z_20250110T124507Z/SGF_outputs/X_prediction_results.csv
TOF,HE,TOF,0,0.0,0.0,0.0,2025-01-12 09:42:32.060,0.934984,2025-01-12 09:42:38.170,0.542817,2025-01-12 09:42:27.000,2025-01-12 09:43:27.000,eqt_earthquakes_th0_1/20250112T094227Z_20250112T094327Z/TOF_outputs/X_prediction_results.csv
OBF3,HE,OBF3,0,0.0,0.0,0.0,2025-01-12 09:42:44.318,0.119489,2025-01-12 09:42:59.588,0.478745,2025-01-12 09:42:39.000,2025-01-12 09:43:39.000,eqt_earthquakes_th0_1/20250112T094239Z_20250112T094339Z/OBF3_outputs/X_prediction_results.csv
OUL,FN,OUL,0,0.0,0.0,0.0,2025-01-12 09:42:46.450,0.948408,2025-01-12 09:43:03.050,0.293627,2025-01-12 09:42:41.000,2025-01-12 09:43:41.000,eqt_earthquakes_th0_1/20250112T094241Z_20250112T094341Z/OUL_outputs/X_prediction_results.csv
OBF0,HE,OBF0,0,0.0,0.0,0.0,2025-01-12 09:42:48.448,0.28947,2025-01-12 09:43:06.368,0.356072,2025-01-12 09:42:43.000,2025-01-12 09:43:43.000,eqt_earthquakes_th0_1/20250112T094243Z_20250112T094343Z/OBF0_outputs/X_prediction_results.csv
RNF,FN,RNF,0,0.0,0.0,0.0,2025-01-12 09:42:48.310,0.187558,2025-01-12 09:43:08.040,0.176314,2025-01-12 09:42:43.000,2025-01-12 09:43:43.000,eqt_earthquakes_th0_1/20250112T094243Z_20250112T094343Z/RNF_outputs/X_prediction_results.csv
KLF,FN,KLF,0,0.0,0.0,0.0,2025-01-12 09:42:48.900,0.902546,2025-01-12 09:43:08.140,0.385756,2025-01-12 09:42:43.000,2025-01-12 09:43:43.000,eqt_earthquakes_th0_1/20250112T094243Z_20250112T094343Z/KLF_outputs/X_prediction_results.csv
RANF,FN,RANF,0,0.0,0.0,0.0,2025-01-12 09:42:49.010,0.913021,2025-01-12 09:43:07.750,0.577342,2025-01-12 09:42:44.000,2025-01-12 09:43:44.000,eqt_earthquakes_th0_1/20250112T094244Z_20250112T094344Z/RANF_outputs/X_prediction_results.csv
SGF,FN,SGF,0,0.0,0.0,0.0,,,2025-01-12 09:43:26.490,0.397995,2025-01-12 09:42:54.000,2025-01-12 09:43:54.000,eqt_earthquakes_th0_1/20250112T094254Z_20250112T094354Z/SGF_outputs/X_prediction_results.csv
TOF,HE,TOF,0,0.0,0.0,0.0,2025-01-12 17:26:45.020,0.941088,2025-01-12 17:26:54.870,0.561412,2025-01-12 17:26:40.000,2025-01-12 17:27:40.000,eqt_earthquakes_th0_1/20250112T172640Z_20250112T172740Z/TOF_outputs/X_prediction_results.csv
RNF,FN,RNF,0,0.0,0.0,0.0,2025-01-12 17:27:00.320,0.870496,2025-01-12 17:27:23.430,0.268425,2025-01-12 17:26:55.000,2025-01-12 17:27:55.000,eqt_earthquakes_th0_1/20250112T172655Z_20250112T172755Z/RNF_outputs/X_prediction_results.csv
RANF,FN,RANF,0,0.0,0.0,0.0,,,2025-01-12 17:27:22.520,0.439608,2025-01-12 17:26:56.000,2025-01-12 17:27:56.000,eqt_earthquakes_th0_1/20250112T172656Z_20250112T172756Z/RANF_outputs/X_prediction_results.csv
KLF,FN,KLF,0,0.0,0.0,0.0,2025-01-12 17:27:01.200,0.202109,2025-01-12 17:27:24.550,0.319588,2025-01-12 17:26:56.000,2025-01-12 17:27:56.000,eqt_earthquakes_th0_1/20250112T172656Z_20250112T172756Z/KLF_outputs/X_prediction_results.csv
OBF0,HE,OBF0,0,0.0,0.0,0.0,2025-01-12 17:27:10.660,0.126964,2025-01-12 17:27:13.990,0.208061,2025-01-12 17:27:05.000,2025-01-12 17:28:05.000,eqt_earthquakes_th0_1/20250112T172705Z_20250112T172805Z/OBF0_outputs/X_prediction_results.csv
KPF,HE,KPF,0,0.0,0.0,0.0,,,2025-01-12 20:09:15.876,0.190096,2025-01-12 20:09:09.000,2025-01-12 20:10:09.000,eqt_earthquakes_th0_1/20250112T200909Z_20250112T201009Z/KPF_outputs/X_prediction_results.csv
AAL,UP,AAL,0,0.0,0.0,0.0,2025-01-13 03:41:30.120,0.299519,2025-01-13 03:41:58.530,0.50632,2025-01-13 03:41:25.000,2025-01-13 03:42:25.000,eqt_earthquakes_th0_1/20250113T034125Z_20250113T034225Z/AAL_outputs/X_prediction_results.csv
AAL,UP,AAL,0,0.0,0.0,0.0,2025-01-13 03:41:56.220,0.320694,,,2025-01-13 03:41:25.000,2025-01-13 03:42:25.000,eqt_earthquakes_th0_1/20250113T034125Z_20250113T034225Z/AAL_outputs/X_prediction_results.csv
KPF,HE,KPF,0,0.0,0.0,0.0,,,2025-01-13 03:42:10.512,0.403609,2025-01-13 03:42:05.000,2025-01-13 03:43:05.000,eqt_earthquakes_th0_1/20250113T034205Z_20250113T034305Z/KPF_outputs/X_prediction_results.csv
MSF,FN,MSF,0,0.0,0.0,0.0,2025-01-14 15:08:31.370,0.957601,2025-01-14 15:08:33.860,0.866121,2025-01-14 15:08:26.000,2025-01-14 15:09:26.000,eqt_earthquakes_th0_1/20250114T150826Z_20250114T150926Z/MSF_outputs/X_prediction_results.csv
KU6,HE,KU6,0,0.0,0.0,0.0,2025-01-14 15:08:35.680,0.94991,2025-01-14 15:08:41.320,0.631274,2025-01-14 15:08:30.000,2025-01-14 15:09:30.000,eqt_earthquakes_th0_1/20250114T150830Z_20250114T150930Z/KU6_outputs/X_prediction_results.csv
OLKF,FN,OLKF,0,0.0,0.0,0.0,2025-01-14 15:08:35.560,0.937294,2025-01-14 15:08:40.930,0.803716,2025-01-14 15:08:30.000,2025-01-14 15:09:30.000,eqt_earthquakes_th0_1/20250114T150830Z_20250114T150930Z/OLKF_outputs/X_prediction_results.csv
RANF,FN,RANF,0,0.0,0.0,0.0,2025-01-14 15:08:43.450,0.807403,2025-01-14 15:08:54.690,0.460853,2025-01-14 15:08:38.000,2025-01-14 15:09:38.000,eqt_earthquakes_th0_1/20250114T150838Z_20250114T150938Z/RANF_outputs/X_prediction_results.csv
RNF,FN,RNF,0,0.0,0.0,0.0,,,2025-01-14 15:09:10.280,0.375161,2025-01-14 15:09:03.000,2025-01-14 15:10:03.000,eqt_earthquakes_th0_1/20250114T150903Z_20250114T151003Z/RNF_outputs/X_prediction_results.csv
RMF,HE,RMF,0,0.0,0.0,0.0,,,2025-01-14 15:09:21.948,0.416022,2025-01-14 15:09:16.000,2025-01-14 15:10:16.000,eqt_earthquakes_th0_1/20250114T150916Z_20250114T151016Z/RMF_outputs/X_prediction_results.csv
KIF,HE,KIF,0,0.0,0.0,0.0,2025-01-15 01:28:04.760,0.292926,2025-01-15 01:28:26.940,0.61423,2025-01-15 01:27:59.000,2025-01-15 01:28:59.000,eqt_earthquakes_th0_1/20250115T012759Z_20250115T012859Z/KIF_outputs/X_prediction_results.csv
HEF,HE,HEF,0,0.0,0.0,0.0,,,2025-01-15 01:29:00.330,0.412838,2025-01-15 01:28:15.000,2025-01-15 01:29:15.000,eqt_earthquakes_th0_1/20250115T012815Z_20250115T012915Z/HEF_outputs/X_prediction_results.csv
KIF,HE,KIF,0,0.0,0.0,0.0,2025-01-15 07:58:16.870,0.837563,2025-01-15 07:58:30.010,0.520123,2025-01-15 07:58:11.000,2025-01-15 07:59:11.000,eqt_earthquakes_th0_1/20250115T075811Z_20250115T075911Z/KIF_outputs/X_prediction_results.csv
HEF,HE,HEF,0,0.0,0.0,0.0,2025-01-15 07:58:26.430,0.823192,2025-01-15 07:58:46.570,0.409914,2025-01-15 07:58:21.000,2025-01-15 07:59:21.000,eqt_earthquakes_th0_1/20250115T075821Z_20250115T075921Z/HEF_outputs/X_prediction_results.csv
KLF,FN,KLF,0,0.0,0.0,0.0,2025-01-15 07:58:31.560,0.324259,2025-01-15 07:58:57.780,0.47442,2025-01-15 07:58:26.000,2025-01-15 07:59:26.000,eqt_earthquakes_th0_1/20250115T075826Z_20250115T075926Z/KLF_outputs/X_prediction_results.csv
KLF,FN,KLF,0,0.0,0.0,0.0,2025-01-15 07:58:32.550,0.5693,,,2025-01-15 07:58:26.000,2025-01-15 07:59:26.000,eqt_earthquakes_th0_1/20250115T075826Z_20250115T075926Z/KLF_outputs/X_prediction_results.csv
VJF,HE,VJF,0,0.0,0.0,0.0,2025-01-15 09:03:28.684,0.954897,2025-01-15 09:03:31.314,0.859298,2025-01-15 09:03:23.000,2025-01-15 09:04:23.000,eqt_earthquakes_th0_1/20250115T090323Z_20250115T090423Z/VJF_outputs/X_prediction_results.csv
VUOS,HE,VUOS,0,0.0,0.0,0.0,2025-01-15 09:03:44.078,0.492637,2025-01-15 09:03:58.388,0.639015,2025-01-15 09:03:39.000,2025-01-15 09:04:39.000,eqt_earthquakes_th0_1/20250115T090339Z_20250115T090439Z/VUOS_outputs/X_prediction_results.csv
FIA0,HE,FIA0,0,0.0,0.0,0.0,2025-01-15 09:03:44.550,0.951714,2025-01-15 09:03:59.500,0.676789,2025-01-15 09:03:39.000,2025-01-15 09:04:39.000,eqt_earthquakes_th0_1/20250115T090339Z_20250115T090439Z/FIA0_outputs/X_prediction_results.csv
FIA1,HE,FIA1,0,0.0,0.0,0.0,2025-01-15 09:03:44.550,0.949565,2025-01-15 09:03:59.490,0.671256,2025-01-15 09:03:39.000,2025-01-15 09:04:39.000,eqt_earthquakes_th0_1/20250115T090339Z_20250115T090439Z/FIA1_outputs/X_prediction_results.csv
KUNI,HE,KUNI,0,0.0,0.0,0.0,2025-01-15 09:03:45.760,0.773959,2025-01-15 09:04:01.000,0.599264,2025-01-15 09:03:40.000,2025-01-15 09:04:40.000,eqt_earthquakes_th0_1/20250115T090340Z_20250115T090440Z/KUNI_outputs/X_prediction_results.csv
LAUT,HE,LAUT,0,0.0,0.0,0.0,2025-01-15 09:03:46.980,0.319065,2025-01-15 09:04:02.750,0.664128,2025-01-15 09:03:41.000,2025-01-15 09:04:41.000,eqt_earthquakes_th0_1/20250115T090341Z_20250115T090441Z/LAUT_outputs/X_prediction_results.csv
HEL1,HE,HEL1,0,0.0,0.0,0.0,2025-01-15 09:04:02.202,0.522405,2025-01-15 09:04:06.982,0.505318,2025-01-15 09:03:41.000,2025-01-15 09:04:41.000,eqt_earthquakes_th0_1/20250115T090341Z_20250115T090441Z/HEL1_outputs/X_prediction_results.csv
RUF,HE,RUF,0,0.0,0.0,0.0,2025-01-15 09:03:47.824,0.171539,2025-01-15 09:04:04.594,0.421535,2025-01-15 09:03:42.000,2025-01-15 09:04:42.000,eqt_earthquakes_th0_1/20250115T090342Z_20250115T090442Z/RUF_outputs/X_prediction_results.csv
MEF,HE,MEF,0,0.0,0.0,0.0,2025-01-15 09:03:50.470,0.707627,2025-01-15 09:04:09.310,0.467278,2025-01-15 09:03:45.000,2025-01-15 09:04:45.000,eqt_earthquakes_th0_1/20250115T090345Z_20250115T090445Z/MEF_outputs/X_prediction_results.csv
KAF,HE,KAF,0,0.0,0.0,0.0,2025-01-15 09:03:55.070,0.447065,2025-01-15 09:04:17.210,0.595938,2025-01-15 09:03:50.000,2025-01-15 09:04:50.000,eqt_earthquakes_th0_1/20250115T090350Z_20250115T090450Z/KAF_outputs/X_prediction_results.csv
KEF,HE,KEF,0,0.0,0.0,0.0,2025-01-15 09:04:00.360,0.691258,2025-01-15 09:04:27.610,0.571078,2025-01-15 09:03:55.000,2025-01-15 09:04:55.000,eqt_earthquakes_th0_1/20250115T090355Z_20250115T090455Z/KEF_outputs/X_prediction_results.csv
TVF,HE,TVF,0,0.0,0.0,0.0,2025-01-15 09:04:01.124,0.315425,2025-01-15 09:04:28.744,0.335673,2025-01-15 09:03:56.000,2025-01-15 09:04:56.000,eqt_earthquakes_th0_1/20250115T090356Z_20250115T090456Z/TVF_outputs/X_prediction_results.csv
NUR,HE,NUR,0,0.0,0.0,0.0,2025-01-15 09:04:03.738,0.789112,2025-01-15 09:04:08.478,0.39042,2025-01-15 09:03:58.000,2025-01-15 09:04:58.000,eqt_earthquakes_th0_1/20250115T090358Z_20250115T090458Z/NUR_outputs/X_prediction_results.csv
KLF,FN,KLF,0,0.0,0.0,0.0,2025-01-15 10:54:37.550,0.948465,2025-01-15 10:54:47.530,0.648512,2025-01-15 10:54:32.000,2025-01-15 10:55:32.000,eqt_earthquakes_th0_1/20250115T105432Z_20250115T105532Z/KLF_outputs/X_prediction_results.csv
TOF,HE,TOF,0,0.0,0.0,0.0,2025-01-15 10:54:38.430,0.939102,2025-01-15 10:54:48.390,0.360851,2025-01-15 10:54:33.000,2025-01-15 10:55:33.000,eqt_earthquakes_th0_1/20250115T105433Z_20250115T105533Z/TOF_outputs/X_prediction_results.csv
RNF,FN,RNF,0,0.0,0.0,0.0,2025-01-15 10:54:46.080,0.951747,2025-01-15 10:55:01.760,0.692804,2025-01-15 10:54:41.000,2025-01-15 10:55:41.000,eqt_earthquakes_th0_1/20250115T105441Z_20250115T105541Z/RNF_outputs/X_prediction_results.csv
SGF,FN,SGF,0,0.0,0.0,0.0,2025-01-15 10:54:52.630,0.950225,2025-01-15 10:55:13.610,0.367428,2025-01-15 10:54:47.000,2025-01-15 10:55:47.000,eqt_earthquakes_th0_1/20250115T105447Z_20250115T105547Z/SGF_outputs/X_prediction_results.csv
RANF,FN,RANF,0,0.0,0.0,0.0,2025-01-15 10:54:53.450,0.926756,2025-01-15 10:55:14.860,0.611264,2025-01-15 10:54:48.000,2025-01-15 10:55:48.000,eqt_earthquakes_th0_1/20250115T105448Z_20250115T105548Z/RANF_outputs/X_prediction_results.csv
HEF,HE,HEF,0,0.0,0.0,0.0,2025-01-15 10:54:56.080,0.9537,2025-01-15 10:55:19.910,0.435732,2025-01-15 10:54:51.000,2025-01-15 10:55:51.000,eqt_earthquakes_th0_1/20250115T105451Z_20250115T105551Z/HEF_outputs/X_prediction_results.csv
OUL,FN,OUL,0,0.0,0.0,0.0,2025-01-15 10:54:58.030,0.897181,2025-01-15 10:55:23.190,0.236273,2025-01-15 10:54:53.000,2025-01-15 10:55:53.000,eqt_earthquakes_th0_1/20250115T105453Z_20250115T105553Z/OUL_outputs/X_prediction_results.csv
OBF3,HE,OBF3,0,0.0,0.0,0.0,2025-01-15 10:54:58.350,0.935581,2025-01-15 10:55:24.020,0.34693,2025-01-15 10:54:53.000,2025-01-15 10:55:53.000,eqt_earthquakes_th0_1/20250115T105453Z_20250115T105553Z/OBF3_outputs/X_prediction_results.csv
OBF0,HE,OBF0,0,0.0,0.0,0.0,,,2025-01-15 10:55:31.160,0.380417,2025-01-15 10:54:57.000,2025-01-15 10:55:57.000,eqt_earthquakes_th0_1/20250115T105457Z_20250115T105557Z/OBF0_outputs/X_prediction_results.csv
MSF,FN,MSF,0,0.0,0.0,0.0,,,2025-01-15 10:55:40.540,0.599191,2025-01-15 10:55:31.000,2025-01-15 10:56:31.000,eqt_earthquakes_th0_1/20250115T105531Z_20250115T105631Z/MSF_outputs/X_prediction_results.csv
RAJF,FN,RAJF,0,0.0,0.0,0.0,2025-01-17 18:11:39.950,0.958466,2025-01-17 18:11:44.690,0.835278,2025-01-17 18:11:34.000,2025-01-17 18:12:34.000,eqt_earthquakes_th0_1/20250117T181134Z_20250117T181234Z/RAJF_outputs/X_prediction_results.csv
VRF,HE,VRF,0,0.0,0.0,0.0,2025-01-17 18:11:44.750,0.322984,2025-01-17 18:11:53.170,0.646075,2025-01-17 18:11:39.000,2025-01-17 18:12:39.000,eqt_earthquakes_th0_1/20250117T181139Z_20250117T181239Z/VRF_outputs/X_prediction_results.csv
SGF,FN,SGF,0,0.0,0.0,0.0,2025-01-17 18:11:48.930,0.142233,2025-01-17 18:11:59.190,0.678257,2025-01-17 18:11:43.000,2025-01-17 18:12:43.000,eqt_earthquakes_th0_1/20250117T181143Z_20250117T181243Z/SGF_outputs/X_prediction_results.csv
KMNF,FN,KMNF,0,0.0,0.0,0.0,2025-01-17 18:11:53.300,0.908315,2025-01-17 18:12:08.050,0.272181,2025-01-17 18:11:48.000,2025-01-17 18:12:48.000,eqt_earthquakes_th0_1/20250117T181148Z_20250117T181248Z/KMNF_outputs/X_prediction_results.csv
RNF,FN,RNF,0,0.0,0.0,0.0,2025-01-17 18:12:24.020,0.380594,,,2025-01-17 18:11:57.000,2025-01-17 18:12:57.000,eqt_earthquakes_th0_1/20250117T181157Z_20250117T181257Z/RNF_outputs/X_prediction_results.csv
KEV,HE,KEV,0,0.0,0.0,0.0,2025-01-17 18:12:03.360,0.133409,2025-01-17 18:12:25.260,0.262318,2025-01-17 18:11:58.000,2025-01-17 18:12:58.000,eqt_earthquakes_th0_1/20250117T181158Z_20250117T181258Z/KEV_outputs/X_prediction_results.csv
HEF,HE,HEF,0,0.0,0.0,0.0,2025-01-17 18:12:48.900,0.750484,,,2025-01-17 18:12:19.000,2025-01-17 18:13:19.000,eqt_earthquakes_th0_1/20250117T181219Z_20250117T181319Z/HEF_outputs/X_prediction_results.csv
RANF,FN,RANF,0,0.0,0.0,0.0,,,2025-01-17 18:12:37.840,0.319,2025-01-17 18:12:32.000,2025-01-17 18:13:32.000,eqt_earthquakes_th0_1/20250117T181232Z_20250117T181332Z/RANF_outputs/X_prediction_results.csv
KIF,HE,KIF,0,0.0,0.0,0.0,2025-01-17 21:39:07.220,0.359611,2025-01-17 21:39:20.040,0.546455,2025-01-17 21:39:02.000,2025-01-17 21:40:02.000,eqt_earthquakes_th0_1/20250117T213902Z_20250117T214002Z/KIF_outputs/X_prediction_results.csv
HEF,HE,HEF,0,0.0,0.0,0.0,2025-01-17 21:39:32.180,0.767269,2025-01-17 21:39:39.450,0.409856,2025-01-17 21:39:11.000,2025-01-17 21:40:11.000,eqt_earthquakes_th0_1/20250117T213911Z_20250117T214011Z/HEF_outputs/X_prediction_results.csv
KLF,FN,KLF,0,0.0,0.0,0.0,2025-01-17 21:39:22.300,0.715907,,,2025-01-17 21:39:17.000,2025-01-17 21:40:17.000,eqt_earthquakes_th0_1/20250117T213917Z_20250117T214017Z/KLF_outputs/X_prediction_results.csv
KIF,HE,KIF,0,0.0,0.0,0.0,2025-01-17 23:44:56.890,0.81316,2025-01-17 23:45:10.080,0.382331,2025-01-17 23:44:51.000,2025-01-17 23:45:51.000,eqt_earthquakes_th0_1/20250117T234451Z_20250117T234551Z/KIF_outputs/X_prediction_results.csv
HEF,HE,HEF,0,0.0,0.0,0.0,2025-01-17 23:45:06.820,0.918333,2025-01-17 23:45:26.480,0.348529,2025-01-17 23:45:01.000,2025-01-17 23:46:01.000,eqt_earthquakes_th0_1/20250117T234501Z_20250117T234601Z/HEF_outputs/X_prediction_results.csv
KLF,FN,KLF,0,0.0,0.0,0.0,2025-01-17 23:45:12.360,0.905446,2025-01-17 23:45:37.690,0.378092,2025-01-17 23:45:07.000,2025-01-17 23:46:07.000,eqt_earthquakes_th0_1/20250117T234507Z_20250117T234607Z/KLF_outputs/X_prediction_results.csv
KLF,FN,KLF,0,0.0,0.0,0.0,2025-01-19 02:06:42.760,0.935537,2025-01-19 02:06:52.000,0.543249,2025-01-19 02:06:37.000,2025-01-19 02:07:37.000,eqt_earthquakes_th0_1/20250119T020637Z_20250119T020737Z/KLF_outputs/X_prediction_results.csv
TOF,HE,TOF,0,0.0,0.0,0.0,2025-01-19 02:06:45.380,0.950894,2025-01-19 02:06:56.180,0.406423,2025-01-19 02:06:40.000,2025-01-19 02:07:40.000,eqt_earthquakes_th0_1/20250119T020640Z_20250119T020740Z/TOF_outputs/X_prediction_results.csv
RNF,FN,RNF,0,0.0,0.0,0.0,2025-01-19 02:06:52.760,0.955385,2025-01-19 02:07:09.340,0.636404,2025-01-19 02:06:47.000,2025-01-19 02:07:47.000,eqt_earthquakes_th0_1/20250119T020647Z_20250119T020747Z/RNF_outputs/X_prediction_results.csv
SGF,FN,SGF,0,0.0,0.0,0.0,2025-01-19 02:06:59.490,0.2987,2025-01-19 02:07:22.510,0.429765,2025-01-19 02:06:54.000,2025-01-19 02:07:54.000,eqt_earthquakes_th0_1/20250119T020654Z_20250119T020754Z/SGF_outputs/X_prediction_results.csv
SGF,FN,SGF,0,0.0,0.0,0.0,2025-01-19 02:07:00.480,0.262063,,,2025-01-19 02:06:54.000,2025-01-19 02:07:54.000,eqt_earthquakes_th0_1/20250119T020654Z_20250119T020754Z/SGF_outputs/X_prediction_results.csv
RANF,FN,RANF,0,0.0,0.0,0.0,2025-01-19 02:07:00.210,0.615376,2025-01-19 02:07:22.990,0.283942,2025-01-19 02:06:55.000,2025-01-19 02:07:55.000,eqt_earthquakes_th0_1/20250119T020655Z_20250119T020755Z/RANF_outputs/X_prediction_results.csv
RANF,FN,RANF,0,0.0,0.0,0.0,2025-01-19 02:07:01.200,0.261805,,,2025-01-19 02:06:55.000,2025-01-19 02:07:55.000,eqt_earthquakes_th0_1/20250119T020655Z_20250119T020755Z/RANF_outputs/X_prediction_results.csv
HEF,HE,HEF,0,0.0,0.0,0.0,,,2025-01-19 02:07:25.430,0.117695,2025-01-19 02:07:19.000,2025-01-19 02:08:19.000,eqt_earthquakes_th0_1/20250119T020719Z_20250119T020819Z/HEF_outputs/X_prediction_results.csv
OBF3,HE,OBF3,0,0.0,0.0,0.0,,,2025-01-19 02:07:33.508,0.156246,2025-01-19 02:07:27.000,2025-01-19 02:08:27.000,eqt_earthquakes_th0_1/20250119T020727Z_20250119T020827Z/OBF3_outputs/X_prediction_results.csv
TOF,HE,TOF,0,0.0,0.0,0.0,2025-01-20 00:50:30.190,0.956818,2025-01-20 00:50:31.610,0.850187,2025-01-20 00:50:25.000,2025-01-20 00:51:25.000,eqt_earthquakes_th0_1/20250120T005025Z_20250120T005125Z/TOF_outputs/X_prediction_results.csv
RNF,FN,RNF,0,0.0,0.0,0.0,2025-01-20 00:50:45.320,0.950603,2025-01-20 00:50:56.350,0.410007,2025-01-20 00:50:40.000,2025-01-20 00:51:40.000,eqt_earthquakes_th0_1/20250120T005040Z_20250120T005140Z/RNF_outputs/X_prediction_results.csv
RANF,FN,RANF,0,0.0,0.0,0.0,2025-01-20 00:50:48.200,0.94083,2025-01-20 00:51:02.000,0.287599,2025-01-20 00:50:43.000,2025-01-20 00:51:43.000,eqt_earthquakes_th0_1/20250120T005043Z_20250120T005143Z/RANF_outputs/X_prediction_results.csv
KLF,FN,KLF,0,0.0,0.0,0.0,2025-01-20 00:50:49.100,0.917871,2025-01-20 00:51:03.740,0.600527,2025-01-20 00:50:44.000,2025-01-20 00:51:44.000,eqt_earthquakes_th0_1/20250120T005044Z_20250120T005144Z/KLF_outputs/X_prediction_results.csv
OUL,FN,OUL,0,0.0,0.0,0.0,2025-01-20 00:50:50.460,0.94908,2025-01-20 00:51:06.610,0.199904,2025-01-20 00:50:45.000,2025-01-20 00:51:45.000,eqt_earthquakes_th0_1/20250120T005045Z_20250120T005145Z/OUL_outputs/X_prediction_results.csv
OBF3,HE,OBF3,0,0.0,0.0,0.0,2025-01-20 00:50:51.644,0.929989,2025-01-20 00:51:08.094,0.649965,2025-01-20 00:50:46.000,2025-01-20 00:51:46.000,eqt_earthquakes_th0_1/20250120T005046Z_20250120T005146Z/OBF3_outputs/X_prediction_results.csv
OBF0,HE,OBF0,0,0.0,0.0,0.0,2025-01-20 00:50:56.542,0.612227,2025-01-20 00:51:17.132,0.409437,2025-01-20 00:50:51.000,2025-01-20 00:51:51.000,eqt_earthquakes_th0_1/20250120T005051Z_20250120T005151Z/OBF0_outputs/X_prediction_results.csv
SGF,FN,SGF,0,0.0,0.0,0.0,2025-01-20 00:50:57.630,0.932765,2025-01-20 00:51:19.080,0.413761,2025-01-20 00:50:52.000,2025-01-20 00:51:52.000,eqt_earthquakes_th0_1/20250120T005052Z_20250120T005152Z/SGF_outputs/X_prediction_results.csv
OUF,HE,OUF,0,0.0,0.0,0.0,2025-01-20 00:50:59.180,0.928971,2025-01-20 00:51:21.450,0.549553,2025-01-20 00:50:54.000,2025-01-20 00:51:54.000,eqt_earthquakes_th0_1/20250120T005054Z_20250120T005154Z/OUF_outputs/X_prediction_results.csv
MSF,FN,MSF,0,0.0,0.0,0.0,2025-01-20 00:51:03.240,0.672708,2025-01-20 00:51:28.680,0.204608,2025-01-20 00:50:58.000,2025-01-20 00:51:58.000,eqt_earthquakes_th0_1/20250120T005058Z_20250120T005158Z/MSF_outputs/X_prediction_results.csv
OLKF,FN,OLKF,0,0.0,0.0,0.0,2025-01-20 00:51:05.550,0.167825,2025-01-20 00:51:31.980,0.231919,2025-01-20 00:51:00.000,2025-01-20 00:52:00.000,eqt_earthquakes_th0_1/20250120T005100Z_20250120T005200Z/OLKF_outputs/X_prediction_results.csv
HEF,HE,HEF,0,0.0,0.0,0.0,,,2025-01-20 00:51:39.450,0.322327,2025-01-20 00:51:32.000,2025-01-20 00:52:32.000,eqt_earthquakes_th0_1/20250120T005132Z_20250120T005232Z/HEF_outputs/X_prediction_results.csv
KEV,HE,KEV,0,0.0,0.0,0.0,2025-01-21 12:19:56.540,0.845637,2025-01-21 12:20:08.550,0.393141,2025-01-21 12:19:51.000,2025-01-21 12:20:51.000,eqt_earthquakes_th0_1/20250121T121951Z_20250121T122051Z/KEV_outputs/X_prediction_results.csv
KMNF,FN,KMNF,0,0.0,0.0,0.0,2025-01-21 12:20:03.860,0.359546,2025-01-21 12:20:20.920,0.707704,2025-01-21 12:19:58.000,2025-01-21 12:20:58.000,eqt_earthquakes_th0_1/20250121T121958Z_20250121T122058Z/KMNF_outputs/X_prediction_results.csv
KIF,HE,KIF,0,0.0,0.0,0.0,2025-01-21 12:20:11.720,0.163548,2025-01-21 12:20:34.840,0.653974,2025-01-21 12:20:06.000,2025-01-21 12:21:06.000,eqt_earthquakes_th0_1/20250121T122006Z_20250121T122106Z/KIF_outputs/X_prediction_results.csv
HEF,HE,HEF,0,0.0,0.0,0.0,2025-01-21 12:20:12.410,0.147015,2025-01-21 12:20:34.020,0.236738,2025-01-21 12:20:07.000,2025-01-21 12:21:07.000,eqt_earthquakes_th0_1/20250121T122007Z_20250121T122107Z/HEF_outputs/X_prediction_results.csv
KEV,HE,KEV,0,0.0,0.0,0.0,2025-01-22 22:47:22.820,0.947611,2025-01-22 22:47:27.930,0.841509,2025-01-22 22:47:17.000,2025-01-22 22:48:17.000,eqt_earthquakes_th0_1/20250122T224717Z_20250122T224817Z/KEV_outputs/X_prediction_results.csv
KMNF,FN,KMNF,0,0.0,0.0,0.0,2025-01-22 22:47:32.610,0.918479,2025-01-22 22:47:44.590,0.430434,2025-01-22 22:47:27.000,2025-01-22 22:48:27.000,eqt_earthquakes_th0_1/20250122T224727Z_20250122T224827Z/KMNF_outputs/X_prediction_results.csv
HEF,HE,HEF,0,0.0,0.0,0.0,2025-01-22 22:47:48.150,0.869685,2025-01-22 22:48:12.490,0.194933,2025-01-22 22:47:43.000,2025-01-22 22:48:43.000,eqt_earthquakes_th0_1/20250122T224743Z_20250122T224843Z/HEF_outputs/X_prediction_results.csv
KIF,HE,KIF,0,0.0,0.0,0.0,2025-01-22 22:48:47.630,0.115943,2025-01-22 22:48:55.580,0.136814,2025-01-22 22:48:13.000,2025-01-22 22:49:13.000,eqt_earthquakes_th0_1/20250122T224813Z_20250122T224913Z/KIF_outputs/X_prediction_results.csv
KIF,HE,KIF,0,0.0,0.0,0.0,,,2025-01-22 22:48:19.280,0.656641,2025-01-22 22:48:13.000,2025-01-22 22:49:13.000,eqt_earthquakes_th0_1/20250122T224813Z_20250122T224913Z/KIF_outputs/X_prediction_results.csv
VRF,HE,VRF,0,0.0,0.0,0.0,,,2025-01-22 22:48:34.150,0.413053,2025-01-22 22:48:27.000,2025-01-22 22:49:27.000,eqt_earthquakes_th0_1/20250122T224827Z_20250122T224927Z/VRF_outputs/X_prediction_results.csv
TOF,HE,TOF,0,0.0,0.0,0.0,2025-01-23 18:18:27.310,0.937112,2025-01-23 18:18:35.160,0.540152,2025-01-23 18:18:22.000,2025-01-23 18:19:22.000,eqt_earthquakes_th0_1/20250123T181822Z_20250123T181922Z/TOF_outputs/X_prediction_results.csv
KLF,FN,KLF,0,0.0,0.0,0.0,2025-01-23 18:18:40.460,0.325264,2025-01-23 18:19:03.760,0.390111,2025-01-23 18:18:35.000,2025-01-23 18:19:35.000,eqt_earthquakes_th0_1/20250123T181835Z_20250123T181935Z/KLF_outputs/X_prediction_results.csv
KLF,FN,KLF,0,0.0,0.0,0.0,2025-01-23 18:18:41.450,0.684051,,,2025-01-23 18:18:35.000,2025-01-23 18:19:35.000,eqt_earthquakes_th0_1/20250123T181835Z_20250123T181935Z/KLF_outputs/X_prediction_results.csv
RNF,FN,RNF,0,0.0,0.0,0.0,,,2025-01-23 18:19:03.990,0.117658,2025-01-23 18:18:37.000,2025-01-23 18:19:37.000,eqt_earthquakes_th0_1/20250123T181837Z_20250123T181937Z/RNF_outputs/X_prediction_results.csv
RNF,FN,RNF,0,0.0,0.0,0.0,2025-01-23 18:18:42.240,0.942692,2025-01-23 18:19:01.410,0.299242,2025-01-23 18:18:37.000,2025-01-23 18:19:37.000,eqt_earthquakes_th0_1/20250123T181837Z_20250123T181937Z/RNF_outputs/X_prediction_results.csv
OUL,FN,OUL,0,0.0,0.0,0.0,2025-01-23 18:18:44.270,0.137446,,,2025-01-23 18:18:38.000,2025-01-23 18:19:38.000,eqt_earthquakes_th0_1/20250123T181838Z_20250123T181938Z/OUL_outputs/X_prediction_results.csv
RANF,FN,RANF,0,0.0,0.0,0.0,2025-01-23 18:18:45.500,0.308904,,,2025-01-23 18:18:39.000,2025-01-23 18:19:39.000,eqt_earthquakes_th0_1/20250123T181839Z_20250123T181939Z/RANF_outputs/X_prediction_results.csv
SGF,FN,SGF,0,0.0,0.0,0.0,2025-01-23 18:18:52.620,0.141399,2025-01-23 18:19:20.630,0.167965,2025-01-23 18:18:47.000,2025-01-23 18:19:47.000,eqt_earthquakes_th0_1/20250123T181847Z_20250123T181947Z/SGF_outputs/X_prediction_results.csv
SGF,FN,SGF,0,0.0,0.0,0.0,2025-01-23 18:18:53.620,0.204542,,,2025-01-23 18:18:47.000,2025-01-23 18:19:47.000,eqt_earthquakes_th0_1/20250123T181847Z_20250123T181947Z/SGF_outputs/X_prediction_results.csv
KLF,FN,KLF,0,0.0,0.0,0.0,2025-01-24 18:25:37.050,0.954893,2025-01-24 18:25:40.040,0.831883,2025-01-24 18:25:32.000,2025-01-24 18:26:32.000,eqt_earthquakes_th0_1/20250124T182532Z_20250124T182632Z/KLF_outputs/X_prediction_results.csv
SGF,FN,SGF,0,0.0,0.0,0.0,2025-01-24 18:25:49.160,0.945013,2025-01-24 18:26:00.480,0.738426,2025-01-24 18:25:44.000,2025-01-24 18:26:44.000,eqt_earthquakes_th0_1/20250124T182544Z_20250124T182644Z/SGF_outputs/X_prediction_results.csv
HEF,HE,HEF,0,0.0,0.0,0.0,2025-01-24 18:25:50.750,0.93894,2025-01-24 18:26:03.550,0.669888,2025-01-24 18:25:45.000,2025-01-24 18:26:45.000,eqt_earthquakes_th0_1/20250124T182545Z_20250124T182645Z/HEF_outputs/X_prediction_results.csv
RNF,FN,RNF,0,0.0,0.0,0.0,2025-01-24 18:25:52.310,0.946844,2025-01-24 18:26:06.280,0.392649,2025-01-24 18:25:47.000,2025-01-24 18:26:47.000,eqt_earthquakes_th0_1/20250124T182547Z_20250124T182647Z/RNF_outputs/X_prediction_results.csv
TOF,HE,TOF,0,0.0,0.0,0.0,2025-01-24 18:25:57.690,0.865338,2025-01-24 18:26:14.060,0.387578,2025-01-24 18:25:52.000,2025-01-24 18:26:52.000,eqt_earthquakes_th0_1/20250124T182552Z_20250124T182652Z/TOF_outputs/X_prediction_results.csv
RANF,FN,RANF,0,0.0,0.0,0.0,2025-01-24 18:26:04.210,0.545841,2025-01-24 18:26:26.970,0.366254,2025-01-24 18:25:59.000,2025-01-24 18:26:59.000,eqt_earthquakes_th0_1/20250124T182559Z_20250124T182659Z/RANF_outputs/X_prediction_results.csv
KMNF,FN,KMNF,0,0.0,0.0,0.0,2025-01-24 18:26:06.910,0.93689,2025-01-24 18:26:34.080,0.111206,2025-01-24 18:26:01.000,2025-01-24 18:27:01.000,eqt_earthquakes_th0_1/20250124T182601Z_20250124T182701Z/KMNF_outputs/X_prediction_results.csv
KU6,HE,KU6,0,0.0,0.0,0.0,2025-01-25 04:28:28.300,0.950275,2025-01-25 04:28:44.650,0.648234,2025-01-25 04:28:23.000,2025-01-25 04:29:23.000,eqt_earthquakes_th0_1/20250125T042823Z_20250125T042923Z/KU6_outputs/X_prediction_results.csv
OLKF,FN,OLKF,0,0.0,0.0,0.0,2025-01-25 04:28:29.410,0.946934,2025-01-25 04:28:46.560,0.407186,2025-01-25 04:28:24.000,2025-01-25 04:29:24.000,eqt_earthquakes_th0_1/20250125T042824Z_20250125T042924Z/OLKF_outputs/X_prediction_results.csv
VRF,HE,VRF,0,0.0,0.0,0.0,2025-01-25 04:28:33.830,0.928936,2025-01-25 04:28:54.780,0.409841,2025-01-25 04:28:28.000,2025-01-25 04:29:28.000,eqt_earthquakes_th0_1/20250125T042828Z_20250125T042928Z/VRF_outputs/X_prediction_results.csv
MSF,FN,MSF,0,0.0,0.0,0.0,2025-01-25 04:28:34.460,0.955514,2025-01-25 04:28:55.440,0.522321,2025-01-25 04:28:29.000,2025-01-25 04:29:29.000,eqt_earthquakes_th0_1/20250125T042829Z_20250125T042929Z/MSF_outputs/X_prediction_results.csv
RANF,FN,RANF,0,0.0,0.0,0.0,2025-01-25 04:28:46.860,0.184048,,,2025-01-25 04:28:41.000,2025-01-25 04:29:41.000,eqt_earthquakes_th0_1/20250125T042841Z_20250125T042941Z/RANF_outputs/X_prediction_results.csv
RANF,FN,RANF,0,0.0,0.0,0.0,,,2025-01-25 04:29:18.270,0.162612,2025-01-25 04:28:41.000,2025-01-25 04:29:41.000,eqt_earthquakes_th0_1/20250125T042841Z_20250125T042941Z/RANF_outputs/X_prediction_results.csv
SGF,FN,SGF,0,0.0,0.0,0.0,2025-01-25 04:28:46.370,0.931515,,,2025-01-25 04:28:41.000,2025-01-25 04:29:41.000,eqt_earthquakes_th0_1/20250125T042841Z_20250125T042941Z/SGF_outputs/X_prediction_results.csv
SGF,FN,SGF,0,0.0,0.0,0.0,,,2025-01-25 04:29:23.170,0.496781,2025-01-25 04:28:41.000,2025-01-25 04:29:41.000,eqt_earthquakes_th0_1/20250125T042841Z_20250125T042941Z/SGF_outputs/X_prediction_results.csv
RMF,HE,RMF,0,0.0,0.0,0.0,2025-01-25 04:28:48.032,0.961395,,,2025-01-25 04:28:43.000,2025-01-25 04:29:43.000,eqt_earthquakes_th0_1/20250125T042843Z_20250125T042943Z/RMF_outputs/X_prediction_results.csv
RMF,HE,RMF,0,0.0,0.0,0.0,,,2025-01-25 04:29:19.642,0.518361,2025-01-25 04:28:43.000,2025-01-25 04:29:43.000,eqt_earthquakes_th0_1/20250125T042843Z_20250125T042943Z/RMF_outputs/X_prediction_results.csv
RNF,FN,RNF,0,0.0,0.0,0.0,2025-01-25 04:28:48.020,0.930319,,,2025-01-25 04:28:43.000,2025-01-25 04:29:43.000,eqt_earthquakes_th0_1/20250125T042843Z_20250125T042943Z/RNF_outputs/X_prediction_results.csv
RNF,FN,RNF,0,0.0,0.0,0.0,,,2025-01-25 04:29:19.980,0.222513,2025-01-25 04:28:43.000,2025-01-25 04:29:43.000,eqt_earthquakes_th0_1/20250125T042843Z_20250125T042943Z/RNF_outputs/X_prediction_results.csv
FIA0,HE,FIA0,0,0.0,0.0,0.0,2025-01-25 13:20:34.550,0.942768,2025-01-25 13:20:42.330,0.767443,2025-01-25 13:20:29.000,2025-01-25 13:21:29.000,eqt_earthquakes_th0_1/20250125T132029Z_20250125T132129Z/FIA0_outputs/X_prediction_results.csv
FIA1,HE,FIA1,0,0.0,0.0,0.0,2025-01-25 13:20:34.540,0.940352,2025-01-25 13:20:42.420,0.737545,2025-01-25 13:20:29.000,2025-01-25 13:21:29.000,eqt_earthquakes_th0_1/20250125T132029Z_20250125T132129Z/FIA1_outputs/X_prediction_results.csv
VJF,HE,VJF,0,0.0,0.0,0.0,2025-01-25 13:20:36.696,0.948626,2025-01-25 13:20:46.626,0.695791,2025-01-25 13:20:31.000,2025-01-25 13:21:31.000,eqt_earthquakes_th0_1/20250125T132031Z_20250125T132131Z/VJF_outputs/X_prediction_results.csv
RUF,HE,RUF,0,0.0,0.0,0.0,2025-01-25 13:20:39.696,0.267072,2025-01-25 13:20:50.926,0.543997,2025-01-25 13:20:34.000,2025-01-25 13:21:34.000,eqt_earthquakes_th0_1/20250125T132034Z_20250125T132134Z/RUF_outputs/X_prediction_results.csv
KAF,HE,KAF,0,0.0,0.0,0.0,2025-01-25 13:20:42.030,0.927855,2025-01-25 13:20:55.210,0.337569,2025-01-25 13:20:37.000,2025-01-25 13:21:37.000,eqt_earthquakes_th0_1/20250125T132037Z_20250125T132137Z/KAF_outputs/X_prediction_results.csv
KEF,HE,KEF,0,0.0,0.0,0.0,,,2025-01-25 13:21:15.360,0.152219,2025-01-25 13:20:45.000,2025-01-25 13:21:45.000,eqt_earthquakes_th0_1/20250125T132045Z_20250125T132145Z/KEF_outputs/X_prediction_results.csv
KEF,HE,KEF,0,0.0,0.0,0.0,2025-01-25 13:20:50.150,0.93087,2025-01-25 13:21:10.120,0.232488,2025-01-25 13:20:45.000,2025-01-25 13:21:45.000,eqt_earthquakes_th0_1/20250125T132045Z_20250125T132145Z/KEF_outputs/X_prediction_results.csv
SUF,HE,SUF,0,0.0,0.0,0.0,2025-01-25 13:20:52.508,0.939709,2025-01-25 13:21:13.578,0.409766,2025-01-25 13:20:47.000,2025-01-25 13:21:47.000,eqt_earthquakes_th0_1/20250125T132047Z_20250125T132147Z/SUF_outputs/X_prediction_results.csv
MEF,HE,MEF,0,0.0,0.0,0.0,2025-01-25 13:20:54.920,0.943291,2025-01-25 13:21:17.850,0.366849,2025-01-25 13:20:49.000,2025-01-25 13:21:49.000,eqt_earthquakes_th0_1/20250125T132049Z_20250125T132149Z/MEF_outputs/X_prediction_results.csv
NIF,HE,NIF,0,0.0,0.0,0.0,,,2025-01-25 13:21:31.434,0.308049,2025-01-25 13:20:57.000,2025-01-25 13:21:57.000,eqt_earthquakes_th0_1/20250125T132057Z_20250125T132157Z/NIF_outputs/X_prediction_results.csv
NUR,HE,NUR,0,0.0,0.0,0.0,2025-01-25 13:21:08.458,0.543606,2025-01-25 13:21:12.628,0.568582,2025-01-25 13:21:03.000,2025-01-25 13:22:03.000,eqt_earthquakes_th0_1/20250125T132103Z_20250125T132203Z/NUR_outputs/X_prediction_results.csv
VUOS,HE,VUOS,0,0.0,0.0,0.0,,,2025-01-25 13:21:09.492,0.5162,2025-01-25 13:21:03.000,2025-01-25 13:22:03.000,eqt_earthquakes_th0_1/20250125T132103Z_20250125T132203Z/VUOS_outputs/X_prediction_results.csv
KUNI,HE,KUNI,0,0.0,0.0,0.0,,,2025-01-25 13:21:10.366,0.336827,2025-01-25 13:21:04.000,2025-01-25 13:22:04.000,eqt_earthquakes_th0_1/20250125T132104Z_20250125T132204Z/KUNI_outputs/X_prediction_results.csv
LAUT,HE,LAUT,0,0.0,0.0,0.0,,,2025-01-25 13:21:13.334,0.179074,2025-01-25 13:21:07.000,2025-01-25 13:22:07.000,eqt_earthquakes_th0_1/20250125T132107Z_20250125T132207Z/LAUT_outputs/X_prediction_results.csv
KEV,HE,KEV,0,0.0,0.0,0.0,2025-01-26 19:06:24.690,0.948834,2025-01-26 19:06:40.560,0.529448,2025-01-26 19:06:19.000,2025-01-26 19:07:19.000,eqt_earthquakes_th0_1/20250126T190619Z_20250126T190719Z/KEV_outputs/X_prediction_results.csv
KMNF,FN,KMNF,0,0.0,0.0,0.0,2025-01-26 19:06:35.350,0.182001,2025-01-26 19:06:58.080,0.524133,2025-01-26 19:06:30.000,2025-01-26 19:07:30.000,eqt_earthquakes_th0_1/20250126T190630Z_20250126T190730Z/KMNF_outputs/X_prediction_results.csv
KIF,HE,KIF,0,0.0,0.0,0.0,,,2025-01-26 19:07:13.660,0.135767,2025-01-26 19:07:08.000,2025-01-26 19:08:08.000,eqt_earthquakes_th0_1/20250126T190708Z_20250126T190808Z/KIF_outputs/X_prediction_results.csv
HEF,HE,HEF,0,0.0,0.0,0.0,2025-01-26 20:49:39.280,0.953566,2025-01-26 20:49:48.770,0.545235,2025-01-26 20:49:34.000,2025-01-26 20:50:34.000,eqt_earthquakes_th0_1/20250126T204934Z_20250126T205034Z/HEF_outputs/X_prediction_results.csv
KLF,FN,KLF,0,0.0,0.0,0.0,2025-01-26 20:49:40.760,0.954918,2025-01-26 20:49:51.370,0.510694,2025-01-26 20:49:35.000,2025-01-26 20:50:35.000,eqt_earthquakes_th0_1/20250126T204935Z_20250126T205035Z/KLF_outputs/X_prediction_results.csv
SGF,FN,SGF,0,0.0,0.0,0.0,2025-01-26 20:49:54.250,0.935713,2025-01-26 20:50:14.770,0.621298,2025-01-26 20:49:49.000,2025-01-26 20:50:49.000,eqt_earthquakes_th0_1/20250126T204949Z_20250126T205049Z/SGF_outputs/X_prediction_results.csv
RNF,FN,RNF,0,0.0,0.0,0.0,,,2025-01-26 20:50:22.300,0.522438,2025-01-26 20:49:53.000,2025-01-26 20:50:53.000,eqt_earthquakes_th0_1/20250126T204953Z_20250126T205053Z/RNF_outputs/X_prediction_results.csv
TOF,HE,TOF,0,0.0,0.0,0.0,,,2025-01-26 20:50:24.610,0.200668,2025-01-26 20:49:55.000,2025-01-26 20:50:55.000,eqt_earthquakes_th0_1/20250126T204955Z_20250126T205055Z/TOF_outputs/X_prediction_results.csv
KMNF,FN,KMNF,0,0.0,0.0,0.0,2025-01-26 20:50:02.660,0.719195,2025-01-26 20:50:27.910,0.169071,2025-01-26 20:49:57.000,2025-01-26 20:50:57.000,eqt_earthquakes_th0_1/20250126T204957Z_20250126T205057Z/KMNF_outputs/X_prediction_results.csv
KMNF,FN,KMNF,0,0.0,0.0,0.0,,,2025-01-26 20:50:30.940,0.178556,2025-01-26 20:49:57.000,2025-01-26 20:50:57.000,eqt_earthquakes_th0_1/20250126T204957Z_20250126T205057Z/KMNF_outputs/X_prediction_results.csv
KIF,HE,KIF,0,0.0,0.0,0.0,,,2025-01-26 20:50:08.670,0.722893,2025-01-26 20:50:03.000,2025-01-26 20:51:03.000,eqt_earthquakes_th0_1/20250126T205003Z_20250126T205103Z/KIF_outputs/X_prediction_results.csv
VJF,HE,VJF,0,0.0,0.0,0.0,2025-01-27 01:29:54.644,0.948651,2025-01-27 01:30:00.294,0.717341,2025-01-27 01:29:49.000,2025-01-27 01:30:49.000,eqt_earthquakes_th0_1/20250127T012949Z_20250127T013049Z/VJF_outputs/X_prediction_results.csv
FIA0,HE,FIA0,0,0.0,0.0,0.0,2025-01-27 01:30:01.000,0.945843,2025-01-27 01:30:11.720,0.589229,2025-01-27 01:29:55.000,2025-01-27 01:30:55.000,eqt_earthquakes_th0_1/20250127T012955Z_20250127T013055Z/FIA0_outputs/X_prediction_results.csv
FIA1,HE,FIA1,0,0.0,0.0,0.0,2025-01-27 01:30:01.120,0.926804,2025-01-27 01:30:11.710,0.582673,2025-01-27 01:29:56.000,2025-01-27 01:30:56.000,eqt_earthquakes_th0_1/20250127T012956Z_20250127T013056Z/FIA1_outputs/X_prediction_results.csv
LAUT,HE,LAUT,0,0.0,0.0,0.0,2025-01-27 01:30:22.464,0.777593,2025-01-27 01:30:28.034,0.738378,2025-01-27 01:30:02.000,2025-01-27 01:31:02.000,eqt_earthquakes_th0_1/20250127T013002Z_20250127T013102Z/LAUT_outputs/X_prediction_results.csv
MEF,HE,MEF,0,0.0,0.0,0.0,2025-01-27 01:30:10.550,0.341582,2025-01-27 01:30:32.560,0.622213,2025-01-27 01:30:05.000,2025-01-27 01:31:05.000,eqt_earthquakes_th0_1/20250127T013005Z_20250127T013105Z/MEF_outputs/X_prediction_results.csv
MEF,HE,MEF,0,0.0,0.0,0.0,2025-01-27 01:30:11.540,0.285998,,,2025-01-27 01:30:05.000,2025-01-27 01:31:05.000,eqt_earthquakes_th0_1/20250127T013005Z_20250127T013105Z/MEF_outputs/X_prediction_results.csv
MEF,HE,MEF,0,0.0,0.0,0.0,2025-01-27 01:30:12.550,0.145628,,,2025-01-27 01:30:05.000,2025-01-27 01:31:05.000,eqt_earthquakes_th0_1/20250127T013005Z_20250127T013105Z/MEF_outputs/X_prediction_results.csv
MEF,HE,MEF,0,0.0,0.0,0.0,2025-01-27 01:30:27.850,0.58258,,,2025-01-27 01:30:05.000,2025-01-27 01:31:05.000,eqt_earthquakes_th0_1/20250127T013005Z_20250127T013105Z/MEF_outputs/X_prediction_results.csv
KAF,HE,KAF,0,0.0,0.0,0.0,2025-01-27 01:30:11.630,0.163584,2025-01-27 01:30:30.320,0.286524,2025-01-27 01:30:06.000,2025-01-27 01:31:06.000,eqt_earthquakes_th0_1/20250127T013006Z_20250127T013106Z/KAF_outputs/X_prediction_results.csv
KEF,HE,KEF,0,0.0,0.0,0.0,2025-01-27 01:30:17.080,0.903632,2025-01-27 01:30:40.520,0.410103,2025-01-27 01:30:12.000,2025-01-27 01:31:12.000,eqt_earthquakes_th0_1/20250127T013012Z_20250127T013112Z/KEF_outputs/X_prediction_results.csv
KUNI,HE,KUNI,0,0.0,0.0,0.0,2025-01-27 01:30:19.492,0.259698,2025-01-27 01:30:25.882,0.740359,2025-01-27 01:30:14.000,2025-01-27 01:31:14.000,eqt_earthquakes_th0_1/20250127T013014Z_20250127T013114Z/KUNI_outputs/X_prediction_results.csv
KUNI,HE,KUNI,0,0.0,0.0,0.0,2025-01-27 01:30:20.492,0.267185,,,2025-01-27 01:30:14.000,2025-01-27 01:31:14.000,eqt_earthquakes_th0_1/20250127T013014Z_20250127T013114Z/KUNI_outputs/X_prediction_results.csv
RSUO,HE,RSUO,0,0.0,0.0,0.0,2025-01-27 01:30:20.616,0.611297,2025-01-27 01:30:26.766,0.301111,2025-01-27 01:30:15.000,2025-01-27 01:31:15.000,eqt_earthquakes_th0_1/20250127T013015Z_20250127T013115Z/RSUO_outputs/X_prediction_results.csv
SUF,HE,SUF,0,0.0,0.0,0.0,2025-01-27 01:30:21.758,0.261751,2025-01-27 01:30:48.858,0.363977,2025-01-27 01:30:16.000,2025-01-27 01:31:16.000,eqt_earthquakes_th0_1/20250127T013016Z_20250127T013116Z/SUF_outputs/X_prediction_results.csv
SUF,HE,SUF,0,0.0,0.0,0.0,2025-01-27 01:30:22.758,0.256552,,,2025-01-27 01:30:16.000,2025-01-27 01:31:16.000,eqt_earthquakes_th0_1/20250127T013016Z_20250127T013116Z/SUF_outputs/X_prediction_results.csv
SUF,HE,SUF,0,0.0,0.0,0.0,2025-01-27 01:30:48.938,0.231231,,,2025-01-27 01:30:16.000,2025-01-27 01:31:16.000,eqt_earthquakes_th0_1/20250127T013016Z_20250127T013116Z/SUF_outputs/X_prediction_results.csv
TVF,HE,TVF,0,0.0,0.0,0.0,2025-01-27 01:30:47.266,0.309009,2025-01-27 01:30:49.926,0.211454,2025-01-27 01:30:42.000,2025-01-27 01:31:42.000,eqt_earthquakes_th0_1/20250127T013042Z_20250127T013142Z/TVF_outputs/X_prediction_results.csv
TVF,HE,TVF,0,0.0,0.0,0.0,2025-01-27 01:30:48.266,0.2443,,,2025-01-27 01:30:42.000,2025-01-27 01:31:42.000,eqt_earthquakes_th0_1/20250127T013042Z_20250127T013142Z/TVF_outputs/X_prediction_results.csv
KLF,FN,KLF,0,0.0,0.0,0.0,2025-01-27 19:18:05.200,0.88243,2025-01-27 19:18:16.130,0.488243,2025-01-27 19:18:00.000,2025-01-27 19:19:00.000,eqt_earthquakes_th0_1/20250127T191800Z_20250127T191900Z/KLF_outputs/X_prediction_results.csv
TOF,HE,TOF,0,0.0,0.0,0.0,,,2025-01-27 19:18:21.590,0.410463,2025-01-27 19:18:04.000,2025-01-27 19:19:04.000,eqt_earthquakes_th0_1/20250127T191804Z_20250127T191904Z/TOF_outputs/X_prediction_results.csv
RNF,FN,RNF,0,0.0,0.0,0.0,2025-01-27 19:18:16.320,0.389917,2025-01-27 19:18:35.600,0.552119,2025-01-27 19:18:11.000,2025-01-27 19:19:11.000,eqt_earthquakes_th0_1/20250127T191811Z_20250127T191911Z/RNF_outputs/X_prediction_results.csv
HEF,HE,HEF,0,0.0,0.0,0.0,,,2025-01-27 19:18:45.770,0.141286,2025-01-27 19:18:39.000,2025-01-27 19:19:39.000,eqt_earthquakes_th0_1/20250127T191839Z_20250127T191939Z/HEF_outputs/X_prediction_results.csv
OBF3,HE,OBF3,0,0.0,0.0,0.0,,,2025-01-27 19:18:56.530,0.19232,2025-01-27 19:18:48.000,2025-01-27 19:19:48.000,eqt_earthquakes_th0_1/20250127T191848Z_20250127T191948Z/OBF3_outputs/X_prediction_results.csv
HEF,HE,HEF,0,0.0,0.0,0.0,2025-01-27 22:18:56.640,0.945193,2025-01-27 22:19:04.360,0.625196,2025-01-27 22:18:51.000,2025-01-27 22:19:51.000,eqt_earthquakes_th0_1/20250127T221851Z_20250127T221951Z/HEF_outputs/X_prediction_results.csv
KIF,HE,KIF,0,0.0,0.0,0.0,2025-01-27 22:19:03.200,0.943877,2025-01-27 22:19:15.120,0.750204,2025-01-27 22:18:58.000,2025-01-27 22:19:58.000,eqt_earthquakes_th0_1/20250127T221858Z_20250127T221958Z/KIF_outputs/X_prediction_results.csv
KMNF,FN,KMNF,0,0.0,0.0,0.0,2025-01-27 22:19:09.110,0.943985,2025-01-27 22:19:25.520,0.181526,2025-01-27 22:19:04.000,2025-01-27 22:20:04.000,eqt_earthquakes_th0_1/20250127T221904Z_20250127T222004Z/KMNF_outputs/X_prediction_results.csv
KEV,HE,KEV,0,0.0,0.0,0.0,2025-01-27 22:19:12.190,0.912928,2025-01-27 22:19:30.850,0.490098,2025-01-27 22:19:07.000,2025-01-27 22:20:07.000,eqt_earthquakes_th0_1/20250127T221907Z_20250127T222007Z/KEV_outputs/X_prediction_results.csv
KLF,FN,KLF,0,0.0,0.0,0.0,2025-01-27 22:19:16.900,0.951114,2025-01-27 22:19:39.940,0.295628,2025-01-27 22:19:11.000,2025-01-27 22:20:11.000,eqt_earthquakes_th0_1/20250127T221911Z_20250127T222011Z/KLF_outputs/X_prediction_results.csv
RAJF,FN,RAJF,0,0.0,0.0,0.0,2025-01-27 22:19:17.650,0.337743,2025-01-27 22:19:40.980,0.438236,2025-01-27 22:19:12.000,2025-01-27 22:20:12.000,eqt_earthquakes_th0_1/20250127T221912Z_20250127T222012Z/RAJF_outputs/X_prediction_results.csv
RAJF,FN,RAJF,0,0.0,0.0,0.0,2025-01-27 22:19:18.660,0.575966,,,2025-01-27 22:19:12.000,2025-01-27 22:20:12.000,eqt_earthquakes_th0_1/20250127T221912Z_20250127T222012Z/RAJF_outputs/X_prediction_results.csv
SGF,FN,SGF,0,0.0,0.0,0.0,,,2025-01-27 22:19:43.970,0.418194,2025-01-27 22:19:38.000,2025-01-27 22:20:38.000,eqt_earthquakes_th0_1/20250127T221938Z_20250127T222038Z/SGF_outputs/X_prediction_results.csv
VAF,HE,VAF,0,0.0,0.0,0.0,2025-01-29 06:03:32.810,0.664616,2025-01-29 06:03:50.170,0.302899,2025-01-29 06:03:27.000,2025-01-29 06:04:27.000,eqt_earthquakes_th0_1/20250129T060327Z_20250129T060427Z/VAF_outputs/X_prediction_results.csv
VAF,HE,VAF,0,0.0,0.0,0.0,2025-01-29 06:03:33.820,0.101486,,,2025-01-29 06:03:27.000,2025-01-29 06:04:27.000,eqt_earthquakes_th0_1/20250129T060327Z_20250129T060427Z/VAF_outputs/X_prediction_results.csv
ALAJF,HE,ALAJF,0,0.0,0.0,0.0,,,2025-01-29 06:04:01.036,0.526492,2025-01-29 06:03:55.000,2025-01-29 06:04:55.000,eqt_earthquakes_th0_1/20250129T060355Z_20250129T060455Z/ALAJF_outputs/X_prediction_results.csv
MSF,FN,MSF,0,0.0,0.0,0.0,2025-01-30 03:02:01.900,0.276177,2025-01-30 03:02:05.950,0.747372,2025-01-30 03:01:56.000,2025-01-30 03:02:56.000,eqt_earthquakes_th0_1/20250130T030156Z_20250130T030256Z/MSF_outputs/X_prediction_results.csv
SGF,FN,SGF,0,0.0,0.0,0.0,2025-01-31 02:31:53.920,0.948207,2025-01-31 02:32:01.090,0.576068,2025-01-31 02:31:48.000,2025-01-31 02:32:48.000,eqt_earthquakes_th0_1/20250131T023148Z_20250131T023248Z/SGF_outputs/X_prediction_results.csv
VRF,HE,VRF,0,0.0,0.0,0.0,2025-01-31 02:31:55.240,0.94861,2025-01-31 02:32:03.680,0.613617,2025-01-31 02:31:50.000,2025-01-31 02:32:50.000,eqt_earthquakes_th0_1/20250131T023150Z_20250131T023250Z/VRF_outputs/X_prediction_results.csv
RAJF,FN,RAJF,0,0.0,0.0,0.0,2025-01-31 02:32:00.310,0.935947,2025-01-31 02:32:11.920,0.727731,2025-01-31 02:31:55.000,2025-01-31 02:32:55.000,eqt_earthquakes_th0_1/20250131T023155Z_20250131T023255Z/RAJF_outputs/X_prediction_results.csv
RNF,FN,RNF,0,0.0,0.0,0.0,2025-01-31 02:32:05.430,0.946596,2025-01-31 02:32:20.240,0.387657,2025-01-31 02:32:00.000,2025-01-31 02:33:00.000,eqt_earthquakes_th0_1/20250131T023200Z_20250131T023300Z/RNF_outputs/X_prediction_results.csv
OLKF,FN,OLKF,0,0.0,0.0,0.0,2025-01-31 02:32:07.950,0.941544,2025-01-31 02:32:25.170,0.567257,2025-01-31 02:32:02.000,2025-01-31 02:33:02.000,eqt_earthquakes_th0_1/20250131T023202Z_20250131T023302Z/OLKF_outputs/X_prediction_results.csv
KLF,FN,KLF,0,0.0,0.0,0.0,2025-01-31 02:32:11.800,0.949556,2025-01-31 02:32:31.820,0.177756,2025-01-31 02:32:06.000,2025-01-31 02:33:06.000,eqt_earthquakes_th0_1/20250131T023206Z_20250131T023306Z/KLF_outputs/X_prediction_results.csv
RANF,FN,RANF,0,0.0,0.0,0.0,2025-01-31 02:32:12.460,0.951983,2025-01-31 02:32:32.640,0.540391,2025-01-31 02:32:07.000,2025-01-31 02:33:07.000,eqt_earthquakes_th0_1/20250131T023207Z_20250131T023307Z/RANF_outputs/X_prediction_results.csv
KMNF,FN,KMNF,0,0.0,0.0,0.0,2025-01-31 02:32:12.860,0.950806,2025-01-31 02:32:33.840,0.290801,2025-01-31 02:32:07.000,2025-01-31 02:33:07.000,eqt_earthquakes_th0_1/20250131T023207Z_20250131T023307Z/KMNF_outputs/X_prediction_results.csv
MSF,FN,MSF,0,0.0,0.0,0.0,2025-01-31 02:32:13.940,0.910974,2025-01-31 02:32:35.110,0.484768,2025-01-31 02:32:08.000,2025-01-31 02:33:08.000,eqt_earthquakes_th0_1/20250131T023208Z_20250131T023308Z/MSF_outputs/X_prediction_results.csv
KU6,HE,KU6,0,0.0,0.0,0.0,2025-01-31 02:32:14.360,0.930381,2025-01-31 02:32:35.980,0.552467,2025-01-31 02:32:09.000,2025-01-31 02:33:09.000,eqt_earthquakes_th0_1/20250131T023209Z_20250131T023309Z/KU6_outputs/X_prediction_results.csv
HEF,HE,HEF,0,0.0,0.0,0.0,2025-01-31 02:32:16.130,0.947525,2025-01-31 02:32:39.880,0.411197,2025-01-31 02:32:11.000,2025-01-31 02:33:11.000,eqt_earthquakes_th0_1/20250131T023211Z_20250131T023311Z/HEF_outputs/X_prediction_results.csv
TOF,HE,TOF,0,0.0,0.0,0.0,,,2025-01-31 02:32:46.400,0.253614,2025-01-31 02:32:15.000,2025-01-31 02:33:15.000,eqt_earthquakes_th0_1/20250131T023215Z_20250131T023315Z/TOF_outputs/X_prediction_results.csv
KEV,HE,KEV,0,0.0,0.0,0.0,2025-01-31 02:32:21.580,0.887937,2025-01-31 02:32:50.980,0.178157,2025-01-31 02:32:16.000,2025-01-31 02:33:16.000,eqt_earthquakes_th0_1/20250131T023216Z_20250131T023316Z/KEV_outputs/X_prediction_results.csv
KPF,HE,KPF,0,0.0,0.0,0.0,2025-01-31 07:19:44.302,0.657064,2025-01-31 07:20:00.662,0.5859,2025-01-31 07:19:39.000,2025-01-31 07:20:39.000,eqt_earthquakes_th0_1/20250131T071939Z_20250131T072039Z/KPF_outputs/X_prediction_results.csv
RAF,HE,RAF,0,0.0,0.0,0.0,2025-01-31 07:19:49.080,0.523123,2025-01-31 07:20:10.290,0.442292,2025-01-31 07:19:44.000,2025-01-31 07:20:44.000,eqt_earthquakes_th0_1/20250131T071944Z_20250131T072044Z/RAF_outputs/X_prediction_results.csv
VAF,HE,VAF,0,0.0,0.0,0.0,2025-01-31 07:19:53.640,0.123555,,,2025-01-31 07:19:47.000,2025-01-31 07:20:47.000,eqt_earthquakes_th0_1/20250131T071947Z_20250131T072047Z/VAF_outputs/X_prediction_results.csv
AAL,UP,AAL,0,0.0,0.0,0.0,2025-01-31 07:19:55.610,0.788495,2025-01-31 07:20:21.730,0.326401,2025-01-31 07:19:50.000,2025-01-31 07:20:50.000,eqt_earthquakes_th0_1/20250131T071950Z_20250131T072050Z/AAL_outputs/X_prediction_results.csv
KLF,FN,KLF,0,0.0,0.0,0.0,2025-01-31 23:13:23.910,0.941808,2025-01-31 23:13:26.640,0.821664,2025-01-31 23:13:18.000,2025-01-31 23:14:18.000,eqt_earthquakes_th0_1/20250131T231318Z_20250131T231418Z/KLF_outputs/X_prediction_results.csv
RNF,FN,RNF,0,0.0,0.0,0.0,2025-01-31 23:13:36.410,0.933649,2025-01-31 23:13:49.070,0.558693,2025-01-31 23:13:31.000,2025-01-31 23:14:31.000,eqt_earthquakes_th0_1/20250131T231331Z_20250131T231431Z/RNF_outputs/X_prediction_results.csv
RAJF,FN,RAJF,0,0.0,0.0,0.0,,,2025-01-31 23:14:28.690,0.356746,2025-01-31 23:14:20.000,2025-01-31 23:15:20.000,eqt_earthquakes_th0_1/20250131T231420Z_20250131T231520Z/RAJF_outputs/X_prediction_results.csv
KU6,HE,KU6,0,0.0,0.0,0.0,2025-02-01 19:36:17.010,0.952826,2025-02-01 19:36:21.410,0.823582,2025-02-01 19:36:12.000,2025-02-01 19:37:12.000,eqt_earthquakes_th0_1/20250201T193612Z_20250201T193712Z/KU6_outputs/X_prediction_results.csv
MSF,FN,MSF,0,0.0,0.0,0.0,2025-02-01 19:36:19.970,0.950702,2025-02-01 19:36:26.540,0.820684,2025-02-01 19:36:14.000,2025-02-01 19:37:14.000,eqt_earthquakes_th0_1/20250201T193614Z_20250201T193714Z/MSF_outputs/X_prediction_results.csv
OLKF,FN,OLKF,0,0.0,0.0,0.0,2025-02-01 19:36:22.710,0.945665,2025-02-01 19:36:31.220,0.554364,2025-02-01 19:36:17.000,2025-02-01 19:37:17.000,eqt_earthquakes_th0_1/20250201T193617Z_20250201T193717Z/OLKF_outputs/X_prediction_results.csv
KIF,HE,KIF,0,0.0,0.0,0.0,2025-02-02 00:25:46.990,0.899399,2025-02-02 00:25:54.840,0.71923,2025-02-02 00:25:41.000,2025-02-02 00:26:41.000,eqt_earthquakes_th0_1/20250202T002541Z_20250202T002641Z/KIF_outputs/X_prediction_results.csv
VRF,HE,VRF,0,0.0,0.0,0.0,2025-02-02 00:33:25.160,0.923559,2025-02-02 00:33:46.170,0.590606,2025-02-02 00:33:20.000,2025-02-02 00:34:20.000,eqt_earthquakes_th0_1/20250202T003320Z_20250202T003420Z/VRF_outputs/X_prediction_results.csv
RAJF,FN,RAJF,0,0.0,0.0,0.0,,,2025-02-02 00:33:59.300,0.267511,2025-02-02 00:33:28.000,2025-02-02 00:34:28.000,eqt_earthquakes_th0_1/20250202T003328Z_20250202T003428Z/RAJF_outputs/X_prediction_results.csv
OLKF,FN,OLKF,0,0.0,0.0,0.0,2025-02-02 00:33:35.860,0.943962,,,2025-02-02 00:33:30.000,2025-02-02 00:34:30.000,eqt_earthquakes_th0_1/20250202T003330Z_20250202T003430Z/OLKF_outputs/X_prediction_results.csv
OLKF,FN,OLKF,0,0.0,0.0,0.0,,,2025-02-02 00:34:08.400,0.463747,2025-02-02 00:33:30.000,2025-02-02 00:34:30.000,eqt_earthquakes_th0_1/20250202T003330Z_20250202T003430Z/OLKF_outputs/X_prediction_results.csv
KU6,HE,KU6,0,0.0,0.0,0.0,2025-02-02 00:33:37.040,0.908154,,,2025-02-02 00:33:32.000,2025-02-02 00:34:32.000,eqt_earthquakes_th0_1/20250202T003332Z_20250202T003432Z/KU6_outputs/X_prediction_results.csv
KMNF,FN,KMNF,0,0.0,0.0,0.0,,,2025-02-02 00:34:14.830,0.386188,2025-02-02 00:33:37.000,2025-02-02 00:34:37.000,eqt_earthquakes_th0_1/20250202T003337Z_20250202T003437Z/KMNF_outputs/X_prediction_results.csv
KMNF,FN,KMNF,0,0.0,0.0,0.0,2025-02-02 00:33:42.000,0.947704,,,2025-02-02 00:33:37.000,2025-02-02 00:34:37.000,eqt_earthquakes_th0_1/20250202T003337Z_20250202T003437Z/KMNF_outputs/X_prediction_results.csv
MSF,FN,MSF,0,0.0,0.0,0.0,2025-02-02 00:33:42.180,0.416572,,,2025-02-02 00:33:37.000,2025-02-02 00:34:37.000,eqt_earthquakes_th0_1/20250202T003337Z_20250202T003437Z/MSF_outputs/X_prediction_results.csv
MSF,FN,MSF,0,0.0,0.0,0.0,,,2025-02-02 00:34:22.180,0.121235,2025-02-02 00:33:37.000,2025-02-02 00:34:37.000,eqt_earthquakes_th0_1/20250202T003337Z_20250202T003437Z/MSF_outputs/X_prediction_results.csv
SGF,FN,SGF,0,0.0,0.0,0.0,,,2025-02-02 00:34:15.340,0.256207,2025-02-02 00:33:38.000,2025-02-02 00:34:38.000,eqt_earthquakes_th0_1/20250202T003338Z_20250202T003438Z/SGF_outputs/X_prediction_results.csv
KEV,HE,KEV,0,0.0,0.0,0.0,2025-02-02 00:33:46.090,0.947614,,,2025-02-02 00:33:41.000,2025-02-02 00:34:41.000,eqt_earthquakes_th0_1/20250202T003341Z_20250202T003441Z/KEV_outputs/X_prediction_results.csv
KEV,HE,KEV,0,0.0,0.0,0.0,,,2025-02-02 00:34:21.810,0.249234,2025-02-02 00:33:41.000,2025-02-02 00:34:41.000,eqt_earthquakes_th0_1/20250202T003341Z_20250202T003441Z/KEV_outputs/X_prediction_results.csv
TOF,HE,TOF,0,0.0,0.0,0.0,,,2025-02-08 05:19:46.910,0.428538,2025-02-08 05:19:40.000,2025-02-08 05:20:40.000,eqt_earthquakes_th0_1/20250208T051940Z_20250208T052040Z/TOF_outputs/X_prediction_results.csv
VAF,HE,VAF,0,0.0,0.0,0.0,2025-02-09 07:46:41.920,0.22794,2025-02-09 07:46:47.350,0.622675,2025-02-09 07:46:36.000,2025-02-09 07:47:36.000,eqt_earthquakes_th0_1/20250209T074636Z_20250209T074736Z/VAF_outputs/X_prediction_results.csv
VAF,HE,VAF,0,0.0,0.0,0.0,2025-02-09 07:46:42.920,0.233865,,,2025-02-09 07:46:36.000,2025-02-09 07:47:36.000,eqt_earthquakes_th0_1/20250209T074636Z_20250209T074736Z/VAF_outputs/X_prediction_results.csv
VAF,HE,VAF,0,0.0,0.0,0.0,2025-02-09 07:46:43.910,0.230321,,,2025-02-09 07:46:36.000,2025-02-09 07:47:36.000,eqt_earthquakes_th0_1/20250209T074636Z_20250209T074736Z/VAF_outputs/X_prediction_results.csv
VJF,HE,VJF,0,0.0,0.0,0.0,2025-02-15 08:55:52.266,0.951609,2025-02-15 08:55:56.446,0.819304,2025-02-15 08:55:47.000,2025-02-15 08:56:47.000,eqt_earthquakes_th0_1/20250215T085547Z_20250215T085647Z/VJF_outputs/X_prediction_results.csv
VUOS,HE,VUOS,0,0.0,0.0,0.0,2025-02-15 08:56:03.628,0.930718,2025-02-15 08:56:15.868,0.548633,2025-02-15 08:55:58.000,2025-02-15 08:56:58.000,eqt_earthquakes_th0_1/20250215T085558Z_20250215T085658Z/VUOS_outputs/X_prediction_results.csv
KUNI,HE,KUNI,0,0.0,0.0,0.0,2025-02-15 08:56:05.538,0.840305,2025-02-15 08:56:19.168,0.414196,2025-02-15 08:56:00.000,2025-02-15 08:57:00.000,eqt_earthquakes_th0_1/20250215T085600Z_20250215T085700Z/KUNI_outputs/X_prediction_results.csv
KUNI,HE,KUNI,0,0.0,0.0,0.0,,,2025-02-15 08:56:25.198,0.164738,2025-02-15 08:56:00.000,2025-02-15 08:57:00.000,eqt_earthquakes_th0_1/20250215T085600Z_20250215T085700Z/KUNI_outputs/X_prediction_results.csv
HEL1,HE,HEL1,0,0.0,0.0,0.0,2025-02-15 08:56:06.032,0.774195,2025-02-15 08:56:19.982,0.412781,2025-02-15 08:56:01.000,2025-02-15 08:57:01.000,eqt_earthquakes_th0_1/20250215T085601Z_20250215T085701Z/HEL1_outputs/X_prediction_results.csv
FIA1,HE,FIA1,0,0.0,0.0,0.0,2025-02-15 08:56:07.150,0.946442,2025-02-15 08:56:27.120,0.415942,2025-02-15 08:56:02.000,2025-02-15 08:57:02.000,eqt_earthquakes_th0_1/20250215T085602Z_20250215T085702Z/FIA1_outputs/X_prediction_results.csv
FIA0,HE,FIA0,0,0.0,0.0,0.0,2025-02-15 08:56:07.140,0.940323,2025-02-15 08:56:22.700,0.51648,2025-02-15 08:56:02.000,2025-02-15 08:57:02.000,eqt_earthquakes_th0_1/20250215T085602Z_20250215T085702Z/FIA0_outputs/X_prediction_results.csv
NUR,HE,NUR,0,0.0,0.0,0.0,2025-02-15 08:56:07.520,0.94799,2025-02-15 08:56:22.820,0.449437,2025-02-15 08:56:02.000,2025-02-15 08:57:02.000,eqt_earthquakes_th0_1/20250215T085602Z_20250215T085702Z/NUR_outputs/X_prediction_results.csv
MEF,HE,MEF,0,0.0,0.0,0.0,2025-02-15 08:56:10.020,0.953675,2025-02-15 08:56:27.230,0.412324,2025-02-15 08:56:05.000,2025-02-15 08:57:05.000,eqt_earthquakes_th0_1/20250215T085605Z_20250215T085705Z/MEF_outputs/X_prediction_results.csv
RUF,HE,RUF,0,0.0,0.0,0.0,,,2025-02-15 08:56:30.140,0.410416,2025-02-15 08:56:07.000,2025-02-15 08:57:07.000,eqt_earthquakes_th0_1/20250215T085607Z_20250215T085707Z/RUF_outputs/X_prediction_results.csv
KAF,HE,KAF,0,0.0,0.0,0.0,2025-02-15 08:56:17.650,0.904538,2025-02-15 08:56:41.540,0.258703,2025-02-15 08:56:12.000,2025-02-15 08:57:12.000,eqt_earthquakes_th0_1/20250215T085612Z_20250215T085712Z/KAF_outputs/X_prediction_results.csv
TVF,HE,TVF,0,0.0,0.0,0.0,2025-02-15 08:56:21.726,0.593381,2025-02-15 08:56:46.676,0.206529,2025-02-15 08:56:16.000,2025-02-15 08:57:16.000,eqt_earthquakes_th0_1/20250215T085616Z_20250215T085716Z/TVF_outputs/X_prediction_results.csv
KEF,HE,KEF,0,0.0,0.0,0.0,2025-02-15 08:56:48.660,0.246969,2025-02-15 08:56:51.180,0.507369,2025-02-15 08:56:17.000,2025-02-15 08:57:17.000,eqt_earthquakes_th0_1/20250215T085617Z_20250215T085717Z/KEF_outputs/X_prediction_results.csv
VJF,HE,VJF,0,0.0,0.0,0.0,2025-02-15 08:57:28.654,0.887736,2025-02-15 08:57:32.744,0.821868,2025-02-15 08:57:23.000,2025-02-15 08:58:23.000,eqt_earthquakes_th0_1/20250215T085723Z_20250215T085823Z/VJF_outputs/X_prediction_results.csv
FIA0,HE,FIA0,0,0.0,0.0,0.0,2025-02-15 08:57:58.790,0.594309,2025-02-15 08:58:03.290,0.413478,2025-02-15 08:57:53.000,2025-02-15 08:58:53.000,eqt_earthquakes_th0_1/20250215T085753Z_20250215T085853Z/FIA0_outputs/X_prediction_results.csv
FIA1,HE,FIA1,0,0.0,0.0,0.0,2025-02-15 08:57:58.790,0.632499,2025-02-15 08:58:03.490,0.447108,2025-02-15 08:57:53.000,2025-02-15 08:58:53.000,eqt_earthquakes_th0_1/20250215T085753Z_20250215T085853Z/FIA1_outputs/X_prediction_results.csv
KEF,HE,KEF,0,0.0,0.0,0.0,,,2025-02-15 08:58:27.620,0.649229,2025-02-15 08:58:21.000,2025-02-15 08:59:21.000,eqt_earthquakes_th0_1/20250215T085821Z_20250215T085921Z/KEF_outputs/X_prediction_results.csv
AAL,UP,AAL,0,0.0,0.0,0.0,2025-02-15 20:40:12.630,0.387526,2025-02-15 20:40:36.940,0.605856,2025-02-15 20:40:07.000,2025-02-15 20:41:07.000,eqt_earthquakes_th0_1/20250215T204007Z_20250215T204107Z/AAL_outputs/X_prediction_results.csv
KU6,HE,KU6,0,0.0,0.0,0.0,2025-02-15 21:01:17.930,0.926316,2025-02-15 21:01:22.420,0.833404,2025-02-15 21:01:12.000,2025-02-15 21:02:12.000,eqt_earthquakes_th0_1/20250215T210112Z_20250215T210212Z/KU6_outputs/X_prediction_results.csv
KU6,HE,KU6,0,0.0,0.0,0.0,2025-02-15 21:02:03.900,0.13083,2025-02-15 21:02:07.930,0.233732,2025-02-15 21:01:12.000,2025-02-15 21:02:12.000,eqt_earthquakes_th0_1/20250215T210112Z_20250215T210212Z/KU6_outputs/X_prediction_results.csv
MSF,FN,MSF,0,0.0,0.0,0.0,2025-02-15 21:01:18.700,0.952546,2025-02-15 21:01:23.610,0.812452,2025-02-15 21:01:13.000,2025-02-15 21:02:13.000,eqt_earthquakes_th0_1/20250215T210113Z_20250215T210213Z/MSF_outputs/X_prediction_results.csv
OLKF,FN,OLKF,0,0.0,0.0,0.0,,,2025-02-15 21:01:31.500,0.565512,2025-02-15 21:01:18.000,2025-02-15 21:02:18.000,eqt_earthquakes_th0_1/20250215T210118Z_20250215T210218Z/OLKF_outputs/X_prediction_results.csv
AAL,UP,AAL,0,0.0,0.0,0.0,2025-02-19 15:17:25.580,0.775179,2025-02-19 15:17:34.660,0.181957,2025-02-19 15:17:20.000,2025-02-19 15:18:20.000,eqt_earthquakes_th0_1/20250219T151720Z_20250219T151820Z/AAL_outputs/X_prediction_results.csv
RAF,HE,RAF,0,0.0,0.0,0.0,2025-02-19 15:17:40.680,0.204531,,,2025-02-19 15:17:35.000,2025-02-19 15:18:35.000,eqt_earthquakes_th0_1/20250219T151735Z_20250219T151835Z/RAF_outputs/X_prediction_results.csv
TVF,HE,TVF,0,0.0,0.0,0.0,,,2025-02-19 15:19:05.648,0.37362,2025-02-19 15:18:36.000,2025-02-19 15:19:36.000,eqt_earthquakes_th0_1/20250219T151836Z_20250219T151936Z/TVF_outputs/X_prediction_results.csv
MSF,FN,MSF,0,0.0,0.0,0.0,2025-02-20 11:30:53.620,0.942047,2025-02-20 11:30:56.360,0.868466,2025-02-20 11:30:48.000,2025-02-20 11:31:48.000,eqt_earthquakes_th0_1/20250220T113048Z_20250220T113148Z/MSF_outputs/X_prediction_results.csv
KU6,HE,KU6,0,0.0,0.0,0.0,2025-02-20 11:30:57.150,0.952556,2025-02-20 11:31:02.550,0.818262,2025-02-20 11:30:52.000,2025-02-20 11:31:52.000,eqt_earthquakes_th0_1/20250220T113052Z_20250220T113152Z/KU6_outputs/X_prediction_results.csv
OLKF,FN,OLKF,0,0.0,0.0,0.0,2025-02-20 11:30:59.000,0.956298,2025-02-20 11:31:05.420,0.754543,2025-02-20 11:30:54.000,2025-02-20 11:31:54.000,eqt_earthquakes_th0_1/20250220T113054Z_20250220T113154Z/OLKF_outputs/X_prediction_results.csv
RANF,FN,RANF,0,0.0,0.0,0.0,2025-02-20 11:31:07.310,0.912927,2025-02-20 11:31:19.330,0.393215,2025-02-20 11:31:02.000,2025-02-20 11:32:02.000,eqt_earthquakes_th0_1/20250220T113102Z_20250220T113202Z/RANF_outputs/X_prediction_results.csv
MSF,FN,MSF,0,0.0,0.0,0.0,2025-02-20 23:19:55.990,0.916251,2025-02-20 23:20:00.340,0.838003,2025-02-20 23:19:50.000,2025-02-20 23:20:50.000,eqt_earthquakes_th0_1/20250220T231950Z_20250220T232050Z/MSF_outputs/X_prediction_results.csv
OLKF,FN,OLKF,0,0.0,0.0,0.0,2025-02-20 23:19:59.310,0.718714,2025-02-20 23:20:06.180,0.635091,2025-02-20 23:19:54.000,2025-02-20 23:20:54.000,eqt_earthquakes_th0_1/20250220T231954Z_20250220T232054Z/OLKF_outputs/X_prediction_results.csv
KU6,HE,KU6,0,0.0,0.0,0.0,2025-02-20 23:20:01.150,0.920409,2025-02-20 23:20:09.030,0.650581,2025-02-20 23:19:56.000,2025-02-20 23:20:56.000,eqt_earthquakes_th0_1/20250220T231956Z_20250220T232056Z/KU6_outputs/X_prediction_results.csv
RANF,FN,RANF,0,0.0,0.0,0.0,2025-02-20 23:20:02.510,0.894298,2025-02-20 23:20:11.230,0.608336,2025-02-20 23:19:57.000,2025-02-20 23:20:57.000,eqt_earthquakes_th0_1/20250220T231957Z_20250220T232057Z/RANF_outputs/X_prediction_results.csv
RNF,FN,RNF,0,0.0,0.0,0.0,2025-02-20 23:20:10.190,0.923558,2025-02-20 23:20:25.880,0.197542,2025-02-20 23:20:05.000,2025-02-20 23:21:05.000,eqt_earthquakes_th0_1/20250220T232005Z_20250220T232105Z/RNF_outputs/X_prediction_results.csv
OUL,FN,OUL,0,0.0,0.0,0.0,2025-02-20 23:20:15.610,0.923009,2025-02-20 23:20:33.080,0.592294,2025-02-20 23:20:09.000,2025-02-20 23:21:09.000,eqt_earthquakes_th0_1/20250220T232009Z_20250220T232109Z/OUL_outputs/X_prediction_results.csv
SGF,FN,SGF,0,0.0,0.0,0.0,,,2025-02-20 23:20:38.800,0.296094,2025-02-20 23:20:33.000,2025-02-20 23:21:33.000,eqt_earthquakes_th0_1/20250220T232033Z_20250220T232133Z/SGF_outputs/X_prediction_results.csv
HEF,HE,HEF,0,0.0,0.0,0.0,2025-02-24 03:30:52.500,0.912739,2025-02-24 03:30:59.730,0.738071,2025-02-24 03:30:47.000,2025-02-24 03:31:47.000,eqt_earthquakes_th0_1/20250224T033047Z_20250224T033147Z/HEF_outputs/X_prediction_results.csv
KIF,HE,KIF,0,0.0,0.0,0.0,2025-02-24 03:31:00.430,0.906499,2025-02-24 03:31:13.420,0.427773,2025-02-24 03:30:55.000,2025-02-24 03:31:55.000,eqt_earthquakes_th0_1/20250224T033055Z_20250224T033155Z/KIF_outputs/X_prediction_results.csv
RAJF,FN,RAJF,0,0.0,0.0,0.0,,,2025-02-24 03:31:37.050,0.144994,2025-02-24 03:31:29.000,2025-02-24 03:32:29.000,eqt_earthquakes_th0_1/20250224T033129Z_20250224T033229Z/RAJF_outputs/X_prediction_results.csv
KEV,HE,KEV,0,0.0,0.0,0.0,2025-02-25 23:11:41.860,0.705246,2025-02-25 23:11:53.140,0.543266,2025-02-25 23:11:36.000,2025-02-25 23:12:36.000,eqt_earthquakes_th0_1/20250225T231136Z_20250225T231236Z/KEV_outputs/X_prediction_results.csv
KMNF,FN,KMNF,0,0.0,0.0,0.0,2025-02-25 23:11:42.260,0.840032,2025-02-25 23:11:54.030,0.63605,2025-02-25 23:11:37.000,2025-02-25 23:12:37.000,eqt_earthquakes_th0_1/20250225T231137Z_20250225T231237Z/KMNF_outputs/X_prediction_results.csv
HEF,HE,HEF,0,0.0,0.0,0.0,,,2025-02-25 23:11:58.980,0.427745,2025-02-25 23:11:53.000,2025-02-25 23:12:53.000,eqt_earthquakes_th0_1/20250225T231153Z_20250225T231253Z/HEF_outputs/X_prediction_results.csv
RAJF,FN,RAJF,0,0.0,0.0,0.0,2025-02-25 23:12:16.110,0.340709,,,2025-02-25 23:12:11.000,2025-02-25 23:13:11.000,eqt_earthquakes_th0_1/20250225T231211Z_20250225T231311Z/RAJF_outputs/X_prediction_results.csv
RAJF,FN,RAJF,0,0.0,0.0,0.0,,,2025-02-25 23:12:16.110,0.281082,2025-02-25 23:12:11.000,2025-02-25 23:13:11.000,eqt_earthquakes_th0_1/20250225T231211Z_20250225T231311Z/RAJF_outputs/X_prediction_results.csv
KEV,HE,KEV,0,0.0,0.0,0.0,2025-02-27 18:38:41.840,0.92656,2025-02-27 18:38:46.950,0.781067,2025-02-27 18:38:36.000,2025-02-27 18:39:36.000,eqt_earthquakes_th0_1/20250227T183836Z_20250227T183936Z/KEV_outputs/X_prediction_results.csv
KMNF,FN,KMNF,0,0.0,0.0,0.0,2025-02-27 18:38:50.850,0.932904,2025-02-27 18:39:02.980,0.237955,2025-02-27 18:38:45.000,2025-02-27 18:39:45.000,eqt_earthquakes_th0_1/20250227T183845Z_20250227T183945Z/KMNF_outputs/X_prediction_results.csv
RAJF,FN,RAJF,0,0.0,0.0,0.0,2025-02-27 18:39:04.560,0.856849,2025-02-27 18:39:27.200,0.409664,2025-02-27 18:38:59.000,2025-02-27 18:39:59.000,eqt_earthquakes_th0_1/20250227T183859Z_20250227T183959Z/RAJF_outputs/X_prediction_results.csv
HEF,HE,HEF,0,0.0,0.0,0.0,2025-02-27 18:39:07.200,0.508073,2025-02-27 18:39:30.100,0.272279,2025-02-27 18:39:01.000,2025-02-27 18:40:01.000,eqt_earthquakes_th0_1/20250227T183901Z_20250227T184001Z/HEF_outputs/X_prediction_results.csv
HEF,HE,HEF,0,0.0,0.0,0.0,2025-02-27 18:39:08.190,0.169533,,,2025-02-27 18:39:01.000,2025-02-27 18:40:01.000,eqt_earthquakes_th0_1/20250227T183901Z_20250227T184001Z/HEF_outputs/X_prediction_results.csv
KIF,HE,KIF,0,0.0,0.0,0.0,,,2025-02-27 18:40:19.450,0.249922,2025-02-27 18:39:32.000,2025-02-27 18:40:32.000,eqt_earthquakes_th0_1/20250227T183932Z_20250227T184032Z/KIF_outputs/X_prediction_results.csv
KIF,HE,KIF,0,0.0,0.0,0.0,,,2025-02-27 18:39:38.050,0.365382,2025-02-27 18:39:32.000,2025-02-27 18:40:32.000,eqt_earthquakes_th0_1/20250227T183932Z_20250227T184032Z/KIF_outputs/X_prediction_results.csv
TOF,HE,TOF,0,0.0,0.0,0.0,2025-02-28 00:31:23.670,0.690062,2025-02-28 00:31:45.190,0.410085,2025-02-28 00:31:18.000,2025-02-28 00:32:18.000,eqt_earthquakes_th0_1/20250228T003118Z_20250228T003218Z/TOF_outputs/X_prediction_results.csv
OBF0,HE,OBF0,0,0.0,0.0,0.0,2025-02-28 00:31:24.260,0.952442,2025-02-28 00:31:47.320,0.210381,2025-02-28 00:31:19.000,2025-02-28 00:32:19.000,eqt_earthquakes_th0_1/20250228T003119Z_20250228T003219Z/OBF0_outputs/X_prediction_results.csv
OBF3,HE,OBF3,0,0.0,0.0,0.0,2025-02-28 00:31:25.180,0.957672,2025-02-28 00:31:48.590,0.392222,2025-02-28 00:31:20.000,2025-02-28 00:32:20.000,eqt_earthquakes_th0_1/20250228T003120Z_20250228T003220Z/OBF3_outputs/X_prediction_results.csv
OUF,HE,OUF,0,0.0,0.0,0.0,2025-02-28 00:31:29.070,0.148009,2025-02-28 00:31:56.600,0.130287,2025-02-28 00:31:24.000,2025-02-28 00:32:24.000,eqt_earthquakes_th0_1/20250228T003124Z_20250228T003224Z/OUF_outputs/X_prediction_results.csv
OUL,FN,OUL,0,0.0,0.0,0.0,2025-02-28 00:31:30.690,0.92881,2025-02-28 00:31:58.040,0.158586,2025-02-28 00:31:25.000,2025-02-28 00:32:25.000,eqt_earthquakes_th0_1/20250228T003125Z_20250228T003225Z/OUL_outputs/X_prediction_results.csv
TOF,HE,TOF,0,0.0,0.0,0.0,2025-02-28 01:46:46.850,0.947539,2025-02-28 01:46:53.830,0.407565,2025-02-28 01:46:41.000,2025-02-28 01:47:41.000,eqt_earthquakes_th0_1/20250228T014641Z_20250228T014741Z/TOF_outputs/X_prediction_results.csv
OUL,FN,OUL,0,0.0,0.0,0.0,2025-02-28 01:46:49.790,0.945992,2025-02-28 01:46:58.700,0.721694,2025-02-28 01:46:44.000,2025-02-28 01:47:44.000,eqt_earthquakes_th0_1/20250228T014644Z_20250228T014744Z/OUL_outputs/X_prediction_results.csv
OBF3,HE,OBF3,0,0.0,0.0,0.0,2025-02-28 01:46:50.652,0.946473,2025-02-28 01:47:00.552,0.76979,2025-02-28 01:46:45.000,2025-02-28 01:47:45.000,eqt_earthquakes_th0_1/20250228T014645Z_20250228T014745Z/OBF3_outputs/X_prediction_results.csv
RANF,FN,RANF,0,0.0,0.0,0.0,2025-02-28 01:46:55.000,0.9427,2025-02-28 01:47:08.030,0.538221,2025-02-28 01:46:49.000,2025-02-28 01:47:49.000,eqt_earthquakes_th0_1/20250228T014649Z_20250228T014749Z/RANF_outputs/X_prediction_results.csv
OBF0,HE,OBF0,0,0.0,0.0,0.0,2025-02-28 01:46:56.516,0.944254,2025-02-28 01:47:10.636,0.567314,2025-02-28 01:46:51.000,2025-02-28 01:47:51.000,eqt_earthquakes_th0_1/20250228T014651Z_20250228T014751Z/OBF0_outputs/X_prediction_results.csv
OUF,HE,OUF,0,0.0,0.0,0.0,2025-02-28 01:46:58.430,0.898471,2025-02-28 01:47:14.590,0.311022,2025-02-28 01:46:53.000,2025-02-28 01:47:53.000,eqt_earthquakes_th0_1/20250228T014653Z_20250228T014753Z/OUF_outputs/X_prediction_results.csv
OUF,HE,OUF,0,0.0,0.0,0.0,,,2025-02-28 01:47:18.610,0.247137,2025-02-28 01:46:53.000,2025-02-28 01:47:53.000,eqt_earthquakes_th0_1/20250228T014653Z_20250228T014753Z/OUF_outputs/X_prediction_results.csv
KLF,FN,KLF,0,0.0,0.0,0.0,2025-02-28 01:47:07.660,0.953891,2025-02-28 01:47:29.980,0.521272,2025-02-28 01:47:02.000,2025-02-28 01:48:02.000,eqt_earthquakes_th0_1/20250228T014702Z_20250228T014802Z/KLF_outputs/X_prediction_results.csv
MSF,FN,MSF,0,0.0,0.0,0.0,2025-02-28 01:47:10.160,0.378378,2025-02-28 01:47:33.550,0.38835,2025-02-28 01:47:05.000,2025-02-28 01:48:05.000,eqt_earthquakes_th0_1/20250228T014705Z_20250228T014805Z/MSF_outputs/X_prediction_results.csv
SGF,FN,SGF,0,0.0,0.0,0.0,2025-02-28 01:47:13.520,0.19477,2025-02-28 01:47:39.070,0.33702,2025-02-28 01:47:08.000,2025-02-28 01:48:08.000,eqt_earthquakes_th0_1/20250228T014708Z_20250228T014808Z/SGF_outputs/X_prediction_results.csv
OLKF,FN,OLKF,0,0.0,0.0,0.0,2025-02-28 01:47:13.260,0.689951,2025-02-28 01:47:40.910,0.352921,2025-02-28 01:47:08.000,2025-02-28 01:48:08.000,eqt_earthquakes_th0_1/20250228T014708Z_20250228T014808Z/OLKF_outputs/X_prediction_results.csv
RNF,FN,RNF,0,0.0,0.0,0.0,2025-02-28 01:47:14.310,0.325647,2025-02-28 01:47:18.080,0.112046,2025-02-28 01:47:09.000,2025-02-28 01:48:09.000,eqt_earthquakes_th0_1/20250228T014709Z_20250228T014809Z/RNF_outputs/X_prediction_results.csv
RNF,FN,RNF,0,0.0,0.0,0.0,,,2025-02-28 01:47:14.300,0.211041,2025-02-28 01:47:09.000,2025-02-28 01:48:09.000,eqt_earthquakes_th0_1/20250228T014709Z_20250228T014809Z/RNF_outputs/X_prediction_results.csv
KU6,HE,KU6,0,0.0,0.0,0.0,2025-02-28 01:47:15.340,0.826046,2025-02-28 01:47:44.590,0.217788,2025-02-28 01:47:10.000,2025-02-28 01:48:10.000,eqt_earthquakes_th0_1/20250228T014710Z_20250228T014810Z/KU6_outputs/X_prediction_results.csv
KIF,HE,KIF,0,0.0,0.0,0.0,2025-02-28 09:03:50.950,0.946481,2025-02-28 09:04:09.340,0.56859,2025-02-28 09:03:45.000,2025-02-28 09:04:45.000,eqt_earthquakes_th0_1/20250228T090345Z_20250228T090445Z/KIF_outputs/X_prediction_results.csv
HEF,HE,HEF,0,0.0,0.0,0.0,2025-02-28 09:03:56.600,0.952954,2025-02-28 09:04:18.480,0.403669,2025-02-28 09:03:51.000,2025-02-28 09:04:51.000,eqt_earthquakes_th0_1/20250228T090351Z_20250228T090451Z/HEF_outputs/X_prediction_results.csv
KLF,FN,KLF,0,0.0,0.0,0.0,2025-02-28 09:03:57.950,0.955509,2025-02-28 09:04:21.670,0.214608,2025-02-28 09:03:52.000,2025-02-28 09:04:52.000,eqt_earthquakes_th0_1/20250228T090352Z_20250228T090452Z/KLF_outputs/X_prediction_results.csv
HEF,HE,HEF,0,0.0,0.0,0.0,2025-03-01 01:23:55.000,0.948496,2025-03-01 01:24:02.220,0.409231,2025-03-01 01:23:49.000,2025-03-01 01:24:49.000,eqt_earthquakes_th0_1/20250301T012349Z_20250301T012449Z/HEF_outputs/X_prediction_results.csv
KLF,FN,KLF,0,0.0,0.0,0.0,2025-03-01 01:24:01.800,0.948421,2025-03-01 01:24:14.270,0.529224,2025-03-01 01:23:56.000,2025-03-01 01:24:56.000,eqt_earthquakes_th0_1/20250301T012356Z_20250301T012456Z/KLF_outputs/X_prediction_results.csv
SGF,FN,SGF,0,0.0,0.0,0.0,2025-03-01 01:24:13.200,0.781044,2025-03-01 01:24:33.670,0.349266,2025-03-01 01:24:08.000,2025-03-01 01:25:08.000,eqt_earthquakes_th0_1/20250301T012408Z_20250301T012508Z/SGF_outputs/X_prediction_results.csv
KMNF,FN,KMNF,0,0.0,0.0,0.0,2025-03-01 01:24:19.960,0.306452,,,2025-03-01 01:24:13.000,2025-03-01 01:25:13.000,eqt_earthquakes_th0_1/20250301T012413Z_20250301T012513Z/KMNF_outputs/X_prediction_results.csv
KMNF,FN,KMNF,0,0.0,0.0,0.0,2025-03-01 01:24:20.970,0.102455,,,2025-03-01 01:24:13.000,2025-03-01 01:25:13.000,eqt_earthquakes_th0_1/20250301T012413Z_20250301T012513Z/KMNF_outputs/X_prediction_results.csv
KMNF,FN,KMNF,0,0.0,0.0,0.0,2025-03-01 01:24:18.950,0.262096,2025-03-01 01:24:43.970,0.167024,2025-03-01 01:24:13.000,2025-03-01 01:25:13.000,eqt_earthquakes_th0_1/20250301T012413Z_20250301T012513Z/KMNF_outputs/X_prediction_results.csv
TOF,HE,TOF,0,0.0,0.0,0.0,2025-03-01 01:24:23.210,0.111138,2025-03-01 01:24:48.550,0.405315,2025-03-01 01:24:17.000,2025-03-01 01:25:17.000,eqt_earthquakes_th0_1/20250301T012417Z_20250301T012517Z/TOF_outputs/X_prediction_results.csv
KIF,HE,KIF,0,0.0,0.0,0.0,2025-03-01 06:26:46.270,0.926549,2025-03-01 06:27:05.190,0.632474,2025-03-01 06:26:41.000,2025-03-01 06:27:41.000,eqt_earthquakes_th0_1/20250301T062641Z_20250301T062741Z/KIF_outputs/X_prediction_results.csv
HEF,HE,HEF,0,0.0,0.0,0.0,2025-03-01 06:27:02.720,0.137931,,,2025-03-01 06:26:57.000,2025-03-01 06:27:57.000,eqt_earthquakes_th0_1/20250301T062657Z_20250301T062757Z/HEF_outputs/X_prediction_results.csv
HEF,HE,HEF,0,0.0,0.0,0.0,,,2025-03-01 06:27:34.360,0.488357,2025-03-01 06:26:57.000,2025-03-01 06:27:57.000,eqt_earthquakes_th0_1/20250301T062657Z_20250301T062757Z/HEF_outputs/X_prediction_results.csv
KIF,HE,KIF,0,0.0,0.0,0.0,2025-03-04 08:03:28.690,0.932845,2025-03-04 08:03:41.830,0.541933,2025-03-04 08:03:23.000,2025-03-04 08:04:23.000,eqt_earthquakes_th0_1/20250304T080323Z_20250304T080423Z/KIF_outputs/X_prediction_results.csv
HEF,HE,HEF,0,0.0,0.0,0.0,2025-03-04 08:03:38.190,0.950006,2025-03-04 08:03:58.260,0.551701,2025-03-04 08:03:33.000,2025-03-04 08:04:33.000,eqt_earthquakes_th0_1/20250304T080333Z_20250304T080433Z/HEF_outputs/X_prediction_results.csv
KLF,FN,KLF,0,0.0,0.0,0.0,2025-03-04 08:03:44.150,0.93842,2025-03-04 08:04:09.380,0.570816,2025-03-04 08:03:39.000,2025-03-04 08:04:39.000,eqt_earthquakes_th0_1/20250304T080339Z_20250304T080439Z/KLF_outputs/X_prediction_results.csv
SGF,FN,SGF,0,0.0,0.0,0.0,2025-03-05 07:30:51.270,0.956479,2025-03-05 07:30:53.870,0.847515,2025-03-05 07:30:46.000,2025-03-05 07:31:46.000,eqt_earthquakes_th0_1/20250305T073046Z_20250305T073146Z/SGF_outputs/X_prediction_results.csv
VRF,HE,VRF,0,0.0,0.0,0.0,2025-03-05 07:31:06.220,0.951289,2025-03-05 07:31:19.190,0.442825,2025-03-05 07:31:01.000,2025-03-05 07:32:01.000,eqt_earthquakes_th0_1/20250305T073101Z_20250305T073201Z/VRF_outputs/X_prediction_results.csv
RAJF,FN,RAJF,0,0.0,0.0,0.0,2025-03-05 07:31:06.200,0.93466,2025-03-05 07:31:19.370,0.552386,2025-03-05 07:31:01.000,2025-03-05 07:32:01.000,eqt_earthquakes_th0_1/20250305T073101Z_20250305T073201Z/RAJF_outputs/X_prediction_results.csv
KLF,FN,KLF,0,0.0,0.0,0.0,2025-03-05 07:31:09.000,0.945975,2025-03-05 07:31:24.090,0.528072,2025-03-05 07:31:03.000,2025-03-05 07:32:03.000,eqt_earthquakes_th0_1/20250305T073103Z_20250305T073203Z/KLF_outputs/X_prediction_results.csv
HEF,HE,HEF,0,0.0,0.0,0.0,2025-03-05 07:31:14.210,0.949689,2025-03-05 07:31:33.350,0.429673,2025-03-05 07:31:09.000,2025-03-05 07:32:09.000,eqt_earthquakes_th0_1/20250305T073109Z_20250305T073209Z/HEF_outputs/X_prediction_results.csv
OLKF,FN,OLKF,0,0.0,0.0,0.0,2025-03-05 07:31:15.850,0.924422,2025-03-05 07:31:35.740,0.622359,2025-03-05 07:31:10.000,2025-03-05 07:32:10.000,eqt_earthquakes_th0_1/20250305T073110Z_20250305T073210Z/OLKF_outputs/X_prediction_results.csv
KMNF,FN,KMNF,0,0.0,0.0,0.0,2025-03-05 07:31:15.610,0.95441,2025-03-05 07:31:35.470,0.393481,2025-03-05 07:31:10.000,2025-03-05 07:32:10.000,eqt_earthquakes_th0_1/20250305T073110Z_20250305T073210Z/KMNF_outputs/X_prediction_results.csv
RANF,FN,RANF,0,0.0,0.0,0.0,2025-03-05 07:31:15.260,0.953982,2025-03-05 07:31:35.140,0.525147,2025-03-05 07:31:10.000,2025-03-05 07:32:10.000,eqt_earthquakes_th0_1/20250305T073110Z_20250305T073210Z/RANF_outputs/X_prediction_results.csv
TOF,HE,TOF,0,0.0,0.0,0.0,2025-03-05 07:31:19.440,0.869788,2025-03-05 07:31:42.550,0.346986,2025-03-05 07:31:14.000,2025-03-05 07:32:14.000,eqt_earthquakes_th0_1/20250305T073114Z_20250305T073214Z/TOF_outputs/X_prediction_results.csv
MSF,FN,MSF,0,0.0,0.0,0.0,2025-03-05 07:31:20.290,0.937397,2025-03-05 07:31:43.970,0.348739,2025-03-05 07:31:15.000,2025-03-05 07:32:15.000,eqt_earthquakes_th0_1/20250305T073115Z_20250305T073215Z/MSF_outputs/X_prediction_results.csv
KU6,HE,KU6,0,0.0,0.0,0.0,2025-03-05 07:31:21.310,0.897444,2025-03-05 07:31:46.600,0.605585,2025-03-05 07:31:16.000,2025-03-05 07:32:16.000,eqt_earthquakes_th0_1/20250305T073116Z_20250305T073216Z/KU6_outputs/X_prediction_results.csv
KEV,HE,KEV,0,0.0,0.0,0.0,2025-03-05 07:31:25.570,0.817885,2025-03-05 07:31:53.300,0.362981,2025-03-05 07:31:20.000,2025-03-05 07:32:20.000,eqt_earthquakes_th0_1/20250305T073120Z_20250305T073220Z/KEV_outputs/X_prediction_results.csv
MSF,FN,MSF,0,0.0,0.0,0.0,2025-03-05 09:35:20.400,0.5324,2025-03-05 09:35:26.380,0.718225,2025-03-05 09:35:15.000,2025-03-05 09:36:15.000,eqt_earthquakes_th0_1/20250305T093515Z_20250305T093615Z/MSF_outputs/X_prediction_results.csv
MSF,FN,MSF,0,0.0,0.0,0.0,2025-03-05 09:35:53.230,0.183565,2025-03-05 09:35:57.200,0.582067,2025-03-05 09:35:15.000,2025-03-05 09:36:15.000,eqt_earthquakes_th0_1/20250305T093515Z_20250305T093615Z/MSF_outputs/X_prediction_results.csv
RANF,FN,RANF,0,0.0,0.0,0.0,2025-03-05 09:35:23.960,0.948627,2025-03-05 09:35:32.270,0.629674,2025-03-05 09:35:18.000,2025-03-05 09:36:18.000,eqt_earthquakes_th0_1/20250305T093518Z_20250305T093618Z/RANF_outputs/X_prediction_results.csv
KU6,HE,KU6,0,0.0,0.0,0.0,2025-03-08 14:36:15.130,0.949716,2025-03-08 14:36:22.460,0.711025,2025-03-08 14:36:10.000,2025-03-08 14:37:10.000,eqt_earthquakes_th0_1/20250308T143610Z_20250308T143710Z/KU6_outputs/X_prediction_results.csv
MSF,FN,MSF,0,0.0,0.0,0.0,2025-03-08 14:36:17.860,0.204118,2025-03-08 14:36:27.520,0.540507,2025-03-08 14:36:12.000,2025-03-08 14:37:12.000,eqt_earthquakes_th0_1/20250308T143612Z_20250308T143712Z/MSF_outputs/X_prediction_results.csv
OLKF,FN,OLKF,0,0.0,0.0,0.0,2025-03-08 14:36:21.650,0.85171,2025-03-08 14:36:33.950,0.248549,2025-03-08 14:36:16.000,2025-03-08 14:37:16.000,eqt_earthquakes_th0_1/20250308T143616Z_20250308T143716Z/OLKF_outputs/X_prediction_results.csv
MSF,FN,MSF,0,0.0,0.0,0.0,2025-03-10 02:09:06.770,0.954143,2025-03-10 02:09:09.190,0.856268,2025-03-10 02:09:01.000,2025-03-10 02:10:01.000,eqt_earthquakes_th0_1/20250310T020901Z_20250310T021001Z/MSF_outputs/X_prediction_results.csv
KU6,HE,KU6,0,0.0,0.0,0.0,2025-03-10 02:09:12.400,0.477625,,,2025-03-10 02:09:06.000,2025-03-10 02:10:06.000,eqt_earthquakes_th0_1/20250310T020906Z_20250310T021006Z/KU6_outputs/X_prediction_results.csv
KU6,HE,KU6,0,0.0,0.0,0.0,2025-03-10 02:09:11.410,0.478903,2025-03-10 02:09:18.070,0.760562,2025-03-10 02:09:06.000,2025-03-10 02:10:06.000,eqt_earthquakes_th0_1/20250310T020906Z_20250310T021006Z/KU6_outputs/X_prediction_results.csv
OLKF,FN,OLKF,0,0.0,0.0,0.0,2025-03-10 02:09:13.880,0.115238,2025-03-10 02:09:21.190,0.721159,2025-03-10 02:09:08.000,2025-03-10 02:10:08.000,eqt_earthquakes_th0_1/20250310T020908Z_20250310T021008Z/OLKF_outputs/X_prediction_results.csv
RANF,FN,RANF,0,0.0,0.0,0.0,2025-03-10 02:09:19.360,0.835932,2025-03-10 02:09:31.420,0.627447,2025-03-10 02:09:14.000,2025-03-10 02:10:14.000,eqt_earthquakes_th0_1/20250310T020914Z_20250310T021014Z/RANF_outputs/X_prediction_results.csv
KMNF,FN,KMNF,0,0.0,0.0,0.0,2025-03-13 16:18:34.300,0.952332,2025-03-13 16:18:39.230,0.838758,2025-03-13 16:18:29.000,2025-03-13 16:19:29.000,eqt_earthquakes_th0_1/20250313T161829Z_20250313T161929Z/KMNF_outputs/X_prediction_results.csv
KEV,HE,KEV,0,0.0,0.0,0.0,2025-03-13 16:18:38.480,0.945308,2025-03-13 16:18:46.540,0.703139,2025-03-13 16:18:33.000,2025-03-13 16:19:33.000,eqt_earthquakes_th0_1/20250313T161833Z_20250313T161933Z/KEV_outputs/X_prediction_results.csv
RAJF,FN,RAJF,0,0.0,0.0,0.0,2025-03-13 16:18:41.100,0.943042,2025-03-13 16:18:50.760,0.552015,2025-03-13 16:18:36.000,2025-03-13 16:19:36.000,eqt_earthquakes_th0_1/20250313T161836Z_20250313T161936Z/RAJF_outputs/X_prediction_results.csv
VRF,HE,VRF,0,0.0,0.0,0.0,2025-03-13 16:18:55.450,0.804073,2025-03-13 16:19:16.670,0.206095,2025-03-13 16:18:50.000,2025-03-13 16:19:50.000,eqt_earthquakes_th0_1/20250313T161850Z_20250313T161950Z/VRF_outputs/X_prediction_results.csv
VRF,HE,VRF,0,0.0,0.0,0.0,2025-03-13 16:18:56.460,0.123171,,,2025-03-13 16:18:50.000,2025-03-13 16:19:50.000,eqt_earthquakes_th0_1/20250313T161850Z_20250313T161950Z/VRF_outputs/X_prediction_results.csv
HEF,HE,HEF,0,0.0,0.0,0.0,2025-03-13 16:18:58.630,0.925656,2025-03-13 16:19:22.610,0.247316,2025-03-13 16:18:53.000,2025-03-13 16:19:53.000,eqt_earthquakes_th0_1/20250313T161853Z_20250313T161953Z/HEF_outputs/X_prediction_results.csv
SGF,FN,SGF,0,0.0,0.0,0.0,,,2025-03-13 16:19:24.190,0.41835,2025-03-13 16:18:55.000,2025-03-13 16:19:55.000,eqt_earthquakes_th0_1/20250313T161855Z_20250313T161955Z/SGF_outputs/X_prediction_results.csv
KIF,HE,KIF,0,0.0,0.0,0.0,,,2025-03-13 16:19:45.210,0.111291,2025-03-13 16:19:39.000,2025-03-13 16:20:39.000,eqt_earthquakes_th0_1/20250313T161939Z_20250313T162039Z/KIF_outputs/X_prediction_results.csv
VAF,HE,VAF,0,0.0,0.0,0.0,2025-03-14 23:30:49.830,0.521382,2025-03-14 23:31:11.160,0.24227,2025-03-14 23:30:44.000,2025-03-14 23:31:44.000,eqt_earthquakes_th0_1/20250314T233044Z_20250314T233144Z/VAF_outputs/X_prediction_results.csv
ALAJF,HE,ALAJF,0,0.0,0.0,0.0,,,2025-03-14 23:31:19.232,0.376148,2025-03-14 23:31:12.000,2025-03-14 23:32:12.000,eqt_earthquakes_th0_1/20250314T233112Z_20250314T233212Z/ALAJF_outputs/X_prediction_results.csv
MSF,FN,MSF,0,0.0,0.0,0.0,2025-03-15 02:39:28.770,0.953449,2025-03-15 02:39:34.010,0.819983,2025-03-15 02:39:23.000,2025-03-15 02:40:23.000,eqt_earthquakes_th0_1/20250315T023923Z_20250315T024023Z/MSF_outputs/X_prediction_results.csv
KU6,HE,KU6,0,0.0,0.0,0.0,2025-03-15 02:39:29.440,0.951284,2025-03-15 02:39:35.030,0.809776,2025-03-15 02:39:24.000,2025-03-15 02:40:24.000,eqt_earthquakes_th0_1/20250315T023924Z_20250315T024024Z/KU6_outputs/X_prediction_results.csv
OLKF,FN,OLKF,0,0.0,0.0,0.0,,,2025-03-15 02:39:40.600,0.644355,2025-03-15 02:39:27.000,2025-03-15 02:40:27.000,eqt_earthquakes_th0_1/20250315T023927Z_20250315T024027Z/OLKF_outputs/X_prediction_results.csv
RANF,FN,RANF,0,0.0,0.0,0.0,,,2025-03-15 02:39:56.400,0.428058,2025-03-15 02:39:50.000,2025-03-15 02:40:50.000,eqt_earthquakes_th0_1/20250315T023950Z_20250315T024050Z/RANF_outputs/X_prediction_results.csv
OUL,FN,OUL,0,0.0,0.0,0.0,,,2025-03-15 02:40:10.940,0.317879,2025-03-15 02:40:03.000,2025-03-15 02:41:03.000,eqt_earthquakes_th0_1/20250315T024003Z_20250315T024103Z/OUL_outputs/X_prediction_results.csv
KIF,HE,KIF,0,0.0,0.0,0.0,2025-03-16 03:02:04.830,0.946663,2025-03-16 03:02:19.620,0.727702,2025-03-16 03:01:59.000,2025-03-16 03:02:59.000,eqt_earthquakes_th0_1/20250316T030159Z_20250316T030259Z/KIF_outputs/X_prediction_results.csv
HEF,HE,HEF,0,0.0,0.0,0.0,2025-03-16 03:02:10.190,0.947826,2025-03-16 03:02:28.210,0.383881,2025-03-16 03:02:05.000,2025-03-16 03:03:05.000,eqt_earthquakes_th0_1/20250316T030205Z_20250316T030305Z/HEF_outputs/X_prediction_results.csv
KLF,FN,KLF,0,0.0,0.0,0.0,2025-03-16 03:02:14.110,0.898486,2025-03-16 03:02:35.650,0.579092,2025-03-16 03:02:09.000,2025-03-16 03:03:09.000,eqt_earthquakes_th0_1/20250316T030209Z_20250316T030309Z/KLF_outputs/X_prediction_results.csv
SGF,FN,SGF,0,0.0,0.0,0.0,,,2025-03-16 03:03:01.050,0.256637,2025-03-16 03:02:54.000,2025-03-16 03:03:54.000,eqt_earthquakes_th0_1/20250316T030254Z_20250316T030354Z/SGF_outputs/X_prediction_results.csv
HEF,HE,HEF,0,0.0,0.0,0.0,2025-03-17 08:37:54.210,0.954839,2025-03-17 08:37:57.030,0.857998,2025-03-17 08:37:49.000,2025-03-17 08:38:49.000,eqt_earthquakes_th0_1/20250317T083749Z_20250317T083849Z/HEF_outputs/X_prediction_results.csv
KLF,FN,KLF,0,0.0,0.0,0.0,2025-03-17 08:38:12.110,0.922802,2025-03-17 08:38:28.230,0.359104,2025-03-17 08:38:07.000,2025-03-17 08:39:07.000,eqt_earthquakes_th0_1/20250317T083807Z_20250317T083907Z/KLF_outputs/X_prediction_results.csv
SGF,FN,SGF,0,0.0,0.0,0.0,2025-03-17 08:38:18.970,0.282086,2025-03-17 08:38:40.280,0.534889,2025-03-17 08:38:13.000,2025-03-17 08:39:13.000,eqt_earthquakes_th0_1/20250317T083813Z_20250317T083913Z/SGF_outputs/X_prediction_results.csv
KMNF,FN,KMNF,0,0.0,0.0,0.0,2025-03-17 08:38:18.700,0.928581,2025-03-17 08:38:38.310,0.412687,2025-03-17 08:38:13.000,2025-03-17 08:39:13.000,eqt_earthquakes_th0_1/20250317T083813Z_20250317T083913Z/KMNF_outputs/X_prediction_results.csv
AAL,UP,AAL,0,0.0,0.0,0.0,2025-03-20 01:33:48.370,0.947613,2025-03-20 01:33:52.920,0.79257,2025-03-20 01:33:43.000,2025-03-20 01:34:43.000,eqt_earthquakes_th0_1/20250320T013343Z_20250320T013443Z/AAL_outputs/X_prediction_results.csv
RAF,HE,RAF,0,0.0,0.0,0.0,2025-03-20 01:33:59.360,0.365991,,,2025-03-20 01:33:53.000,2025-03-20 01:34:53.000,eqt_earthquakes_th0_1/20250320T013353Z_20250320T013453Z/RAF_outputs/X_prediction_results.csv
TVF,HE,TVF,0,0.0,0.0,0.0,2025-03-20 01:34:08.270,0.711365,2025-03-20 01:34:10.720,0.830015,2025-03-20 01:34:03.000,2025-03-20 01:35:03.000,eqt_earthquakes_th0_1/20250320T013403Z_20250320T013503Z/TVF_outputs/X_prediction_results.csv
TVF,HE,TVF,0,0.0,0.0,0.0,2025-03-20 01:34:09.270,0.133077,,,2025-03-20 01:34:03.000,2025-03-20 01:35:03.000,eqt_earthquakes_th0_1/20250320T013403Z_20250320T013503Z/TVF_outputs/X_prediction_results.csv
KPF,HE,KPF,0,0.0,0.0,0.0,2025-03-20 01:34:34.400,0.12031,,,2025-03-20 01:34:06.000,2025-03-20 01:35:06.000,eqt_earthquakes_th0_1/20250320T013406Z_20250320T013506Z/KPF_outputs/X_prediction_results.csv
KPF,HE,KPF,0,0.0,0.0,0.0,2025-03-20 01:34:13.800,0.126151,,,2025-03-20 01:34:06.000,2025-03-20 01:35:06.000,eqt_earthquakes_th0_1/20250320T013406Z_20250320T013506Z/KPF_outputs/X_prediction_results.csv
KPF,HE,KPF,0,0.0,0.0,0.0,2025-03-20 01:34:12.780,0.532311,,,2025-03-20 01:34:06.000,2025-03-20 01:35:06.000,eqt_earthquakes_th0_1/20250320T013406Z_20250320T013506Z/KPF_outputs/X_prediction_results.csv
KPF,HE,KPF,0,0.0,0.0,0.0,2025-03-20 01:34:11.810,0.117491,2025-03-20 01:34:36.550,0.279239,2025-03-20 01:34:06.000,2025-03-20 01:35:06.000,eqt_earthquakes_th0_1/20250320T013406Z_20250320T013506Z/KPF_outputs/X_prediction_results.csv
OBF3,HE,OBF3,0,0.0,0.0,0.0,2025-03-23 13:28:58.916,0.908591,2025-03-23 13:29:13.316,0.464985,2025-03-23 13:28:53.000,2025-03-23 13:29:53.000,eqt_earthquakes_th0_1/20250323T132853Z_20250323T132953Z/OBF3_outputs/X_prediction_results.csv
OBF0,HE,OBF0,0,0.0,0.0,0.0,2025-03-23 13:29:01.620,0.913904,2025-03-23 13:29:17.650,0.63426,2025-03-23 13:28:56.000,2025-03-23 13:29:56.000,eqt_earthquakes_th0_1/20250323T132856Z_20250323T132956Z/OBF0_outputs/X_prediction_results.csv
OUL,FN,OUL,0,0.0,0.0,0.0,2025-03-23 13:29:03.590,0.953273,2025-03-23 13:29:21.250,0.26523,2025-03-23 13:28:58.000,2025-03-23 13:29:58.000,eqt_earthquakes_th0_1/20250323T132858Z_20250323T132958Z/OUL_outputs/X_prediction_results.csv
OUF,HE,OUF,0,0.0,0.0,0.0,2025-03-23 13:29:05.090,0.905143,2025-03-23 13:29:24.330,0.474025,2025-03-23 13:29:00.000,2025-03-23 13:30:00.000,eqt_earthquakes_th0_1/20250323T132900Z_20250323T133000Z/OUF_outputs/X_prediction_results.csv
RANF,FN,RANF,0,0.0,0.0,0.0,2025-03-23 13:29:08.950,0.939571,2025-03-23 13:29:30.870,0.381022,2025-03-23 13:29:03.000,2025-03-23 13:30:03.000,eqt_earthquakes_th0_1/20250323T132903Z_20250323T133003Z/RANF_outputs/X_prediction_results.csv
KLF,FN,KLF,0,0.0,0.0,0.0,2025-03-23 13:29:10.160,0.756723,2025-03-23 13:29:32.220,0.232721,2025-03-23 13:29:05.000,2025-03-23 13:30:05.000,eqt_earthquakes_th0_1/20250323T132905Z_20250323T133005Z/KLF_outputs/X_prediction_results.csv
AAL,UP,AAL,0,0.0,0.0,0.0,2025-03-26 05:06:34.570,0.943923,2025-03-26 05:06:41.900,0.714002,2025-03-26 05:06:29.000,2025-03-26 05:07:29.000,eqt_earthquakes_th0_1/20250326T050629Z_20250326T050729Z/AAL_outputs/X_prediction_results.csv
RAF,HE,RAF,0,0.0,0.0,0.0,2025-03-26 05:06:51.770,0.952909,2025-03-26 05:07:11.690,0.578362,2025-03-26 05:06:46.000,2025-03-26 05:07:46.000,eqt_earthquakes_th0_1/20250326T050646Z_20250326T050746Z/RAF_outputs/X_prediction_results.csv
TVF,HE,TVF,0,0.0,0.0,0.0,2025-03-26 05:06:51.100,0.160353,2025-03-26 05:07:14.230,0.528249,2025-03-26 05:06:46.000,2025-03-26 05:07:46.000,eqt_earthquakes_th0_1/20250326T050646Z_20250326T050746Z/TVF_outputs/X_prediction_results.csv
MEF,HE,MEF,0,0.0,0.0,0.0,2025-03-26 05:07:01.530,0.303038,2025-03-26 05:07:28.970,0.19218,2025-03-26 05:06:56.000,2025-03-26 05:07:56.000,eqt_earthquakes_th0_1/20250326T050656Z_20250326T050756Z/MEF_outputs/X_prediction_results.csv
MEF,HE,MEF,0,0.0,0.0,0.0,2025-03-26 05:07:02.540,0.351823,,,2025-03-26 05:06:56.000,2025-03-26 05:07:56.000,eqt_earthquakes_th0_1/20250326T050656Z_20250326T050756Z/MEF_outputs/X_prediction_results.csv
KPF,HE,KPF,0,0.0,0.0,0.0,,,2025-03-26 05:07:36.048,0.638687,2025-03-26 05:07:00.000,2025-03-26 05:08:00.000,eqt_earthquakes_th0_1/20250326T050700Z_20250326T050800Z/KPF_outputs/X_prediction_results.csv
KPF,HE,KPF,0,0.0,0.0,0.0,2025-03-26 05:07:05.378,0.777894,,,2025-03-26 05:07:00.000,2025-03-26 05:08:00.000,eqt_earthquakes_th0_1/20250326T050700Z_20250326T050800Z/KPF_outputs/X_prediction_results.csv
NUR,HE,NUR,0,0.0,0.0,0.0,,,2025-03-26 05:07:34.628,0.468821,2025-03-26 05:07:29.000,2025-03-26 05:08:29.000,eqt_earthquakes_th0_1/20250326T050729Z_20250326T050829Z/NUR_outputs/X_prediction_results.csv
LAUT,HE,LAUT,0,0.0,0.0,0.0,,,2025-03-26 05:07:34.736,0.5436,2025-03-26 05:07:29.000,2025-03-26 05:08:29.000,eqt_earthquakes_th0_1/20250326T050729Z_20250326T050829Z/LAUT_outputs/X_prediction_results.csv
HEL1,HE,HEL1,0,0.0,0.0,0.0,,,2025-03-26 05:07:35.636,0.204109,2025-03-26 05:07:30.000,2025-03-26 05:08:30.000,eqt_earthquakes_th0_1/20250326T050730Z_20250326T050830Z/HEL1_outputs/X_prediction_results.csv
VAF,HE,VAF,0,0.0,0.0,0.0,,,2025-03-27 06:35:03.360,0.122893,2025-03-27 06:34:58.000,2025-03-27 06:35:58.000,eqt_earthquakes_th0_1/20250327T063458Z_20250327T063558Z/VAF_outputs/X_prediction_results.csv
VAF,HE,VAF,0,0.0,0.0,0.0,2025-03-30 13:14:26.430,0.940474,2025-03-30 13:14:47.410,0.386852,2025-03-30 13:14:21.000,2025-03-30 13:15:21.000,eqt_earthquakes_th0_1/20250330T131421Z_20250330T131521Z/VAF_outputs/X_prediction_results.csv
OBF0,HE,OBF0,0,0.0,0.0,0.0,2025-03-30 13:14:27.302,0.124073,2025-03-30 13:14:47.932,0.480792,2025-03-30 13:14:22.000,2025-03-30 13:15:22.000,eqt_earthquakes_th0_1/20250330T131422Z_20250330T131522Z/OBF0_outputs/X_prediction_results.csv
OBF3,HE,OBF3,0,0.0,0.0,0.0,,,2025-03-30 13:14:55.680,0.409473,2025-03-30 13:14:25.000,2025-03-30 13:15:25.000,eqt_earthquakes_th0_1/20250330T131425Z_20250330T131525Z/OBF3_outputs/X_prediction_results.csv
ALAJF,HE,ALAJF,0,0.0,0.0,0.0,2025-03-30 13:14:32.056,0.178844,2025-03-30 13:14:58.006,0.406965,2025-03-30 13:14:27.000,2025-03-30 13:15:27.000,eqt_earthquakes_th0_1/20250330T131427Z_20250330T131527Z/ALAJF_outputs/X_prediction_results.csv
RNF,FN,RNF,0,0.0,0.0,0.0,2025-04-02 13:33:38.980,0.933255,2025-04-02 13:33:50.700,0.244786,2025-04-02 13:33:33.000,2025-04-02 13:34:33.000,eqt_earthquakes_th0_1/20250402T133333Z_20250402T133433Z/RNF_outputs/X_prediction_results.csv
KLF,FN,KLF,0,0.0,0.0,0.0,2025-04-02 13:33:38.900,0.89178,2025-04-02 13:33:50.780,0.369261,2025-04-02 13:33:33.000,2025-04-02 13:34:33.000,eqt_earthquakes_th0_1/20250402T133333Z_20250402T133433Z/KLF_outputs/X_prediction_results.csv
RANF,FN,RANF,0,0.0,0.0,0.0,2025-04-02 13:33:44.750,0.894103,2025-04-02 13:34:04.710,0.309694,2025-04-02 13:33:39.000,2025-04-02 13:34:39.000,eqt_earthquakes_th0_1/20250402T133339Z_20250402T133439Z/RANF_outputs/X_prediction_results.csv
OUL,FN,OUL,0,0.0,0.0,0.0,2025-04-02 13:33:50.410,0.128732,2025-04-02 13:34:10.180,0.465093,2025-04-02 13:33:45.000,2025-04-02 13:34:45.000,eqt_earthquakes_th0_1/20250402T133345Z_20250402T133445Z/OUL_outputs/X_prediction_results.csv
OUL,FN,OUL,0,0.0,0.0,0.0,2025-04-02 13:33:51.400,0.427703,,,2025-04-02 13:33:45.000,2025-04-02 13:34:45.000,eqt_earthquakes_th0_1/20250402T133345Z_20250402T133445Z/OUL_outputs/X_prediction_results.csv
OBF3,HE,OBF3,0,0.0,0.0,0.0,,,2025-04-02 13:34:16.306,0.104086,2025-04-02 13:33:46.000,2025-04-02 13:34:46.000,eqt_earthquakes_th0_1/20250402T133346Z_20250402T133446Z/OBF3_outputs/X_prediction_results.csv
OBF3,HE,OBF3,0,0.0,0.0,0.0,2025-04-02 13:33:53.786,0.783413,2025-04-02 13:34:13.036,0.104989,2025-04-02 13:33:46.000,2025-04-02 13:34:46.000,eqt_earthquakes_th0_1/20250402T133346Z_20250402T133446Z/OBF3_outputs/X_prediction_results.csv
HEF,HE,HEF,0,0.0,0.0,0.0,2025-04-03 04:43:16.510,0.87949,2025-04-03 04:43:26.500,0.198158,2025-04-03 04:43:11.000,2025-04-03 04:44:11.000,eqt_earthquakes_th0_1/20250403T044311Z_20250403T044411Z/HEF_outputs/X_prediction_results.csv
KLF,FN,KLF,0,0.0,0.0,0.0,2025-04-03 04:43:18.350,0.813602,2025-04-03 04:43:30.080,0.412243,2025-04-03 04:43:13.000,2025-04-03 04:44:13.000,eqt_earthquakes_th0_1/20250403T044313Z_20250403T044413Z/KLF_outputs/X_prediction_results.csv
SGF,FN,SGF,0,0.0,0.0,0.0,,,2025-04-03 04:43:52.530,0.142602,2025-04-03 04:43:45.000,2025-04-03 04:44:45.000,eqt_earthquakes_th0_1/20250403T044345Z_20250403T044445Z/SGF_outputs/X_prediction_results.csv
KMNF,FN,KMNF,0,0.0,0.0,0.0,,,2025-04-03 04:44:07.690,0.142241,2025-04-03 04:44:01.000,2025-04-03 04:45:01.000,eqt_earthquakes_th0_1/20250403T044401Z_20250403T044501Z/KMNF_outputs/X_prediction_results.csv
OLKF,FN,OLKF,0,0.0,0.0,0.0,2025-04-05 07:17:52.950,0.952269,2025-04-05 07:17:56.650,0.859878,2025-04-05 07:17:47.000,2025-04-05 07:18:47.000,eqt_earthquakes_th0_1/20250405T071747Z_20250405T071847Z/OLKF_outputs/X_prediction_results.csv
KU6,HE,KU6,0,0.0,0.0,0.0,2025-04-05 07:17:53.430,0.95362,2025-04-05 07:17:57.680,0.79155,2025-04-05 07:17:48.000,2025-04-05 07:18:48.000,eqt_earthquakes_th0_1/20250405T071748Z_20250405T071848Z/KU6_outputs/X_prediction_results.csv
MSF,FN,MSF,0,0.0,0.0,0.0,2025-04-05 07:17:55.100,0.953162,2025-04-05 07:18:00.350,0.808706,2025-04-05 07:17:50.000,2025-04-05 07:18:50.000,eqt_earthquakes_th0_1/20250405T071750Z_20250405T071850Z/MSF_outputs/X_prediction_results.csv
RNF,FN,RNF,0,0.0,0.0,0.0,2025-04-05 07:18:32.760,0.494107,2025-04-05 07:18:33.250,0.101246,2025-04-05 07:18:08.000,2025-04-05 07:19:08.000,eqt_earthquakes_th0_1/20250405T071808Z_20250405T071908Z/RNF_outputs/X_prediction_results.csv
RANF,FN,RANF,0,0.0,0.0,0.0,,,2025-04-05 07:18:22.330,0.108186,2025-04-05 07:18:17.000,2025-04-05 07:19:17.000,eqt_earthquakes_th0_1/20250405T071817Z_20250405T071917Z/RANF_outputs/X_prediction_results.csv
RNF,FN,RNF,0,0.0,0.0,0.0,,,2025-04-05 12:49:18.820,0.167227,2025-04-05 12:49:12.000,2025-04-05 12:50:12.000,eqt_earthquakes_th0_1/20250405T124912Z_20250405T125012Z/RNF_outputs/X_prediction_results.csv
HEF,HE,HEF,0,0.0,0.0,0.0,2025-04-06 17:26:01.510,0.943971,2025-04-06 17:26:11.650,0.410232,2025-04-06 17:25:56.000,2025-04-06 17:26:56.000,eqt_earthquakes_th0_1/20250406T172556Z_20250406T172656Z/HEF_outputs/X_prediction_results.csv
KLF,FN,KLF,0,0.0,0.0,0.0,2025-04-06 17:26:03.550,0.856973,2025-04-06 17:26:15.100,0.407696,2025-04-06 17:25:58.000,2025-04-06 17:26:58.000,eqt_earthquakes_th0_1/20250406T172558Z_20250406T172658Z/KLF_outputs/X_prediction_results.csv
KIF,HE,KIF,0,0.0,0.0,0.0,2025-04-06 17:26:14.070,0.327506,,,2025-04-06 17:26:08.000,2025-04-06 17:27:08.000,eqt_earthquakes_th0_1/20250406T172608Z_20250406T172708Z/KIF_outputs/X_prediction_results.csv
KIF,HE,KIF,0,0.0,0.0,0.0,2025-04-06 17:26:13.060,0.280326,2025-04-06 17:26:30.280,0.130931,2025-04-06 17:26:08.000,2025-04-06 17:27:08.000,eqt_earthquakes_th0_1/20250406T172608Z_20250406T172708Z/KIF_outputs/X_prediction_results.csv
SGF,FN,SGF,0,0.0,0.0,0.0,2025-04-06 17:26:17.180,0.936628,2025-04-06 17:26:37.860,0.49442,2025-04-06 17:26:12.000,2025-04-06 17:27:12.000,eqt_earthquakes_th0_1/20250406T172612Z_20250406T172712Z/SGF_outputs/X_prediction_results.csv
RNF,FN,RNF,0,0.0,0.0,0.0,2025-04-06 17:26:21.530,0.223554,2025-04-06 17:26:45.640,0.517235,2025-04-06 17:26:16.000,2025-04-06 17:27:16.000,eqt_earthquakes_th0_1/20250406T172616Z_20250406T172716Z/RNF_outputs/X_prediction_results.csv
KMNF,FN,KMNF,0,0.0,0.0,0.0,2025-04-06 17:26:24.910,0.557127,2025-04-06 17:26:50.460,0.212694,2025-04-06 17:26:19.000,2025-04-06 17:27:19.000,eqt_earthquakes_th0_1/20250406T172619Z_20250406T172719Z/KMNF_outputs/X_prediction_results.csv
KMNF,FN,KMNF,0,0.0,0.0,0.0,2025-04-06 17:26:25.900,0.179059,,,2025-04-06 17:26:19.000,2025-04-06 17:27:19.000,eqt_earthquakes_th0_1/20250406T172619Z_20250406T172719Z/KMNF_outputs/X_prediction_results.csv
KU6,HE,KU6,0,0.0,0.0,0.0,2025-04-08 15:36:01.970,0.954464,2025-04-08 15:36:05.410,0.832429,2025-04-08 15:35:56.000,2025-04-08 15:36:56.000,eqt_earthquakes_th0_1/20250408T153556Z_20250408T153656Z/KU6_outputs/X_prediction_results.csv
MSF,FN,MSF,0,0.0,0.0,0.0,2025-04-08 15:36:01.770,0.956403,2025-04-08 15:36:05.040,0.842979,2025-04-08 15:35:56.000,2025-04-08 15:36:56.000,eqt_earthquakes_th0_1/20250408T153556Z_20250408T153656Z/MSF_outputs/X_prediction_results.csv
OLKF,FN,OLKF,0,0.0,0.0,0.0,2025-04-08 15:36:02.950,0.915563,2025-04-08 15:36:06.780,0.663813,2025-04-08 15:35:57.000,2025-04-08 15:36:57.000,eqt_earthquakes_th0_1/20250408T153557Z_20250408T153657Z/OLKF_outputs/X_prediction_results.csv
RANF,FN,RANF,0,0.0,0.0,0.0,2025-04-08 15:36:16.150,0.946405,2025-04-08 15:36:29.520,0.552615,2025-04-08 15:36:11.000,2025-04-08 15:37:11.000,eqt_earthquakes_th0_1/20250408T153611Z_20250408T153711Z/RANF_outputs/X_prediction_results.csv
RNF,FN,RNF,0,0.0,0.0,0.0,2025-04-08 15:36:22.960,0.41407,2025-04-08 15:36:42.920,0.464127,2025-04-08 15:36:17.000,2025-04-08 15:37:17.000,eqt_earthquakes_th0_1/20250408T153617Z_20250408T153717Z/RNF_outputs/X_prediction_results.csv
OBF8,HE,OBF8,0,0.0,0.0,0.0,2025-04-09 17:59:07.940,0.922827,2025-04-09 17:59:18.300,0.601484,2025-04-09 17:59:02.000,2025-04-09 18:00:02.000,eqt_earthquakes_th0_1/20250409T175902Z_20250409T180002Z/OBF8_outputs/X_prediction_results.csv
OBF0,HE,OBF0,0,0.0,0.0,0.0,2025-04-09 17:59:10.248,0.941112,2025-04-09 17:59:21.828,0.774445,2025-04-09 17:59:05.000,2025-04-09 18:00:05.000,eqt_earthquakes_th0_1/20250409T175905Z_20250409T180005Z/OBF0_outputs/X_prediction_results.csv
OBF3,HE,OBF3,0,0.0,0.0,0.0,,,2025-04-09 17:59:28.956,0.417285,2025-04-09 17:59:06.000,2025-04-09 18:00:06.000,eqt_earthquakes_th0_1/20250409T175906Z_20250409T180006Z/OBF3_outputs/X_prediction_results.csv
OBF3,HE,OBF3,0,0.0,0.0,0.0,2025-04-09 17:59:11.496,0.946655,2025-04-09 17:59:24.456,0.35147,2025-04-09 17:59:06.000,2025-04-09 18:00:06.000,eqt_earthquakes_th0_1/20250409T175906Z_20250409T180006Z/OBF3_outputs/X_prediction_results.csv
OUL,FN,OUL,0,0.0,0.0,0.0,2025-04-09 17:59:19.930,0.936654,2025-04-09 17:59:39.680,0.220935,2025-04-09 17:59:14.000,2025-04-09 18:00:14.000,eqt_earthquakes_th0_1/20250409T175914Z_20250409T180014Z/OUL_outputs/X_prediction_results.csv
VAF,HE,VAF,0,0.0,0.0,0.0,2025-04-09 17:59:27.890,0.9579,2025-04-09 17:59:52.980,0.591942,2025-04-09 17:59:22.000,2025-04-09 18:00:22.000,eqt_earthquakes_th0_1/20250409T175922Z_20250409T180022Z/VAF_outputs/X_prediction_results.csv
ALAJF,HE,ALAJF,0,0.0,0.0,0.0,2025-04-09 17:59:28.418,0.852631,2025-04-09 17:59:53.908,0.557916,2025-04-09 17:59:23.000,2025-04-09 18:00:23.000,eqt_earthquakes_th0_1/20250409T175923Z_20250409T180023Z/ALAJF_outputs/X_prediction_results.csv
RANF,FN,RANF,0,0.0,0.0,0.0,,,2025-04-09 17:59:57.320,0.532738,2025-04-09 17:59:25.000,2025-04-09 18:00:25.000,eqt_earthquakes_th0_1/20250409T175925Z_20250409T180025Z/RANF_outputs/X_prediction_results.csv
RNF,FN,RNF,0,0.0,0.0,0.0,2025-04-09 17:59:31.210,0.743883,2025-04-09 18:00:00.810,0.436532,2025-04-09 17:59:26.000,2025-04-09 18:00:26.000,eqt_earthquakes_th0_1/20250409T175926Z_20250409T180026Z/RNF_outputs/X_prediction_results.csv
KLF,FN,KLF,0,0.0,0.0,0.0,2025-04-09 17:59:33.550,0.89979,,,2025-04-09 17:59:28.000,2025-04-09 18:00:28.000,eqt_earthquakes_th0_1/20250409T175928Z_20250409T180028Z/KLF_outputs/X_prediction_results.csv
KLF,FN,KLF,0,0.0,0.0,0.0,,,2025-04-09 18:00:06.980,0.412279,2025-04-09 17:59:28.000,2025-04-09 18:00:28.000,eqt_earthquakes_th0_1/20250409T175928Z_20250409T180028Z/KLF_outputs/X_prediction_results.csv
OBF3,HE,OBF3,0,0.0,0.0,0.0,2025-04-09 20:00:33.066,0.213197,2025-04-09 20:00:38.146,0.376273,2025-04-09 20:00:27.000,2025-04-09 20:01:27.000,eqt_earthquakes_th0_1/20250409T200027Z_20250409T200127Z/OBF3_outputs/X_prediction_results.csv
OBF3,HE,OBF3,0,0.0,0.0,0.0,2025-04-09 20:00:33.786,0.331058,,,2025-04-09 20:00:27.000,2025-04-09 20:01:27.000,eqt_earthquakes_th0_1/20250409T200027Z_20250409T200127Z/OBF3_outputs/X_prediction_results.csv
OUL,FN,OUL,0,0.0,0.0,0.0,2025-04-09 20:00:48.230,0.183896,2025-04-09 20:00:49.140,0.130566,2025-04-09 20:00:42.000,2025-04-09 20:01:42.000,eqt_earthquakes_th0_1/20250409T200042Z_20250409T200142Z/OUL_outputs/X_prediction_results.csv
VAF,HE,VAF,0,0.0,0.0,0.0,,,2025-04-09 20:01:02.260,0.515621,2025-04-09 20:00:55.000,2025-04-09 20:01:55.000,eqt_earthquakes_th0_1/20250409T200055Z_20250409T200155Z/VAF_outputs/X_prediction_results.csv
RNF,FN,RNF,0,0.0,0.0,0.0,2025-04-12 09:40:40.850,0.464738,2025-04-12 09:41:03.390,0.207379,2025-04-12 09:40:35.000,2025-04-12 09:41:35.000,eqt_earthquakes_th0_1/20250412T094035Z_20250412T094135Z/RNF_outputs/X_prediction_results.csv
OUL,FN,OUL,0,0.0,0.0,0.0,,,2025-04-12 09:41:11.570,0.119393,2025-04-12 09:41:04.000,2025-04-12 09:42:04.000,eqt_earthquakes_th0_1/20250412T094104Z_20250412T094204Z/OUL_outputs/X_prediction_results.csv
OBF3,HE,OBF3,0,0.0,0.0,0.0,2025-04-12 20:35:59.120,0.453365,2025-04-12 20:36:15.930,0.534484,2025-04-12 20:35:54.000,2025-04-12 20:36:54.000,eqt_earthquakes_th0_1/20250412T203554Z_20250412T203654Z/OBF3_outputs/X_prediction_results.csv
OBF0,HE,OBF0,0,0.0,0.0,0.0,2025-04-12 20:36:00.728,0.643448,2025-04-12 20:36:21.158,0.17514,2025-04-12 20:35:55.000,2025-04-12 20:36:55.000,eqt_earthquakes_th0_1/20250412T203555Z_20250412T203655Z/OBF0_outputs/X_prediction_results.csv
OUL,FN,OUL,0,0.0,0.0,0.0,2025-04-12 20:36:05.130,0.619714,2025-04-12 20:36:25.730,0.29306,2025-04-12 20:36:00.000,2025-04-12 20:37:00.000,eqt_earthquakes_th0_1/20250412T203600Z_20250412T203700Z/OUL_outputs/X_prediction_results.csv
OUL,FN,OUL,0,0.0,0.0,0.0,2025-04-12 20:36:06.140,0.111787,,,2025-04-12 20:36:00.000,2025-04-12 20:37:00.000,eqt_earthquakes_th0_1/20250412T203600Z_20250412T203700Z/OUL_outputs/X_prediction_results.csv
KLF,FN,KLF,0,0.0,0.0,0.0,2025-04-12 20:36:09.800,0.572062,2025-04-12 20:36:34.330,0.303655,2025-04-12 20:36:04.000,2025-04-12 20:37:04.000,eqt_earthquakes_th0_1/20250412T203604Z_20250412T203704Z/KLF_outputs/X_prediction_results.csv
RANF,FN,RANF,0,0.0,0.0,0.0,2025-04-12 20:36:10.160,0.670032,2025-04-12 20:36:35.410,0.383146,2025-04-12 20:36:05.000,2025-04-12 20:37:05.000,eqt_earthquakes_th0_1/20250412T203605Z_20250412T203705Z/RANF_outputs/X_prediction_results.csv
RANF,FN,RANF,0,0.0,0.0,0.0,2025-04-12 20:36:11.170,0.118707,,,2025-04-12 20:36:05.000,2025-04-12 20:37:05.000,eqt_earthquakes_th0_1/20250412T203605Z_20250412T203705Z/RANF_outputs/X_prediction_results.csv
RNF,FN,RNF,0,0.0,0.0,0.0,2025-04-12 20:36:10.280,0.285829,2025-04-12 20:36:33.870,0.216431,2025-04-12 20:36:05.000,2025-04-12 20:37:05.000,eqt_earthquakes_th0_1/20250412T203605Z_20250412T203705Z/RNF_outputs/X_prediction_results.csv
OBF0,HE,OBF0,0,0.0,0.0,0.0,2025-04-13 02:17:22.222,0.521847,2025-04-13 02:17:37.852,0.410327,2025-04-13 02:17:17.000,2025-04-13 02:18:17.000,eqt_earthquakes_th0_1/20250413T021717Z_20250413T021817Z/OBF0_outputs/X_prediction_results.csv
OBF3,HE,OBF3,0,0.0,0.0,0.0,2025-04-13 02:17:25.312,0.418244,2025-04-13 02:17:44.642,0.226771,2025-04-13 02:17:20.000,2025-04-13 02:18:20.000,eqt_earthquakes_th0_1/20250413T021720Z_20250413T021820Z/OBF3_outputs/X_prediction_results.csv
OBF3,HE,OBF3,0,0.0,0.0,0.0,2025-04-13 02:17:26.322,0.166849,,,2025-04-13 02:17:20.000,2025-04-13 02:18:20.000,eqt_earthquakes_th0_1/20250413T021720Z_20250413T021820Z/OBF3_outputs/X_prediction_results.csv
VAF,HE,VAF,0,0.0,0.0,0.0,2025-04-13 02:17:31.300,0.905797,2025-04-13 02:17:54.500,0.408453,2025-04-13 02:17:26.000,2025-04-13 02:18:26.000,eqt_earthquakes_th0_1/20250413T021726Z_20250413T021826Z/VAF_outputs/X_prediction_results.csv
ALAJF,HE,ALAJF,0,0.0,0.0,0.0,2025-04-13 02:18:21.734,0.115617,2025-04-13 02:18:24.234,0.420338,2025-04-13 02:17:55.000,2025-04-13 02:18:55.000,eqt_earthquakes_th0_1/20250413T021755Z_20250413T021855Z/ALAJF_outputs/X_prediction_results.csv
ALAJF,HE,ALAJF,0,0.0,0.0,0.0,,,2025-04-13 02:18:00.644,0.256482,2025-04-13 02:17:55.000,2025-04-13 02:18:55.000,eqt_earthquakes_th0_1/20250413T021755Z_20250413T021855Z/ALAJF_outputs/X_prediction_results.csv
KLF,FN,KLF,0,0.0,0.0,0.0,2025-04-14 00:11:48.900,0.899526,2025-04-14 00:11:53.150,0.514001,2025-04-14 00:11:43.000,2025-04-14 00:12:43.000,eqt_earthquakes_th0_1/20250414T001143Z_20250414T001243Z/KLF_outputs/X_prediction_results.csv
RNF,FN,RNF,0,0.0,0.0,0.0,2025-04-14 00:12:13.210,0.316206,,,2025-04-14 00:11:55.000,2025-04-14 00:12:55.000,eqt_earthquakes_th0_1/20250414T001155Z_20250414T001255Z/RNF_outputs/X_prediction_results.csv
RNF,FN,RNF,0,0.0,0.0,0.0,2025-04-14 00:12:00.570,0.101535,,,2025-04-14 00:11:55.000,2025-04-14 00:12:55.000,eqt_earthquakes_th0_1/20250414T001155Z_20250414T001255Z/RNF_outputs/X_prediction_results.csv
KIF,HE,KIF,0,0.0,0.0,0.0,2025-04-16 00:28:25.730,0.948225,2025-04-16 00:28:38.840,0.747354,2025-04-16 00:28:20.000,2025-04-16 00:29:20.000,eqt_earthquakes_th0_1/20250416T002820Z_20250416T002920Z/KIF_outputs/X_prediction_results.csv
HEF,HE,HEF,0,0.0,0.0,0.0,2025-04-16 00:28:32.260,0.946151,2025-04-16 00:28:50.070,0.697618,2025-04-16 00:28:27.000,2025-04-16 00:29:27.000,eqt_earthquakes_th0_1/20250416T002827Z_20250416T002927Z/HEF_outputs/X_prediction_results.csv
KU6,HE,KU6,0,0.0,0.0,0.0,2025-04-20 19:05:16.040,0.954992,2025-04-20 19:05:19.690,0.861649,2025-04-20 19:05:11.000,2025-04-20 19:06:11.000,eqt_earthquakes_th0_1/20250420T190511Z_20250420T190611Z/KU6_outputs/X_prediction_results.csv
MSF,FN,MSF,0,0.0,0.0,0.0,2025-04-20 19:05:17.460,0.953238,2025-04-20 19:05:22.160,0.840171,2025-04-20 19:05:12.000,2025-04-20 19:06:12.000,eqt_earthquakes_th0_1/20250420T190512Z_20250420T190612Z/MSF_outputs/X_prediction_results.csv
OLKF,FN,OLKF,0,0.0,0.0,0.0,2025-04-20 19:05:17.610,0.934899,2025-04-20 19:05:22.270,0.676296,2025-04-20 19:05:12.000,2025-04-20 19:06:12.000,eqt_earthquakes_th0_1/20250420T190512Z_20250420T190612Z/OLKF_outputs/X_prediction_results.csv
RANF,FN,RANF,0,0.0,0.0,0.0,,,2025-04-20 19:05:45.970,0.156955,2025-04-20 19:05:40.000,2025-04-20 19:06:40.000,eqt_earthquakes_th0_1/20250420T190540Z_20250420T190640Z/RANF_outputs/X_prediction_results.csv
VJF,HE,VJF,0,0.0,0.0,0.0,,,2025-04-22 03:48:55.628,0.404907,2025-04-22 03:48:50.000,2025-04-22 03:49:50.000,eqt_earthquakes_th0_1/20250422T034850Z_20250422T034950Z/VJF_outputs/X_prediction_results.csv
OBF8,HE,OBF8,0,0.0,0.0,0.0,2025-04-23 18:35:06.530,0.936421,2025-04-23 18:35:20.850,0.384112,2025-04-23 18:35:01.000,2025-04-23 18:36:01.000,eqt_earthquakes_th0_1/20250423T183501Z_20250423T183601Z/OBF8_outputs/X_prediction_results.csv
VAF,HE,VAF,0,0.0,0.0,0.0,2025-04-23 18:35:09.940,0.954129,2025-04-23 18:35:27.350,0.5342,2025-04-23 18:35:04.000,2025-04-23 18:36:04.000,eqt_earthquakes_th0_1/20250423T183504Z_20250423T183604Z/VAF_outputs/X_prediction_results.csv
OBF0,HE,OBF0,0,0.0,0.0,0.0,2025-04-23 18:35:12.800,0.930478,2025-04-23 18:35:32.400,0.63615,2025-04-23 18:35:07.000,2025-04-23 18:36:07.000,eqt_earthquakes_th0_1/20250423T183507Z_20250423T183607Z/OBF0_outputs/X_prediction_results.csv
ALAJF,HE,ALAJF,0,0.0,0.0,0.0,2025-04-23 18:35:15.976,0.947394,2025-04-23 18:35:38.226,0.535757,2025-04-23 18:35:10.000,2025-04-23 18:36:10.000,eqt_earthquakes_th0_1/20250423T183510Z_20250423T183610Z/ALAJF_outputs/X_prediction_results.csv
OBF3,HE,OBF3,0,0.0,0.0,0.0,2025-04-23 18:35:17.622,0.703548,2025-04-23 18:35:40.852,0.28775,2025-04-23 18:35:12.000,2025-04-23 18:36:12.000,eqt_earthquakes_th0_1/20250423T183512Z_20250423T183612Z/OBF3_outputs/X_prediction_results.csv
KPF,HE,KPF,0,0.0,0.0,0.0,2025-04-23 18:35:26.214,0.15637,2025-04-23 18:35:56.154,0.256316,2025-04-23 18:35:21.000,2025-04-23 18:36:21.000,eqt_earthquakes_th0_1/20250423T183521Z_20250423T183621Z/KPF_outputs/X_prediction_results.csv
OUL,FN,OUL,0,0.0,0.0,0.0,,,2025-04-23 18:35:57.220,0.199163,2025-04-23 18:35:21.000,2025-04-23 18:36:21.000,eqt_earthquakes_th0_1/20250423T183521Z_20250423T183621Z/OUL_outputs/X_prediction_results.csv
OUL,FN,OUL,0,0.0,0.0,0.0,2025-04-23 18:35:26.990,0.364765,,,2025-04-23 18:35:21.000,2025-04-23 18:36:21.000,eqt_earthquakes_th0_1/20250423T183521Z_20250423T183621Z/OUL_outputs/X_prediction_results.csv
KEF,HE,KEF,0,0.0,0.0,0.0,2025-04-23 18:35:29.300,0.936351,,,2025-04-23 18:35:24.000,2025-04-23 18:36:24.000,eqt_earthquakes_th0_1/20250423T183524Z_20250423T183624Z/KEF_outputs/X_prediction_results.csv
KEF,HE,KEF,0,0.0,0.0,0.0,,,2025-04-23 18:36:02.060,0.406385,2025-04-23 18:35:24.000,2025-04-23 18:36:24.000,eqt_earthquakes_th0_1/20250423T183524Z_20250423T183624Z/KEF_outputs/X_prediction_results.csv
VJF,HE,VJF,0,0.0,0.0,0.0,2025-04-25 18:38:33.236,0.948961,2025-04-25 18:38:39.876,0.656603,2025-04-25 18:38:28.000,2025-04-25 18:39:28.000,eqt_earthquakes_th0_1/20250425T183828Z_20250425T183928Z/VJF_outputs/X_prediction_results.csv
RUF,HE,RUF,0,0.0,0.0,0.0,2025-04-25 18:38:37.226,0.949479,2025-04-25 18:38:47.006,0.43947,2025-04-25 18:38:32.000,2025-04-25 18:39:32.000,eqt_earthquakes_th0_1/20250425T183832Z_20250425T183932Z/RUF_outputs/X_prediction_results.csv
FIA0,HE,FIA0,0,0.0,0.0,0.0,2025-04-25 18:38:48.040,0.347978,2025-04-25 18:39:05.530,0.303539,2025-04-25 18:38:43.000,2025-04-25 18:39:43.000,eqt_earthquakes_th0_1/20250425T183843Z_20250425T183943Z/FIA0_outputs/X_prediction_results.csv
FIA1,HE,FIA1,0,0.0,0.0,0.0,2025-04-25 18:38:48.040,0.284983,2025-04-25 18:39:05.490,0.299015,2025-04-25 18:38:43.000,2025-04-25 18:39:43.000,eqt_earthquakes_th0_1/20250425T183843Z_20250425T183943Z/FIA1_outputs/X_prediction_results.csv
KAF,HE,KAF,0,0.0,0.0,0.0,2025-04-25 18:38:54.520,0.367959,2025-04-25 18:39:17.060,0.323897,2025-04-25 18:38:49.000,2025-04-25 18:39:49.000,eqt_earthquakes_th0_1/20250425T183849Z_20250425T183949Z/KAF_outputs/X_prediction_results.csv
NUR,HE,NUR,0,0.0,0.0,0.0,2025-04-25 18:38:57.480,0.700211,2025-04-25 18:39:22.320,0.203659,2025-04-25 18:38:52.000,2025-04-25 18:39:52.000,eqt_earthquakes_th0_1/20250425T183852Z_20250425T183952Z/NUR_outputs/X_prediction_results.csv
NUR,HE,NUR,0,0.0,0.0,0.0,2025-04-25 18:38:58.490,0.182741,,,2025-04-25 18:38:52.000,2025-04-25 18:39:52.000,eqt_earthquakes_th0_1/20250425T183852Z_20250425T183952Z/NUR_outputs/X_prediction_results.csv
VJF,HE,VJF,0,0.0,0.0,0.0,2025-04-25 21:47:34.716,0.932731,2025-04-25 21:47:42.816,0.68963,2025-04-25 21:47:29.000,2025-04-25 21:48:29.000,eqt_earthquakes_th0_1/20250425T214729Z_20250425T214829Z/VJF_outputs/X_prediction_results.csv
FIA0,HE,FIA0,0,0.0,0.0,0.0,2025-04-25 21:47:35.110,0.940069,2025-04-25 21:47:43.060,0.682475,2025-04-25 21:47:30.000,2025-04-25 21:48:30.000,eqt_earthquakes_th0_1/20250425T214730Z_20250425T214830Z/FIA0_outputs/X_prediction_results.csv
FIA1,HE,FIA1,0,0.0,0.0,0.0,2025-04-25 21:47:35.140,0.93759,2025-04-25 21:47:43.090,0.615731,2025-04-25 21:47:30.000,2025-04-25 21:48:30.000,eqt_earthquakes_th0_1/20250425T214730Z_20250425T214830Z/FIA1_outputs/X_prediction_results.csv
VUOS,HE,VUOS,0,0.0,0.0,0.0,2025-04-25 21:47:42.716,0.844451,2025-04-25 21:48:02.216,0.418931,2025-04-25 21:47:37.000,2025-04-25 21:48:37.000,eqt_earthquakes_th0_1/20250425T214737Z_20250425T214837Z/VUOS_outputs/X_prediction_results.csv
KUNI,HE,KUNI,0,0.0,0.0,0.0,2025-04-25 21:47:43.274,0.95548,2025-04-25 21:47:57.294,0.35483,2025-04-25 21:47:38.000,2025-04-25 21:48:38.000,eqt_earthquakes_th0_1/20250425T214738Z_20250425T214838Z/KUNI_outputs/X_prediction_results.csv
KUNI,HE,KUNI,0,0.0,0.0,0.0,,,2025-04-25 21:48:03.154,0.120371,2025-04-25 21:47:38.000,2025-04-25 21:48:38.000,eqt_earthquakes_th0_1/20250425T214738Z_20250425T214838Z/KUNI_outputs/X_prediction_results.csv
KAF,HE,KAF,0,0.0,0.0,0.0,2025-04-25 21:47:46.270,0.854598,2025-04-25 21:48:02.580,0.612855,2025-04-25 21:47:41.000,2025-04-25 21:48:41.000,eqt_earthquakes_th0_1/20250425T214741Z_20250425T214841Z/KAF_outputs/X_prediction_results.csv
RUF,HE,RUF,0,0.0,0.0,0.0,2025-04-25 21:47:46.104,0.258122,2025-04-25 21:48:02.944,0.638754,2025-04-25 21:47:41.000,2025-04-25 21:48:41.000,eqt_earthquakes_th0_1/20250425T214741Z_20250425T214841Z/RUF_outputs/X_prediction_results.csv
MEF,HE,MEF,0,0.0,0.0,0.0,2025-04-25 21:47:47.580,0.844546,2025-04-25 21:48:09.410,0.666897,2025-04-25 21:47:42.000,2025-04-25 21:48:42.000,eqt_earthquakes_th0_1/20250425T214742Z_20250425T214842Z/MEF_outputs/X_prediction_results.csv
KEF,HE,KEF,0,0.0,0.0,0.0,2025-04-25 21:47:51.860,0.836173,2025-04-25 21:48:11.860,0.644252,2025-04-25 21:47:46.000,2025-04-25 21:48:46.000,eqt_earthquakes_th0_1/20250425T214746Z_20250425T214846Z/KEF_outputs/X_prediction_results.csv
SUF,HE,SUF,0,0.0,0.0,0.0,2025-04-25 21:47:57.282,0.194381,2025-04-25 21:48:21.262,0.339044,2025-04-25 21:47:52.000,2025-04-25 21:48:52.000,eqt_earthquakes_th0_1/20250425T214752Z_20250425T214852Z/SUF_outputs/X_prediction_results.csv
RAF,HE,RAF,0,0.0,0.0,0.0,2025-04-25 21:48:05.680,0.63584,,,2025-04-25 21:48:00.000,2025-04-25 21:49:00.000,eqt_earthquakes_th0_1/20250425T214800Z_20250425T214900Z/RAF_outputs/X_prediction_results.csv
RAF,HE,RAF,0,0.0,0.0,0.0,,,2025-04-25 21:48:36.620,0.410611,2025-04-25 21:48:00.000,2025-04-25 21:49:00.000,eqt_earthquakes_th0_1/20250425T214800Z_20250425T214900Z/RAF_outputs/X_prediction_results.csv
KPF,HE,KPF,0,0.0,0.0,0.0,2025-04-25 21:48:06.268,0.397423,,,2025-04-25 21:48:01.000,2025-04-25 21:49:01.000,eqt_earthquakes_th0_1/20250425T214801Z_20250425T214901Z/KPF_outputs/X_prediction_results.csv
KPF,HE,KPF,0,0.0,0.0,0.0,,,2025-04-25 21:48:37.458,0.2032,2025-04-25 21:48:01.000,2025-04-25 21:49:01.000,eqt_earthquakes_th0_1/20250425T214801Z_20250425T214901Z/KPF_outputs/X_prediction_results.csv
ALAJF,HE,ALAJF,0,0.0,0.0,0.0,,,2025-04-25 21:48:41.962,0.410447,2025-04-25 21:48:36.000,2025-04-25 21:49:36.000,eqt_earthquakes_th0_1/20250425T214836Z_20250425T214936Z/ALAJF_outputs/X_prediction_results.csv
KEV,HE,KEV,0,0.0,0.0,0.0,2025-04-26 20:37:34.030,0.809522,2025-04-26 20:37:46.210,0.334513,2025-04-26 20:37:29.000,2025-04-26 20:38:29.000,eqt_earthquakes_th0_1/20250426T203729Z_20250426T203829Z/KEV_outputs/X_prediction_results.csv
KMNF,FN,KMNF,0,0.0,0.0,0.0,2025-04-26 20:37:36.600,0.334694,2025-04-26 20:37:51.520,0.265721,2025-04-26 20:37:31.000,2025-04-26 20:38:31.000,eqt_earthquakes_th0_1/20250426T203731Z_20250426T203831Z/KMNF_outputs/X_prediction_results.csv
HEF,HE,HEF,0,0.0,0.0,0.0,2025-04-26 20:37:39.150,0.626946,2025-04-26 20:37:55.820,0.255894,2025-04-26 20:37:34.000,2025-04-26 20:38:34.000,eqt_earthquakes_th0_1/20250426T203734Z_20250426T203834Z/HEF_outputs/X_prediction_results.csv
KIF,HE,KIF,0,0.0,0.0,0.0,,,2025-04-26 20:37:57.510,0.677532,2025-04-26 20:37:52.000,2025-04-26 20:38:52.000,eqt_earthquakes_th0_1/20250426T203752Z_20250426T203852Z/KIF_outputs/X_prediction_results.csv
RAJF,FN,RAJF,0,0.0,0.0,0.0,,,2025-04-26 20:38:14.480,0.439762,2025-04-26 20:38:08.000,2025-04-26 20:39:08.000,eqt_earthquakes_th0_1/20250426T203808Z_20250426T203908Z/RAJF_outputs/X_prediction_results.csv
OLKF,FN,OLKF,0,0.0,0.0,0.0,2025-04-27 01:22:02.860,0.939673,2025-04-27 01:22:06.880,0.82428,2025-04-27 01:21:57.000,2025-04-27 01:22:57.000,eqt_earthquakes_th0_1/20250427T012157Z_20250427T012257Z/OLKF_outputs/X_prediction_results.csv
MSF,FN,MSF,0,0.0,0.0,0.0,2025-04-27 01:22:03.620,0.951373,2025-04-27 01:22:08.030,0.833458,2025-04-27 01:21:58.000,2025-04-27 01:22:58.000,eqt_earthquakes_th0_1/20250427T012158Z_20250427T012258Z/MSF_outputs/X_prediction_results.csv
KU6,HE,KU6,0,0.0,0.0,0.0,2025-04-27 01:22:04.800,0.935801,2025-04-27 01:22:10.160,0.757433,2025-04-27 01:21:59.000,2025-04-27 01:22:59.000,eqt_earthquakes_th0_1/20250427T012159Z_20250427T012259Z/KU6_outputs/X_prediction_results.csv
RANF,FN,RANF,0,0.0,0.0,0.0,2025-04-27 01:22:14.760,0.758909,2025-04-27 01:22:26.960,0.564044,2025-04-27 01:22:09.000,2025-04-27 01:23:09.000,eqt_earthquakes_th0_1/20250427T012209Z_20250427T012309Z/RANF_outputs/X_prediction_results.csv
RNF,FN,RNF,0,0.0,0.0,0.0,2025-04-27 01:22:21.160,0.429613,2025-04-27 01:22:38.540,0.36007,2025-04-27 01:22:16.000,2025-04-27 01:23:16.000,eqt_earthquakes_th0_1/20250427T012216Z_20250427T012316Z/RNF_outputs/X_prediction_results.csv
KLF,FN,KLF,0,0.0,0.0,0.0,2025-04-27 05:35:57.560,0.943438,2025-04-27 05:36:06.830,0.708604,2025-04-27 05:35:52.000,2025-04-27 05:36:52.000,eqt_earthquakes_th0_1/20250427T053552Z_20250427T053652Z/KLF_outputs/X_prediction_results.csv
HEF,HE,HEF,0,0.0,0.0,0.0,2025-04-27 05:36:00.680,0.929118,2025-04-27 05:36:12.420,0.622456,2025-04-27 05:35:55.000,2025-04-27 05:36:55.000,eqt_earthquakes_th0_1/20250427T053555Z_20250427T053655Z/HEF_outputs/X_prediction_results.csv
KIF,HE,KIF,0,0.0,0.0,0.0,2025-04-27 05:36:11.780,0.63731,2025-04-27 05:36:31.930,0.363629,2025-04-27 05:36:06.000,2025-04-27 05:37:06.000,eqt_earthquakes_th0_1/20250427T053606Z_20250427T053706Z/KIF_outputs/X_prediction_results.csv
SGF,FN,SGF,0,0.0,0.0,0.0,2025-04-27 05:36:12.710,0.805207,2025-04-27 05:36:32.810,0.376737,2025-04-27 05:36:07.000,2025-04-27 05:37:07.000,eqt_earthquakes_th0_1/20250427T053607Z_20250427T053707Z/SGF_outputs/X_prediction_results.csv
RNF,FN,RNF,0,0.0,0.0,0.0,2025-04-27 05:36:15.060,0.820077,2025-04-27 05:36:37.680,0.247989,2025-04-27 05:36:10.000,2025-04-27 05:37:10.000,eqt_earthquakes_th0_1/20250427T053610Z_20250427T053710Z/RNF_outputs/X_prediction_results.csv
KLF,FN,KLF,0,0.0,0.0,0.0,2025-04-27 07:10:40.610,0.943778,2025-04-27 07:10:49.870,0.674725,2025-04-27 07:10:35.000,2025-04-27 07:11:35.000,eqt_earthquakes_th0_1/20250427T071035Z_20250427T071135Z/KLF_outputs/X_prediction_results.csv
HEF,HE,HEF,0,0.0,0.0,0.0,,,2025-04-27 07:10:55.550,0.305869,2025-04-27 07:10:50.000,2025-04-27 07:11:50.000,eqt_earthquakes_th0_1/20250427T071050Z_20250427T071150Z/HEF_outputs/X_prediction_results.csv
VJF,HE,VJF,0,0.0,0.0,0.0,2025-04-30 12:04:15.952,0.945799,2025-04-30 12:04:17.612,0.852797,2025-04-30 12:04:10.000,2025-04-30 12:05:10.000,eqt_earthquakes_th0_1/20250430T120410Z_20250430T120510Z/VJF_outputs/X_prediction_results.csv
VUOS,HE,VUOS,0,0.0,0.0,0.0,2025-04-30 12:04:34.668,0.94698,2025-04-30 12:04:50.198,0.585938,2025-04-30 12:04:29.000,2025-04-30 12:05:29.000,eqt_earthquakes_th0_1/20250430T120429Z_20250430T120529Z/VUOS_outputs/X_prediction_results.csv
RUF,HE,RUF,0,0.0,0.0,0.0,2025-04-30 12:04:35.706,0.943711,2025-04-30 12:04:52.376,0.416917,2025-04-30 12:04:30.000,2025-04-30 12:05:30.000,eqt_earthquakes_th0_1/20250430T120430Z_20250430T120530Z/RUF_outputs/X_prediction_results.csv
RUF,HE,RUF,0,0.0,0.0,0.0,,,2025-04-30 12:04:55.916,0.131221,2025-04-30 12:04:30.000,2025-04-30 12:05:30.000,eqt_earthquakes_th0_1/20250430T120430Z_20250430T120530Z/RUF_outputs/X_prediction_results.csv
FIA0,HE,FIA0,0,0.0,0.0,0.0,2025-04-30 12:04:35.320,0.922339,2025-04-30 12:04:51.880,0.621822,2025-04-30 12:04:30.000,2025-04-30 12:05:30.000,eqt_earthquakes_th0_1/20250430T120430Z_20250430T120530Z/FIA0_outputs/X_prediction_results.csv
FIA1,HE,FIA1,0,0.0,0.0,0.0,2025-04-30 12:04:35.320,0.935748,2025-04-30 12:04:51.900,0.553919,2025-04-30 12:04:30.000,2025-04-30 12:05:30.000,eqt_earthquakes_th0_1/20250430T120430Z_20250430T120530Z/FIA1_outputs/X_prediction_results.csv
KUNI,HE,KUNI,0,0.0,0.0,0.0,2025-04-30 12:04:36.402,0.839183,2025-04-30 12:04:53.272,0.548423,2025-04-30 12:04:31.000,2025-04-30 12:05:31.000,eqt_earthquakes_th0_1/20250430T120431Z_20250430T120531Z/KUNI_outputs/X_prediction_results.csv
LAUT,HE,LAUT,0,0.0,0.0,0.0,2025-04-30 12:04:37.442,0.885994,2025-04-30 12:04:54.582,0.620222,2025-04-30 12:04:32.000,2025-04-30 12:05:32.000,eqt_earthquakes_th0_1/20250430T120432Z_20250430T120532Z/LAUT_outputs/X_prediction_results.csv
NUR,HE,NUR,0,0.0,0.0,0.0,2025-04-30 12:04:38.516,0.44117,2025-04-30 12:04:56.666,0.595138,2025-04-30 12:04:33.000,2025-04-30 12:05:33.000,eqt_earthquakes_th0_1/20250430T120433Z_20250430T120533Z/NUR_outputs/X_prediction_results.csv
HEL5,HE,HEL5,0,0.0,0.0,0.0,2025-04-30 12:04:38.432,0.945195,2025-04-30 12:04:56.972,0.622033,2025-04-30 12:04:33.000,2025-04-30 12:05:33.000,eqt_earthquakes_th0_1/20250430T120433Z_20250430T120533Z/HEL5_outputs/X_prediction_results.csv
MEF,HE,MEF,0,0.0,0.0,0.0,2025-04-30 12:04:41.390,0.926932,2025-04-30 12:05:01.400,0.410939,2025-04-30 12:04:36.000,2025-04-30 12:05:36.000,eqt_earthquakes_th0_1/20250430T120436Z_20250430T120536Z/MEF_outputs/X_prediction_results.csv
KAF,HE,KAF,0,0.0,0.0,0.0,2025-04-30 12:04:44.970,0.930832,2025-04-30 12:05:09.940,0.387479,2025-04-30 12:04:39.000,2025-04-30 12:05:39.000,eqt_earthquakes_th0_1/20250430T120439Z_20250430T120539Z/KAF_outputs/X_prediction_results.csv
TVF,HE,TVF,0,0.0,0.0,0.0,2025-04-30 12:04:50.972,0.443423,2025-04-30 12:05:19.682,0.353292,2025-04-30 12:04:45.000,2025-04-30 12:05:45.000,eqt_earthquakes_th0_1/20250430T120445Z_20250430T120545Z/TVF_outputs/X_prediction_results.csv
KEF,HE,KEF,0,0.0,0.0,0.0,2025-04-30 12:04:51.310,0.924114,2025-04-30 12:05:20.260,0.358574,2025-04-30 12:04:46.000,2025-04-30 12:05:46.000,eqt_earthquakes_th0_1/20250430T120446Z_20250430T120546Z/KEF_outputs/X_prediction_results.csv
HEL1,HE,HEL1,0,0.0,0.0,0.0,2025-04-30 12:04:54.006,0.192771,2025-04-30 12:04:54.366,0.301071,2025-04-30 12:04:48.000,2025-04-30 12:05:48.000,eqt_earthquakes_th0_1/20250430T120448Z_20250430T120548Z/HEL1_outputs/X_prediction_results.csv
RSUO,HE,RSUO,0,0.0,0.0,0.0,2025-04-30 12:04:53.032,0.154609,2025-04-30 12:04:54.042,0.220342,2025-04-30 12:04:48.000,2025-04-30 12:05:48.000,eqt_earthquakes_th0_1/20250430T120448Z_20250430T120548Z/RSUO_outputs/X_prediction_results.csv
SUF,HE,SUF,0,0.0,0.0,0.0,2025-04-30 12:04:55.138,0.145483,,,2025-04-30 12:04:50.000,2025-04-30 12:05:50.000,eqt_earthquakes_th0_1/20250430T120450Z_20250430T120550Z/SUF_outputs/X_prediction_results.csv
SUF,HE,SUF,0,0.0,0.0,0.0,,,2025-04-30 12:05:26.618,0.409541,2025-04-30 12:04:50.000,2025-04-30 12:05:50.000,eqt_earthquakes_th0_1/20250430T120450Z_20250430T120550Z/SUF_outputs/X_prediction_results.csv
VJF,HE,VJF,0,0.0,0.0,0.0,2025-04-30 16:11:28.780,0.953424,2025-04-30 16:11:30.500,0.863842,2025-04-30 16:11:23.000,2025-04-30 16:12:23.000,eqt_earthquakes_th0_1/20250430T161123Z_20250430T161223Z/VJF_outputs/X_prediction_results.csv
FIA0,HE,FIA0,0,0.0,0.0,0.0,2025-04-30 16:11:48.170,0.422711,2025-04-30 16:12:08.560,0.53309,2025-04-30 16:11:43.000,2025-04-30 16:12:43.000,eqt_earthquakes_th0_1/20250430T161143Z_20250430T161243Z/FIA0_outputs/X_prediction_results.csv
FIA0,HE,FIA0,0,0.0,0.0,0.0,2025-04-30 16:11:49.190,0.118114,,,2025-04-30 16:11:43.000,2025-04-30 16:12:43.000,eqt_earthquakes_th0_1/20250430T161143Z_20250430T161243Z/FIA0_outputs/X_prediction_results.csv
FIA0,HE,FIA0,0,0.0,0.0,0.0,2025-04-30 16:11:50.160,0.263015,,,2025-04-30 16:11:43.000,2025-04-30 16:12:43.000,eqt_earthquakes_th0_1/20250430T161143Z_20250430T161243Z/FIA0_outputs/X_prediction_results.csv
FIA0,HE,FIA0,0,0.0,0.0,0.0,2025-04-30 16:12:04.900,0.613755,,,2025-04-30 16:11:43.000,2025-04-30 16:12:43.000,eqt_earthquakes_th0_1/20250430T161143Z_20250430T161243Z/FIA0_outputs/X_prediction_results.csv
FIA1,HE,FIA1,0,0.0,0.0,0.0,2025-04-30 16:11:48.160,0.156755,,,2025-04-30 16:11:43.000,2025-04-30 16:12:43.000,eqt_earthquakes_th0_1/20250430T161143Z_20250430T161243Z/FIA1_outputs/X_prediction_results.csv
FIA1,HE,FIA1,0,0.0,0.0,0.0,2025-04-30 16:11:49.180,0.155106,,,2025-04-30 16:11:43.000,2025-04-30 16:12:43.000,eqt_earthquakes_th0_1/20250430T161143Z_20250430T161243Z/FIA1_outputs/X_prediction_results.csv
FIA1,HE,FIA1,0,0.0,0.0,0.0,2025-04-30 16:11:50.160,0.119502,,,2025-04-30 16:11:43.000,2025-04-30 16:12:43.000,eqt_earthquakes_th0_1/20250430T161143Z_20250430T161243Z/FIA1_outputs/X_prediction_results.csv
VUOS,HE,VUOS,0,0.0,0.0,0.0,2025-04-30 16:12:02.502,0.172964,2025-04-30 16:12:08.112,0.607206,2025-04-30 16:11:57.000,2025-04-30 16:12:57.000,eqt_earthquakes_th0_1/20250430T161157Z_20250430T161257Z/VUOS_outputs/X_prediction_results.csv
VUOS,HE,VUOS,0,0.0,0.0,0.0,2025-04-30 16:12:03.452,0.679242,,,2025-04-30 16:11:57.000,2025-04-30 16:12:57.000,eqt_earthquakes_th0_1/20250430T161157Z_20250430T161257Z/VUOS_outputs/X_prediction_results.csv
RUF,HE,RUF,0,0.0,0.0,0.0,,,2025-04-30 16:12:08.706,0.406446,2025-04-30 16:11:59.000,2025-04-30 16:12:59.000,eqt_earthquakes_th0_1/20250430T161159Z_20250430T161259Z/RUF_outputs/X_prediction_results.csv
KEF,HE,KEF,0,0.0,0.0,0.0,,,2025-04-30 16:12:33.330,0.301065,2025-04-30 16:12:27.000,2025-04-30 16:13:27.000,eqt_earthquakes_th0_1/20250430T161227Z_20250430T161327Z/KEF_outputs/X_prediction_results.csv
VJF,HE,VJF,0,0.0,0.0,0.0,2025-04-30 21:38:52.696,0.953368,2025-04-30 21:38:54.376,0.855869,2025-04-30 21:38:47.000,2025-04-30 21:39:47.000,eqt_earthquakes_th0_1/20250430T213847Z_20250430T213947Z/VJF_outputs/X_prediction_results.csv
VUOS,HE,VUOS,0,0.0,0.0,0.0,2025-04-30 21:39:11.544,0.928051,2025-04-30 21:39:26.914,0.506444,2025-04-30 21:39:06.000,2025-04-30 21:40:06.000,eqt_earthquakes_th0_1/20250430T213906Z_20250430T214006Z/VUOS_outputs/X_prediction_results.csv
RUF,HE,RUF,0,0.0,0.0,0.0,2025-04-30 21:39:12.510,0.367008,2025-04-30 21:39:32.660,0.409208,2025-04-30 21:39:07.000,2025-04-30 21:40:07.000,eqt_earthquakes_th0_1/20250430T213907Z_20250430T214007Z/RUF_outputs/X_prediction_results.csv
FIA0,HE,FIA0,0,0.0,0.0,0.0,2025-04-30 21:39:12.070,0.941315,2025-04-30 21:39:28.630,0.587814,2025-04-30 21:39:07.000,2025-04-30 21:40:07.000,eqt_earthquakes_th0_1/20250430T213907Z_20250430T214007Z/FIA0_outputs/X_prediction_results.csv
FIA1,HE,FIA1,0,0.0,0.0,0.0,2025-04-30 21:39:12.070,0.949404,2025-04-30 21:39:28.600,0.500737,2025-04-30 21:39:07.000,2025-04-30 21:40:07.000,eqt_earthquakes_th0_1/20250430T213907Z_20250430T214007Z/FIA1_outputs/X_prediction_results.csv
KUNI,HE,KUNI,0,0.0,0.0,0.0,2025-04-30 21:39:13.070,0.730274,2025-04-30 21:39:30.070,0.413114,2025-04-30 21:39:08.000,2025-04-30 21:40:08.000,eqt_earthquakes_th0_1/20250430T213908Z_20250430T214008Z/KUNI_outputs/X_prediction_results.csv
HEL1,HE,HEL1,0,0.0,0.0,0.0,2025-04-30 21:39:13.706,0.514915,2025-04-30 21:39:31.006,0.48445,2025-04-30 21:39:08.000,2025-04-30 21:40:08.000,eqt_earthquakes_th0_1/20250430T213908Z_20250430T214008Z/HEL1_outputs/X_prediction_results.csv
NUR,HE,NUR,0,0.0,0.0,0.0,2025-04-30 21:39:14.982,0.947829,2025-04-30 21:39:33.392,0.582906,2025-04-30 21:39:09.000,2025-04-30 21:40:09.000,eqt_earthquakes_th0_1/20250430T213909Z_20250430T214009Z/NUR_outputs/X_prediction_results.csv
LAUT,HE,LAUT,0,0.0,0.0,0.0,,,2025-04-30 21:39:31.362,0.527032,2025-04-30 21:39:09.000,2025-04-30 21:40:09.000,eqt_earthquakes_th0_1/20250430T213909Z_20250430T214009Z/LAUT_outputs/X_prediction_results.csv
MEF,HE,MEF,0,0.0,0.0,0.0,2025-04-30 21:39:17.710,0.925636,2025-04-30 21:39:38.150,0.56346,2025-04-30 21:39:12.000,2025-04-30 21:40:12.000,eqt_earthquakes_th0_1/20250430T213912Z_20250430T214012Z/MEF_outputs/X_prediction_results.csv
KAF,HE,KAF,0,0.0,0.0,0.0,2025-04-30 21:39:21.620,0.368078,2025-04-30 21:39:46.670,0.481951,2025-04-30 21:39:16.000,2025-04-30 21:40:16.000,eqt_earthquakes_th0_1/20250430T213916Z_20250430T214016Z/KAF_outputs/X_prediction_results.csv
KEF,HE,KEF,0,0.0,0.0,0.0,2025-04-30 21:39:27.770,0.917951,2025-04-30 21:39:57.060,0.510734,2025-04-30 21:39:22.000,2025-04-30 21:40:22.000,eqt_earthquakes_th0_1/20250430T213922Z_20250430T214022Z/KEF_outputs/X_prediction_results.csv
TVF,HE,TVF,0,0.0,0.0,0.0,2025-04-30 21:39:56.342,0.210916,2025-04-30 21:39:57.972,0.354719,2025-04-30 21:39:51.000,2025-04-30 21:40:51.000,eqt_earthquakes_th0_1/20250430T213951Z_20250430T214051Z/TVF_outputs/X_prediction_results.csv
SUF,HE,SUF,0,0.0,0.0,0.0,,,2025-04-30 21:40:03.514,0.367333,2025-04-30 21:39:57.000,2025-04-30 21:40:57.000,eqt_earthquakes_th0_1/20250430T213957Z_20250430T214057Z/SUF_outputs/X_prediction_results.csv
KIF,HE,KIF,0,0.0,0.0,0.0,2025-05-01 06:33:41.580,0.275929,2025-05-01 06:34:00.370,0.650283,2025-05-01 06:33:36.000,2025-05-01 06:34:36.000,eqt_earthquakes_th0_1/20250501T063336Z_20250501T063436Z/KIF_outputs/X_prediction_results.csv
HEF,HE,HEF,0,0.0,0.0,0.0,2025-05-01 06:33:46.260,0.32766,2025-05-01 06:34:09.040,0.48434,2025-05-01 06:33:41.000,2025-05-01 06:34:41.000,eqt_earthquakes_th0_1/20250501T063341Z_20250501T063441Z/HEF_outputs/X_prediction_results.csv
HEF,HE,HEF,0,0.0,0.0,0.0,2025-05-01 06:33:47.260,0.150925,,,2025-05-01 06:33:41.000,2025-05-01 06:34:41.000,eqt_earthquakes_th0_1/20250501T063341Z_20250501T063441Z/HEF_outputs/X_prediction_results.csv
KLF,FN,KLF,0,0.0,0.0,0.0,2025-05-01 06:33:47.660,0.172201,2025-05-01 06:34:11.570,0.112632,2025-05-01 06:33:42.000,2025-05-01 06:34:42.000,eqt_earthquakes_th0_1/20250501T063342Z_20250501T063442Z/KLF_outputs/X_prediction_results.csv
KLF,FN,KLF,0,0.0,0.0,0.0,2025-05-01 06:33:48.670,0.202634,,,2025-05-01 06:33:42.000,2025-05-01 06:34:42.000,eqt_earthquakes_th0_1/20250501T063342Z_20250501T063442Z/KLF_outputs/X_prediction_results.csv
HEF,HE,HEF,0,0.0,0.0,0.0,2025-05-02 07:29:43.540,0.948709,2025-05-02 07:29:49.190,0.812924,2025-05-02 07:29:38.000,2025-05-02 07:30:38.000,eqt_earthquakes_th0_1/20250502T072938Z_20250502T073038Z/HEF_outputs/X_prediction_results.csv
KIF,HE,KIF,0,0.0,0.0,0.0,2025-05-02 07:29:51.270,0.940554,2025-05-02 07:30:02.930,0.583027,2025-05-02 07:29:46.000,2025-05-02 07:30:46.000,eqt_earthquakes_th0_1/20250502T072946Z_20250502T073046Z/KIF_outputs/X_prediction_results.csv
KLF,FN,KLF,0,0.0,0.0,0.0,2025-05-02 07:29:59.010,0.900686,2025-05-02 07:30:16.470,0.348272,2025-05-02 07:29:54.000,2025-05-02 07:30:54.000,eqt_earthquakes_th0_1/20250502T072954Z_20250502T073054Z/KLF_outputs/X_prediction_results.csv
VJF,HE,VJF,0,0.0,0.0,0.0,2025-05-07 10:46:38.500,0.953034,2025-05-07 10:46:42.290,0.836242,2025-05-07 10:46:33.000,2025-05-07 10:47:33.000,eqt_earthquakes_th0_1/20250507T104633Z_20250507T104733Z/VJF_outputs/X_prediction_results.csv
HEF,HE,HEF,0,0.0,0.0,0.0,2025-05-09 03:31:49.460,0.947127,2025-05-09 03:31:58.600,0.522184,2025-05-09 03:31:44.000,2025-05-09 03:32:44.000,eqt_earthquakes_th0_1/20250509T033144Z_20250509T033244Z/HEF_outputs/X_prediction_results.csv
KLF,FN,KLF,0,0.0,0.0,0.0,2025-05-09 03:31:52.000,0.945635,2025-05-09 03:32:02.800,0.432515,2025-05-09 03:31:47.000,2025-05-09 03:32:47.000,eqt_earthquakes_th0_1/20250509T033147Z_20250509T033247Z/KLF_outputs/X_prediction_results.csv
KIF,HE,KIF,0,0.0,0.0,0.0,2025-05-09 03:32:02.250,0.161522,2025-05-09 03:32:18.860,0.591424,2025-05-09 03:31:56.000,2025-05-09 03:32:56.000,eqt_earthquakes_th0_1/20250509T033156Z_20250509T033256Z/KIF_outputs/X_prediction_results.csv
SGF,FN,SGF,0,0.0,0.0,0.0,2025-05-09 03:32:04.540,0.555747,2025-05-09 03:32:25.420,0.209255,2025-05-09 03:31:59.000,2025-05-09 03:32:59.000,eqt_earthquakes_th0_1/20250509T033159Z_20250509T033259Z/SGF_outputs/X_prediction_results.csv
SGF,FN,SGF,0,0.0,0.0,0.0,2025-05-09 03:32:05.530,0.488873,,,2025-05-09 03:31:59.000,2025-05-09 03:32:59.000,eqt_earthquakes_th0_1/20250509T033159Z_20250509T033259Z/SGF_outputs/X_prediction_results.csv
RNF,FN,RNF,0,0.0,0.0,0.0,,,2025-05-09 03:32:33.290,0.255031,2025-05-09 03:32:26.000,2025-05-09 03:33:26.000,eqt_earthquakes_th0_1/20250509T033226Z_20250509T033326Z/RNF_outputs/X_prediction_results.csv
VJF,HE,VJF,0,0.0,0.0,0.0,2025-05-10 00:12:51.888,0.944521,2025-05-10 00:12:53.518,0.864928,2025-05-10 00:12:46.000,2025-05-10 00:13:46.000,eqt_earthquakes_th0_1/20250510T001246Z_20250510T001346Z/VJF_outputs/X_prediction_results.csv
FIA0,HE,FIA0,0,0.0,0.0,0.0,,,2025-05-10 00:13:31.730,0.196267,2025-05-10 00:13:06.000,2025-05-10 00:14:06.000,eqt_earthquakes_th0_1/20250510T001306Z_20250510T001406Z/FIA0_outputs/X_prediction_results.csv
FIA1,HE,FIA1,0,0.0,0.0,0.0,2025-05-10 00:13:12.570,0.337572,2025-05-10 00:13:27.650,0.237463,2025-05-10 00:13:06.000,2025-05-10 00:14:06.000,eqt_earthquakes_th0_1/20250510T001306Z_20250510T001406Z/FIA1_outputs/X_prediction_results.csv
RUF,HE,RUF,0,0.0,0.0,0.0,2025-05-10 00:13:28.276,0.130675,2025-05-10 00:13:31.876,0.279519,2025-05-10 00:13:22.000,2025-05-10 00:14:22.000,eqt_earthquakes_th0_1/20250510T001322Z_20250510T001422Z/RUF_outputs/X_prediction_results.csv
KUNI,HE,KUNI,0,0.0,0.0,0.0,2025-05-10 00:13:29.510,0.106776,,,2025-05-10 00:13:23.000,2025-05-10 00:14:23.000,eqt_earthquakes_th0_1/20250510T001323Z_20250510T001423Z/KUNI_outputs/X_prediction_results.csv
KLF,FN,KLF,0,0.0,0.0,0.0,2025-05-10 20:37:02.200,0.934443,2025-05-10 20:37:06.880,0.749326,2025-05-10 20:36:57.000,2025-05-10 20:37:57.000,eqt_earthquakes_th0_1/20250510T203657Z_20250510T203757Z/KLF_outputs/X_prediction_results.csv
RNF,FN,RNF,0,0.0,0.0,0.0,2025-05-10 20:37:11.170,0.918997,2025-05-10 20:37:23.080,0.538585,2025-05-10 20:37:06.000,2025-05-10 20:38:06.000,eqt_earthquakes_th0_1/20250510T203706Z_20250510T203806Z/RNF_outputs/X_prediction_results.csv
SGF,FN,SGF,0,0.0,0.0,0.0,2025-05-10 20:37:16.090,0.803948,2025-05-10 20:37:31.350,0.53465,2025-05-10 20:37:11.000,2025-05-10 20:38:11.000,eqt_earthquakes_th0_1/20250510T203711Z_20250510T203811Z/SGF_outputs/X_prediction_results.csv
HEF,HE,HEF,0,0.0,0.0,0.0,2025-05-10 20:37:22.390,0.308429,2025-05-10 20:37:43.290,0.279612,2025-05-10 20:37:17.000,2025-05-10 20:38:17.000,eqt_earthquakes_th0_1/20250510T203717Z_20250510T203817Z/HEF_outputs/X_prediction_results.csv
HEF,HE,HEF,0,0.0,0.0,0.0,2025-05-10 20:37:23.400,0.561948,,,2025-05-10 20:37:17.000,2025-05-10 20:38:17.000,eqt_earthquakes_th0_1/20250510T203717Z_20250510T203817Z/HEF_outputs/X_prediction_results.csv
OLKF,FN,OLKF,0,0.0,0.0,0.0,,,2025-05-10 20:38:04.070,0.32247,2025-05-10 20:37:55.000,2025-05-10 20:38:55.000,eqt_earthquakes_th0_1/20250510T203755Z_20250510T203855Z/OLKF_outputs/X_prediction_results.csv
KLF,FN,KLF,0,0.0,0.0,0.0,2025-05-11 01:38:36.960,0.945768,2025-05-11 01:38:41.730,0.742356,2025-05-11 01:38:31.000,2025-05-11 01:39:31.000,eqt_earthquakes_th0_1/20250511T013831Z_20250511T013931Z/KLF_outputs/X_prediction_results.csv
RNF,FN,RNF,0,0.0,0.0,0.0,2025-05-11 01:38:46.170,0.939425,2025-05-11 01:38:57.860,0.536448,2025-05-11 01:38:41.000,2025-05-11 01:39:41.000,eqt_earthquakes_th0_1/20250511T013841Z_20250511T013941Z/RNF_outputs/X_prediction_results.csv
RANF,FN,RANF,0,0.0,0.0,0.0,2025-05-11 01:38:56.950,0.483012,,,2025-05-11 01:38:50.000,2025-05-11 01:39:50.000,eqt_earthquakes_th0_1/20250511T013850Z_20250511T013950Z/RANF_outputs/X_prediction_results.csv
RANF,FN,RANF,0,0.0,0.0,0.0,2025-05-11 01:38:55.950,0.194461,2025-05-11 01:39:15.000,0.252875,2025-05-11 01:38:50.000,2025-05-11 01:39:50.000,eqt_earthquakes_th0_1/20250511T013850Z_20250511T013950Z/RANF_outputs/X_prediction_results.csv
HEF,HE,HEF,0,0.0,0.0,0.0,2025-05-11 01:38:57.690,0.162498,2025-05-11 01:39:19.050,0.235838,2025-05-11 01:38:52.000,2025-05-11 01:39:52.000,eqt_earthquakes_th0_1/20250511T013852Z_20250511T013952Z/HEF_outputs/X_prediction_results.csv
HEF,HE,HEF,0,0.0,0.0,0.0,2025-05-11 01:38:58.700,0.129408,,,2025-05-11 01:38:52.000,2025-05-11 01:39:52.000,eqt_earthquakes_th0_1/20250511T013852Z_20250511T013952Z/HEF_outputs/X_prediction_results.csv
OBF8,HE,OBF8,0,0.0,0.0,0.0,2025-05-12 03:11:41.836,0.950531,2025-05-12 03:11:53.856,0.552382,2025-05-12 03:11:36.000,2025-05-12 03:12:36.000,eqt_earthquakes_th0_1/20250512T031136Z_20250512T031236Z/OBF8_outputs/X_prediction_results.csv
OBF0,HE,OBF0,0,0.0,0.0,0.0,2025-05-12 03:11:44.140,0.945516,2025-05-12 03:11:57.600,0.689689,2025-05-12 03:11:39.000,2025-05-12 03:12:39.000,eqt_earthquakes_th0_1/20250512T031139Z_20250512T031239Z/OBF0_outputs/X_prediction_results.csv
OBF3,HE,OBF3,0,0.0,0.0,0.0,2025-05-12 03:11:45.008,0.952832,2025-05-12 03:11:59.528,0.418266,2025-05-12 03:11:40.000,2025-05-12 03:12:40.000,eqt_earthquakes_th0_1/20250512T031140Z_20250512T031240Z/OBF3_outputs/X_prediction_results.csv
OBF3,HE,OBF3,0,0.0,0.0,0.0,,,2025-05-12 03:12:04.278,0.13289,2025-05-12 03:11:40.000,2025-05-12 03:12:40.000,eqt_earthquakes_th0_1/20250512T031140Z_20250512T031240Z/OBF3_outputs/X_prediction_results.csv
OUL,FN,OUL,0,0.0,0.0,0.0,2025-05-12 03:11:53.240,0.95999,2025-05-12 03:12:13.730,0.194936,2025-05-12 03:11:48.000,2025-05-12 03:12:48.000,eqt_earthquakes_th0_1/20250512T031148Z_20250512T031248Z/OUL_outputs/X_prediction_results.csv
VAF,HE,VAF,0,0.0,0.0,0.0,2025-05-12 03:12:00.940,0.563425,2025-05-12 03:12:27.290,0.57785,2025-05-12 03:11:55.000,2025-05-12 03:12:55.000,eqt_earthquakes_th0_1/20250512T031155Z_20250512T031255Z/VAF_outputs/X_prediction_results.csv
RANF,FN,RANF,0,0.0,0.0,0.0,2025-05-12 03:12:01.600,0.849912,2025-05-12 03:12:30.630,0.376012,2025-05-12 03:11:56.000,2025-05-12 03:12:56.000,eqt_earthquakes_th0_1/20250512T031156Z_20250512T031256Z/RANF_outputs/X_prediction_results.csv
RNF,FN,RNF,0,0.0,0.0,0.0,2025-05-12 03:12:03.880,0.557809,2025-05-12 03:12:33.380,0.50927,2025-05-12 03:11:58.000,2025-05-12 03:12:58.000,eqt_earthquakes_th0_1/20250512T031158Z_20250512T031258Z/RNF_outputs/X_prediction_results.csv
ALAJF,HE,ALAJF,0,0.0,0.0,0.0,,,2025-05-12 03:12:29.114,0.411262,2025-05-12 03:11:58.000,2025-05-12 03:12:58.000,eqt_earthquakes_th0_1/20250512T031158Z_20250512T031258Z/ALAJF_outputs/X_prediction_results.csv
KLF,FN,KLF,0,0.0,0.0,0.0,2025-05-12 03:12:04.300,0.956603,2025-05-12 03:12:33.610,0.482471,2025-05-12 03:11:59.000,2025-05-12 03:12:59.000,eqt_earthquakes_th0_1/20250512T031159Z_20250512T031259Z/KLF_outputs/X_prediction_results.csv
VJF,HE,VJF,0,0.0,0.0,0.0,2025-05-14 21:24:07.696,0.952913,2025-05-14 21:24:11.566,0.682492,2025-05-14 21:24:02.000,2025-05-14 21:25:02.000,eqt_earthquakes_th0_1/20250514T212402Z_20250514T212502Z/VJF_outputs/X_prediction_results.csv
FIA1,HE,FIA1,0,0.0,0.0,0.0,2025-05-14 21:24:29.240,0.1081,,,2025-05-14 21:24:22.000,2025-05-14 21:25:22.000,eqt_earthquakes_th0_1/20250514T212422Z_20250514T212522Z/FIA1_outputs/X_prediction_results.csv
FIA1,HE,FIA1,0,0.0,0.0,0.0,2025-05-14 21:24:28.240,0.201944,,,2025-05-14 21:24:22.000,2025-05-14 21:25:22.000,eqt_earthquakes_th0_1/20250514T212422Z_20250514T212522Z/FIA1_outputs/X_prediction_results.csv
FIA0,HE,FIA0,0,0.0,0.0,0.0,2025-05-14 21:24:28.230,0.157999,2025-05-14 21:24:43.760,0.334855,2025-05-14 21:24:22.000,2025-05-14 21:25:22.000,eqt_earthquakes_th0_1/20250514T212422Z_20250514T212522Z/FIA0_outputs/X_prediction_results.csv
FIA0,HE,FIA0,0,0.0,0.0,0.0,2025-05-14 21:24:29.240,0.422581,,,2025-05-14 21:24:22.000,2025-05-14 21:25:22.000,eqt_earthquakes_th0_1/20250514T212422Z_20250514T212522Z/FIA0_outputs/X_prediction_results.csv
FIA1,HE,FIA1,0,0.0,0.0,0.0,2025-05-14 21:24:27.240,0.518499,,,2025-05-14 21:24:22.000,2025-05-14 21:25:22.000,eqt_earthquakes_th0_1/20250514T212422Z_20250514T212522Z/FIA1_outputs/X_prediction_results.csv
MEF,HE,MEF,0,0.0,0.0,0.0,2025-05-14 21:24:32.740,0.348239,2025-05-14 21:24:53.220,0.296907,2025-05-14 21:24:27.000,2025-05-14 21:25:27.000,eqt_earthquakes_th0_1/20250514T212427Z_20250514T212527Z/MEF_outputs/X_prediction_results.csv
MEF,HE,MEF,0,0.0,0.0,0.0,2025-05-14 21:24:35.740,0.113431,,,2025-05-14 21:24:27.000,2025-05-14 21:25:27.000,eqt_earthquakes_th0_1/20250514T212427Z_20250514T212527Z/MEF_outputs/X_prediction_results.csv
RUF,HE,RUF,0,0.0,0.0,0.0,,,2025-05-14 21:24:47.824,0.40849,2025-05-14 21:24:38.000,2025-05-14 21:25:38.000,eqt_earthquakes_th0_1/20250514T212438Z_20250514T212538Z/RUF_outputs/X_prediction_results.csv
KUNI,HE,KUNI,0,0.0,0.0,0.0,,,2025-05-14 21:24:47.416,0.379085,2025-05-14 21:24:39.000,2025-05-14 21:25:39.000,eqt_earthquakes_th0_1/20250514T212439Z_20250514T212539Z/KUNI_outputs/X_prediction_results.csv
VJF,HE,VJF,0,0.0,0.0,0.0,2025-05-14 21:37:32.504,0.951597,2025-05-14 21:37:34.184,0.853943,2025-05-14 21:37:27.000,2025-05-14 21:38:27.000,eqt_earthquakes_th0_1/20250514T213727Z_20250514T213827Z/VJF_outputs/X_prediction_results.csv
VUOS,HE,VUOS,0,0.0,0.0,0.0,2025-05-14 21:37:51.240,0.945167,2025-05-14 21:38:06.810,0.539326,2025-05-14 21:37:46.000,2025-05-14 21:38:46.000,eqt_earthquakes_th0_1/20250514T213746Z_20250514T213846Z/VUOS_outputs/X_prediction_results.csv
FIA0,HE,FIA0,0,0.0,0.0,0.0,2025-05-14 21:37:51.890,0.948116,2025-05-14 21:38:08.460,0.464307,2025-05-14 21:37:46.000,2025-05-14 21:38:46.000,eqt_earthquakes_th0_1/20250514T213746Z_20250514T213846Z/FIA0_outputs/X_prediction_results.csv
FIA1,HE,FIA1,0,0.0,0.0,0.0,2025-05-14 21:37:51.880,0.957434,2025-05-14 21:38:08.370,0.428861,2025-05-14 21:37:46.000,2025-05-14 21:38:46.000,eqt_earthquakes_th0_1/20250514T213746Z_20250514T213846Z/FIA1_outputs/X_prediction_results.csv
KUNI,HE,KUNI,0,0.0,0.0,0.0,2025-05-14 21:37:52.768,0.947027,2025-05-14 21:38:09.848,0.604431,2025-05-14 21:37:47.000,2025-05-14 21:38:47.000,eqt_earthquakes_th0_1/20250514T213747Z_20250514T213847Z/KUNI_outputs/X_prediction_results.csv
RUF,HE,RUF,0,0.0,0.0,0.0,,,2025-05-14 21:38:12.418,0.311818,2025-05-14 21:37:47.000,2025-05-14 21:38:47.000,eqt_earthquakes_th0_1/20250514T213747Z_20250514T213847Z/RUF_outputs/X_prediction_results.csv
RUF,HE,RUF,0,0.0,0.0,0.0,2025-05-14 21:37:52.368,0.879668,2025-05-14 21:38:08.758,0.130682,2025-05-14 21:37:47.000,2025-05-14 21:38:47.000,eqt_earthquakes_th0_1/20250514T213747Z_20250514T213847Z/RUF_outputs/X_prediction_results.csv
LAUT,HE,LAUT,0,0.0,0.0,0.0,2025-05-14 21:37:53.782,0.939807,2025-05-14 21:38:11.292,0.60776,2025-05-14 21:37:48.000,2025-05-14 21:38:48.000,eqt_earthquakes_th0_1/20250514T213748Z_20250514T213848Z/LAUT_outputs/X_prediction_results.csv
HEL1,HE,HEL1,0,0.0,0.0,0.0,2025-05-14 21:37:53.650,0.595215,2025-05-14 21:38:10.870,0.511027,2025-05-14 21:37:48.000,2025-05-14 21:38:48.000,eqt_earthquakes_th0_1/20250514T213748Z_20250514T213848Z/HEL1_outputs/X_prediction_results.csv
NUR,HE,NUR,0,0.0,0.0,0.0,2025-05-14 21:37:54.908,0.952398,2025-05-14 21:38:13.258,0.670103,2025-05-14 21:37:49.000,2025-05-14 21:38:49.000,eqt_earthquakes_th0_1/20250514T213749Z_20250514T213849Z/NUR_outputs/X_prediction_results.csv
HEL5,HE,HEL5,0,0.0,0.0,0.0,2025-05-14 21:37:54.974,0.948039,2025-05-14 21:38:13.534,0.513701,2025-05-14 21:37:49.000,2025-05-14 21:38:49.000,eqt_earthquakes_th0_1/20250514T213749Z_20250514T213849Z/HEL5_outputs/X_prediction_results.csv
HEL5,HE,HEL5,0,0.0,0.0,0.0,,,2025-05-14 21:38:18.464,0.443602,2025-05-14 21:37:49.000,2025-05-14 21:38:49.000,eqt_earthquakes_th0_1/20250514T213749Z_20250514T213849Z/HEL5_outputs/X_prediction_results.csv
MEF,HE,MEF,0,0.0,0.0,0.0,2025-05-14 21:37:57.680,0.953294,2025-05-14 21:38:17.760,0.598382,2025-05-14 21:37:52.000,2025-05-14 21:38:52.000,eqt_earthquakes_th0_1/20250514T213752Z_20250514T213852Z/MEF_outputs/X_prediction_results.csv
KAF,HE,KAF,0,0.0,0.0,0.0,2025-05-14 21:38:01.620,0.737177,2025-05-14 21:38:26.520,0.589534,2025-05-14 21:37:56.000,2025-05-14 21:38:56.000,eqt_earthquakes_th0_1/20250514T213756Z_20250514T213856Z/KAF_outputs/X_prediction_results.csv
KEF,HE,KEF,0,0.0,0.0,0.0,2025-05-14 21:38:07.790,0.957564,2025-05-14 21:38:36.860,0.408222,2025-05-14 21:38:02.000,2025-05-14 21:39:02.000,eqt_earthquakes_th0_1/20250514T213802Z_20250514T213902Z/KEF_outputs/X_prediction_results.csv
TVF,HE,TVF,0,0.0,0.0,0.0,,,2025-05-14 21:38:37.468,0.154981,2025-05-14 21:38:03.000,2025-05-14 21:39:03.000,eqt_earthquakes_th0_1/20250514T213803Z_20250514T213903Z/TVF_outputs/X_prediction_results.csv
RSUO,HE,RSUO,0,0.0,0.0,0.0,,,2025-05-14 21:38:10.266,0.674563,2025-05-14 21:38:04.000,2025-05-14 21:39:04.000,eqt_earthquakes_th0_1/20250514T213804Z_20250514T213904Z/RSUO_outputs/X_prediction_results.csv
SUF,HE,SUF,0,0.0,0.0,0.0,2025-05-14 21:38:11.552,0.53286,,,2025-05-14 21:38:06.000,2025-05-14 21:39:06.000,eqt_earthquakes_th0_1/20250514T213806Z_20250514T213906Z/SUF_outputs/X_prediction_results.csv
SUF,HE,SUF,0,0.0,0.0,0.0,,,2025-05-14 21:38:43.102,0.376902,2025-05-14 21:38:06.000,2025-05-14 21:39:06.000,eqt_earthquakes_th0_1/20250514T213806Z_20250514T213906Z/SUF_outputs/X_prediction_results.csv
VJF,HE,VJF,0,0.0,0.0,0.0,2025-05-14 21:45:34.822,0.950571,2025-05-14 21:45:36.512,0.848099,2025-05-14 21:45:29.000,2025-05-14 21:46:29.000,eqt_earthquakes_th0_1/20250514T214529Z_20250514T214629Z/VJF_outputs/X_prediction_results.csv
RUF,HE,RUF,0,0.0,0.0,0.0,2025-05-14 21:45:54.512,0.872461,2025-05-14 21:46:14.882,0.37348,2025-05-14 21:45:49.000,2025-05-14 21:46:49.000,eqt_earthquakes_th0_1/20250514T214549Z_20250514T214649Z/RUF_outputs/X_prediction_results.csv
FIA0,HE,FIA0,0,0.0,0.0,0.0,2025-05-14 21:45:54.050,0.960581,2025-05-14 21:45:56.100,0.240174,2025-05-14 21:45:49.000,2025-05-14 21:46:49.000,eqt_earthquakes_th0_1/20250514T214549Z_20250514T214649Z/FIA0_outputs/X_prediction_results.csv
FIA0,HE,FIA0,0,0.0,0.0,0.0,2025-05-14 21:46:10.810,0.79949,2025-05-14 21:46:14.660,0.4549,2025-05-14 21:45:49.000,2025-05-14 21:46:49.000,eqt_earthquakes_th0_1/20250514T214549Z_20250514T214649Z/FIA0_outputs/X_prediction_results.csv
FIA1,HE,FIA1,0,0.0,0.0,0.0,2025-05-14 21:45:54.060,0.938127,2025-05-14 21:46:14.720,0.34335,2025-05-14 21:45:49.000,2025-05-14 21:46:49.000,eqt_earthquakes_th0_1/20250514T214549Z_20250514T214649Z/FIA1_outputs/X_prediction_results.csv
NUR,HE,NUR,0,0.0,0.0,0.0,2025-05-14 21:45:57.298,0.916639,2025-05-14 21:46:15.538,0.618646,2025-05-14 21:45:52.000,2025-05-14 21:46:52.000,eqt_earthquakes_th0_1/20250514T214552Z_20250514T214652Z/NUR_outputs/X_prediction_results.csv
MEF,HE,MEF,0,0.0,0.0,0.0,2025-05-14 21:45:59.980,0.908517,2025-05-14 21:46:20.320,0.354871,2025-05-14 21:45:54.000,2025-05-14 21:46:54.000,eqt_earthquakes_th0_1/20250514T214554Z_20250514T214654Z/MEF_outputs/X_prediction_results.csv
KEF,HE,KEF,0,0.0,0.0,0.0,2025-05-14 21:46:09.940,0.692569,2025-05-14 21:46:39.240,0.529984,2025-05-14 21:46:04.000,2025-05-14 21:47:04.000,eqt_earthquakes_th0_1/20250514T214604Z_20250514T214704Z/KEF_outputs/X_prediction_results.csv
LAUT,HE,LAUT,0,0.0,0.0,0.0,,,2025-05-14 21:46:13.594,0.132382,2025-05-14 21:46:08.000,2025-05-14 21:47:08.000,eqt_earthquakes_th0_1/20250514T214608Z_20250514T214708Z/LAUT_outputs/X_prediction_results.csv
KAF,HE,KAF,0,0.0,0.0,0.0,,,2025-05-14 21:46:28.860,0.629559,2025-05-14 21:46:21.000,2025-05-14 21:47:21.000,eqt_earthquakes_th0_1/20250514T214621Z_20250514T214721Z/KAF_outputs/X_prediction_results.csv
TVF,HE,TVF,0,0.0,0.0,0.0,,,2025-05-14 21:46:40.266,0.138306,2025-05-14 21:46:33.000,2025-05-14 21:47:33.000,eqt_earthquakes_th0_1/20250514T214633Z_20250514T214733Z/TVF_outputs/X_prediction_results.csv
KLF,FN,KLF,0,0.0,0.0,0.0,2025-05-15 13:20:20.300,0.952728,2025-05-15 13:20:23.680,0.784635,2025-05-15 13:20:15.000,2025-05-15 13:21:15.000,eqt_earthquakes_th0_1/20250515T132015Z_20250515T132115Z/KLF_outputs/X_prediction_results.csv
RNF,FN,RNF,0,0.0,0.0,0.0,2025-05-15 13:20:34.160,0.884161,2025-05-15 13:20:47.940,0.291019,2025-05-15 13:20:29.000,2025-05-15 13:21:29.000,eqt_earthquakes_th0_1/20250515T132029Z_20250515T132129Z/RNF_outputs/X_prediction_results.csv
SGF,FN,SGF,0,0.0,0.0,0.0,2025-05-15 13:20:36.830,0.826289,2025-05-15 13:20:52.550,0.481566,2025-05-15 13:20:31.000,2025-05-15 13:21:31.000,eqt_earthquakes_th0_1/20250515T132031Z_20250515T132131Z/SGF_outputs/X_prediction_results.csv
HEF,HE,HEF,0,0.0,0.0,0.0,2025-05-15 13:20:40.760,0.494102,,,2025-05-15 13:20:34.000,2025-05-15 13:21:34.000,eqt_earthquakes_th0_1/20250515T132034Z_20250515T132134Z/HEF_outputs/X_prediction_results.csv
HEF,HE,HEF,0,0.0,0.0,0.0,2025-05-15 13:20:39.770,0.258169,2025-05-15 13:20:59.390,0.412849,2025-05-15 13:20:34.000,2025-05-15 13:21:34.000,eqt_earthquakes_th0_1/20250515T132034Z_20250515T132134Z/HEF_outputs/X_prediction_results.csv
RANF,FN,RANF,0,0.0,0.0,0.0,2025-05-15 13:20:44.160,0.803136,2025-05-15 13:21:05.880,0.384454,2025-05-15 13:20:39.000,2025-05-15 13:21:39.000,eqt_earthquakes_th0_1/20250515T132039Z_20250515T132139Z/RANF_outputs/X_prediction_results.csv
KIF,HE,KIF,0,0.0,0.0,0.0,,,2025-05-15 13:21:24.900,0.267469,2025-05-15 13:21:18.000,2025-05-15 13:22:18.000,eqt_earthquakes_th0_1/20250515T132118Z_20250515T132218Z/KIF_outputs/X_prediction_results.csv
RAJF,FN,RAJF,0,0.0,0.0,0.0,,,2025-05-15 13:21:26.140,0.179938,2025-05-15 13:21:19.000,2025-05-15 13:22:19.000,eqt_earthquakes_th0_1/20250515T132119Z_20250515T132219Z/RAJF_outputs/X_prediction_results.csv
VAF,HE,VAF,0,0.0,0.0,0.0,2025-05-20 01:12:55.080,0.238556,,,2025-05-20 01:12:50.000,2025-05-20 01:13:50.000,eqt_earthquakes_th0_1/20250520T011250Z_20250520T011350Z/VAF_outputs/X_prediction_results.csv
VAF,HE,VAF,0,0.0,0.0,0.0,2025-05-20 01:12:56.070,0.502509,2025-05-20 01:13:25.080,0.408961,2025-05-20 01:12:50.000,2025-05-20 01:13:50.000,eqt_earthquakes_th0_1/20250520T011250Z_20250520T011350Z/VAF_outputs/X_prediction_results.csv
KPF,HE,KPF,0,0.0,0.0,0.0,,,2025-05-20 01:13:15.178,0.361906,2025-05-20 01:13:09.000,2025-05-20 01:14:09.000,eqt_earthquakes_th0_1/20250520T011309Z_20250520T011409Z/KPF_outputs/X_prediction_results.csv
RNF,FN,RNF,0,0.0,0.0,0.0,,,2025-05-20 09:12:53.130,0.476976,2025-05-20 09:12:43.000,2025-05-20 09:13:43.000,eqt_earthquakes_th0_1/20250520T091243Z_20250520T091343Z/RNF_outputs/X_prediction_results.csv
KLF,FN,KLF,0,0.0,0.0,0.0,2025-05-24 07:06:59.900,0.944997,2025-05-24 07:07:09.950,0.65074,2025-05-24 07:06:54.000,2025-05-24 07:07:54.000,eqt_earthquakes_th0_1/20250524T070654Z_20250524T070754Z/KLF_outputs/X_prediction_results.csv
HEF,HE,HEF,0,0.0,0.0,0.0,2025-05-24 07:07:01.740,0.500339,2025-05-24 07:07:13.110,0.569369,2025-05-24 07:06:56.000,2025-05-24 07:07:56.000,eqt_earthquakes_th0_1/20250524T070656Z_20250524T070756Z/HEF_outputs/X_prediction_results.csv
SGF,FN,SGF,0,0.0,0.0,0.0,,,2025-05-24 07:07:37.450,0.178324,2025-05-24 07:07:31.000,2025-05-24 07:08:31.000,eqt_earthquakes_th0_1/20250524T070731Z_20250524T070831Z/SGF_outputs/X_prediction_results.csv
HEF,HE,HEF,0,0.0,0.0,0.0,2025-05-24 11:53:22.140,0.106354,2025-05-24 11:53:31.830,0.565933,2025-05-24 11:53:17.000,2025-05-24 11:54:17.000,eqt_earthquakes_th0_1/20250524T115317Z_20250524T115417Z/HEF_outputs/X_prediction_results.csv
KMNF,FN,KMNF,0,0.0,0.0,0.0,2025-05-24 11:53:26.560,0.206031,2025-05-24 11:53:39.160,0.407499,2025-05-24 11:53:21.000,2025-05-24 11:54:21.000,eqt_earthquakes_th0_1/20250524T115321Z_20250524T115421Z/KMNF_outputs/X_prediction_results.csv
KIF,HE,KIF,0,0.0,0.0,0.0,2025-05-24 11:53:29.920,0.426004,2025-05-24 11:53:45.180,0.575189,2025-05-24 11:53:24.000,2025-05-24 11:54:24.000,eqt_earthquakes_th0_1/20250524T115324Z_20250524T115424Z/KIF_outputs/X_prediction_results.csv
KEV,HE,KEV,0,0.0,0.0,0.0,2025-05-24 11:53:30.600,0.209702,,,2025-05-24 11:53:24.000,2025-05-24 11:54:24.000,eqt_earthquakes_th0_1/20250524T115324Z_20250524T115424Z/KEV_outputs/X_prediction_results.csv
KEV,HE,KEV,0,0.0,0.0,0.0,2025-05-24 11:53:29.590,0.792534,2025-05-24 11:53:44.390,0.203608,2025-05-24 11:53:24.000,2025-05-24 11:54:24.000,eqt_earthquakes_th0_1/20250524T115324Z_20250524T115424Z/KEV_outputs/X_prediction_results.csv
RAJF,FN,RAJF,0,0.0,0.0,0.0,2025-05-24 11:53:37.000,0.258552,2025-05-24 11:53:58.640,0.412983,2025-05-24 11:53:32.000,2025-05-24 11:54:32.000,eqt_earthquakes_th0_1/20250524T115332Z_20250524T115432Z/RAJF_outputs/X_prediction_results.csv
RAJF,FN,RAJF,0,0.0,0.0,0.0,2025-05-24 11:53:38.000,0.330969,,,2025-05-24 11:53:32.000,2025-05-24 11:54:32.000,eqt_earthquakes_th0_1/20250524T115332Z_20250524T115432Z/RAJF_outputs/X_prediction_results.csv
RAJF,FN,RAJF,0,0.0,0.0,0.0,2025-05-24 11:53:39.020,0.123941,,,2025-05-24 11:53:32.000,2025-05-24 11:54:32.000,eqt_earthquakes_th0_1/20250524T115332Z_20250524T115432Z/RAJF_outputs/X_prediction_results.csv
KIF,HE,KIF,0,0.0,0.0,0.0,2025-05-25 02:00:42.970,0.949589,2025-05-25 02:01:02.680,0.596017,2025-05-25 02:00:37.000,2025-05-25 02:01:37.000,eqt_earthquakes_th0_1/20250525T020037Z_20250525T020137Z/KIF_outputs/X_prediction_results.csv
AAL,UP,AAL,0,0.0,0.0,0.0,2025-05-25 12:51:56.240,0.952915,2025-05-25 12:52:16.260,0.408001,2025-05-25 12:51:51.000,2025-05-25 12:52:51.000,eqt_earthquakes_th0_1/20250525T125151Z_20250525T125251Z/AAL_outputs/X_prediction_results.csv
RAF,HE,RAF,0,0.0,0.0,0.0,2025-05-25 12:52:03.390,0.907439,2025-05-25 12:52:28.990,0.313098,2025-05-25 12:51:58.000,2025-05-25 12:52:58.000,eqt_earthquakes_th0_1/20250525T125158Z_20250525T125258Z/RAF_outputs/X_prediction_results.csv
KPF,HE,KPF,0,0.0,0.0,0.0,2025-05-25 12:52:06.652,0.927826,2025-05-25 12:52:34.722,0.601098,2025-05-25 12:52:01.000,2025-05-25 12:53:01.000,eqt_earthquakes_th0_1/20250525T125201Z_20250525T125301Z/KPF_outputs/X_prediction_results.csv
VAF,HE,VAF,0,0.0,0.0,0.0,2025-05-29 00:56:00.530,0.224408,2025-05-29 00:56:01.500,0.15802,2025-05-29 00:55:26.000,2025-05-29 00:56:26.000,eqt_earthquakes_th0_1/20250529T005526Z_20250529T005626Z/VAF_outputs/X_prediction_results.csv
KPF,HE,KPF,0,0.0,0.0,0.0,,,2025-05-29 00:56:00.108,0.2937,2025-05-29 00:55:54.000,2025-05-29 00:56:54.000,eqt_earthquakes_th0_1/20250529T005554Z_20250529T005654Z/KPF_outputs/X_prediction_results.csv
MSF,FN,MSF,0,0.0,0.0,0.0,2025-06-02 17:11:09.610,0.953858,2025-06-02 17:11:12.500,0.862306,2025-06-02 17:11:04.000,2025-06-02 17:12:04.000,eqt_earthquakes_th0_1/20250602T171104Z_20250602T171204Z/MSF_outputs/X_prediction_results.csv
KU6,HE,KU6,0,0.0,0.0,0.0,2025-06-02 17:11:15.860,0.480602,2025-06-02 17:11:22.560,0.719508,2025-06-02 17:11:10.000,2025-06-02 17:12:10.000,eqt_earthquakes_th0_1/20250602T171110Z_20250602T171210Z/KU6_outputs/X_prediction_results.csv
OLKF,FN,OLKF,0,0.0,0.0,0.0,2025-06-02 17:11:17.100,0.915939,2025-06-02 17:11:25.380,0.728151,2025-06-02 17:11:12.000,2025-06-02 17:12:12.000,eqt_earthquakes_th0_1/20250602T171112Z_20250602T171212Z/OLKF_outputs/X_prediction_results.csv
RANF,FN,RANF,0,0.0,0.0,0.0,2025-06-02 17:11:20.750,0.948264,2025-06-02 17:11:32.270,0.572346,2025-06-02 17:11:15.000,2025-06-02 17:12:15.000,eqt_earthquakes_th0_1/20250602T171115Z_20250602T171215Z/RANF_outputs/X_prediction_results.csv
OUL,FN,OUL,0,0.0,0.0,0.0,,,2025-06-02 17:11:47.070,0.308907,2025-06-02 17:11:24.000,2025-06-02 17:12:24.000,eqt_earthquakes_th0_1/20250602T171124Z_20250602T171224Z/OUL_outputs/X_prediction_results.csv
RNF,FN,RNF,0,0.0,0.0,0.0,2025-06-02 17:11:30.670,0.719812,2025-06-02 17:11:48.920,0.408806,2025-06-02 17:11:25.000,2025-06-02 17:12:25.000,eqt_earthquakes_th0_1/20250602T171125Z_20250602T171225Z/RNF_outputs/X_prediction_results.csv
VJF,HE,VJF,0,0.0,0.0,0.0,2025-06-03 10:07:35.816,0.778243,2025-06-03 10:07:39.056,0.811287,2025-06-03 10:07:30.000,2025-06-03 10:08:30.000,eqt_earthquakes_th0_1/20250603T100730Z_20250603T100830Z/VJF_outputs/X_prediction_results.csv
FIA0,HE,FIA0,0,0.0,0.0,0.0,2025-06-03 10:07:54.500,0.913029,2025-06-03 10:08:12.110,0.465833,2025-06-03 10:07:49.000,2025-06-03 10:08:49.000,eqt_earthquakes_th0_1/20250603T100749Z_20250603T100849Z/FIA0_outputs/X_prediction_results.csv
FIA1,HE,FIA1,0,0.0,0.0,0.0,2025-06-03 10:07:54.510,0.887833,2025-06-03 10:08:12.160,0.529838,2025-06-03 10:07:49.000,2025-06-03 10:08:49.000,eqt_earthquakes_th0_1/20250603T100749Z_20250603T100849Z/FIA1_outputs/X_prediction_results.csv
RUF,HE,RUF,0,0.0,0.0,0.0,2025-06-03 10:08:12.936,0.164184,2025-06-03 10:08:16.466,0.676727,2025-06-03 10:08:07.000,2025-06-03 10:09:07.000,eqt_earthquakes_th0_1/20250603T100807Z_20250603T100907Z/RUF_outputs/X_prediction_results.csv
RUF,HE,RUF,0,0.0,0.0,0.0,2025-06-03 10:08:13.636,0.37775,,,2025-06-03 10:08:07.000,2025-06-03 10:09:07.000,eqt_earthquakes_th0_1/20250603T100807Z_20250603T100907Z/RUF_outputs/X_prediction_results.csv
KAF,HE,KAF,0,0.0,0.0,0.0,,,2025-06-03 10:08:30.330,0.369193,2025-06-03 10:08:23.000,2025-06-03 10:09:23.000,eqt_earthquakes_th0_1/20250603T100823Z_20250603T100923Z/KAF_outputs/X_prediction_results.csv
KU6,HE,KU6,0,0.0,0.0,0.0,2025-06-03 11:18:35.440,0.956669,2025-06-03 11:18:38.430,0.865397,2025-06-03 11:18:30.000,2025-06-03 11:19:30.000,eqt_earthquakes_th0_1/20250603T111830Z_20250603T111930Z/KU6_outputs/X_prediction_results.csv
MSF,FN,MSF,0,0.0,0.0,0.0,2025-06-03 11:18:38.810,0.796215,2025-06-03 11:18:44.570,0.819861,2025-06-03 11:18:33.000,2025-06-03 11:19:33.000,eqt_earthquakes_th0_1/20250603T111833Z_20250603T111933Z/MSF_outputs/X_prediction_results.csv
OLKF,FN,OLKF,0,0.0,0.0,0.0,2025-06-03 11:18:40.050,0.942895,2025-06-03 11:18:46.420,0.532777,2025-06-03 11:18:35.000,2025-06-03 11:19:35.000,eqt_earthquakes_th0_1/20250603T111835Z_20250603T111935Z/OLKF_outputs/X_prediction_results.csv
KLF,FN,KLF,0,0.0,0.0,0.0,2025-06-04 06:45:11.110,0.927684,2025-06-04 06:45:18.000,0.704112,2025-06-04 06:45:06.000,2025-06-04 06:46:06.000,eqt_earthquakes_th0_1/20250604T064506Z_20250604T064606Z/KLF_outputs/X_prediction_results.csv
RNF,FN,RNF,0,0.0,0.0,0.0,2025-06-04 06:45:18.820,0.16372,2025-06-04 06:45:31.580,0.587026,2025-06-04 06:45:13.000,2025-06-04 06:46:13.000,eqt_earthquakes_th0_1/20250604T064513Z_20250604T064613Z/RNF_outputs/X_prediction_results.csv
KU6,HE,KU6,0,0.0,0.0,0.0,2025-06-05 03:02:40.950,0.951091,2025-06-05 03:02:44.840,0.846856,2025-06-05 03:02:35.000,2025-06-05 03:03:35.000,eqt_earthquakes_th0_1/20250605T030235Z_20250605T030335Z/KU6_outputs/X_prediction_results.csv
MSF,FN,MSF,0,0.0,0.0,0.0,2025-06-05 03:02:41.910,0.951882,2025-06-05 03:02:46.450,0.835954,2025-06-05 03:02:36.000,2025-06-05 03:03:36.000,eqt_earthquakes_th0_1/20250605T030236Z_20250605T030336Z/MSF_outputs/X_prediction_results.csv
OLKF,FN,OLKF,0,0.0,0.0,0.0,2025-06-05 03:02:43.850,0.948873,2025-06-05 03:02:49.850,0.751242,2025-06-05 03:02:38.000,2025-06-05 03:03:38.000,eqt_earthquakes_th0_1/20250605T030238Z_20250605T030338Z/OLKF_outputs/X_prediction_results.csv
RANF,FN,RANF,0,0.0,0.0,0.0,2025-06-05 03:02:56.260,0.949064,2025-06-05 03:03:10.890,0.581553,2025-06-05 03:02:51.000,2025-06-05 03:03:51.000,eqt_earthquakes_th0_1/20250605T030251Z_20250605T030351Z/RANF_outputs/X_prediction_results.csv
RNF,FN,RNF,0,0.0,0.0,0.0,2025-06-05 03:03:03.140,0.943874,2025-06-05 03:03:23.710,0.542887,2025-06-05 03:02:58.000,2025-06-05 03:03:58.000,eqt_earthquakes_th0_1/20250605T030258Z_20250605T030358Z/RNF_outputs/X_prediction_results.csv
OUL,FN,OUL,0,0.0,0.0,0.0,2025-06-05 03:03:05.900,0.950715,2025-06-05 03:03:28.530,0.269172,2025-06-05 03:03:00.000,2025-06-05 03:04:00.000,eqt_earthquakes_th0_1/20250605T030300Z_20250605T030400Z/OUL_outputs/X_prediction_results.csv
SGF,FN,SGF,0,0.0,0.0,0.0,2025-06-05 03:03:08.760,0.369754,2025-06-05 03:03:33.320,0.656872,2025-06-05 03:03:03.000,2025-06-05 03:04:03.000,eqt_earthquakes_th0_1/20250605T030303Z_20250605T030403Z/SGF_outputs/X_prediction_results.csv
RMF,HE,RMF,0,0.0,0.0,0.0,,,2025-06-05 03:03:26.718,0.673394,2025-06-05 03:03:21.000,2025-06-05 03:04:21.000,eqt_earthquakes_th0_1/20250605T030321Z_20250605T030421Z/RMF_outputs/X_prediction_results.csv
VRF,HE,VRF,0,0.0,0.0,0.0,,,2025-06-05 03:03:29.210,0.189824,2025-06-05 03:03:23.000,2025-06-05 03:04:23.000,eqt_earthquakes_th0_1/20250605T030323Z_20250605T030423Z/VRF_outputs/X_prediction_results.csv
RUF,HE,RUF,0,0.0,0.0,0.0,,,2025-06-07 19:15:53.106,0.187842,2025-06-07 19:15:41.000,2025-06-07 19:16:41.000,eqt_earthquakes_th0_1/20250607T191541Z_20250607T191641Z/RUF_outputs/X_prediction_results.csv
FIA0,HE,FIA0,0,0.0,0.0,0.0,2025-06-07 19:15:56.700,0.940047,2025-06-07 19:16:10.740,0.586922,2025-06-07 19:15:51.000,2025-06-07 19:16:51.000,eqt_earthquakes_th0_1/20250607T191551Z_20250607T191651Z/FIA0_outputs/X_prediction_results.csv
FIA1,HE,FIA1,0,0.0,0.0,0.0,2025-06-07 19:15:56.710,0.926423,2025-06-07 19:16:10.620,0.494357,2025-06-07 19:15:51.000,2025-06-07 19:16:51.000,eqt_earthquakes_th0_1/20250607T191551Z_20250607T191651Z/FIA1_outputs/X_prediction_results.csv
KAF,HE,KAF,0,0.0,0.0,0.0,2025-06-07 19:16:01.920,0.853285,2025-06-07 19:16:18.930,0.533982,2025-06-07 19:15:56.000,2025-06-07 19:16:56.000,eqt_earthquakes_th0_1/20250607T191556Z_20250607T191656Z/KAF_outputs/X_prediction_results.csv
SUF,HE,SUF,0,0.0,0.0,0.0,2025-06-07 19:16:11.330,0.127958,,,2025-06-07 19:16:06.000,2025-06-07 19:17:06.000,eqt_earthquakes_th0_1/20250607T191606Z_20250607T191706Z/SUF_outputs/X_prediction_results.csv
SUF,HE,SUF,0,0.0,0.0,0.0,2025-06-07 19:16:12.340,0.185505,,,2025-06-07 19:16:06.000,2025-06-07 19:17:06.000,eqt_earthquakes_th0_1/20250607T191606Z_20250607T191706Z/SUF_outputs/X_prediction_results.csv
TOF,HE,TOF,0,0.0,0.0,0.0,2025-06-08 04:27:01.060,0.949095,2025-06-08 04:27:12.940,0.535635,2025-06-08 04:26:56.000,2025-06-08 04:27:56.000,eqt_earthquakes_th0_1/20250608T042656Z_20250608T042756Z/TOF_outputs/X_prediction_results.csv
KLF,FN,KLF,0,0.0,0.0,0.0,2025-06-08 04:27:09.110,0.956446,2025-06-08 04:27:27.420,0.449463,2025-06-08 04:27:04.000,2025-06-08 04:28:04.000,eqt_earthquakes_th0_1/20250608T042704Z_20250608T042804Z/KLF_outputs/X_prediction_results.csv
OBF3,HE,OBF3,0,0.0,0.0,0.0,2025-06-08 04:27:13.630,0.828445,2025-06-08 04:27:35.850,0.438237,2025-06-08 04:27:08.000,2025-06-08 04:28:08.000,eqt_earthquakes_th0_1/20250608T042708Z_20250608T042808Z/OBF3_outputs/X_prediction_results.csv
RNF,FN,RNF,0,0.0,0.0,0.0,2025-06-08 04:27:14.410,0.504741,2025-06-08 04:27:35.790,0.441284,2025-06-08 04:27:09.000,2025-06-08 04:28:09.000,eqt_earthquakes_th0_1/20250608T042709Z_20250608T042809Z/RNF_outputs/X_prediction_results.csv
OBF0,HE,OBF0,0,0.0,0.0,0.0,,,2025-06-08 04:27:40.458,0.189988,2025-06-08 04:27:11.000,2025-06-08 04:28:11.000,eqt_earthquakes_th0_1/20250608T042711Z_20250608T042811Z/OBF0_outputs/X_prediction_results.csv
OUL,FN,OUL,0,0.0,0.0,0.0,2025-06-08 04:27:17.100,0.289033,2025-06-08 04:27:40.970,0.386122,2025-06-08 04:27:12.000,2025-06-08 04:28:12.000,eqt_earthquakes_th0_1/20250608T042712Z_20250608T042812Z/OUL_outputs/X_prediction_results.csv
RANF,FN,RANF,0,0.0,0.0,0.0,2025-06-08 04:27:18.150,0.450816,2025-06-08 04:27:42.350,0.164624,2025-06-08 04:27:13.000,2025-06-08 04:28:13.000,eqt_earthquakes_th0_1/20250608T042713Z_20250608T042813Z/RANF_outputs/X_prediction_results.csv
HEF,HE,HEF,0,0.0,0.0,0.0,2025-06-08 04:27:25.160,0.149971,,,2025-06-08 04:27:20.000,2025-06-08 04:28:20.000,eqt_earthquakes_th0_1/20250608T042720Z_20250608T042820Z/HEF_outputs/X_prediction_results.csv
HEF,HE,HEF,0,0.0,0.0,0.0,,,2025-06-08 04:28:00.420,0.428804,2025-06-08 04:27:20.000,2025-06-08 04:28:20.000,eqt_earthquakes_th0_1/20250608T042720Z_20250608T042820Z/HEF_outputs/X_prediction_results.csv
OBF8,HE,OBF8,0,0.0,0.0,0.0,,,2025-06-08 04:27:40.968,0.554201,2025-06-08 04:27:35.000,2025-06-08 04:28:35.000,eqt_earthquakes_th0_1/20250608T042735Z_20250608T042835Z/OBF8_outputs/X_prediction_results.csv
OLKF,FN,OLKF,0,0.0,0.0,0.0,2025-06-08 04:28:07.650,0.345297,2025-06-08 04:28:13.890,0.124474,2025-06-08 04:28:02.000,2025-06-08 04:29:02.000,eqt_earthquakes_th0_1/20250608T042802Z_20250608T042902Z/OLKF_outputs/X_prediction_results.csv
NIF,HE,NIF,0,0.0,0.0,0.0,2025-06-08 13:39:51.082,0.956277,2025-06-08 13:39:53.892,0.824033,2025-06-08 13:39:46.000,2025-06-08 13:40:46.000,eqt_earthquakes_th0_1/20250608T133946Z_20250608T134046Z/NIF_outputs/X_prediction_results.csv
SUF,HE,SUF,0,0.0,0.0,0.0,2025-06-08 13:40:07.844,0.917495,2025-06-08 13:40:22.164,0.634645,2025-06-08 13:40:02.000,2025-06-08 13:41:02.000,eqt_earthquakes_th0_1/20250608T134002Z_20250608T134102Z/SUF_outputs/X_prediction_results.csv
JOF,HE,JOF,0,0.0,0.0,0.0,2025-06-08 13:40:13.100,0.445597,2025-06-08 13:40:31.380,0.462824,2025-06-08 13:40:08.000,2025-06-08 13:41:08.000,eqt_earthquakes_th0_1/20250608T134008Z_20250608T134108Z/JOF_outputs/X_prediction_results.csv
KAF,HE,KAF,0,0.0,0.0,0.0,2025-06-08 13:40:15.490,0.193014,,,2025-06-08 13:40:09.000,2025-06-08 13:41:09.000,eqt_earthquakes_th0_1/20250608T134009Z_20250608T134109Z/KAF_outputs/X_prediction_results.csv
KAF,HE,KAF,0,0.0,0.0,0.0,2025-06-08 13:40:14.500,0.505789,2025-06-08 13:40:33.870,0.373089,2025-06-08 13:40:09.000,2025-06-08 13:41:09.000,eqt_earthquakes_th0_1/20250608T134009Z_20250608T134109Z/KAF_outputs/X_prediction_results.csv
ALAJF,HE,ALAJF,0,0.0,0.0,0.0,2025-06-08 13:40:20.788,0.44039,2025-06-08 13:40:45.508,0.274337,2025-06-08 13:40:15.000,2025-06-08 13:41:15.000,eqt_earthquakes_th0_1/20250608T134015Z_20250608T134115Z/ALAJF_outputs/X_prediction_results.csv
KEF,HE,KEF,0,0.0,0.0,0.0,,,2025-06-08 13:40:46.710,0.534098,2025-06-08 13:40:16.000,2025-06-08 13:41:16.000,eqt_earthquakes_th0_1/20250608T134016Z_20250608T134116Z/KEF_outputs/X_prediction_results.csv
OBF0,HE,OBF0,0,0.0,0.0,0.0,,,2025-06-08 13:40:51.892,0.390006,2025-06-08 13:40:45.000,2025-06-08 13:41:45.000,eqt_earthquakes_th0_1/20250608T134045Z_20250608T134145Z/OBF0_outputs/X_prediction_results.csv
FIA1,HE,FIA1,0,0.0,0.0,0.0,,,2025-06-08 13:40:53.010,0.179866,2025-06-08 13:40:46.000,2025-06-08 13:41:46.000,eqt_earthquakes_th0_1/20250608T134046Z_20250608T134146Z/FIA1_outputs/X_prediction_results.csv
FIA0,HE,FIA0,0,0.0,0.0,0.0,2025-06-08 13:41:30.860,0.113661,2025-06-08 13:41:33.950,0.23469,2025-06-08 13:40:47.000,2025-06-08 13:41:47.000,eqt_earthquakes_th0_1/20250608T134047Z_20250608T134147Z/FIA0_outputs/X_prediction_results.csv
FIA0,HE,FIA0,0,0.0,0.0,0.0,,,2025-06-08 13:40:52.980,0.585057,2025-06-08 13:40:47.000,2025-06-08 13:41:47.000,eqt_earthquakes_th0_1/20250608T134047Z_20250608T134147Z/FIA0_outputs/X_prediction_results.csv
TOF,HE,TOF,0,0.0,0.0,0.0,2025-06-09 02:39:11.520,0.469084,2025-06-09 02:39:20.560,0.411699,2025-06-09 02:39:06.000,2025-06-09 02:40:06.000,eqt_earthquakes_th0_1/20250609T023906Z_20250609T024006Z/TOF_outputs/X_prediction_results.csv
OBF3,HE,OBF3,0,0.0,0.0,0.0,2025-06-09 02:39:18.852,0.641073,2025-06-09 02:39:34.322,0.49393,2025-06-09 02:39:13.000,2025-06-09 02:40:13.000,eqt_earthquakes_th0_1/20250609T023913Z_20250609T024013Z/OBF3_outputs/X_prediction_results.csv
RANF,FN,RANF,0,0.0,0.0,0.0,2025-06-09 02:39:27.700,0.597283,2025-06-09 02:39:49.270,0.21367,2025-06-09 02:39:22.000,2025-06-09 02:40:22.000,eqt_earthquakes_th0_1/20250609T023922Z_20250609T024022Z/RANF_outputs/X_prediction_results.csv
RNF,FN,RNF,0,0.0,0.0,0.0,2025-06-09 02:39:47.360,0.461374,2025-06-09 02:39:49.610,0.132161,2025-06-09 02:39:22.000,2025-06-09 02:40:22.000,eqt_earthquakes_th0_1/20250609T023922Z_20250609T024022Z/RNF_outputs/X_prediction_results.csv
KLF,FN,KLF,0,0.0,0.0,0.0,2025-06-09 02:39:27.510,0.504715,2025-06-09 02:39:49.290,0.113927,2025-06-09 02:39:22.000,2025-06-09 02:40:22.000,eqt_earthquakes_th0_1/20250609T023922Z_20250609T024022Z/KLF_outputs/X_prediction_results.csv
KLF,FN,KLF,0,0.0,0.0,0.0,2025-06-10 03:16:34.200,0.954552,2025-06-10 03:16:44.400,0.39526,2025-06-10 03:16:29.000,2025-06-10 03:17:29.000,eqt_earthquakes_th0_1/20250610T031629Z_20250610T031729Z/KLF_outputs/X_prediction_results.csv
HEF,HE,HEF,0,0.0,0.0,0.0,2025-06-10 03:16:44.570,0.951919,2025-06-10 03:17:02.080,0.493727,2025-06-10 03:16:39.000,2025-06-10 03:17:39.000,eqt_earthquakes_th0_1/20250610T031639Z_20250610T031739Z/HEF_outputs/X_prediction_results.csv
TOF,HE,TOF,0,0.0,0.0,0.0,2025-06-10 03:16:47.130,0.95132,2025-06-10 03:17:05.890,0.614589,2025-06-10 03:16:42.000,2025-06-10 03:17:42.000,eqt_earthquakes_th0_1/20250610T031642Z_20250610T031742Z/TOF_outputs/X_prediction_results.csv
RNF,FN,RNF,0,0.0,0.0,0.0,2025-06-10 03:16:50.520,0.941176,2025-06-10 03:17:12.510,0.542377,2025-06-10 03:16:45.000,2025-06-10 03:17:45.000,eqt_earthquakes_th0_1/20250610T031645Z_20250610T031745Z/RNF_outputs/X_prediction_results.csv
SGF,FN,SGF,0,0.0,0.0,0.0,2025-06-10 03:16:51.650,0.957619,2025-06-10 03:17:14.320,0.360909,2025-06-10 03:16:46.000,2025-06-10 03:17:46.000,eqt_earthquakes_th0_1/20250610T031646Z_20250610T031746Z/SGF_outputs/X_prediction_results.csv
KIF,HE,KIF,0,0.0,0.0,0.0,2025-06-10 03:16:53.700,0.957311,2025-06-10 03:17:18.200,0.4327,2025-06-10 03:16:48.000,2025-06-10 03:17:48.000,eqt_earthquakes_th0_1/20250610T031648Z_20250610T031748Z/KIF_outputs/X_prediction_results.csv
RANF,FN,RANF,0,0.0,0.0,0.0,2025-06-10 03:16:58.560,0.758167,2025-06-10 03:17:28.240,0.227775,2025-06-10 03:16:53.000,2025-06-10 03:17:53.000,eqt_earthquakes_th0_1/20250610T031653Z_20250610T031753Z/RANF_outputs/X_prediction_results.csv
RANF,FN,RANF,0,0.0,0.0,0.0,2025-06-10 03:16:59.550,0.213252,,,2025-06-10 03:16:53.000,2025-06-10 03:17:53.000,eqt_earthquakes_th0_1/20250610T031653Z_20250610T031753Z/RANF_outputs/X_prediction_results.csv
OBF3,HE,OBF3,0,0.0,0.0,0.0,,,2025-06-10 03:17:41.466,0.59545,2025-06-10 03:17:30.000,2025-06-10 03:18:30.000,eqt_earthquakes_th0_1/20250610T031730Z_20250610T031830Z/OBF3_outputs/X_prediction_results.csv
OUL,FN,OUL,0,0.0,0.0,0.0,,,2025-06-10 03:17:41.300,0.165457,2025-06-10 03:17:34.000,2025-06-10 03:18:34.000,eqt_earthquakes_th0_1/20250610T031734Z_20250610T031834Z/OUL_outputs/X_prediction_results.csv
RUF,HE,RUF,0,0.0,0.0,0.0,2025-06-13 14:37:57.060,0.816559,2025-06-13 14:38:02.720,0.66684,2025-06-13 14:37:52.000,2025-06-13 14:38:52.000,eqt_earthquakes_th0_1/20250613T143752Z_20250613T143852Z/RUF_outputs/X_prediction_results.csv
VJF,HE,VJF,0,0.0,0.0,0.0,2025-06-13 14:38:18.252,0.114769,,,2025-06-13 14:38:11.000,2025-06-13 14:39:11.000,eqt_earthquakes_th0_1/20250613T143811Z_20250613T143911Z/VJF_outputs/X_prediction_results.csv
KAF,HE,KAF,0,0.0,0.0,0.0,2025-06-13 14:38:20.540,0.942421,2025-06-13 14:38:42.830,0.277735,2025-06-13 14:38:15.000,2025-06-13 14:39:15.000,eqt_earthquakes_th0_1/20250613T143815Z_20250613T143915Z/KAF_outputs/X_prediction_results.csv
FIA0,HE,FIA0,0,0.0,0.0,0.0,2025-06-13 14:38:21.260,0.733552,2025-06-13 14:38:44.330,0.104494,2025-06-13 14:38:16.000,2025-06-13 14:39:16.000,eqt_earthquakes_th0_1/20250613T143816Z_20250613T143916Z/FIA0_outputs/X_prediction_results.csv
FIA0,HE,FIA0,0,0.0,0.0,0.0,2025-06-13 14:38:22.260,0.109327,,,2025-06-13 14:38:16.000,2025-06-13 14:39:16.000,eqt_earthquakes_th0_1/20250613T143816Z_20250613T143916Z/FIA0_outputs/X_prediction_results.csv
FIA1,HE,FIA1,0,0.0,0.0,0.0,2025-06-13 14:38:21.250,0.180318,,,2025-06-13 14:38:16.000,2025-06-13 14:39:16.000,eqt_earthquakes_th0_1/20250613T143816Z_20250613T143916Z/FIA1_outputs/X_prediction_results.csv
SUF,HE,SUF,0,0.0,0.0,0.0,2025-06-13 14:38:25.770,0.870412,2025-06-13 14:38:54.730,0.165116,2025-06-13 14:38:20.000,2025-06-13 14:39:20.000,eqt_earthquakes_th0_1/20250613T143820Z_20250613T143920Z/SUF_outputs/X_prediction_results.csv
KEF,HE,KEF,0,0.0,0.0,0.0,,,2025-06-13 14:39:02.910,0.57621,2025-06-13 14:38:56.000,2025-06-13 14:39:56.000,eqt_earthquakes_th0_1/20250613T143856Z_20250613T143956Z/KEF_outputs/X_prediction_results.csv
KPF,HE,KPF,0,0.0,0.0,0.0,2025-06-15 21:37:55.070,0.902836,2025-06-15 21:38:22.180,0.365891,2025-06-15 21:37:50.000,2025-06-15 21:38:50.000,eqt_earthquakes_th0_1/20250615T213750Z_20250615T213850Z/KPF_outputs/X_prediction_results.csv
VAF,HE,VAF,0,0.0,0.0,0.0,2025-06-15 21:37:56.050,0.870835,2025-06-15 21:38:25.600,0.491116,2025-06-15 21:37:51.000,2025-06-15 21:38:51.000,eqt_earthquakes_th0_1/20250615T213751Z_20250615T213851Z/VAF_outputs/X_prediction_results.csv
OBF8,HE,OBF8,0,0.0,0.0,0.0,2025-06-18 03:28:42.724,0.881112,2025-06-18 03:28:57.344,0.452396,2025-06-18 03:28:37.000,2025-06-18 03:29:37.000,eqt_earthquakes_th0_1/20250618T032837Z_20250618T032937Z/OBF8_outputs/X_prediction_results.csv
OBF8,HE,OBF8,0,0.0,0.0,0.0,2025-06-18 03:28:43.744,0.131841,,,2025-06-18 03:28:37.000,2025-06-18 03:29:37.000,eqt_earthquakes_th0_1/20250618T032837Z_20250618T032937Z/OBF8_outputs/X_prediction_results.csv
OBF0,HE,OBF0,0,0.0,0.0,0.0,2025-06-18 03:28:46.860,0.412017,2025-06-18 03:29:05.020,0.634107,2025-06-18 03:28:41.000,2025-06-18 03:29:41.000,eqt_earthquakes_th0_1/20250618T032841Z_20250618T032941Z/OBF0_outputs/X_prediction_results.csv
ALAJF,HE,ALAJF,0,0.0,0.0,0.0,,,2025-06-18 03:29:27.284,0.618621,2025-06-18 03:29:19.000,2025-06-18 03:30:19.000,eqt_earthquakes_th0_1/20250618T032919Z_20250618T033019Z/ALAJF_outputs/X_prediction_results.csv
AAL,UP,AAL,0,0.0,0.0,0.0,2025-06-18 16:35:58.030,0.936126,2025-06-18 16:36:24.400,0.492359,2025-06-18 16:35:53.000,2025-06-18 16:36:53.000,eqt_earthquakes_th0_1/20250618T163553Z_20250618T163653Z/AAL_outputs/X_prediction_results.csv
RAF,HE,RAF,0,0.0,0.0,0.0,2025-06-18 16:36:02.140,0.892079,2025-06-18 16:36:32.110,0.309398,2025-06-18 16:35:57.000,2025-06-18 16:36:57.000,eqt_earthquakes_th0_1/20250618T163557Z_20250618T163657Z/RAF_outputs/X_prediction_results.csv
KPF,HE,KPF,0,0.0,0.0,0.0,2025-06-18 16:36:02.536,0.885471,,,2025-06-18 16:35:57.000,2025-06-18 16:36:57.000,eqt_earthquakes_th0_1/20250618T163557Z_20250618T163657Z/KPF_outputs/X_prediction_results.csv
KPF,HE,KPF,0,0.0,0.0,0.0,,,2025-06-18 16:36:32.816,0.446184,2025-06-18 16:35:57.000,2025-06-18 16:36:57.000,eqt_earthquakes_th0_1/20250618T163557Z_20250618T163657Z/KPF_outputs/X_prediction_results.csv
KIF,HE,KIF,0,0.0,0.0,0.0,2025-06-21 04:21:59.070,0.799707,2025-06-21 04:22:10.210,0.684945,2025-06-21 04:21:54.000,2025-06-21 04:22:54.000,eqt_earthquakes_th0_1/20250621T042154Z_20250621T042254Z/KIF_outputs/X_prediction_results.csv
HEF,HE,HEF,0,0.0,0.0,0.0,2025-06-21 04:22:06.740,0.148852,2025-06-21 04:22:23.230,0.425346,2025-06-21 04:22:01.000,2025-06-21 04:23:01.000,eqt_earthquakes_th0_1/20250621T042201Z_20250621T042301Z/HEF_outputs/X_prediction_results.csv
TOF,HE,TOF,0,0.0,0.0,0.0,2025-06-21 16:41:07.550,0.942519,2025-06-21 16:41:14.420,0.44897,2025-06-21 16:41:02.000,2025-06-21 16:42:02.000,eqt_earthquakes_th0_1/20250621T164102Z_20250621T164202Z/TOF_outputs/X_prediction_results.csv
OUL,FN,OUL,0,0.0,0.0,0.0,2025-06-21 16:41:10.430,0.94572,2025-06-21 16:41:19.360,0.693865,2025-06-21 16:41:05.000,2025-06-21 16:42:05.000,eqt_earthquakes_th0_1/20250621T164105Z_20250621T164205Z/OUL_outputs/X_prediction_results.csv
OBF3,HE,OBF3,0,0.0,0.0,0.0,2025-06-21 16:41:11.356,0.911171,2025-06-21 16:41:20.996,0.532344,2025-06-21 16:41:06.000,2025-06-21 16:42:06.000,eqt_earthquakes_th0_1/20250621T164106Z_20250621T164206Z/OBF3_outputs/X_prediction_results.csv
KLF,FN,KLF,0,0.0,0.0,0.0,2025-06-21 16:41:28.860,0.277064,2025-06-21 16:41:50.720,0.31994,2025-06-21 16:41:21.000,2025-06-21 16:42:21.000,eqt_earthquakes_th0_1/20250621T164121Z_20250621T164221Z/KLF_outputs/X_prediction_results.csv
KLF,FN,KLF,0,0.0,0.0,0.0,2025-06-21 16:41:29.860,0.252351,,,2025-06-21 16:41:21.000,2025-06-21 16:42:21.000,eqt_earthquakes_th0_1/20250621T164121Z_20250621T164221Z/KLF_outputs/X_prediction_results.csv
KU6,HE,KU6,0,0.0,0.0,0.0,,,2025-06-21 16:42:06.150,0.403017,2025-06-21 16:41:59.000,2025-06-21 16:42:59.000,eqt_earthquakes_th0_1/20250621T164159Z_20250621T164259Z/KU6_outputs/X_prediction_results.csv
OBF0,HE,OBF0,0,0.0,0.0,0.0,2025-06-21 18:04:15.120,0.925192,2025-06-21 18:04:31.440,0.698278,2025-06-21 18:04:10.000,2025-06-21 18:05:10.000,eqt_earthquakes_th0_1/20250621T180410Z_20250621T180510Z/OBF0_outputs/X_prediction_results.csv
OBF3,HE,OBF3,0,0.0,0.0,0.0,2025-06-21 18:04:18.702,0.107594,2025-06-21 18:04:37.462,0.257966,2025-06-21 18:04:13.000,2025-06-21 18:05:13.000,eqt_earthquakes_th0_1/20250621T180413Z_20250621T180513Z/OBF3_outputs/X_prediction_results.csv
VAF,HE,VAF,0,0.0,0.0,0.0,2025-06-21 18:04:23.570,0.94913,2025-06-21 18:04:46.200,0.666029,2025-06-21 18:04:18.000,2025-06-21 18:05:18.000,eqt_earthquakes_th0_1/20250621T180418Z_20250621T180518Z/VAF_outputs/X_prediction_results.csv
TOF,HE,TOF,0,0.0,0.0,0.0,2025-06-21 18:04:25.420,0.128421,2025-06-21 18:04:50.250,0.3843,2025-06-21 18:04:20.000,2025-06-21 18:05:20.000,eqt_earthquakes_th0_1/20250621T180420Z_20250621T180520Z/TOF_outputs/X_prediction_results.csv
OUL,FN,OUL,0,0.0,0.0,0.0,,,2025-06-21 18:04:53.390,0.212814,2025-06-21 18:04:21.000,2025-06-21 18:05:21.000,eqt_earthquakes_th0_1/20250621T180421Z_20250621T180521Z/OUL_outputs/X_prediction_results.csv
ALAJF,HE,ALAJF,0,0.0,0.0,0.0,,,2025-06-21 18:04:52.770,0.748912,2025-06-21 18:04:46.000,2025-06-21 18:05:46.000,eqt_earthquakes_th0_1/20250621T180446Z_20250621T180546Z/ALAJF_outputs/X_prediction_results.csv
SUF,HE,SUF,0,0.0,0.0,0.0,2025-06-21 18:05:14.610,0.123893,,,2025-06-21 18:05:09.000,2025-06-21 18:06:09.000,eqt_earthquakes_th0_1/20250621T180509Z_20250621T180609Z/SUF_outputs/X_prediction_results.csv
OBF8,HE,OBF8,0,0.0,0.0,0.0,2025-06-22 03:55:58.254,0.953247,2025-06-22 03:56:14.144,0.254558,2025-06-22 03:55:53.000,2025-06-22 03:56:53.000,eqt_earthquakes_th0_1/20250622T035553Z_20250622T035653Z/OBF8_outputs/X_prediction_results.csv
OBF0,HE,OBF0,0,0.0,0.0,0.0,2025-06-22 03:56:03.902,0.42677,2025-06-22 03:56:23.912,0.168825,2025-06-22 03:55:58.000,2025-06-22 03:56:58.000,eqt_earthquakes_th0_1/20250622T035558Z_20250622T035658Z/OBF0_outputs/X_prediction_results.csv
VAF,HE,VAF,0,0.0,0.0,0.0,2025-06-22 03:56:05.370,0.943441,2025-06-22 03:56:26.120,0.368895,2025-06-22 03:56:00.000,2025-06-22 03:57:00.000,eqt_earthquakes_th0_1/20250622T035600Z_20250622T035700Z/VAF_outputs/X_prediction_results.csv
OBF3,HE,OBF3,0,0.0,0.0,0.0,,,2025-06-22 03:56:30.776,0.414146,2025-06-22 03:56:02.000,2025-06-22 03:57:02.000,eqt_earthquakes_th0_1/20250622T035602Z_20250622T035702Z/OBF3_outputs/X_prediction_results.csv
ALAJF,HE,ALAJF,0,0.0,0.0,0.0,,,2025-06-22 03:56:35.036,0.149091,2025-06-22 03:56:29.000,2025-06-22 03:57:29.000,eqt_earthquakes_th0_1/20250622T035629Z_20250622T035729Z/ALAJF_outputs/X_prediction_results.csv
TOF,HE,TOF,0,0.0,0.0,0.0,,,2025-06-22 03:56:45.160,0.186816,2025-06-22 03:56:39.000,2025-06-22 03:57:39.000,eqt_earthquakes_th0_1/20250622T035639Z_20250622T035739Z/TOF_outputs/X_prediction_results.csv
OLKF,FN,OLKF,0,0.0,0.0,0.0,2025-06-22 11:21:11.500,0.939703,2025-06-22 11:21:23.670,0.62945,2025-06-22 11:21:06.000,2025-06-22 11:22:06.000,eqt_earthquakes_th0_1/20250622T112106Z_20250622T112206Z/OLKF_outputs/X_prediction_results.csv
VRF,HE,VRF,0,0.0,0.0,0.0,2025-06-22 11:21:12.260,0.161498,2025-06-22 11:21:24.570,0.337732,2025-06-22 11:21:07.000,2025-06-22 11:22:07.000,eqt_earthquakes_th0_1/20250622T112107Z_20250622T112207Z/VRF_outputs/X_prediction_results.csv
KU6,HE,KU6,0,0.0,0.0,0.0,2025-06-22 11:21:13.510,0.935259,2025-06-22 11:21:27.260,0.719266,2025-06-22 11:21:08.000,2025-06-22 11:22:08.000,eqt_earthquakes_th0_1/20250622T112108Z_20250622T112208Z/KU6_outputs/X_prediction_results.csv
SGF,FN,SGF,0,0.0,0.0,0.0,2025-06-22 11:21:26.680,0.497858,2025-06-22 11:21:50.900,0.554623,2025-06-22 11:21:21.000,2025-06-22 11:22:21.000,eqt_earthquakes_th0_1/20250622T112121Z_20250622T112221Z/SGF_outputs/X_prediction_results.csv
OBF8,HE,OBF8,0,0.0,0.0,0.0,2025-06-24 20:33:11.264,0.923042,2025-06-24 20:33:24.764,0.60648,2025-06-24 20:33:06.000,2025-06-24 20:34:06.000,eqt_earthquakes_th0_1/20250624T203306Z_20250624T203406Z/OBF8_outputs/X_prediction_results.csv
OBF0,HE,OBF0,0,0.0,0.0,0.0,2025-06-24 20:33:11.952,0.94767,2025-06-24 20:33:25.842,0.581841,2025-06-24 20:33:06.000,2025-06-24 20:34:06.000,eqt_earthquakes_th0_1/20250624T203306Z_20250624T203406Z/OBF0_outputs/X_prediction_results.csv
OBF3,HE,OBF3,0,0.0,0.0,0.0,2025-06-24 20:33:11.316,0.944577,2025-06-24 20:33:25.566,0.287211,2025-06-24 20:33:06.000,2025-06-24 20:34:06.000,eqt_earthquakes_th0_1/20250624T203306Z_20250624T203406Z/OBF3_outputs/X_prediction_results.csv
TOF,HE,TOF,0,0.0,0.0,0.0,2025-06-24 20:33:13.040,0.950722,2025-06-24 20:33:27.480,0.546947,2025-06-24 20:33:08.000,2025-06-24 20:34:08.000,eqt_earthquakes_th0_1/20250624T203308Z_20250624T203408Z/TOF_outputs/X_prediction_results.csv
OUL,FN,OUL,0,0.0,0.0,0.0,2025-06-24 20:33:18.530,0.933353,2025-06-24 20:33:37.570,0.237442,2025-06-24 20:33:13.000,2025-06-24 20:34:13.000,eqt_earthquakes_th0_1/20250624T203313Z_20250624T203413Z/OUL_outputs/X_prediction_results.csv
KLF,FN,KLF,0,0.0,0.0,0.0,2025-06-24 20:33:28.900,0.956061,2025-06-24 20:33:57.830,0.407446,2025-06-24 20:33:23.000,2025-06-24 20:34:23.000,eqt_earthquakes_th0_1/20250624T203323Z_20250624T203423Z/KLF_outputs/X_prediction_results.csv
ALAJF,HE,ALAJF,0,0.0,0.0,0.0,,,2025-06-24 20:34:00.934,0.242846,2025-06-24 20:33:26.000,2025-06-24 20:34:26.000,eqt_earthquakes_th0_1/20250624T203326Z_20250624T203426Z/ALAJF_outputs/X_prediction_results.csv
VAF,HE,VAF,0,0.0,0.0,0.0,,,2025-06-24 20:34:00.550,0.599202,2025-06-24 20:33:54.000,2025-06-24 20:34:54.000,eqt_earthquakes_th0_1/20250624T203354Z_20250624T203454Z/VAF_outputs/X_prediction_results.csv
VAF,HE,VAF,0,0.0,0.0,0.0,2025-06-28 15:41:48.020,0.949338,2025-06-28 15:42:00.830,0.641715,2025-06-28 15:41:43.000,2025-06-28 15:42:43.000,eqt_earthquakes_th0_1/20250628T154143Z_20250628T154243Z/VAF_outputs/X_prediction_results.csv
OBF8,HE,OBF8,0,0.0,0.0,0.0,2025-06-28 15:41:51.860,0.556179,2025-06-28 15:42:08.170,0.421747,2025-06-28 15:41:46.000,2025-06-28 15:42:46.000,eqt_earthquakes_th0_1/20250628T154146Z_20250628T154246Z/OBF8_outputs/X_prediction_results.csv
ALAJF,HE,ALAJF,0,0.0,0.0,0.0,2025-06-28 15:41:56.482,0.939971,2025-06-28 15:42:15.702,0.381521,2025-06-28 15:41:51.000,2025-06-28 15:42:51.000,eqt_earthquakes_th0_1/20250628T154151Z_20250628T154251Z/ALAJF_outputs/X_prediction_results.csv
OBF0,HE,OBF0,0,0.0,0.0,0.0,2025-06-28 15:41:58.318,0.670343,2025-06-28 15:42:19.458,0.540775,2025-06-28 15:41:53.000,2025-06-28 15:42:53.000,eqt_earthquakes_th0_1/20250628T154153Z_20250628T154253Z/OBF0_outputs/X_prediction_results.csv
OBF3,HE,OBF3,0,0.0,0.0,0.0,2025-06-28 15:42:03.562,0.486483,2025-06-28 15:42:30.402,0.199305,2025-06-28 15:41:58.000,2025-06-28 15:42:58.000,eqt_earthquakes_th0_1/20250628T154158Z_20250628T154258Z/OBF3_outputs/X_prediction_results.csv
KPF,HE,KPF,0,0.0,0.0,0.0,2025-06-28 15:42:04.208,0.921497,2025-06-28 15:42:29.028,0.410724,2025-06-28 15:41:59.000,2025-06-28 15:42:59.000,eqt_earthquakes_th0_1/20250628T154159Z_20250628T154259Z/KPF_outputs/X_prediction_results.csv
KEF,HE,KEF,0,0.0,0.0,0.0,2025-06-28 15:42:10.520,0.9166,,,2025-06-28 15:42:05.000,2025-06-28 15:43:05.000,eqt_earthquakes_th0_1/20250628T154205Z_20250628T154305Z/KEF_outputs/X_prediction_results.csv
KEF,HE,KEF,0,0.0,0.0,0.0,,,2025-06-28 15:42:40.980,0.329379,2025-06-28 15:42:05.000,2025-06-28 15:43:05.000,eqt_earthquakes_th0_1/20250628T154205Z_20250628T154305Z/KEF_outputs/X_prediction_results.csv
RAF,HE,RAF,0,0.0,0.0,0.0,2025-06-28 15:42:16.720,0.209153,,,2025-06-28 15:42:11.000,2025-06-28 15:43:11.000,eqt_earthquakes_th0_1/20250628T154211Z_20250628T154311Z/RAF_outputs/X_prediction_results.csv
RAF,HE,RAF,0,0.0,0.0,0.0,,,2025-06-28 15:42:51.940,0.221908,2025-06-28 15:42:11.000,2025-06-28 15:43:11.000,eqt_earthquakes_th0_1/20250628T154211Z_20250628T154311Z/RAF_outputs/X_prediction_results.csv
FIA0,HE,FIA0,0,0.0,0.0,0.0,2025-06-29 20:15:32.260,0.936678,2025-06-29 20:15:37.010,0.812058,2025-06-29 20:15:27.000,2025-06-29 20:16:27.000,eqt_earthquakes_th0_1/20250629T201527Z_20250629T201627Z/FIA0_outputs/X_prediction_results.csv
FIA1,HE,FIA1,0,0.0,0.0,0.0,2025-06-29 20:15:32.260,0.932695,2025-06-29 20:15:37.060,0.785636,2025-06-29 20:15:27.000,2025-06-29 20:16:27.000,eqt_earthquakes_th0_1/20250629T201527Z_20250629T201627Z/FIA1_outputs/X_prediction_results.csv
VJF,HE,VJF,0,0.0,0.0,0.0,2025-06-29 20:15:39.998,0.929932,2025-06-29 20:15:51.158,0.645318,2025-06-29 20:15:34.000,2025-06-29 20:16:34.000,eqt_earthquakes_th0_1/20250629T201534Z_20250629T201634Z/VJF_outputs/X_prediction_results.csv
KAF,HE,KAF,0,0.0,0.0,0.0,2025-06-29 20:15:43.620,0.936684,2025-06-29 20:15:56.800,0.468624,2025-06-29 20:15:38.000,2025-06-29 20:16:38.000,eqt_earthquakes_th0_1/20250629T201538Z_20250629T201638Z/KAF_outputs/X_prediction_results.csv
NUR,HE,NUR,0,0.0,0.0,0.0,2025-06-29 20:15:45.926,0.389326,2025-06-29 20:16:07.026,0.452798,2025-06-29 20:15:40.000,2025-06-29 20:16:40.000,eqt_earthquakes_th0_1/20250629T201540Z_20250629T201640Z/NUR_outputs/X_prediction_results.csv
KEF,HE,KEF,0,0.0,0.0,0.0,2025-06-29 20:15:49.300,0.944194,2025-06-29 20:16:06.640,0.447626,2025-06-29 20:15:44.000,2025-06-29 20:16:44.000,eqt_earthquakes_th0_1/20250629T201544Z_20250629T201644Z/KEF_outputs/X_prediction_results.csv
KUNI,HE,KUNI,0,0.0,0.0,0.0,,,2025-06-29 20:16:07.412,0.680181,2025-06-29 20:15:56.000,2025-06-29 20:16:56.000,eqt_earthquakes_th0_1/20250629T201556Z_20250629T201656Z/KUNI_outputs/X_prediction_results.csv
RUF,HE,RUF,0,0.0,0.0,0.0,2025-06-29 20:16:03.928,0.267615,2025-06-29 20:16:08.048,0.410415,2025-06-29 20:15:57.000,2025-06-29 20:16:57.000,eqt_earthquakes_th0_1/20250629T201557Z_20250629T201657Z/RUF_outputs/X_prediction_results.csv
HEL1,HE,HEL1,0,0.0,0.0,0.0,,,2025-06-29 20:16:09.410,0.696611,2025-06-29 20:15:59.000,2025-06-29 20:16:59.000,eqt_earthquakes_th0_1/20250629T201559Z_20250629T201659Z/HEL1_outputs/X_prediction_results.csv
HEL5,HE,HEL5,0,0.0,0.0,0.0,2025-06-29 20:16:07.312,0.141908,2025-06-29 20:16:11.732,0.411663,2025-06-29 20:16:02.000,2025-06-29 20:17:02.000,eqt_earthquakes_th0_1/20250629T201602Z_20250629T201702Z/HEL5_outputs/X_prediction_results.csv
SUF,HE,SUF,0,0.0,0.0,0.0,,,2025-06-29 20:16:15.316,0.257423,2025-06-29 20:16:09.000,2025-06-29 20:17:09.000,eqt_earthquakes_th0_1/20250629T201609Z_20250629T201709Z/SUF_outputs/X_prediction_results.csv
KPF,HE,KPF,0,0.0,0.0,0.0,,,2025-06-29 20:16:34.578,0.410781,2025-06-29 20:16:26.000,2025-06-29 20:17:26.000,eqt_earthquakes_th0_1/20250629T201626Z_20250629T201726Z/KPF_outputs/X_prediction_results.csv
OBF8,HE,OBF8,0,0.0,0.0,0.0,2025-06-29 23:33:07.122,0.564915,2025-06-29 23:33:27.662,0.418244,2025-06-29 23:33:02.000,2025-06-29 23:34:02.000,eqt_earthquakes_th0_1/20250629T233302Z_20250629T233402Z/OBF8_outputs/X_prediction_results.csv
OBF0,HE,OBF0,0,0.0,0.0,0.0,2025-06-29 23:33:11.162,0.718771,2025-06-29 23:33:35.352,0.573373,2025-06-29 23:33:06.000,2025-06-29 23:34:06.000,eqt_earthquakes_th0_1/20250629T233306Z_20250629T233406Z/OBF0_outputs/X_prediction_results.csv
OBF3,HE,OBF3,0,0.0,0.0,0.0,2025-06-29 23:33:13.418,0.18066,2025-06-29 23:33:39.788,0.265237,2025-06-29 23:33:08.000,2025-06-29 23:34:08.000,eqt_earthquakes_th0_1/20250629T233308Z_20250629T233408Z/OBF3_outputs/X_prediction_results.csv
TOF,HE,TOF,0,0.0,0.0,0.0,2025-06-29 23:33:14.690,0.278953,2025-06-29 23:33:43.440,0.530851,2025-06-29 23:33:09.000,2025-06-29 23:34:09.000,eqt_earthquakes_th0_1/20250629T233309Z_20250629T233409Z/TOF_outputs/X_prediction_results.csv
TOF,HE,TOF,0,0.0,0.0,0.0,2025-06-29 23:33:15.680,0.627337,,,2025-06-29 23:33:09.000,2025-06-29 23:34:09.000,eqt_earthquakes_th0_1/20250629T233309Z_20250629T233409Z/TOF_outputs/X_prediction_results.csv
VAF,HE,VAF,0,0.0,0.0,0.0,2025-06-29 23:33:17.510,0.877016,2025-06-29 23:33:45.560,0.314911,2025-06-29 23:33:12.000,2025-06-29 23:34:12.000,eqt_earthquakes_th0_1/20250629T233312Z_20250629T233412Z/VAF_outputs/X_prediction_results.csv
KPF,HE,KPF,0,0.0,0.0,0.0,2025-06-30 00:59:00.276,0.315755,2025-06-30 00:59:27.766,0.511305,2025-06-30 00:58:55.000,2025-06-30 00:59:55.000,eqt_earthquakes_th0_1/20250630T005855Z_20250630T005955Z/KPF_outputs/X_prediction_results.csv
KU6,HE,KU6,0,0.0,0.0,0.0,2025-06-30 06:29:27.530,0.94999,2025-06-30 06:29:46.700,0.180976,2025-06-30 06:29:22.000,2025-06-30 06:30:22.000,eqt_earthquakes_th0_1/20250630T062922Z_20250630T063022Z/KU6_outputs/X_prediction_results.csv
OLKF,FN,OLKF,0,0.0,0.0,0.0,2025-06-30 06:29:30.200,0.956107,2025-06-30 06:29:52.490,0.269834,2025-06-30 06:29:25.000,2025-06-30 06:30:25.000,eqt_earthquakes_th0_1/20250630T062925Z_20250630T063025Z/OLKF_outputs/X_prediction_results.csv
MSF,FN,MSF,0,0.0,0.0,0.0,2025-06-30 06:29:33.630,0.617133,2025-06-30 06:29:58.470,0.509829,2025-06-30 06:29:28.000,2025-06-30 06:30:28.000,eqt_earthquakes_th0_1/20250630T062928Z_20250630T063028Z/MSF_outputs/X_prediction_results.csv
VRF,HE,VRF,0,0.0,0.0,0.0,2025-06-30 06:29:36.560,0.895317,2025-06-30 06:30:04.050,0.36862,2025-06-30 06:29:31.000,2025-06-30 06:30:31.000,eqt_earthquakes_th0_1/20250630T062931Z_20250630T063031Z/VRF_outputs/X_prediction_results.csv
RANF,FN,RANF,0,0.0,0.0,0.0,2025-06-30 06:29:46.200,0.36658,,,2025-06-30 06:29:41.000,2025-06-30 06:30:41.000,eqt_earthquakes_th0_1/20250630T062941Z_20250630T063041Z/RANF_outputs/X_prediction_results.csv
RANF,FN,RANF,0,0.0,0.0,0.0,2025-06-30 06:29:47.210,0.142873,,,2025-06-30 06:29:41.000,2025-06-30 06:30:41.000,eqt_earthquakes_th0_1/20250630T062941Z_20250630T063041Z/RANF_outputs/X_prediction_results.csv
RANF,FN,RANF,0,0.0,0.0,0.0,,,2025-06-30 06:30:27.510,0.342136,2025-06-30 06:29:41.000,2025-06-30 06:30:41.000,eqt_earthquakes_th0_1/20250630T062941Z_20250630T063041Z/RANF_outputs/X_prediction_results.csv
OUL,FN,OUL,0,0.0,0.0,0.0,,,2025-06-30 06:30:01.010,0.117327,2025-06-30 06:29:50.000,2025-06-30 06:30:50.000,eqt_earthquakes_th0_1/20250630T062950Z_20250630T063050Z/OUL_outputs/X_prediction_results.csv
FIA0,HE,FIA0,0,0.0,0.0,0.0,2025-07-01 21:24:05.890,0.94642,2025-07-01 21:24:15.560,0.605467,2025-07-01 21:24:00.000,2025-07-01 21:25:00.000,eqt_earthquakes_th0_1/20250701T212400Z_20250701T212500Z/FIA0_outputs/X_prediction_results.csv
FIA1,HE,FIA1,0,0.0,0.0,0.0,2025-07-01 21:24:05.950,0.937863,2025-07-01 21:24:15.590,0.617236,2025-07-01 21:24:00.000,2025-07-01 21:25:00.000,eqt_earthquakes_th0_1/20250701T212400Z_20250701T212500Z/FIA1_outputs/X_prediction_results.csv
VJF,HE,VJF,0,0.0,0.0,0.0,2025-07-01 21:24:06.902,0.951298,2025-07-01 21:24:17.342,0.47981,2025-07-01 21:24:01.000,2025-07-01 21:25:01.000,eqt_earthquakes_th0_1/20250701T212401Z_20250701T212501Z/VJF_outputs/X_prediction_results.csv
KAF,HE,KAF,0,0.0,0.0,0.0,2025-07-01 21:24:18.920,0.41477,,,2025-07-01 21:24:12.000,2025-07-01 21:25:12.000,eqt_earthquakes_th0_1/20250701T212412Z_20250701T212512Z/KAF_outputs/X_prediction_results.csv
KAF,HE,KAF,0,0.0,0.0,0.0,2025-07-01 21:24:17.930,0.717583,2025-07-01 21:24:36.230,0.627382,2025-07-01 21:24:12.000,2025-07-01 21:25:12.000,eqt_earthquakes_th0_1/20250701T212412Z_20250701T212512Z/KAF_outputs/X_prediction_results.csv
KEF,HE,KEF,0,0.0,0.0,0.0,2025-07-01 21:24:21.270,0.943941,2025-07-01 21:24:41.460,0.565273,2025-07-01 21:24:16.000,2025-07-01 21:25:16.000,eqt_earthquakes_th0_1/20250701T212416Z_20250701T212516Z/KEF_outputs/X_prediction_results.csv
KU6,HE,KU6,0,0.0,0.0,0.0,2025-07-02 05:47:10.140,0.9535,2025-07-02 05:47:13.840,0.856609,2025-07-02 05:47:05.000,2025-07-02 05:48:05.000,eqt_earthquakes_th0_1/20250702T054705Z_20250702T054805Z/KU6_outputs/X_prediction_results.csv
MSF,FN,MSF,0,0.0,0.0,0.0,2025-07-02 05:47:12.200,0.950138,2025-07-02 05:47:17.350,0.826272,2025-07-02 05:47:07.000,2025-07-02 05:48:07.000,eqt_earthquakes_th0_1/20250702T054707Z_20250702T054807Z/MSF_outputs/X_prediction_results.csv
OLKF,FN,OLKF,0,0.0,0.0,0.0,2025-07-02 05:47:15.450,0.944081,2025-07-02 05:47:22.900,0.631874,2025-07-02 05:47:10.000,2025-07-02 05:48:10.000,eqt_earthquakes_th0_1/20250702T054710Z_20250702T054810Z/OLKF_outputs/X_prediction_results.csv
RANF,FN,RANF,0,0.0,0.0,0.0,2025-07-02 05:47:27.950,0.816605,2025-07-02 05:47:44.190,0.697086,2025-07-02 05:47:22.000,2025-07-02 05:48:22.000,eqt_earthquakes_th0_1/20250702T054722Z_20250702T054822Z/RANF_outputs/X_prediction_results.csv
RMF,HE,RMF,0,0.0,0.0,0.0,2025-07-02 05:47:32.750,0.504605,2025-07-02 05:47:52.490,0.568749,2025-07-02 05:47:27.000,2025-07-02 05:48:27.000,eqt_earthquakes_th0_1/20250702T054727Z_20250702T054827Z/RMF_outputs/X_prediction_results.csv
RNF,FN,RNF,0,0.0,0.0,0.0,2025-07-02 05:47:35.500,0.956661,2025-07-02 05:47:58.940,0.363348,2025-07-02 05:47:30.000,2025-07-02 05:48:30.000,eqt_earthquakes_th0_1/20250702T054730Z_20250702T054830Z/RNF_outputs/X_prediction_results.csv
OUL,FN,OUL,0,0.0,0.0,0.0,2025-07-02 05:47:36.110,0.729738,2025-07-02 05:47:59.190,0.409198,2025-07-02 05:47:31.000,2025-07-02 05:48:31.000,eqt_earthquakes_th0_1/20250702T054731Z_20250702T054831Z/OUL_outputs/X_prediction_results.csv
VRF,HE,VRF,0,0.0,0.0,0.0,,,2025-07-02 05:48:03.510,0.210774,2025-07-02 05:47:33.000,2025-07-02 05:48:33.000,eqt_earthquakes_th0_1/20250702T054733Z_20250702T054833Z/VRF_outputs/X_prediction_results.csv
OBF3,HE,OBF3,0,0.0,0.0,0.0,,,2025-07-02 05:48:15.364,0.186911,2025-07-02 05:48:10.000,2025-07-02 05:49:10.000,eqt_earthquakes_th0_1/20250702T054810Z_20250702T054910Z/OBF3_outputs/X_prediction_results.csv
HEF,HE,HEF,0,0.0,0.0,0.0,2025-07-03 14:41:46.050,0.946544,2025-07-03 14:41:52.670,0.735514,2025-07-03 14:41:41.000,2025-07-03 14:42:41.000,eqt_earthquakes_th0_1/20250703T144141Z_20250703T144241Z/HEF_outputs/X_prediction_results.csv
KIF,HE,KIF,0,0.0,0.0,0.0,2025-07-03 14:41:53.800,0.948214,2025-07-03 14:42:06.120,0.803344,2025-07-03 14:41:48.000,2025-07-03 14:42:48.000,eqt_earthquakes_th0_1/20250703T144148Z_20250703T144248Z/KIF_outputs/X_prediction_results.csv
KMNF,FN,KMNF,0,0.0,0.0,0.0,2025-07-03 14:41:59.260,0.949635,2025-07-03 14:42:15.600,0.481176,2025-07-03 14:41:54.000,2025-07-03 14:42:54.000,eqt_earthquakes_th0_1/20250703T144154Z_20250703T144254Z/KMNF_outputs/X_prediction_results.csv
KEV,HE,KEV,0,0.0,0.0,0.0,2025-07-03 14:42:03.140,0.144679,2025-07-03 14:42:22.270,0.296349,2025-07-03 14:41:58.000,2025-07-03 14:42:58.000,eqt_earthquakes_th0_1/20250703T144158Z_20250703T144258Z/KEV_outputs/X_prediction_results.csv
KLF,FN,KLF,0,0.0,0.0,0.0,2025-07-03 14:42:05.660,0.955994,2025-07-03 14:42:27.230,0.358892,2025-07-03 14:42:00.000,2025-07-03 14:43:00.000,eqt_earthquakes_th0_1/20250703T144200Z_20250703T144300Z/KLF_outputs/X_prediction_results.csv
RAJF,FN,RAJF,0,0.0,0.0,0.0,2025-07-03 14:42:08.300,0.164304,2025-07-03 14:42:30.120,0.222977,2025-07-03 14:42:03.000,2025-07-03 14:43:03.000,eqt_earthquakes_th0_1/20250703T144203Z_20250703T144303Z/RAJF_outputs/X_prediction_results.csv
SGF,FN,SGF,0,0.0,0.0,0.0,2025-07-03 14:42:08.520,0.891686,2025-07-03 14:42:32.350,0.239201,2025-07-03 14:42:03.000,2025-07-03 14:43:03.000,eqt_earthquakes_th0_1/20250703T144203Z_20250703T144303Z/SGF_outputs/X_prediction_results.csv
OBF0,HE,OBF0,0,0.0,0.0,0.0,2025-07-03 17:19:06.332,0.947173,2025-07-03 17:19:15.792,0.657001,2025-07-03 17:19:01.000,2025-07-03 17:20:01.000,eqt_earthquakes_th0_1/20250703T171901Z_20250703T172001Z/OBF0_outputs/X_prediction_results.csv
OBF8,HE,OBF8,0,0.0,0.0,0.0,2025-07-03 17:19:08.734,0.926073,2025-07-03 17:19:20.634,0.367739,2025-07-03 17:19:03.000,2025-07-03 17:20:03.000,eqt_earthquakes_th0_1/20250703T171903Z_20250703T172003Z/OBF8_outputs/X_prediction_results.csv
OUF,HE,OUF,0,0.0,0.0,0.0,2025-07-03 17:19:09.640,0.759423,2025-07-03 17:19:10.800,0.587097,2025-07-03 17:19:04.000,2025-07-03 17:20:04.000,eqt_earthquakes_th0_1/20250703T171904Z_20250703T172004Z/OUF_outputs/X_prediction_results.csv
OBF3,HE,OBF3,0,0.0,0.0,0.0,2025-07-03 17:19:09.856,0.945786,2025-07-03 17:19:22.386,0.621003,2025-07-03 17:19:04.000,2025-07-03 17:20:04.000,eqt_earthquakes_th0_1/20250703T171904Z_20250703T172004Z/OBF3_outputs/X_prediction_results.csv
ALAJF,HE,ALAJF,0,0.0,0.0,0.0,2025-07-03 17:19:09.882,0.946432,2025-07-03 17:19:22.352,0.641329,2025-07-03 17:19:04.000,2025-07-03 17:20:04.000,eqt_earthquakes_th0_1/20250703T171904Z_20250703T172004Z/ALAJF_outputs/X_prediction_results.csv
OUL,FN,OUL,0,0.0,0.0,0.0,2025-07-03 17:19:14.810,0.945197,2025-07-03 17:19:30.940,0.6341,2025-07-03 17:19:09.000,2025-07-03 17:20:09.000,eqt_earthquakes_th0_1/20250703T171909Z_20250703T172009Z/OUL_outputs/X_prediction_results.csv
NIF,HE,NIF,0,0.0,0.0,0.0,2025-07-03 17:19:15.920,0.95412,2025-07-03 17:19:32.690,0.485291,2025-07-03 17:19:10.000,2025-07-03 17:20:10.000,eqt_earthquakes_th0_1/20250703T171910Z_20250703T172010Z/NIF_outputs/X_prediction_results.csv
SUF,HE,SUF,0,0.0,0.0,0.0,2025-07-03 17:19:15.554,0.92576,2025-07-03 17:19:32.114,0.609135,2025-07-03 17:19:10.000,2025-07-03 17:20:10.000,eqt_earthquakes_th0_1/20250703T171910Z_20250703T172010Z/SUF_outputs/X_prediction_results.csv
VAF,HE,VAF,0,0.0,0.0,0.0,2025-07-03 17:19:18.320,0.949934,2025-07-03 17:19:36.530,0.720942,2025-07-03 17:19:13.000,2025-07-03 17:20:13.000,eqt_earthquakes_th0_1/20250703T171913Z_20250703T172013Z/VAF_outputs/X_prediction_results.csv
KEF,HE,KEF,0,0.0,0.0,0.0,2025-07-03 17:19:23.350,0.959834,2025-07-03 17:19:45.490,0.584237,2025-07-03 17:19:18.000,2025-07-03 17:20:18.000,eqt_earthquakes_th0_1/20250703T171918Z_20250703T172018Z/KEF_outputs/X_prediction_results.csv
KAF,HE,KAF,0,0.0,0.0,0.0,2025-07-03 17:19:25.400,0.958077,2025-07-03 17:19:49.180,0.408252,2025-07-03 17:19:20.000,2025-07-03 17:20:20.000,eqt_earthquakes_th0_1/20250703T171920Z_20250703T172020Z/KAF_outputs/X_prediction_results.csv
RMF,HE,RMF,0,0.0,0.0,0.0,2025-07-03 17:19:28.726,0.385565,2025-07-03 17:19:55.716,0.162926,2025-07-03 17:19:23.000,2025-07-03 17:20:23.000,eqt_earthquakes_th0_1/20250703T171923Z_20250703T172023Z/RMF_outputs/X_prediction_results.csv
KPF,HE,KPF,0,0.0,0.0,0.0,2025-07-03 17:19:38.128,0.115047,,,2025-07-03 17:19:29.000,2025-07-03 17:20:29.000,eqt_earthquakes_th0_1/20250703T171929Z_20250703T172029Z/KPF_outputs/X_prediction_results.csv
NUR,HE,NUR,0,0.0,0.0,0.0,2025-07-04 15:31:04.034,0.945023,2025-07-04 15:31:11.194,0.803101,2025-07-04 15:30:59.000,2025-07-04 15:31:59.000,eqt_earthquakes_th0_1/20250704T153059Z_20250704T153159Z/NUR_outputs/X_prediction_results.csv
MEF,HE,MEF,0,0.0,0.0,0.0,2025-07-04 15:31:05.670,0.371985,2025-07-04 15:31:13.980,0.667523,2025-07-04 15:31:00.000,2025-07-04 15:32:00.000,eqt_earthquakes_th0_1/20250704T153100Z_20250704T153200Z/MEF_outputs/X_prediction_results.csv
KUNI,HE,KUNI,0,0.0,0.0,0.0,,,2025-07-04 15:31:05.776,0.380628,2025-07-04 15:31:00.000,2025-07-04 15:32:00.000,eqt_earthquakes_th0_1/20250704T153100Z_20250704T153200Z/KUNI_outputs/X_prediction_results.csv
VJF,HE,VJF,0,0.0,0.0,0.0,2025-07-04 15:31:24.136,0.493689,2025-07-04 15:31:31.076,0.549249,2025-07-04 15:31:19.000,2025-07-04 15:32:19.000,eqt_earthquakes_th0_1/20250704T153119Z_20250704T153219Z/VJF_outputs/X_prediction_results.csv
VJF,HE,VJF,0,0.0,0.0,0.0,2025-07-04 15:31:25.146,0.313986,,,2025-07-04 15:31:19.000,2025-07-04 15:32:19.000,eqt_earthquakes_th0_1/20250704T153119Z_20250704T153219Z/VJF_outputs/X_prediction_results.csv
FIA0,HE,FIA0,0,0.0,0.0,0.0,,,2025-07-04 15:31:36.520,0.34736,2025-07-04 15:31:25.000,2025-07-04 15:32:25.000,eqt_earthquakes_th0_1/20250704T153125Z_20250704T153225Z/FIA0_outputs/X_prediction_results.csv
FIA1,HE,FIA1,0,0.0,0.0,0.0,2025-07-04 15:31:30.650,0.220423,2025-07-04 15:31:36.570,0.346336,2025-07-04 15:31:25.000,2025-07-04 15:32:25.000,eqt_earthquakes_th0_1/20250704T153125Z_20250704T153225Z/FIA1_outputs/X_prediction_results.csv
FIA1,HE,FIA1,0,0.0,0.0,0.0,2025-07-04 15:31:31.610,0.529997,,,2025-07-04 15:31:25.000,2025-07-04 15:32:25.000,eqt_earthquakes_th0_1/20250704T153125Z_20250704T153225Z/FIA1_outputs/X_prediction_results.csv
KAF,HE,KAF,0,0.0,0.0,0.0,,,2025-07-04 15:31:52.250,0.170563,2025-07-04 15:31:45.000,2025-07-04 15:32:45.000,eqt_earthquakes_th0_1/20250704T153145Z_20250704T153245Z/KAF_outputs/X_prediction_results.csv
KEF,HE,KEF,0,0.0,0.0,0.0,,,2025-07-04 15:31:54.560,0.129569,2025-07-04 15:31:48.000,2025-07-04 15:32:48.000,eqt_earthquakes_th0_1/20250704T153148Z_20250704T153248Z/KEF_outputs/X_prediction_results.csv
OBF8,HE,OBF8,0,0.0,0.0,0.0,2025-07-05 04:50:54.428,0.952271,2025-07-05 04:51:12.558,0.408168,2025-07-05 04:50:49.000,2025-07-05 04:51:49.000,eqt_earthquakes_th0_1/20250705T045049Z_20250705T045149Z/OBF8_outputs/X_prediction_results.csv
OBF0,HE,OBF0,0,0.0,0.0,0.0,2025-07-05 04:50:59.586,0.596825,2025-07-05 04:51:21.246,0.252874,2025-07-05 04:50:54.000,2025-07-05 04:51:54.000,eqt_earthquakes_th0_1/20250705T045054Z_20250705T045154Z/OBF0_outputs/X_prediction_results.csv
VAF,HE,VAF,0,0.0,0.0,0.0,2025-07-05 04:51:03.410,0.957412,2025-07-05 04:51:28.650,0.384459,2025-07-05 04:50:58.000,2025-07-05 04:51:58.000,eqt_earthquakes_th0_1/20250705T045058Z_20250705T045158Z/VAF_outputs/X_prediction_results.csv
TOF,HE,TOF,0,0.0,0.0,0.0,2025-07-05 04:51:07.630,0.55492,2025-07-05 04:51:37.150,0.13058,2025-07-05 04:51:02.000,2025-07-05 04:52:02.000,eqt_earthquakes_th0_1/20250705T045102Z_20250705T045202Z/TOF_outputs/X_prediction_results.csv
OBF3,HE,OBF3,0,0.0,0.0,0.0,,,2025-07-05 04:51:27.438,0.499094,2025-07-05 04:51:21.000,2025-07-05 04:52:21.000,eqt_earthquakes_th0_1/20250705T045121Z_20250705T045221Z/OBF3_outputs/X_prediction_results.csv
RAF,HE,RAF,0,0.0,0.0,0.0,2025-07-05 22:06:15.020,0.864187,2025-07-05 22:06:25.440,0.735103,2025-07-05 22:06:10.000,2025-07-05 22:07:10.000,eqt_earthquakes_th0_1/20250705T220610Z_20250705T220710Z/RAF_outputs/X_prediction_results.csv
KEV,HE,KEV,0,0.0,0.0,0.0,2025-07-08 01:54:11.210,0.945566,2025-07-08 01:54:22.890,0.799018,2025-07-08 01:54:06.000,2025-07-08 01:55:06.000,eqt_earthquakes_th0_1/20250708T015406Z_20250708T015506Z/KEV_outputs/X_prediction_results.csv
KMNF,FN,KMNF,0,0.0,0.0,0.0,2025-07-08 01:54:15.550,0.937718,2025-07-08 01:54:30.640,0.643009,2025-07-08 01:54:10.000,2025-07-08 01:55:10.000,eqt_earthquakes_th0_1/20250708T015410Z_20250708T015510Z/KMNF_outputs/X_prediction_results.csv
HEF,HE,HEF,0,0.0,0.0,0.0,2025-07-08 01:54:19.970,0.95363,2025-07-08 01:54:39.630,0.322781,2025-07-08 01:54:14.000,2025-07-08 01:55:14.000,eqt_earthquakes_th0_1/20250708T015414Z_20250708T015514Z/HEF_outputs/X_prediction_results.csv
KIF,HE,KIF,0,0.0,0.0,0.0,2025-07-08 01:54:20.490,0.951744,2025-07-08 01:54:39.270,0.41191,2025-07-08 01:54:15.000,2025-07-08 01:55:15.000,eqt_earthquakes_th0_1/20250708T015415Z_20250708T015515Z/KIF_outputs/X_prediction_results.csv
RAJF,FN,RAJF,0,0.0,0.0,0.0,2025-07-08 01:54:28.500,0.135491,2025-07-08 01:54:52.270,0.115827,2025-07-08 01:54:23.000,2025-07-08 01:55:23.000,eqt_earthquakes_th0_1/20250708T015423Z_20250708T015523Z/RAJF_outputs/X_prediction_results.csv
SGF,FN,SGF,0,0.0,0.0,0.0,,,2025-07-08 01:55:04.780,0.424619,2025-07-08 01:54:30.000,2025-07-08 01:55:30.000,eqt_earthquakes_th0_1/20250708T015430Z_20250708T015530Z/SGF_outputs/X_prediction_results.csv
VRF,HE,VRF,0,0.0,0.0,0.0,,,2025-07-08 01:54:45.640,0.51151,2025-07-08 01:54:35.000,2025-07-08 01:55:35.000,eqt_earthquakes_th0_1/20250708T015435Z_20250708T015535Z/VRF_outputs/X_prediction_results.csv
OBF0,HE,OBF0,0,0.0,0.0,0.0,2025-07-09 02:26:07.404,0.514959,2025-07-09 02:26:24.944,0.443254,2025-07-09 02:26:02.000,2025-07-09 02:27:02.000,eqt_earthquakes_th0_1/20250709T022602Z_20250709T022702Z/OBF0_outputs/X_prediction_results.csv
VAF,HE,VAF,0,0.0,0.0,0.0,2025-07-09 02:26:14.610,0.949221,2025-07-09 02:26:36.470,0.688521,2025-07-09 02:26:09.000,2025-07-09 02:27:09.000,eqt_earthquakes_th0_1/20250709T022609Z_20250709T022709Z/VAF_outputs/X_prediction_results.csv
TOF,HE,TOF,0,0.0,0.0,0.0,,,2025-07-09 02:26:44.940,0.574333,2025-07-09 02:26:39.000,2025-07-09 02:27:39.000,eqt_earthquakes_th0_1/20250709T022639Z_20250709T022739Z/TOF_outputs/X_prediction_results.csv
VAF,HE,VAF,0,0.0,0.0,0.0,2025-07-10 23:39:46.220,0.591674,2025-07-10 23:40:10.540,0.226683,2025-07-10 23:39:41.000,2025-07-10 23:40:41.000,eqt_earthquakes_th0_1/20250710T233941Z_20250710T234041Z/VAF_outputs/X_prediction_results.csv
OBF0,HE,OBF0,0,0.0,0.0,0.0,,,2025-07-10 23:40:21.884,0.395469,2025-07-10 23:40:16.000,2025-07-10 23:41:16.000,eqt_earthquakes_th0_1/20250710T234016Z_20250710T234116Z/OBF0_outputs/X_prediction_results.csv
KPF,HE,KPF,0,0.0,0.0,0.0,,,2025-07-10 23:40:30.676,0.604689,2025-07-10 23:40:25.000,2025-07-10 23:41:25.000,eqt_earthquakes_th0_1/20250710T234025Z_20250710T234125Z/KPF_outputs/X_prediction_results.csv
KEF,HE,KEF,0,0.0,0.0,0.0,,,2025-07-10 23:40:47.900,0.620967,2025-07-10 23:40:42.000,2025-07-10 23:41:42.000,eqt_earthquakes_th0_1/20250710T234042Z_20250710T234142Z/KEF_outputs/X_prediction_results.csv
OBF8,HE,OBF8,0,0.0,0.0,0.0,2025-07-11 14:00:18.510,0.346057,2025-07-11 14:00:30.960,0.365574,2025-07-11 14:00:13.000,2025-07-11 14:01:13.000,eqt_earthquakes_th0_1/20250711T140013Z_20250711T140113Z/OBF8_outputs/X_prediction_results.csv
OBF8,HE,OBF8,0,0.0,0.0,0.0,2025-07-11 14:00:19.510,0.466836,2025-07-11 14:00:33.700,0.12481,2025-07-11 14:00:13.000,2025-07-11 14:01:13.000,eqt_earthquakes_th0_1/20250711T140013Z_20250711T140113Z/OBF8_outputs/X_prediction_results.csv
OBF8,HE,OBF8,0,0.0,0.0,0.0,2025-07-11 14:00:30.500,0.313224,,,2025-07-11 14:00:13.000,2025-07-11 14:01:13.000,eqt_earthquakes_th0_1/20250711T140013Z_20250711T140113Z/OBF8_outputs/X_prediction_results.csv
OBF8,HE,OBF8,0,0.0,0.0,0.0,2025-07-11 14:00:30.920,0.103188,,,2025-07-11 14:00:13.000,2025-07-11 14:01:13.000,eqt_earthquakes_th0_1/20250711T140013Z_20250711T140113Z/OBF8_outputs/X_prediction_results.csv
OBF8,HE,OBF8,0,0.0,0.0,0.0,2025-07-11 14:00:31.250,0.117453,,,2025-07-11 14:00:13.000,2025-07-11 14:01:13.000,eqt_earthquakes_th0_1/20250711T140013Z_20250711T140113Z/OBF8_outputs/X_prediction_results.csv
OBF0,HE,OBF0,0,0.0,0.0,0.0,,,2025-07-11 14:00:37.276,0.391073,2025-07-11 14:00:17.000,2025-07-11 14:01:17.000,eqt_earthquakes_th0_1/20250711T140017Z_20250711T140117Z/OBF0_outputs/X_prediction_results.csv
OBF3,HE,OBF3,0,0.0,0.0,0.0,,,2025-07-11 14:00:41.100,0.437792,2025-07-11 14:00:19.000,2025-07-11 14:01:19.000,eqt_earthquakes_th0_1/20250711T140019Z_20250711T140119Z/OBF3_outputs/X_prediction_results.csv
TOF,HE,TOF,0,0.0,0.0,0.0,,,2025-07-11 14:00:50.830,0.50965,2025-07-11 14:00:45.000,2025-07-11 14:01:45.000,eqt_earthquakes_th0_1/20250711T140045Z_20250711T140145Z/TOF_outputs/X_prediction_results.csv
MSF,FN,MSF,0,0.0,0.0,0.0,2025-07-13 19:19:55.510,0.953034,2025-07-13 19:19:59.670,0.843937,2025-07-13 19:19:50.000,2025-07-13 19:20:50.000,eqt_earthquakes_th0_1/20250713T191950Z_20250713T192050Z/MSF_outputs/X_prediction_results.csv
OLKF,FN,OLKF,0,0.0,0.0,0.0,2025-07-13 19:19:56.210,0.949753,2025-07-13 19:20:00.950,0.842116,2025-07-13 19:19:51.000,2025-07-13 19:20:51.000,eqt_earthquakes_th0_1/20250713T191951Z_20250713T192051Z/OLKF_outputs/X_prediction_results.csv
RANF,FN,RANF,0,0.0,0.0,0.0,2025-07-13 19:20:10.250,0.915462,2025-07-13 19:20:24.550,0.755547,2025-07-13 19:20:05.000,2025-07-13 19:21:05.000,eqt_earthquakes_th0_1/20250713T192005Z_20250713T192105Z/RANF_outputs/X_prediction_results.csv
RNF,FN,RNF,0,0.0,0.0,0.0,2025-07-13 19:20:16.960,0.926998,2025-07-13 19:20:37.290,0.679443,2025-07-13 19:20:11.000,2025-07-13 19:21:11.000,eqt_earthquakes_th0_1/20250713T192011Z_20250713T192111Z/RNF_outputs/X_prediction_results.csv
VRF,HE,VRF,0,0.0,0.0,0.0,2025-07-13 19:20:19.980,0.11579,2025-07-13 19:20:42.140,0.391493,2025-07-13 19:20:14.000,2025-07-13 19:21:14.000,eqt_earthquakes_th0_1/20250713T192014Z_20250713T192114Z/VRF_outputs/X_prediction_results.csv
OUL,FN,OUL,0,0.0,0.0,0.0,2025-07-13 19:20:20.830,0.936077,2025-07-13 19:20:43.860,0.218653,2025-07-13 19:20:15.000,2025-07-13 19:21:15.000,eqt_earthquakes_th0_1/20250713T192015Z_20250713T192115Z/OUL_outputs/X_prediction_results.csv
SGF,FN,SGF,0,0.0,0.0,0.0,2025-07-13 19:20:22.330,0.195862,,,2025-07-13 19:20:16.000,2025-07-13 19:21:16.000,eqt_earthquakes_th0_1/20250713T192016Z_20250713T192116Z/SGF_outputs/X_prediction_results.csv
RMF,HE,RMF,0,0.0,0.0,0.0,,,2025-07-13 19:20:43.582,0.56139,2025-07-13 19:20:38.000,2025-07-13 19:21:38.000,eqt_earthquakes_th0_1/20250713T192038Z_20250713T192138Z/RMF_outputs/X_prediction_results.csv
KIF,HE,KIF,0,0.0,0.0,0.0,2025-07-14 04:58:18.200,0.957341,2025-07-14 04:58:39.500,0.475847,2025-07-14 04:58:13.000,2025-07-14 04:59:13.000,eqt_earthquakes_th0_1/20250714T045813Z_20250714T045913Z/KIF_outputs/X_prediction_results.csv
HEF,HE,HEF,0,0.0,0.0,0.0,2025-07-14 04:58:34.270,0.940239,,,2025-07-14 04:58:29.000,2025-07-14 04:59:29.000,eqt_earthquakes_th0_1/20250714T045829Z_20250714T045929Z/HEF_outputs/X_prediction_results.csv
HEF,HE,HEF,0,0.0,0.0,0.0,,,2025-07-14 04:59:14.320,0.412076,2025-07-14 04:58:29.000,2025-07-14 04:59:29.000,eqt_earthquakes_th0_1/20250714T045829Z_20250714T045929Z/HEF_outputs/X_prediction_results.csv
KEV,HE,KEV,0,0.0,0.0,0.0,2025-07-14 04:58:38.240,0.951663,2025-07-14 04:58:44.980,0.231328,2025-07-14 04:58:33.000,2025-07-14 04:59:33.000,eqt_earthquakes_th0_1/20250714T045833Z_20250714T045933Z/KEV_outputs/X_prediction_results.csv
KMNF,FN,KMNF,0,0.0,0.0,0.0,2025-07-14 04:58:41.000,0.94858,,,2025-07-14 04:58:36.000,2025-07-14 04:59:36.000,eqt_earthquakes_th0_1/20250714T045836Z_20250714T045936Z/KMNF_outputs/X_prediction_results.csv
KMNF,FN,KMNF,0,0.0,0.0,0.0,,,2025-07-14 04:59:19.690,0.302676,2025-07-14 04:58:36.000,2025-07-14 04:59:36.000,eqt_earthquakes_th0_1/20250714T045836Z_20250714T045936Z/KMNF_outputs/X_prediction_results.csv
RAJF,FN,RAJF,0,0.0,0.0,0.0,2025-07-14 04:58:51.660,0.422196,2025-07-14 04:59:02.370,0.287081,2025-07-14 04:58:46.000,2025-07-14 04:59:46.000,eqt_earthquakes_th0_1/20250714T045846Z_20250714T045946Z/RAJF_outputs/X_prediction_results.csv
VJF,HE,VJF,0,0.0,0.0,0.0,2025-07-15 00:15:30.682,0.946009,2025-07-15 00:15:32.382,0.866895,2025-07-15 00:15:25.000,2025-07-15 00:16:25.000,eqt_earthquakes_th0_1/20250715T001525Z_20250715T001625Z/VJF_outputs/X_prediction_results.csv
RUF,HE,RUF,0,0.0,0.0,0.0,2025-07-15 00:16:06.212,0.386977,2025-07-15 00:16:10.932,0.61775,2025-07-15 00:15:45.000,2025-07-15 00:16:45.000,eqt_earthquakes_th0_1/20250715T001545Z_20250715T001645Z/RUF_outputs/X_prediction_results.csv
RUF,HE,RUF,0,0.0,0.0,0.0,2025-07-15 00:16:07.202,0.444114,,,2025-07-15 00:15:45.000,2025-07-15 00:16:45.000,eqt_earthquakes_th0_1/20250715T001545Z_20250715T001645Z/RUF_outputs/X_prediction_results.csv
FIA0,HE,FIA0,0,0.0,0.0,0.0,2025-07-15 00:15:50.020,0.739472,2025-07-15 00:16:06.650,0.415676,2025-07-15 00:15:45.000,2025-07-15 00:16:45.000,eqt_earthquakes_th0_1/20250715T001545Z_20250715T001645Z/FIA0_outputs/X_prediction_results.csv
FIA0,HE,FIA0,0,0.0,0.0,0.0,2025-07-15 00:15:51.010,0.209379,2025-07-15 00:16:10.550,0.155405,2025-07-15 00:15:45.000,2025-07-15 00:16:45.000,eqt_earthquakes_th0_1/20250715T001545Z_20250715T001645Z/FIA0_outputs/X_prediction_results.csv
FIA0,HE,FIA0,0,0.0,0.0,0.0,2025-07-15 00:16:06.860,0.420086,,,2025-07-15 00:15:45.000,2025-07-15 00:16:45.000,eqt_earthquakes_th0_1/20250715T001545Z_20250715T001645Z/FIA0_outputs/X_prediction_results.csv
MEF,HE,MEF,0,0.0,0.0,0.0,,,2025-07-15 00:16:16.530,0.344832,2025-07-15 00:16:10.000,2025-07-15 00:17:10.000,eqt_earthquakes_th0_1/20250715T001610Z_20250715T001710Z/MEF_outputs/X_prediction_results.csv
KAF,HE,KAF,0,0.0,0.0,0.0,,,2025-07-15 00:16:24.680,0.341082,2025-07-15 00:16:18.000,2025-07-15 00:17:18.000,eqt_earthquakes_th0_1/20250715T001618Z_20250715T001718Z/KAF_outputs/X_prediction_results.csv
KIF,HE,KIF,0,0.0,0.0,0.0,2025-07-15 05:16:34.790,0.957357,2025-07-15 05:16:56.470,0.494775,2025-07-15 05:16:29.000,2025-07-15 05:17:29.000,eqt_earthquakes_th0_1/20250715T051629Z_20250715T051729Z/KIF_outputs/X_prediction_results.csv
HEF,HE,HEF,0,0.0,0.0,0.0,2025-07-15 05:16:50.920,0.931328,,,2025-07-15 05:16:45.000,2025-07-15 05:17:45.000,eqt_earthquakes_th0_1/20250715T051645Z_20250715T051745Z/HEF_outputs/X_prediction_results.csv
HEF,HE,HEF,0,0.0,0.0,0.0,,,2025-07-15 05:17:31.140,0.225163,2025-07-15 05:16:45.000,2025-07-15 05:17:45.000,eqt_earthquakes_th0_1/20250715T051645Z_20250715T051745Z/HEF_outputs/X_prediction_results.csv
KEV,HE,KEV,0,0.0,0.0,0.0,2025-07-15 05:16:54.930,0.954948,2025-07-15 05:17:01.840,0.198278,2025-07-15 05:16:49.000,2025-07-15 05:17:49.000,eqt_earthquakes_th0_1/20250715T051649Z_20250715T051749Z/KEV_outputs/X_prediction_results.csv
KMNF,FN,KMNF,0,0.0,0.0,0.0,2025-07-15 05:16:57.650,0.948306,,,2025-07-15 05:16:52.000,2025-07-15 05:17:52.000,eqt_earthquakes_th0_1/20250715T051652Z_20250715T051752Z/KMNF_outputs/X_prediction_results.csv
KMNF,FN,KMNF,0,0.0,0.0,0.0,,,2025-07-15 05:17:36.630,0.179751,2025-07-15 05:16:52.000,2025-07-15 05:17:52.000,eqt_earthquakes_th0_1/20250715T051652Z_20250715T051752Z/KMNF_outputs/X_prediction_results.csv
KLF,FN,KLF,0,0.0,0.0,0.0,2025-07-15 05:17:04.410,0.942809,2025-07-15 05:17:13.300,0.180724,2025-07-15 05:16:59.000,2025-07-15 05:17:59.000,eqt_earthquakes_th0_1/20250715T051659Z_20250715T051759Z/KLF_outputs/X_prediction_results.csv
RAJF,FN,RAJF,0,0.0,0.0,0.0,2025-07-15 05:17:08.150,0.86701,2025-07-15 05:17:19.080,0.380947,2025-07-15 05:17:03.000,2025-07-15 05:18:03.000,eqt_earthquakes_th0_1/20250715T051703Z_20250715T051803Z/RAJF_outputs/X_prediction_results.csv
OLKF,FN,OLKF,0,0.0,0.0,0.0,2025-07-15 20:41:03.360,0.880823,2025-07-15 20:41:22.280,0.189998,2025-07-15 20:40:58.000,2025-07-15 20:41:58.000,eqt_earthquakes_th0_1/20250715T204058Z_20250715T204158Z/OLKF_outputs/X_prediction_results.csv
MSF,FN,MSF,0,0.0,0.0,0.0,2025-07-15 20:41:06.540,0.906747,2025-07-15 20:41:27.610,0.368209,2025-07-15 20:41:01.000,2025-07-15 20:42:01.000,eqt_earthquakes_th0_1/20250715T204101Z_20250715T204201Z/MSF_outputs/X_prediction_results.csv
VRF,HE,VRF,0,0.0,0.0,0.0,2025-07-15 20:41:13.280,0.431783,2025-07-15 20:41:39.580,0.159866,2025-07-15 20:41:08.000,2025-07-15 20:42:08.000,eqt_earthquakes_th0_1/20250715T204108Z_20250715T204208Z/VRF_outputs/X_prediction_results.csv
VRF,HE,VRF,0,0.0,0.0,0.0,2025-07-15 20:41:14.280,0.204771,,,2025-07-15 20:41:08.000,2025-07-15 20:42:08.000,eqt_earthquakes_th0_1/20250715T204108Z_20250715T204208Z/VRF_outputs/X_prediction_results.csv
OBF0,HE,OBF0,0,0.0,0.0,0.0,2025-07-18 11:06:33.450,0.115893,,,2025-07-18 11:06:26.000,2025-07-18 11:07:26.000,eqt_earthquakes_th0_1/20250718T110626Z_20250718T110726Z/OBF0_outputs/X_prediction_results.csv
OBF0,HE,OBF0,0,0.0,0.0,0.0,2025-07-18 11:06:32.450,0.575502,2025-07-18 11:06:55.330,0.320411,2025-07-18 11:06:26.000,2025-07-18 11:07:26.000,eqt_earthquakes_th0_1/20250718T110626Z_20250718T110726Z/OBF0_outputs/X_prediction_results.csv
TOF,HE,TOF,0,0.0,0.0,0.0,,,2025-07-18 11:07:03.610,0.334974,2025-07-18 11:06:58.000,2025-07-18 11:07:58.000,eqt_earthquakes_th0_1/20250718T110658Z_20250718T110758Z/TOF_outputs/X_prediction_results.csv
VAF,HE,VAF,0,0.0,0.0,0.0,,,2025-07-18 11:07:06.780,0.361411,2025-07-18 11:07:00.000,2025-07-18 11:08:00.000,eqt_earthquakes_th0_1/20250718T110700Z_20250718T110800Z/VAF_outputs/X_prediction_results.csv
RNF,FN,RNF,0,0.0,0.0,0.0,2025-07-25 14:03:11.920,0.952975,2025-07-25 14:03:16.240,0.836488,2025-07-25 14:03:06.000,2025-07-25 14:04:06.000,eqt_earthquakes_th0_1/20250725T140306Z_20250725T140406Z/RNF_outputs/X_prediction_results.csv
KLF,FN,KLF,0,0.0,0.0,0.0,2025-07-25 14:03:18.600,0.95161,2025-07-25 14:03:28.010,0.388015,2025-07-25 14:03:13.000,2025-07-25 14:04:13.000,eqt_earthquakes_th0_1/20250725T140313Z_20250725T140413Z/KLF_outputs/X_prediction_results.csv
SGF,FN,SGF,0,0.0,0.0,0.0,2025-07-25 14:03:18.520,0.934561,2025-07-25 14:03:27.490,0.626455,2025-07-25 14:03:13.000,2025-07-25 14:04:13.000,eqt_earthquakes_th0_1/20250725T140313Z_20250725T140413Z/SGF_outputs/X_prediction_results.csv
TOF,HE,TOF,0,0.0,0.0,0.0,2025-07-25 14:03:22.960,0.879503,2025-07-25 14:03:34.370,0.604932,2025-07-25 14:03:17.000,2025-07-25 14:04:17.000,eqt_earthquakes_th0_1/20250725T140317Z_20250725T140417Z/TOF_outputs/X_prediction_results.csv
RANF,FN,RANF,0,0.0,0.0,0.0,2025-07-25 14:03:24.050,0.946066,2025-07-25 14:03:37.090,0.741302,2025-07-25 14:03:19.000,2025-07-25 14:04:19.000,eqt_earthquakes_th0_1/20250725T140319Z_20250725T140419Z/RANF_outputs/X_prediction_results.csv
RAJF,FN,RAJF,0,0.0,0.0,0.0,,,2025-07-25 14:04:04.370,0.119249,2025-07-25 14:03:58.000,2025-07-25 14:04:58.000,eqt_earthquakes_th0_1/20250725T140358Z_20250725T140458Z/RAJF_outputs/X_prediction_results.csv
TVF,HE,TVF,0,0.0,0.0,0.0,2025-07-27 01:58:12.176,0.802977,2025-07-27 01:58:22.596,0.350594,2025-07-27 01:58:07.000,2025-07-27 01:59:07.000,eqt_earthquakes_th0_1/20250727T015807Z_20250727T015907Z/TVF_outputs/X_prediction_results.csv
RAF,HE,RAF,0,0.0,0.0,0.0,2025-07-27 01:58:14.060,0.786003,2025-07-27 01:58:26.960,0.461551,2025-07-27 01:58:09.000,2025-07-27 01:59:09.000,eqt_earthquakes_th0_1/20250727T015809Z_20250727T015909Z/RAF_outputs/X_prediction_results.csv
KPF,HE,KPF,0,0.0,0.0,0.0,2025-07-27 01:58:28.424,0.658849,2025-07-27 01:58:52.074,0.319575,2025-07-27 01:58:23.000,2025-07-27 01:59:23.000,eqt_earthquakes_th0_1/20250727T015823Z_20250727T015923Z/KPF_outputs/X_prediction_results.csv
KEF,HE,KEF,0,0.0,0.0,0.0,,,2025-07-29 07:12:27.400,0.714969,2025-07-29 07:12:21.000,2025-07-29 07:13:21.000,eqt_earthquakes_th0_1/20250729T071221Z_20250729T071321Z/KEF_outputs/X_prediction_results.csv
RAF,HE,RAF,0,0.0,0.0,0.0,,,2025-07-29 07:12:47.830,0.491695,2025-07-29 07:12:41.000,2025-07-29 07:13:41.000,eqt_earthquakes_th0_1/20250729T071241Z_20250729T071341Z/RAF_outputs/X_prediction_results.csv
VJF,HE,VJF,0,0.0,0.0,0.0,2025-07-30 08:17:48.730,0.893153,2025-07-30 08:17:50.500,0.850906,2025-07-30 08:17:43.000,2025-07-30 08:18:43.000,eqt_earthquakes_th0_1/20250730T081743Z_20250730T081843Z/VJF_outputs/X_prediction_results.csv
FIA1,HE,FIA1,0,0.0,0.0,0.0,2025-07-30 08:18:25.150,0.267041,,,2025-07-30 08:18:03.000,2025-07-30 08:19:03.000,eqt_earthquakes_th0_1/20250730T081803Z_20250730T081903Z/FIA1_outputs/X_prediction_results.csv
FIA1,HE,FIA1,0,0.0,0.0,0.0,2025-07-30 08:18:10.430,0.231666,,,2025-07-30 08:18:03.000,2025-07-30 08:19:03.000,eqt_earthquakes_th0_1/20250730T081803Z_20250730T081903Z/FIA1_outputs/X_prediction_results.csv
FIA0,HE,FIA0,0,0.0,0.0,0.0,2025-07-30 08:18:09.430,0.451986,2025-07-30 08:18:24.800,0.501765,2025-07-30 08:18:03.000,2025-07-30 08:19:03.000,eqt_earthquakes_th0_1/20250730T081803Z_20250730T081903Z/FIA0_outputs/X_prediction_results.csv
FIA1,HE,FIA1,0,0.0,0.0,0.0,2025-07-30 08:18:09.430,0.386408,2025-07-30 08:18:28.550,0.210309,2025-07-30 08:18:03.000,2025-07-30 08:19:03.000,eqt_earthquakes_th0_1/20250730T081803Z_20250730T081903Z/FIA1_outputs/X_prediction_results.csv
RUF,HE,RUF,0,0.0,0.0,0.0,2025-07-30 08:18:24.890,0.347158,2025-07-30 08:18:28.940,0.664378,2025-07-30 08:18:19.000,2025-07-30 08:19:19.000,eqt_earthquakes_th0_1/20250730T081819Z_20250730T081919Z/RUF_outputs/X_prediction_results.csv
RUF,HE,RUF,0,0.0,0.0,0.0,2025-07-30 08:18:25.920,0.120277,,,2025-07-30 08:18:19.000,2025-07-30 08:19:19.000,eqt_earthquakes_th0_1/20250730T081819Z_20250730T081919Z/RUF_outputs/X_prediction_results.csv
VJF,HE,VJF,0,0.0,0.0,0.0,2025-08-01 00:19:50.816,0.949315,2025-08-01 00:19:52.556,0.857528,2025-08-01 00:19:45.000,2025-08-01 00:20:45.000,eqt_earthquakes_th0_1/20250801T001945Z_20250801T002045Z/VJF_outputs/X_prediction_results.csv
RUF,HE,RUF,0,0.0,0.0,0.0,2025-08-01 00:20:10.516,0.953568,2025-08-01 00:20:27.186,0.411803,2025-08-01 00:20:05.000,2025-08-01 00:21:05.000,eqt_earthquakes_th0_1/20250801T002005Z_20250801T002105Z/RUF_outputs/X_prediction_results.csv
FIA0,HE,FIA0,0,0.0,0.0,0.0,2025-08-01 00:20:10.030,0.961452,2025-08-01 00:20:26.800,0.604734,2025-08-01 00:20:05.000,2025-08-01 00:21:05.000,eqt_earthquakes_th0_1/20250801T002005Z_20250801T002105Z/FIA0_outputs/X_prediction_results.csv
FIA1,HE,FIA1,0,0.0,0.0,0.0,2025-08-01 00:20:10.040,0.958678,2025-08-01 00:20:26.770,0.545199,2025-08-01 00:20:05.000,2025-08-01 00:21:05.000,eqt_earthquakes_th0_1/20250801T002005Z_20250801T002105Z/FIA1_outputs/X_prediction_results.csv
HEL1,HE,HEL1,0,0.0,0.0,0.0,2025-08-01 00:20:11.700,0.95068,2025-08-01 00:20:28.860,0.505893,2025-08-01 00:20:06.000,2025-08-01 00:21:06.000,eqt_earthquakes_th0_1/20250801T002006Z_20250801T002106Z/HEL1_outputs/X_prediction_results.csv
RSUO,HE,RSUO,0,0.0,0.0,0.0,2025-08-01 00:20:11.616,0.885397,2025-08-01 00:20:28.486,0.354798,2025-08-01 00:20:06.000,2025-08-01 00:21:06.000,eqt_earthquakes_th0_1/20250801T002006Z_20250801T002106Z/RSUO_outputs/X_prediction_results.csv
RSUO,HE,RSUO,0,0.0,0.0,0.0,2025-08-01 00:20:27.626,0.176355,,,2025-08-01 00:20:06.000,2025-08-01 00:21:06.000,eqt_earthquakes_th0_1/20250801T002006Z_20250801T002106Z/RSUO_outputs/X_prediction_results.csv
KUNI,HE,KUNI,0,0.0,0.0,0.0,2025-08-01 00:20:11.134,0.875379,2025-08-01 00:20:28.164,0.58028,2025-08-01 00:20:06.000,2025-08-01 00:21:06.000,eqt_earthquakes_th0_1/20250801T002006Z_20250801T002106Z/KUNI_outputs/X_prediction_results.csv
HEL5,HE,HEL5,0,0.0,0.0,0.0,2025-08-01 00:20:13.208,0.936956,2025-08-01 00:20:31.498,0.275185,2025-08-01 00:20:08.000,2025-08-01 00:21:08.000,eqt_earthquakes_th0_1/20250801T002008Z_20250801T002108Z/HEL5_outputs/X_prediction_results.csv
NUR,HE,NUR,0,0.0,0.0,0.0,2025-08-01 00:20:13.198,0.931069,2025-08-01 00:20:31.398,0.658905,2025-08-01 00:20:08.000,2025-08-01 00:21:08.000,eqt_earthquakes_th0_1/20250801T002008Z_20250801T002108Z/NUR_outputs/X_prediction_results.csv
MEF,HE,MEF,0,0.0,0.0,0.0,2025-08-01 00:20:15.970,0.95015,2025-08-01 00:20:36.050,0.570848,2025-08-01 00:20:10.000,2025-08-01 00:21:10.000,eqt_earthquakes_th0_1/20250801T002010Z_20250801T002110Z/MEF_outputs/X_prediction_results.csv
KAF,HE,KAF,0,0.0,0.0,0.0,2025-08-01 00:20:19.690,0.914007,2025-08-01 00:20:44.780,0.45212,2025-08-01 00:20:14.000,2025-08-01 00:21:14.000,eqt_earthquakes_th0_1/20250801T002014Z_20250801T002114Z/KAF_outputs/X_prediction_results.csv
TVF,HE,TVF,0,0.0,0.0,0.0,2025-08-01 00:20:25.722,0.50649,2025-08-01 00:20:54.302,0.326108,2025-08-01 00:20:20.000,2025-08-01 00:21:20.000,eqt_earthquakes_th0_1/20250801T002020Z_20250801T002120Z/TVF_outputs/X_prediction_results.csv
TVF,HE,TVF,0,0.0,0.0,0.0,2025-08-01 00:20:26.712,0.306465,,,2025-08-01 00:20:20.000,2025-08-01 00:21:20.000,eqt_earthquakes_th0_1/20250801T002020Z_20250801T002120Z/TVF_outputs/X_prediction_results.csv
KEF,HE,KEF,0,0.0,0.0,0.0,2025-08-01 00:20:26.010,0.954439,2025-08-01 00:20:55.140,0.56967,2025-08-01 00:20:20.000,2025-08-01 00:21:20.000,eqt_earthquakes_th0_1/20250801T002020Z_20250801T002120Z/KEF_outputs/X_prediction_results.csv
SUF,HE,SUF,0,0.0,0.0,0.0,2025-08-01 00:20:29.534,0.677394,,,2025-08-01 00:20:24.000,2025-08-01 00:21:24.000,eqt_earthquakes_th0_1/20250801T002024Z_20250801T002124Z/SUF_outputs/X_prediction_results.csv
SUF,HE,SUF,0,0.0,0.0,0.0,,,2025-08-01 00:21:00.604,0.164826,2025-08-01 00:20:24.000,2025-08-01 00:21:24.000,eqt_earthquakes_th0_1/20250801T002024Z_20250801T002124Z/SUF_outputs/X_prediction_results.csv
KU6,HE,KU6,0,0.0,0.0,0.0,2025-08-02 20:35:42.660,0.597475,2025-08-02 20:35:56.580,0.410211,2025-08-02 20:35:37.000,2025-08-02 20:36:37.000,eqt_earthquakes_th0_1/20250802T203537Z_20250802T203637Z/KU6_outputs/X_prediction_results.csv
OLKF,FN,OLKF,0,0.0,0.0,0.0,2025-08-02 20:35:45.360,0.458123,2025-08-02 20:36:01.410,0.521666,2025-08-02 20:35:40.000,2025-08-02 20:36:40.000,eqt_earthquakes_th0_1/20250802T203540Z_20250802T203640Z/OLKF_outputs/X_prediction_results.csv
MSF,FN,MSF,0,0.0,0.0,0.0,2025-08-02 20:35:48.830,0.919987,2025-08-02 20:36:07.950,0.497367,2025-08-02 20:35:43.000,2025-08-02 20:36:43.000,eqt_earthquakes_th0_1/20250802T203543Z_20250802T203643Z/MSF_outputs/X_prediction_results.csv
RANF,FN,RANF,0,0.0,0.0,0.0,,,2025-08-02 20:36:34.640,0.365464,2025-08-02 20:36:27.000,2025-08-02 20:37:27.000,eqt_earthquakes_th0_1/20250802T203627Z_20250802T203727Z/RANF_outputs/X_prediction_results.csv
SGF,FN,SGF,0,0.0,0.0,0.0,,,2025-08-02 20:36:40.510,0.489511,2025-08-02 20:36:33.000,2025-08-02 20:37:33.000,eqt_earthquakes_th0_1/20250802T203633Z_20250802T203733Z/SGF_outputs/X_prediction_results.csv
KIF,HE,KIF,0,0.0,0.0,0.0,2025-08-03 08:13:08.960,0.412176,2025-08-03 08:13:29.990,0.256552,2025-08-03 08:13:03.000,2025-08-03 08:14:03.000,eqt_earthquakes_th0_1/20250803T081303Z_20250803T081403Z/KIF_outputs/X_prediction_results.csv
KLF,FN,KLF,0,0.0,0.0,0.0,2025-08-03 08:13:09.350,0.46809,,,2025-08-03 08:13:03.000,2025-08-03 08:14:03.000,eqt_earthquakes_th0_1/20250803T081303Z_20250803T081403Z/KLF_outputs/X_prediction_results.csv
KLF,FN,KLF,0,0.0,0.0,0.0,2025-08-03 08:13:08.350,0.267154,2025-08-03 08:13:29.500,0.31859,2025-08-03 08:13:03.000,2025-08-03 08:14:03.000,eqt_earthquakes_th0_1/20250803T081303Z_20250803T081403Z/KLF_outputs/X_prediction_results.csv
TOF,HE,TOF,0,0.0,0.0,0.0,,,2025-08-03 08:13:48.630,0.246645,2025-08-03 08:13:14.000,2025-08-03 08:14:14.000,eqt_earthquakes_th0_1/20250803T081314Z_20250803T081414Z/TOF_outputs/X_prediction_results.csv
VJF,HE,VJF,0,0.0,0.0,0.0,2025-08-03 17:11:02.034,0.95374,2025-08-03 17:11:03.794,0.862772,2025-08-03 17:10:57.000,2025-08-03 17:11:57.000,eqt_earthquakes_th0_1/20250803T171057Z_20250803T171157Z/VJF_outputs/X_prediction_results.csv
TVF,HE,TVF,0,0.0,0.0,0.0,2025-08-03 17:12:06.146,0.27124,2025-08-03 17:12:06.686,0.116766,2025-08-03 17:12:00.000,2025-08-03 17:13:00.000,eqt_earthquakes_th0_1/20250803T171200Z_20250803T171300Z/TVF_outputs/X_prediction_results.csv
RANF,FN,RANF,0,0.0,0.0,0.0,2025-08-04 05:11:24.110,0.957325,2025-08-04 05:11:28.440,0.774857,2025-08-04 05:11:19.000,2025-08-04 05:12:19.000,eqt_earthquakes_th0_1/20250804T051119Z_20250804T051219Z/RANF_outputs/X_prediction_results.csv
OUL,FN,OUL,0,0.0,0.0,0.0,2025-08-04 05:11:30.790,0.939238,2025-08-04 05:11:39.590,0.757926,2025-08-04 05:11:25.000,2025-08-04 05:12:25.000,eqt_earthquakes_th0_1/20250804T051125Z_20250804T051225Z/OUL_outputs/X_prediction_results.csv
TOF,HE,TOF,0,0.0,0.0,0.0,2025-08-04 05:11:33.870,0.782299,2025-08-04 05:11:45.260,0.54766,2025-08-04 05:11:28.000,2025-08-04 05:12:28.000,eqt_earthquakes_th0_1/20250804T051128Z_20250804T051228Z/TOF_outputs/X_prediction_results.csv
RNF,FN,RNF,0,0.0,0.0,0.0,2025-08-04 05:11:34.030,0.530702,2025-08-04 05:11:44.860,0.349363,2025-08-04 05:11:29.000,2025-08-04 05:12:29.000,eqt_earthquakes_th0_1/20250804T051129Z_20250804T051229Z/RNF_outputs/X_prediction_results.csv
OBF3,HE,OBF3,0,0.0,0.0,0.0,2025-08-04 05:11:39.044,0.942659,2025-08-04 05:11:53.824,0.614075,2025-08-04 05:11:34.000,2025-08-04 05:12:34.000,eqt_earthquakes_th0_1/20250804T051134Z_20250804T051234Z/OBF3_outputs/X_prediction_results.csv
OLKF,FN,OLKF,0,0.0,0.0,0.0,,,2025-08-04 05:12:00.410,0.297794,2025-08-04 05:11:37.000,2025-08-04 05:12:37.000,eqt_earthquakes_th0_1/20250804T051137Z_20250804T051237Z/OLKF_outputs/X_prediction_results.csv
OBF0,HE,OBF0,0,0.0,0.0,0.0,2025-08-04 05:11:45.602,0.279995,2025-08-04 05:12:05.082,0.233686,2025-08-04 05:11:40.000,2025-08-04 05:12:40.000,eqt_earthquakes_th0_1/20250804T051140Z_20250804T051240Z/OBF0_outputs/X_prediction_results.csv
KLF,FN,KLF,0,0.0,0.0,0.0,,,2025-08-04 05:12:11.770,0.406971,2025-08-04 05:11:44.000,2025-08-04 05:12:44.000,eqt_earthquakes_th0_1/20250804T051144Z_20250804T051244Z/KLF_outputs/X_prediction_results.csv
KPF,HE,KPF,0,0.0,0.0,0.0,2025-08-06 13:24:29.476,0.152208,,,2025-08-06 13:24:23.000,2025-08-06 13:25:23.000,eqt_earthquakes_th0_1/20250806T132423Z_20250806T132523Z/KPF_outputs/X_prediction_results.csv
KPF,HE,KPF,0,0.0,0.0,0.0,2025-08-06 13:24:28.486,0.650322,2025-08-06 13:24:54.956,0.408185,2025-08-06 13:24:23.000,2025-08-06 13:25:23.000,eqt_earthquakes_th0_1/20250806T132423Z_20250806T132523Z/KPF_outputs/X_prediction_results.csv
AAL,UP,AAL,0,0.0,0.0,0.0,2025-08-06 13:24:29.330,0.390147,2025-08-06 13:24:57.150,0.433746,2025-08-06 13:24:24.000,2025-08-06 13:25:24.000,eqt_earthquakes_th0_1/20250806T132424Z_20250806T132524Z/AAL_outputs/X_prediction_results.csv
RAF,HE,RAF,0,0.0,0.0,0.0,2025-08-06 13:24:30.280,0.414257,2025-08-06 13:24:57.360,0.358854,2025-08-06 13:24:25.000,2025-08-06 13:25:25.000,eqt_earthquakes_th0_1/20250806T132425Z_20250806T132525Z/RAF_outputs/X_prediction_results.csv
VAF,HE,VAF,0,0.0,0.0,0.0,2025-08-06 13:24:36.060,0.47549,,,2025-08-06 13:24:31.000,2025-08-06 13:25:31.000,eqt_earthquakes_th0_1/20250806T132431Z_20250806T132531Z/VAF_outputs/X_prediction_results.csv
VAF,HE,VAF,0,0.0,0.0,0.0,,,2025-08-06 13:25:07.980,0.370353,2025-08-06 13:24:31.000,2025-08-06 13:25:31.000,eqt_earthquakes_th0_1/20250806T132431Z_20250806T132531Z/VAF_outputs/X_prediction_results.csv
RAF,HE,RAF,0,0.0,0.0,0.0,2025-08-11 20:58:35.480,0.949577,2025-08-11 20:58:38.700,0.844157,2025-08-11 20:58:30.000,2025-08-11 20:59:30.000,eqt_earthquakes_th0_1/20250811T205830Z_20250811T205930Z/RAF_outputs/X_prediction_results.csv
KPF,HE,KPF,0,0.0,0.0,0.0,2025-08-11 20:58:45.730,0.949598,2025-08-11 20:58:55.730,0.562181,2025-08-11 20:58:40.000,2025-08-11 20:59:40.000,eqt_earthquakes_th0_1/20250811T205840Z_20250811T205940Z/KPF_outputs/X_prediction_results.csv
AAL,UP,AAL,0,0.0,0.0,0.0,2025-08-11 20:58:52.010,0.950821,2025-08-11 20:59:07.540,0.60812,2025-08-11 20:58:47.000,2025-08-11 20:59:47.000,eqt_earthquakes_th0_1/20250811T205847Z_20250811T205947Z/AAL_outputs/X_prediction_results.csv
TVF,HE,TVF,0,0.0,0.0,0.0,2025-08-11 20:59:00.330,0.412237,2025-08-11 20:59:21.180,0.482187,2025-08-11 20:58:55.000,2025-08-11 20:59:55.000,eqt_earthquakes_th0_1/20250811T205855Z_20250811T205955Z/TVF_outputs/X_prediction_results.csv
NUR,HE,NUR,0,0.0,0.0,0.0,2025-08-11 20:59:02.568,0.926369,2025-08-11 20:59:25.608,0.463844,2025-08-11 20:58:57.000,2025-08-11 20:59:57.000,eqt_earthquakes_th0_1/20250811T205857Z_20250811T205957Z/NUR_outputs/X_prediction_results.csv
MEF,HE,MEF,0,0.0,0.0,0.0,2025-08-11 20:59:02.900,0.806884,2025-08-11 20:59:26.080,0.527992,2025-08-11 20:58:57.000,2025-08-11 20:59:57.000,eqt_earthquakes_th0_1/20250811T205857Z_20250811T205957Z/MEF_outputs/X_prediction_results.csv
KUNI,HE,KUNI,0,0.0,0.0,0.0,2025-08-11 20:59:06.304,0.661773,2025-08-11 20:59:32.224,0.572871,2025-08-11 20:59:01.000,2025-08-11 21:00:01.000,eqt_earthquakes_th0_1/20250811T205901Z_20250811T210001Z/KUNI_outputs/X_prediction_results.csv
HEL5,HE,HEL5,0,0.0,0.0,0.0,2025-08-11 20:59:06.314,0.90761,2025-08-11 20:59:32.804,0.362685,2025-08-11 20:59:01.000,2025-08-11 21:00:01.000,eqt_earthquakes_th0_1/20250811T205901Z_20250811T210001Z/HEL5_outputs/X_prediction_results.csv
KEF,HE,KEF,0,0.0,0.0,0.0,2025-08-11 20:59:07.160,0.862423,2025-08-11 20:59:32.410,0.31885,2025-08-11 20:59:02.000,2025-08-11 21:00:02.000,eqt_earthquakes_th0_1/20250811T205902Z_20250811T210002Z/KEF_outputs/X_prediction_results.csv
VAF,HE,VAF,0,0.0,0.0,0.0,2025-08-11 20:59:07.550,0.891767,2025-08-11 20:59:34.180,0.282426,2025-08-11 20:59:02.000,2025-08-11 21:00:02.000,eqt_earthquakes_th0_1/20250811T205902Z_20250811T210002Z/VAF_outputs/X_prediction_results.csv
KU6,HE,KU6,0,0.0,0.0,0.0,2025-08-13 06:08:03.210,0.956024,2025-08-13 06:08:06.200,0.862671,2025-08-13 06:07:58.000,2025-08-13 06:08:58.000,eqt_earthquakes_th0_1/20250813T060758Z_20250813T060858Z/KU6_outputs/X_prediction_results.csv
OLKF,FN,OLKF,0,0.0,0.0,0.0,2025-08-13 06:08:05.540,0.122026,2025-08-13 06:08:09.470,0.616996,2025-08-13 06:08:00.000,2025-08-13 06:09:00.000,eqt_earthquakes_th0_1/20250813T060800Z_20250813T060900Z/OLKF_outputs/X_prediction_results.csv
RUF,HE,RUF,0,0.0,0.0,0.0,2025-08-13 10:40:16.456,0.947334,2025-08-13 10:40:20.756,0.73621,2025-08-13 10:40:11.000,2025-08-13 10:41:11.000,eqt_earthquakes_th0_1/20250813T104011Z_20250813T104111Z/RUF_outputs/X_prediction_results.csv
VJF,HE,VJF,0,0.0,0.0,0.0,2025-08-13 10:40:24.472,0.954368,2025-08-13 10:40:35.302,0.355193,2025-08-13 10:40:19.000,2025-08-13 10:41:19.000,eqt_earthquakes_th0_1/20250813T104019Z_20250813T104119Z/VJF_outputs/X_prediction_results.csv
FIA0,HE,FIA0,0,0.0,0.0,0.0,2025-08-13 10:40:33.060,0.959895,2025-08-13 10:40:54.070,0.234425,2025-08-13 10:40:28.000,2025-08-13 10:41:28.000,eqt_earthquakes_th0_1/20250813T104028Z_20250813T104128Z/FIA0_outputs/X_prediction_results.csv
FIA1,HE,FIA1,0,0.0,0.0,0.0,2025-08-13 10:40:33.490,0.26144,,,2025-08-13 10:40:28.000,2025-08-13 10:41:28.000,eqt_earthquakes_th0_1/20250813T104028Z_20250813T104128Z/FIA1_outputs/X_prediction_results.csv
KAF,HE,KAF,0,0.0,0.0,0.0,2025-08-13 10:40:37.510,0.948771,2025-08-13 10:40:57.560,0.205267,2025-08-13 10:40:32.000,2025-08-13 10:41:32.000,eqt_earthquakes_th0_1/20250813T104032Z_20250813T104132Z/KAF_outputs/X_prediction_results.csv
SUF,HE,SUF,0,0.0,0.0,0.0,2025-08-13 10:40:46.138,0.622678,,,2025-08-13 10:40:41.000,2025-08-13 10:41:41.000,eqt_earthquakes_th0_1/20250813T104041Z_20250813T104141Z/SUF_outputs/X_prediction_results.csv
VJF,HE,VJF,0,0.0,0.0,0.0,2025-08-13 15:06:36.642,0.816762,2025-08-13 15:06:42.322,0.615784,2025-08-13 15:06:31.000,2025-08-13 15:07:31.000,eqt_earthquakes_th0_1/20250813T150631Z_20250813T150731Z/VJF_outputs/X_prediction_results.csv
FIA0,HE,FIA0,0,0.0,0.0,0.0,2025-08-13 15:06:42.370,0.948781,2025-08-13 15:06:52.490,0.47908,2025-08-13 15:06:37.000,2025-08-13 15:07:37.000,eqt_earthquakes_th0_1/20250813T150637Z_20250813T150737Z/FIA0_outputs/X_prediction_results.csv
FIA1,HE,FIA1,0,0.0,0.0,0.0,2025-08-13 15:06:42.460,0.947743,2025-08-13 15:06:52.350,0.555525,2025-08-13 15:06:37.000,2025-08-13 15:07:37.000,eqt_earthquakes_th0_1/20250813T150637Z_20250813T150737Z/FIA1_outputs/X_prediction_results.csv
RUF,HE,RUF,0,0.0,0.0,0.0,2025-08-13 15:06:50.216,0.161718,,,2025-08-13 15:06:44.000,2025-08-13 15:07:44.000,eqt_earthquakes_th0_1/20250813T150644Z_20250813T150744Z/RUF_outputs/X_prediction_results.csv
RUF,HE,RUF,0,0.0,0.0,0.0,2025-08-13 15:06:51.216,0.110347,,,2025-08-13 15:06:44.000,2025-08-13 15:07:44.000,eqt_earthquakes_th0_1/20250813T150644Z_20250813T150744Z/RUF_outputs/X_prediction_results.csv
RUF,HE,RUF,0,0.0,0.0,0.0,2025-08-13 15:06:49.216,0.151637,2025-08-13 15:07:03.896,0.500664,2025-08-13 15:06:44.000,2025-08-13 15:07:44.000,eqt_earthquakes_th0_1/20250813T150644Z_20250813T150744Z/RUF_outputs/X_prediction_results.csv
NUR,HE,NUR,0,0.0,0.0,0.0,2025-08-13 15:06:50.324,0.904531,2025-08-13 15:07:06.184,0.415796,2025-08-13 15:06:45.000,2025-08-13 15:07:45.000,eqt_earthquakes_th0_1/20250813T150645Z_20250813T150745Z/NUR_outputs/X_prediction_results.csv
KEF,HE,KEF,0,0.0,0.0,0.0,,,2025-08-13 15:07:21.300,0.625043,2025-08-13 15:06:53.000,2025-08-13 15:07:53.000,eqt_earthquakes_th0_1/20250813T150653Z_20250813T150753Z/KEF_outputs/X_prediction_results.csv
HEL1,HE,HEL1,0,0.0,0.0,0.0,2025-08-13 15:07:06.540,0.297304,2025-08-13 15:07:12.040,0.327557,2025-08-13 15:07:01.000,2025-08-13 15:08:01.000,eqt_earthquakes_th0_1/20250813T150701Z_20250813T150801Z/HEL1_outputs/X_prediction_results.csv
LAUT,HE,LAUT,0,0.0,0.0,0.0,2025-08-13 15:07:07.622,0.185512,,,2025-08-13 15:07:02.000,2025-08-13 15:08:02.000,eqt_earthquakes_th0_1/20250813T150702Z_20250813T150802Z/LAUT_outputs/X_prediction_results.csv
KAF,HE,KAF,0,0.0,0.0,0.0,,,2025-08-13 15:07:10.050,0.597748,2025-08-13 15:07:04.000,2025-08-13 15:08:04.000,eqt_earthquakes_th0_1/20250813T150704Z_20250813T150804Z/KAF_outputs/X_prediction_results.csv
SUF,HE,SUF,0,0.0,0.0,0.0,,,2025-08-13 15:07:28.346,0.426637,2025-08-13 15:07:22.000,2025-08-13 15:08:22.000,eqt_earthquakes_th0_1/20250813T150722Z_20250813T150822Z/SUF_outputs/X_prediction_results.csv
TVF,HE,TVF,0,0.0,0.0,0.0,,,2025-08-13 15:07:34.100,0.171491,2025-08-13 15:07:27.000,2025-08-13 15:08:27.000,eqt_earthquakes_th0_1/20250813T150727Z_20250813T150827Z/TVF_outputs/X_prediction_results.csv
RAF,HE,RAF,0,0.0,0.0,0.0,,,2025-08-13 15:07:46.740,0.171826,2025-08-13 15:07:41.000,2025-08-13 15:08:41.000,eqt_earthquakes_th0_1/20250813T150741Z_20250813T150841Z/RAF_outputs/X_prediction_results.csv
VJF,HE,VJF,0,0.0,0.0,0.0,2025-08-13 15:18:39.780,0.945201,2025-08-13 15:18:45.470,0.615423,2025-08-13 15:18:34.000,2025-08-13 15:19:34.000,eqt_earthquakes_th0_1/20250813T151834Z_20250813T151934Z/VJF_outputs/X_prediction_results.csv
FIA0,HE,FIA0,0,0.0,0.0,0.0,2025-08-13 15:18:45.500,0.932618,2025-08-13 15:18:55.670,0.641891,2025-08-13 15:18:40.000,2025-08-13 15:19:40.000,eqt_earthquakes_th0_1/20250813T151840Z_20250813T151940Z/FIA0_outputs/X_prediction_results.csv
FIA1,HE,FIA1,0,0.0,0.0,0.0,2025-08-13 15:18:45.590,0.939437,2025-08-13 15:18:55.740,0.663463,2025-08-13 15:18:40.000,2025-08-13 15:19:40.000,eqt_earthquakes_th0_1/20250813T151840Z_20250813T151940Z/FIA1_outputs/X_prediction_results.csv
KEF,HE,KEF,0,0.0,0.0,0.0,,,2025-08-13 15:19:24.380,0.570057,2025-08-13 15:19:18.000,2025-08-13 15:20:18.000,eqt_earthquakes_th0_1/20250813T151918Z_20250813T152018Z/KEF_outputs/X_prediction_results.csv
VJF,HE,VJF,0,0.0,0.0,0.0,2025-08-13 15:22:29.916,0.946577,2025-08-13 15:22:35.626,0.663851,2025-08-13 15:22:24.000,2025-08-13 15:23:24.000,eqt_earthquakes_th0_1/20250813T152224Z_20250813T152324Z/VJF_outputs/X_prediction_results.csv
FIA1,HE,FIA1,0,0.0,0.0,0.0,2025-08-13 15:22:35.710,0.950365,2025-08-13 15:22:45.810,0.618655,2025-08-13 15:22:30.000,2025-08-13 15:23:30.000,eqt_earthquakes_th0_1/20250813T152230Z_20250813T152330Z/FIA1_outputs/X_prediction_results.csv
FIA0,HE,FIA0,0,0.0,0.0,0.0,2025-08-13 15:22:35.720,0.95177,2025-08-13 15:22:45.840,0.61238,2025-08-13 15:22:30.000,2025-08-13 15:23:30.000,eqt_earthquakes_th0_1/20250813T152230Z_20250813T152330Z/FIA0_outputs/X_prediction_results.csv
RUF,HE,RUF,0,0.0,0.0,0.0,2025-08-13 15:22:42.538,0.797522,2025-08-13 15:22:57.268,0.534981,2025-08-13 15:22:37.000,2025-08-13 15:23:37.000,eqt_earthquakes_th0_1/20250813T152237Z_20250813T152337Z/RUF_outputs/X_prediction_results.csv
NUR,HE,NUR,0,0.0,0.0,0.0,2025-08-13 15:22:43.710,0.918403,2025-08-13 15:22:59.480,0.349292,2025-08-13 15:22:38.000,2025-08-13 15:23:38.000,eqt_earthquakes_th0_1/20250813T152238Z_20250813T152338Z/NUR_outputs/X_prediction_results.csv
KEF,HE,KEF,0,0.0,0.0,0.0,2025-08-13 15:22:52.040,0.808124,2025-08-13 15:23:14.600,0.602276,2025-08-13 15:22:47.000,2025-08-13 15:23:47.000,eqt_earthquakes_th0_1/20250813T152247Z_20250813T152347Z/KEF_outputs/X_prediction_results.csv
KAF,HE,KAF,0,0.0,0.0,0.0,2025-08-13 15:23:03.410,0.593478,,,2025-08-13 15:22:57.000,2025-08-13 15:23:57.000,eqt_earthquakes_th0_1/20250813T152257Z_20250813T152357Z/KAF_outputs/X_prediction_results.csv
KAF,HE,KAF,0,0.0,0.0,0.0,,,2025-08-13 15:23:03.370,0.343372,2025-08-13 15:22:57.000,2025-08-13 15:23:57.000,eqt_earthquakes_th0_1/20250813T152257Z_20250813T152357Z/KAF_outputs/X_prediction_results.csv
RAF,HE,RAF,0,0.0,0.0,0.0,,,2025-08-13 15:23:39.420,0.167967,2025-08-13 15:23:00.000,2025-08-13 15:24:00.000,eqt_earthquakes_th0_1/20250813T152300Z_20250813T152400Z/RAF_outputs/X_prediction_results.csv
SUF,HE,SUF,0,0.0,0.0,0.0,,,2025-08-13 15:23:21.644,0.653265,2025-08-13 15:23:16.000,2025-08-13 15:24:16.000,eqt_earthquakes_th0_1/20250813T152316Z_20250813T152416Z/SUF_outputs/X_prediction_results.csv
TVF,HE,TVF,0,0.0,0.0,0.0,,,2025-08-13 15:23:27.356,0.333248,2025-08-13 15:23:21.000,2025-08-13 15:24:21.000,eqt_earthquakes_th0_1/20250813T152321Z_20250813T152421Z/TVF_outputs/X_prediction_results.csv
VJF,HE,VJF,0,0.0,0.0,0.0,2025-08-13 15:25:48.568,0.883767,2025-08-13 15:25:54.358,0.484676,2025-08-13 15:25:43.000,2025-08-13 15:26:43.000,eqt_earthquakes_th0_1/20250813T152543Z_20250813T152643Z/VJF_outputs/X_prediction_results.csv
FIA0,HE,FIA0,0,0.0,0.0,0.0,2025-08-13 15:25:54.180,0.86164,2025-08-13 15:26:04.460,0.719637,2025-08-13 15:25:49.000,2025-08-13 15:26:49.000,eqt_earthquakes_th0_1/20250813T152549Z_20250813T152649Z/FIA0_outputs/X_prediction_results.csv
FIA1,HE,FIA1,0,0.0,0.0,0.0,2025-08-13 15:25:54.330,0.939846,2025-08-13 15:26:04.440,0.666896,2025-08-13 15:25:49.000,2025-08-13 15:26:49.000,eqt_earthquakes_th0_1/20250813T152549Z_20250813T152649Z/FIA1_outputs/X_prediction_results.csv
OBF0,HE,OBF0,0,0.0,0.0,0.0,2025-08-17 03:15:24.556,0.899141,2025-08-17 03:15:43.086,0.226184,2025-08-17 03:15:19.000,2025-08-17 03:16:19.000,eqt_earthquakes_th0_1/20250817T031519Z_20250817T031619Z/OBF0_outputs/X_prediction_results.csv
OBF3,HE,OBF3,0,0.0,0.0,0.0,2025-08-17 03:15:25.704,0.951925,2025-08-17 03:15:45.364,0.410642,2025-08-17 03:15:20.000,2025-08-17 03:16:20.000,eqt_earthquakes_th0_1/20250817T031520Z_20250817T031620Z/OBF3_outputs/X_prediction_results.csv
TOF,HE,TOF,0,0.0,0.0,0.0,2025-08-17 03:15:27.570,0.955535,2025-08-17 03:15:48.640,0.632569,2025-08-17 03:15:22.000,2025-08-17 03:16:22.000,eqt_earthquakes_th0_1/20250817T031522Z_20250817T031622Z/TOF_outputs/X_prediction_results.csv
OUL,FN,OUL,0,0.0,0.0,0.0,2025-08-17 03:15:31.880,0.944155,2025-08-17 03:15:56.030,0.235805,2025-08-17 03:15:26.000,2025-08-17 03:16:26.000,eqt_earthquakes_th0_1/20250817T031526Z_20250817T031626Z/OUL_outputs/X_prediction_results.csv
VAF,HE,VAF,0,0.0,0.0,0.0,2025-08-17 03:15:35.710,0.916075,2025-08-17 03:16:01.110,0.170307,2025-08-17 03:15:30.000,2025-08-17 03:16:30.000,eqt_earthquakes_th0_1/20250817T031530Z_20250817T031630Z/VAF_outputs/X_prediction_results.csv
VAF,HE,VAF,0,0.0,0.0,0.0,,,2025-08-17 03:16:05.540,0.169371,2025-08-17 03:15:30.000,2025-08-17 03:16:30.000,eqt_earthquakes_th0_1/20250817T031530Z_20250817T031630Z/VAF_outputs/X_prediction_results.csv
OBF8,HE,OBF8,0,0.0,0.0,0.0,,,2025-08-17 03:15:37.780,0.664732,2025-08-17 03:15:32.000,2025-08-17 03:16:32.000,eqt_earthquakes_th0_1/20250817T031532Z_20250817T031632Z/OBF8_outputs/X_prediction_results.csv
RANF,FN,RANF,0,0.0,0.0,0.0,2025-08-17 03:15:38.550,0.922242,,,2025-08-17 03:15:33.000,2025-08-17 03:16:33.000,eqt_earthquakes_th0_1/20250817T031533Z_20250817T031633Z/RANF_outputs/X_prediction_results.csv
RANF,FN,RANF,0,0.0,0.0,0.0,,,2025-08-17 03:16:14.630,0.136287,2025-08-17 03:15:33.000,2025-08-17 03:16:33.000,eqt_earthquakes_th0_1/20250817T031533Z_20250817T031633Z/RANF_outputs/X_prediction_results.csv
KLF,FN,KLF,0,0.0,0.0,0.0,2025-08-17 03:15:38.410,0.88199,2025-08-17 03:16:07.280,0.24467,2025-08-17 03:15:33.000,2025-08-17 03:16:33.000,eqt_earthquakes_th0_1/20250817T031533Z_20250817T031633Z/KLF_outputs/X_prediction_results.csv
SUF,HE,SUF,0,0.0,0.0,0.0,2025-08-17 03:15:50.096,0.168058,,,2025-08-17 03:15:45.000,2025-08-17 03:16:45.000,eqt_earthquakes_th0_1/20250817T031545Z_20250817T031645Z/SUF_outputs/X_prediction_results.csv
SUF,HE,SUF,0,0.0,0.0,0.0,,,2025-08-17 03:16:26.536,0.3495,2025-08-17 03:15:45.000,2025-08-17 03:16:45.000,eqt_earthquakes_th0_1/20250817T031545Z_20250817T031645Z/SUF_outputs/X_prediction_results.csv
KPF,HE,KPF,0,0.0,0.0,0.0,2025-08-17 03:15:51.514,0.884881,,,2025-08-17 03:15:46.000,2025-08-17 03:16:46.000,eqt_earthquakes_th0_1/20250817T031546Z_20250817T031646Z/KPF_outputs/X_prediction_results.csv
KEF,HE,KEF,0,0.0,0.0,0.0,,,2025-08-17 03:16:29.780,0.361096,2025-08-17 03:15:46.000,2025-08-17 03:16:46.000,eqt_earthquakes_th0_1/20250817T031546Z_20250817T031646Z/KEF_outputs/X_prediction_results.csv
KPF,HE,KPF,0,0.0,0.0,0.0,,,2025-08-17 03:16:29.274,0.388781,2025-08-17 03:15:46.000,2025-08-17 03:16:46.000,eqt_earthquakes_th0_1/20250817T031546Z_20250817T031646Z/KPF_outputs/X_prediction_results.csv
NIF,HE,NIF,0,0.0,0.0,0.0,2025-08-17 03:15:51.202,0.8346,2025-08-17 03:15:59.282,0.407766,2025-08-17 03:15:46.000,2025-08-17 03:16:46.000,eqt_earthquakes_th0_1/20250817T031546Z_20250817T031646Z/NIF_outputs/X_prediction_results.csv
KEF,HE,KEF,0,0.0,0.0,0.0,2025-08-17 03:15:51.940,0.951709,,,2025-08-17 03:15:46.000,2025-08-17 03:16:46.000,eqt_earthquakes_th0_1/20250817T031546Z_20250817T031646Z/KEF_outputs/X_prediction_results.csv
SGF,FN,SGF,0,0.0,0.0,0.0,2025-08-17 03:16:24.340,0.260122,2025-08-17 03:16:34.400,0.415213,2025-08-17 03:16:19.000,2025-08-17 03:17:19.000,eqt_earthquakes_th0_1/20250817T031619Z_20250817T031719Z/SGF_outputs/X_prediction_results.csv
RMF,HE,RMF,0,0.0,0.0,0.0,,,2025-08-17 03:16:40.882,0.62448,2025-08-17 03:16:35.000,2025-08-17 03:17:35.000,eqt_earthquakes_th0_1/20250817T031635Z_20250817T031735Z/RMF_outputs/X_prediction_results.csv
RAF,HE,RAF,0,0.0,0.0,0.0,2025-08-17 04:58:50.060,0.814654,2025-08-17 04:59:02.370,0.140802,2025-08-17 04:58:45.000,2025-08-17 04:59:45.000,eqt_earthquakes_th0_1/20250817T045845Z_20250817T045945Z/RAF_outputs/X_prediction_results.csv
RAF,HE,RAF,0,0.0,0.0,0.0,,,2025-08-17 04:59:07.280,0.338693,2025-08-17 04:58:45.000,2025-08-17 04:59:45.000,eqt_earthquakes_th0_1/20250817T045845Z_20250817T045945Z/RAF_outputs/X_prediction_results.csv
KPF,HE,KPF,0,0.0,0.0,0.0,2025-08-17 04:59:04.738,0.830409,2025-08-17 04:59:29.648,0.149039,2025-08-17 04:58:59.000,2025-08-17 04:59:59.000,eqt_earthquakes_th0_1/20250817T045859Z_20250817T045959Z/KPF_outputs/X_prediction_results.csv
MSF,FN,MSF,0,0.0,0.0,0.0,2025-08-18 08:06:07.940,0.953163,2025-08-18 08:06:11.710,0.875638,2025-08-18 08:06:02.000,2025-08-18 08:07:02.000,eqt_earthquakes_th0_1/20250818T080602Z_20250818T080702Z/MSF_outputs/X_prediction_results.csv
KU6,HE,KU6,0,0.0,0.0,0.0,2025-08-18 08:06:09.850,0.94668,2025-08-18 08:06:15.010,0.820886,2025-08-18 08:06:04.000,2025-08-18 08:07:04.000,eqt_earthquakes_th0_1/20250818T080604Z_20250818T080704Z/KU6_outputs/X_prediction_results.csv
OLKF,FN,OLKF,0,0.0,0.0,0.0,2025-08-18 08:06:13.150,0.708185,2025-08-18 08:06:20.660,0.64164,2025-08-18 08:06:08.000,2025-08-18 08:07:08.000,eqt_earthquakes_th0_1/20250818T080608Z_20250818T080708Z/OLKF_outputs/X_prediction_results.csv
RANF,FN,RANF,0,0.0,0.0,0.0,,,2025-08-18 08:06:35.770,0.599587,2025-08-18 08:06:17.000,2025-08-18 08:07:17.000,eqt_earthquakes_th0_1/20250818T080617Z_20250818T080717Z/RANF_outputs/X_prediction_results.csv
TVF,HE,TVF,0,0.0,0.0,0.0,2025-08-18 20:13:12.860,0.949615,2025-08-18 20:13:14.700,0.74824,2025-08-18 20:13:07.000,2025-08-18 20:14:07.000,eqt_earthquakes_th0_1/20250818T201307Z_20250818T201407Z/TVF_outputs/X_prediction_results.csv
MEF,HE,MEF,0,0.0,0.0,0.0,2025-08-18 20:13:24.300,0.949442,2025-08-18 20:13:33.890,0.3479,2025-08-18 20:13:19.000,2025-08-18 20:14:19.000,eqt_earthquakes_th0_1/20250818T201319Z_20250818T201419Z/MEF_outputs/X_prediction_results.csv
HEL5,HE,HEL5,0,0.0,0.0,0.0,2025-08-18 20:13:26.772,0.947739,2025-08-18 20:13:38.162,0.305298,2025-08-18 20:13:21.000,2025-08-18 20:14:21.000,eqt_earthquakes_th0_1/20250818T201321Z_20250818T201421Z/HEL5_outputs/X_prediction_results.csv
NUR,HE,NUR,0,0.0,0.0,0.0,2025-08-18 20:13:28.796,0.924673,2025-08-18 20:13:42.436,0.49508,2025-08-18 20:13:23.000,2025-08-18 20:14:23.000,eqt_earthquakes_th0_1/20250818T201323Z_20250818T201423Z/NUR_outputs/X_prediction_results.csv
RAF,HE,RAF,0,0.0,0.0,0.0,,,2025-08-18 20:13:56.110,0.31265,2025-08-18 20:13:28.000,2025-08-18 20:14:28.000,eqt_earthquakes_th0_1/20250818T201328Z_20250818T201428Z/RAF_outputs/X_prediction_results.csv
RAF,HE,RAF,0,0.0,0.0,0.0,2025-08-18 20:13:33.710,0.917466,2025-08-18 20:13:50.520,0.184467,2025-08-18 20:13:28.000,2025-08-18 20:14:28.000,eqt_earthquakes_th0_1/20250818T201328Z_20250818T201428Z/RAF_outputs/X_prediction_results.csv
AAL,UP,AAL,0,0.0,0.0,0.0,2025-08-18 20:13:58.480,0.832617,2025-08-18 20:14:02.060,0.772745,2025-08-18 20:13:33.000,2025-08-18 20:14:33.000,eqt_earthquakes_th0_1/20250818T201333Z_20250818T201433Z/AAL_outputs/X_prediction_results.csv
KPF,HE,KPF,0,0.0,0.0,0.0,2025-08-18 20:13:46.234,0.889465,2025-08-18 20:14:12.494,0.181465,2025-08-18 20:13:41.000,2025-08-18 20:14:41.000,eqt_earthquakes_th0_1/20250818T201341Z_20250818T201441Z/KPF_outputs/X_prediction_results.csv
RAF,HE,RAF,0,0.0,0.0,0.0,2025-08-20 13:05:53.490,0.949166,2025-08-20 13:05:59.010,0.823653,2025-08-20 13:05:48.000,2025-08-20 13:06:48.000,eqt_earthquakes_th0_1/20250820T130548Z_20250820T130648Z/RAF_outputs/X_prediction_results.csv
AAL,UP,AAL,0,0.0,0.0,0.0,2025-08-20 13:06:01.850,0.939211,2025-08-20 13:06:13.560,0.481861,2025-08-20 13:05:56.000,2025-08-20 13:06:56.000,eqt_earthquakes_th0_1/20250820T130556Z_20250820T130656Z/AAL_outputs/X_prediction_results.csv
KPF,HE,KPF,0,0.0,0.0,0.0,2025-08-20 13:06:08.324,0.842607,2025-08-20 13:06:25.074,0.45703,2025-08-20 13:06:03.000,2025-08-20 13:07:03.000,eqt_earthquakes_th0_1/20250820T130603Z_20250820T130703Z/KPF_outputs/X_prediction_results.csv
FIA0,HE,FIA0,0,0.0,0.0,0.0,,,2025-08-20 13:06:59.680,0.256974,2025-08-20 13:06:52.000,2025-08-20 13:07:52.000,eqt_earthquakes_th0_1/20250820T130652Z_20250820T130752Z/FIA0_outputs/X_prediction_results.csv
KIF,HE,KIF,0,0.0,0.0,0.0,2025-08-22 03:37:45.420,0.942841,2025-08-22 03:37:59.400,0.558628,2025-08-22 03:37:40.000,2025-08-22 03:38:40.000,eqt_earthquakes_th0_1/20250822T033740Z_20250822T033840Z/KIF_outputs/X_prediction_results.csv
HEF,HE,HEF,0,0.0,0.0,0.0,2025-08-22 03:37:53.700,0.952214,2025-08-22 03:38:12.910,0.593904,2025-08-22 03:37:48.000,2025-08-22 03:38:48.000,eqt_earthquakes_th0_1/20250822T033748Z_20250822T033848Z/HEF_outputs/X_prediction_results.csv
KLF,FN,KLF,0,0.0,0.0,0.0,2025-08-22 03:37:58.800,0.95281,2025-08-22 03:38:22.620,0.644883,2025-08-22 03:37:53.000,2025-08-22 03:38:53.000,eqt_earthquakes_th0_1/20250822T033753Z_20250822T033853Z/KLF_outputs/X_prediction_results.csv
SGF,FN,SGF,0,0.0,0.0,0.0,2025-08-22 03:38:10.020,0.877081,,,2025-08-22 03:38:05.000,2025-08-22 03:39:05.000,eqt_earthquakes_th0_1/20250822T033805Z_20250822T033905Z/SGF_outputs/X_prediction_results.csv
TOF,HE,TOF,0,0.0,0.0,0.0,2025-08-22 03:38:11.150,0.833182,,,2025-08-22 03:38:06.000,2025-08-22 03:39:06.000,eqt_earthquakes_th0_1/20250822T033806Z_20250822T033906Z/TOF_outputs/X_prediction_results.csv
TOF,HE,TOF,0,0.0,0.0,0.0,,,2025-08-22 03:38:48.180,0.28711,2025-08-22 03:38:06.000,2025-08-22 03:39:06.000,eqt_earthquakes_th0_1/20250822T033806Z_20250822T033906Z/TOF_outputs/X_prediction_results.csv
RNF,FN,RNF,0,0.0,0.0,0.0,,,2025-08-22 03:38:52.640,0.539167,2025-08-22 03:38:10.000,2025-08-22 03:39:10.000,eqt_earthquakes_th0_1/20250822T033810Z_20250822T033910Z/RNF_outputs/X_prediction_results.csv
RAJF,FN,RAJF,0,0.0,0.0,0.0,,,2025-08-22 03:38:59.670,0.366039,2025-08-22 03:38:12.000,2025-08-22 03:39:12.000,eqt_earthquakes_th0_1/20250822T033812Z_20250822T033912Z/RAJF_outputs/X_prediction_results.csv
RAJF,FN,RAJF,0,0.0,0.0,0.0,2025-08-22 03:38:17.410,0.157831,,,2025-08-22 03:38:12.000,2025-08-22 03:39:12.000,eqt_earthquakes_th0_1/20250822T033812Z_20250822T033912Z/RAJF_outputs/X_prediction_results.csv
RANF,FN,RANF,0,0.0,0.0,0.0,2025-08-22 03:38:21.060,0.922174,2025-08-22 03:38:28.930,0.429741,2025-08-22 03:38:16.000,2025-08-22 03:39:16.000,eqt_earthquakes_th0_1/20250822T033816Z_20250822T033916Z/RANF_outputs/X_prediction_results.csv
OLKF,FN,OLKF,0,0.0,0.0,0.0,2025-08-22 03:38:30.160,0.203535,2025-08-22 03:38:38.410,0.122228,2025-08-22 03:38:25.000,2025-08-22 03:39:25.000,eqt_earthquakes_th0_1/20250822T033825Z_20250822T033925Z/OLKF_outputs/X_prediction_results.csv
OBF0,HE,OBF0,0,0.0,0.0,0.0,,,2025-08-22 03:39:31.072,0.147738,2025-08-22 03:39:10.000,2025-08-22 03:40:10.000,eqt_earthquakes_th0_1/20250822T033910Z_20250822T034010Z/OBF0_outputs/X_prediction_results.csv
TOF,HE,TOF,0,0.0,0.0,0.0,2025-08-23 20:59:47.260,0.951267,2025-08-23 20:59:55.490,0.347613,2025-08-23 20:59:42.000,2025-08-23 21:00:42.000,eqt_earthquakes_th0_1/20250823T205942Z_20250823T210042Z/TOF_outputs/X_prediction_results.csv
KLF,FN,KLF,0,0.0,0.0,0.0,2025-08-23 20:59:47.100,0.943455,2025-08-23 20:59:55.470,0.543956,2025-08-23 20:59:42.000,2025-08-23 21:00:42.000,eqt_earthquakes_th0_1/20250823T205942Z_20250823T210042Z/KLF_outputs/X_prediction_results.csv
RNF,FN,RNF,0,0.0,0.0,0.0,2025-08-23 20:59:52.890,0.942078,2025-08-23 21:00:05.260,0.577804,2025-08-23 20:59:47.000,2025-08-23 21:00:47.000,eqt_earthquakes_th0_1/20250823T205947Z_20250823T210047Z/RNF_outputs/X_prediction_results.csv
SGF,FN,SGF,0,0.0,0.0,0.0,2025-08-23 21:00:00.840,0.940607,2025-08-23 21:00:18.820,0.696688,2025-08-23 20:59:55.000,2025-08-23 21:00:55.000,eqt_earthquakes_th0_1/20250823T205955Z_20250823T210055Z/SGF_outputs/X_prediction_results.csv
RANF,FN,RANF,0,0.0,0.0,0.0,2025-08-23 21:00:01.450,0.955461,2025-08-23 21:00:19.860,0.442043,2025-08-23 20:59:56.000,2025-08-23 21:00:56.000,eqt_earthquakes_th0_1/20250823T205956Z_20250823T210056Z/RANF_outputs/X_prediction_results.csv
RANF,FN,RANF,0,0.0,0.0,0.0,,,2025-08-23 21:00:22.590,0.24266,2025-08-23 20:59:56.000,2025-08-23 21:00:56.000,eqt_earthquakes_th0_1/20250823T205956Z_20250823T210056Z/RANF_outputs/X_prediction_results.csv
HEF,HE,HEF,0,0.0,0.0,0.0,2025-08-23 21:00:07.540,0.956134,2025-08-23 21:00:31.620,0.424285,2025-08-23 21:00:02.000,2025-08-23 21:01:02.000,eqt_earthquakes_th0_1/20250823T210002Z_20250823T210102Z/HEF_outputs/X_prediction_results.csv
OUL,FN,OUL,0,0.0,0.0,0.0,2025-08-23 21:00:08.290,0.956177,2025-08-23 21:00:31.150,0.195834,2025-08-23 21:00:03.000,2025-08-23 21:01:03.000,eqt_earthquakes_th0_1/20250823T210003Z_20250823T210103Z/OUL_outputs/X_prediction_results.csv
OBF3,HE,OBF3,0,0.0,0.0,0.0,2025-08-23 21:00:09.698,0.941677,2025-08-23 21:00:35.108,0.578943,2025-08-23 21:00:04.000,2025-08-23 21:01:04.000,eqt_earthquakes_th0_1/20250823T210004Z_20250823T210104Z/OBF3_outputs/X_prediction_results.csv
MSF,FN,MSF,0,0.0,0.0,0.0,,,2025-08-23 21:00:46.230,0.198266,2025-08-23 21:00:09.000,2025-08-23 21:01:09.000,eqt_earthquakes_th0_1/20250823T210009Z_20250823T210109Z/MSF_outputs/X_prediction_results.csv
MSF,FN,MSF,0,0.0,0.0,0.0,2025-08-23 21:00:14.820,0.198244,,,2025-08-23 21:00:09.000,2025-08-23 21:01:09.000,eqt_earthquakes_th0_1/20250823T210009Z_20250823T210109Z/MSF_outputs/X_prediction_results.csv
RAJF,FN,RAJF,0,0.0,0.0,0.0,2025-08-23 21:00:18.810,0.427676,,,2025-08-23 21:00:13.000,2025-08-23 21:01:13.000,eqt_earthquakes_th0_1/20250823T210013Z_20250823T210113Z/RAJF_outputs/X_prediction_results.csv
RAJF,FN,RAJF,0,0.0,0.0,0.0,2025-08-23 21:00:19.820,0.126642,,,2025-08-23 21:00:13.000,2025-08-23 21:01:13.000,eqt_earthquakes_th0_1/20250823T210013Z_20250823T210113Z/RAJF_outputs/X_prediction_results.csv
OBF0,HE,OBF0,0,0.0,0.0,0.0,,,2025-08-23 21:00:42.536,0.458755,2025-08-23 21:00:37.000,2025-08-23 21:01:37.000,eqt_earthquakes_th0_1/20250823T210037Z_20250823T210137Z/OBF0_outputs/X_prediction_results.csv
OLKF,FN,OLKF,0,0.0,0.0,0.0,,,2025-08-23 21:00:46.880,0.557274,2025-08-23 21:00:39.000,2025-08-23 21:01:39.000,eqt_earthquakes_th0_1/20250823T210039Z_20250823T210139Z/OLKF_outputs/X_prediction_results.csv
KU6,HE,KU6,0,0.0,0.0,0.0,,,2025-08-23 21:00:55.180,0.596428,2025-08-23 21:00:48.000,2025-08-23 21:01:48.000,eqt_earthquakes_th0_1/20250823T210048Z_20250823T210148Z/KU6_outputs/X_prediction_results.csv
TVF,HE,TVF,0,0.0,0.0,0.0,2025-08-24 01:19:52.442,0.95236,2025-08-24 01:19:54.302,0.789516,2025-08-24 01:19:47.000,2025-08-24 01:20:47.000,eqt_earthquakes_th0_1/20250824T011947Z_20250824T012047Z/TVF_outputs/X_prediction_results.csv
MEF,HE,MEF,0,0.0,0.0,0.0,2025-08-24 01:20:03.810,0.937278,2025-08-24 01:20:13.600,0.308136,2025-08-24 01:19:58.000,2025-08-24 01:20:58.000,eqt_earthquakes_th0_1/20250824T011958Z_20250824T012058Z/MEF_outputs/X_prediction_results.csv
LAUT,HE,LAUT,0,0.0,0.0,0.0,2025-08-24 01:20:07.398,0.944433,2025-08-24 01:20:19.748,0.303703,2025-08-24 01:20:02.000,2025-08-24 01:21:02.000,eqt_earthquakes_th0_1/20250824T012002Z_20250824T012102Z/LAUT_outputs/X_prediction_results.csv
NUR,HE,NUR,0,0.0,0.0,0.0,2025-08-24 01:20:08.690,0.95374,2025-08-24 01:20:21.980,0.40996,2025-08-24 01:20:03.000,2025-08-24 01:21:03.000,eqt_earthquakes_th0_1/20250824T012003Z_20250824T012103Z/NUR_outputs/X_prediction_results.csv
RAF,HE,RAF,0,0.0,0.0,0.0,2025-08-24 01:20:13.290,0.629641,2025-08-24 01:20:29.990,0.100072,2025-08-24 01:20:08.000,2025-08-24 01:21:08.000,eqt_earthquakes_th0_1/20250824T012008Z_20250824T012108Z/RAF_outputs/X_prediction_results.csv
RAF,HE,RAF,0,0.0,0.0,0.0,,,2025-08-24 01:20:36.070,0.192768,2025-08-24 01:20:08.000,2025-08-24 01:21:08.000,eqt_earthquakes_th0_1/20250824T012008Z_20250824T012108Z/RAF_outputs/X_prediction_results.csv
KPF,HE,KPF,0,0.0,0.0,0.0,2025-08-24 01:20:25.516,0.192231,,,2025-08-24 01:20:20.000,2025-08-24 01:21:20.000,eqt_earthquakes_th0_1/20250824T012020Z_20250824T012120Z/KPF_outputs/X_prediction_results.csv
KPF,HE,KPF,0,0.0,0.0,0.0,2025-08-24 01:20:26.526,0.140514,,,2025-08-24 01:20:20.000,2025-08-24 01:21:20.000,eqt_earthquakes_th0_1/20250824T012020Z_20250824T012120Z/KPF_outputs/X_prediction_results.csv
MSF,FN,MSF,0,0.0,0.0,0.0,2025-08-24 10:42:31.230,0.953086,2025-08-24 10:42:35.360,0.853942,2025-08-24 10:42:26.000,2025-08-24 10:43:26.000,eqt_earthquakes_th0_1/20250824T104226Z_20250824T104326Z/MSF_outputs/X_prediction_results.csv
KU6,HE,KU6,0,0.0,0.0,0.0,2025-08-24 10:42:36.770,0.946896,2025-08-24 10:42:44.920,0.720238,2025-08-24 10:42:31.000,2025-08-24 10:43:31.000,eqt_earthquakes_th0_1/20250824T104231Z_20250824T104331Z/KU6_outputs/X_prediction_results.csv
OLKF,FN,OLKF,0,0.0,0.0,0.0,2025-08-24 10:42:38.860,0.935936,2025-08-24 10:42:48.350,0.734792,2025-08-24 10:42:33.000,2025-08-24 10:43:33.000,eqt_earthquakes_th0_1/20250824T104233Z_20250824T104333Z/OLKF_outputs/X_prediction_results.csv
RANF,FN,RANF,0,0.0,0.0,0.0,2025-08-24 10:42:40.650,0.949796,2025-08-24 10:42:51.590,0.554235,2025-08-24 10:42:35.000,2025-08-24 10:43:35.000,eqt_earthquakes_th0_1/20250824T104235Z_20250824T104335Z/RANF_outputs/X_prediction_results.csv
OUL,FN,OUL,0,0.0,0.0,0.0,2025-08-24 10:42:48.490,0.869496,2025-08-24 10:43:04.570,0.357862,2025-08-24 10:42:43.000,2025-08-24 10:43:43.000,eqt_earthquakes_th0_1/20250824T104243Z_20250824T104343Z/OUL_outputs/X_prediction_results.csv
RNF,FN,RNF,0,0.0,0.0,0.0,2025-08-24 10:42:52.260,0.13389,,,2025-08-24 10:42:46.000,2025-08-24 10:43:46.000,eqt_earthquakes_th0_1/20250824T104246Z_20250824T104346Z/RNF_outputs/X_prediction_results.csv
RMF,HE,RMF,0,0.0,0.0,0.0,,,2025-08-24 10:43:11.784,0.479122,2025-08-24 10:43:06.000,2025-08-24 10:44:06.000,eqt_earthquakes_th0_1/20250824T104306Z_20250824T104406Z/RMF_outputs/X_prediction_results.csv
OBF3,HE,OBF3,0,0.0,0.0,0.0,,,2025-08-24 10:43:21.622,0.117191,2025-08-24 10:43:16.000,2025-08-24 10:44:16.000,eqt_earthquakes_th0_1/20250824T104316Z_20250824T104416Z/OBF3_outputs/X_prediction_results.csv
TOF,HE,TOF,0,0.0,0.0,0.0,2025-08-26 10:52:34.420,0.889205,2025-08-26 10:52:45.650,0.553156,2025-08-26 10:52:29.000,2025-08-26 10:53:29.000,eqt_earthquakes_th0_1/20250826T105229Z_20250826T105329Z/TOF_outputs/X_prediction_results.csv
OBF3,HE,OBF3,0,0.0,0.0,0.0,2025-08-26 10:52:41.154,0.774312,2025-08-26 10:52:57.894,0.567886,2025-08-26 10:52:36.000,2025-08-26 10:53:36.000,eqt_earthquakes_th0_1/20250826T105236Z_20250826T105336Z/OBF3_outputs/X_prediction_results.csv
RNF,FN,RNF,0,0.0,0.0,0.0,2025-08-26 10:52:49.870,0.432474,2025-08-26 10:53:13.930,0.400381,2025-08-26 10:52:44.000,2025-08-26 10:53:44.000,eqt_earthquakes_th0_1/20250826T105244Z_20250826T105344Z/RNF_outputs/X_prediction_results.csv
KLF,FN,KLF,0,0.0,0.0,0.0,2025-08-26 10:52:49.310,0.826535,2025-08-26 10:53:11.340,0.131386,2025-08-26 10:52:44.000,2025-08-26 10:53:44.000,eqt_earthquakes_th0_1/20250826T105244Z_20250826T105344Z/KLF_outputs/X_prediction_results.csv
RANF,FN,RANF,0,0.0,0.0,0.0,2025-08-26 10:52:50.460,0.940924,2025-08-26 10:53:14.820,0.303842,2025-08-26 10:52:45.000,2025-08-26 10:53:45.000,eqt_earthquakes_th0_1/20250826T105245Z_20250826T105345Z/RANF_outputs/X_prediction_results.csv
OBF8,HE,OBF8,0,0.0,0.0,0.0,2025-08-26 10:53:01.156,0.145422,,,2025-08-26 10:52:56.000,2025-08-26 10:53:56.000,eqt_earthquakes_th0_1/20250826T105256Z_20250826T105356Z/OBF8_outputs/X_prediction_results.csv
KLF,FN,KLF,0,0.0,0.0,0.0,2025-08-26 17:49:37.600,0.949147,2025-08-26 17:49:47.530,0.466388,2025-08-26 17:49:32.000,2025-08-26 17:50:32.000,eqt_earthquakes_th0_1/20250826T174932Z_20250826T175032Z/KLF_outputs/X_prediction_results.csv
HEF,HE,HEF,0,0.0,0.0,0.0,2025-08-26 17:49:41.750,0.140022,2025-08-26 17:49:54.480,0.661822,2025-08-26 17:49:36.000,2025-08-26 17:50:36.000,eqt_earthquakes_th0_1/20250826T174936Z_20250826T175036Z/HEF_outputs/X_prediction_results.csv
SGF,FN,SGF,0,0.0,0.0,0.0,2025-08-26 17:49:52.920,0.816397,2025-08-26 17:50:14.540,0.526608,2025-08-26 17:49:47.000,2025-08-26 17:50:47.000,eqt_earthquakes_th0_1/20250826T174947Z_20250826T175047Z/SGF_outputs/X_prediction_results.csv
TOF,HE,TOF,0,0.0,0.0,0.0,2025-08-26 17:49:54.530,0.122147,2025-08-26 17:50:17.060,0.521415,2025-08-26 17:49:49.000,2025-08-26 17:50:49.000,eqt_earthquakes_th0_1/20250826T174949Z_20250826T175049Z/TOF_outputs/X_prediction_results.csv
RNF,FN,RNF,0,0.0,0.0,0.0,2025-08-26 17:49:55.090,0.780624,2025-08-26 17:50:18.890,0.144725,2025-08-26 17:49:50.000,2025-08-26 17:50:50.000,eqt_earthquakes_th0_1/20250826T174950Z_20250826T175050Z/RNF_outputs/X_prediction_results.csv
KIF,HE,KIF,0,0.0,0.0,0.0,,,2025-08-26 17:50:12.400,0.667334,2025-08-26 17:50:07.000,2025-08-26 17:51:07.000,eqt_earthquakes_th0_1/20250826T175007Z_20250826T175107Z/KIF_outputs/X_prediction_results.csv
RANF,FN,RANF,0,0.0,0.0,0.0,,,2025-08-26 17:50:36.800,0.155972,2025-08-26 17:50:30.000,2025-08-26 17:51:30.000,eqt_earthquakes_th0_1/20250826T175030Z_20250826T175130Z/RANF_outputs/X_prediction_results.csv
FIA0,HE,FIA0,0,0.0,0.0,0.0,2025-08-28 13:04:54.020,0.275315,,,2025-08-28 13:04:49.000,2025-08-28 13:05:49.000,eqt_earthquakes_th0_1/20250828T130449Z_20250828T130549Z/FIA0_outputs/X_prediction_results.csv
AAL,UP,AAL,0,0.0,0.0,0.0,2025-08-29 19:17:07.000,0.944033,2025-08-29 19:17:10.780,0.804994,2025-08-29 19:17:01.000,2025-08-29 19:18:01.000,eqt_earthquakes_th0_1/20250829T191701Z_20250829T191801Z/AAL_outputs/X_prediction_results.csv
RAF,HE,RAF,0,0.0,0.0,0.0,2025-08-29 19:17:19.230,0.897349,2025-08-29 19:17:32.110,0.215645,2025-08-29 19:17:14.000,2025-08-29 19:18:14.000,eqt_earthquakes_th0_1/20250829T191714Z_20250829T191814Z/RAF_outputs/X_prediction_results.csv
RAF,HE,RAF,0,0.0,0.0,0.0,,,2025-09-03 11:34:50.630,0.164062,2025-09-03 11:34:21.000,2025-09-03 11:35:21.000,eqt_earthquakes_th0_1/20250903T113421Z_20250903T113521Z/RAF_outputs/X_prediction_results.csv
KU6,HE,KU6,0,0.0,0.0,0.0,2025-09-03 17:13:24.350,0.952482,2025-09-03 17:13:40.200,0.453223,2025-09-03 17:13:19.000,2025-09-03 17:14:19.000,eqt_earthquakes_th0_1/20250903T171319Z_20250903T171419Z/KU6_outputs/X_prediction_results.csv
OLKF,FN,OLKF,0,0.0,0.0,0.0,2025-09-03 17:13:25.550,0.803726,2025-09-03 17:13:42.080,0.166221,2025-09-03 17:13:20.000,2025-09-03 17:14:20.000,eqt_earthquakes_th0_1/20250903T171320Z_20250903T171420Z/OLKF_outputs/X_prediction_results.csv
VRF,HE,VRF,0,0.0,0.0,0.0,2025-09-03 17:13:29.720,0.928818,2025-09-03 17:13:48.800,0.235983,2025-09-03 17:13:24.000,2025-09-03 17:14:24.000,eqt_earthquakes_th0_1/20250903T171324Z_20250903T171424Z/VRF_outputs/X_prediction_results.csv
MSF,FN,MSF,0,0.0,0.0,0.0,2025-09-03 17:13:30.930,0.669382,2025-09-03 17:13:52.400,0.296001,2025-09-03 17:13:25.000,2025-09-03 17:14:25.000,eqt_earthquakes_th0_1/20250903T171325Z_20250903T171425Z/MSF_outputs/X_prediction_results.csv
RANF,FN,RANF,0,0.0,0.0,0.0,2025-09-03 17:13:43.730,0.116557,,,2025-09-03 17:13:38.000,2025-09-03 17:14:38.000,eqt_earthquakes_th0_1/20250903T171338Z_20250903T171438Z/RANF_outputs/X_prediction_results.csv
RANF,FN,RANF,0,0.0,0.0,0.0,,,2025-09-03 17:14:14.020,0.605823,2025-09-03 17:13:38.000,2025-09-03 17:14:38.000,eqt_earthquakes_th0_1/20250903T171338Z_20250903T171438Z/RANF_outputs/X_prediction_results.csv
SGF,FN,SGF,0,0.0,0.0,0.0,,,2025-09-03 17:14:15.800,0.413074,2025-09-03 17:14:09.000,2025-09-03 17:15:09.000,eqt_earthquakes_th0_1/20250903T171409Z_20250903T171509Z/SGF_outputs/X_prediction_results.csv
OLKF,FN,OLKF,0,0.0,0.0,0.0,2025-09-04 12:08:35.760,0.945652,2025-09-04 12:08:46.840,0.572432,2025-09-04 12:08:30.000,2025-09-04 12:09:30.000,eqt_earthquakes_th0_1/20250904T120830Z_20250904T120930Z/OLKF_outputs/X_prediction_results.csv
KU6,HE,KU6,0,0.0,0.0,0.0,2025-09-04 12:08:38.260,0.948189,2025-09-04 12:08:50.910,0.651251,2025-09-04 12:08:33.000,2025-09-04 12:09:33.000,eqt_earthquakes_th0_1/20250904T120833Z_20250904T120933Z/KU6_outputs/X_prediction_results.csv
MSF,FN,MSF,0,0.0,0.0,0.0,2025-09-04 12:08:42.810,0.953422,2025-09-04 12:08:58.710,0.409599,2025-09-04 12:08:37.000,2025-09-04 12:09:37.000,eqt_earthquakes_th0_1/20250904T120837Z_20250904T120937Z/MSF_outputs/X_prediction_results.csv
RAJF,FN,RAJF,0,0.0,0.0,0.0,2025-09-04 12:08:50.850,0.959783,2025-09-04 12:09:13.450,0.628433,2025-09-04 12:08:45.000,2025-09-04 12:09:45.000,eqt_earthquakes_th0_1/20250904T120845Z_20250904T120945Z/RAJF_outputs/X_prediction_results.csv
SGF,FN,SGF,0,0.0,0.0,0.0,2025-09-04 12:08:50.490,0.944934,2025-09-04 12:09:13.410,0.544284,2025-09-04 12:08:45.000,2025-09-04 12:09:45.000,eqt_earthquakes_th0_1/20250904T120845Z_20250904T120945Z/SGF_outputs/X_prediction_results.csv
RANF,FN,RANF,0,0.0,0.0,0.0,2025-09-04 12:08:52.310,0.955613,2025-09-04 12:09:17.470,0.407097,2025-09-04 12:08:47.000,2025-09-04 12:09:47.000,eqt_earthquakes_th0_1/20250904T120847Z_20250904T120947Z/RANF_outputs/X_prediction_results.csv
RNF,FN,RNF,0,0.0,0.0,0.0,2025-09-04 12:08:52.770,0.956605,2025-09-04 12:09:19.060,0.315818,2025-09-04 12:08:47.000,2025-09-04 12:09:47.000,eqt_earthquakes_th0_1/20250904T120847Z_20250904T120947Z/RNF_outputs/X_prediction_results.csv
KLF,FN,KLF,0,0.0,0.0,0.0,2025-09-04 12:09:02.950,0.939103,2025-09-04 12:09:08.810,0.200739,2025-09-04 12:08:57.000,2025-09-04 12:09:57.000,eqt_earthquakes_th0_1/20250904T120857Z_20250904T120957Z/KLF_outputs/X_prediction_results.csv
KMNF,FN,KMNF,0,0.0,0.0,0.0,2025-09-04 12:09:02.410,0.955559,,,2025-09-04 12:08:57.000,2025-09-04 12:09:57.000,eqt_earthquakes_th0_1/20250904T120857Z_20250904T120957Z/KMNF_outputs/X_prediction_results.csv
KMNF,FN,KMNF,0,0.0,0.0,0.0,,,2025-09-04 12:09:33.540,0.440582,2025-09-04 12:08:57.000,2025-09-04 12:09:57.000,eqt_earthquakes_th0_1/20250904T120857Z_20250904T120957Z/KMNF_outputs/X_prediction_results.csv
RMF,HE,RMF,0,0.0,0.0,0.0,,,2025-09-04 12:09:35.582,0.230747,2025-09-04 12:08:58.000,2025-09-04 12:09:58.000,eqt_earthquakes_th0_1/20250904T120858Z_20250904T120958Z/RMF_outputs/X_prediction_results.csv
RMF,HE,RMF,0,0.0,0.0,0.0,2025-09-04 12:09:03.732,0.931257,,,2025-09-04 12:08:58.000,2025-09-04 12:09:58.000,eqt_earthquakes_th0_1/20250904T120858Z_20250904T120958Z/RMF_outputs/X_prediction_results.csv
HEF,HE,HEF,0,0.0,0.0,0.0,2025-09-04 12:09:08.560,0.945256,,,2025-09-04 12:09:03.000,2025-09-04 12:10:03.000,eqt_earthquakes_th0_1/20250904T120903Z_20250904T121003Z/HEF_outputs/X_prediction_results.csv
HEF,HE,HEF,0,0.0,0.0,0.0,,,2025-09-04 12:09:44.070,0.505789,2025-09-04 12:09:03.000,2025-09-04 12:10:03.000,eqt_earthquakes_th0_1/20250904T120903Z_20250904T121003Z/HEF_outputs/X_prediction_results.csv
TOF,HE,TOF,0,0.0,0.0,0.0,2025-09-05 17:08:23.010,0.954609,2025-09-05 17:08:26.350,0.754486,2025-09-05 17:08:18.000,2025-09-05 17:09:18.000,eqt_earthquakes_th0_1/20250905T170818Z_20250905T170918Z/TOF_outputs/X_prediction_results.csv
RNF,FN,RNF,0,0.0,0.0,0.0,2025-09-05 17:08:37.830,0.894119,2025-09-05 17:08:51.650,0.408658,2025-09-05 17:08:32.000,2025-09-05 17:09:32.000,eqt_earthquakes_th0_1/20250905T170832Z_20250905T170932Z/RNF_outputs/X_prediction_results.csv
KLF,FN,KLF,0,0.0,0.0,0.0,2025-09-05 17:08:39.710,0.929459,2025-09-05 17:08:55.160,0.556018,2025-09-05 17:08:34.000,2025-09-05 17:09:34.000,eqt_earthquakes_th0_1/20250905T170834Z_20250905T170934Z/KLF_outputs/X_prediction_results.csv
RANF,FN,RANF,0,0.0,0.0,0.0,2025-09-05 17:08:40.760,0.956876,2025-09-05 17:08:59.690,0.22116,2025-09-05 17:08:35.000,2025-09-05 17:09:35.000,eqt_earthquakes_th0_1/20250905T170835Z_20250905T170935Z/RANF_outputs/X_prediction_results.csv
OUL,FN,OUL,0,0.0,0.0,0.0,2025-09-05 17:08:41.730,0.940853,2025-09-05 17:08:58.540,0.164408,2025-09-05 17:08:36.000,2025-09-05 17:09:36.000,eqt_earthquakes_th0_1/20250905T170836Z_20250905T170936Z/OUL_outputs/X_prediction_results.csv
OBF3,HE,OBF3,0,0.0,0.0,0.0,2025-09-05 17:08:41.562,0.581738,2025-09-05 17:08:58.702,0.276693,2025-09-05 17:08:36.000,2025-09-05 17:09:36.000,eqt_earthquakes_th0_1/20250905T170836Z_20250905T170936Z/OBF3_outputs/X_prediction_results.csv
OBF0,HE,OBF0,0,0.0,0.0,0.0,2025-09-05 17:08:47.048,0.220123,,,2025-09-05 17:08:41.000,2025-09-05 17:09:41.000,eqt_earthquakes_th0_1/20250905T170841Z_20250905T170941Z/OBF0_outputs/X_prediction_results.csv
OBF8,HE,OBF8,0,0.0,0.0,0.0,2025-09-05 17:08:48.436,0.779123,2025-09-05 17:09:11.876,0.141882,2025-09-05 17:08:43.000,2025-09-05 17:09:43.000,eqt_earthquakes_th0_1/20250905T170843Z_20250905T170943Z/OBF8_outputs/X_prediction_results.csv
SGF,FN,SGF,0,0.0,0.0,0.0,2025-09-05 17:08:49.600,0.503248,2025-09-05 17:09:13.270,0.339392,2025-09-05 17:08:44.000,2025-09-05 17:09:44.000,eqt_earthquakes_th0_1/20250905T170844Z_20250905T170944Z/SGF_outputs/X_prediction_results.csv
OLKF,FN,OLKF,0,0.0,0.0,0.0,2025-09-05 17:09:25.290,0.122252,2025-09-05 17:09:30.130,0.199601,2025-09-05 17:09:20.000,2025-09-05 17:10:20.000,eqt_earthquakes_th0_1/20250905T170920Z_20250905T171020Z/OLKF_outputs/X_prediction_results.csv
FIA1,HE,FIA1,0,0.0,0.0,0.0,2025-09-06 05:03:01.210,0.947004,2025-09-06 05:03:08.670,0.695465,2025-09-06 05:02:56.000,2025-09-06 05:03:56.000,eqt_earthquakes_th0_1/20250906T050256Z_20250906T050356Z/FIA1_outputs/X_prediction_results.csv
FIA0,HE,FIA0,0,0.0,0.0,0.0,2025-09-06 05:03:01.210,0.946604,2025-09-06 05:03:08.690,0.763145,2025-09-06 05:02:56.000,2025-09-06 05:03:56.000,eqt_earthquakes_th0_1/20250906T050256Z_20250906T050356Z/FIA0_outputs/X_prediction_results.csv
VJF,HE,VJF,0,0.0,0.0,0.0,,,2025-09-06 05:03:11.546,0.643822,2025-09-06 05:03:06.000,2025-09-06 05:04:06.000,eqt_earthquakes_th0_1/20250906T050306Z_20250906T050406Z/VJF_outputs/X_prediction_results.csv
KEF,HE,KEF,0,0.0,0.0,0.0,,,2025-09-06 05:03:42.570,0.34481,2025-09-06 05:03:31.000,2025-09-06 05:04:31.000,eqt_earthquakes_th0_1/20250906T050331Z_20250906T050431Z/KEF_outputs/X_prediction_results.csv
RMF,HE,RMF,0,0.0,0.0,0.0,2025-09-06 18:09:44.086,0.944226,2025-09-06 18:09:56.816,0.698092,2025-09-06 18:09:39.000,2025-09-06 18:10:39.000,eqt_earthquakes_th0_1/20250906T180939Z_20250906T181039Z/RMF_outputs/X_prediction_results.csv
OUL,FN,OUL,0,0.0,0.0,0.0,2025-09-06 18:09:46.050,0.733058,2025-09-06 18:10:00.090,0.703598,2025-09-06 18:09:41.000,2025-09-06 18:10:41.000,eqt_earthquakes_th0_1/20250906T180941Z_20250906T181041Z/OUL_outputs/X_prediction_results.csv
RANF,FN,RANF,0,0.0,0.0,0.0,2025-09-06 18:09:48.360,0.936732,2025-09-06 18:10:04.480,0.519527,2025-09-06 18:09:43.000,2025-09-06 18:10:43.000,eqt_earthquakes_th0_1/20250906T180943Z_20250906T181043Z/RANF_outputs/X_prediction_results.csv
NIF,HE,NIF,0,0.0,0.0,0.0,2025-09-06 18:09:54.488,0.946638,2025-09-06 18:10:14.778,0.613593,2025-09-06 18:09:49.000,2025-09-06 18:10:49.000,eqt_earthquakes_th0_1/20250906T180949Z_20250906T181049Z/NIF_outputs/X_prediction_results.csv
OBF3,HE,OBF3,0,0.0,0.0,0.0,2025-09-06 18:09:54.150,0.88403,2025-09-06 18:10:15.170,0.648584,2025-09-06 18:09:49.000,2025-09-06 18:10:49.000,eqt_earthquakes_th0_1/20250906T180949Z_20250906T181049Z/OBF3_outputs/X_prediction_results.csv
MSF,FN,MSF,0,0.0,0.0,0.0,,,2025-09-06 18:09:55.650,0.704709,2025-09-06 18:09:50.000,2025-09-06 18:10:50.000,eqt_earthquakes_th0_1/20250906T180950Z_20250906T181050Z/MSF_outputs/X_prediction_results.csv
RNF,FN,RNF,0,0.0,0.0,0.0,2025-09-06 18:09:59.830,0.939191,2025-09-06 18:10:24.240,0.416685,2025-09-06 18:09:54.000,2025-09-06 18:10:54.000,eqt_earthquakes_th0_1/20250906T180954Z_20250906T181054Z/RNF_outputs/X_prediction_results.csv
KU6,HE,KU6,0,0.0,0.0,0.0,,,2025-09-06 18:10:02.680,0.601879,2025-09-06 18:09:57.000,2025-09-06 18:10:57.000,eqt_earthquakes_th0_1/20250906T180957Z_20250906T181057Z/KU6_outputs/X_prediction_results.csv
OLKF,FN,OLKF,0,0.0,0.0,0.0,,,2025-09-06 18:10:08.640,0.749003,2025-09-06 18:10:03.000,2025-09-06 18:11:03.000,eqt_earthquakes_th0_1/20250906T181003Z_20250906T181103Z/OLKF_outputs/X_prediction_results.csv
OBF0,HE,OBF0,0,0.0,0.0,0.0,,,2025-09-06 18:10:22.180,0.586131,2025-09-06 18:10:16.000,2025-09-06 18:11:16.000,eqt_earthquakes_th0_1/20250906T181016Z_20250906T181116Z/OBF0_outputs/X_prediction_results.csv
VJF,HE,VJF,0,0.0,0.0,0.0,2025-09-09 16:31:00.892,0.935879,2025-09-09 16:31:06.542,0.701334,2025-09-09 16:30:55.000,2025-09-09 16:31:55.000,eqt_earthquakes_th0_1/20250909T163055Z_20250909T163155Z/VJF_outputs/X_prediction_results.csv
FIA1,HE,FIA1,0,0.0,0.0,0.0,2025-09-09 16:31:06.650,0.940539,2025-09-09 16:31:16.600,0.572526,2025-09-09 16:31:01.000,2025-09-09 16:32:01.000,eqt_earthquakes_th0_1/20250909T163101Z_20250909T163201Z/FIA1_outputs/X_prediction_results.csv
FIA0,HE,FIA0,0,0.0,0.0,0.0,2025-09-09 16:31:06.650,0.938402,2025-09-09 16:31:16.510,0.457503,2025-09-09 16:31:01.000,2025-09-09 16:32:01.000,eqt_earthquakes_th0_1/20250909T163101Z_20250909T163201Z/FIA0_outputs/X_prediction_results.csv
RUF,HE,RUF,0,0.0,0.0,0.0,2025-09-09 16:31:13.096,0.948959,2025-09-09 16:31:28.276,0.531029,2025-09-09 16:31:08.000,2025-09-09 16:32:08.000,eqt_earthquakes_th0_1/20250909T163108Z_20250909T163208Z/RUF_outputs/X_prediction_results.csv
NUR,HE,NUR,0,0.0,0.0,0.0,2025-09-09 16:31:14.526,0.950351,2025-09-09 16:31:30.506,0.58592,2025-09-09 16:31:09.000,2025-09-09 16:32:09.000,eqt_earthquakes_th0_1/20250909T163109Z_20250909T163209Z/NUR_outputs/X_prediction_results.csv
KUNI,HE,KUNI,0,0.0,0.0,0.0,2025-09-09 16:31:14.266,0.538264,2025-09-09 16:31:29.596,0.555055,2025-09-09 16:31:09.000,2025-09-09 16:32:09.000,eqt_earthquakes_th0_1/20250909T163109Z_20250909T163209Z/KUNI_outputs/X_prediction_results.csv
LAUT,HE,LAUT,0,0.0,0.0,0.0,2025-09-09 16:31:15.740,0.646222,2025-09-09 16:31:32.090,0.651081,2025-09-09 16:31:10.000,2025-09-09 16:32:10.000,eqt_earthquakes_th0_1/20250909T163110Z_20250909T163210Z/LAUT_outputs/X_prediction_results.csv
MEF,HE,MEF,0,0.0,0.0,0.0,2025-09-09 16:31:18.450,0.937491,2025-09-09 16:31:37.380,0.593921,2025-09-09 16:31:13.000,2025-09-09 16:32:13.000,eqt_earthquakes_th0_1/20250909T163113Z_20250909T163213Z/MEF_outputs/X_prediction_results.csv
KEF,HE,KEF,0,0.0,0.0,0.0,2025-09-09 16:31:22.980,0.931379,2025-09-09 16:31:45.490,0.623137,2025-09-09 16:31:17.000,2025-09-09 16:32:17.000,eqt_earthquakes_th0_1/20250909T163117Z_20250909T163217Z/KEF_outputs/X_prediction_results.csv
SUF,HE,SUF,0,0.0,0.0,0.0,2025-09-09 16:31:27.084,0.727951,2025-09-09 16:31:52.644,0.681518,2025-09-09 16:31:22.000,2025-09-09 16:32:22.000,eqt_earthquakes_th0_1/20250909T163122Z_20250909T163222Z/SUF_outputs/X_prediction_results.csv
HEL1,HE,HEL1,0,0.0,0.0,0.0,2025-09-09 16:31:31.340,0.703654,2025-09-09 16:31:36.370,0.412186,2025-09-09 16:31:26.000,2025-09-09 16:32:26.000,eqt_earthquakes_th0_1/20250909T163126Z_20250909T163226Z/HEL1_outputs/X_prediction_results.csv
KAF,HE,KAF,0,0.0,0.0,0.0,2025-09-09 16:31:34.330,0.619034,2025-09-09 16:31:34.430,0.243562,2025-09-09 16:31:28.000,2025-09-09 16:32:28.000,eqt_earthquakes_th0_1/20250909T163128Z_20250909T163228Z/KAF_outputs/X_prediction_results.csv
HEL5,HE,HEL5,0,0.0,0.0,0.0,2025-09-09 16:31:34.358,0.200832,2025-09-09 16:31:38.768,0.373728,2025-09-09 16:31:29.000,2025-09-09 16:32:29.000,eqt_earthquakes_th0_1/20250909T163129Z_20250909T163229Z/HEL5_outputs/X_prediction_results.csv
RAF,HE,RAF,0,0.0,0.0,0.0,,,2025-09-09 16:32:10.780,0.431082,2025-09-09 16:31:31.000,2025-09-09 16:32:31.000,eqt_earthquakes_th0_1/20250909T163131Z_20250909T163231Z/RAF_outputs/X_prediction_results.csv
RAF,HE,RAF,0,0.0,0.0,0.0,2025-09-09 16:31:36.530,0.935402,,,2025-09-09 16:31:31.000,2025-09-09 16:32:31.000,eqt_earthquakes_th0_1/20250909T163131Z_20250909T163231Z/RAF_outputs/X_prediction_results.csv
KPF,HE,KPF,0,0.0,0.0,0.0,2025-09-09 16:31:37.400,0.943656,,,2025-09-09 16:31:32.000,2025-09-09 16:32:32.000,eqt_earthquakes_th0_1/20250909T163132Z_20250909T163232Z/KPF_outputs/X_prediction_results.csv
KPF,HE,KPF,0,0.0,0.0,0.0,,,2025-09-09 16:32:11.290,0.242987,2025-09-09 16:31:32.000,2025-09-09 16:32:32.000,eqt_earthquakes_th0_1/20250909T163132Z_20250909T163232Z/KPF_outputs/X_prediction_results.csv
TVF,HE,TVF,0,0.0,0.0,0.0,,,2025-09-09 16:31:58.272,0.263657,2025-09-09 16:31:52.000,2025-09-09 16:32:52.000,eqt_earthquakes_th0_1/20250909T163152Z_20250909T163252Z/TVF_outputs/X_prediction_results.csv
NIF,HE,NIF,0,0.0,0.0,0.0,,,2025-09-09 16:32:11.234,0.455025,2025-09-09 16:32:05.000,2025-09-09 16:33:05.000,eqt_earthquakes_th0_1/20250909T163205Z_20250909T163305Z/NIF_outputs/X_prediction_results.csv
KLF,FN,KLF,0,0.0,0.0,0.0,2025-09-11 13:17:30.800,0.956762,2025-09-11 13:17:32.570,0.847027,2025-09-11 13:17:25.000,2025-09-11 13:18:25.000,eqt_earthquakes_th0_1/20250911T131725Z_20250911T131825Z/KLF_outputs/X_prediction_results.csv
RNF,FN,RNF,0,0.0,0.0,0.0,2025-09-11 13:17:45.280,0.944242,2025-09-11 13:17:57.490,0.499047,2025-09-11 13:17:40.000,2025-09-11 13:18:40.000,eqt_earthquakes_th0_1/20250911T131740Z_20250911T131840Z/RNF_outputs/X_prediction_results.csv
TOF,HE,TOF,0,0.0,0.0,0.0,2025-09-11 13:17:47.540,0.286595,2025-09-11 13:18:01.150,0.49942,2025-09-11 13:17:42.000,2025-09-11 13:18:42.000,eqt_earthquakes_th0_1/20250911T131742Z_20250911T131842Z/TOF_outputs/X_prediction_results.csv
HEF,HE,HEF,0,0.0,0.0,0.0,2025-09-11 13:17:51.860,0.932732,2025-09-11 13:18:08.010,0.30657,2025-09-11 13:17:46.000,2025-09-11 13:18:46.000,eqt_earthquakes_th0_1/20250911T131746Z_20250911T131846Z/HEF_outputs/X_prediction_results.csv
RANF,FN,RANF,0,0.0,0.0,0.0,2025-09-11 13:17:56.000,0.665839,2025-09-11 13:18:16.510,0.300016,2025-09-11 13:17:51.000,2025-09-11 13:18:51.000,eqt_earthquakes_th0_1/20250911T131751Z_20250911T131851Z/RANF_outputs/X_prediction_results.csv
OUL,FN,OUL,0,0.0,0.0,0.0,,,2025-09-11 13:18:34.120,0.260607,2025-09-11 13:18:28.000,2025-09-11 13:19:28.000,eqt_earthquakes_th0_1/20250911T131828Z_20250911T131928Z/OUL_outputs/X_prediction_results.csv
FIA0,HE,FIA0,0,0.0,0.0,0.0,2025-09-14 06:02:13.590,0.95084,2025-09-14 06:02:23.120,0.593971,2025-09-14 06:02:08.000,2025-09-14 06:03:08.000,eqt_earthquakes_th0_1/20250914T060208Z_20250914T060308Z/FIA0_outputs/X_prediction_results.csv
FIA1,HE,FIA1,0,0.0,0.0,0.0,2025-09-14 06:02:13.590,0.953253,2025-09-14 06:02:22.990,0.363201,2025-09-14 06:02:08.000,2025-09-14 06:03:08.000,eqt_earthquakes_th0_1/20250914T060208Z_20250914T060308Z/FIA1_outputs/X_prediction_results.csv
VJF,HE,VJF,0,0.0,0.0,0.0,2025-09-14 06:02:14.454,0.933047,2025-09-14 06:02:25.124,0.607956,2025-09-14 06:02:09.000,2025-09-14 06:03:09.000,eqt_earthquakes_th0_1/20250914T060209Z_20250914T060309Z/VJF_outputs/X_prediction_results.csv
NUR,HE,NUR,0,0.0,0.0,0.0,2025-09-14 06:02:14.078,0.938465,2025-09-14 06:02:23.918,0.408332,2025-09-14 06:02:09.000,2025-09-14 06:03:09.000,eqt_earthquakes_th0_1/20250914T060209Z_20250914T060309Z/NUR_outputs/X_prediction_results.csv
KAF,HE,KAF,0,0.0,0.0,0.0,2025-09-14 06:02:25.590,0.936565,2025-09-14 06:02:43.970,0.615312,2025-09-14 06:02:20.000,2025-09-14 06:03:20.000,eqt_earthquakes_th0_1/20250914T060220Z_20250914T060320Z/KAF_outputs/X_prediction_results.csv
KEF,HE,KEF,0,0.0,0.0,0.0,2025-09-14 06:02:28.650,0.791954,2025-09-14 06:02:49.140,0.626217,2025-09-14 06:02:23.000,2025-09-14 06:03:23.000,eqt_earthquakes_th0_1/20250914T060223Z_20250914T060323Z/KEF_outputs/X_prediction_results.csv
RUF,HE,RUF,0,0.0,0.0,0.0,2025-09-14 06:02:28.544,0.174774,2025-09-14 06:02:49.174,0.398197,2025-09-14 06:02:23.000,2025-09-14 06:03:23.000,eqt_earthquakes_th0_1/20250914T060223Z_20250914T060323Z/RUF_outputs/X_prediction_results.csv
TVF,HE,TVF,0,0.0,0.0,0.0,2025-09-14 06:02:30.662,0.63468,2025-09-14 06:02:53.252,0.262709,2025-09-14 06:02:25.000,2025-09-14 06:03:25.000,eqt_earthquakes_th0_1/20250914T060225Z_20250914T060325Z/TVF_outputs/X_prediction_results.csv
SUF,HE,SUF,0,0.0,0.0,0.0,2025-09-14 06:02:35.888,0.826236,2025-09-14 06:03:01.738,0.195571,2025-09-14 06:02:30.000,2025-09-14 06:03:30.000,eqt_earthquakes_th0_1/20250914T060230Z_20250914T060330Z/SUF_outputs/X_prediction_results.csv
RAF,HE,RAF,0,0.0,0.0,0.0,2025-09-14 06:02:38.740,0.170523,,,2025-09-14 06:02:32.000,2025-09-14 06:03:32.000,eqt_earthquakes_th0_1/20250914T060232Z_20250914T060332Z/RAF_outputs/X_prediction_results.csv
RAF,HE,RAF,0,0.0,0.0,0.0,2025-09-14 06:02:39.750,0.111826,,,2025-09-14 06:02:32.000,2025-09-14 06:03:32.000,eqt_earthquakes_th0_1/20250914T060232Z_20250914T060332Z/RAF_outputs/X_prediction_results.csv
KPF,HE,KPF,0,0.0,0.0,0.0,2025-09-14 06:02:39.832,0.462974,2025-09-14 06:03:09.322,0.486181,2025-09-14 06:02:34.000,2025-09-14 06:03:34.000,eqt_earthquakes_th0_1/20250914T060234Z_20250914T060334Z/KPF_outputs/X_prediction_results.csv
KPF,HE,KPF,0,0.0,0.0,0.0,2025-09-14 06:02:40.842,0.191954,,,2025-09-14 06:02:34.000,2025-09-14 06:03:34.000,eqt_earthquakes_th0_1/20250914T060234Z_20250914T060334Z/KPF_outputs/X_prediction_results.csv
ALAJF,HE,ALAJF,0,0.0,0.0,0.0,,,2025-09-14 06:03:19.290,0.677434,2025-09-14 06:03:13.000,2025-09-14 06:04:13.000,eqt_earthquakes_th0_1/20250914T060313Z_20250914T060413Z/ALAJF_outputs/X_prediction_results.csv
NIF,HE,NIF,0,0.0,0.0,0.0,,,2025-09-14 06:03:24.314,0.379978,2025-09-14 06:03:19.000,2025-09-14 06:04:19.000,eqt_earthquakes_th0_1/20250914T060319Z_20250914T060419Z/NIF_outputs/X_prediction_results.csv
OBF8,HE,OBF8,0,0.0,0.0,0.0,2025-09-14 14:26:04.684,0.785186,2025-09-14 14:26:15.454,0.506383,2025-09-14 14:25:59.000,2025-09-14 14:26:59.000,eqt_earthquakes_th0_1/20250914T142559Z_20250914T142659Z/OBF8_outputs/X_prediction_results.csv
OBF0,HE,OBF0,0,0.0,0.0,0.0,2025-09-14 14:26:09.550,0.647632,2025-09-14 14:26:23.650,0.633603,2025-09-14 14:26:04.000,2025-09-14 14:27:04.000,eqt_earthquakes_th0_1/20250914T142604Z_20250914T142704Z/OBF0_outputs/X_prediction_results.csv
OUF,HE,OUF,0,0.0,0.0,0.0,2025-09-14 14:26:13.080,0.501094,2025-09-14 14:26:30.870,0.295281,2025-09-14 14:26:08.000,2025-09-14 14:27:08.000,eqt_earthquakes_th0_1/20250914T142608Z_20250914T142708Z/OUF_outputs/X_prediction_results.csv
OBF3,HE,OBF3,0,0.0,0.0,0.0,2025-09-14 14:26:13.126,0.582131,2025-09-14 14:26:30.006,0.167533,2025-09-14 14:26:08.000,2025-09-14 14:27:08.000,eqt_earthquakes_th0_1/20250914T142608Z_20250914T142708Z/OBF3_outputs/X_prediction_results.csv
VAF,HE,VAF,0,0.0,0.0,0.0,,,2025-09-14 14:26:40.450,0.501406,2025-09-14 14:26:34.000,2025-09-14 14:27:34.000,eqt_earthquakes_th0_1/20250914T142634Z_20250914T142734Z/VAF_outputs/X_prediction_results.csv
TOF,HE,TOF,0,0.0,0.0,0.0,,,2025-09-14 14:26:45.400,0.41363,2025-09-14 14:26:39.000,2025-09-14 14:27:39.000,eqt_earthquakes_th0_1/20250914T142639Z_20250914T142739Z/TOF_outputs/X_prediction_results.csv
ALAJF,HE,ALAJF,0,0.0,0.0,0.0,,,2025-09-14 14:26:45.256,0.644208,2025-09-14 14:26:39.000,2025-09-14 14:27:39.000,eqt_earthquakes_th0_1/20250914T142639Z_20250914T142739Z/ALAJF_outputs/X_prediction_results.csv
VJF,HE,VJF,0,0.0,0.0,0.0,2025-09-14 19:07:48.462,0.884373,2025-09-14 19:07:54.252,0.617253,2025-09-14 19:07:43.000,2025-09-14 19:08:43.000,eqt_earthquakes_th0_1/20250914T190743Z_20250914T190843Z/VJF_outputs/X_prediction_results.csv
FIA0,HE,FIA0,0,0.0,0.0,0.0,2025-09-14 19:07:54.160,0.843475,2025-09-14 19:08:04.470,0.355048,2025-09-14 19:07:49.000,2025-09-14 19:08:49.000,eqt_earthquakes_th0_1/20250914T190749Z_20250914T190849Z/FIA0_outputs/X_prediction_results.csv
FIA1,HE,FIA1,0,0.0,0.0,0.0,2025-09-14 19:07:54.170,0.880587,2025-09-14 19:08:04.540,0.580794,2025-09-14 19:07:49.000,2025-09-14 19:08:49.000,eqt_earthquakes_th0_1/20250914T190749Z_20250914T190849Z/FIA1_outputs/X_prediction_results.csv
KLF,FN,KLF,0,0.0,0.0,0.0,2025-09-15 10:17:28.700,0.95518,2025-09-15 10:17:30.450,0.854125,2025-09-15 10:17:23.000,2025-09-15 10:18:23.000,eqt_earthquakes_th0_1/20250915T101723Z_20250915T101823Z/KLF_outputs/X_prediction_results.csv
RNF,FN,RNF,0,0.0,0.0,0.0,2025-09-15 10:17:42.950,0.881719,2025-09-15 10:17:55.210,0.562939,2025-09-15 10:17:37.000,2025-09-15 10:18:37.000,eqt_earthquakes_th0_1/20250915T101737Z_20250915T101837Z/RNF_outputs/X_prediction_results.csv
TOF,HE,TOF,0,0.0,0.0,0.0,2025-09-15 10:17:45.260,0.921193,2025-09-15 10:17:59.150,0.650815,2025-09-15 10:17:40.000,2025-09-15 10:18:40.000,eqt_earthquakes_th0_1/20250915T101740Z_20250915T101840Z/TOF_outputs/X_prediction_results.csv
HEF,HE,HEF,0,0.0,0.0,0.0,2025-09-15 10:17:49.510,0.899734,2025-09-15 10:18:07.120,0.392062,2025-09-15 10:17:44.000,2025-09-15 10:18:44.000,eqt_earthquakes_th0_1/20250915T101744Z_20250915T101844Z/HEF_outputs/X_prediction_results.csv
RANF,FN,RANF,0,0.0,0.0,0.0,2025-09-15 10:17:53.460,0.415554,2025-09-15 10:18:14.740,0.246167,2025-09-15 10:17:48.000,2025-09-15 10:18:48.000,eqt_earthquakes_th0_1/20250915T101748Z_20250915T101848Z/RANF_outputs/X_prediction_results.csv
RANF,FN,RANF,0,0.0,0.0,0.0,2025-09-15 10:17:54.460,0.169632,,,2025-09-15 10:17:48.000,2025-09-15 10:18:48.000,eqt_earthquakes_th0_1/20250915T101748Z_20250915T101848Z/RANF_outputs/X_prediction_results.csv
AAL,UP,AAL,0,0.0,0.0,0.0,2025-09-15 17:23:55.910,0.874679,2025-09-15 17:24:03.240,0.561834,2025-09-15 17:23:50.000,2025-09-15 17:24:50.000,eqt_earthquakes_th0_1/20250915T172350Z_20250915T172450Z/AAL_outputs/X_prediction_results.csv
RAF,HE,RAF,0,0.0,0.0,0.0,2025-09-15 17:24:13.420,0.398515,2025-09-15 17:24:33.520,0.643766,2025-09-15 17:24:08.000,2025-09-15 17:25:08.000,eqt_earthquakes_th0_1/20250915T172408Z_20250915T172508Z/RAF_outputs/X_prediction_results.csv
TVF,HE,TVF,0,0.0,0.0,0.0,2025-09-15 17:24:31.618,0.59768,2025-09-15 17:24:36.228,0.650667,2025-09-15 17:24:26.000,2025-09-15 17:25:26.000,eqt_earthquakes_th0_1/20250915T172426Z_20250915T172526Z/TVF_outputs/X_prediction_results.csv
AAL,UP,AAL,0,0.0,0.0,0.0,2025-09-16 20:35:23.460,0.794829,2025-09-16 20:35:50.380,0.570417,2025-09-16 20:35:18.000,2025-09-16 20:36:18.000,eqt_earthquakes_th0_1/20250916T203518Z_20250916T203618Z/AAL_outputs/X_prediction_results.csv
KPF,HE,KPF,0,0.0,0.0,0.0,2025-09-16 20:35:23.974,0.484731,2025-09-16 20:35:50.844,0.173278,2025-09-16 20:35:18.000,2025-09-16 20:36:18.000,eqt_earthquakes_th0_1/20250916T203518Z_20250916T203618Z/KPF_outputs/X_prediction_results.csv
RAF,HE,RAF,0,0.0,0.0,0.0,2025-09-16 20:35:24.870,0.858726,2025-09-16 20:35:52.420,0.150205,2025-09-16 20:35:19.000,2025-09-16 20:36:19.000,eqt_earthquakes_th0_1/20250916T203519Z_20250916T203619Z/RAF_outputs/X_prediction_results.csv
VAF,HE,VAF,0,0.0,0.0,0.0,2025-09-16 20:35:32.050,0.943738,,,2025-09-16 20:35:27.000,2025-09-16 20:36:27.000,eqt_earthquakes_th0_1/20250916T203527Z_20250916T203627Z/VAF_outputs/X_prediction_results.csv
VAF,HE,VAF,0,0.0,0.0,0.0,,,2025-09-16 20:36:04.840,0.403349,2025-09-16 20:35:27.000,2025-09-16 20:36:27.000,eqt_earthquakes_th0_1/20250916T203527Z_20250916T203627Z/VAF_outputs/X_prediction_results.csv
KPF,HE,KPF,0,0.0,0.0,0.0,2025-09-19 03:21:36.630,0.462903,2025-09-19 03:21:53.130,0.605952,2025-09-19 03:21:31.000,2025-09-19 03:22:31.000,eqt_earthquakes_th0_1/20250919T032131Z_20250919T032231Z/KPF_outputs/X_prediction_results.csv
RAF,HE,RAF,0,0.0,0.0,0.0,2025-09-19 03:21:41.560,0.901131,2025-09-19 03:22:02.700,0.493294,2025-09-19 03:21:36.000,2025-09-19 03:22:36.000,eqt_earthquakes_th0_1/20250919T032136Z_20250919T032236Z/RAF_outputs/X_prediction_results.csv
VAF,HE,VAF,0,0.0,0.0,0.0,2025-09-19 03:21:44.220,0.304367,2025-09-19 03:21:55.380,0.117728,2025-09-19 03:21:39.000,2025-09-19 03:22:39.000,eqt_earthquakes_th0_1/20250919T032139Z_20250919T032239Z/VAF_outputs/X_prediction_results.csv
VAF,HE,VAF,0,0.0,0.0,0.0,2025-09-19 03:21:45.230,0.748491,2025-09-19 03:22:07.080,0.203265,2025-09-19 03:21:39.000,2025-09-19 03:22:39.000,eqt_earthquakes_th0_1/20250919T032139Z_20250919T032239Z/VAF_outputs/X_prediction_results.csv
AAL,UP,AAL,0,0.0,0.0,0.0,2025-09-19 03:22:13.900,0.267108,2025-09-19 03:22:14.620,0.489653,2025-09-19 03:22:08.000,2025-09-19 03:23:08.000,eqt_earthquakes_th0_1/20250919T032208Z_20250919T032308Z/AAL_outputs/X_prediction_results.csv
ALAJF,HE,ALAJF,0,0.0,0.0,0.0,,,2025-09-19 03:22:25.164,0.395181,2025-09-19 03:22:18.000,2025-09-19 03:23:18.000,eqt_earthquakes_th0_1/20250919T032218Z_20250919T032318Z/ALAJF_outputs/X_prediction_results.csv
OBF8,HE,OBF8,0,0.0,0.0,0.0,2025-09-19 20:46:14.478,0.95239,2025-09-19 20:46:32.338,0.672282,2025-09-19 20:46:09.000,2025-09-19 20:47:09.000,eqt_earthquakes_th0_1/20250919T204609Z_20250919T204709Z/OBF8_outputs/X_prediction_results.csv
OBF0,HE,OBF0,0,0.0,0.0,0.0,2025-09-19 20:46:19.356,0.270143,2025-09-19 20:46:40.576,0.592936,2025-09-19 20:46:14.000,2025-09-19 20:47:14.000,eqt_earthquakes_th0_1/20250919T204614Z_20250919T204714Z/OBF0_outputs/X_prediction_results.csv
OBF3,HE,OBF3,0,0.0,0.0,0.0,,,2025-09-19 20:46:45.806,0.595498,2025-09-19 20:46:17.000,2025-09-19 20:47:17.000,eqt_earthquakes_th0_1/20250919T204617Z_20250919T204717Z/OBF3_outputs/X_prediction_results.csv
OUF,HE,OUF,0,0.0,0.0,0.0,2025-09-19 20:46:22.980,0.326858,2025-09-19 20:46:45.930,0.360937,2025-09-19 20:46:17.000,2025-09-19 20:47:17.000,eqt_earthquakes_th0_1/20250919T204617Z_20250919T204717Z/OUF_outputs/X_prediction_results.csv
VAF,HE,VAF,0,0.0,0.0,0.0,2025-09-19 20:46:24.140,0.675007,2025-09-19 20:46:49.000,0.405694,2025-09-19 20:46:19.000,2025-09-19 20:47:19.000,eqt_earthquakes_th0_1/20250919T204619Z_20250919T204719Z/VAF_outputs/X_prediction_results.csv
TOF,HE,TOF,0,0.0,0.0,0.0,,,2025-09-19 20:46:54.580,0.221033,2025-09-19 20:46:47.000,2025-09-19 20:47:47.000,eqt_earthquakes_th0_1/20250919T204647Z_20250919T204747Z/TOF_outputs/X_prediction_results.csv
ALAJF,HE,ALAJF,0,0.0,0.0,0.0,,,2025-09-19 20:47:01.832,0.264985,2025-09-19 20:46:50.000,2025-09-19 20:47:50.000,eqt_earthquakes_th0_1/20250919T204650Z_20250919T204750Z/ALAJF_outputs/X_prediction_results.csv
MSF,FN,MSF,0,0.0,0.0,0.0,2025-09-20 16:18:44.750,0.944845,2025-09-20 16:18:51.220,0.78321,2025-09-20 16:18:39.000,2025-09-20 16:19:39.000,eqt_earthquakes_th0_1/20250920T161839Z_20250920T161939Z/MSF_outputs/X_prediction_results.csv
KU6,HE,KU6,0,0.0,0.0,0.0,2025-09-20 16:18:47.520,0.951025,2025-09-20 16:18:55.800,0.703965,2025-09-20 16:18:42.000,2025-09-20 16:19:42.000,eqt_earthquakes_th0_1/20250920T161842Z_20250920T161942Z/KU6_outputs/X_prediction_results.csv
OLKF,FN,OLKF,0,0.0,0.0,0.0,2025-09-20 16:18:51.360,0.929865,2025-09-20 16:19:02.480,0.758179,2025-09-20 16:18:46.000,2025-09-20 16:19:46.000,eqt_earthquakes_th0_1/20250920T161846Z_20250920T161946Z/OLKF_outputs/X_prediction_results.csv
RANF,FN,RANF,0,0.0,0.0,0.0,2025-09-20 16:18:55.960,0.948293,2025-09-20 16:19:10.540,0.557346,2025-09-20 16:18:50.000,2025-09-20 16:19:50.000,eqt_earthquakes_th0_1/20250920T161850Z_20250920T161950Z/RANF_outputs/X_prediction_results.csv
RMF,HE,RMF,0,0.0,0.0,0.0,2025-09-20 16:18:58.104,0.914978,2025-09-20 16:19:14.604,0.604975,2025-09-20 16:18:53.000,2025-09-20 16:19:53.000,eqt_earthquakes_th0_1/20250920T161853Z_20250920T161953Z/RMF_outputs/X_prediction_results.csv
OUL,FN,OUL,0,0.0,0.0,0.0,2025-09-20 16:19:01.130,0.934015,2025-09-20 16:19:19.260,0.705007,2025-09-20 16:18:56.000,2025-09-20 16:19:56.000,eqt_earthquakes_th0_1/20250920T161856Z_20250920T161956Z/OUL_outputs/X_prediction_results.csv
RNF,FN,RNF,0,0.0,0.0,0.0,2025-09-20 16:19:05.300,0.952587,2025-09-20 16:19:27.640,0.345387,2025-09-20 16:19:00.000,2025-09-20 16:20:00.000,eqt_earthquakes_th0_1/20250920T161900Z_20250920T162000Z/RNF_outputs/X_prediction_results.csv
OBF3,HE,OBF3,0,0.0,0.0,0.0,,,2025-09-20 16:19:34.752,0.124323,2025-09-20 16:19:28.000,2025-09-20 16:20:28.000,eqt_earthquakes_th0_1/20250920T161928Z_20250920T162028Z/OBF3_outputs/X_prediction_results.csv
NIF,HE,NIF,0,0.0,0.0,0.0,,,2025-09-20 16:19:38.348,0.583933,2025-09-20 16:19:31.000,2025-09-20 16:20:31.000,eqt_earthquakes_th0_1/20250920T161931Z_20250920T162031Z/NIF_outputs/X_prediction_results.csv
TOF,HE,TOF,0,0.0,0.0,0.0,2025-09-21 10:26:06.390,0.954775,2025-09-21 10:26:09.900,0.734618,2025-09-21 10:26:01.000,2025-09-21 10:27:01.000,eqt_earthquakes_th0_1/20250921T102601Z_20250921T102701Z/TOF_outputs/X_prediction_results.csv
RNF,FN,RNF,0,0.0,0.0,0.0,,,2025-09-21 10:26:40.090,0.237747,2025-09-21 10:26:16.000,2025-09-21 10:27:16.000,eqt_earthquakes_th0_1/20250921T102616Z_20250921T102716Z/RNF_outputs/X_prediction_results.csv
RNF,FN,RNF,0,0.0,0.0,0.0,2025-09-21 10:26:21.640,0.168594,2025-09-21 10:26:36.470,0.148693,2025-09-21 10:26:16.000,2025-09-21 10:27:16.000,eqt_earthquakes_th0_1/20250921T102616Z_20250921T102716Z/RNF_outputs/X_prediction_results.csv
RANF,FN,RANF,0,0.0,0.0,0.0,2025-09-21 10:26:23.560,0.719244,2025-09-21 10:26:39.660,0.331801,2025-09-21 10:26:18.000,2025-09-21 10:27:18.000,eqt_earthquakes_th0_1/20250921T102618Z_20250921T102718Z/RANF_outputs/X_prediction_results.csv
KLF,FN,KLF,0,0.0,0.0,0.0,2025-09-21 10:26:24.850,0.91216,2025-09-21 10:26:42.120,0.470781,2025-09-21 10:26:19.000,2025-09-21 10:27:19.000,eqt_earthquakes_th0_1/20250921T102619Z_20250921T102719Z/KLF_outputs/X_prediction_results.csv
OBF8,HE,OBF8,0,0.0,0.0,0.0,2025-09-21 10:26:52.524,0.521325,2025-09-21 10:26:59.584,0.57027,2025-09-21 10:26:45.000,2025-09-21 10:27:45.000,eqt_earthquakes_th0_1/20250921T102645Z_20250921T102745Z/OBF8_outputs/X_prediction_results.csv
OBF8,HE,OBF8,0,0.0,0.0,0.0,2025-09-21 10:26:54.524,0.334454,,,2025-09-21 10:26:45.000,2025-09-21 10:27:45.000,eqt_earthquakes_th0_1/20250921T102645Z_20250921T102745Z/OBF8_outputs/X_prediction_results.csv
AAL,UP,AAL,0,0.0,0.0,0.0,2025-09-21 11:46:05.280,0.661084,,,2025-09-21 11:46:00.000,2025-09-21 11:47:00.000,eqt_earthquakes_th0_1/20250921T114600Z_20250921T114700Z/AAL_outputs/X_prediction_results.csv
AAL,UP,AAL,0,0.0,0.0,0.0,,,2025-09-21 11:46:35.500,0.233407,2025-09-21 11:46:00.000,2025-09-21 11:47:00.000,eqt_earthquakes_th0_1/20250921T114600Z_20250921T114700Z/AAL_outputs/X_prediction_results.csv
RAF,HE,RAF,0,0.0,0.0,0.0,2025-09-21 11:46:10.360,0.120386,,,2025-09-21 11:46:03.000,2025-09-21 11:47:03.000,eqt_earthquakes_th0_1/20250921T114603Z_20250921T114703Z/RAF_outputs/X_prediction_results.csv
KPF,HE,KPF,0,0.0,0.0,0.0,,,2025-09-21 11:46:40.674,0.415605,2025-09-21 11:46:33.000,2025-09-21 11:47:33.000,eqt_earthquakes_th0_1/20250921T114633Z_20250921T114733Z/KPF_outputs/X_prediction_results.csv
KEV,HE,KEV,0,0.0,0.0,0.0,2025-09-22 08:34:16.650,0.939977,2025-09-22 08:34:32.980,0.672484,2025-09-22 08:34:11.000,2025-09-22 08:35:11.000,eqt_earthquakes_th0_1/20250922T083411Z_20250922T083511Z/KEV_outputs/X_prediction_results.csv
KIF,HE,KIF,0,0.0,0.0,0.0,2025-09-22 08:34:23.970,0.955565,2025-09-22 08:34:45.650,0.459161,2025-09-22 08:34:18.000,2025-09-22 08:35:18.000,eqt_earthquakes_th0_1/20250922T083418Z_20250922T083518Z/KIF_outputs/X_prediction_results.csv
KMNF,FN,KMNF,0,0.0,0.0,0.0,2025-09-22 08:34:23.350,0.950782,2025-09-22 08:34:44.890,0.33945,2025-09-22 08:34:18.000,2025-09-22 08:35:18.000,eqt_earthquakes_th0_1/20250922T083418Z_20250922T083518Z/KMNF_outputs/X_prediction_results.csv
FIA1,HE,FIA1,0,0.0,0.0,0.0,2025-09-24 02:54:36.870,0.448608,,,2025-09-24 02:54:31.000,2025-09-24 02:55:31.000,eqt_earthquakes_th0_1/20250924T025431Z_20250924T025531Z/FIA1_outputs/X_prediction_results.csv
FIA0,HE,FIA0,0,0.0,0.0,0.0,2025-09-24 02:54:36.880,0.865002,2025-09-24 02:54:46.280,0.548152,2025-09-24 02:54:31.000,2025-09-24 02:55:31.000,eqt_earthquakes_th0_1/20250924T025431Z_20250924T025531Z/FIA0_outputs/X_prediction_results.csv
VJF,HE,VJF,0,0.0,0.0,0.0,2025-09-24 02:54:37.392,0.242701,,,2025-09-24 02:54:32.000,2025-09-24 02:55:32.000,eqt_earthquakes_th0_1/20250924T025432Z_20250924T025532Z/VJF_outputs/X_prediction_results.csv
VJF,HE,VJF,0,0.0,0.0,0.0,2025-09-24 12:25:11.972,0.641148,2025-09-24 12:25:19.672,0.67026,2025-09-24 12:25:06.000,2025-09-24 12:26:06.000,eqt_earthquakes_th0_1/20250924T122506Z_20250924T122606Z/VJF_outputs/X_prediction_results.csv
FIA0,HE,FIA0,0,0.0,0.0,0.0,2025-09-24 12:25:34.960,0.662192,2025-09-24 12:25:35.020,0.301759,2025-09-24 12:25:29.000,2025-09-24 12:26:29.000,eqt_earthquakes_th0_1/20250924T122529Z_20250924T122629Z/FIA0_outputs/X_prediction_results.csv
FIA0,HE,FIA0,0,0.0,0.0,0.0,,,2025-09-24 12:25:40.980,0.418504,2025-09-24 12:25:29.000,2025-09-24 12:26:29.000,eqt_earthquakes_th0_1/20250924T122529Z_20250924T122629Z/FIA0_outputs/X_prediction_results.csv
FIA1,HE,FIA1,0,0.0,0.0,0.0,2025-09-24 12:25:34.700,0.573693,2025-09-24 12:25:40.670,0.267216,2025-09-24 12:25:29.000,2025-09-24 12:26:29.000,eqt_earthquakes_th0_1/20250924T122529Z_20250924T122629Z/FIA1_outputs/X_prediction_results.csv
FIA1,HE,FIA1,0,0.0,0.0,0.0,2025-09-24 12:25:35.120,0.371586,,,2025-09-24 12:25:29.000,2025-09-24 12:26:29.000,eqt_earthquakes_th0_1/20250924T122529Z_20250924T122629Z/FIA1_outputs/X_prediction_results.csv
RUF,HE,RUF,0,0.0,0.0,0.0,,,2025-09-24 12:25:53.286,0.727234,2025-09-24 12:25:45.000,2025-09-24 12:26:45.000,eqt_earthquakes_th0_1/20250924T122545Z_20250924T122645Z/RUF_outputs/X_prediction_results.csv
KAF,HE,KAF,0,0.0,0.0,0.0,,,2025-09-24 12:25:56.130,0.259566,2025-09-24 12:25:49.000,2025-09-24 12:26:49.000,eqt_earthquakes_th0_1/20250924T122549Z_20250924T122649Z/KAF_outputs/X_prediction_results.csv
KEF,HE,KEF,0,0.0,0.0,0.0,,,2025-09-24 12:26:03.230,0.22555,2025-09-24 12:25:56.000,2025-09-24 12:26:56.000,eqt_earthquakes_th0_1/20250924T122556Z_20250924T122656Z/KEF_outputs/X_prediction_results.csv
FIA1,HE,FIA1,0,0.0,0.0,0.0,2025-09-27 21:58:37.700,0.226766,2025-09-27 21:58:46.960,0.381193,2025-09-27 21:58:32.000,2025-09-27 21:59:32.000,eqt_earthquakes_th0_1/20250927T215832Z_20250927T215932Z/FIA1_outputs/X_prediction_results.csv
OBF3,HE,OBF3,0,0.0,0.0,0.0,2025-09-30 14:49:11.398,0.832948,2025-09-30 14:49:19.658,0.666007,2025-09-30 14:49:06.000,2025-09-30 14:50:06.000,eqt_earthquakes_th0_1/20250930T144906Z_20250930T145006Z/OBF3_outputs/X_prediction_results.csv
TOF,HE,TOF,0,0.0,0.0,0.0,2025-09-30 14:49:14.130,0.947973,2025-09-30 14:49:24.320,0.608274,2025-09-30 14:49:09.000,2025-09-30 14:50:09.000,eqt_earthquakes_th0_1/20250930T144909Z_20250930T145009Z/TOF_outputs/X_prediction_results.csv
OBF0,HE,OBF0,0,0.0,0.0,0.0,2025-09-30 14:49:15.212,0.944499,2025-09-30 14:49:26.052,0.619963,2025-09-30 14:49:10.000,2025-09-30 14:50:10.000,eqt_earthquakes_th0_1/20250930T144910Z_20250930T145010Z/OBF0_outputs/X_prediction_results.csv
OUL,FN,OUL,0,0.0,0.0,0.0,2025-09-30 14:49:15.250,0.309586,2025-09-30 14:49:27.000,0.375386,2025-09-30 14:49:10.000,2025-09-30 14:50:10.000,eqt_earthquakes_th0_1/20250930T144910Z_20250930T145010Z/OUL_outputs/X_prediction_results.csv
OUF,HE,OUF,0,0.0,0.0,0.0,2025-09-30 14:49:18.390,0.837089,2025-09-30 14:49:31.410,0.598318,2025-09-30 14:49:13.000,2025-09-30 14:50:13.000,eqt_earthquakes_th0_1/20250930T144913Z_20250930T145013Z/OUF_outputs/X_prediction_results.csv
RANF,FN,RANF,0,0.0,0.0,0.0,,,2025-09-30 14:49:41.760,0.284996,2025-09-30 14:49:18.000,2025-09-30 14:50:18.000,eqt_earthquakes_th0_1/20250930T144918Z_20250930T145018Z/RANF_outputs/X_prediction_results.csv
RNF,FN,RNF,0,0.0,0.0,0.0,,,2025-09-30 14:49:46.980,0.386336,2025-09-30 14:49:22.000,2025-09-30 14:50:22.000,eqt_earthquakes_th0_1/20250930T144922Z_20250930T145022Z/RNF_outputs/X_prediction_results.csv
KLF,FN,KLF,0,0.0,0.0,0.0,,,2025-09-30 14:49:57.960,0.25112,2025-09-30 14:49:28.000,2025-09-30 14:50:28.000,eqt_earthquakes_th0_1/20250930T144928Z_20250930T145028Z/KLF_outputs/X_prediction_results.csv
AAL,UP,AAL,0,0.0,0.0,0.0,2025-10-02 09:35:11.680,0.290166,,,2025-10-02 09:35:06.000,2025-10-02 09:36:06.000,eqt_earthquakes_th0_1/20251002T093506Z_20251002T093606Z/AAL_outputs/X_prediction_results.csv
KPF,HE,KPF,0,0.0,0.0,0.0,2025-10-02 09:35:16.242,0.131749,,,2025-10-02 09:35:11.000,2025-10-02 09:36:11.000,eqt_earthquakes_th0_1/20251002T093511Z_20251002T093611Z/KPF_outputs/X_prediction_results.csv
VJF,HE,VJF,0,0.0,0.0,0.0,2025-10-03 17:15:55.670,0.952775,2025-10-03 17:16:05.740,0.668874,2025-10-03 17:15:50.000,2025-10-03 17:16:50.000,eqt_earthquakes_th0_1/20251003T171550Z_20251003T171650Z/VJF_outputs/X_prediction_results.csv
FIA0,HE,FIA0,0,0.0,0.0,0.0,2025-10-03 17:15:57.960,0.945245,2025-10-03 17:16:09.190,0.594051,2025-10-03 17:15:52.000,2025-10-03 17:16:52.000,eqt_earthquakes_th0_1/20251003T171552Z_20251003T171652Z/FIA0_outputs/X_prediction_results.csv
FIA1,HE,FIA1,0,0.0,0.0,0.0,2025-10-03 17:15:57.970,0.950628,2025-10-03 17:16:09.250,0.662109,2025-10-03 17:15:52.000,2025-10-03 17:16:52.000,eqt_earthquakes_th0_1/20251003T171552Z_20251003T171652Z/FIA1_outputs/X_prediction_results.csv
MEF,HE,MEF,0,0.0,0.0,0.0,2025-10-03 17:15:58.810,0.94648,2025-10-03 17:16:10.150,0.176339,2025-10-03 17:15:53.000,2025-10-03 17:16:53.000,eqt_earthquakes_th0_1/20251003T171553Z_20251003T171653Z/MEF_outputs/X_prediction_results.csv
MEF,HE,MEF,0,0.0,0.0,0.0,,,2025-10-03 17:16:17.270,0.107366,2025-10-03 17:15:53.000,2025-10-03 17:16:53.000,eqt_earthquakes_th0_1/20251003T171553Z_20251003T171653Z/MEF_outputs/X_prediction_results.csv
HEL1,HE,HEL1,0,0.0,0.0,0.0,,,2025-10-03 17:16:04.646,0.52566,2025-10-03 17:15:59.000,2025-10-03 17:16:59.000,eqt_earthquakes_th0_1/20251003T171559Z_20251003T171659Z/HEL1_outputs/X_prediction_results.csv
KAF,HE,KAF,0,0.0,0.0,0.0,2025-10-03 17:16:09.920,0.662337,2025-10-03 17:16:30.340,0.624148,2025-10-03 17:16:04.000,2025-10-03 17:17:04.000,eqt_earthquakes_th0_1/20251003T171604Z_20251003T171704Z/KAF_outputs/X_prediction_results.csv
KEF,HE,KEF,0,0.0,0.0,0.0,2025-10-03 17:16:12.390,0.380574,2025-10-03 17:16:35.140,0.462761,2025-10-03 17:16:07.000,2025-10-03 17:17:07.000,eqt_earthquakes_th0_1/20251003T171607Z_20251003T171707Z/KEF_outputs/X_prediction_results.csv
KEF,HE,KEF,0,0.0,0.0,0.0,2025-10-03 17:16:13.390,0.411089,,,2025-10-03 17:16:07.000,2025-10-03 17:17:07.000,eqt_earthquakes_th0_1/20251003T171607Z_20251003T171707Z/KEF_outputs/X_prediction_results.csv
KPF,HE,KPF,0,0.0,0.0,0.0,2025-10-03 17:16:22.670,0.214846,,,2025-10-03 17:16:17.000,2025-10-03 17:17:17.000,eqt_earthquakes_th0_1/20251003T171617Z_20251003T171717Z/KPF_outputs/X_prediction_results.csv
KPF,HE,KPF,0,0.0,0.0,0.0,2025-10-03 17:16:23.670,0.358008,2025-10-03 17:16:53.130,0.286069,2025-10-03 17:16:17.000,2025-10-03 17:17:17.000,eqt_earthquakes_th0_1/20251003T171617Z_20251003T171717Z/KPF_outputs/X_prediction_results.csv
TVF,HE,TVF,0,0.0,0.0,0.0,2025-10-03 17:16:31.034,0.287607,2025-10-03 17:16:35.144,0.141216,2025-10-03 17:16:26.000,2025-10-03 17:17:26.000,eqt_earthquakes_th0_1/20251003T171626Z_20251003T171726Z/TVF_outputs/X_prediction_results.csv
RUF,HE,RUF,0,0.0,0.0,0.0,,,2025-10-03 17:16:34.836,0.590259,2025-10-03 17:16:27.000,2025-10-03 17:17:27.000,eqt_earthquakes_th0_1/20251003T171627Z_20251003T171727Z/RUF_outputs/X_prediction_results.csv
HEF,HE,HEF,0,0.0,0.0,0.0,2025-10-03 23:34:04.430,0.126055,,,2025-10-03 23:33:13.000,2025-10-03 23:34:13.000,eqt_earthquakes_th0_1/20251003T233313Z_20251003T233413Z/HEF_outputs/X_prediction_results.csv
KLF,FN,KLF,0,0.0,0.0,0.0,2025-10-03 23:33:26.100,0.137217,2025-10-03 23:33:26.440,0.149626,2025-10-03 23:33:20.000,2025-10-03 23:34:20.000,eqt_earthquakes_th0_1/20251003T233320Z_20251003T233420Z/KLF_outputs/X_prediction_results.csv
KU6,HE,KU6,0,0.0,0.0,0.0,2025-10-07 10:38:01.900,0.952572,2025-10-07 10:38:04.790,0.856721,2025-10-07 10:37:56.000,2025-10-07 10:38:56.000,eqt_earthquakes_th0_1/20251007T103756Z_20251007T103856Z/KU6_outputs/X_prediction_results.csv
MSF,FN,MSF,0,0.0,0.0,0.0,2025-10-07 10:38:03.100,0.734523,2025-10-07 10:38:06.810,0.808381,2025-10-07 10:37:58.000,2025-10-07 10:38:58.000,eqt_earthquakes_th0_1/20251007T103758Z_20251007T103858Z/MSF_outputs/X_prediction_results.csv
OBF0,HE,OBF0,0,0.0,0.0,0.0,2025-10-07 22:50:45.164,0.312958,,,2025-10-07 22:50:40.000,2025-10-07 22:51:40.000,eqt_earthquakes_th0_1/20251007T225040Z_20251007T225140Z/OBF0_outputs/X_prediction_results.csv
VAF,HE,VAF,0,0.0,0.0,0.0,,,2025-10-07 22:51:23.090,0.419709,2025-10-07 22:51:16.000,2025-10-07 22:52:16.000,eqt_earthquakes_th0_1/20251007T225116Z_20251007T225216Z/VAF_outputs/X_prediction_results.csv
ALAJF,HE,ALAJF,0,0.0,0.0,0.0,,,2025-10-07 22:51:28.338,0.425185,2025-10-07 22:51:22.000,2025-10-07 22:52:22.000,eqt_earthquakes_th0_1/20251007T225122Z_20251007T225222Z/ALAJF_outputs/X_prediction_results.csv
VJF,HE,VJF,0,0.0,0.0,0.0,2025-10-08 06:12:50.040,0.906437,2025-10-08 06:12:50.760,0.843312,2025-10-08 06:12:45.000,2025-10-08 06:13:45.000,eqt_earthquakes_th0_1/20251008T061245Z_20251008T061345Z/VJF_outputs/X_prediction_results.csv
RUF,HE,RUF,0,0.0,0.0,0.0,2025-10-08 06:13:23.472,0.305879,,,2025-10-08 06:13:17.000,2025-10-08 06:14:17.000,eqt_earthquakes_th0_1/20251008T061317Z_20251008T061417Z/RUF_outputs/X_prediction_results.csv
RUF,HE,RUF,0,0.0,0.0,0.0,2025-10-08 06:13:22.502,0.212825,2025-10-08 06:13:27.752,0.61095,2025-10-08 06:13:17.000,2025-10-08 06:14:17.000,eqt_earthquakes_th0_1/20251008T061317Z_20251008T061417Z/RUF_outputs/X_prediction_results.csv
LAUT,HE,LAUT,0,0.0,0.0,0.0,,,2025-10-08 06:13:35.412,0.659534,2025-10-08 06:13:28.000,2025-10-08 06:14:28.000,eqt_earthquakes_th0_1/20251008T061328Z_20251008T061428Z/LAUT_outputs/X_prediction_results.csv
HEF,HE,HEF,0,0.0,0.0,0.0,2025-10-09 11:32:25.120,0.951425,2025-10-09 11:32:31.240,0.605391,2025-10-09 11:32:20.000,2025-10-09 11:33:20.000,eqt_earthquakes_th0_1/20251009T113220Z_20251009T113320Z/HEF_outputs/X_prediction_results.csv
FIA0,HE,FIA0,0,0.0,0.0,0.0,2025-10-11 13:31:35.520,0.898491,2025-10-11 13:31:45.300,0.455362,2025-10-11 13:31:30.000,2025-10-11 13:32:30.000,eqt_earthquakes_th0_1/20251011T133130Z_20251011T133230Z/FIA0_outputs/X_prediction_results.csv
FIA1,HE,FIA1,0,0.0,0.0,0.0,2025-10-11 13:31:35.520,0.913598,2025-10-11 13:31:45.280,0.492788,2025-10-11 13:31:30.000,2025-10-11 13:32:30.000,eqt_earthquakes_th0_1/20251011T133130Z_20251011T133230Z/FIA1_outputs/X_prediction_results.csv
NUR,HE,NUR,0,0.0,0.0,0.0,2025-10-11 13:31:36.094,0.869339,2025-10-11 13:31:46.064,0.333765,2025-10-11 13:31:31.000,2025-10-11 13:32:31.000,eqt_earthquakes_th0_1/20251011T133131Z_20251011T133231Z/NUR_outputs/X_prediction_results.csv
VJF,HE,VJF,0,0.0,0.0,0.0,2025-10-11 13:31:36.566,0.947174,2025-10-11 13:31:47.156,0.556119,2025-10-11 13:31:31.000,2025-10-11 13:32:31.000,eqt_earthquakes_th0_1/20251011T133131Z_20251011T133231Z/VJF_outputs/X_prediction_results.csv
KAF,HE,KAF,0,0.0,0.0,0.0,2025-10-11 13:31:47.620,0.910874,2025-10-11 13:32:06.070,0.615395,2025-10-11 13:31:42.000,2025-10-11 13:32:42.000,eqt_earthquakes_th0_1/20251011T133142Z_20251011T133242Z/KAF_outputs/X_prediction_results.csv
RUF,HE,RUF,0,0.0,0.0,0.0,2025-10-11 13:31:50.658,0.167847,2025-10-11 13:32:11.268,0.429927,2025-10-11 13:31:45.000,2025-10-11 13:32:45.000,eqt_earthquakes_th0_1/20251011T133145Z_20251011T133245Z/RUF_outputs/X_prediction_results.csv
KEF,HE,KEF,0,0.0,0.0,0.0,2025-10-11 13:31:50.410,0.348658,2025-10-11 13:32:11.220,0.578133,2025-10-11 13:31:45.000,2025-10-11 13:32:45.000,eqt_earthquakes_th0_1/20251011T133145Z_20251011T133245Z/KEF_outputs/X_prediction_results.csv
KEF,HE,KEF,0,0.0,0.0,0.0,2025-10-11 13:31:51.010,0.131811,,,2025-10-11 13:31:45.000,2025-10-11 13:32:45.000,eqt_earthquakes_th0_1/20251011T133145Z_20251011T133245Z/KEF_outputs/X_prediction_results.csv
KEF,HE,KEF,0,0.0,0.0,0.0,2025-10-11 13:31:51.400,0.368006,,,2025-10-11 13:31:45.000,2025-10-11 13:32:45.000,eqt_earthquakes_th0_1/20251011T133145Z_20251011T133245Z/KEF_outputs/X_prediction_results.csv
TVF,HE,TVF,0,0.0,0.0,0.0,2025-10-11 13:31:52.552,0.482434,2025-10-11 13:32:17.852,0.225513,2025-10-11 13:31:47.000,2025-10-11 13:32:47.000,eqt_earthquakes_th0_1/20251011T133147Z_20251011T133247Z/TVF_outputs/X_prediction_results.csv
SUF,HE,SUF,0,0.0,0.0,0.0,2025-10-11 13:31:58.434,0.691738,2025-10-11 13:32:23.814,0.389991,2025-10-11 13:31:52.000,2025-10-11 13:32:52.000,eqt_earthquakes_th0_1/20251011T133152Z_20251011T133252Z/SUF_outputs/X_prediction_results.csv
KPF,HE,KPF,0,0.0,0.0,0.0,2025-10-11 13:32:02.770,0.372225,2025-10-11 13:32:31.660,0.329079,2025-10-11 13:31:57.000,2025-10-11 13:32:57.000,eqt_earthquakes_th0_1/20251011T133157Z_20251011T133257Z/KPF_outputs/X_prediction_results.csv
SGF,FN,SGF,0,0.0,0.0,0.0,2025-10-12 00:48:44.580,0.931842,2025-10-12 00:48:53.550,0.678039,2025-10-12 00:48:39.000,2025-10-12 00:49:39.000,eqt_earthquakes_th0_1/20251012T004839Z_20251012T004939Z/SGF_outputs/X_prediction_results.csv
HEF,HE,HEF,0,0.0,0.0,0.0,2025-10-12 00:48:47.160,0.927917,2025-10-12 00:48:57.750,0.262412,2025-10-12 00:48:42.000,2025-10-12 00:49:42.000,eqt_earthquakes_th0_1/20251012T004842Z_20251012T004942Z/HEF_outputs/X_prediction_results.csv
KLF,FN,KLF,0,0.0,0.0,0.0,2025-10-12 00:48:50.050,0.952621,2025-10-12 00:49:02.650,0.35025,2025-10-12 00:48:45.000,2025-10-12 00:49:45.000,eqt_earthquakes_th0_1/20251012T004845Z_20251012T004945Z/KLF_outputs/X_prediction_results.csv
RAJF,FN,RAJF,0,0.0,0.0,0.0,2025-10-12 00:48:52.600,0.885456,2025-10-12 00:49:06.780,0.535395,2025-10-12 00:48:47.000,2025-10-12 00:49:47.000,eqt_earthquakes_th0_1/20251012T004847Z_20251012T004947Z/RAJF_outputs/X_prediction_results.csv
KMNF,FN,KMNF,0,0.0,0.0,0.0,2025-10-12 00:48:54.750,0.949311,2025-10-12 00:49:10.480,0.407824,2025-10-12 00:48:49.000,2025-10-12 00:49:49.000,eqt_earthquakes_th0_1/20251012T004849Z_20251012T004949Z/KMNF_outputs/X_prediction_results.csv
RNF,FN,RNF,0,0.0,0.0,0.0,2025-10-12 00:48:57.660,0.937944,2025-10-12 00:49:15.320,0.643339,2025-10-12 00:48:52.000,2025-10-12 00:49:52.000,eqt_earthquakes_th0_1/20251012T004852Z_20251012T004952Z/RNF_outputs/X_prediction_results.csv
VRF,HE,VRF,0,0.0,0.0,0.0,2025-10-12 00:49:00.250,0.622671,2025-10-12 00:49:19.810,0.267475,2025-10-12 00:48:55.000,2025-10-12 00:49:55.000,eqt_earthquakes_th0_1/20251012T004855Z_20251012T004955Z/VRF_outputs/X_prediction_results.csv
KEV,HE,KEV,0,0.0,0.0,0.0,2025-10-12 00:49:04.470,0.333019,2025-10-12 00:49:27.020,0.409464,2025-10-12 00:48:59.000,2025-10-12 00:49:59.000,eqt_earthquakes_th0_1/20251012T004859Z_20251012T004959Z/KEV_outputs/X_prediction_results.csv
KIF,HE,KIF,0,0.0,0.0,0.0,2025-10-12 00:49:07.900,0.831446,2025-10-12 00:49:34.430,0.408808,2025-10-12 00:49:02.000,2025-10-12 00:50:02.000,eqt_earthquakes_th0_1/20251012T004902Z_20251012T005002Z/KIF_outputs/X_prediction_results.csv
RANF,FN,RANF,0,0.0,0.0,0.0,2025-10-12 00:49:08.160,0.761214,2025-10-12 00:49:35.210,0.501873,2025-10-12 00:49:03.000,2025-10-12 00:50:03.000,eqt_earthquakes_th0_1/20251012T004903Z_20251012T005003Z/RANF_outputs/X_prediction_results.csv
TOF,HE,TOF,0,0.0,0.0,0.0,,,2025-10-12 00:49:33.150,0.434088,2025-10-12 00:49:27.000,2025-10-12 00:50:27.000,eqt_earthquakes_th0_1/20251012T004927Z_20251012T005027Z/TOF_outputs/X_prediction_results.csv
KLF,FN,KLF,0,0.0,0.0,0.0,2025-10-12 11:54:53.650,0.937817,2025-10-12 11:55:03.030,0.595009,2025-10-12 11:54:48.000,2025-10-12 11:55:48.000,eqt_earthquakes_th0_1/20251012T115448Z_20251012T115548Z/KLF_outputs/X_prediction_results.csv
KIF,HE,KIF,0,0.0,0.0,0.0,2025-10-12 11:55:28.540,0.118466,,,2025-10-12 11:55:23.000,2025-10-12 11:56:23.000,eqt_earthquakes_th0_1/20251012T115523Z_20251012T115623Z/KIF_outputs/X_prediction_results.csv
SGF,FN,SGF,0,0.0,0.0,0.0,,,2025-10-12 11:55:29.760,0.416463,2025-10-12 11:55:24.000,2025-10-12 11:56:24.000,eqt_earthquakes_th0_1/20251012T115524Z_20251012T115624Z/SGF_outputs/X_prediction_results.csv
RAF,HE,RAF,0,0.0,0.0,0.0,2025-10-12 17:38:08.400,0.95144,2025-10-12 17:38:11.590,0.830031,2025-10-12 17:38:03.000,2025-10-12 17:39:03.000,eqt_earthquakes_th0_1/20251012T173803Z_20251012T173903Z/RAF_outputs/X_prediction_results.csv
KPF,HE,KPF,0,0.0,0.0,0.0,2025-10-12 17:38:18.654,0.926803,2025-10-12 17:38:28.754,0.531574,2025-10-12 17:38:13.000,2025-10-12 17:39:13.000,eqt_earthquakes_th0_1/20251012T173813Z_20251012T173913Z/KPF_outputs/X_prediction_results.csv
AAL,UP,AAL,0,0.0,0.0,0.0,2025-10-12 17:38:24.840,0.916866,2025-10-12 17:38:40.520,0.692109,2025-10-12 17:38:19.000,2025-10-12 17:39:19.000,eqt_earthquakes_th0_1/20251012T173819Z_20251012T173919Z/AAL_outputs/X_prediction_results.csv
TVF,HE,TVF,0,0.0,0.0,0.0,2025-10-12 17:38:33.046,0.172987,2025-10-12 17:38:53.986,0.340615,2025-10-12 17:38:28.000,2025-10-12 17:39:28.000,eqt_earthquakes_th0_1/20251012T173828Z_20251012T173928Z/TVF_outputs/X_prediction_results.csv
NUR,HE,NUR,0,0.0,0.0,0.0,2025-10-12 17:38:35.416,0.712315,2025-10-12 17:38:58.636,0.346149,2025-10-12 17:38:30.000,2025-10-12 17:39:30.000,eqt_earthquakes_th0_1/20251012T173830Z_20251012T173930Z/NUR_outputs/X_prediction_results.csv
MEF,HE,MEF,0,0.0,0.0,0.0,2025-10-12 17:38:35.780,0.740448,2025-10-12 17:38:58.970,0.566102,2025-10-12 17:38:30.000,2025-10-12 17:39:30.000,eqt_earthquakes_th0_1/20251012T173830Z_20251012T173930Z/MEF_outputs/X_prediction_results.csv
KUNI,HE,KUNI,0,0.0,0.0,0.0,2025-10-12 17:38:38.978,0.880114,2025-10-12 17:39:05.188,0.526241,2025-10-12 17:38:33.000,2025-10-12 17:39:33.000,eqt_earthquakes_th0_1/20251012T173833Z_20251012T173933Z/KUNI_outputs/X_prediction_results.csv
VAF,HE,VAF,0,0.0,0.0,0.0,2025-10-12 17:38:39.890,0.268789,2025-10-12 17:39:07.080,0.518558,2025-10-12 17:38:34.000,2025-10-12 17:39:34.000,eqt_earthquakes_th0_1/20251012T173834Z_20251012T173934Z/VAF_outputs/X_prediction_results.csv
KEF,HE,KEF,0,0.0,0.0,0.0,2025-10-12 17:38:39.600,0.37549,2025-10-12 17:39:05.670,0.277522,2025-10-12 17:38:34.000,2025-10-12 17:39:34.000,eqt_earthquakes_th0_1/20251012T173834Z_20251012T173934Z/KEF_outputs/X_prediction_results.csv
KEF,HE,KEF,0,0.0,0.0,0.0,2025-10-12 17:38:40.590,0.431315,,,2025-10-12 17:38:34.000,2025-10-12 17:39:34.000,eqt_earthquakes_th0_1/20251012T173834Z_20251012T173934Z/KEF_outputs/X_prediction_results.csv
FIA0,HE,FIA0,0,0.0,0.0,0.0,2025-10-12 17:38:45.370,0.244137,,,2025-10-12 17:38:40.000,2025-10-12 17:39:40.000,eqt_earthquakes_th0_1/20251012T173840Z_20251012T173940Z/FIA0_outputs/X_prediction_results.csv
FIA0,HE,FIA0,0,0.0,0.0,0.0,,,2025-10-12 17:39:15.500,0.362633,2025-10-12 17:38:40.000,2025-10-12 17:39:40.000,eqt_earthquakes_th0_1/20251012T173840Z_20251012T173940Z/FIA0_outputs/X_prediction_results.csv
FIA1,HE,FIA1,0,0.0,0.0,0.0,2025-10-12 17:38:45.200,0.46732,,,2025-10-12 17:38:40.000,2025-10-12 17:39:40.000,eqt_earthquakes_th0_1/20251012T173840Z_20251012T173940Z/FIA1_outputs/X_prediction_results.csv
FIA1,HE,FIA1,0,0.0,0.0,0.0,,,2025-10-12 17:39:15.240,0.332506,2025-10-12 17:38:40.000,2025-10-12 17:39:40.000,eqt_earthquakes_th0_1/20251012T173840Z_20251012T173940Z/FIA1_outputs/X_prediction_results.csv
NIF,HE,NIF,0,0.0,0.0,0.0,2025-10-16 14:25:43.828,0.78624,2025-10-16 14:25:52.598,0.691863,2025-10-16 14:25:38.000,2025-10-16 14:26:38.000,eqt_earthquakes_th0_1/20251016T142538Z_20251016T142638Z/NIF_outputs/X_prediction_results.csv
RMF,HE,RMF,0,0.0,0.0,0.0,2025-10-16 14:25:46.272,0.9387,2025-10-16 14:25:56.902,0.410818,2025-10-16 14:25:41.000,2025-10-16 14:26:41.000,eqt_earthquakes_th0_1/20251016T142541Z_20251016T142641Z/RMF_outputs/X_prediction_results.csv
SUF,HE,SUF,0,0.0,0.0,0.0,2025-10-16 14:25:59.772,0.692331,2025-10-16 14:26:21.092,0.347688,2025-10-16 14:25:54.000,2025-10-16 14:26:54.000,eqt_earthquakes_th0_1/20251016T142554Z_20251016T142654Z/SUF_outputs/X_prediction_results.csv
KIF,HE,KIF,0,0.0,0.0,0.0,2025-10-17 20:06:16.130,0.952038,2025-10-17 20:06:24.620,0.609271,2025-10-17 20:06:11.000,2025-10-17 20:07:11.000,eqt_earthquakes_th0_1/20251017T200611Z_20251017T200711Z/KIF_outputs/X_prediction_results.csv
HEF,HE,HEF,0,0.0,0.0,0.0,2025-10-17 20:06:25.870,0.875832,2025-10-17 20:06:41.680,0.632002,2025-10-17 20:06:20.000,2025-10-17 20:07:20.000,eqt_earthquakes_th0_1/20251017T200620Z_20251017T200720Z/HEF_outputs/X_prediction_results.csv
FIA0,HE,FIA0,0,0.0,0.0,0.0,2025-10-18 03:58:44.980,0.91775,2025-10-18 03:58:54.530,0.506372,2025-10-18 03:58:39.000,2025-10-18 03:59:39.000,eqt_earthquakes_th0_1/20251018T035839Z_20251018T035939Z/FIA0_outputs/X_prediction_results.csv
FIA1,HE,FIA1,0,0.0,0.0,0.0,2025-10-18 03:58:44.980,0.930639,2025-10-18 03:58:54.640,0.56406,2025-10-18 03:58:39.000,2025-10-18 03:59:39.000,eqt_earthquakes_th0_1/20251018T035839Z_20251018T035939Z/FIA1_outputs/X_prediction_results.csv
NUR,HE,NUR,0,0.0,0.0,0.0,2025-10-18 03:58:45.680,0.9215,2025-10-18 03:58:55.500,0.261468,2025-10-18 03:58:40.000,2025-10-18 03:59:40.000,eqt_earthquakes_th0_1/20251018T035840Z_20251018T035940Z/NUR_outputs/X_prediction_results.csv
VJF,HE,VJF,0,0.0,0.0,0.0,2025-10-18 03:58:45.936,0.938864,2025-10-18 03:58:56.566,0.603669,2025-10-18 03:58:40.000,2025-10-18 03:59:40.000,eqt_earthquakes_th0_1/20251018T035840Z_20251018T035940Z/VJF_outputs/X_prediction_results.csv
MEF,HE,MEF,0,0.0,0.0,0.0,2025-10-18 03:58:50.120,0.689625,2025-10-18 03:59:10.130,0.388561,2025-10-18 03:58:45.000,2025-10-18 03:59:45.000,eqt_earthquakes_th0_1/20251018T035845Z_20251018T035945Z/MEF_outputs/X_prediction_results.csv
MEF,HE,MEF,0,0.0,0.0,0.0,2025-10-18 03:58:51.120,0.107316,,,2025-10-18 03:58:45.000,2025-10-18 03:59:45.000,eqt_earthquakes_th0_1/20251018T035845Z_20251018T035945Z/MEF_outputs/X_prediction_results.csv
KAF,HE,KAF,0,0.0,0.0,0.0,2025-10-18 03:58:57.070,0.903194,2025-10-18 03:59:15.570,0.669953,2025-10-18 03:58:52.000,2025-10-18 03:59:52.000,eqt_earthquakes_th0_1/20251018T035852Z_20251018T035952Z/KAF_outputs/X_prediction_results.csv
KEF,HE,KEF,0,0.0,0.0,0.0,2025-10-18 03:59:00.070,0.806451,2025-10-18 03:59:20.700,0.599295,2025-10-18 03:58:55.000,2025-10-18 03:59:55.000,eqt_earthquakes_th0_1/20251018T035855Z_20251018T035955Z/KEF_outputs/X_prediction_results.csv
KPF,HE,KPF,0,0.0,0.0,0.0,2025-10-18 03:59:12.242,0.79295,2025-10-18 03:59:41.362,0.205826,2025-10-18 03:59:06.000,2025-10-18 04:00:06.000,eqt_earthquakes_th0_1/20251018T035906Z_20251018T040006Z/KPF_outputs/X_prediction_results.csv
RUF,HE,RUF,0,0.0,0.0,0.0,,,2025-10-18 03:59:20.756,0.441832,2025-10-18 03:59:15.000,2025-10-18 04:00:15.000,eqt_earthquakes_th0_1/20251018T035915Z_20251018T040015Z/RUF_outputs/X_prediction_results.csv
TVF,HE,TVF,0,0.0,0.0,0.0,2025-10-18 03:59:24.218,0.112403,2025-10-18 03:59:27.318,0.187305,2025-10-18 03:59:18.000,2025-10-18 04:00:18.000,eqt_earthquakes_th0_1/20251018T035918Z_20251018T040018Z/TVF_outputs/X_prediction_results.csv
FIA1,HE,FIA1,0,0.0,0.0,0.0,2025-10-18 04:39:48.400,0.886935,2025-10-18 04:39:58.040,0.34855,2025-10-18 04:39:43.000,2025-10-18 04:40:43.000,eqt_earthquakes_th0_1/20251018T043943Z_20251018T044043Z/FIA1_outputs/X_prediction_results.csv
FIA0,HE,FIA0,0,0.0,0.0,0.0,2025-10-18 04:39:48.400,0.863765,2025-10-18 04:39:58.190,0.428105,2025-10-18 04:39:43.000,2025-10-18 04:40:43.000,eqt_earthquakes_th0_1/20251018T043943Z_20251018T044043Z/FIA0_outputs/X_prediction_results.csv
NUR,HE,NUR,0,0.0,0.0,0.0,2025-10-18 04:39:49.194,0.951961,2025-10-18 04:39:58.834,0.414858,2025-10-18 04:39:44.000,2025-10-18 04:40:44.000,eqt_earthquakes_th0_1/20251018T043944Z_20251018T044044Z/NUR_outputs/X_prediction_results.csv
VJF,HE,VJF,0,0.0,0.0,0.0,2025-10-18 04:39:49.482,0.924018,2025-10-18 04:40:00.182,0.610279,2025-10-18 04:39:44.000,2025-10-18 04:40:44.000,eqt_earthquakes_th0_1/20251018T043944Z_20251018T044044Z/VJF_outputs/X_prediction_results.csv
KAF,HE,KAF,0,0.0,0.0,0.0,2025-10-18 04:40:00.620,0.881873,2025-10-18 04:40:19.010,0.607426,2025-10-18 04:39:55.000,2025-10-18 04:40:55.000,eqt_earthquakes_th0_1/20251018T043955Z_20251018T044055Z/KAF_outputs/X_prediction_results.csv
LAUT,HE,LAUT,0,0.0,0.0,0.0,2025-10-18 04:40:01.936,0.490822,,,2025-10-18 04:39:56.000,2025-10-18 04:40:56.000,eqt_earthquakes_th0_1/20251018T043956Z_20251018T044056Z/LAUT_outputs/X_prediction_results.csv
KEF,HE,KEF,0,0.0,0.0,0.0,2025-10-18 04:40:03.940,0.94637,2025-10-18 04:40:24.140,0.62418,2025-10-18 04:39:58.000,2025-10-18 04:40:58.000,eqt_earthquakes_th0_1/20251018T043958Z_20251018T044058Z/KEF_outputs/X_prediction_results.csv
TVF,HE,TVF,0,0.0,0.0,0.0,2025-10-18 04:40:05.636,0.78229,2025-10-18 04:40:29.366,0.219233,2025-10-18 04:40:00.000,2025-10-18 04:41:00.000,eqt_earthquakes_th0_1/20251018T044000Z_20251018T044100Z/TVF_outputs/X_prediction_results.csv
KPF,HE,KPF,0,0.0,0.0,0.0,2025-10-18 04:40:14.752,0.101776,2025-10-18 04:40:44.052,0.249539,2025-10-18 04:40:09.000,2025-10-18 04:41:09.000,eqt_earthquakes_th0_1/20251018T044009Z_20251018T044109Z/KPF_outputs/X_prediction_results.csv
KPF,HE,KPF,0,0.0,0.0,0.0,2025-10-18 04:40:15.732,0.8273,,,2025-10-18 04:40:09.000,2025-10-18 04:41:09.000,eqt_earthquakes_th0_1/20251018T044009Z_20251018T044109Z/KPF_outputs/X_prediction_results.csv
RUF,HE,RUF,0,0.0,0.0,0.0,2025-10-18 04:40:24.298,0.163694,,,2025-10-18 04:40:18.000,2025-10-18 04:41:18.000,eqt_earthquakes_th0_1/20251018T044018Z_20251018T044118Z/RUF_outputs/X_prediction_results.csv
RUF,HE,RUF,0,0.0,0.0,0.0,,,2025-10-18 04:40:24.268,0.400672,2025-10-18 04:40:18.000,2025-10-18 04:41:18.000,eqt_earthquakes_th0_1/20251018T044018Z_20251018T044118Z/RUF_outputs/X_prediction_results.csv
ALAJF,HE,ALAJF,0,0.0,0.0,0.0,,,2025-10-18 04:40:54.366,0.593096,2025-10-18 04:40:48.000,2025-10-18 04:41:48.000,eqt_earthquakes_th0_1/20251018T044048Z_20251018T044148Z/ALAJF_outputs/X_prediction_results.csv
KU6,HE,KU6,0,0.0,0.0,0.0,2025-10-20 00:19:02.380,0.91569,2025-10-20 00:19:09.540,0.809012,2025-10-20 00:18:57.000,2025-10-20 00:19:57.000,eqt_earthquakes_th0_1/20251020T001857Z_20251020T001957Z/KU6_outputs/X_prediction_results.csv
OLKF,FN,OLKF,0,0.0,0.0,0.0,2025-10-20 00:19:03.800,0.857829,2025-10-20 00:19:11.810,0.666221,2025-10-20 00:18:58.000,2025-10-20 00:19:58.000,eqt_earthquakes_th0_1/20251020T001858Z_20251020T001958Z/OLKF_outputs/X_prediction_results.csv
MSF,FN,MSF,0,0.0,0.0,0.0,2025-10-20 00:19:08.310,0.911163,2025-10-20 00:19:20.020,0.335033,2025-10-20 00:19:03.000,2025-10-20 00:20:03.000,eqt_earthquakes_th0_1/20251020T001903Z_20251020T002003Z/MSF_outputs/X_prediction_results.csv
RANF,FN,RANF,0,0.0,0.0,0.0,,,2025-10-20 00:19:44.840,0.542916,2025-10-20 00:19:17.000,2025-10-20 00:20:17.000,eqt_earthquakes_th0_1/20251020T001917Z_20251020T002017Z/RANF_outputs/X_prediction_results.csv
HEF,HE,HEF,0,0.0,0.0,0.0,,,2025-10-20 06:37:42.380,0.150668,2025-10-20 06:37:35.000,2025-10-20 06:38:35.000,eqt_earthquakes_th0_1/20251020T063735Z_20251020T063835Z/HEF_outputs/X_prediction_results.csv
OLKF,FN,OLKF,0,0.0,0.0,0.0,2025-10-21 03:43:01.710,0.95166,2025-10-21 03:43:07.390,0.763177,2025-10-21 03:42:56.000,2025-10-21 03:43:56.000,eqt_earthquakes_th0_1/20251021T034256Z_20251021T034356Z/OLKF_outputs/X_prediction_results.csv
KU6,HE,KU6,0,0.0,0.0,0.0,2025-10-21 03:43:02.580,0.947361,2025-10-21 03:43:09.320,0.635406,2025-10-21 03:42:57.000,2025-10-21 03:43:57.000,eqt_earthquakes_th0_1/20251021T034257Z_20251021T034357Z/KU6_outputs/X_prediction_results.csv
MSF,FN,MSF,0,0.0,0.0,0.0,2025-10-21 03:43:07.240,0.946445,2025-10-21 03:43:17.350,0.671952,2025-10-21 03:43:02.000,2025-10-21 03:44:02.000,eqt_earthquakes_th0_1/20251021T034302Z_20251021T034402Z/MSF_outputs/X_prediction_results.csv
VRF,HE,VRF,0,0.0,0.0,0.0,2025-10-21 03:43:17.430,0.408466,2025-10-21 03:43:34.940,0.626684,2025-10-21 03:43:12.000,2025-10-21 03:44:12.000,eqt_earthquakes_th0_1/20251021T034312Z_20251021T034412Z/VRF_outputs/X_prediction_results.csv
RANF,FN,RANF,0,0.0,0.0,0.0,2025-10-21 03:43:19.700,0.902504,2025-10-21 03:43:38.550,0.598366,2025-10-21 03:43:14.000,2025-10-21 03:44:14.000,eqt_earthquakes_th0_1/20251021T034314Z_20251021T034414Z/RANF_outputs/X_prediction_results.csv
RNF,FN,RNF,0,0.0,0.0,0.0,2025-10-21 03:43:22.910,0.929652,2025-10-21 03:43:44.900,0.464271,2025-10-21 03:43:17.000,2025-10-21 03:44:17.000,eqt_earthquakes_th0_1/20251021T034317Z_20251021T034417Z/RNF_outputs/X_prediction_results.csv
SGF,FN,SGF,0,0.0,0.0,0.0,2025-10-21 03:43:47.280,0.111958,2025-10-21 03:43:47.830,0.102043,2025-10-21 03:43:41.000,2025-10-21 03:44:41.000,eqt_earthquakes_th0_1/20251021T034341Z_20251021T034441Z/SGF_outputs/X_prediction_results.csv
TOF,HE,TOF,0,0.0,0.0,0.0,2025-10-21 06:16:02.840,0.947181,2025-10-21 06:16:09.560,0.563657,2025-10-21 06:15:57.000,2025-10-21 06:16:57.000,eqt_earthquakes_th0_1/20251021T061557Z_20251021T061657Z/TOF_outputs/X_prediction_results.csv
OUL,FN,OUL,0,0.0,0.0,0.0,2025-10-21 06:16:16.860,0.381399,2025-10-21 06:16:34.290,0.192792,2025-10-21 06:16:11.000,2025-10-21 06:17:11.000,eqt_earthquakes_th0_1/20251021T061611Z_20251021T061711Z/OUL_outputs/X_prediction_results.csv
OUL,FN,OUL,0,0.0,0.0,0.0,2025-10-21 06:16:17.860,0.293598,,,2025-10-21 06:16:11.000,2025-10-21 06:17:11.000,eqt_earthquakes_th0_1/20251021T061611Z_20251021T061711Z/OUL_outputs/X_prediction_results.csv
RANF,FN,RANF,0,0.0,0.0,0.0,2025-10-21 06:16:20.110,0.180743,,,2025-10-21 06:16:14.000,2025-10-21 06:17:14.000,eqt_earthquakes_th0_1/20251021T061614Z_20251021T061714Z/RANF_outputs/X_prediction_results.csv
RANF,FN,RANF,0,0.0,0.0,0.0,2025-10-21 06:16:19.100,0.493036,2025-10-21 06:16:38.010,0.22705,2025-10-21 06:16:14.000,2025-10-21 06:17:14.000,eqt_earthquakes_th0_1/20251021T061614Z_20251021T061714Z/RANF_outputs/X_prediction_results.csv
KLF,FN,KLF,0,0.0,0.0,0.0,,,2025-10-21 06:16:39.070,0.116033,2025-10-21 06:16:32.000,2025-10-21 06:17:32.000,eqt_earthquakes_th0_1/20251021T061632Z_20251021T061732Z/KLF_outputs/X_prediction_results.csv
HEF,HE,HEF,0,0.0,0.0,0.0,,,2025-10-22 08:38:48.280,0.285526,2025-10-22 08:38:28.000,2025-10-22 08:39:28.000,eqt_earthquakes_th0_1/20251022T083828Z_20251022T083928Z/HEF_outputs/X_prediction_results.csv
OBF8,HE,OBF8,0,0.0,0.0,0.0,2025-10-24 16:39:26.846,0.7807,,,2025-10-24 16:39:21.000,2025-10-24 16:40:21.000,eqt_earthquakes_th0_1/20251024T163921Z_20251024T164021Z/OBF8_outputs/X_prediction_results.csv
OBF8,HE,OBF8,0,0.0,0.0,0.0,2025-10-24 16:39:42.716,0.352854,,,2025-10-24 16:39:21.000,2025-10-24 16:40:21.000,eqt_earthquakes_th0_1/20251024T163921Z_20251024T164021Z/OBF8_outputs/X_prediction_results.csv
OBF0,HE,OBF0,0,0.0,0.0,0.0,2025-10-24 16:39:32.634,0.942244,2025-10-24 16:39:52.624,0.684071,2025-10-24 16:39:27.000,2025-10-24 16:40:27.000,eqt_earthquakes_th0_1/20251024T163927Z_20251024T164027Z/OBF0_outputs/X_prediction_results.csv
VAF,HE,VAF,0,0.0,0.0,0.0,2025-10-24 16:39:34.550,0.71243,2025-10-24 16:39:55.430,0.557618,2025-10-24 16:39:29.000,2025-10-24 16:40:29.000,eqt_earthquakes_th0_1/20251024T163929Z_20251024T164029Z/VAF_outputs/X_prediction_results.csv
OUF,HE,OUF,0,0.0,0.0,0.0,2025-10-24 16:39:36.310,0.585055,2025-10-24 16:39:59.310,0.305824,2025-10-24 16:39:31.000,2025-10-24 16:40:31.000,eqt_earthquakes_th0_1/20251024T163931Z_20251024T164031Z/OUF_outputs/X_prediction_results.csv
ALAJF,HE,ALAJF,0,0.0,0.0,0.0,2025-10-24 16:39:38.776,0.592526,2025-10-24 16:40:04.746,0.55703,2025-10-24 16:39:33.000,2025-10-24 16:40:33.000,eqt_earthquakes_th0_1/20251024T163933Z_20251024T164033Z/ALAJF_outputs/X_prediction_results.csv
ALAJF,HE,ALAJF,0,0.0,0.0,0.0,2025-10-24 16:39:39.786,0.159334,,,2025-10-24 16:39:33.000,2025-10-24 16:40:33.000,eqt_earthquakes_th0_1/20251024T163933Z_20251024T164033Z/ALAJF_outputs/X_prediction_results.csv
OBF3,HE,OBF3,0,0.0,0.0,0.0,,,2025-10-24 16:40:00.348,0.568067,2025-10-24 16:39:54.000,2025-10-24 16:40:54.000,eqt_earthquakes_th0_1/20251024T163954Z_20251024T164054Z/OBF3_outputs/X_prediction_results.csv
TOF,HE,TOF,0,0.0,0.0,0.0,,,2025-10-24 16:40:14.180,0.427981,2025-10-24 16:40:09.000,2025-10-24 16:41:09.000,eqt_earthquakes_th0_1/20251024T164009Z_20251024T164109Z/TOF_outputs/X_prediction_results.csv
KEV,HE,KEV,0,0.0,0.0,0.0,2025-10-24 17:52:54.120,0.957935,2025-10-24 17:52:59.110,0.744689,2025-10-24 17:52:49.000,2025-10-24 17:53:49.000,eqt_earthquakes_th0_1/20251024T175249Z_20251024T175349Z/KEV_outputs/X_prediction_results.csv
KMNF,FN,KMNF,0,0.0,0.0,0.0,2025-10-24 17:52:55.810,0.934614,2025-10-24 17:53:01.870,0.81005,2025-10-24 17:52:50.000,2025-10-24 17:53:50.000,eqt_earthquakes_th0_1/20251024T175250Z_20251024T175350Z/KMNF_outputs/X_prediction_results.csv
RAJF,FN,RAJF,0,0.0,0.0,0.0,2025-10-24 17:53:05.510,0.922808,2025-10-24 17:53:18.570,0.663272,2025-10-24 17:53:00.000,2025-10-24 17:54:00.000,eqt_earthquakes_th0_1/20251024T175300Z_20251024T175400Z/RAJF_outputs/X_prediction_results.csv
VRF,HE,VRF,0,0.0,0.0,0.0,2025-10-24 17:53:43.500,0.109648,2025-10-24 17:53:47.840,0.334899,2025-10-24 17:53:37.000,2025-10-24 17:54:37.000,eqt_earthquakes_th0_1/20251024T175337Z_20251024T175437Z/VRF_outputs/X_prediction_results.csv
VRF,HE,VRF,0,0.0,0.0,0.0,2025-10-24 17:54:02.170,0.108471,2025-10-24 17:54:05.910,0.229904,2025-10-24 17:53:37.000,2025-10-24 17:54:37.000,eqt_earthquakes_th0_1/20251024T175337Z_20251024T175437Z/VRF_outputs/X_prediction_results.csv
KEV,HE,KEV,0,0.0,0.0,0.0,2025-10-27 09:31:07.540,0.946521,2025-10-27 09:31:20.500,0.631409,2025-10-27 09:31:02.000,2025-10-27 09:32:02.000,eqt_earthquakes_th0_1/20251027T093102Z_20251027T093202Z/KEV_outputs/X_prediction_results.csv
HEF,HE,HEF,0,0.0,0.0,0.0,2025-10-27 09:31:07.020,0.925653,2025-10-27 09:31:20.370,0.554923,2025-10-27 09:31:02.000,2025-10-27 09:32:02.000,eqt_earthquakes_th0_1/20251027T093102Z_20251027T093202Z/HEF_outputs/X_prediction_results.csv
KMNF,FN,KMNF,0,0.0,0.0,0.0,2025-10-27 09:31:07.450,0.948059,2025-10-27 09:31:20.340,0.693468,2025-10-27 09:31:02.000,2025-10-27 09:32:02.000,eqt_earthquakes_th0_1/20251027T093102Z_20251027T093202Z/KMNF_outputs/X_prediction_results.csv
KIF,HE,KIF,0,0.0,0.0,0.0,2025-10-27 09:31:10.900,0.934763,2025-10-27 09:31:26.480,0.751325,2025-10-27 09:31:05.000,2025-10-27 09:32:05.000,eqt_earthquakes_th0_1/20251027T093105Z_20251027T093205Z/KIF_outputs/X_prediction_results.csv
RAJF,FN,RAJF,0,0.0,0.0,0.0,2025-10-27 09:31:19.660,0.861262,2025-10-27 09:31:42.320,0.392719,2025-10-27 09:31:14.000,2025-10-27 09:32:14.000,eqt_earthquakes_th0_1/20251027T093114Z_20251027T093214Z/RAJF_outputs/X_prediction_results.csv
VAF,HE,VAF,0,0.0,0.0,0.0,2025-10-27 19:49:47.380,0.950634,2025-10-27 19:50:00.590,0.586723,2025-10-27 19:49:42.000,2025-10-27 19:50:42.000,eqt_earthquakes_th0_1/20251027T194942Z_20251027T195042Z/VAF_outputs/X_prediction_results.csv
OBF0,HE,OBF0,0,0.0,0.0,0.0,2025-10-27 19:49:58.194,0.464372,2025-10-27 19:50:13.674,0.413961,2025-10-27 19:49:49.000,2025-10-27 19:50:49.000,eqt_earthquakes_th0_1/20251027T194949Z_20251027T195049Z/OBF0_outputs/X_prediction_results.csv
ALAJF,HE,ALAJF,0,0.0,0.0,0.0,2025-10-27 19:49:54.250,0.188699,2025-10-27 19:50:12.970,0.442479,2025-10-27 19:49:49.000,2025-10-27 19:50:49.000,eqt_earthquakes_th0_1/20251027T194949Z_20251027T195049Z/ALAJF_outputs/X_prediction_results.csv
OBF3,HE,OBF3,0,0.0,0.0,0.0,,,2025-10-27 19:50:22.918,0.57196,2025-10-27 19:50:17.000,2025-10-27 19:51:17.000,eqt_earthquakes_th0_1/20251027T195017Z_20251027T195117Z/OBF3_outputs/X_prediction_results.csv
KPF,HE,KPF,0,0.0,0.0,0.0,,,2025-10-27 19:50:31.024,0.247328,2025-10-27 19:50:24.000,2025-10-27 19:51:24.000,eqt_earthquakes_th0_1/20251027T195024Z_20251027T195124Z/KPF_outputs/X_prediction_results.csv
VJF,HE,VJF,0,0.0,0.0,0.0,2025-10-28 01:20:28.728,0.94221,2025-10-28 01:20:29.618,0.867218,2025-10-28 01:20:23.000,2025-10-28 01:21:23.000,eqt_earthquakes_th0_1/20251028T012023Z_20251028T012123Z/VJF_outputs/X_prediction_results.csv
MSF,FN,MSF,0,0.0,0.0,0.0,2025-10-30 05:34:53.650,0.954942,2025-10-30 05:34:57.120,0.874257,2025-10-30 05:34:48.000,2025-10-30 05:35:48.000,eqt_earthquakes_th0_1/20251030T053448Z_20251030T053548Z/MSF_outputs/X_prediction_results.csv
KU6,HE,KU6,0,0.0,0.0,0.0,2025-10-30 05:34:56.110,0.95191,2025-10-30 05:35:01.270,0.817498,2025-10-30 05:34:51.000,2025-10-30 05:35:51.000,eqt_earthquakes_th0_1/20251030T053451Z_20251030T053551Z/KU6_outputs/X_prediction_results.csv
OLKF,FN,OLKF,0,0.0,0.0,0.0,2025-10-30 05:34:59.250,0.907516,2025-10-30 05:35:06.640,0.723919,2025-10-30 05:34:54.000,2025-10-30 05:35:54.000,eqt_earthquakes_th0_1/20251030T053454Z_20251030T053554Z/OLKF_outputs/X_prediction_results.csv
RANF,FN,RANF,0,0.0,0.0,0.0,2025-10-30 05:35:07.500,0.949246,2025-10-30 05:35:20.850,0.613945,2025-10-30 05:35:02.000,2025-10-30 05:36:02.000,eqt_earthquakes_th0_1/20251030T053502Z_20251030T053602Z/RANF_outputs/X_prediction_results.csv
RNF,FN,RNF,0,0.0,0.0,0.0,2025-10-30 05:35:15.940,0.933139,2025-10-30 05:35:36.170,0.552818,2025-10-30 05:35:10.000,2025-10-30 05:36:10.000,eqt_earthquakes_th0_1/20251030T053510Z_20251030T053610Z/RNF_outputs/X_prediction_results.csv
AAL,UP,AAL,0,0.0,0.0,0.0,2025-10-30 09:32:08.920,0.950262,2025-10-30 09:32:14.210,0.609013,2025-10-30 09:32:03.000,2025-10-30 09:33:03.000,eqt_earthquakes_th0_1/20251030T093203Z_20251030T093303Z/AAL_outputs/X_prediction_results.csv
RAF,HE,RAF,0,0.0,0.0,0.0,2025-10-30 09:32:17.990,0.357934,2025-10-30 09:32:30.010,0.653238,2025-10-30 09:32:12.000,2025-10-30 09:33:12.000,eqt_earthquakes_th0_1/20251030T093212Z_20251030T093312Z/RAF_outputs/X_prediction_results.csv
TVF,HE,TVF,0,0.0,0.0,0.0,2025-10-30 09:32:26.134,0.720709,2025-10-30 09:32:43.264,0.675476,2025-10-30 09:32:21.000,2025-10-30 09:33:21.000,eqt_earthquakes_th0_1/20251030T093221Z_20251030T093321Z/TVF_outputs/X_prediction_results.csv
KPF,HE,KPF,0,0.0,0.0,0.0,2025-10-30 09:32:32.414,0.440366,2025-10-30 09:32:56.604,0.152879,2025-10-30 09:32:27.000,2025-10-30 09:33:27.000,eqt_earthquakes_th0_1/20251030T093227Z_20251030T093327Z/KPF_outputs/X_prediction_results.csv
KLF,FN,KLF,0,0.0,0.0,0.0,2025-10-31 10:00:10.410,0.951853,2025-10-31 10:00:13.780,0.706307,2025-10-31 10:00:05.000,2025-10-31 10:01:05.000,eqt_earthquakes_th0_1/20251031T100005Z_20251031T100105Z/KLF_outputs/X_prediction_results.csv
RNF,FN,RNF,0,0.0,0.0,0.0,2025-10-31 10:00:37.470,0.312792,,,2025-10-31 10:00:32.000,2025-10-31 10:01:32.000,eqt_earthquakes_th0_1/20251031T100032Z_20251031T100132Z/RNF_outputs/X_prediction_results.csv
RNF,FN,RNF,0,0.0,0.0,0.0,2025-10-31 10:00:38.470,0.492125,,,2025-10-31 10:00:32.000,2025-10-31 10:01:32.000,eqt_earthquakes_th0_1/20251031T100032Z_20251031T100132Z/RNF_outputs/X_prediction_results.csv
KEV,HE,KEV,0,0.0,0.0,0.0,2025-10-31 14:34:51.130,0.92749,2025-10-31 14:35:02.120,0.601152,2025-10-31 14:34:46.000,2025-10-31 14:35:46.000,eqt_earthquakes_th0_1/20251031T143446Z_20251031T143546Z/KEV_outputs/X_prediction_results.csv
KMNF,FN,KMNF,0,0.0,0.0,0.0,2025-10-31 14:34:57.260,0.894285,2025-10-31 14:35:12.560,0.409834,2025-10-31 14:34:52.000,2025-10-31 14:35:52.000,eqt_earthquakes_th0_1/20251031T143452Z_20251031T143552Z/KMNF_outputs/X_prediction_results.csv
VRF,HE,VRF,0,0.0,0.0,0.0,,,2025-10-31 14:35:44.590,0.653615,2025-10-31 14:35:38.000,2025-10-31 14:36:38.000,eqt_earthquakes_th0_1/20251031T143538Z_20251031T143638Z/VRF_outputs/X_prediction_results.csv
KU6,HE,KU6,0,0.0,0.0,0.0,2025-11-02 22:57:06.560,0.955712,2025-11-02 22:57:09.410,0.810503,2025-11-02 22:57:01.000,2025-11-02 22:58:01.000,eqt_earthquakes_th0_1/20251102T225701Z_20251102T225801Z/KU6_outputs/X_prediction_results.csv
MSF,FN,MSF,0,0.0,0.0,0.0,2025-11-02 22:57:09.540,0.951984,2025-11-02 22:57:14.450,0.811717,2025-11-02 22:57:04.000,2025-11-02 22:58:04.000,eqt_earthquakes_th0_1/20251102T225704Z_20251102T225804Z/MSF_outputs/X_prediction_results.csv
OLKF,FN,OLKF,0,0.0,0.0,0.0,2025-11-02 22:57:12.450,0.929876,2025-11-02 22:57:19.570,0.594594,2025-11-02 22:57:07.000,2025-11-02 22:58:07.000,eqt_earthquakes_th0_1/20251102T225707Z_20251102T225807Z/OLKF_outputs/X_prediction_results.csv
RANF,FN,RANF,0,0.0,0.0,0.0,2025-11-02 22:57:25.960,0.944741,2025-11-02 22:57:42.290,0.345131,2025-11-02 22:57:20.000,2025-11-02 22:58:20.000,eqt_earthquakes_th0_1/20251102T225720Z_20251102T225820Z/RANF_outputs/X_prediction_results.csv
RMF,HE,RMF,0,0.0,0.0,0.0,2025-11-02 22:57:31.122,0.100927,2025-11-02 22:57:51.112,0.562397,2025-11-02 22:57:25.000,2025-11-02 22:58:25.000,eqt_earthquakes_th0_1/20251102T225725Z_20251102T225825Z/RMF_outputs/X_prediction_results.csv
RNF,FN,RNF,0,0.0,0.0,0.0,2025-11-02 22:57:34.020,0.899037,2025-11-02 22:57:56.500,0.393758,2025-11-02 22:57:29.000,2025-11-02 22:58:29.000,eqt_earthquakes_th0_1/20251102T225729Z_20251102T225829Z/RNF_outputs/X_prediction_results.csv
KIF,HE,KIF,0,0.0,0.0,0.0,2025-11-03 22:17:36.020,0.933742,2025-11-03 22:17:50.110,0.409025,2025-11-03 22:17:31.000,2025-11-03 22:18:31.000,eqt_earthquakes_th0_1/20251103T221731Z_20251103T221831Z/KIF_outputs/X_prediction_results.csv
HEF,HE,HEF,0,0.0,0.0,0.0,2025-11-03 22:17:41.150,0.94902,2025-11-03 22:17:58.870,0.567953,2025-11-03 22:17:36.000,2025-11-03 22:18:36.000,eqt_earthquakes_th0_1/20251103T221736Z_20251103T221836Z/HEF_outputs/X_prediction_results.csv
KLF,FN,KLF,0,0.0,0.0,0.0,2025-11-03 22:17:45.660,0.95588,2025-11-03 22:18:07.150,0.515248,2025-11-03 22:17:40.000,2025-11-03 22:18:40.000,eqt_earthquakes_th0_1/20251103T221740Z_20251103T221840Z/KLF_outputs/X_prediction_results.csv
SGF,FN,SGF,0,0.0,0.0,0.0,2025-11-03 22:17:57.740,0.929884,,,2025-11-03 22:17:52.000,2025-11-03 22:18:52.000,eqt_earthquakes_th0_1/20251103T221752Z_20251103T221852Z/SGF_outputs/X_prediction_results.csv
SGF,FN,SGF,0,0.0,0.0,0.0,,,2025-11-03 22:18:29.100,0.556528,2025-11-03 22:17:52.000,2025-11-03 22:18:52.000,eqt_earthquakes_th0_1/20251103T221752Z_20251103T221852Z/SGF_outputs/X_prediction_results.csv
TOF,HE,TOF,0,0.0,0.0,0.0,2025-11-03 22:17:58.520,0.217827,,,2025-11-03 22:17:53.000,2025-11-03 22:18:53.000,eqt_earthquakes_th0_1/20251103T221753Z_20251103T221853Z/TOF_outputs/X_prediction_results.csv
TOF,HE,TOF,0,0.0,0.0,0.0,2025-11-03 22:17:59.510,0.772718,,,2025-11-03 22:17:53.000,2025-11-03 22:18:53.000,eqt_earthquakes_th0_1/20251103T221753Z_20251103T221853Z/TOF_outputs/X_prediction_results.csv
TOF,HE,TOF,0,0.0,0.0,0.0,,,2025-11-03 22:18:31.440,0.103205,2025-11-03 22:17:53.000,2025-11-03 22:18:53.000,eqt_earthquakes_th0_1/20251103T221753Z_20251103T221853Z/TOF_outputs/X_prediction_results.csv
TOF,HE,TOF,0,0.0,0.0,0.0,,,2025-11-03 22:18:33.490,0.128267,2025-11-03 22:17:53.000,2025-11-03 22:18:53.000,eqt_earthquakes_th0_1/20251103T221753Z_20251103T221853Z/TOF_outputs/X_prediction_results.csv
RNF,FN,RNF,0,0.0,0.0,0.0,,,2025-11-03 22:18:36.810,0.227406,2025-11-03 22:17:56.000,2025-11-03 22:18:56.000,eqt_earthquakes_th0_1/20251103T221756Z_20251103T221856Z/RNF_outputs/X_prediction_results.csv
VJF,HE,VJF,0,0.0,0.0,0.0,2025-11-07 20:56:57.172,0.949956,2025-11-07 20:57:01.352,0.853008,2025-11-07 20:56:52.000,2025-11-07 20:57:52.000,eqt_earthquakes_th0_1/20251107T205652Z_20251107T205752Z/VJF_outputs/X_prediction_results.csv
VUOS,HE,VUOS,0,0.0,0.0,0.0,2025-11-07 20:57:08.298,0.834837,2025-11-07 20:57:20.628,0.45638,2025-11-07 20:57:03.000,2025-11-07 20:58:03.000,eqt_earthquakes_th0_1/20251107T205703Z_20251107T205803Z/VUOS_outputs/X_prediction_results.csv
KUNI,HE,KUNI,0,0.0,0.0,0.0,2025-11-07 20:57:09.870,0.892475,2025-11-07 20:57:23.830,0.583764,2025-11-07 20:57:04.000,2025-11-07 20:58:04.000,eqt_earthquakes_th0_1/20251107T205704Z_20251107T205804Z/KUNI_outputs/X_prediction_results.csv
FIA0,HE,FIA0,0,0.0,0.0,0.0,2025-11-07 20:57:10.660,0.95658,2025-11-07 20:57:25.370,0.569866,2025-11-07 20:57:05.000,2025-11-07 20:58:05.000,eqt_earthquakes_th0_1/20251107T205705Z_20251107T205805Z/FIA0_outputs/X_prediction_results.csv
FIA0,HE,FIA0,0,0.0,0.0,0.0,,,2025-11-07 20:57:30.410,0.257931,2025-11-07 20:57:05.000,2025-11-07 20:58:05.000,eqt_earthquakes_th0_1/20251107T205705Z_20251107T205805Z/FIA0_outputs/X_prediction_results.csv
FIA1,HE,FIA1,0,0.0,0.0,0.0,2025-11-07 20:57:10.660,0.956995,2025-11-07 20:57:30.470,0.487752,2025-11-07 20:57:05.000,2025-11-07 20:58:05.000,eqt_earthquakes_th0_1/20251107T205705Z_20251107T205805Z/FIA1_outputs/X_prediction_results.csv
LAUT,HE,LAUT,0,0.0,0.0,0.0,2025-11-07 20:57:10.918,0.842097,2025-11-07 20:57:25.188,0.440147,2025-11-07 20:57:05.000,2025-11-07 20:58:05.000,eqt_earthquakes_th0_1/20251107T205705Z_20251107T205805Z/LAUT_outputs/X_prediction_results.csv
HEL1,HE,HEL1,0,0.0,0.0,0.0,2025-11-07 20:57:10.492,0.810127,2025-11-07 20:57:24.762,0.509509,2025-11-07 20:57:05.000,2025-11-07 20:58:05.000,eqt_earthquakes_th0_1/20251107T205705Z_20251107T205805Z/HEL1_outputs/X_prediction_results.csv
NUR,HE,NUR,0,0.0,0.0,0.0,2025-11-07 20:57:11.758,0.887948,2025-11-07 20:57:26.878,0.648183,2025-11-07 20:57:06.000,2025-11-07 20:58:06.000,eqt_earthquakes_th0_1/20251107T205706Z_20251107T205806Z/NUR_outputs/X_prediction_results.csv
HEL5,HE,HEL5,0,0.0,0.0,0.0,2025-11-07 20:57:12.230,0.942649,2025-11-07 20:57:27.640,0.589543,2025-11-07 20:57:07.000,2025-11-07 20:58:07.000,eqt_earthquakes_th0_1/20251107T205707Z_20251107T205807Z/HEL5_outputs/X_prediction_results.csv
MEF,HE,MEF,0,0.0,0.0,0.0,2025-11-07 20:57:14.730,0.952411,2025-11-07 20:57:31.760,0.52862,2025-11-07 20:57:09.000,2025-11-07 20:58:09.000,eqt_earthquakes_th0_1/20251107T205709Z_20251107T205809Z/MEF_outputs/X_prediction_results.csv
RUF,HE,RUF,0,0.0,0.0,0.0,2025-11-07 20:57:16.304,0.122071,2025-11-07 20:57:36.874,0.596176,2025-11-07 20:57:11.000,2025-11-07 20:58:11.000,eqt_earthquakes_th0_1/20251107T205711Z_20251107T205811Z/RUF_outputs/X_prediction_results.csv
KAF,HE,KAF,0,0.0,0.0,0.0,2025-11-07 20:57:21.180,0.899747,2025-11-07 20:57:44.150,0.201661,2025-11-07 20:57:16.000,2025-11-07 20:58:16.000,eqt_earthquakes_th0_1/20251107T205716Z_20251107T205816Z/KAF_outputs/X_prediction_results.csv
KEF,HE,KEF,0,0.0,0.0,0.0,2025-11-07 20:57:26.390,0.930224,2025-11-07 20:57:53.230,0.384071,2025-11-07 20:57:21.000,2025-11-07 20:58:21.000,eqt_earthquakes_th0_1/20251107T205721Z_20251107T205821Z/KEF_outputs/X_prediction_results.csv
SUF,HE,SUF,0,0.0,0.0,0.0,,,2025-11-07 20:58:02.146,0.356647,2025-11-07 20:57:26.000,2025-11-07 20:58:26.000,eqt_earthquakes_th0_1/20251107T205726Z_20251107T205826Z/SUF_outputs/X_prediction_results.csv
SUF,HE,SUF,0,0.0,0.0,0.0,2025-11-07 20:57:31.376,0.498594,,,2025-11-07 20:57:26.000,2025-11-07 20:58:26.000,eqt_earthquakes_th0_1/20251107T205726Z_20251107T205826Z/SUF_outputs/X_prediction_results.csv
TOF,HE,TOF,0,0.0,0.0,0.0,2025-11-09 11:21:04.590,0.952572,2025-11-09 11:21:10.690,0.758758,2025-11-09 11:20:59.000,2025-11-09 11:21:59.000,eqt_earthquakes_th0_1/20251109T112059Z_20251109T112159Z/TOF_outputs/X_prediction_results.csv
OUL,FN,OUL,0,0.0,0.0,0.0,2025-11-09 11:21:38.750,0.128859,2025-11-09 11:21:40.950,0.189769,2025-11-09 11:21:32.000,2025-11-09 11:22:32.000,eqt_earthquakes_th0_1/20251109T112132Z_20251109T112232Z/OUL_outputs/X_prediction_results.csv
RNF,FN,RNF,0,0.0,0.0,0.0,,,2025-11-09 11:21:40.120,0.185721,2025-11-09 11:21:32.000,2025-11-09 11:22:32.000,eqt_earthquakes_th0_1/20251109T112132Z_20251109T112232Z/RNF_outputs/X_prediction_results.csv
KLF,FN,KLF,0,0.0,0.0,0.0,2025-11-09 11:21:39.430,0.116961,,,2025-11-09 11:21:34.000,2025-11-09 11:22:34.000,eqt_earthquakes_th0_1/20251109T112134Z_20251109T112234Z/KLF_outputs/X_prediction_results.csv
RANF,FN,RANF,0,0.0,0.0,0.0,,,2025-11-09 11:21:40.720,0.260226,2025-11-09 11:21:35.000,2025-11-09 11:22:35.000,eqt_earthquakes_th0_1/20251109T112135Z_20251109T112235Z/RANF_outputs/X_prediction_results.csv
FIA0,HE,FIA0,0,0.0,0.0,0.0,2025-11-10 01:45:44.100,0.465414,2025-11-10 01:45:53.520,0.528291,2025-11-10 01:45:39.000,2025-11-10 01:46:39.000,eqt_earthquakes_th0_1/20251110T014539Z_20251110T014639Z/FIA0_outputs/X_prediction_results.csv
FIA1,HE,FIA1,0,0.0,0.0,0.0,2025-11-10 01:45:44.080,0.802786,2025-11-10 01:45:53.510,0.54188,2025-11-10 01:45:39.000,2025-11-10 01:46:39.000,eqt_earthquakes_th0_1/20251110T014539Z_20251110T014639Z/FIA1_outputs/X_prediction_results.csv
OBF0,HE,OBF0,0,0.0,0.0,0.0,2025-11-11 02:24:27.664,0.883626,2025-11-11 02:24:46.564,0.349242,2025-11-11 02:24:22.000,2025-11-11 02:25:22.000,eqt_earthquakes_th0_1/20251111T022422Z_20251111T022522Z/OBF0_outputs/X_prediction_results.csv
OBF3,HE,OBF3,0,0.0,0.0,0.0,2025-11-11 02:24:50.662,0.764556,,,2025-11-11 02:24:25.000,2025-11-11 02:25:25.000,eqt_earthquakes_th0_1/20251111T022425Z_20251111T022525Z/OBF3_outputs/X_prediction_results.csv
OUF,HE,OUF,0,0.0,0.0,0.0,2025-11-11 02:24:31.030,0.374568,2025-11-11 02:24:53.620,0.301923,2025-11-11 02:24:26.000,2025-11-11 02:25:26.000,eqt_earthquakes_th0_1/20251111T022426Z_20251111T022526Z/OUF_outputs/X_prediction_results.csv
OUF,HE,OUF,0,0.0,0.0,0.0,2025-11-11 02:24:32.030,0.247134,,,2025-11-11 02:24:26.000,2025-11-11 02:25:26.000,eqt_earthquakes_th0_1/20251111T022426Z_20251111T022526Z/OUF_outputs/X_prediction_results.csv
VAF,HE,VAF,0,0.0,0.0,0.0,,,2025-11-11 02:24:53.090,0.274797,2025-11-11 02:24:26.000,2025-11-11 02:25:26.000,eqt_earthquakes_th0_1/20251111T022426Z_20251111T022526Z/VAF_outputs/X_prediction_results.csv
ALAJF,HE,ALAJF,0,0.0,0.0,0.0,,,2025-11-11 02:25:06.984,0.101682,2025-11-11 02:24:54.000,2025-11-11 02:25:54.000,eqt_earthquakes_th0_1/20251111T022454Z_20251111T022554Z/ALAJF_outputs/X_prediction_results.csv
TOF,HE,TOF,0,0.0,0.0,0.0,,,2025-11-11 02:25:06.250,0.160901,2025-11-11 02:24:57.000,2025-11-11 02:25:57.000,eqt_earthquakes_th0_1/20251111T022457Z_20251111T022557Z/TOF_outputs/X_prediction_results.csv
VAF,HE,VAF,0,0.0,0.0,0.0,2025-11-13 03:28:57.770,0.947682,2025-11-13 03:29:08.030,0.235137,2025-11-13 03:28:52.000,2025-11-13 03:29:52.000,eqt_earthquakes_th0_1/20251113T032852Z_20251113T032952Z/VAF_outputs/X_prediction_results.csv
ALAJF,HE,ALAJF,0,0.0,0.0,0.0,2025-11-13 03:29:04.814,0.90634,2025-11-13 03:29:18.964,0.462573,2025-11-13 03:28:59.000,2025-11-13 03:29:59.000,eqt_earthquakes_th0_1/20251113T032859Z_20251113T032959Z/ALAJF_outputs/X_prediction_results.csv
KPF,HE,KPF,0,0.0,0.0,0.0,2025-11-13 03:29:17.398,0.933833,2025-11-13 03:29:41.958,0.339464,2025-11-13 03:29:12.000,2025-11-13 03:30:12.000,eqt_earthquakes_th0_1/20251113T032912Z_20251113T033012Z/KPF_outputs/X_prediction_results.csv
KEF,HE,KEF,0,0.0,0.0,0.0,2025-11-13 03:29:20.000,0.870019,2025-11-13 03:29:46.960,0.308697,2025-11-13 03:29:14.000,2025-11-13 03:30:14.000,eqt_earthquakes_th0_1/20251113T032914Z_20251113T033014Z/KEF_outputs/X_prediction_results.csv
HEF,HE,HEF,0,0.0,0.0,0.0,2025-11-13 07:51:38.600,0.944947,2025-11-13 07:51:45.510,0.671715,2025-11-13 07:51:33.000,2025-11-13 07:52:33.000,eqt_earthquakes_th0_1/20251113T075133Z_20251113T075233Z/HEF_outputs/X_prediction_results.csv
KIF,HE,KIF,0,0.0,0.0,0.0,2025-11-13 07:51:42.030,0.895126,2025-11-13 07:51:51.220,0.622084,2025-11-13 07:51:37.000,2025-11-13 07:52:37.000,eqt_earthquakes_th0_1/20251113T075137Z_20251113T075237Z/KIF_outputs/X_prediction_results.csv
KLF,FN,KLF,0,0.0,0.0,0.0,2025-11-13 07:51:55.300,0.939787,2025-11-13 07:52:14.650,0.259414,2025-11-13 07:51:50.000,2025-11-13 07:52:50.000,eqt_earthquakes_th0_1/20251113T075150Z_20251113T075250Z/KLF_outputs/X_prediction_results.csv
KMNF,FN,KMNF,0,0.0,0.0,0.0,2025-11-13 07:52:00.970,0.151273,,,2025-11-13 07:51:54.000,2025-11-13 07:52:54.000,eqt_earthquakes_th0_1/20251113T075154Z_20251113T075254Z/KMNF_outputs/X_prediction_results.csv
MSF,FN,MSF,0,0.0,0.0,0.0,2025-11-17 22:29:17.660,0.953612,2025-11-17 22:29:22.040,0.823427,2025-11-17 22:29:12.000,2025-11-17 22:30:12.000,eqt_earthquakes_th0_1/20251117T222912Z_20251117T223012Z/MSF_outputs/X_prediction_results.csv
OLKF,FN,OLKF,0,0.0,0.0,0.0,2025-11-17 22:29:20.750,0.947246,2025-11-17 22:29:27.480,0.723362,2025-11-17 22:29:15.000,2025-11-17 22:30:15.000,eqt_earthquakes_th0_1/20251117T222915Z_20251117T223015Z/OLKF_outputs/X_prediction_results.csv
KU6,HE,KU6,0,0.0,0.0,0.0,2025-11-17 22:29:22.120,0.949444,2025-11-17 22:29:29.940,0.714281,2025-11-17 22:29:17.000,2025-11-17 22:30:17.000,eqt_earthquakes_th0_1/20251117T222917Z_20251117T223017Z/KU6_outputs/X_prediction_results.csv
RANF,FN,RANF,0,0.0,0.0,0.0,2025-11-17 22:29:24.850,0.947541,2025-11-17 22:29:34.300,0.722441,2025-11-17 22:29:19.000,2025-11-17 22:30:19.000,eqt_earthquakes_th0_1/20251117T222919Z_20251117T223019Z/RANF_outputs/X_prediction_results.csv
RNF,FN,RNF,0,0.0,0.0,0.0,2025-11-17 22:29:32.280,0.923143,2025-11-17 22:29:47.470,0.34493,2025-11-17 22:29:27.000,2025-11-17 22:30:27.000,eqt_earthquakes_th0_1/20251117T222927Z_20251117T223027Z/RNF_outputs/X_prediction_results.csv
OUL,FN,OUL,0,0.0,0.0,0.0,,,2025-11-17 22:29:54.840,0.40839,2025-11-17 22:29:49.000,2025-11-17 22:30:49.000,eqt_earthquakes_th0_1/20251117T222949Z_20251117T223049Z/OUL_outputs/X_prediction_results.csv
SGF,FN,SGF,0,0.0,0.0,0.0,2025-11-17 22:29:59.270,0.119016,2025-11-17 22:30:01.030,0.141285,2025-11-17 22:29:53.000,2025-11-17 22:30:53.000,eqt_earthquakes_th0_1/20251117T222953Z_20251117T223053Z/SGF_outputs/X_prediction_results.csv
RMF,HE,RMF,0,0.0,0.0,0.0,,,2025-11-17 22:30:07.024,0.187098,2025-11-17 22:30:00.000,2025-11-17 22:31:00.000,eqt_earthquakes_th0_1/20251117T223000Z_20251117T223100Z/RMF_outputs/X_prediction_results.csv
OBF3,HE,OBF3,0,0.0,0.0,0.0,,,2025-11-17 22:30:09.304,0.211293,2025-11-17 22:30:02.000,2025-11-17 22:31:02.000,eqt_earthquakes_th0_1/20251117T223002Z_20251117T223102Z/OBF3_outputs/X_prediction_results.csv
KLF,FN,KLF,0,0.0,0.0,0.0,2025-11-17 22:30:12.290,0.108354,,,2025-11-17 22:30:07.000,2025-11-17 22:31:07.000,eqt_earthquakes_th0_1/20251117T223007Z_20251117T223107Z/KLF_outputs/X_prediction_results.csv
KIF,HE,KIF,0,0.0,0.0,0.0,,,2025-11-17 23:28:55.950,0.385725,2025-11-17 23:28:47.000,2025-11-17 23:29:47.000,eqt_earthquakes_th0_1/20251117T232847Z_20251117T232947Z/KIF_outputs/X_prediction_results.csv
OBF8,HE,OBF8,0,0.0,0.0,0.0,2025-11-18 18:57:57.640,0.536224,2025-11-18 18:58:10.090,0.580938,2025-11-18 18:57:52.000,2025-11-18 18:58:52.000,eqt_earthquakes_th0_1/20251118T185752Z_20251118T185852Z/OBF8_outputs/X_prediction_results.csv
OBF8,HE,OBF8,0,0.0,0.0,0.0,2025-11-18 18:57:58.650,0.420768,,,2025-11-18 18:57:52.000,2025-11-18 18:58:52.000,eqt_earthquakes_th0_1/20251118T185752Z_20251118T185852Z/OBF8_outputs/X_prediction_results.csv
OBF8,HE,OBF8,0,0.0,0.0,0.0,2025-11-18 18:57:59.650,0.209623,,,2025-11-18 18:57:52.000,2025-11-18 18:58:52.000,eqt_earthquakes_th0_1/20251118T185752Z_20251118T185852Z/OBF8_outputs/X_prediction_results.csv
OBF3,HE,OBF3,0,0.0,0.0,0.0,2025-11-18 18:57:58.976,0.949068,2025-11-18 18:58:12.676,0.588535,2025-11-18 18:57:53.000,2025-11-18 18:58:53.000,eqt_earthquakes_th0_1/20251118T185753Z_20251118T185853Z/OBF3_outputs/X_prediction_results.csv
OBF0,HE,OBF0,0,0.0,0.0,0.0,2025-11-18 18:57:59.084,0.826672,2025-11-18 18:58:12.364,0.650607,2025-11-18 18:57:54.000,2025-11-18 18:58:54.000,eqt_earthquakes_th0_1/20251118T185754Z_20251118T185854Z/OBF0_outputs/X_prediction_results.csv
TOF,HE,TOF,0,0.0,0.0,0.0,2025-11-18 18:58:02.190,0.951499,2025-11-18 18:58:17.710,0.409934,2025-11-18 18:57:57.000,2025-11-18 18:58:57.000,eqt_earthquakes_th0_1/20251118T185757Z_20251118T185857Z/TOF_outputs/X_prediction_results.csv
OUF,HE,OUF,0,0.0,0.0,0.0,2025-11-18 18:58:03.340,0.938659,2025-11-18 18:58:19.860,0.645576,2025-11-18 18:57:58.000,2025-11-18 18:58:58.000,eqt_earthquakes_th0_1/20251118T185758Z_20251118T185858Z/OUF_outputs/X_prediction_results.csv
OUL,FN,OUL,0,0.0,0.0,0.0,2025-11-18 18:58:06.860,0.770643,2025-11-18 18:58:26.570,0.221837,2025-11-18 18:58:01.000,2025-11-18 18:59:01.000,eqt_earthquakes_th0_1/20251118T185801Z_20251118T185901Z/OUL_outputs/X_prediction_results.csv
RANF,FN,RANF,0,0.0,0.0,0.0,2025-11-18 18:58:15.000,0.147711,2025-11-18 18:58:41.820,0.27494,2025-11-18 18:58:10.000,2025-11-18 18:59:10.000,eqt_earthquakes_th0_1/20251118T185810Z_20251118T185910Z/RANF_outputs/X_prediction_results.csv
RNF,FN,RNF,0,0.0,0.0,0.0,2025-11-18 18:58:16.600,0.91507,2025-11-18 18:58:41.430,0.321779,2025-11-18 18:58:11.000,2025-11-18 18:59:11.000,eqt_earthquakes_th0_1/20251118T185811Z_20251118T185911Z/RNF_outputs/X_prediction_results.csv
KLF,FN,KLF,0,0.0,0.0,0.0,2025-11-18 18:58:17.210,0.583806,2025-11-18 18:58:44.930,0.344222,2025-11-18 18:58:12.000,2025-11-18 18:59:12.000,eqt_earthquakes_th0_1/20251118T185812Z_20251118T185912Z/KLF_outputs/X_prediction_results.csv
VAF,HE,VAF,0,0.0,0.0,0.0,,,2025-11-18 18:58:44.770,0.57496,2025-11-18 18:58:13.000,2025-11-18 18:59:13.000,eqt_earthquakes_th0_1/20251118T185813Z_20251118T185913Z/VAF_outputs/X_prediction_results.csv
ALAJF,HE,ALAJF,0,0.0,0.0,0.0,2025-11-18 18:58:19.612,0.108864,2025-11-18 18:58:45.462,0.228453,2025-11-18 18:58:14.000,2025-11-18 18:59:14.000,eqt_earthquakes_th0_1/20251118T185814Z_20251118T185914Z/ALAJF_outputs/X_prediction_results.csv
KLF,FN,KLF,0,0.0,0.0,0.0,2025-11-19 12:11:51.110,0.938098,2025-11-19 12:12:00.310,0.548401,2025-11-19 12:11:46.000,2025-11-19 12:12:46.000,eqt_earthquakes_th0_1/20251119T121146Z_20251119T121246Z/KLF_outputs/X_prediction_results.csv
HEF,HE,HEF,0,0.0,0.0,0.0,2025-11-19 12:11:56.880,0.539755,2025-11-19 12:12:10.360,0.537061,2025-11-19 12:11:51.000,2025-11-19 12:12:51.000,eqt_earthquakes_th0_1/20251119T121151Z_20251119T121251Z/HEF_outputs/X_prediction_results.csv
SGF,FN,SGF,0,0.0,0.0,0.0,,,2025-11-19 12:12:29.410,0.239846,2025-11-19 12:12:22.000,2025-11-19 12:13:22.000,eqt_earthquakes_th0_1/20251119T121222Z_20251119T121322Z/SGF_outputs/X_prediction_results.csv
RNF,FN,RNF,0,0.0,0.0,0.0,,,2025-11-19 12:12:30.840,0.135161,2025-11-19 12:12:25.000,2025-11-19 12:13:25.000,eqt_earthquakes_th0_1/20251119T121225Z_20251119T121325Z/RNF_outputs/X_prediction_results.csv
KPF,HE,KPF,0,0.0,0.0,0.0,2025-11-20 23:09:28.732,0.596214,,,2025-11-20 23:09:23.000,2025-11-20 23:10:23.000,eqt_earthquakes_th0_1/20251120T230923Z_20251120T231023Z/KPF_outputs/X_prediction_results.csv
KPF,HE,KPF,0,0.0,0.0,0.0,,,2025-11-20 23:10:00.622,0.309791,2025-11-20 23:09:23.000,2025-11-20 23:10:23.000,eqt_earthquakes_th0_1/20251120T230923Z_20251120T231023Z/KPF_outputs/X_prediction_results.csv
KLF,FN,KLF,0,0.0,0.0,0.0,2025-11-21 06:47:42.460,0.944456,2025-11-21 06:47:52.690,0.426787,2025-11-21 06:47:37.000,2025-11-21 06:48:37.000,eqt_earthquakes_th0_1/20251121T064737Z_20251121T064837Z/KLF_outputs/X_prediction_results.csv
TOF,HE,TOF,0,0.0,0.0,0.0,2025-11-21 06:47:49.590,0.928014,2025-11-21 06:48:05.010,0.260831,2025-11-21 06:47:44.000,2025-11-21 06:48:44.000,eqt_earthquakes_th0_1/20251121T064744Z_20251121T064844Z/TOF_outputs/X_prediction_results.csv
RANF,FN,RANF,0,0.0,0.0,0.0,2025-11-21 06:48:03.660,0.29528,2025-11-21 06:48:31.400,0.339652,2025-11-21 06:47:58.000,2025-11-21 06:48:58.000,eqt_earthquakes_th0_1/20251121T064758Z_20251121T064858Z/RANF_outputs/X_prediction_results.csv
RNF,FN,RNF,0,0.0,0.0,0.0,,,2025-11-21 06:48:16.220,0.310375,2025-11-21 06:48:10.000,2025-11-21 06:49:10.000,eqt_earthquakes_th0_1/20251121T064810Z_20251121T064910Z/RNF_outputs/X_prediction_results.csv
HEF,HE,HEF,0,0.0,0.0,0.0,,,2025-11-21 06:48:18.980,0.202324,2025-11-21 06:48:13.000,2025-11-21 06:49:13.000,eqt_earthquakes_th0_1/20251121T064813Z_20251121T064913Z/HEF_outputs/X_prediction_results.csv
KLF,FN,KLF,0,0.0,0.0,0.0,2025-11-22 21:54:24.250,0.94575,2025-11-22 21:54:29.130,0.749713,2025-11-22 21:54:19.000,2025-11-22 21:55:19.000,eqt_earthquakes_th0_1/20251122T215419Z_20251122T215519Z/KLF_outputs/X_prediction_results.csv
TOF,HE,TOF,0,0.0,0.0,0.0,,,2025-11-22 21:54:43.630,0.143134,2025-11-22 21:54:27.000,2025-11-22 21:55:27.000,eqt_earthquakes_th0_1/20251122T215427Z_20251122T215527Z/TOF_outputs/X_prediction_results.csv
RNF,FN,RNF,0,0.0,0.0,0.0,2025-11-22 21:54:33.460,0.673759,2025-11-22 21:54:45.370,0.495223,2025-11-22 21:54:28.000,2025-11-22 21:55:28.000,eqt_earthquakes_th0_1/20251122T215428Z_20251122T215528Z/RNF_outputs/X_prediction_results.csv
HEF,HE,HEF,0,0.0,0.0,0.0,2025-11-22 21:54:50.810,0.190537,2025-11-22 21:55:06.550,0.138073,2025-11-22 21:54:45.000,2025-11-22 21:55:45.000,eqt_earthquakes_th0_1/20251122T215445Z_20251122T215545Z/HEF_outputs/X_prediction_results.csv
HEF,HE,HEF,0,0.0,0.0,0.0,2025-11-22 21:54:51.810,0.188248,,,2025-11-22 21:54:45.000,2025-11-22 21:55:45.000,eqt_earthquakes_th0_1/20251122T215445Z_20251122T215545Z/HEF_outputs/X_prediction_results.csv
HEF,HE,HEF,0,0.0,0.0,0.0,2025-11-22 21:55:05.570,0.102167,,,2025-11-22 21:54:45.000,2025-11-22 21:55:45.000,eqt_earthquakes_th0_1/20251122T215445Z_20251122T215545Z/HEF_outputs/X_prediction_results.csv
OBF8,HE,OBF8,0,0.0,0.0,0.0,2025-11-23 12:18:23.930,0.956267,2025-11-23 12:18:40.730,0.501356,2025-11-23 12:18:18.000,2025-11-23 12:19:18.000,eqt_earthquakes_th0_1/20251123T121818Z_20251123T121918Z/OBF8_outputs/X_prediction_results.csv
OBF0,HE,OBF0,0,0.0,0.0,0.0,2025-11-23 12:18:28.044,0.951779,2025-11-23 12:18:48.024,0.272813,2025-11-23 12:18:23.000,2025-11-23 12:19:23.000,eqt_earthquakes_th0_1/20251123T121823Z_20251123T121923Z/OBF0_outputs/X_prediction_results.csv
OBF3,HE,OBF3,0,0.0,0.0,0.0,2025-11-23 12:18:30.130,0.957229,2025-11-23 12:18:51.900,0.231632,2025-11-23 12:18:25.000,2025-11-23 12:19:25.000,eqt_earthquakes_th0_1/20251123T121825Z_20251123T121925Z/OBF3_outputs/X_prediction_results.csv
OUF,HE,OUF,0,0.0,0.0,0.0,2025-11-23 12:18:31.950,0.215731,2025-11-23 12:18:54.360,0.540193,2025-11-23 12:18:26.000,2025-11-23 12:19:26.000,eqt_earthquakes_th0_1/20251123T121826Z_20251123T121926Z/OUF_outputs/X_prediction_results.csv
TOF,HE,TOF,0,0.0,0.0,0.0,2025-11-23 12:18:33.360,0.875919,2025-11-23 12:18:57.230,0.409299,2025-11-23 12:18:28.000,2025-11-23 12:19:28.000,eqt_earthquakes_th0_1/20251123T121828Z_20251123T121928Z/TOF_outputs/X_prediction_results.csv
OUL,FN,OUL,0,0.0,0.0,0.0,2025-11-23 12:18:36.860,0.918113,2025-11-23 12:19:06.490,0.262065,2025-11-23 12:18:31.000,2025-11-23 12:19:31.000,eqt_earthquakes_th0_1/20251123T121831Z_20251123T121931Z/OUL_outputs/X_prediction_results.csv
VAF,HE,VAF,0,0.0,0.0,0.0,2025-11-23 12:18:36.850,0.957802,2025-11-23 12:19:04.730,0.39623,2025-11-23 12:18:31.000,2025-11-23 12:19:31.000,eqt_earthquakes_th0_1/20251123T121831Z_20251123T121931Z/VAF_outputs/X_prediction_results.csv
ALAJF,HE,ALAJF,0,0.0,0.0,0.0,,,2025-11-23 12:19:11.236,0.64721,2025-11-23 12:18:34.000,2025-11-23 12:19:34.000,eqt_earthquakes_th0_1/20251123T121834Z_20251123T121934Z/ALAJF_outputs/X_prediction_results.csv
ALAJF,HE,ALAJF,0,0.0,0.0,0.0,2025-11-23 12:18:39.786,0.927745,,,2025-11-23 12:18:34.000,2025-11-23 12:19:34.000,eqt_earthquakes_th0_1/20251123T121834Z_20251123T121934Z/ALAJF_outputs/X_prediction_results.csv
KLF,FN,KLF,0,0.0,0.0,0.0,2025-11-23 12:18:43.800,0.922515,,,2025-11-23 12:18:38.000,2025-11-23 12:19:38.000,eqt_earthquakes_th0_1/20251123T121838Z_20251123T121938Z/KLF_outputs/X_prediction_results.csv
KLF,FN,KLF,0,0.0,0.0,0.0,,,2025-11-23 12:19:20.470,0.438884,2025-11-23 12:18:38.000,2025-11-23 12:19:38.000,eqt_earthquakes_th0_1/20251123T121838Z_20251123T121938Z/KLF_outputs/X_prediction_results.csv
RANF,FN,RANF,0,0.0,0.0,0.0,2025-11-23 12:18:44.500,0.415087,,,2025-11-23 12:18:39.000,2025-11-23 12:19:39.000,eqt_earthquakes_th0_1/20251123T121839Z_20251123T121939Z/RANF_outputs/X_prediction_results.csv
RANF,FN,RANF,0,0.0,0.0,0.0,,,2025-11-23 12:19:23.520,0.505152,2025-11-23 12:18:39.000,2025-11-23 12:19:39.000,eqt_earthquakes_th0_1/20251123T121839Z_20251123T121939Z/RANF_outputs/X_prediction_results.csv
KEV,HE,KEV,0,0.0,0.0,0.0,2025-11-25 06:47:55.270,0.93527,2025-11-25 06:48:04.120,0.722543,2025-11-25 06:47:50.000,2025-11-25 06:48:50.000,eqt_earthquakes_th0_1/20251125T064750Z_20251125T064850Z/KEV_outputs/X_prediction_results.csv
KMNF,FN,KMNF,0,0.0,0.0,0.0,2025-11-25 06:47:58.100,0.944146,2025-11-25 06:48:09.040,0.653535,2025-11-25 06:47:53.000,2025-11-25 06:48:53.000,eqt_earthquakes_th0_1/20251125T064753Z_20251125T064853Z/KMNF_outputs/X_prediction_results.csv
HEF,HE,HEF,0,0.0,0.0,0.0,2025-11-25 06:48:06.120,0.92377,2025-11-25 06:48:23.220,0.578827,2025-11-25 06:48:01.000,2025-11-25 06:49:01.000,eqt_earthquakes_th0_1/20251125T064801Z_20251125T064901Z/HEF_outputs/X_prediction_results.csv
KIF,HE,KIF,0,0.0,0.0,0.0,2025-11-25 06:48:10.260,0.940599,2025-11-25 06:48:30.680,0.514574,2025-11-25 06:48:05.000,2025-11-25 06:49:05.000,eqt_earthquakes_th0_1/20251125T064805Z_20251125T064905Z/KIF_outputs/X_prediction_results.csv
RAJF,FN,RAJF,0,0.0,0.0,0.0,2025-11-25 06:48:11.000,0.939507,2025-11-25 06:48:31.790,0.292526,2025-11-25 06:48:06.000,2025-11-25 06:49:06.000,eqt_earthquakes_th0_1/20251125T064806Z_20251125T064906Z/RAJF_outputs/X_prediction_results.csv
OLKF,FN,OLKF,0,0.0,0.0,0.0,2025-11-29 23:35:22.750,0.932359,2025-11-29 23:35:36.860,0.602171,2025-11-29 23:35:17.000,2025-11-29 23:36:17.000,eqt_earthquakes_th0_1/20251129T233517Z_20251129T233617Z/OLKF_outputs/X_prediction_results.csv
VRF,HE,VRF,0,0.0,0.0,0.0,2025-11-29 23:35:23.590,0.933091,2025-11-29 23:35:38.240,0.3974,2025-11-29 23:35:18.000,2025-11-29 23:36:18.000,eqt_earthquakes_th0_1/20251129T233518Z_20251129T233618Z/VRF_outputs/X_prediction_results.csv
KU6,HE,KU6,0,0.0,0.0,0.0,2025-11-29 23:35:23.840,0.924849,2025-11-29 23:35:39.130,0.557566,2025-11-29 23:35:18.000,2025-11-29 23:36:18.000,eqt_earthquakes_th0_1/20251129T233518Z_20251129T233618Z/KU6_outputs/X_prediction_results.csv
MSF,FN,MSF,0,0.0,0.0,0.0,2025-11-29 23:35:29.300,0.467613,2025-11-29 23:35:48.530,0.366695,2025-11-29 23:35:24.000,2025-11-29 23:36:24.000,eqt_earthquakes_th0_1/20251129T233524Z_20251129T233624Z/MSF_outputs/X_prediction_results.csv
RNF,FN,RNF,0,0.0,0.0,0.0,,,2025-11-29 23:36:10.950,0.223496,2025-11-29 23:36:04.000,2025-11-29 23:37:04.000,eqt_earthquakes_th0_1/20251129T233604Z_20251129T233704Z/RNF_outputs/X_prediction_results.csv
KLF,FN,KLF,0,0.0,0.0,0.0,2025-12-02 00:43:14.550,0.952288,2025-12-02 00:43:25.100,0.490504,2025-12-02 00:43:09.000,2025-12-02 00:44:09.000,eqt_earthquakes_th0_1/20251202T004309Z_20251202T004409Z/KLF_outputs/X_prediction_results.csv
HEF,HE,HEF,0,0.0,0.0,0.0,,,2025-12-02 00:43:25.800,0.452501,2025-12-02 00:43:10.000,2025-12-02 00:44:10.000,eqt_earthquakes_th0_1/20251202T004310Z_20251202T004410Z/HEF_outputs/X_prediction_results.csv
SGF,FN,SGF,0,0.0,0.0,0.0,2025-12-02 00:43:29.210,0.633288,2025-12-02 00:43:49.570,0.566341,2025-12-02 00:43:24.000,2025-12-02 00:44:24.000,eqt_earthquakes_th0_1/20251202T004324Z_20251202T004424Z/SGF_outputs/X_prediction_results.csv
RNF,FN,RNF,0,0.0,0.0,0.0,2025-12-02 00:43:33.020,0.243106,2025-12-02 00:43:55.990,0.458977,2025-12-02 00:43:28.000,2025-12-02 00:44:28.000,eqt_earthquakes_th0_1/20251202T004328Z_20251202T004428Z/RNF_outputs/X_prediction_results.csv
TOF,HE,TOF,0,0.0,0.0,0.0,2025-12-02 00:43:34.620,0.546344,2025-12-02 00:43:57.230,0.146049,2025-12-02 00:43:29.000,2025-12-02 00:44:29.000,eqt_earthquakes_th0_1/20251202T004329Z_20251202T004429Z/TOF_outputs/X_prediction_results.csv
KIF,HE,KIF,0,0.0,0.0,0.0,2025-12-02 00:43:44.880,0.746855,2025-12-02 00:43:45.000,0.129283,2025-12-02 00:43:39.000,2025-12-02 00:44:39.000,eqt_earthquakes_th0_1/20251202T004339Z_20251202T004439Z/KIF_outputs/X_prediction_results.csv
KIF,HE,KIF,0,0.0,0.0,0.0,2025-12-02 00:44:11.030,0.762083,2025-12-02 00:44:13.510,0.140253,2025-12-02 00:43:39.000,2025-12-02 00:44:39.000,eqt_earthquakes_th0_1/20251202T004339Z_20251202T004439Z/KIF_outputs/X_prediction_results.csv
KIF,HE,KIF,0,0.0,0.0,0.0,,,2025-12-02 00:43:48.240,0.177708,2025-12-02 00:43:39.000,2025-12-02 00:44:39.000,eqt_earthquakes_th0_1/20251202T004339Z_20251202T004439Z/KIF_outputs/X_prediction_results.csv
KMNF,FN,KMNF,0,0.0,0.0,0.0,2025-12-02 00:44:20.810,0.106591,2025-12-02 00:44:24.480,0.640527,2025-12-02 00:44:01.000,2025-12-02 00:45:01.000,eqt_earthquakes_th0_1/20251202T004401Z_20251202T004501Z/KMNF_outputs/X_prediction_results.csv
KU6,HE,KU6,0,0.0,0.0,0.0,2025-12-02 12:21:37.480,0.901229,2025-12-02 12:21:46.510,0.731255,2025-12-02 12:21:32.000,2025-12-02 12:22:32.000,eqt_earthquakes_th0_1/20251202T122132Z_20251202T122232Z/KU6_outputs/X_prediction_results.csv
OLKF,FN,OLKF,0,0.0,0.0,0.0,2025-12-02 12:21:40.310,0.870992,2025-12-02 12:21:51.440,0.561913,2025-12-02 12:21:35.000,2025-12-02 12:22:35.000,eqt_earthquakes_th0_1/20251202T122135Z_20251202T122235Z/OLKF_outputs/X_prediction_results.csv
MSF,FN,MSF,0,0.0,0.0,0.0,2025-12-02 12:21:44.020,0.281897,2025-12-02 12:21:57.490,0.490738,2025-12-02 12:21:39.000,2025-12-02 12:22:39.000,eqt_earthquakes_th0_1/20251202T122139Z_20251202T122239Z/MSF_outputs/X_prediction_results.csv
SGF,FN,SGF,0,0.0,0.0,0.0,,,2025-12-02 12:22:35.830,0.413692,2025-12-02 12:22:25.000,2025-12-02 12:23:25.000,eqt_earthquakes_th0_1/20251202T122225Z_20251202T122325Z/SGF_outputs/X_prediction_results.csv
KPF,HE,KPF,0,0.0,0.0,0.0,2025-12-03 19:27:44.312,0.950008,2025-12-03 19:27:47.762,0.842342,2025-12-03 19:27:39.000,2025-12-03 19:28:39.000,eqt_earthquakes_th0_1/20251203T192739Z_20251203T192839Z/KPF_outputs/X_prediction_results.csv
RAF,HE,RAF,0,0.0,0.0,0.0,2025-12-03 19:27:57.890,0.95389,2025-12-03 19:28:10.910,0.657483,2025-12-03 19:27:52.000,2025-12-03 19:28:52.000,eqt_earthquakes_th0_1/20251203T192752Z_20251203T192852Z/RAF_outputs/X_prediction_results.csv
VAF,HE,VAF,0,0.0,0.0,0.0,2025-12-03 19:28:00.290,0.943772,2025-12-03 19:28:15.250,0.403556,2025-12-03 19:27:55.000,2025-12-03 19:28:55.000,eqt_earthquakes_th0_1/20251203T192755Z_20251203T192855Z/VAF_outputs/X_prediction_results.csv
KEF,HE,KEF,0,0.0,0.0,0.0,2025-12-03 19:28:06.480,0.953977,2025-12-03 19:28:26.400,0.60508,2025-12-03 19:28:01.000,2025-12-03 19:29:01.000,eqt_earthquakes_th0_1/20251203T192801Z_20251203T192901Z/KEF_outputs/X_prediction_results.csv
ALAJF,HE,ALAJF,0,0.0,0.0,0.0,2025-12-03 19:28:07.416,0.95081,2025-12-03 19:28:28.286,0.235308,2025-12-03 19:28:02.000,2025-12-03 19:29:02.000,eqt_earthquakes_th0_1/20251203T192802Z_20251203T192902Z/ALAJF_outputs/X_prediction_results.csv
NUR,HE,NUR,0,0.0,0.0,0.0,2025-12-03 19:28:16.320,0.875782,2025-12-03 19:28:44.110,0.222182,2025-12-03 19:28:11.000,2025-12-03 19:29:11.000,eqt_earthquakes_th0_1/20251203T192811Z_20251203T192911Z/NUR_outputs/X_prediction_results.csv
AAL,UP,AAL,0,0.0,0.0,0.0,,,2025-12-03 19:28:41.650,0.291288,2025-12-03 19:28:11.000,2025-12-03 19:29:11.000,eqt_earthquakes_th0_1/20251203T192811Z_20251203T192911Z/AAL_outputs/X_prediction_results.csv
KAF,HE,KAF,0,0.0,0.0,0.0,2025-12-03 19:28:17.370,0.781799,2025-12-03 19:28:46.120,0.500663,2025-12-03 19:28:12.000,2025-12-03 19:29:12.000,eqt_earthquakes_th0_1/20251203T192812Z_20251203T192912Z/KAF_outputs/X_prediction_results.csv
FIA0,HE,FIA0,0,0.0,0.0,0.0,2025-12-03 19:28:17.360,0.763985,2025-12-03 19:28:46.030,0.469669,2025-12-03 19:28:12.000,2025-12-03 19:29:12.000,eqt_earthquakes_th0_1/20251203T192812Z_20251203T192912Z/FIA0_outputs/X_prediction_results.csv
SUF,HE,SUF,0,0.0,0.0,0.0,2025-12-03 19:28:17.420,0.900168,2025-12-03 19:28:46.370,0.33321,2025-12-03 19:28:12.000,2025-12-03 19:29:12.000,eqt_earthquakes_th0_1/20251203T192812Z_20251203T192912Z/SUF_outputs/X_prediction_results.csv
OBF0,HE,OBF0,0,0.0,0.0,0.0,2025-12-03 19:28:25.108,0.306376,,,2025-12-03 19:28:20.000,2025-12-03 19:29:20.000,eqt_earthquakes_th0_1/20251203T192820Z_20251203T192920Z/OBF0_outputs/X_prediction_results.csv
OBF0,HE,OBF0,0,0.0,0.0,0.0,,,2025-12-03 19:28:59.248,0.417742,2025-12-03 19:28:20.000,2025-12-03 19:29:20.000,eqt_earthquakes_th0_1/20251203T192820Z_20251203T192920Z/OBF0_outputs/X_prediction_results.csv
TVF,HE,TVF,0,0.0,0.0,0.0,,,2025-12-03 19:28:50.522,0.572009,2025-12-03 19:28:45.000,2025-12-03 19:29:45.000,eqt_earthquakes_th0_1/20251203T192845Z_20251203T192945Z/TVF_outputs/X_prediction_results.csv
SGF,FN,SGF,0,0.0,0.0,0.0,2025-12-04 21:03:49.780,0.428209,2025-12-04 21:03:58.990,0.630013,2025-12-04 21:03:44.000,2025-12-04 21:04:44.000,eqt_earthquakes_th0_1/20251204T210344Z_20251204T210444Z/SGF_outputs/X_prediction_results.csv
HEF,HE,HEF,0,0.0,0.0,0.0,,,2025-12-04 21:04:04.130,0.365847,2025-12-04 21:03:48.000,2025-12-04 21:04:48.000,eqt_earthquakes_th0_1/20251204T210348Z_20251204T210448Z/HEF_outputs/X_prediction_results.csv
KMNF,FN,KMNF,0,0.0,0.0,0.0,2025-12-04 21:03:55.210,0.78367,2025-12-04 21:04:08.060,0.276249,2025-12-04 21:03:50.000,2025-12-04 21:04:50.000,eqt_earthquakes_th0_1/20251204T210350Z_20251204T210450Z/KMNF_outputs/X_prediction_results.csv
KLF,FN,KLF,0,0.0,0.0,0.0,2025-12-04 21:03:58.600,0.201406,2025-12-04 21:04:14.160,0.149675,2025-12-04 21:03:53.000,2025-12-04 21:04:53.000,eqt_earthquakes_th0_1/20251204T210353Z_20251204T210453Z/KLF_outputs/X_prediction_results.csv
RNF,FN,RNF,0,0.0,0.0,0.0,2025-12-04 21:04:03.600,0.473593,2025-12-04 21:04:23.600,0.397401,2025-12-04 21:03:58.000,2025-12-04 21:04:58.000,eqt_earthquakes_th0_1/20251204T210358Z_20251204T210458Z/RNF_outputs/X_prediction_results.csv
KEV,HE,KEV,0,0.0,0.0,0.0,2025-12-04 21:04:05.780,0.777264,2025-12-04 21:04:26.240,0.266379,2025-12-04 21:04:00.000,2025-12-04 21:05:00.000,eqt_earthquakes_th0_1/20251204T210400Z_20251204T210500Z/KEV_outputs/X_prediction_results.csv
KIF,HE,KIF,0,0.0,0.0,0.0,2025-12-08 05:15:31.930,0.943519,2025-12-08 05:15:41.280,0.750102,2025-12-08 05:15:26.000,2025-12-08 05:16:26.000,eqt_earthquakes_th0_1/20251208T051526Z_20251208T051626Z/KIF_outputs/X_prediction_results.csv
HEF,HE,HEF,0,0.0,0.0,0.0,2025-12-08 05:15:40.750,0.871558,2025-12-08 05:15:56.000,0.408052,2025-12-08 05:15:35.000,2025-12-08 05:16:35.000,eqt_earthquakes_th0_1/20251208T051535Z_20251208T051635Z/HEF_outputs/X_prediction_results.csv
KMNF,FN,KMNF,0,0.0,0.0,0.0,2025-12-08 05:16:02.550,0.396748,2025-12-08 05:16:32.090,0.289013,2025-12-08 05:15:57.000,2025-12-08 05:16:57.000,eqt_earthquakes_th0_1/20251208T051557Z_20251208T051657Z/KMNF_outputs/X_prediction_results.csv
KLF,FN,KLF,0,0.0,0.0,0.0,,,2025-12-08 05:16:13.190,0.450245,2025-12-08 05:16:07.000,2025-12-08 05:17:07.000,eqt_earthquakes_th0_1/20251208T051607Z_20251208T051707Z/KLF_outputs/X_prediction_results.csv
SGF,FN,SGF,0,0.0,0.0,0.0,2025-12-09 14:07:55.360,0.943382,2025-12-09 14:08:01.010,0.702192,2025-12-09 14:07:50.000,2025-12-09 14:08:50.000,eqt_earthquakes_th0_1/20251209T140750Z_20251209T140850Z/SGF_outputs/X_prediction_results.csv
VRF,HE,VRF,0,0.0,0.0,0.0,2025-12-09 14:08:03.980,0.661198,2025-12-09 14:08:15.550,0.617306,2025-12-09 14:07:58.000,2025-12-09 14:08:58.000,eqt_earthquakes_th0_1/20251209T140758Z_20251209T140858Z/VRF_outputs/X_prediction_results.csv
RNF,FN,RNF,0,0.0,0.0,0.0,2025-12-09 14:08:10.290,0.947359,2025-12-09 14:08:26.700,0.359894,2025-12-09 14:08:05.000,2025-12-09 14:09:05.000,eqt_earthquakes_th0_1/20251209T140805Z_20251209T140905Z/RNF_outputs/X_prediction_results.csv
KLF,FN,KLF,0,0.0,0.0,0.0,2025-12-09 14:08:12.110,0.927423,2025-12-09 14:08:29.100,0.347163,2025-12-09 14:08:07.000,2025-12-09 14:09:07.000,eqt_earthquakes_th0_1/20251209T140807Z_20251209T140907Z/KLF_outputs/X_prediction_results.csv
HEF,HE,HEF,0,0.0,0.0,0.0,2025-12-09 14:08:13.880,0.90078,2025-12-09 14:08:32.760,0.324084,2025-12-09 14:08:08.000,2025-12-09 14:09:08.000,eqt_earthquakes_th0_1/20251209T140808Z_20251209T140908Z/HEF_outputs/X_prediction_results.csv
RANF,FN,RANF,0,0.0,0.0,0.0,,,2025-12-09 14:08:41.870,0.51698,2025-12-09 14:08:36.000,2025-12-09 14:09:36.000,eqt_earthquakes_th0_1/20251209T140836Z_20251209T140936Z/RANF_outputs/X_prediction_results.csv
KEV,HE,KEV,0,0.0,0.0,0.0,,,2025-12-09 14:08:47.810,0.248516,2025-12-09 14:08:40.000,2025-12-09 14:09:40.000,eqt_earthquakes_th0_1/20251209T140840Z_20251209T140940Z/KEV_outputs/X_prediction_results.csv
KU6,HE,KU6,0,0.0,0.0,0.0,,,2025-12-09 14:08:50.640,0.37235,2025-12-09 14:08:44.000,2025-12-09 14:09:44.000,eqt_earthquakes_th0_1/20251209T140844Z_20251209T140944Z/KU6_outputs/X_prediction_results.csv
VAF,HE,VAF,0,0.0,0.0,0.0,2025-12-11 05:44:17.600,0.116033,2025-12-11 05:44:20.090,0.232611,2025-12-11 05:43:53.000,2025-12-11 05:44:53.000,eqt_earthquakes_th0_1/20251211T054353Z_20251211T054453Z/VAF_outputs/X_prediction_results.csv
VAF,HE,VAF,0,0.0,0.0,0.0,2025-12-11 05:44:18.880,0.682811,,,2025-12-11 05:43:53.000,2025-12-11 05:44:53.000,eqt_earthquakes_th0_1/20251211T054353Z_20251211T054453Z/VAF_outputs/X_prediction_results.csv
OBF0,HE,OBF0,0,0.0,0.0,0.0,,,2025-12-11 05:44:21.324,0.106562,2025-12-11 05:44:15.000,2025-12-11 05:45:15.000,eqt_earthquakes_th0_1/20251211T054415Z_20251211T054515Z/OBF0_outputs/X_prediction_results.csv
OBF0,HE,OBF0,0,0.0,0.0,0.0,2025-12-11 11:18:55.954,0.190427,2025-12-11 11:19:16.554,0.666173,2025-12-11 11:18:50.000,2025-12-11 11:19:50.000,eqt_earthquakes_th0_1/20251211T111850Z_20251211T111950Z/OBF0_outputs/X_prediction_results.csv
OBF0,HE,OBF0,0,0.0,0.0,0.0,2025-12-11 11:19:05.944,0.866317,,,2025-12-11 11:18:50.000,2025-12-11 11:19:50.000,eqt_earthquakes_th0_1/20251211T111850Z_20251211T111950Z/OBF0_outputs/X_prediction_results.csv
VAF,HE,VAF,0,0.0,0.0,0.0,2025-12-11 11:18:55.840,0.10817,2025-12-11 11:19:15.670,0.437236,2025-12-11 11:18:50.000,2025-12-11 11:19:50.000,eqt_earthquakes_th0_1/20251211T111850Z_20251211T111950Z/VAF_outputs/X_prediction_results.csv
TOF,HE,TOF,0,0.0,0.0,0.0,,,2025-12-11 11:19:39.990,0.226795,2025-12-11 11:19:31.000,2025-12-11 11:20:31.000,eqt_earthquakes_th0_1/20251211T111931Z_20251211T112031Z/TOF_outputs/X_prediction_results.csv
TOF,HE,TOF,0,0.0,0.0,0.0,,,2025-12-11 11:19:58.690,0.13907,2025-12-11 11:19:31.000,2025-12-11 11:20:31.000,eqt_earthquakes_th0_1/20251211T111931Z_20251211T112031Z/TOF_outputs/X_prediction_results.csv
KLF,FN,KLF,0,0.0,0.0,0.0,2025-12-11 23:44:41.750,0.927232,2025-12-11 23:44:52.420,0.679175,2025-12-11 23:44:36.000,2025-12-11 23:45:36.000,eqt_earthquakes_th0_1/20251211T234436Z_20251211T234536Z/KLF_outputs/X_prediction_results.csv
TOF,HE,TOF,0,0.0,0.0,0.0,2025-12-11 23:44:43.740,0.939826,2025-12-11 23:44:55.660,0.534895,2025-12-11 23:44:38.000,2025-12-11 23:45:38.000,eqt_earthquakes_th0_1/20251211T234438Z_20251211T234538Z/TOF_outputs/X_prediction_results.csv
RNF,FN,RNF,0,0.0,0.0,0.0,2025-12-11 23:44:51.860,0.951056,2025-12-11 23:45:10.420,0.709454,2025-12-11 23:44:46.000,2025-12-11 23:45:46.000,eqt_earthquakes_th0_1/20251211T234446Z_20251211T234546Z/RNF_outputs/X_prediction_results.csv
SGF,FN,SGF,0,0.0,0.0,0.0,2025-12-11 23:44:57.780,0.937828,2025-12-11 23:45:21.070,0.581902,2025-12-11 23:44:52.000,2025-12-11 23:45:52.000,eqt_earthquakes_th0_1/20251211T234452Z_20251211T234552Z/SGF_outputs/X_prediction_results.csv
HEF,HE,HEF,0,0.0,0.0,0.0,2025-12-11 23:44:58.820,0.91926,2025-12-11 23:45:22.830,0.358622,2025-12-11 23:44:53.000,2025-12-11 23:45:53.000,eqt_earthquakes_th0_1/20251211T234453Z_20251211T234553Z/HEF_outputs/X_prediction_results.csv
RANF,FN,RANF,0,0.0,0.0,0.0,2025-12-11 23:44:58.900,0.955596,2025-12-11 23:45:23.140,0.522388,2025-12-11 23:44:53.000,2025-12-11 23:45:53.000,eqt_earthquakes_th0_1/20251211T234453Z_20251211T234553Z/RANF_outputs/X_prediction_results.csv
OUL,FN,OUL,0,0.0,0.0,0.0,2025-12-11 23:45:02.820,0.945659,2025-12-11 23:45:30.220,0.417331,2025-12-11 23:44:57.000,2025-12-11 23:45:57.000,eqt_earthquakes_th0_1/20251211T234457Z_20251211T234557Z/OUL_outputs/X_prediction_results.csv
KLF,FN,KLF,0,0.0,0.0,0.0,2025-12-12 00:23:49.050,0.924409,2025-12-12 00:23:59.930,0.585624,2025-12-12 00:23:44.000,2025-12-12 00:24:44.000,eqt_earthquakes_th0_1/20251212T002344Z_20251212T002444Z/KLF_outputs/X_prediction_results.csv
TOF,HE,TOF,0,0.0,0.0,0.0,2025-12-12 00:23:51.180,0.924642,2025-12-12 00:24:03.270,0.519732,2025-12-12 00:23:46.000,2025-12-12 00:24:46.000,eqt_earthquakes_th0_1/20251212T002346Z_20251212T002446Z/TOF_outputs/X_prediction_results.csv
RNF,FN,RNF,0,0.0,0.0,0.0,2025-12-12 00:23:58.950,0.201891,2025-12-12 00:24:17.970,0.413938,2025-12-12 00:23:53.000,2025-12-12 00:24:53.000,eqt_earthquakes_th0_1/20251212T002353Z_20251212T002453Z/RNF_outputs/X_prediction_results.csv
RNF,FN,RNF,0,0.0,0.0,0.0,2025-12-12 00:23:59.950,0.242685,,,2025-12-12 00:23:53.000,2025-12-12 00:24:53.000,eqt_earthquakes_th0_1/20251212T002353Z_20251212T002453Z/RNF_outputs/X_prediction_results.csv
HEF,HE,HEF,0,0.0,0.0,0.0,2025-12-12 00:24:29.210,0.112171,2025-12-12 00:24:30.650,0.146657,2025-12-12 00:24:23.000,2025-12-12 00:25:23.000,eqt_earthquakes_th0_1/20251212T002423Z_20251212T002523Z/HEF_outputs/X_prediction_results.csv
HEF,HE,HEF,0,0.0,0.0,0.0,2025-12-12 00:24:29.960,0.295026,,,2025-12-12 00:24:23.000,2025-12-12 00:25:23.000,eqt_earthquakes_th0_1/20251212T002423Z_20251212T002523Z/HEF_outputs/X_prediction_results.csv
HEF,HE,HEF,0,0.0,0.0,0.0,,,2025-12-12 00:25:08.960,0.156181,2025-12-12 00:24:23.000,2025-12-12 00:25:23.000,eqt_earthquakes_th0_1/20251212T002423Z_20251212T002523Z/HEF_outputs/X_prediction_results.csv
RANF,FN,RANF,0,0.0,0.0,0.0,,,2025-12-12 00:24:30.990,0.285327,2025-12-12 00:24:25.000,2025-12-12 00:25:25.000,eqt_earthquakes_th0_1/20251212T002425Z_20251212T002525Z/RANF_outputs/X_prediction_results.csv
OBF3,HE,OBF3,0,0.0,0.0,0.0,2025-12-13 06:03:45.662,0.921089,2025-12-13 06:04:01.102,0.210596,2025-12-13 06:03:40.000,2025-12-13 06:04:40.000,eqt_earthquakes_th0_1/20251213T060340Z_20251213T060440Z/OBF3_outputs/X_prediction_results.csv
OBF0,HE,OBF0,0,0.0,0.0,0.0,2025-12-13 06:03:46.058,0.753882,2025-12-13 06:04:00.428,0.564817,2025-12-13 06:03:41.000,2025-12-13 06:04:41.000,eqt_earthquakes_th0_1/20251213T060341Z_20251213T060441Z/OBF0_outputs/X_prediction_results.csv
OUF,HE,OUF,0,0.0,0.0,0.0,2025-12-13 06:03:50.410,0.936804,2025-12-13 06:04:07.940,0.581515,2025-12-13 06:03:45.000,2025-12-13 06:04:45.000,eqt_earthquakes_th0_1/20251213T060345Z_20251213T060445Z/OUF_outputs/X_prediction_results.csv
OUL,FN,OUL,0,0.0,0.0,0.0,2025-12-13 06:03:53.900,0.328782,,,2025-12-13 06:03:47.000,2025-12-13 06:04:47.000,eqt_earthquakes_th0_1/20251213T060347Z_20251213T060447Z/OUL_outputs/X_prediction_results.csv
OUL,FN,OUL,0,0.0,0.0,0.0,2025-12-13 06:03:52.910,0.584573,2025-12-13 06:04:12.850,0.222283,2025-12-13 06:03:47.000,2025-12-13 06:04:47.000,eqt_earthquakes_th0_1/20251213T060347Z_20251213T060447Z/OUL_outputs/X_prediction_results.csv
OBF8,HE,OBF8,0,0.0,0.0,0.0,2025-12-13 06:03:58.318,0.544008,2025-12-13 06:04:01.238,0.392534,2025-12-13 06:03:53.000,2025-12-13 06:04:53.000,eqt_earthquakes_th0_1/20251213T060353Z_20251213T060453Z/OBF8_outputs/X_prediction_results.csv
OBF8,HE,OBF8,0,0.0,0.0,0.0,2025-12-13 06:03:59.318,0.174728,,,2025-12-13 06:03:53.000,2025-12-13 06:04:53.000,eqt_earthquakes_th0_1/20251213T060353Z_20251213T060453Z/OBF8_outputs/X_prediction_results.csv
RANF,FN,RANF,0,0.0,0.0,0.0,,,2025-12-13 06:04:27.190,0.512501,2025-12-13 06:03:55.000,2025-12-13 06:04:55.000,eqt_earthquakes_th0_1/20251213T060355Z_20251213T060455Z/RANF_outputs/X_prediction_results.csv
TOF,HE,TOF,0,0.0,0.0,0.0,,,2025-12-13 06:04:02.430,0.310997,2025-12-13 06:03:56.000,2025-12-13 06:04:56.000,eqt_earthquakes_th0_1/20251213T060356Z_20251213T060456Z/TOF_outputs/X_prediction_results.csv
KLF,FN,KLF,0,0.0,0.0,0.0,,,2025-12-13 06:04:31.160,0.235538,2025-12-13 06:04:25.000,2025-12-13 06:05:25.000,eqt_earthquakes_th0_1/20251213T060425Z_20251213T060525Z/KLF_outputs/X_prediction_results.csv
VAF,HE,VAF,0,0.0,0.0,0.0,,,2025-12-13 06:04:33.250,0.416835,2025-12-13 06:04:27.000,2025-12-13 06:05:27.000,eqt_earthquakes_th0_1/20251213T060427Z_20251213T060527Z/VAF_outputs/X_prediction_results.csv
ALAJF,HE,ALAJF,0,0.0,0.0,0.0,,,2025-12-13 06:04:34.080,0.275556,2025-12-13 06:04:28.000,2025-12-13 06:05:28.000,eqt_earthquakes_th0_1/20251213T060428Z_20251213T060528Z/ALAJF_outputs/X_prediction_results.csv
HEF,HE,HEF,0,0.0,0.0,0.0,2025-12-15 17:54:53.310,0.946145,2025-12-15 17:55:03.090,0.519964,2025-12-15 17:54:48.000,2025-12-15 17:55:48.000,eqt_earthquakes_th0_1/20251215T175448Z_20251215T175548Z/HEF_outputs/X_prediction_results.csv
KLF,FN,KLF,0,0.0,0.0,0.0,2025-12-15 17:54:55.000,0.868823,2025-12-15 17:55:06.040,0.552858,2025-12-15 17:54:49.000,2025-12-15 17:55:49.000,eqt_earthquakes_th0_1/20251215T175449Z_20251215T175549Z/KLF_outputs/X_prediction_results.csv
KIF,HE,KIF,0,0.0,0.0,0.0,2025-12-15 17:55:04.150,0.911296,2025-12-15 17:55:22.110,0.576168,2025-12-15 17:54:59.000,2025-12-15 17:55:59.000,eqt_earthquakes_th0_1/20251215T175459Z_20251215T175559Z/KIF_outputs/X_prediction_results.csv
RNF,FN,RNF,0,0.0,0.0,0.0,2025-12-15 17:55:11.790,0.574866,2025-12-15 17:55:36.750,0.471603,2025-12-15 17:55:06.000,2025-12-15 17:56:06.000,eqt_earthquakes_th0_1/20251215T175506Z_20251215T175606Z/RNF_outputs/X_prediction_results.csv
RNF,FN,RNF,0,0.0,0.0,0.0,2025-12-15 17:55:12.780,0.284969,,,2025-12-15 17:55:06.000,2025-12-15 17:56:06.000,eqt_earthquakes_th0_1/20251215T175506Z_20251215T175606Z/RNF_outputs/X_prediction_results.csv
TOF,HE,TOF,0,0.0,0.0,0.0,2025-12-15 17:55:14.070,0.214972,,,2025-12-15 17:55:08.000,2025-12-15 17:56:08.000,eqt_earthquakes_th0_1/20251215T175508Z_20251215T175608Z/TOF_outputs/X_prediction_results.csv
TOF,HE,TOF,0,0.0,0.0,0.0,2025-12-15 17:55:13.080,0.588146,2025-12-15 17:55:38.190,0.327968,2025-12-15 17:55:08.000,2025-12-15 17:56:08.000,eqt_earthquakes_th0_1/20251215T175508Z_20251215T175608Z/TOF_outputs/X_prediction_results.csv
KMNF,FN,KMNF,0,0.0,0.0,0.0,2025-12-15 17:55:15.750,0.420512,2025-12-15 17:55:41.550,0.117236,2025-12-15 17:55:10.000,2025-12-15 17:56:10.000,eqt_earthquakes_th0_1/20251215T175510Z_20251215T175610Z/KMNF_outputs/X_prediction_results.csv
KMNF,FN,KMNF,0,0.0,0.0,0.0,2025-12-15 17:55:16.760,0.342606,,,2025-12-15 17:55:10.000,2025-12-15 17:56:10.000,eqt_earthquakes_th0_1/20251215T175510Z_20251215T175610Z/KMNF_outputs/X_prediction_results.csv
RAJF,FN,RAJF,0,0.0,0.0,0.0,,,2025-12-15 17:55:48.550,0.277013,2025-12-15 17:55:14.000,2025-12-15 17:56:14.000,eqt_earthquakes_th0_1/20251215T175514Z_20251215T175614Z/RAJF_outputs/X_prediction_results.csv
RANF,FN,RANF,0,0.0,0.0,0.0,2025-12-15 17:55:22.760,0.143778,,,2025-12-15 17:55:17.000,2025-12-15 17:56:17.000,eqt_earthquakes_th0_1/20251215T175517Z_20251215T175617Z/RANF_outputs/X_prediction_results.csv
KEV,HE,KEV,0,0.0,0.0,0.0,2025-12-15 17:55:23.470,0.555461,2025-12-15 17:55:52.320,0.333624,2025-12-15 17:55:18.000,2025-12-15 17:56:18.000,eqt_earthquakes_th0_1/20251215T175518Z_20251215T175618Z/KEV_outputs/X_prediction_results.csv
SGF,FN,SGF,0,0.0,0.0,0.0,,,2025-12-15 17:55:29.230,0.248743,2025-12-15 17:55:23.000,2025-12-15 17:56:23.000,eqt_earthquakes_th0_1/20251215T175523Z_20251215T175623Z/SGF_outputs/X_prediction_results.csv
VRF,HE,VRF,0,0.0,0.0,0.0,,,2025-12-15 17:56:02.220,0.146322,2025-12-15 17:55:55.000,2025-12-15 17:56:55.000,eqt_earthquakes_th0_1/20251215T175555Z_20251215T175655Z/VRF_outputs/X_prediction_results.csv
KIF,HE,KIF,0,0.0,0.0,0.0,2025-12-17 08:00:12.010,0.932643,2025-12-17 08:00:32.650,0.502871,2025-12-17 08:00:07.000,2025-12-17 08:01:07.000,eqt_earthquakes_th0_1/20251217T080007Z_20251217T080107Z/KIF_outputs/X_prediction_results.csv
KLF,FN,KLF,0,0.0,0.0,0.0,2025-12-17 08:00:14.650,0.948987,2025-12-17 08:00:37.780,0.339501,2025-12-17 08:00:09.000,2025-12-17 08:01:09.000,eqt_earthquakes_th0_1/20251217T080009Z_20251217T080109Z/KLF_outputs/X_prediction_results.csv
HEF,HE,HEF,0,0.0,0.0,0.0,2025-12-17 08:00:15.410,0.957297,2025-12-17 08:00:39.190,0.637522,2025-12-17 08:00:10.000,2025-12-17 08:01:10.000,eqt_earthquakes_th0_1/20251217T080010Z_20251217T080110Z/HEF_outputs/X_prediction_results.csv
TOF,HE,TOF,0,0.0,0.0,0.0,,,2025-12-17 08:00:54.100,0.560696,2025-12-17 08:00:19.000,2025-12-17 08:01:19.000,eqt_earthquakes_th0_1/20251217T080019Z_20251217T080119Z/TOF_outputs/X_prediction_results.csv
TOF,HE,TOF,0,0.0,0.0,0.0,2025-12-17 08:00:24.070,0.893902,,,2025-12-17 08:00:19.000,2025-12-17 08:01:19.000,eqt_earthquakes_th0_1/20251217T080019Z_20251217T080119Z/TOF_outputs/X_prediction_results.csv
VAF,HE,VAF,0,0.0,0.0,0.0,2025-12-17 19:43:32.030,0.156553,,,2025-12-17 19:43:26.000,2025-12-17 19:44:26.000,eqt_earthquakes_th0_1/20251217T194326Z_20251217T194426Z/VAF_outputs/X_prediction_results.csv
VAF,HE,VAF,0,0.0,0.0,0.0,2025-12-17 19:43:51.340,0.218311,,,2025-12-17 19:43:26.000,2025-12-17 19:44:26.000,eqt_earthquakes_th0_1/20251217T194326Z_20251217T194426Z/VAF_outputs/X_prediction_results.csv
VAF,HE,VAF,0,0.0,0.0,0.0,2025-12-17 19:43:31.010,0.717968,2025-12-17 19:43:51.500,0.18229,2025-12-17 19:43:26.000,2025-12-17 19:44:26.000,eqt_earthquakes_th0_1/20251217T194326Z_20251217T194426Z/VAF_outputs/X_prediction_results.csv
KPF,HE,KPF,0,0.0,0.0,0.0,2025-12-17 19:43:36.464,0.938976,2025-12-17 19:44:01.944,0.373021,2025-12-17 19:43:31.000,2025-12-17 19:44:31.000,eqt_earthquakes_th0_1/20251217T194331Z_20251217T194431Z/KPF_outputs/X_prediction_results.csv
ALAJF,HE,ALAJF,0,0.0,0.0,0.0,,,2025-12-17 19:44:09.322,0.519711,2025-12-17 19:44:04.000,2025-12-17 19:45:04.000,eqt_earthquakes_th0_1/20251217T194404Z_20251217T194504Z/ALAJF_outputs/X_prediction_results.csv
VRF,HE,VRF,0,0.0,0.0,0.0,2025-12-18 00:56:52.100,0.741311,2025-12-18 00:57:06.710,0.339506,2025-12-18 00:56:47.000,2025-12-18 00:57:47.000,eqt_earthquakes_th0_1/20251218T005647Z_20251218T005747Z/VRF_outputs/X_prediction_results.csv
OLKF,FN,OLKF,0,0.0,0.0,0.0,2025-12-18 00:56:52.200,0.94825,2025-12-18 00:57:06.800,0.39235,2025-12-18 00:56:47.000,2025-12-18 00:57:47.000,eqt_earthquakes_th0_1/20251218T005647Z_20251218T005747Z/OLKF_outputs/X_prediction_results.csv
KU6,HE,KU6,0,0.0,0.0,0.0,2025-12-18 00:56:53.480,0.816997,2025-12-18 00:57:09.070,0.421519,2025-12-18 00:56:48.000,2025-12-18 00:57:48.000,eqt_earthquakes_th0_1/20251218T005648Z_20251218T005748Z/KU6_outputs/X_prediction_results.csv
MSF,FN,MSF,0,0.0,0.0,0.0,2025-12-18 00:56:59.160,0.854554,2025-12-18 00:57:19.000,0.164757,2025-12-18 00:56:54.000,2025-12-18 00:57:54.000,eqt_earthquakes_th0_1/20251218T005654Z_20251218T005754Z/MSF_outputs/X_prediction_results.csv
RAJF,FN,RAJF,0,0.0,0.0,0.0,2025-12-18 00:57:07.450,0.31918,,,2025-12-18 00:57:01.000,2025-12-18 00:58:01.000,eqt_earthquakes_th0_1/20251218T005701Z_20251218T005801Z/RAJF_outputs/X_prediction_results.csv
SGF,FN,SGF,0,0.0,0.0,0.0,2025-12-18 00:57:08.500,0.430235,2025-12-18 00:57:34.470,0.163903,2025-12-18 00:57:03.000,2025-12-18 00:58:03.000,eqt_earthquakes_th0_1/20251218T005703Z_20251218T005803Z/SGF_outputs/X_prediction_results.csv
SGF,FN,SGF,0,0.0,0.0,0.0,2025-12-18 00:57:09.500,0.146177,,,2025-12-18 00:57:03.000,2025-12-18 00:58:03.000,eqt_earthquakes_th0_1/20251218T005703Z_20251218T005803Z/SGF_outputs/X_prediction_results.csv
RANF,FN,RANF,0,0.0,0.0,0.0,2025-12-18 00:57:10.350,0.26328,2025-12-18 00:57:38.600,0.224847,2025-12-18 00:57:05.000,2025-12-18 00:58:05.000,eqt_earthquakes_th0_1/20251218T005705Z_20251218T005805Z/RANF_outputs/X_prediction_results.csv
RNF,FN,RNF,0,0.0,0.0,0.0,2025-12-18 00:57:10.050,0.12633,,,2025-12-18 00:57:05.000,2025-12-18 00:58:05.000,eqt_earthquakes_th0_1/20251218T005705Z_20251218T005805Z/RNF_outputs/X_prediction_results.csv
RNF,FN,RNF,0,0.0,0.0,0.0,2025-12-18 00:57:11.030,0.188329,,,2025-12-18 00:57:05.000,2025-12-18 00:58:05.000,eqt_earthquakes_th0_1/20251218T005705Z_20251218T005805Z/RNF_outputs/X_prediction_results.csv
RNF,FN,RNF,0,0.0,0.0,0.0,2025-12-18 00:57:38.960,0.219147,,,2025-12-18 00:57:05.000,2025-12-18 00:58:05.000,eqt_earthquakes_th0_1/20251218T005705Z_20251218T005805Z/RNF_outputs/X_prediction_results.csv
KMNF,FN,KMNF,0,0.0,0.0,0.0,2025-12-18 00:57:20.550,0.192109,,,2025-12-18 00:57:14.000,2025-12-18 00:58:14.000,eqt_earthquakes_th0_1/20251218T005714Z_20251218T005814Z/KMNF_outputs/X_prediction_results.csv
KMNF,FN,KMNF,0,0.0,0.0,0.0,2025-12-18 00:57:19.550,0.177381,2025-12-18 00:57:49.540,0.390966,2025-12-18 00:57:14.000,2025-12-18 00:58:14.000,eqt_earthquakes_th0_1/20251218T005714Z_20251218T005814Z/KMNF_outputs/X_prediction_results.csv
HEF,HE,HEF,0,0.0,0.0,0.0,2025-12-18 15:52:39.200,0.90631,2025-12-18 15:52:50.340,0.609203,2025-12-18 15:52:34.000,2025-12-18 15:53:34.000,eqt_earthquakes_th0_1/20251218T155234Z_20251218T155334Z/HEF_outputs/X_prediction_results.csv
KIF,HE,KIF,0,0.0,0.0,0.0,,,2025-12-18 15:52:54.910,0.598808,2025-12-18 15:52:35.000,2025-12-18 15:53:35.000,eqt_earthquakes_th0_1/20251218T155235Z_20251218T155335Z/KIF_outputs/X_prediction_results.csv
KMNF,FN,KMNF,0,0.0,0.0,0.0,2025-12-18 15:52:44.250,0.8143,2025-12-18 15:52:59.390,0.199493,2025-12-18 15:52:39.000,2025-12-18 15:53:39.000,eqt_earthquakes_th0_1/20251218T155239Z_20251218T155339Z/KMNF_outputs/X_prediction_results.csv
KEV,HE,KEV,0,0.0,0.0,0.0,2025-12-18 15:52:45.150,0.930226,2025-12-18 15:53:01.140,0.251911,2025-12-18 15:52:40.000,2025-12-18 15:53:40.000,eqt_earthquakes_th0_1/20251218T155240Z_20251218T155340Z/KEV_outputs/X_prediction_results.csv
KLF,FN,KLF,0,0.0,0.0,0.0,2025-12-19 08:37:18.450,0.951498,2025-12-19 08:37:23.350,0.634662,2025-12-19 08:37:13.000,2025-12-19 08:38:13.000,eqt_earthquakes_th0_1/20251219T083713Z_20251219T083813Z/KLF_outputs/X_prediction_results.csv
RNF,FN,RNF,0,0.0,0.0,0.0,2025-12-19 08:37:25.200,0.926004,2025-12-19 08:37:35.070,0.579465,2025-12-19 08:37:20.000,2025-12-19 08:38:20.000,eqt_earthquakes_th0_1/20251219T083720Z_20251219T083820Z/RNF_outputs/X_prediction_results.csv
SGF,FN,SGF,0,0.0,0.0,0.0,2025-12-19 08:37:26.870,0.941195,2025-12-19 08:37:37.720,0.453289,2025-12-19 08:37:21.000,2025-12-19 08:38:21.000,eqt_earthquakes_th0_1/20251219T083721Z_20251219T083821Z/SGF_outputs/X_prediction_results.csv
TOF,HE,TOF,0,0.0,0.0,0.0,2025-12-19 08:37:30.100,0.596387,2025-12-19 08:37:43.420,0.501211,2025-12-19 08:37:25.000,2025-12-19 08:38:25.000,eqt_earthquakes_th0_1/20251219T083725Z_20251219T083825Z/TOF_outputs/X_prediction_results.csv
HEF,HE,HEF,0,0.0,0.0,0.0,2025-12-19 08:37:35.800,0.909781,2025-12-19 08:37:53.550,0.612074,2025-12-19 08:37:30.000,2025-12-19 08:38:30.000,eqt_earthquakes_th0_1/20251219T083730Z_20251219T083830Z/HEF_outputs/X_prediction_results.csv
RANF,FN,RANF,0,0.0,0.0,0.0,2025-12-19 08:37:36.010,0.950602,2025-12-19 08:37:53.850,0.673887,2025-12-19 08:37:31.000,2025-12-19 08:38:31.000,eqt_earthquakes_th0_1/20251219T083731Z_20251219T083831Z/RANF_outputs/X_prediction_results.csv
OLKF,FN,OLKF,0,0.0,0.0,0.0,2025-12-19 08:37:45.210,0.825608,2025-12-19 08:38:13.530,0.374269,2025-12-19 08:37:40.000,2025-12-19 08:38:40.000,eqt_earthquakes_th0_1/20251219T083740Z_20251219T083840Z/OLKF_outputs/X_prediction_results.csv
KU6,HE,KU6,0,0.0,0.0,0.0,2025-12-19 08:37:49.640,0.900595,2025-12-19 08:38:17.380,0.387431,2025-12-19 08:37:44.000,2025-12-19 08:38:44.000,eqt_earthquakes_th0_1/20251219T083744Z_20251219T083844Z/KU6_outputs/X_prediction_results.csv
KMNF,FN,KMNF,0,0.0,0.0,0.0,,,2025-12-19 08:38:18.550,0.466313,2025-12-19 08:38:13.000,2025-12-19 08:39:13.000,eqt_earthquakes_th0_1/20251219T083813Z_20251219T083913Z/KMNF_outputs/X_prediction_results.csv
KIF,HE,KIF,0,0.0,0.0,0.0,,,2025-12-19 08:38:20.320,0.577808,2025-12-19 08:38:13.000,2025-12-19 08:39:13.000,eqt_earthquakes_th0_1/20251219T083813Z_20251219T083913Z/KIF_outputs/X_prediction_results.csv
TOF,HE,TOF,0,0.0,0.0,0.0,2025-12-19 21:33:12.020,0.577291,2025-12-19 21:33:22.770,0.583517,2025-12-19 21:33:07.000,2025-12-19 21:34:07.000,eqt_earthquakes_th0_1/20251219T213307Z_20251219T213407Z/TOF_outputs/X_prediction_results.csv
OBF3,HE,OBF3,0,0.0,0.0,0.0,2025-12-19 21:33:19.626,0.884179,2025-12-19 21:33:36.636,0.457139,2025-12-19 21:33:14.000,2025-12-19 21:34:14.000,eqt_earthquakes_th0_1/20251219T213314Z_20251219T213414Z/OBF3_outputs/X_prediction_results.csv
RNF,FN,RNF,0,0.0,0.0,0.0,2025-12-19 21:33:27.420,0.154068,2025-12-19 21:33:49.580,0.175302,2025-12-19 21:33:21.000,2025-12-19 21:34:21.000,eqt_earthquakes_th0_1/20251219T213321Z_20251219T213421Z/RNF_outputs/X_prediction_results.csv
RNF,FN,RNF,0,0.0,0.0,0.0,2025-12-19 21:33:28.420,0.166033,,,2025-12-19 21:33:21.000,2025-12-19 21:34:21.000,eqt_earthquakes_th0_1/20251219T213321Z_20251219T213421Z/RNF_outputs/X_prediction_results.csv
RANF,FN,RANF,0,0.0,0.0,0.0,2025-12-19 21:33:27.810,0.49845,2025-12-19 21:33:51.910,0.411596,2025-12-19 21:33:22.000,2025-12-19 21:34:22.000,eqt_earthquakes_th0_1/20251219T213322Z_20251219T213422Z/RANF_outputs/X_prediction_results.csv
RANF,FN,RANF,0,0.0,0.0,0.0,2025-12-19 21:33:28.800,0.272362,,,2025-12-19 21:33:22.000,2025-12-19 21:34:22.000,eqt_earthquakes_th0_1/20251219T213322Z_20251219T213422Z/RANF_outputs/X_prediction_results.csv
OUL,FN,OUL,0,0.0,0.0,0.0,,,2025-12-19 21:33:46.550,0.220853,2025-12-19 21:33:38.000,2025-12-19 21:34:38.000,eqt_earthquakes_th0_1/20251219T213338Z_20251219T213438Z/OUL_outputs/X_prediction_results.csv
OUF,HE,OUF,0,0.0,0.0,0.0,,,2025-12-19 21:33:49.200,0.165702,2025-12-19 21:33:41.000,2025-12-19 21:34:41.000,eqt_earthquakes_th0_1/20251219T213341Z_20251219T213441Z/OUF_outputs/X_prediction_results.csv
KLF,FN,KLF,0,0.0,0.0,0.0,,,2025-12-19 21:33:49.630,0.223992,2025-12-19 21:33:41.000,2025-12-19 21:34:41.000,eqt_earthquakes_th0_1/20251219T213341Z_20251219T213441Z/KLF_outputs/X_prediction_results.csv
SGF,FN,SGF,0,0.0,0.0,0.0,,,2025-12-19 21:34:09.490,0.248008,2025-12-19 21:34:02.000,2025-12-19 21:35:02.000,eqt_earthquakes_th0_1/20251219T213402Z_20251219T213502Z/SGF_outputs/X_prediction_results.csv
VAF,HE,VAF,0,0.0,0.0,0.0,2025-12-20 02:35:28.910,0.559788,2025-12-20 02:35:50.040,0.394255,2025-12-20 02:35:23.000,2025-12-20 02:36:23.000,eqt_earthquakes_th0_1/20251220T023523Z_20251220T023623Z/VAF_outputs/X_prediction_results.csv
ALAJF,HE,ALAJF,0,0.0,0.0,0.0,,,2025-12-20 02:35:57.250,0.391706,2025-12-20 02:35:50.000,2025-12-20 02:36:50.000,eqt_earthquakes_th0_1/20251220T023550Z_20251220T023650Z/ALAJF_outputs/X_prediction_results.csv
TOF,HE,TOF,0,0.0,0.0,0.0,,,2025-12-20 02:36:03.810,0.239228,2025-12-20 02:35:58.000,2025-12-20 02:36:58.000,eqt_earthquakes_th0_1/20251220T023558Z_20251220T023658Z/TOF_outputs/X_prediction_results.csv
VJF,HE,VJF,0,0.0,0.0,0.0,2025-12-20 22:09:01.750,0.435583,2025-12-20 22:09:05.400,0.36141,2025-12-20 22:08:56.000,2025-12-20 22:09:56.000,eqt_earthquakes_th0_1/20251220T220856Z_20251220T220956Z/VJF_outputs/X_prediction_results.csv
NUR,HE,NUR,0,0.0,0.0,0.0,2025-12-21 06:18:53.846,0.947664,2025-12-21 06:19:03.796,0.416824,2025-12-21 06:18:48.000,2025-12-21 06:19:48.000,eqt_earthquakes_th0_1/20251221T061848Z_20251221T061948Z/NUR_outputs/X_prediction_results.csv
FIA0,HE,FIA0,0,0.0,0.0,0.0,2025-12-21 06:18:53.020,0.943667,2025-12-21 06:19:02.420,0.659738,2025-12-21 06:18:48.000,2025-12-21 06:19:48.000,eqt_earthquakes_th0_1/20251221T061848Z_20251221T061948Z/FIA0_outputs/X_prediction_results.csv
FIA1,HE,FIA1,0,0.0,0.0,0.0,2025-12-21 06:18:53.010,0.941919,2025-12-21 06:19:02.390,0.528302,2025-12-21 06:18:48.000,2025-12-21 06:19:48.000,eqt_earthquakes_th0_1/20251221T061848Z_20251221T061948Z/FIA1_outputs/X_prediction_results.csv
VJF,HE,VJF,0,0.0,0.0,0.0,2025-12-21 06:18:53.210,0.951679,2025-12-21 06:19:03.140,0.608555,2025-12-21 06:18:48.000,2025-12-21 06:19:48.000,eqt_earthquakes_th0_1/20251221T061848Z_20251221T061948Z/VJF_outputs/X_prediction_results.csv
KAF,HE,KAF,0,0.0,0.0,0.0,2025-12-21 06:19:04.980,0.223529,2025-12-21 06:19:23.490,0.597132,2025-12-21 06:18:59.000,2025-12-21 06:19:59.000,eqt_earthquakes_th0_1/20251221T061859Z_20251221T061959Z/KAF_outputs/X_prediction_results.csv
KPF,HE,KPF,0,0.0,0.0,0.0,2025-12-21 06:19:20.732,0.236925,2025-12-21 06:19:49.102,0.403361,2025-12-21 06:19:15.000,2025-12-21 06:20:15.000,eqt_earthquakes_th0_1/20251221T061915Z_20251221T062015Z/KPF_outputs/X_prediction_results.csv
SUF,HE,SUF,0,0.0,0.0,0.0,,,2025-12-21 06:19:41.984,0.138067,2025-12-21 06:19:35.000,2025-12-21 06:20:35.000,eqt_earthquakes_th0_1/20251221T061935Z_20251221T062035Z/SUF_outputs/X_prediction_results.csv
RAF,HE,RAF,0,0.0,0.0,0.0,2025-12-21 06:19:46.470,0.10472,,,2025-12-21 06:19:41.000,2025-12-21 06:20:41.000,eqt_earthquakes_th0_1/20251221T061941Z_20251221T062041Z/RAF_outputs/X_prediction_results.csv
KIF,HE,KIF,0,0.0,0.0,0.0,2025-12-22 12:52:05.520,0.947861,2025-12-22 12:52:14.090,0.587279,2025-12-22 12:52:00.000,2025-12-22 12:53:00.000,eqt_earthquakes_th0_1/20251222T125200Z_20251222T125300Z/KIF_outputs/X_prediction_results.csv
HEF,HE,HEF,0,0.0,0.0,0.0,2025-12-22 12:52:12.090,0.896339,2025-12-22 12:52:25.190,0.725949,2025-12-22 12:52:07.000,2025-12-22 12:53:07.000,eqt_earthquakes_th0_1/20251222T125207Z_20251222T125307Z/HEF_outputs/X_prediction_results.csv
KLF,FN,KLF,0,0.0,0.0,0.0,2025-12-22 12:52:22.700,0.920589,2025-12-22 12:52:44.210,0.567472,2025-12-22 12:52:17.000,2025-12-22 12:53:17.000,eqt_earthquakes_th0_1/20251222T125217Z_20251222T125317Z/KLF_outputs/X_prediction_results.csv
TVF,HE,TVF,0,0.0,0.0,0.0,2025-12-22 22:16:34.104,0.937954,2025-12-22 22:16:37.894,0.674201,2025-12-22 22:16:29.000,2025-12-22 22:17:29.000,eqt_earthquakes_th0_1/20251222T221629Z_20251222T221729Z/TVF_outputs/X_prediction_results.csv
MEF,HE,MEF,0,0.0,0.0,0.0,2025-12-22 22:16:36.990,0.942138,2025-12-22 22:16:42.320,0.757437,2025-12-22 22:16:31.000,2025-12-22 22:17:31.000,eqt_earthquakes_th0_1/20251222T221631Z_20251222T221731Z/MEF_outputs/X_prediction_results.csv
NUR,HE,NUR,0,0.0,0.0,0.0,2025-12-22 22:16:42.538,0.255748,2025-12-22 22:16:51.848,0.585005,2025-12-22 22:16:37.000,2025-12-22 22:17:37.000,eqt_earthquakes_th0_1/20251222T221637Z_20251222T221737Z/NUR_outputs/X_prediction_results.csv
RAF,HE,RAF,0,0.0,0.0,0.0,2025-12-22 22:16:57.360,0.112587,2025-12-22 22:17:15.000,0.286541,2025-12-22 22:16:51.000,2025-12-22 22:17:51.000,eqt_earthquakes_th0_1/20251222T221651Z_20251222T221751Z/RAF_outputs/X_prediction_results.csv
RAF,HE,RAF,0,0.0,0.0,0.0,2025-12-22 22:16:58.330,0.707309,2025-12-22 22:17:21.350,0.411599,2025-12-22 22:16:51.000,2025-12-22 22:17:51.000,eqt_earthquakes_th0_1/20251222T221651Z_20251222T221751Z/RAF_outputs/X_prediction_results.csv
RAF,HE,RAF,0,0.0,0.0,0.0,2025-12-22 22:17:14.950,0.431304,,,2025-12-22 22:16:51.000,2025-12-22 22:17:51.000,eqt_earthquakes_th0_1/20251222T221651Z_20251222T221751Z/RAF_outputs/X_prediction_results.csv
KPF,HE,KPF,0,0.0,0.0,0.0,2025-12-22 22:17:07.038,0.820866,2025-12-22 22:17:35.428,0.412349,2025-12-22 22:17:02.000,2025-12-22 22:18:02.000,eqt_earthquakes_th0_1/20251222T221702Z_20251222T221802Z/KPF_outputs/X_prediction_results.csv
HEL5,HE,HEL5,0,0.0,0.0,0.0,2025-12-23 08:56:18.610,0.952188,2025-12-23 08:56:20.690,0.863843,2025-12-23 08:56:13.000,2025-12-23 08:57:13.000,eqt_earthquakes_th0_1/20251223T085613Z_20251223T085713Z/HEL5_outputs/X_prediction_results.csv
LAUT,HE,LAUT,0,0.0,0.0,0.0,2025-12-23 08:56:19.570,0.924329,2025-12-23 08:56:22.280,0.804193,2025-12-23 08:56:14.000,2025-12-23 08:57:14.000,eqt_earthquakes_th0_1/20251223T085614Z_20251223T085714Z/LAUT_outputs/X_prediction_results.csv
HEL1,HE,HEL1,0,0.0,0.0,0.0,2025-12-23 08:56:20.114,0.11182,2025-12-23 08:56:23.134,0.783208,2025-12-23 08:56:15.000,2025-12-23 08:57:15.000,eqt_earthquakes_th0_1/20251223T085615Z_20251223T085715Z/HEL1_outputs/X_prediction_results.csv
MEF,HE,MEF,0,0.0,0.0,0.0,2025-12-23 08:56:21.020,0.946857,2025-12-23 08:56:24.810,0.808838,2025-12-23 08:56:16.000,2025-12-23 08:57:16.000,eqt_earthquakes_th0_1/20251223T085616Z_20251223T085716Z/MEF_outputs/X_prediction_results.csv
RSUO,HE,RSUO,0,0.0,0.0,0.0,,,2025-12-23 08:56:24.276,0.614345,2025-12-23 08:56:19.000,2025-12-23 08:57:19.000,eqt_earthquakes_th0_1/20251223T085619Z_20251223T085719Z/RSUO_outputs/X_prediction_results.csv
NUR,HE,NUR,0,0.0,0.0,0.0,2025-12-23 08:56:25.632,0.789115,2025-12-23 08:56:32.672,0.759277,2025-12-23 08:56:20.000,2025-12-23 08:57:20.000,eqt_earthquakes_th0_1/20251223T085620Z_20251223T085720Z/NUR_outputs/X_prediction_results.csv
VUOS,HE,VUOS,0,0.0,0.0,0.0,,,2025-12-23 08:56:25.938,0.625697,2025-12-23 08:56:20.000,2025-12-23 08:57:20.000,eqt_earthquakes_th0_1/20251223T085620Z_20251223T085720Z/VUOS_outputs/X_prediction_results.csv
KUNI,HE,KUNI,0,0.0,0.0,0.0,,,2025-12-23 08:56:26.016,0.525899,2025-12-23 08:56:21.000,2025-12-23 08:57:21.000,eqt_earthquakes_th0_1/20251223T085621Z_20251223T085721Z/KUNI_outputs/X_prediction_results.csv
RAF,HE,RAF,0,0.0,0.0,0.0,2025-12-23 08:57:11.070,0.724194,,,2025-12-23 08:56:43.000,2025-12-23 08:57:43.000,eqt_earthquakes_th0_1/20251223T085643Z_20251223T085743Z/RAF_outputs/X_prediction_results.csv
RAF,HE,RAF,0,0.0,0.0,0.0,2025-12-23 08:56:49.400,0.105844,2025-12-23 08:57:14.530,0.184803,2025-12-23 08:56:43.000,2025-12-23 08:57:43.000,eqt_earthquakes_th0_1/20251223T085643Z_20251223T085743Z/RAF_outputs/X_prediction_results.csv
KEF,HE,KEF,0,0.0,0.0,0.0,,,2025-12-23 08:57:24.050,0.459472,2025-12-23 08:56:50.000,2025-12-23 08:57:50.000,eqt_earthquakes_th0_1/20251223T085650Z_20251223T085750Z/KEF_outputs/X_prediction_results.csv
KPF,HE,KPF,0,0.0,0.0,0.0,,,2025-12-23 08:57:25.462,0.227995,2025-12-23 08:57:20.000,2025-12-23 08:58:20.000,eqt_earthquakes_th0_1/20251223T085720Z_20251223T085820Z/KPF_outputs/X_prediction_results.csv
VAF,HE,VAF,0,0.0,0.0,0.0,,,2025-12-23 22:38:12.220,0.362178,2025-12-23 22:38:06.000,2025-12-23 22:39:06.000,eqt_earthquakes_th0_1/20251223T223806Z_20251223T223906Z/VAF_outputs/X_prediction_results.csv
TOF,HE,TOF,0,0.0,0.0,0.0,,,2025-12-23 22:38:15.940,0.239343,2025-12-23 22:38:08.000,2025-12-23 22:39:08.000,eqt_earthquakes_th0_1/20251223T223808Z_20251223T223908Z/TOF_outputs/X_prediction_results.csv
VAF,HE,VAF,0,0.0,0.0,0.0,2025-12-25 16:37:56.250,0.430574,2025-12-25 16:38:08.540,0.231151,2025-12-25 16:37:51.000,2025-12-25 16:38:51.000,eqt_earthquakes_th0_1/20251225T163751Z_20251225T163851Z/VAF_outputs/X_prediction_results.csv
ALAJF,HE,ALAJF,0,0.0,0.0,0.0,,,2025-12-25 16:38:23.596,0.172421,2025-12-25 16:38:18.000,2025-12-25 16:39:18.000,eqt_earthquakes_th0_1/20251225T163818Z_20251225T163918Z/ALAJF_outputs/X_prediction_results.csv
VJF,HE,VJF,0,0.0,0.0,0.0,2025-12-26 11:12:58.140,0.949778,2025-12-26 11:13:04.870,0.542533,2025-12-26 11:12:53.000,2025-12-26 11:13:53.000,eqt_earthquakes_th0_1/20251226T111253Z_20251226T111353Z/VJF_outputs/X_prediction_results.csv
RUF,HE,RUF,0,0.0,0.0,0.0,2025-12-26 11:13:02.452,0.951297,2025-12-26 11:13:11.732,0.318397,2025-12-26 11:12:57.000,2025-12-26 11:13:57.000,eqt_earthquakes_th0_1/20251226T111257Z_20251226T111357Z/RUF_outputs/X_prediction_results.csv
FIA0,HE,FIA0,0,0.0,0.0,0.0,2025-12-26 11:13:12.610,0.928025,2025-12-26 11:13:30.410,0.473307,2025-12-26 11:13:07.000,2025-12-26 11:14:07.000,eqt_earthquakes_th0_1/20251226T111307Z_20251226T111407Z/FIA0_outputs/X_prediction_results.csv
FIA1,HE,FIA1,0,0.0,0.0,0.0,2025-12-26 11:13:12.550,0.937033,2025-12-26 11:13:30.200,0.120325,2025-12-26 11:13:07.000,2025-12-26 11:14:07.000,eqt_earthquakes_th0_1/20251226T111307Z_20251226T111407Z/FIA1_outputs/X_prediction_results.csv
FIA1,HE,FIA1,0,0.0,0.0,0.0,,,2025-12-26 11:13:33.070,0.200716,2025-12-26 11:13:07.000,2025-12-26 11:14:07.000,eqt_earthquakes_th0_1/20251226T111307Z_20251226T111407Z/FIA1_outputs/X_prediction_results.csv
KEF,HE,KEF,0,0.0,0.0,0.0,,,2025-12-26 11:13:57.850,0.396062,2025-12-26 11:13:48.000,2025-12-26 11:14:48.000,eqt_earthquakes_th0_1/20251226T111348Z_20251226T111448Z/KEF_outputs/X_prediction_results.csv
SUF,HE,SUF,0,0.0,0.0,0.0,,,2025-12-26 11:13:57.726,0.594432,2025-12-26 11:13:49.000,2025-12-26 11:14:49.000,eqt_earthquakes_th0_1/20251226T111349Z_20251226T111449Z/SUF_outputs/X_prediction_results.csv
RNF,FN,RNF,0,0.0,0.0,0.0,2025-12-27 01:38:35.500,0.953765,2025-12-27 01:38:39.700,0.815114,2025-12-27 01:38:30.000,2025-12-27 01:39:30.000,eqt_earthquakes_th0_1/20251227T013830Z_20251227T013930Z/RNF_outputs/X_prediction_results.csv
SGF,FN,SGF,0,0.0,0.0,0.0,2025-12-27 01:38:41.500,0.894385,2025-12-27 01:38:49.780,0.570007,2025-12-27 01:38:36.000,2025-12-27 01:39:36.000,eqt_earthquakes_th0_1/20251227T013836Z_20251227T013936Z/SGF_outputs/X_prediction_results.csv
SGF,FN,SGF,0,0.0,0.0,0.0,,,2025-12-27 01:39:11.350,0.111773,2025-12-27 01:38:36.000,2025-12-27 01:39:36.000,eqt_earthquakes_th0_1/20251227T013836Z_20251227T013936Z/SGF_outputs/X_prediction_results.csv
KLF,FN,KLF,0,0.0,0.0,0.0,2025-12-27 01:38:43.450,0.945307,2025-12-27 01:38:53.450,0.574689,2025-12-27 01:38:38.000,2025-12-27 01:39:38.000,eqt_earthquakes_th0_1/20251227T013838Z_20251227T013938Z/KLF_outputs/X_prediction_results.csv
RANF,FN,RANF,0,0.0,0.0,0.0,2025-12-27 01:38:47.460,0.851295,2025-12-27 01:39:00.070,0.582458,2025-12-27 01:38:42.000,2025-12-27 01:39:42.000,eqt_earthquakes_th0_1/20251227T013842Z_20251227T013942Z/RANF_outputs/X_prediction_results.csv
TOF,HE,TOF,0,0.0,0.0,0.0,2025-12-27 01:38:47.510,0.23607,2025-12-27 01:38:59.700,0.43026,2025-12-27 01:38:42.000,2025-12-27 01:39:42.000,eqt_earthquakes_th0_1/20251227T013842Z_20251227T013942Z/TOF_outputs/X_prediction_results.csv
TOF,HE,TOF,0,0.0,0.0,0.0,2025-12-27 01:38:48.520,0.103181,,,2025-12-27 01:38:42.000,2025-12-27 01:39:42.000,eqt_earthquakes_th0_1/20251227T013842Z_20251227T013942Z/TOF_outputs/X_prediction_results.csv
TOF,HE,TOF,0,0.0,0.0,0.0,2025-12-27 01:38:49.500,0.10963,,,2025-12-27 01:38:42.000,2025-12-27 01:39:42.000,eqt_earthquakes_th0_1/20251227T013842Z_20251227T013942Z/TOF_outputs/X_prediction_results.csv
OLKF,FN,OLKF,0,0.0,0.0,0.0,2025-12-27 01:38:57.750,0.230244,2025-12-27 01:39:18.510,0.397822,2025-12-27 01:38:52.000,2025-12-27 01:39:52.000,eqt_earthquakes_th0_1/20251227T013852Z_20251227T013952Z/OLKF_outputs/X_prediction_results.csv
OLKF,FN,OLKF,0,0.0,0.0,0.0,2025-12-27 01:38:58.750,0.233575,,,2025-12-27 01:38:52.000,2025-12-27 01:39:52.000,eqt_earthquakes_th0_1/20251227T013852Z_20251227T013952Z/OLKF_outputs/X_prediction_results.csv
OUL,FN,OUL,0,0.0,0.0,0.0,2025-12-28 22:31:49.510,0.949864,2025-12-28 22:31:57.960,0.808356,2025-12-28 22:31:44.000,2025-12-28 22:32:44.000,eqt_earthquakes_th0_1/20251228T223144Z_20251228T223244Z/OUL_outputs/X_prediction_results.csv
RANF,FN,RANF,0,0.0,0.0,0.0,2025-12-28 22:31:55.600,0.9394,2025-12-28 22:32:08.700,0.748521,2025-12-28 22:31:50.000,2025-12-28 22:32:50.000,eqt_earthquakes_th0_1/20251228T223150Z_20251228T223250Z/RANF_outputs/X_prediction_results.csv
OBF3,HE,OBF3,0,0.0,0.0,0.0,2025-12-28 22:31:58.000,0.937,2025-12-28 22:32:12.780,0.626557,2025-12-28 22:31:52.000,2025-12-28 22:32:52.000,eqt_earthquakes_th0_1/20251228T223152Z_20251228T223252Z/OBF3_outputs/X_prediction_results.csv
MSF,FN,MSF,0,0.0,0.0,0.0,2025-12-28 22:31:57.450,0.939224,2025-12-28 22:32:11.470,0.722233,2025-12-28 22:31:52.000,2025-12-28 22:32:52.000,eqt_earthquakes_th0_1/20251228T223152Z_20251228T223252Z/MSF_outputs/X_prediction_results.csv
OUF,HE,OUF,0,0.0,0.0,0.0,2025-12-28 22:32:00.570,0.947153,2025-12-28 22:32:17.790,0.412181,2025-12-28 22:31:55.000,2025-12-28 22:32:55.000,eqt_earthquakes_th0_1/20251228T223155Z_20251228T223255Z/OUF_outputs/X_prediction_results.csv
RMF,HE,RMF,0,0.0,0.0,0.0,2025-12-28 22:32:01.754,0.94314,2025-12-28 22:32:18.894,0.488347,2025-12-28 22:31:56.000,2025-12-28 22:32:56.000,eqt_earthquakes_th0_1/20251228T223156Z_20251228T223256Z/RMF_outputs/X_prediction_results.csv
KU6,HE,KU6,0,0.0,0.0,0.0,2025-12-28 22:32:02.650,0.912031,2025-12-28 22:32:20.700,0.575776,2025-12-28 22:31:57.000,2025-12-28 22:32:57.000,eqt_earthquakes_th0_1/20251228T223157Z_20251228T223257Z/KU6_outputs/X_prediction_results.csv
OLKF,FN,OLKF,0,0.0,0.0,0.0,2025-12-28 22:32:04.410,0.805015,2025-12-28 22:32:23.230,0.651014,2025-12-28 22:31:59.000,2025-12-28 22:32:59.000,eqt_earthquakes_th0_1/20251228T223159Z_20251228T223259Z/OLKF_outputs/X_prediction_results.csv
TOF,HE,TOF,0,0.0,0.0,0.0,2025-12-28 22:32:05.770,0.167323,2025-12-28 22:32:26.410,0.293747,2025-12-28 22:32:00.000,2025-12-28 22:33:00.000,eqt_earthquakes_th0_1/20251228T223200Z_20251228T223300Z/TOF_outputs/X_prediction_results.csv
NIF,HE,NIF,0,0.0,0.0,0.0,2025-12-28 22:32:06.408,0.892906,2025-12-28 22:32:26.948,0.304349,2025-12-28 22:32:01.000,2025-12-28 22:33:01.000,eqt_earthquakes_th0_1/20251228T223201Z_20251228T223301Z/NIF_outputs/X_prediction_results.csv
RNF,FN,RNF,0,0.0,0.0,0.0,2025-12-28 22:32:06.430,0.922907,2025-12-28 22:32:27.260,0.39641,2025-12-28 22:32:01.000,2025-12-28 22:33:01.000,eqt_earthquakes_th0_1/20251228T223201Z_20251228T223301Z/RNF_outputs/X_prediction_results.csv
KEF,HE,KEF,0,0.0,0.0,0.0,2025-12-30 11:43:29.430,0.945113,2025-12-30 11:43:38.100,0.508052,2025-12-30 11:43:24.000,2025-12-30 11:44:24.000,eqt_earthquakes_th0_1/20251230T114324Z_20251230T114424Z/KEF_outputs/X_prediction_results.csv
FIA0,HE,FIA0,0,0.0,0.0,0.0,2025-12-30 11:43:33.310,0.938248,2025-12-30 11:43:45.740,0.431386,2025-12-30 11:43:28.000,2025-12-30 11:44:28.000,eqt_earthquakes_th0_1/20251230T114328Z_20251230T114428Z/FIA0_outputs/X_prediction_results.csv
FIA1,HE,FIA1,0,0.0,0.0,0.0,2025-12-30 11:43:33.340,0.950584,2025-12-30 11:43:45.680,0.405851,2025-12-30 11:43:28.000,2025-12-30 11:44:28.000,eqt_earthquakes_th0_1/20251230T114328Z_20251230T114428Z/FIA1_outputs/X_prediction_results.csv
KPF,HE,KPF,0,0.0,0.0,0.0,2025-12-30 11:43:36.570,0.125941,2025-12-30 11:43:52.190,0.286788,2025-12-30 11:43:31.000,2025-12-30 11:44:31.000,eqt_earthquakes_th0_1/20251230T114331Z_20251230T114431Z/KPF_outputs/X_prediction_results.csv
KAF,HE,KAF,0,0.0,0.0,0.0,2025-12-30 11:43:37.480,0.931853,2025-12-30 11:43:52.730,0.187943,2025-12-30 11:43:32.000,2025-12-30 11:44:32.000,eqt_earthquakes_th0_1/20251230T114332Z_20251230T114432Z/KAF_outputs/X_prediction_results.csv
MEF,HE,MEF,0,0.0,0.0,0.0,2025-12-30 11:43:41.830,0.784394,2025-12-30 11:43:59.460,0.537602,2025-12-30 11:43:36.000,2025-12-30 11:44:36.000,eqt_earthquakes_th0_1/20251230T114336Z_20251230T114436Z/MEF_outputs/X_prediction_results.csv
ALAJF,HE,ALAJF,0,0.0,0.0,0.0,2025-12-30 11:43:46.276,0.16133,2025-12-30 11:44:06.936,0.212526,2025-12-30 11:43:41.000,2025-12-30 11:44:41.000,eqt_earthquakes_th0_1/20251230T114341Z_20251230T114441Z/ALAJF_outputs/X_prediction_results.csv
VAF,HE,VAF,0,0.0,0.0,0.0,2025-12-30 11:43:47.440,0.213211,2025-12-30 11:44:08.760,0.5327,2025-12-30 11:43:42.000,2025-12-30 11:44:42.000,eqt_earthquakes_th0_1/20251230T114342Z_20251230T114442Z/VAF_outputs/X_prediction_results.csv
VUOS,HE,VUOS,0,0.0,0.0,0.0,2025-12-30 11:44:02.042,0.135809,,,2025-12-30 11:43:56.000,2025-12-30 11:44:56.000,eqt_earthquakes_th0_1/20251230T114356Z_20251230T114456Z/VUOS_outputs/X_prediction_results.csv
HEL5,HE,HEL5,0,0.0,0.0,0.0,,,2025-12-30 11:44:03.150,0.439586,2025-12-30 11:43:57.000,2025-12-30 11:44:57.000,eqt_earthquakes_th0_1/20251230T114357Z_20251230T114457Z/HEL5_outputs/X_prediction_results.csv
